date,master_category,target_daily_category_amount,transaction_count,avg_transaction_amount,day_of_week,day_of_month,month,year,week_of_year,year_month,is_weekend,is_payday,is_month_start,is_month_end,days_until_month_end,amount_lag_1,amount_lag_7,rolling_mean_7,rolling_sum_7,rolling_mean_14,rolling_sum_30,month_to_date_amount_before_today,daily_total_amount
2025-01-01,Hobi & Self-Reward,0.0,0.0,0.0,2,1,1,2025,1,2025-01,0,1,1,0,30,0.0,0.0,0.0,0.0,0.0,0.0,0.0,2049428.0
2025-01-02,Hobi & Self-Reward,0.0,0.0,0.0,3,2,1,2025,1,2025-01,0,1,0,0,29,0.0,0.0,0.0,0.0,0.0,0.0,0.0,218500.0
2025-01-03,Hobi & Self-Reward,0.0,0.0,0.0,4,3,1,2025,1,2025-01,0,1,0,0,28,0.0,0.0,0.0,0.0,0.0,0.0,0.0,90500.0
2025-01-04,Hobi & Self-Reward,0.0,0.0,0.0,5,4,1,2025,1,2025-01,1,0,0,0,27,0.0,0.0,0.0,0.0,0.0,0.0,0.0,189400.0
2025-01-05,Hobi & Self-Reward,0.0,0.0,0.0,6,5,1,2025,1,2025-01,1,0,0,0,26,0.0,0.0,0.0,0.0,0.0,0.0,0.0,174500.0
2025-01-06,Hobi & Self-Reward,0.0,0.0,0.0,0,6,1,2025,2,2025-01,0,0,0,0,25,0.0,0.0,0.0,0.0,0.0,0.0,0.0,118000.0
2025-01-07,Hobi & Self-Reward,0.0,0.0,0.0,1,7,1,2025,2,2025-01,0,0,0,0,24,0.0,0.0,0.0,0.0,0.0,0.0,0.0,107500.0
2025-01-08,Hobi & Self-Reward,0.0,0.0,0.0,2,8,1,2025,2,2025-01,0,0,0,0,23,0.0,0.0,0.0,0.0,0.0,0.0,0.0,126900.0
2025-01-09,Hobi & Self-Reward,0.0,0.0,0.0,3,9,1,2025,2,2025-01,0,0,0,0,22,0.0,0.0,0.0,0.0,0.0,0.0,0.0,118400.0
2025-01-10,Hobi & Self-Reward,0.0,0.0,0.0,4,10,1,2025,2,2025-01,0,0,0,0,21,0.0,0.0,0.0,0.0,0.0,0.0,0.0,97200.0
2025-01-11,Hobi & Self-Reward,0.0,0.0,0.0,5,11,1,2025,2,2025-01,1,0,0,0,20,0.0,0.0,0.0,0.0,0.0,0.0,0.0,141000.0
2025-01-12,Hobi & Self-Reward,0.0,0.0,0.0,6,12,1,2025,2,2025-01,1,0,0,0,19,0.0,0.0,0.0,0.0,0.0,0.0,0.0,116200.0
2025-01-13,Hobi & Self-Reward,0.0,0.0,0.0,0,13,1,2025,3,2025-01,0,0,0,0,18,0.0,0.0,0.0,0.0,0.0,0.0,0.0,205500.0
2025-01-14,Hobi & Self-Reward,0.0,0.0,0.0,1,14,1,2025,3,2025-01,0,0,0,0,17,0.0,0.0,0.0,0.0,0.0,0.0,0.0,90500.0
2025-01-15,Hobi & Self-Reward,0.0,0.0,0.0,2,15,1,2025,3,2025-01,0,0,0,0,16,0.0,0.0,0.0,0.0,0.0,0.0,0.0,85500.0
2025-01-16,Hobi & Self-Reward,0.0,0.0,0.0,3,16,1,2025,3,2025-01,0,0,0,0,15,0.0,0.0,0.0,0.0,0.0,0.0,0.0,107600.0
2025-01-17,Hobi & Self-Reward,0.0,0.0,0.0,4,17,1,2025,3,2025-01,0,0,0,0,14,0.0,0.0,0.0,0.0,0.0,0.0,0.0,90500.0
2025-01-18,Hobi & Self-Reward,0.0,0.0,0.0,5,18,1,2025,3,2025-01,1,0,0,0,13,0.0,0.0,0.0,0.0,0.0,0.0,0.0,104400.0
2025-01-19,Hobi & Self-Reward,0.0,0.0,0.0,6,19,1,2025,3,2025-01,1,0,0,0,12,0.0,0.0,0.0,0.0,0.0,0.0,0.0,157400.0
2025-01-20,Hobi & Self-Reward,0.0,0.0,0.0,0,20,1,2025,4,2025-01,0,0,0,0,11,0.0,0.0,0.0,0.0,0.0,0.0,0.0,115600.0
2025-01-21,Hobi & Self-Reward,0.0,0.0,0.0,1,21,1,2025,4,2025-01,0,0,0,0,10,0.0,0.0,0.0,0.0,0.0,0.0,0.0,97900.0
2025-01-22,Hobi & Self-Reward,0.0,0.0,0.0,2,22,1,2025,4,2025-01,0,0,0,0,9,0.0,0.0,0.0,0.0,0.0,0.0,0.0,85500.0
2025-01-23,Hobi & Self-Reward,22800.0,1.0,22800.0,3,23,1,2025,4,2025-01,0,0,0,0,8,0.0,0.0,0.0,0.0,0.0,0.0,0.0,113300.0
2025-01-24,Hobi & Self-Reward,0.0,0.0,0.0,4,24,1,2025,4,2025-01,0,0,0,0,7,22800.0,0.0,3257.1428571428573,22800.0,1628.5714285714287,22800.0,22800.0,85500.0
2025-01-25,Hobi & Self-Reward,0.0,0.0,0.0,5,25,1,2025,4,2025-01,1,0,0,0,6,0.0,0.0,3257.1428571428573,22800.0,1628.5714285714287,22800.0,22800.0,85500.0
2025-01-26,Hobi & Self-Reward,0.0,0.0,0.0,6,26,1,2025,4,2025-01,1,0,0,0,5,0.0,0.0,3257.1428571428573,22800.0,1628.5714285714287,22800.0,22800.0,90500.0
2025-01-27,Hobi & Self-Reward,0.0,0.0,0.0,0,27,1,2025,5,2025-01,0,0,0,0,4,0.0,0.0,3257.1428571428573,22800.0,1628.5714285714287,22800.0,22800.0,90500.0
2025-01-28,Hobi & Self-Reward,0.0,0.0,0.0,1,28,1,2025,5,2025-01,0,0,0,0,3,0.0,0.0,3257.1428571428573,22800.0,1628.5714285714287,22800.0,22800.0,90500.0
2025-01-29,Hobi & Self-Reward,0.0,0.0,0.0,2,29,1,2025,5,2025-01,0,0,0,0,2,0.0,0.0,3257.1428571428573,22800.0,1628.5714285714287,22800.0,22800.0,90500.0
2025-01-30,Hobi & Self-Reward,0.0,0.0,0.0,3,30,1,2025,5,2025-01,0,0,0,0,1,0.0,22800.0,3257.1428571428573,22800.0,1628.5714285714287,22800.0,22800.0,94000.0
2025-01-31,Hobi & Self-Reward,0.0,0.0,0.0,4,31,1,2025,5,2025-01,0,0,0,1,0,0.0,0.0,0.0,0.0,1628.5714285714287,22800.0,22800.0,108400.0
2025-02-01,Hobi & Self-Reward,34500.0,1.0,34500.0,5,1,2,2025,5,2025-02,1,1,1,0,27,0.0,0.0,0.0,0.0,1628.5714285714287,22800.0,0.0,2085028.0
2025-02-02,Hobi & Self-Reward,0.0,0.0,0.0,6,2,2,2025,5,2025-02,1,1,0,0,26,34500.0,0.0,4928.571428571428,34500.0,4092.8571428571427,57300.0,34500.0,90500.0
2025-02-03,Hobi & Self-Reward,0.0,0.0,0.0,0,3,2,2025,6,2025-02,0,1,0,0,25,0.0,0.0,4928.571428571428,34500.0,4092.8571428571427,57300.0,34500.0,98000.0
2025-02-04,Hobi & Self-Reward,0.0,0.0,0.0,1,4,2,2025,6,2025-02,0,0,0,0,24,0.0,0.0,4928.571428571428,34500.0,4092.8571428571427,57300.0,34500.0,90500.0
2025-02-05,Hobi & Self-Reward,0.0,0.0,0.0,2,5,2,2025,6,2025-02,0,0,0,0,23,0.0,0.0,4928.571428571428,34500.0,4092.8571428571427,57300.0,34500.0,118900.0
2025-02-06,Hobi & Self-Reward,0.0,0.0,0.0,3,6,2,2025,6,2025-02,0,0,0,0,22,0.0,0.0,4928.571428571428,34500.0,4092.8571428571427,57300.0,34500.0,90500.0
2025-02-07,Hobi & Self-Reward,0.0,0.0,0.0,4,7,2,2025,6,2025-02,0,0,0,0,21,0.0,0.0,4928.571428571428,34500.0,2464.285714285714,57300.0,34500.0,90500.0
2025-02-08,Hobi & Self-Reward,0.0,0.0,0.0,5,8,2,2025,6,2025-02,1,0,0,0,20,0.0,34500.0,4928.571428571428,34500.0,2464.285714285714,57300.0,34500.0,104700.0
2025-02-09,Hobi & Self-Reward,0.0,0.0,0.0,6,9,2,2025,6,2025-02,1,0,0,0,19,0.0,0.0,0.0,0.0,2464.285714285714,57300.0,34500.0,106900.0
2025-02-10,Hobi & Self-Reward,0.0,0.0,0.0,0,10,2,2025,7,2025-02,0,0,0,0,18,0.0,0.0,0.0,0.0,2464.285714285714,57300.0,34500.0,140400.0
2025-02-11,Hobi & Self-Reward,0.0,0.0,0.0,1,11,2,2025,7,2025-02,0,0,0,0,17,0.0,0.0,0.0,0.0,2464.285714285714,57300.0,34500.0,115500.0
2025-02-12,Hobi & Self-Reward,0.0,0.0,0.0,2,12,2,2025,7,2025-02,0,0,0,0,16,0.0,0.0,0.0,0.0,2464.285714285714,57300.0,34500.0,135400.0
2025-02-13,Hobi & Self-Reward,0.0,0.0,0.0,3,13,2,2025,7,2025-02,0,0,0,0,15,0.0,0.0,0.0,0.0,2464.285714285714,57300.0,34500.0,98000.0
2025-02-14,Hobi & Self-Reward,0.0,0.0,0.0,4,14,2,2025,7,2025-02,0,0,0,0,14,0.0,0.0,0.0,0.0,2464.285714285714,57300.0,34500.0,97500.0
2025-02-15,Hobi & Self-Reward,0.0,0.0,0.0,5,15,2,2025,7,2025-02,1,0,0,0,13,0.0,0.0,0.0,0.0,2464.285714285714,57300.0,34500.0,106200.0
2025-02-16,Hobi & Self-Reward,0.0,0.0,0.0,6,16,2,2025,7,2025-02,1,0,0,0,12,0.0,0.0,0.0,0.0,0.0,57300.0,34500.0,111700.0
2025-02-17,Hobi & Self-Reward,0.0,0.0,0.0,0,17,2,2025,8,2025-02,0,0,0,0,11,0.0,0.0,0.0,0.0,0.0,57300.0,34500.0,93200.0
2025-02-18,Hobi & Self-Reward,123000.0,1.0,123000.0,1,18,2,2025,8,2025-02,0,0,0,0,10,0.0,0.0,0.0,0.0,0.0,57300.0,34500.0,228400.0
2025-02-19,Hobi & Self-Reward,0.0,0.0,0.0,2,19,2,2025,8,2025-02,0,0,0,0,9,123000.0,0.0,17571.428571428572,123000.0,8785.714285714286,180300.0,157500.0,99000.0
2025-02-20,Hobi & Self-Reward,0.0,0.0,0.0,3,20,2,2025,8,2025-02,0,0,0,0,8,0.0,0.0,17571.428571428572,123000.0,8785.714285714286,180300.0,157500.0,115500.0
2025-02-21,Hobi & Self-Reward,0.0,0.0,0.0,4,21,2,2025,8,2025-02,0,0,0,0,7,0.0,0.0,17571.428571428572,123000.0,8785.714285714286,180300.0,157500.0,162500.0
2025-02-22,Hobi & Self-Reward,0.0,0.0,0.0,5,22,2,2025,8,2025-02,1,0,0,0,6,0.0,0.0,17571.428571428572,123000.0,8785.714285714286,180300.0,157500.0,121500.0
2025-02-23,Hobi & Self-Reward,0.0,0.0,0.0,6,23,2,2025,8,2025-02,1,0,0,0,5,0.0,0.0,17571.428571428572,123000.0,8785.714285714286,157500.0,157500.0,130900.0
2025-02-24,Hobi & Self-Reward,0.0,0.0,0.0,0,24,2,2025,9,2025-02,0,0,0,0,4,0.0,0.0,17571.428571428572,123000.0,8785.714285714286,157500.0,157500.0,154900.0
2025-02-25,Hobi & Self-Reward,0.0,0.0,0.0,1,25,2,2025,9,2025-02,0,0,0,0,3,0.0,123000.0,17571.428571428572,123000.0,8785.714285714286,157500.0,157500.0,90500.0
2025-02-26,Hobi & Self-Reward,0.0,0.0,0.0,2,26,2,2025,9,2025-02,0,0,0,0,2,0.0,0.0,0.0,0.0,8785.714285714286,157500.0,157500.0,116900.0
2025-02-27,Hobi & Self-Reward,0.0,0.0,0.0,3,27,2,2025,9,2025-02,0,0,0,0,1,0.0,0.0,0.0,0.0,8785.714285714286,157500.0,157500.0,107500.0
2025-02-28,Hobi & Self-Reward,0.0,0.0,0.0,4,28,2,2025,9,2025-02,0,0,0,1,0,0.0,0.0,0.0,0.0,8785.714285714286,157500.0,157500.0,85500.0
2025-03-01,Hobi & Self-Reward,0.0,0.0,0.0,5,1,3,2025,9,2025-03,1,1,1,0,30,0.0,0.0,0.0,0.0,8785.714285714286,157500.0,0.0,2059528.0
2025-03-02,Hobi & Self-Reward,0.0,0.0,0.0,6,2,3,2025,9,2025-03,1,1,0,0,29,0.0,0.0,0.0,0.0,8785.714285714286,157500.0,0.0,105500.0
2025-03-03,Hobi & Self-Reward,0.0,0.0,0.0,0,3,3,2025,10,2025-03,0,1,0,0,28,0.0,0.0,0.0,0.0,8785.714285714286,157500.0,0.0,85500.0
2025-03-04,Hobi & Self-Reward,0.0,0.0,0.0,1,4,3,2025,10,2025-03,0,0,0,0,27,0.0,0.0,0.0,0.0,8785.714285714286,123000.0,0.0,93000.0
2025-03-05,Hobi & Self-Reward,0.0,0.0,0.0,2,5,3,2025,10,2025-03,0,0,0,0,26,0.0,0.0,0.0,0.0,0.0,123000.0,0.0,146000.0
2025-03-06,Hobi & Self-Reward,0.0,0.0,0.0,3,6,3,2025,10,2025-03,0,0,0,0,25,0.0,0.0,0.0,0.0,0.0,123000.0,0.0,93200.0
2025-03-07,Hobi & Self-Reward,0.0,0.0,0.0,4,7,3,2025,10,2025-03,0,0,0,0,24,0.0,0.0,0.0,0.0,0.0,123000.0,0.0,160000.0
2025-03-08,Hobi & Self-Reward,0.0,0.0,0.0,5,8,3,2025,10,2025-03,1,0,0,0,23,0.0,0.0,0.0,0.0,0.0,123000.0,0.0,125400.0
2025-03-09,Hobi & Self-Reward,0.0,0.0,0.0,6,9,3,2025,10,2025-03,1,0,0,0,22,0.0,0.0,0.0,0.0,0.0,123000.0,0.0,98600.0
2025-03-10,Hobi & Self-Reward,0.0,0.0,0.0,0,10,3,2025,11,2025-03,0,0,0,0,21,0.0,0.0,0.0,0.0,0.0,123000.0,0.0,98800.0
2025-03-11,Hobi & Self-Reward,0.0,0.0,0.0,1,11,3,2025,11,2025-03,0,0,0,0,20,0.0,0.0,0.0,0.0,0.0,123000.0,0.0,100500.0
2025-03-12,Hobi & Self-Reward,0.0,0.0,0.0,2,12,3,2025,11,2025-03,0,0,0,0,19,0.0,0.0,0.0,0.0,0.0,123000.0,0.0,100400.0
2025-03-13,Hobi & Self-Reward,0.0,0.0,0.0,3,13,3,2025,11,2025-03,0,0,0,0,18,0.0,0.0,0.0,0.0,0.0,123000.0,0.0,120500.0
2025-03-14,Hobi & Self-Reward,0.0,0.0,0.0,4,14,3,2025,11,2025-03,0,0,0,0,17,0.0,0.0,0.0,0.0,0.0,123000.0,0.0,90500.0
2025-03-15,Hobi & Self-Reward,0.0,0.0,0.0,5,15,3,2025,11,2025-03,1,0,0,0,16,0.0,0.0,0.0,0.0,0.0,123000.0,0.0,189500.0
2025-03-16,Hobi & Self-Reward,0.0,0.0,0.0,6,16,3,2025,11,2025-03,1,0,0,0,15,0.0,0.0,0.0,0.0,0.0,123000.0,0.0,126400.0
2025-03-17,Hobi & Self-Reward,0.0,0.0,0.0,0,17,3,2025,12,2025-03,0,0,0,0,14,0.0,0.0,0.0,0.0,0.0,123000.0,0.0,90500.0
2025-03-18,Hobi & Self-Reward,0.0,0.0,0.0,1,18,3,2025,12,2025-03,0,0,0,0,13,0.0,0.0,0.0,0.0,0.0,123000.0,0.0,140400.0
2025-03-19,Hobi & Self-Reward,0.0,0.0,0.0,2,19,3,2025,12,2025-03,0,0,0,0,12,0.0,0.0,0.0,0.0,0.0,123000.0,0.0,85500.0
2025-03-20,Hobi & Self-Reward,0.0,0.0,0.0,3,20,3,2025,12,2025-03,0,0,0,0,11,0.0,0.0,0.0,0.0,0.0,123000.0,0.0,93400.0
2025-03-21,Hobi & Self-Reward,0.0,0.0,0.0,4,21,3,2025,12,2025-03,0,0,0,0,10,0.0,0.0,0.0,0.0,0.0,0.0,0.0,131400.0
2025-03-22,Hobi & Self-Reward,0.0,0.0,0.0,5,22,3,2025,12,2025-03,1,0,0,0,9,0.0,0.0,0.0,0.0,0.0,0.0,0.0,99400.0
2025-03-23,Hobi & Self-Reward,0.0,0.0,0.0,6,23,3,2025,12,2025-03,1,0,0,0,8,0.0,0.0,0.0,0.0,0.0,0.0,0.0,105400.0
2025-03-24,Hobi & Self-Reward,0.0,0.0,0.0,0,24,3,2025,13,2025-03,0,0,0,0,7,0.0,0.0,0.0,0.0,0.0,0.0,0.0,120500.0
2025-03-25,Hobi & Self-Reward,0.0,0.0,0.0,1,25,3,2025,13,2025-03,0,0,0,0,6,0.0,0.0,0.0,0.0,0.0,0.0,0.0,155000.0
2025-03-26,Hobi & Self-Reward,0.0,0.0,0.0,2,26,3,2025,13,2025-03,0,0,0,0,5,0.0,0.0,0.0,0.0,0.0,0.0,0.0,111400.0
2025-03-27,Hobi & Self-Reward,0.0,0.0,0.0,3,27,3,2025,13,2025-03,0,0,0,0,4,0.0,0.0,0.0,0.0,0.0,0.0,0.0,98000.0
2025-03-28,Hobi & Self-Reward,0.0,0.0,0.0,4,28,3,2025,13,2025-03,0,0,0,0,3,0.0,0.0,0.0,0.0,0.0,0.0,0.0,106400.0
2025-03-29,Hobi & Self-Reward,0.0,0.0,0.0,5,29,3,2025,13,2025-03,1,0,0,0,2,0.0,0.0,0.0,0.0,0.0,0.0,0.0,108600.0
2025-03-30,Hobi & Self-Reward,0.0,0.0,0.0,6,30,3,2025,13,2025-03,1,0,0,0,1,0.0,0.0,0.0,0.0,0.0,0.0,0.0,133100.0
2025-03-31,Hobi & Self-Reward,0.0,0.0,0.0,0,31,3,2025,14,2025-03,0,0,0,1,0,0.0,0.0,0.0,0.0,0.0,0.0,0.0,108400.0
2025-04-01,Hobi & Self-Reward,0.0,0.0,0.0,1,1,4,2025,14,2025-04,0,1,1,0,29,0.0,0.0,0.0,0.0,0.0,0.0,0.0,2053028.0
2025-04-02,Hobi & Self-Reward,0.0,0.0,0.0,2,2,4,2025,14,2025-04,0,1,0,0,28,0.0,0.0,0.0,0.0,0.0,0.0,0.0,90500.0
2025-04-03,Hobi & Self-Reward,0.0,0.0,0.0,3,3,4,2025,14,2025-04,0,1,0,0,27,0.0,0.0,0.0,0.0,0.0,0.0,0.0,107500.0
2025-04-04,Hobi & Self-Reward,0.0,0.0,0.0,4,4,4,2025,14,2025-04,0,0,0,0,26,0.0,0.0,0.0,0.0,0.0,0.0,0.0,166500.0
2025-04-05,Hobi & Self-Reward,0.0,0.0,0.0,5,5,4,2025,14,2025-04,1,0,0,0,25,0.0,0.0,0.0,0.0,0.0,0.0,0.0,110400.0
2025-04-06,Hobi & Self-Reward,0.0,0.0,0.0,6,6,4,2025,14,2025-04,1,0,0,0,24,0.0,0.0,0.0,0.0,0.0,0.0,0.0,90500.0
2025-04-07,Hobi & Self-Reward,0.0,0.0,0.0,0,7,4,2025,15,2025-04,0,0,0,0,23,0.0,0.0,0.0,0.0,0.0,0.0,0.0,109400.0
2025-04-08,Hobi & Self-Reward,0.0,0.0,0.0,1,8,4,2025,15,2025-04,0,0,0,0,22,0.0,0.0,0.0,0.0,0.0,0.0,0.0,109100.0
2025-04-09,Hobi & Self-Reward,0.0,0.0,0.0,2,9,4,2025,15,2025-04,0,0,0,0,21,0.0,0.0,0.0,0.0,0.0,0.0,0.0,106500.0
2025-04-10,Hobi & Self-Reward,0.0,0.0,0.0,3,10,4,2025,15,2025-04,0,0,0,0,20,0.0,0.0,0.0,0.0,0.0,0.0,0.0,203000.0
2025-04-11,Hobi & Self-Reward,0.0,0.0,0.0,4,11,4,2025,15,2025-04,0,0,0,0,19,0.0,0.0,0.0,0.0,0.0,0.0,0.0,310500.0
2025-04-12,Hobi & Self-Reward,0.0,0.0,0.0,5,12,4,2025,15,2025-04,1,0,0,0,18,0.0,0.0,0.0,0.0,0.0,0.0,0.0,90500.0
2025-04-13,Hobi & Self-Reward,0.0,0.0,0.0,6,13,4,2025,15,2025-04,1,0,0,0,17,0.0,0.0,0.0,0.0,0.0,0.0,0.0,109500.0
2025-04-14,Hobi & Self-Reward,0.0,0.0,0.0,0,14,4,2025,16,2025-04,0,0,0,0,16,0.0,0.0,0.0,0.0,0.0,0.0,0.0,90500.0
2025-04-15,Hobi & Self-Reward,0.0,0.0,0.0,1,15,4,2025,16,2025-04,0,0,0,0,15,0.0,0.0,0.0,0.0,0.0,0.0,0.0,90500.0
2025-04-16,Hobi & Self-Reward,0.0,0.0,0.0,2,16,4,2025,16,2025-04,0,0,0,0,14,0.0,0.0,0.0,0.0,0.0,0.0,0.0,90500.0
2025-04-17,Hobi & Self-Reward,0.0,0.0,0.0,3,17,4,2025,16,2025-04,0,0,0,0,13,0.0,0.0,0.0,0.0,0.0,0.0,0.0,96000.0
2025-04-18,Hobi & Self-Reward,0.0,0.0,0.0,4,18,4,2025,16,2025-04,0,0,0,0,12,0.0,0.0,0.0,0.0,0.0,0.0,0.0,85500.0
2025-04-19,Hobi & Self-Reward,0.0,0.0,0.0,5,19,4,2025,16,2025-04,1,0,0,0,11,0.0,0.0,0.0,0.0,0.0,0.0,0.0,85500.0
2025-04-20,Hobi & Self-Reward,0.0,0.0,0.0,6,20,4,2025,16,2025-04,1,0,0,0,10,0.0,0.0,0.0,0.0,0.0,0.0,0.0,96400.0
2025-04-21,Hobi & Self-Reward,0.0,0.0,0.0,0,21,4,2025,17,2025-04,0,0,0,0,9,0.0,0.0,0.0,0.0,0.0,0.0,0.0,90500.0
2025-04-22,Hobi & Self-Reward,0.0,0.0,0.0,1,22,4,2025,17,2025-04,0,0,0,0,8,0.0,0.0,0.0,0.0,0.0,0.0,0.0,85500.0
2025-04-23,Hobi & Self-Reward,0.0,0.0,0.0,2,23,4,2025,17,2025-04,0,0,0,0,7,0.0,0.0,0.0,0.0,0.0,0.0,0.0,90500.0
2025-04-24,Hobi & Self-Reward,165000.0,1.0,165000.0,3,24,4,2025,17,2025-04,0,0,0,0,6,0.0,0.0,0.0,0.0,0.0,0.0,0.0,255500.0
2025-04-25,Hobi & Self-Reward,0.0,0.0,0.0,4,25,4,2025,17,2025-04,0,0,0,0,5,165000.0,0.0,23571.428571428572,165000.0,11785.714285714286,165000.0,165000.0,90500.0
2025-04-26,Hobi & Self-Reward,0.0,0.0,0.0,5,26,4,2025,17,2025-04,1,0,0,0,4,0.0,0.0,23571.428571428572,165000.0,11785.714285714286,165000.0,165000.0,90500.0
2025-04-27,Hobi & Self-Reward,0.0,0.0,0.0,6,27,4,2025,17,2025-04,1,0,0,0,3,0.0,0.0,23571.428571428572,165000.0,11785.714285714286,165000.0,165000.0,85500.0
2025-04-28,Hobi & Self-Reward,0.0,0.0,0.0,0,28,4,2025,18,2025-04,0,0,0,0,2,0.0,0.0,23571.428571428572,165000.0,11785.714285714286,165000.0,165000.0,132500.0
2025-04-29,Hobi & Self-Reward,0.0,0.0,0.0,1,29,4,2025,18,2025-04,0,0,0,0,1,0.0,0.0,23571.428571428572,165000.0,11785.714285714286,165000.0,165000.0,93400.0
2025-04-30,Hobi & Self-Reward,0.0,0.0,0.0,2,30,4,2025,18,2025-04,0,0,0,1,0,0.0,0.0,23571.428571428572,165000.0,11785.714285714286,165000.0,165000.0,90500.0
2025-05-01,Hobi & Self-Reward,0.0,0.0,0.0,3,1,5,2025,18,2025-05,0,1,1,0,30,0.0,165000.0,23571.428571428572,165000.0,11785.714285714286,165000.0,0.0,2158528.0
2025-05-02,Hobi & Self-Reward,0.0,0.0,0.0,4,2,5,2025,18,2025-05,0,1,0,0,29,0.0,0.0,0.0,0.0,11785.714285714286,165000.0,0.0,90500.0
2025-05-03,Hobi & Self-Reward,0.0,0.0,0.0,5,3,5,2025,18,2025-05,1,1,0,0,28,0.0,0.0,0.0,0.0,11785.714285714286,165000.0,0.0,102400.0
2025-05-04,Hobi & Self-Reward,0.0,0.0,0.0,6,4,5,2025,18,2025-05,1,0,0,0,27,0.0,0.0,0.0,0.0,11785.714285714286,165000.0,0.0,90500.0
2025-05-05,Hobi & Self-Reward,0.0,0.0,0.0,0,5,5,2025,19,2025-05,0,0,0,0,26,0.0,0.0,0.0,0.0,11785.714285714286,165000.0,0.0,116900.0
2025-05-06,Hobi & Self-Reward,0.0,0.0,0.0,1,6,5,2025,19,2025-05,0,0,0,0,25,0.0,0.0,0.0,0.0,11785.714285714286,165000.0,0.0,113200.0
2025-05-07,Hobi & Self-Reward,0.0,0.0,0.0,2,7,5,2025,19,2025-05,0,0,0,0,24,0.0,0.0,0.0,0.0,11785.714285714286,165000.0,0.0,85500.0
2025-05-08,Hobi & Self-Reward,0.0,0.0,0.0,3,8,5,2025,19,2025-05,0,0,0,0,23,0.0,0.0,0.0,0.0,11785.714285714286,165000.0,0.0,97700.0
2025-05-09,Hobi & Self-Reward,0.0,0.0,0.0,4,9,5,2025,19,2025-05,0,0,0,0,22,0.0,0.0,0.0,0.0,0.0,165000.0,0.0,135200.0
2025-05-10,Hobi & Self-Reward,0.0,0.0,0.0,5,10,5,2025,19,2025-05,1,0,0,0,21,0.0,0.0,0.0,0.0,0.0,165000.0,0.0,102500.0
2025-05-11,Hobi & Self-Reward,0.0,0.0,0.0,6,11,5,2025,19,2025-05,1,0,0,0,20,0.0,0.0,0.0,0.0,0.0,165000.0,0.0,124100.0
2025-05-12,Hobi & Self-Reward,0.0,0.0,0.0,0,12,5,2025,20,2025-05,0,0,0,0,19,0.0,0.0,0.0,0.0,0.0,165000.0,0.0,107000.0
2025-05-13,Hobi & Self-Reward,0.0,0.0,0.0,1,13,5,2025,20,2025-05,0,0,0,0,18,0.0,0.0,0.0,0.0,0.0,165000.0,0.0,137800.0
2025-05-14,Hobi & Self-Reward,0.0,0.0,0.0,2,14,5,2025,20,2025-05,0,0,0,0,17,0.0,0.0,0.0,0.0,0.0,165000.0,0.0,92700.0
2025-05-15,Hobi & Self-Reward,0.0,0.0,0.0,3,15,5,2025,20,2025-05,0,0,0,0,16,0.0,0.0,0.0,0.0,0.0,165000.0,0.0,115400.0
2025-05-16,Hobi & Self-Reward,0.0,0.0,0.0,4,16,5,2025,20,2025-05,0,0,0,0,15,0.0,0.0,0.0,0.0,0.0,165000.0,0.0,90500.0
2025-05-17,Hobi & Self-Reward,0.0,0.0,0.0,5,17,5,2025,20,2025-05,1,0,0,0,14,0.0,0.0,0.0,0.0,0.0,165000.0,0.0,152400.0
2025-05-18,Hobi & Self-Reward,0.0,0.0,0.0,6,18,5,2025,20,2025-05,1,0,0,0,13,0.0,0.0,0.0,0.0,0.0,165000.0,0.0,85500.0
2025-05-19,Hobi & Self-Reward,14600.0,1.0,14600.0,0,19,5,2025,21,2025-05,0,0,0,0,12,0.0,0.0,0.0,0.0,0.0,165000.0,0.0,125000.0
2025-05-20,Hobi & Self-Reward,0.0,0.0,0.0,1,20,5,2025,21,2025-05,0,0,0,0,11,14600.0,0.0,2085.714285714286,14600.0,1042.857142857143,179600.0,14600.0,85500.0
2025-05-21,Hobi & Self-Reward,0.0,0.0,0.0,2,21,5,2025,21,2025-05,0,0,0,0,10,0.0,0.0,2085.714285714286,14600.0,1042.857142857143,179600.0,14600.0,90500.0
2025-05-22,Hobi & Self-Reward,0.0,0.0,0.0,3,22,5,2025,21,2025-05,0,0,0,0,9,0.0,0.0,2085.714285714286,14600.0,1042.857142857143,179600.0,14600.0,129500.0
2025-05-23,Hobi & Self-Reward,0.0,0.0,0.0,4,23,5,2025,21,2025-05,0,0,0,0,8,0.0,0.0,2085.714285714286,14600.0,1042.857142857143,179600.0,14600.0,90500.0
2025-05-24,Hobi & Self-Reward,0.0,0.0,0.0,5,24,5,2025,21,2025-05,1,0,0,0,7,0.0,0.0,2085.714285714286,14600.0,1042.857142857143,179600.0,14600.0,106500.0
2025-05-25,Hobi & Self-Reward,0.0,0.0,0.0,6,25,5,2025,21,2025-05,1,0,0,0,6,0.0,0.0,2085.714285714286,14600.0,1042.857142857143,14600.0,14600.0,90500.0
2025-05-26,Hobi & Self-Reward,0.0,0.0,0.0,0,26,5,2025,22,2025-05,0,0,0,0,5,0.0,14600.0,2085.714285714286,14600.0,1042.857142857143,14600.0,14600.0,90500.0
2025-05-27,Hobi & Self-Reward,0.0,0.0,0.0,1,27,5,2025,22,2025-05,0,0,0,0,4,0.0,0.0,0.0,0.0,1042.857142857143,14600.0,14600.0,85500.0
2025-05-28,Hobi & Self-Reward,0.0,0.0,0.0,2,28,5,2025,22,2025-05,0,0,0,0,3,0.0,0.0,0.0,0.0,1042.857142857143,14600.0,14600.0,90500.0
2025-05-29,Hobi & Self-Reward,0.0,0.0,0.0,3,29,5,2025,22,2025-05,0,0,0,0,2,0.0,0.0,0.0,0.0,1042.857142857143,14600.0,14600.0,85500.0
2025-05-30,Hobi & Self-Reward,0.0,0.0,0.0,4,30,5,2025,22,2025-05,0,0,0,0,1,0.0,0.0,0.0,0.0,1042.857142857143,14600.0,14600.0,90500.0
2025-05-31,Hobi & Self-Reward,0.0,0.0,0.0,5,31,5,2025,22,2025-05,1,0,0,1,0,0.0,0.0,0.0,0.0,1042.857142857143,14600.0,14600.0,90500.0
2025-06-01,Hobi & Self-Reward,0.0,0.0,0.0,6,1,6,2025,22,2025-06,1,1,1,0,29,0.0,0.0,0.0,0.0,1042.857142857143,14600.0,0.0,2069628.0
2025-06-02,Hobi & Self-Reward,0.0,0.0,0.0,0,2,6,2025,23,2025-06,0,1,0,0,28,0.0,0.0,0.0,0.0,1042.857142857143,14600.0,0.0,90500.0
2025-06-03,Hobi & Self-Reward,0.0,0.0,0.0,1,3,6,2025,23,2025-06,0,1,0,0,27,0.0,0.0,0.0,0.0,0.0,14600.0,0.0,105400.0
2025-06-04,Hobi & Self-Reward,0.0,0.0,0.0,2,4,6,2025,23,2025-06,0,0,0,0,26,0.0,0.0,0.0,0.0,0.0,14600.0,0.0,104500.0
2025-06-05,Hobi & Self-Reward,0.0,0.0,0.0,3,5,6,2025,23,2025-06,0,0,0,0,25,0.0,0.0,0.0,0.0,0.0,14600.0,0.0,109800.0
2025-06-06,Hobi & Self-Reward,0.0,0.0,0.0,4,6,6,2025,23,2025-06,0,0,0,0,24,0.0,0.0,0.0,0.0,0.0,14600.0,0.0,97500.0
2025-06-07,Hobi & Self-Reward,0.0,0.0,0.0,5,7,6,2025,23,2025-06,1,0,0,0,23,0.0,0.0,0.0,0.0,0.0,14600.0,0.0,107300.0
2025-06-08,Hobi & Self-Reward,0.0,0.0,0.0,6,8,6,2025,23,2025-06,1,0,0,0,22,0.0,0.0,0.0,0.0,0.0,14600.0,0.0,112200.0
2025-06-09,Hobi & Self-Reward,0.0,0.0,0.0,0,9,6,2025,24,2025-06,0,0,0,0,21,0.0,0.0,0.0,0.0,0.0,14600.0,0.0,114800.0
2025-06-10,Hobi & Self-Reward,69000.0,1.0,69000.0,1,10,6,2025,24,2025-06,0,0,0,0,20,0.0,0.0,0.0,0.0,0.0,14600.0,0.0,178400.0
2025-06-11,Hobi & Self-Reward,0.0,0.0,0.0,2,11,6,2025,24,2025-06,0,0,0,0,19,69000.0,0.0,9857.142857142857,69000.0,4928.571428571428,83600.0,69000.0,106000.0
2025-06-12,Hobi & Self-Reward,0.0,0.0,0.0,3,12,6,2025,24,2025-06,0,0,0,0,18,0.0,0.0,9857.142857142857,69000.0,4928.571428571428,83600.0,69000.0,90500.0
2025-06-13,Hobi & Self-Reward,0.0,0.0,0.0,4,13,6,2025,24,2025-06,0,0,0,0,17,0.0,0.0,9857.142857142857,69000.0,4928.571428571428,83600.0,69000.0,90500.0
2025-06-14,Hobi & Self-Reward,0.0,0.0,0.0,5,14,6,2025,24,2025-06,1,0,0,0,16,0.0,0.0,9857.142857142857,69000.0,4928.571428571428,83600.0,69000.0,103800.0
2025-06-15,Hobi & Self-Reward,0.0,0.0,0.0,6,15,6,2025,24,2025-06,1,0,0,0,15,0.0,0.0,9857.142857142857,69000.0,4928.571428571428,83600.0,69000.0,156900.0
2025-06-16,Hobi & Self-Reward,0.0,0.0,0.0,0,16,6,2025,25,2025-06,0,0,0,0,14,0.0,0.0,9857.142857142857,69000.0,4928.571428571428,83600.0,69000.0,151200.0
2025-06-17,Hobi & Self-Reward,0.0,0.0,0.0,1,17,6,2025,25,2025-06,0,0,0,0,13,0.0,69000.0,9857.142857142857,69000.0,4928.571428571428,83600.0,69000.0,112200.0
2025-06-18,Hobi & Self-Reward,0.0,0.0,0.0,2,18,6,2025,25,2025-06,0,0,0,0,12,0.0,0.0,0.0,0.0,4928.571428571428,83600.0,69000.0,90500.0
2025-06-19,Hobi & Self-Reward,0.0,0.0,0.0,3,19,6,2025,25,2025-06,0,0,0,0,11,0.0,0.0,0.0,0.0,4928.571428571428,69000.0,69000.0,110500.0
2025-06-20,Hobi & Self-Reward,0.0,0.0,0.0,4,20,6,2025,25,2025-06,0,0,0,0,10,0.0,0.0,0.0,0.0,4928.571428571428,69000.0,69000.0,183200.0
2025-06-21,Hobi & Self-Reward,0.0,0.0,0.0,5,21,6,2025,25,2025-06,1,0,0,0,9,0.0,0.0,0.0,0.0,4928.571428571428,69000.0,69000.0,90500.0
2025-06-22,Hobi & Self-Reward,0.0,0.0,0.0,6,22,6,2025,25,2025-06,1,0,0,0,8,0.0,0.0,0.0,0.0,4928.571428571428,69000.0,69000.0,155300.0
2025-06-23,Hobi & Self-Reward,0.0,0.0,0.0,0,23,6,2025,26,2025-06,0,0,0,0,7,0.0,0.0,0.0,0.0,4928.571428571428,69000.0,69000.0,130000.0
2025-06-24,Hobi & Self-Reward,0.0,0.0,0.0,1,24,6,2025,26,2025-06,0,0,0,0,6,0.0,0.0,0.0,0.0,4928.571428571428,69000.0,69000.0,106400.0
2025-06-25,Hobi & Self-Reward,0.0,0.0,0.0,2,25,6,2025,26,2025-06,0,0,0,0,5,0.0,0.0,0.0,0.0,0.0,69000.0,69000.0,118300.0
2025-06-26,Hobi & Self-Reward,0.0,0.0,0.0,3,26,6,2025,26,2025-06,0,0,0,0,4,0.0,0.0,0.0,0.0,0.0,69000.0,69000.0,90500.0
2025-06-27,Hobi & Self-Reward,0.0,0.0,0.0,4,27,6,2025,26,2025-06,0,0,0,0,3,0.0,0.0,0.0,0.0,0.0,69000.0,69000.0,90500.0
2025-06-28,Hobi & Self-Reward,0.0,0.0,0.0,5,28,6,2025,26,2025-06,1,0,0,0,2,0.0,0.0,0.0,0.0,0.0,69000.0,69000.0,106400.0
2025-06-29,Hobi & Self-Reward,0.0,0.0,0.0,6,29,6,2025,26,2025-06,1,0,0,0,1,0.0,0.0,0.0,0.0,0.0,69000.0,69000.0,146300.0
2025-01-01,Jajan & Nongkrong,5000.0,1.0,5000.0,2,1,1,2025,1,2025-01,0,1,1,0,30,0.0,0.0,0.0,0.0,0.0,0.0,0.0,2049428.0
2025-01-02,Jajan & Nongkrong,133000.0,2.0,66500.0,3,2,1,2025,1,2025-01,0,1,0,0,29,5000.0,0.0,5000.0,5000.0,5000.0,5000.0,5000.0,218500.0
2025-01-03,Jajan & Nongkrong,5000.0,1.0,5000.0,4,3,1,2025,1,2025-01,0,1,0,0,28,133000.0,0.0,69000.0,138000.0,69000.0,138000.0,138000.0,90500.0
2025-01-04,Jajan & Nongkrong,84000.0,2.0,42000.0,5,4,1,2025,1,2025-01,1,0,0,0,27,5000.0,0.0,47666.666666666664,143000.0,47666.666666666664,143000.0,143000.0,189400.0
2025-01-05,Jajan & Nongkrong,0.0,0.0,0.0,6,5,1,2025,1,2025-01,1,0,0,0,26,84000.0,0.0,56750.0,227000.0,56750.0,227000.0,227000.0,174500.0
2025-01-06,Jajan & Nongkrong,5000.0,1.0,5000.0,0,6,1,2025,2,2025-01,0,0,0,0,25,0.0,0.0,45400.0,227000.0,45400.0,227000.0,227000.0,118000.0
2025-01-07,Jajan & Nongkrong,5000.0,1.0,5000.0,1,7,1,2025,2,2025-01,0,0,0,0,24,5000.0,0.0,38666.666666666664,232000.0,38666.666666666664,232000.0,232000.0,107500.0
2025-01-08,Jajan & Nongkrong,0.0,0.0,0.0,2,8,1,2025,2,2025-01,0,0,0,0,23,5000.0,5000.0,33857.142857142855,237000.0,33857.142857142855,237000.0,237000.0,126900.0
2025-01-09,Jajan & Nongkrong,5000.0,1.0,5000.0,3,9,1,2025,2,2025-01,0,0,0,0,22,0.0,133000.0,33142.857142857145,232000.0,29625.0,237000.0,237000.0,118400.0
2025-01-10,Jajan & Nongkrong,5000.0,1.0,5000.0,4,10,1,2025,2,2025-01,0,0,0,0,21,5000.0,5000.0,14857.142857142857,104000.0,26888.88888888889,242000.0,242000.0,97200.0
2025-01-11,Jajan & Nongkrong,50000.0,2.0,25000.0,5,11,1,2025,2,2025-01,1,0,0,0,20,5000.0,84000.0,14857.142857142857,104000.0,24700.0,247000.0,247000.0,141000.0
2025-01-12,Jajan & Nongkrong,5000.0,1.0,5000.0,6,12,1,2025,2,2025-01,1,0,0,0,19,50000.0,0.0,10000.0,70000.0,27000.0,297000.0,297000.0,116200.0
2025-01-13,Jajan & Nongkrong,5000.0,1.0,5000.0,0,13,1,2025,3,2025-01,0,0,0,0,18,5000.0,5000.0,10714.285714285714,75000.0,25166.666666666668,302000.0,302000.0,205500.0
2025-01-14,Jajan & Nongkrong,5000.0,1.0,5000.0,1,14,1,2025,3,2025-01,0,0,0,0,17,5000.0,5000.0,10714.285714285714,75000.0,23615.384615384617,307000.0,307000.0,90500.0
2025-01-15,Jajan & Nongkrong,0.0,0.0,0.0,2,15,1,2025,3,2025-01,0,0,0,0,16,5000.0,0.0,10714.285714285714,75000.0,22285.714285714286,312000.0,312000.0,85500.0
2025-01-16,Jajan & Nongkrong,5000.0,1.0,5000.0,3,16,1,2025,3,2025-01,0,0,0,0,15,0.0,5000.0,10714.285714285714,75000.0,21928.571428571428,312000.0,312000.0,107600.0
2025-01-17,Jajan & Nongkrong,5000.0,1.0,5000.0,4,17,1,2025,3,2025-01,0,0,0,0,14,5000.0,5000.0,10714.285714285714,75000.0,12785.714285714286,317000.0,317000.0,90500.0
2025-01-18,Jajan & Nongkrong,5000.0,1.0,5000.0,5,18,1,2025,3,2025-01,1,0,0,0,13,5000.0,50000.0,10714.285714285714,75000.0,12785.714285714286,322000.0,322000.0,104400.0
2025-01-19,Jajan & Nongkrong,5000.0,1.0,5000.0,6,19,1,2025,3,2025-01,1,0,0,0,12,5000.0,5000.0,4285.714285714285,30000.0,7142.857142857143,327000.0,327000.0,157400.0
2025-01-20,Jajan & Nongkrong,0.0,0.0,0.0,0,20,1,2025,4,2025-01,0,0,0,0,11,5000.0,5000.0,4285.714285714285,30000.0,7500.0,332000.0,332000.0,115600.0
2025-01-21,Jajan & Nongkrong,5000.0,1.0,5000.0,1,21,1,2025,4,2025-01,0,0,0,0,10,0.0,5000.0,3571.4285714285716,25000.0,7142.857142857143,332000.0,332000.0,97900.0
2025-01-22,Jajan & Nongkrong,0.0,0.0,0.0,2,22,1,2025,4,2025-01,0,0,0,0,9,5000.0,0.0,3571.4285714285716,25000.0,7142.857142857143,337000.0,337000.0,85500.0
2025-01-23,Jajan & Nongkrong,5000.0,1.0,5000.0,3,23,1,2025,4,2025-01,0,0,0,0,8,0.0,5000.0,3571.4285714285716,25000.0,7142.857142857143,337000.0,337000.0,113300.0
2025-01-24,Jajan & Nongkrong,0.0,0.0,0.0,4,24,1,2025,4,2025-01,0,0,0,0,7,5000.0,5000.0,3571.4285714285716,25000.0,7142.857142857143,342000.0,342000.0,85500.0
2025-01-25,Jajan & Nongkrong,0.0,0.0,0.0,5,25,1,2025,4,2025-01,1,0,0,0,6,0.0,5000.0,2857.1428571428573,20000.0,6785.714285714285,342000.0,342000.0,85500.0
2025-01-26,Jajan & Nongkrong,5000.0,1.0,5000.0,6,26,1,2025,4,2025-01,1,0,0,0,5,0.0,5000.0,2142.8571428571427,15000.0,3214.285714285714,342000.0,342000.0,90500.0
2025-01-27,Jajan & Nongkrong,5000.0,1.0,5000.0,0,27,1,2025,5,2025-01,0,0,0,0,4,5000.0,0.0,2142.8571428571427,15000.0,3214.285714285714,347000.0,347000.0,90500.0
2025-01-28,Jajan & Nongkrong,5000.0,1.0,5000.0,1,28,1,2025,5,2025-01,0,0,0,0,3,5000.0,5000.0,2857.1428571428573,20000.0,3214.285714285714,352000.0,352000.0,90500.0
2025-01-29,Jajan & Nongkrong,5000.0,1.0,5000.0,2,29,1,2025,5,2025-01,0,0,0,0,2,5000.0,0.0,2857.1428571428573,20000.0,3214.285714285714,357000.0,357000.0,90500.0
2025-01-30,Jajan & Nongkrong,8500.0,2.0,4250.0,3,30,1,2025,5,2025-01,0,0,0,0,1,5000.0,5000.0,3571.4285714285716,25000.0,3571.4285714285716,362000.0,362000.0,94000.0
2025-01-31,Jajan & Nongkrong,5000.0,1.0,5000.0,4,31,1,2025,5,2025-01,0,0,0,1,0,8500.0,0.0,4071.4285714285716,28500.0,3821.4285714285716,370500.0,370500.0,108400.0
2025-02-01,Jajan & Nongkrong,5000.0,1.0,5000.0,5,1,2,2025,5,2025-02,1,1,1,0,27,5000.0,0.0,4785.714285714285,33500.0,3821.4285714285716,370500.0,0.0,2085028.0
2025-02-02,Jajan & Nongkrong,5000.0,1.0,5000.0,6,2,2,2025,5,2025-02,1,1,0,0,26,5000.0,5000.0,5500.0,38500.0,3821.4285714285716,242500.0,5000.0,90500.0
2025-02-03,Jajan & Nongkrong,5000.0,1.0,5000.0,0,3,2,2025,6,2025-02,0,1,0,0,25,5000.0,5000.0,5500.0,38500.0,3821.4285714285716,242500.0,10000.0,98000.0
2025-02-04,Jajan & Nongkrong,5000.0,1.0,5000.0,1,4,2,2025,6,2025-02,0,0,0,0,24,5000.0,5000.0,5500.0,38500.0,4178.571428571428,163500.0,15000.0,90500.0
2025-02-05,Jajan & Nongkrong,13500.0,2.0,6750.0,2,5,2,2025,6,2025-02,0,0,0,0,23,5000.0,5000.0,5500.0,38500.0,4178.571428571428,168500.0,20000.0,118900.0
2025-02-06,Jajan & Nongkrong,5000.0,1.0,5000.0,3,6,2,2025,6,2025-02,0,0,0,0,22,13500.0,8500.0,6714.285714285715,47000.0,5142.857142857143,177000.0,33500.0,90500.0
2025-02-07,Jajan & Nongkrong,5000.0,1.0,5000.0,4,7,2,2025,6,2025-02,0,0,0,0,21,5000.0,5000.0,6214.285714285715,43500.0,5142.857142857143,177000.0,38500.0,90500.0
2025-02-08,Jajan & Nongkrong,5000.0,1.0,5000.0,5,8,2,2025,6,2025-02,1,0,0,0,20,5000.0,5000.0,6214.285714285715,43500.0,5500.0,182000.0,43500.0,104700.0
2025-02-09,Jajan & Nongkrong,5000.0,1.0,5000.0,6,9,2,2025,6,2025-02,1,0,0,0,19,5000.0,5000.0,6214.285714285715,43500.0,5857.142857142857,182000.0,48500.0,106900.0
2025-02-10,Jajan & Nongkrong,5000.0,1.0,5000.0,0,10,2,2025,7,2025-02,0,0,0,0,18,5000.0,5000.0,6214.285714285715,43500.0,5857.142857142857,182000.0,53500.0,140400.0
2025-02-11,Jajan & Nongkrong,5000.0,1.0,5000.0,1,11,2,2025,7,2025-02,0,0,0,0,17,5000.0,5000.0,6214.285714285715,43500.0,5857.142857142857,137000.0,58500.0,115500.0
2025-02-12,Jajan & Nongkrong,12900.0,2.0,6450.0,2,12,2,2025,7,2025-02,0,0,0,0,16,5000.0,13500.0,6214.285714285715,43500.0,5857.142857142857,137000.0,63500.0,135400.0
2025-02-13,Jajan & Nongkrong,5000.0,1.0,5000.0,3,13,2,2025,7,2025-02,0,0,0,0,15,12900.0,5000.0,6128.571428571428,42900.0,6421.428571428572,144900.0,76400.0,98000.0
2025-02-14,Jajan & Nongkrong,5000.0,1.0,5000.0,4,14,2,2025,7,2025-02,0,0,0,0,14,5000.0,5000.0,6128.571428571428,42900.0,6171.428571428572,144900.0,81400.0,97500.0
2025-02-15,Jajan & Nongkrong,13700.0,2.0,6850.0,5,15,2,2025,7,2025-02,1,0,0,0,13,5000.0,5000.0,6128.571428571428,42900.0,6171.428571428572,149900.0,86400.0,106200.0
2025-02-16,Jajan & Nongkrong,21000.0,2.0,10500.0,6,16,2,2025,7,2025-02,1,0,0,0,12,13700.0,5000.0,7371.428571428572,51600.0,6792.857142857143,158600.0,100100.0,111700.0
2025-02-17,Jajan & Nongkrong,0.0,0.0,0.0,0,17,2,2025,8,2025-02,0,0,0,0,11,21000.0,5000.0,9657.142857142857,67600.0,7935.714285714285,174600.0,121100.0,93200.0
2025-02-18,Jajan & Nongkrong,5000.0,1.0,5000.0,1,18,2,2025,8,2025-02,0,0,0,0,10,0.0,5000.0,8942.857142857143,62600.0,7578.571428571428,169600.0,121100.0,228400.0
2025-02-19,Jajan & Nongkrong,5000.0,1.0,5000.0,2,19,2,2025,8,2025-02,0,0,0,0,9,5000.0,12900.0,8942.857142857143,62600.0,7578.571428571428,169600.0,126100.0,99000.0
2025-02-20,Jajan & Nongkrong,0.0,0.0,0.0,3,20,2,2025,8,2025-02,0,0,0,0,8,5000.0,5000.0,7814.285714285715,54700.0,6971.428571428572,174600.0,131100.0,115500.0
2025-02-21,Jajan & Nongkrong,5000.0,1.0,5000.0,4,21,2,2025,8,2025-02,0,0,0,0,7,0.0,5000.0,7100.0,49700.0,6614.285714285715,169600.0,131100.0,162500.0
2025-02-22,Jajan & Nongkrong,11000.0,2.0,5500.0,5,22,2,2025,8,2025-02,1,0,0,0,6,5000.0,13700.0,7100.0,49700.0,6614.285714285715,174600.0,136100.0,121500.0
2025-02-23,Jajan & Nongkrong,5000.0,1.0,5000.0,6,23,2,2025,8,2025-02,1,0,0,0,5,11000.0,21000.0,6714.285714285715,47000.0,7042.857142857143,180600.0,147100.0,130900.0
2025-02-24,Jajan & Nongkrong,5000.0,1.0,5000.0,0,24,2,2025,9,2025-02,0,0,0,0,4,5000.0,0.0,4428.571428571428,31000.0,7042.857142857143,185600.0,152100.0,154900.0
2025-02-25,Jajan & Nongkrong,5000.0,1.0,5000.0,1,25,2,2025,9,2025-02,0,0,0,0,3,5000.0,5000.0,5142.857142857143,36000.0,7042.857142857143,190600.0,157100.0,90500.0
2025-02-26,Jajan & Nongkrong,5000.0,1.0,5000.0,2,26,2,2025,9,2025-02,0,0,0,0,2,5000.0,5000.0,5142.857142857143,36000.0,7042.857142857143,190600.0,162100.0,116900.0
2025-02-27,Jajan & Nongkrong,5000.0,1.0,5000.0,3,27,2,2025,9,2025-02,0,0,0,0,1,5000.0,0.0,5142.857142857143,36000.0,6478.571428571428,190600.0,167100.0,107500.0
2025-02-28,Jajan & Nongkrong,0.0,0.0,0.0,4,28,2,2025,9,2025-02,0,0,0,1,0,5000.0,5000.0,5857.142857142857,41000.0,6478.571428571428,190600.0,172100.0,85500.0
2025-03-01,Jajan & Nongkrong,5000.0,1.0,5000.0,5,1,3,2025,9,2025-03,1,1,1,0,30,0.0,11000.0,5142.857142857143,36000.0,6121.428571428572,185600.0,0.0,2059528.0
2025-03-02,Jajan & Nongkrong,20000.0,2.0,10000.0,6,2,3,2025,9,2025-03,1,1,0,0,29,5000.0,5000.0,4285.714285714285,30000.0,5500.0,182100.0,5000.0,105500.0
2025-03-03,Jajan & Nongkrong,0.0,0.0,0.0,0,3,3,2025,10,2025-03,0,1,0,0,28,20000.0,5000.0,6428.571428571428,45000.0,5428.571428571428,197100.0,25000.0,85500.0
2025-03-04,Jajan & Nongkrong,5000.0,1.0,5000.0,1,4,3,2025,10,2025-03,0,0,0,0,27,0.0,5000.0,5714.285714285715,40000.0,5428.571428571428,192100.0,25000.0,93000.0
2025-03-05,Jajan & Nongkrong,5000.0,1.0,5000.0,2,5,3,2025,10,2025-03,0,0,0,0,26,5000.0,5000.0,5714.285714285715,40000.0,5428.571428571428,192100.0,30000.0,146000.0
2025-03-06,Jajan & Nongkrong,5000.0,1.0,5000.0,3,6,3,2025,10,2025-03,0,0,0,0,25,5000.0,5000.0,5714.285714285715,40000.0,5428.571428571428,192100.0,35000.0,93200.0
2025-03-07,Jajan & Nongkrong,27500.0,2.0,13750.0,4,7,3,2025,10,2025-03,0,0,0,0,24,5000.0,0.0,5714.285714285715,40000.0,5785.714285714285,192100.0,40000.0,160000.0
2025-03-08,Jajan & Nongkrong,5000.0,1.0,5000.0,5,8,3,2025,10,2025-03,1,0,0,0,23,27500.0,5000.0,9642.857142857143,67500.0,7392.857142857143,206100.0,67500.0,125400.0
2025-03-09,Jajan & Nongkrong,5000.0,1.0,5000.0,6,9,3,2025,10,2025-03,1,0,0,0,22,5000.0,20000.0,9642.857142857143,67500.0,6964.285714285715,206100.0,72500.0,98600.0
2025-03-10,Jajan & Nongkrong,5000.0,1.0,5000.0,0,10,3,2025,11,2025-03,0,0,0,0,21,5000.0,0.0,7500.0,52500.0,6964.285714285715,206100.0,77500.0,98800.0
2025-03-11,Jajan & Nongkrong,5000.0,1.0,5000.0,1,11,3,2025,11,2025-03,0,0,0,0,20,5000.0,5000.0,8214.285714285714,57500.0,6964.285714285715,206100.0,82500.0,100500.0
2025-03-12,Jajan & Nongkrong,0.0,0.0,0.0,2,12,3,2025,11,2025-03,0,0,0,0,19,5000.0,5000.0,8214.285714285714,57500.0,6964.285714285715,206100.0,87500.0,100400.0
2025-03-13,Jajan & Nongkrong,5000.0,1.0,5000.0,3,13,3,2025,11,2025-03,0,0,0,0,18,0.0,5000.0,7500.0,52500.0,6607.142857142857,201100.0,87500.0,120500.0
2025-03-14,Jajan & Nongkrong,5000.0,1.0,5000.0,4,14,3,2025,11,2025-03,0,0,0,0,17,5000.0,27500.0,7500.0,52500.0,6607.142857142857,201100.0,92500.0,90500.0
2025-03-15,Jajan & Nongkrong,5000.0,1.0,5000.0,5,15,3,2025,11,2025-03,1,0,0,0,16,5000.0,5000.0,4285.714285714285,30000.0,6964.285714285715,193200.0,97500.0,189500.0
2025-03-16,Jajan & Nongkrong,22500.0,2.0,11250.0,6,16,3,2025,11,2025-03,1,0,0,0,15,5000.0,5000.0,4285.714285714285,30000.0,6964.285714285715,193200.0,102500.0,126400.0
2025-03-17,Jajan & Nongkrong,5000.0,1.0,5000.0,0,17,3,2025,12,2025-03,0,0,0,0,14,22500.0,5000.0,6785.714285714285,47500.0,7142.857142857143,210700.0,125000.0,90500.0
2025-03-18,Jajan & Nongkrong,5000.0,1.0,5000.0,1,18,3,2025,12,2025-03,0,0,0,0,13,5000.0,5000.0,6785.714285714285,47500.0,7500.0,202000.0,130000.0,140400.0
2025-03-19,Jajan & Nongkrong,0.0,0.0,0.0,2,19,3,2025,12,2025-03,0,0,0,0,12,5000.0,0.0,6785.714285714285,47500.0,7500.0,186000.0,135000.0,85500.0
2025-03-20,Jajan & Nongkrong,0.0,0.0,0.0,3,20,3,2025,12,2025-03,0,0,0,0,11,0.0,5000.0,6785.714285714285,47500.0,7142.857142857143,186000.0,135000.0,93400.0
2025-03-21,Jajan & Nongkrong,0.0,0.0,0.0,4,21,3,2025,12,2025-03,0,0,0,0,10,0.0,5000.0,6071.428571428572,42500.0,6785.714285714285,181000.0,135000.0,131400.0
2025-03-22,Jajan & Nongkrong,5000.0,1.0,5000.0,5,22,3,2025,12,2025-03,1,0,0,0,9,0.0,5000.0,5357.142857142857,37500.0,4821.428571428572,176000.0,135000.0,99400.0
2025-03-23,Jajan & Nongkrong,5000.0,1.0,5000.0,6,23,3,2025,12,2025-03,1,0,0,0,8,5000.0,22500.0,5357.142857142857,37500.0,4821.428571428572,181000.0,140000.0,105400.0
2025-03-24,Jajan & Nongkrong,5000.0,1.0,5000.0,0,24,3,2025,13,2025-03,0,0,0,0,7,5000.0,5000.0,2857.1428571428573,20000.0,4821.428571428572,181000.0,145000.0,120500.0
2025-03-25,Jajan & Nongkrong,5000.0,1.0,5000.0,1,25,3,2025,13,2025-03,0,0,0,0,6,5000.0,5000.0,2857.1428571428573,20000.0,4821.428571428572,175000.0,150000.0,155000.0
2025-03-26,Jajan & Nongkrong,5000.0,1.0,5000.0,2,26,3,2025,13,2025-03,0,0,0,0,5,5000.0,0.0,2857.1428571428573,20000.0,4821.428571428572,175000.0,155000.0,111400.0
2025-03-27,Jajan & Nongkrong,5000.0,1.0,5000.0,3,27,3,2025,13,2025-03,0,0,0,0,4,5000.0,0.0,3571.4285714285716,25000.0,5178.571428571428,175000.0,160000.0,98000.0
2025-03-28,Jajan & Nongkrong,5000.0,1.0,5000.0,4,28,3,2025,13,2025-03,0,0,0,0,3,5000.0,0.0,4285.714285714285,30000.0,5178.571428571428,175000.0,165000.0,106400.0
2025-03-29,Jajan & Nongkrong,5000.0,1.0,5000.0,5,29,3,2025,13,2025-03,1,0,0,0,2,5000.0,5000.0,5000.0,35000.0,5178.571428571428,175000.0,170000.0,108600.0
2025-03-30,Jajan & Nongkrong,35000.0,2.0,17500.0,6,30,3,2025,13,2025-03,1,0,0,0,1,5000.0,5000.0,5000.0,35000.0,5178.571428571428,175000.0,175000.0,133100.0
2025-03-31,Jajan & Nongkrong,22900.0,2.0,11450.0,0,31,3,2025,14,2025-03,0,0,0,1,0,35000.0,5000.0,9285.714285714286,65000.0,6071.428571428572,210000.0,210000.0,108400.0
2025-04-01,Jajan & Nongkrong,0.0,0.0,0.0,1,1,4,2025,14,2025-04,0,1,1,0,29,22900.0,5000.0,11842.857142857143,82900.0,7350.0,227900.0,0.0,2053028.0
2025-04-02,Jajan & Nongkrong,5000.0,1.0,5000.0,2,2,4,2025,14,2025-04,0,1,0,0,28,0.0,5000.0,11128.57142857143,77900.0,6992.857142857143,207900.0,0.0,90500.0
2025-04-03,Jajan & Nongkrong,5000.0,1.0,5000.0,3,3,4,2025,14,2025-04,0,1,0,0,27,5000.0,5000.0,11128.57142857143,77900.0,7350.0,212900.0,5000.0,107500.0
2025-04-04,Jajan & Nongkrong,5000.0,1.0,5000.0,4,4,4,2025,14,2025-04,0,0,0,0,26,5000.0,5000.0,11128.57142857143,77900.0,7707.142857142857,212900.0,10000.0,166500.0
2025-04-05,Jajan & Nongkrong,5000.0,1.0,5000.0,5,5,4,2025,14,2025-04,1,0,0,0,25,5000.0,5000.0,11128.57142857143,77900.0,8064.285714285715,212900.0,15000.0,110400.0
2025-04-06,Jajan & Nongkrong,5000.0,1.0,5000.0,6,6,4,2025,14,2025-04,1,0,0,0,24,5000.0,35000.0,11128.57142857143,77900.0,8064.285714285715,212900.0,20000.0,90500.0
2025-04-07,Jajan & Nongkrong,5000.0,1.0,5000.0,0,7,4,2025,15,2025-04,0,0,0,0,23,5000.0,22900.0,6842.857142857143,47900.0,8064.285714285715,190400.0,25000.0,109400.0
2025-04-08,Jajan & Nongkrong,5000.0,1.0,5000.0,1,8,4,2025,15,2025-04,0,0,0,0,22,5000.0,0.0,4285.714285714285,30000.0,8064.285714285715,190400.0,30000.0,109100.0
2025-04-09,Jajan & Nongkrong,5000.0,1.0,5000.0,2,9,4,2025,15,2025-04,0,0,0,0,21,5000.0,5000.0,5000.0,35000.0,8064.285714285715,190400.0,35000.0,106500.0
2025-04-10,Jajan & Nongkrong,15000.0,2.0,7500.0,3,10,4,2025,15,2025-04,0,0,0,0,20,5000.0,5000.0,5000.0,35000.0,8064.285714285715,190400.0,40000.0,203000.0
2025-04-11,Jajan & Nongkrong,0.0,0.0,0.0,4,11,4,2025,15,2025-04,0,0,0,0,19,15000.0,5000.0,6428.571428571428,45000.0,8778.57142857143,200400.0,55000.0,310500.0
2025-04-12,Jajan & Nongkrong,5000.0,1.0,5000.0,5,12,4,2025,15,2025-04,1,0,0,0,18,0.0,5000.0,5714.285714285715,40000.0,8421.42857142857,200400.0,55000.0,90500.0
2025-04-13,Jajan & Nongkrong,5000.0,1.0,5000.0,6,13,4,2025,15,2025-04,1,0,0,0,17,5000.0,5000.0,5714.285714285715,40000.0,8421.42857142857,200400.0,60000.0,109500.0
2025-04-14,Jajan & Nongkrong,5000.0,1.0,5000.0,0,14,4,2025,16,2025-04,0,0,0,0,16,5000.0,5000.0,5714.285714285715,40000.0,6278.571428571428,200400.0,65000.0,90500.0
2025-04-15,Jajan & Nongkrong,5000.0,1.0,5000.0,1,15,4,2025,16,2025-04,0,0,0,0,15,5000.0,5000.0,5714.285714285715,40000.0,5000.0,200400.0,70000.0,90500.0
2025-04-16,Jajan & Nongkrong,5000.0,1.0,5000.0,2,16,4,2025,16,2025-04,0,0,0,0,14,5000.0,5000.0,5714.285714285715,40000.0,5357.142857142857,182900.0,75000.0,90500.0
2025-04-17,Jajan & Nongkrong,5000.0,1.0,5000.0,3,17,4,2025,16,2025-04,0,0,0,0,13,5000.0,15000.0,5714.285714285715,40000.0,5357.142857142857,182900.0,80000.0,96000.0
2025-04-18,Jajan & Nongkrong,0.0,0.0,0.0,4,18,4,2025,16,2025-04,0,0,0,0,12,5000.0,0.0,4285.714285714285,30000.0,5357.142857142857,182900.0,85000.0,85500.0
2025-04-19,Jajan & Nongkrong,0.0,0.0,0.0,5,19,4,2025,16,2025-04,1,0,0,0,11,0.0,5000.0,4285.714285714285,30000.0,5000.0,182900.0,85000.0,85500.0
2025-04-20,Jajan & Nongkrong,10900.0,2.0,5450.0,6,20,4,2025,16,2025-04,1,0,0,0,10,0.0,5000.0,3571.4285714285716,25000.0,4642.857142857143,182900.0,85000.0,96400.0
2025-04-21,Jajan & Nongkrong,5000.0,1.0,5000.0,0,21,4,2025,17,2025-04,0,0,0,0,9,10900.0,5000.0,4414.285714285715,30900.0,5064.285714285715,193800.0,95900.0,90500.0
2025-04-22,Jajan & Nongkrong,0.0,0.0,0.0,1,22,4,2025,17,2025-04,0,0,0,0,8,5000.0,5000.0,4414.285714285715,30900.0,5064.285714285715,193800.0,100900.0,85500.0
2025-04-23,Jajan & Nongkrong,5000.0,1.0,5000.0,2,23,4,2025,17,2025-04,0,0,0,0,7,0.0,5000.0,3700.0,25900.0,4707.142857142857,188800.0,100900.0,90500.0
2025-04-24,Jajan & Nongkrong,5000.0,1.0,5000.0,3,24,4,2025,17,2025-04,0,0,0,0,6,5000.0,5000.0,3700.0,25900.0,4707.142857142857,188800.0,105900.0,255500.0
2025-04-25,Jajan & Nongkrong,5000.0,1.0,5000.0,4,25,4,2025,17,2025-04,0,0,0,0,5,5000.0,0.0,3700.0,25900.0,3992.8571428571427,188800.0,110900.0,90500.0
2025-04-26,Jajan & Nongkrong,5000.0,1.0,5000.0,5,26,4,2025,17,2025-04,1,0,0,0,4,5000.0,0.0,4414.285714285715,30900.0,4350.0,188800.0,115900.0,90500.0
2025-04-27,Jajan & Nongkrong,0.0,0.0,0.0,6,27,4,2025,17,2025-04,1,0,0,0,3,5000.0,10900.0,5128.571428571428,35900.0,4350.0,188800.0,120900.0,85500.0
2025-04-28,Jajan & Nongkrong,5000.0,1.0,5000.0,0,28,4,2025,18,2025-04,0,0,0,0,2,0.0,5000.0,3571.4285714285716,25000.0,3992.8571428571427,183800.0,120900.0,132500.0
2025-04-29,Jajan & Nongkrong,0.0,0.0,0.0,1,29,4,2025,18,2025-04,0,0,0,0,1,5000.0,0.0,3571.4285714285716,25000.0,3992.8571428571427,183800.0,125900.0,93400.0
2025-04-30,Jajan & Nongkrong,5000.0,1.0,5000.0,2,30,4,2025,18,2025-04,0,0,0,1,0,0.0,5000.0,3571.4285714285716,25000.0,3635.714285714286,148800.0,125900.0,90500.0
2025-05-01,Jajan & Nongkrong,5000.0,1.0,5000.0,3,1,5,2025,18,2025-05,0,1,1,0,30,5000.0,5000.0,3571.4285714285716,25000.0,3635.714285714286,130900.0,0.0,2158528.0
2025-05-02,Jajan & Nongkrong,5000.0,1.0,5000.0,4,2,5,2025,18,2025-05,0,1,0,0,29,5000.0,5000.0,3571.4285714285716,25000.0,3635.714285714286,135900.0,5000.0,90500.0
2025-05-03,Jajan & Nongkrong,5000.0,1.0,5000.0,5,3,5,2025,18,2025-05,1,1,0,0,28,5000.0,5000.0,3571.4285714285716,25000.0,3992.8571428571427,135900.0,10000.0,102400.0
2025-05-04,Jajan & Nongkrong,5000.0,1.0,5000.0,6,4,5,2025,18,2025-05,1,0,0,0,27,5000.0,0.0,3571.4285714285716,25000.0,4350.0,135900.0,15000.0,90500.0
2025-05-05,Jajan & Nongkrong,5000.0,1.0,5000.0,0,5,5,2025,19,2025-05,0,0,0,0,26,5000.0,5000.0,4285.714285714285,30000.0,3928.5714285714284,135900.0,20000.0,116900.0
2025-05-06,Jajan & Nongkrong,5000.0,1.0,5000.0,1,6,5,2025,19,2025-05,0,0,0,0,25,5000.0,0.0,4285.714285714285,30000.0,3928.5714285714284,135900.0,25000.0,113200.0
2025-05-07,Jajan & Nongkrong,0.0,0.0,0.0,2,7,5,2025,19,2025-05,0,0,0,0,24,5000.0,5000.0,5000.0,35000.0,4285.714285714285,135900.0,30000.0,85500.0
2025-05-08,Jajan & Nongkrong,5000.0,1.0,5000.0,3,8,5,2025,19,2025-05,0,0,0,0,23,0.0,5000.0,4285.714285714285,30000.0,3928.5714285714284,130900.0,30000.0,97700.0
2025-05-09,Jajan & Nongkrong,28800.0,2.0,14400.0,4,9,5,2025,19,2025-05,0,0,0,0,22,5000.0,5000.0,4285.714285714285,30000.0,3928.5714285714284,130900.0,35000.0,135200.0
2025-05-10,Jajan & Nongkrong,5000.0,1.0,5000.0,5,10,5,2025,19,2025-05,1,0,0,0,21,28800.0,5000.0,7685.714285714285,53800.0,5628.571428571428,154700.0,63800.0,102500.0
2025-05-11,Jajan & Nongkrong,5000.0,1.0,5000.0,6,11,5,2025,19,2025-05,1,0,0,0,20,5000.0,5000.0,7685.714285714285,53800.0,5628.571428571428,144700.0,68800.0,124100.0
2025-05-12,Jajan & Nongkrong,5000.0,1.0,5000.0,0,12,5,2025,20,2025-05,0,0,0,0,19,5000.0,5000.0,7685.714285714285,53800.0,5985.714285714285,149700.0,73800.0,107000.0
2025-05-13,Jajan & Nongkrong,13300.0,2.0,6650.0,1,13,5,2025,20,2025-05,0,0,0,0,18,5000.0,5000.0,7685.714285714285,53800.0,5985.714285714285,149700.0,78800.0,137800.0
2025-05-14,Jajan & Nongkrong,0.0,0.0,0.0,2,14,5,2025,20,2025-05,0,0,0,0,17,13300.0,0.0,8871.42857142857,62100.0,6935.714285714285,158000.0,92100.0,92700.0
2025-05-15,Jajan & Nongkrong,0.0,0.0,0.0,3,15,5,2025,20,2025-05,0,0,0,0,16,0.0,5000.0,8871.42857142857,62100.0,6578.571428571428,153000.0,92100.0,115400.0
2025-05-16,Jajan & Nongkrong,5000.0,1.0,5000.0,4,16,5,2025,20,2025-05,0,0,0,0,15,0.0,28800.0,8157.142857142857,57100.0,6221.428571428572,148000.0,92100.0,90500.0
2025-05-17,Jajan & Nongkrong,5000.0,1.0,5000.0,5,17,5,2025,20,2025-05,1,0,0,0,14,5000.0,5000.0,4757.142857142857,33300.0,6221.428571428572,148000.0,97100.0,152400.0
2025-05-18,Jajan & Nongkrong,0.0,0.0,0.0,6,18,5,2025,20,2025-05,1,0,0,0,13,5000.0,5000.0,4757.142857142857,33300.0,6221.428571428572,148000.0,102100.0,85500.0
2025-05-19,Jajan & Nongkrong,5000.0,1.0,5000.0,0,19,5,2025,21,2025-05,0,0,0,0,12,0.0,5000.0,4042.8571428571427,28300.0,5864.285714285715,148000.0,102100.0,125000.0
2025-05-20,Jajan & Nongkrong,0.0,0.0,0.0,1,20,5,2025,21,2025-05,0,0,0,0,11,5000.0,13300.0,4042.8571428571427,28300.0,5864.285714285715,153000.0,107100.0,85500.0
2025-05-21,Jajan & Nongkrong,5000.0,1.0,5000.0,2,21,5,2025,21,2025-05,0,0,0,0,10,0.0,0.0,2142.8571428571427,15000.0,5507.142857142857,142100.0,107100.0,90500.0
2025-05-22,Jajan & Nongkrong,5000.0,1.0,5000.0,3,22,5,2025,21,2025-05,0,0,0,0,9,5000.0,0.0,2857.1428571428573,20000.0,5864.285714285715,142100.0,112100.0,129500.0
2025-05-23,Jajan & Nongkrong,5000.0,1.0,5000.0,4,23,5,2025,21,2025-05,0,0,0,0,8,5000.0,5000.0,3571.4285714285716,25000.0,5864.285714285715,147100.0,117100.0,90500.0
2025-05-24,Jajan & Nongkrong,21000.0,2.0,10500.0,5,24,5,2025,21,2025-05,1,0,0,0,7,5000.0,5000.0,3571.4285714285716,25000.0,4164.285714285715,147100.0,122100.0,106500.0
2025-05-25,Jajan & Nongkrong,5000.0,1.0,5000.0,6,25,5,2025,21,2025-05,1,0,0,0,6,21000.0,0.0,5857.142857142857,41000.0,5307.142857142857,163100.0,143100.0,90500.0
2025-05-26,Jajan & Nongkrong,5000.0,1.0,5000.0,0,26,5,2025,22,2025-05,0,0,0,0,5,5000.0,5000.0,6571.428571428572,46000.0,5307.142857142857,163100.0,148100.0,90500.0
2025-05-27,Jajan & Nongkrong,0.0,0.0,0.0,1,27,5,2025,22,2025-05,0,0,0,0,4,5000.0,0.0,6571.428571428572,46000.0,5307.142857142857,163100.0,153100.0,85500.0
2025-05-28,Jajan & Nongkrong,5000.0,1.0,5000.0,2,28,5,2025,22,2025-05,0,0,0,0,3,0.0,5000.0,6571.428571428572,46000.0,4357.142857142857,163100.0,153100.0,90500.0
2025-05-29,Jajan & Nongkrong,0.0,0.0,0.0,3,29,5,2025,22,2025-05,0,0,0,0,2,5000.0,5000.0,6571.428571428572,46000.0,4714.285714285715,163100.0,158100.0,85500.0
2025-05-30,Jajan & Nongkrong,5000.0,1.0,5000.0,4,30,5,2025,22,2025-05,0,0,0,0,1,0.0,5000.0,5857.142857142857,41000.0,4714.285714285715,163100.0,158100.0,90500.0
2025-05-31,Jajan & Nongkrong,5000.0,1.0,5000.0,5,31,5,2025,22,2025-05,1,0,0,1,0,5000.0,21000.0,5857.142857142857,41000.0,4714.285714285715,163100.0,163100.0,90500.0
2025-06-01,Jajan & Nongkrong,5000.0,1.0,5000.0,6,1,6,2025,22,2025-06,1,1,1,0,29,5000.0,5000.0,3571.4285714285716,25000.0,4714.285714285715,163100.0,0.0,2069628.0
2025-06-02,Jajan & Nongkrong,5000.0,1.0,5000.0,0,2,6,2025,23,2025-06,0,1,0,0,28,5000.0,5000.0,3571.4285714285716,25000.0,5071.428571428572,163100.0,5000.0,90500.0
2025-06-03,Jajan & Nongkrong,5000.0,1.0,5000.0,1,3,6,2025,23,2025-06,0,1,0,0,27,5000.0,0.0,3571.4285714285716,25000.0,5071.428571428572,163100.0,10000.0,105400.0
2025-06-04,Jajan & Nongkrong,19000.0,2.0,9500.0,2,4,6,2025,23,2025-06,0,0,0,0,26,5000.0,5000.0,4285.714285714285,30000.0,5428.571428571428,163100.0,15000.0,104500.0
2025-06-05,Jajan & Nongkrong,24300.0,2.0,12150.0,3,5,6,2025,23,2025-06,0,0,0,0,25,19000.0,0.0,6285.714285714285,44000.0,6428.571428571428,177100.0,34000.0,109800.0
2025-06-06,Jajan & Nongkrong,5000.0,1.0,5000.0,4,6,6,2025,23,2025-06,0,0,0,0,24,24300.0,5000.0,9757.142857142857,68300.0,7807.142857142857,196400.0,58300.0,97500.0
2025-06-07,Jajan & Nongkrong,5000.0,1.0,5000.0,5,7,6,2025,23,2025-06,1,0,0,0,23,5000.0,5000.0,9757.142857142857,68300.0,7807.142857142857,201400.0,63300.0,107300.0
2025-06-08,Jajan & Nongkrong,5000.0,1.0,5000.0,6,8,6,2025,23,2025-06,1,0,0,0,22,5000.0,5000.0,9757.142857142857,68300.0,6664.285714285715,201400.0,68300.0,112200.0
2025-06-09,Jajan & Nongkrong,12500.0,2.0,6250.0,0,9,6,2025,24,2025-06,0,0,0,0,21,5000.0,5000.0,9757.142857142857,68300.0,6664.285714285715,177600.0,73300.0,114800.0
2025-06-10,Jajan & Nongkrong,5000.0,1.0,5000.0,1,10,6,2025,24,2025-06,0,0,0,0,20,12500.0,5000.0,10828.57142857143,75800.0,7200.0,185100.0,85800.0,178400.0
2025-06-11,Jajan & Nongkrong,5000.0,1.0,5000.0,2,11,6,2025,24,2025-06,0,0,0,0,19,5000.0,19000.0,10828.57142857143,75800.0,7557.142857142857,185100.0,90800.0,106000.0
2025-06-12,Jajan & Nongkrong,5000.0,1.0,5000.0,3,12,6,2025,24,2025-06,0,0,0,0,18,5000.0,24300.0,8828.57142857143,61800.0,7557.142857142857,185100.0,95800.0,90500.0
2025-06-13,Jajan & Nongkrong,5000.0,1.0,5000.0,4,13,6,2025,24,2025-06,0,0,0,0,17,5000.0,5000.0,6071.428571428572,42500.0,7914.285714285715,176800.0,100800.0,90500.0
2025-06-14,Jajan & Nongkrong,9400.0,2.0,4700.0,5,14,6,2025,24,2025-06,1,0,0,0,16,5000.0,5000.0,6071.428571428572,42500.0,7914.285714285715,181800.0,105800.0,103800.0
2025-06-15,Jajan & Nongkrong,5000.0,1.0,5000.0,6,15,6,2025,24,2025-06,1,0,0,0,15,9400.0,5000.0,6700.0,46900.0,8228.57142857143,191200.0,115200.0,156900.0
2025-06-16,Jajan & Nongkrong,35000.0,1.0,35000.0,0,16,6,2025,25,2025-06,0,0,0,0,14,5000.0,12500.0,6700.0,46900.0,8228.57142857143,191200.0,120200.0,151200.0
2025-06-17,Jajan & Nongkrong,5000.0,1.0,5000.0,1,17,6,2025,25,2025-06,0,0,0,0,13,35000.0,5000.0,9914.285714285714,69400.0,10371.42857142857,221200.0,155200.0,112200.0
2025-06-18,Jajan & Nongkrong,5000.0,1.0,5000.0,2,18,6,2025,25,2025-06,0,0,0,0,12,5000.0,5000.0,9914.285714285714,69400.0,10371.42857142857,226200.0,160200.0,90500.0
2025-06-19,Jajan & Nongkrong,25000.0,2.0,12500.0,3,19,6,2025,25,2025-06,0,0,0,0,11,5000.0,5000.0,9914.285714285714,69400.0,9371.42857142857,226200.0,165200.0,110500.0
2025-06-20,Jajan & Nongkrong,5000.0,1.0,5000.0,4,20,6,2025,25,2025-06,0,0,0,0,10,25000.0,5000.0,12771.42857142857,89400.0,9421.42857142857,251200.0,190200.0,183200.0
2025-06-21,Jajan & Nongkrong,5000.0,1.0,5000.0,5,21,6,2025,25,2025-06,1,0,0,0,9,5000.0,9400.0,12771.42857142857,89400.0,9421.42857142857,251200.0,195200.0,90500.0
2025-06-22,Jajan & Nongkrong,0.0,0.0,0.0,6,22,6,2025,25,2025-06,1,0,0,0,8,5000.0,5000.0,12142.857142857143,85000.0,9421.42857142857,251200.0,200200.0,155300.0
2025-06-23,Jajan & Nongkrong,0.0,0.0,0.0,0,23,6,2025,26,2025-06,0,0,0,0,7,0.0,35000.0,11428.57142857143,80000.0,9064.285714285714,246200.0,200200.0,130000.0
2025-06-24,Jajan & Nongkrong,5000.0,1.0,5000.0,1,24,6,2025,26,2025-06,0,0,0,0,6,0.0,5000.0,6428.571428571428,45000.0,8171.428571428572,225200.0,200200.0,106400.0
2025-06-25,Jajan & Nongkrong,5000.0,1.0,5000.0,2,25,6,2025,26,2025-06,0,0,0,0,5,5000.0,5000.0,6428.571428571428,45000.0,8171.428571428572,225200.0,205200.0,118300.0
2025-06-26,Jajan & Nongkrong,5000.0,1.0,5000.0,3,26,6,2025,26,2025-06,0,0,0,0,4,5000.0,25000.0,6428.571428571428,45000.0,8171.428571428572,225200.0,210200.0,90500.0
2025-06-27,Jajan & Nongkrong,5000.0,1.0,5000.0,4,27,6,2025,26,2025-06,0,0,0,0,3,5000.0,5000.0,3571.4285714285716,25000.0,8171.428571428572,230200.0,215200.0,90500.0
2025-06-28,Jajan & Nongkrong,5000.0,1.0,5000.0,5,28,6,2025,26,2025-06,1,0,0,0,2,5000.0,5000.0,3571.4285714285716,25000.0,8171.428571428572,230200.0,220200.0,106400.0
2025-06-29,Jajan & Nongkrong,0.0,0.0,0.0,6,29,6,2025,26,2025-06,1,0,0,0,1,5000.0,0.0,3571.4285714285716,25000.0,7857.142857142857,235200.0,225200.0,146300.0
2025-01-01,Kebutuhan Rumah & Mandi,0.0,0.0,0.0,2,1,1,2025,1,2025-01,0,1,1,0,30,0.0,0.0,0.0,0.0,0.0,0.0,0.0,2049428.0
2025-01-02,Kebutuhan Rumah & Mandi,0.0,0.0,0.0,3,2,1,2025,1,2025-01,0,1,0,0,29,0.0,0.0,0.0,0.0,0.0,0.0,0.0,218500.0
2025-01-03,Kebutuhan Rumah & Mandi,0.0,0.0,0.0,4,3,1,2025,1,2025-01,0,1,0,0,28,0.0,0.0,0.0,0.0,0.0,0.0,0.0,90500.0
2025-01-04,Kebutuhan Rumah & Mandi,0.0,0.0,0.0,5,4,1,2025,1,2025-01,1,0,0,0,27,0.0,0.0,0.0,0.0,0.0,0.0,0.0,189400.0
2025-01-05,Kebutuhan Rumah & Mandi,0.0,0.0,0.0,6,5,1,2025,1,2025-01,1,0,0,0,26,0.0,0.0,0.0,0.0,0.0,0.0,0.0,174500.0
2025-01-06,Kebutuhan Rumah & Mandi,6500.0,1.0,6500.0,0,6,1,2025,2,2025-01,0,0,0,0,25,0.0,0.0,0.0,0.0,0.0,0.0,0.0,118000.0
2025-01-07,Kebutuhan Rumah & Mandi,0.0,0.0,0.0,1,7,1,2025,2,2025-01,0,0,0,0,24,6500.0,0.0,1083.3333333333333,6500.0,1083.3333333333333,6500.0,6500.0,107500.0
2025-01-08,Kebutuhan Rumah & Mandi,23500.0,1.0,23500.0,2,8,1,2025,2,2025-01,0,0,0,0,23,0.0,0.0,928.5714285714286,6500.0,928.5714285714286,6500.0,6500.0,126900.0
2025-01-09,Kebutuhan Rumah & Mandi,27900.0,1.0,27900.0,3,9,1,2025,2,2025-01,0,0,0,0,22,23500.0,0.0,4285.714285714285,30000.0,3750.0,30000.0,30000.0,118400.0
2025-01-10,Kebutuhan Rumah & Mandi,0.0,0.0,0.0,4,10,1,2025,2,2025-01,0,0,0,0,21,27900.0,0.0,8271.42857142857,57900.0,6433.333333333333,57900.0,57900.0,97200.0
2025-01-11,Kebutuhan Rumah & Mandi,0.0,0.0,0.0,5,11,1,2025,2,2025-01,1,0,0,0,20,0.0,0.0,8271.42857142857,57900.0,5790.0,57900.0,57900.0,141000.0
2025-01-12,Kebutuhan Rumah & Mandi,0.0,0.0,0.0,6,12,1,2025,2,2025-01,1,0,0,0,19,0.0,0.0,8271.42857142857,57900.0,5263.636363636364,57900.0,57900.0,116200.0
2025-01-13,Kebutuhan Rumah & Mandi,0.0,0.0,0.0,0,13,1,2025,3,2025-01,0,0,0,0,18,0.0,6500.0,8271.42857142857,57900.0,4825.0,57900.0,57900.0,205500.0
2025-01-14,Kebutuhan Rumah & Mandi,0.0,0.0,0.0,1,14,1,2025,3,2025-01,0,0,0,0,17,0.0,0.0,7342.857142857143,51400.0,4453.846153846154,57900.0,57900.0,90500.0
2025-01-15,Kebutuhan Rumah & Mandi,0.0,0.0,0.0,2,15,1,2025,3,2025-01,0,0,0,0,16,0.0,23500.0,7342.857142857143,51400.0,4135.714285714285,57900.0,57900.0,85500.0
2025-01-16,Kebutuhan Rumah & Mandi,0.0,0.0,0.0,3,16,1,2025,3,2025-01,0,0,0,0,15,0.0,27900.0,3985.714285714286,27900.0,4135.714285714285,57900.0,57900.0,107600.0
2025-01-17,Kebutuhan Rumah & Mandi,0.0,0.0,0.0,4,17,1,2025,3,2025-01,0,0,0,0,14,0.0,0.0,0.0,0.0,4135.714285714285,57900.0,57900.0,90500.0
2025-01-18,Kebutuhan Rumah & Mandi,13900.0,1.0,13900.0,5,18,1,2025,3,2025-01,1,0,0,0,13,0.0,0.0,0.0,0.0,4135.714285714285,57900.0,57900.0,104400.0
2025-01-19,Kebutuhan Rumah & Mandi,45900.0,1.0,45900.0,6,19,1,2025,3,2025-01,1,0,0,0,12,13900.0,0.0,1985.7142857142858,13900.0,5128.571428571428,71800.0,71800.0,157400.0
2025-01-20,Kebutuhan Rumah & Mandi,0.0,0.0,0.0,0,20,1,2025,4,2025-01,0,0,0,0,11,45900.0,0.0,8542.857142857143,59800.0,8407.142857142857,117700.0,117700.0,115600.0
2025-01-21,Kebutuhan Rumah & Mandi,0.0,0.0,0.0,1,21,1,2025,4,2025-01,0,0,0,0,10,0.0,0.0,8542.857142857143,59800.0,7942.857142857143,117700.0,117700.0,97900.0
2025-01-22,Kebutuhan Rumah & Mandi,0.0,0.0,0.0,2,22,1,2025,4,2025-01,0,0,0,0,9,0.0,0.0,8542.857142857143,59800.0,7942.857142857143,117700.0,117700.0,85500.0
2025-01-23,Kebutuhan Rumah & Mandi,0.0,0.0,0.0,3,23,1,2025,4,2025-01,0,0,0,0,8,0.0,0.0,8542.857142857143,59800.0,6264.285714285715,117700.0,117700.0,113300.0
2025-01-24,Kebutuhan Rumah & Mandi,0.0,0.0,0.0,4,24,1,2025,4,2025-01,0,0,0,0,7,0.0,0.0,8542.857142857143,59800.0,4271.428571428572,117700.0,117700.0,85500.0
2025-01-25,Kebutuhan Rumah & Mandi,0.0,0.0,0.0,5,25,1,2025,4,2025-01,1,0,0,0,6,0.0,13900.0,8542.857142857143,59800.0,4271.428571428572,117700.0,117700.0,85500.0
2025-01-26,Kebutuhan Rumah & Mandi,0.0,0.0,0.0,6,26,1,2025,4,2025-01,1,0,0,0,5,0.0,45900.0,6557.142857142857,45900.0,4271.428571428572,117700.0,117700.0,90500.0
2025-01-27,Kebutuhan Rumah & Mandi,0.0,0.0,0.0,0,27,1,2025,5,2025-01,0,0,0,0,4,0.0,0.0,0.0,0.0,4271.428571428572,117700.0,117700.0,90500.0
2025-01-28,Kebutuhan Rumah & Mandi,0.0,0.0,0.0,1,28,1,2025,5,2025-01,0,0,0,0,3,0.0,0.0,0.0,0.0,4271.428571428572,117700.0,117700.0,90500.0
2025-01-29,Kebutuhan Rumah & Mandi,0.0,0.0,0.0,2,29,1,2025,5,2025-01,0,0,0,0,2,0.0,0.0,0.0,0.0,4271.428571428572,117700.0,117700.0,90500.0
2025-01-30,Kebutuhan Rumah & Mandi,0.0,0.0,0.0,3,30,1,2025,5,2025-01,0,0,0,0,1,0.0,0.0,0.0,0.0,4271.428571428572,117700.0,117700.0,94000.0
2025-01-31,Kebutuhan Rumah & Mandi,17900.0,1.0,17900.0,4,31,1,2025,5,2025-01,0,0,0,1,0,0.0,0.0,0.0,0.0,4271.428571428572,117700.0,117700.0,108400.0
2025-02-01,Kebutuhan Rumah & Mandi,0.0,0.0,0.0,5,1,2,2025,5,2025-02,1,1,1,0,27,17900.0,0.0,2557.1428571428573,17900.0,5550.0,135600.0,0.0,2085028.0
2025-02-02,Kebutuhan Rumah & Mandi,0.0,0.0,0.0,6,2,2,2025,5,2025-02,1,1,0,0,26,0.0,0.0,2557.1428571428573,17900.0,4557.142857142857,135600.0,0.0,90500.0
2025-02-03,Kebutuhan Rumah & Mandi,0.0,0.0,0.0,0,3,2,2025,6,2025-02,0,1,0,0,25,0.0,0.0,2557.1428571428573,17900.0,1278.5714285714287,135600.0,0.0,98000.0
2025-02-04,Kebutuhan Rumah & Mandi,0.0,0.0,0.0,1,4,2,2025,6,2025-02,0,0,0,0,24,0.0,0.0,2557.1428571428573,17900.0,1278.5714285714287,135600.0,0.0,90500.0
2025-02-05,Kebutuhan Rumah & Mandi,0.0,0.0,0.0,2,5,2,2025,6,2025-02,0,0,0,0,23,0.0,0.0,2557.1428571428573,17900.0,1278.5714285714287,135600.0,0.0,118900.0
2025-02-06,Kebutuhan Rumah & Mandi,0.0,0.0,0.0,3,6,2,2025,6,2025-02,0,0,0,0,22,0.0,0.0,2557.1428571428573,17900.0,1278.5714285714287,129100.0,0.0,90500.0
2025-02-07,Kebutuhan Rumah & Mandi,0.0,0.0,0.0,4,7,2,2025,6,2025-02,0,0,0,0,21,0.0,17900.0,2557.1428571428573,17900.0,1278.5714285714287,129100.0,0.0,90500.0
2025-02-08,Kebutuhan Rumah & Mandi,0.0,0.0,0.0,5,8,2,2025,6,2025-02,1,0,0,0,20,0.0,0.0,0.0,0.0,1278.5714285714287,105600.0,0.0,104700.0
2025-02-09,Kebutuhan Rumah & Mandi,0.0,0.0,0.0,6,9,2,2025,6,2025-02,1,0,0,0,19,0.0,0.0,0.0,0.0,1278.5714285714287,77700.0,0.0,106900.0
2025-02-10,Kebutuhan Rumah & Mandi,0.0,0.0,0.0,0,10,2,2025,7,2025-02,0,0,0,0,18,0.0,0.0,0.0,0.0,1278.5714285714287,77700.0,0.0,140400.0
2025-02-11,Kebutuhan Rumah & Mandi,0.0,0.0,0.0,1,11,2,2025,7,2025-02,0,0,0,0,17,0.0,0.0,0.0,0.0,1278.5714285714287,77700.0,0.0,115500.0
2025-02-12,Kebutuhan Rumah & Mandi,0.0,0.0,0.0,2,12,2,2025,7,2025-02,0,0,0,0,16,0.0,0.0,0.0,0.0,1278.5714285714287,77700.0,0.0,135400.0
2025-02-13,Kebutuhan Rumah & Mandi,0.0,0.0,0.0,3,13,2,2025,7,2025-02,0,0,0,0,15,0.0,0.0,0.0,0.0,1278.5714285714287,77700.0,0.0,98000.0
2025-02-14,Kebutuhan Rumah & Mandi,0.0,0.0,0.0,4,14,2,2025,7,2025-02,0,0,0,0,14,0.0,0.0,0.0,0.0,1278.5714285714287,77700.0,0.0,97500.0
2025-02-15,Kebutuhan Rumah & Mandi,0.0,0.0,0.0,5,15,2,2025,7,2025-02,1,0,0,0,13,0.0,0.0,0.0,0.0,0.0,77700.0,0.0,106200.0
2025-02-16,Kebutuhan Rumah & Mandi,0.0,0.0,0.0,6,16,2,2025,7,2025-02,1,0,0,0,12,0.0,0.0,0.0,0.0,0.0,77700.0,0.0,111700.0
2025-02-17,Kebutuhan Rumah & Mandi,0.0,0.0,0.0,0,17,2,2025,8,2025-02,0,0,0,0,11,0.0,0.0,0.0,0.0,0.0,77700.0,0.0,93200.0
2025-02-18,Kebutuhan Rumah & Mandi,0.0,0.0,0.0,1,18,2,2025,8,2025-02,0,0,0,0,10,0.0,0.0,0.0,0.0,0.0,63800.0,0.0,228400.0
2025-02-19,Kebutuhan Rumah & Mandi,0.0,0.0,0.0,2,19,2,2025,8,2025-02,0,0,0,0,9,0.0,0.0,0.0,0.0,0.0,17900.0,0.0,99000.0
2025-02-20,Kebutuhan Rumah & Mandi,0.0,0.0,0.0,3,20,2,2025,8,2025-02,0,0,0,0,8,0.0,0.0,0.0,0.0,0.0,17900.0,0.0,115500.0
2025-02-21,Kebutuhan Rumah & Mandi,72000.0,1.0,72000.0,4,21,2,2025,8,2025-02,0,0,0,0,7,0.0,0.0,0.0,0.0,0.0,17900.0,0.0,162500.0
2025-02-22,Kebutuhan Rumah & Mandi,25000.0,1.0,25000.0,5,22,2,2025,8,2025-02,1,0,0,0,6,72000.0,0.0,10285.714285714286,72000.0,5142.857142857143,89900.0,72000.0,121500.0
2025-02-23,Kebutuhan Rumah & Mandi,15000.0,1.0,15000.0,6,23,2,2025,8,2025-02,1,0,0,0,5,25000.0,0.0,13857.142857142857,97000.0,6928.571428571428,114900.0,97000.0,130900.0
2025-02-24,Kebutuhan Rumah & Mandi,56900.0,1.0,56900.0,0,24,2,2025,9,2025-02,0,0,0,0,4,15000.0,0.0,16000.0,112000.0,8000.0,129900.0,112000.0,154900.0
2025-02-25,Kebutuhan Rumah & Mandi,0.0,0.0,0.0,1,25,2,2025,9,2025-02,0,0,0,0,3,56900.0,0.0,24128.571428571428,168900.0,12064.285714285714,186800.0,168900.0,90500.0
2025-02-26,Kebutuhan Rumah & Mandi,13900.0,1.0,13900.0,2,26,2,2025,9,2025-02,0,0,0,0,2,0.0,0.0,24128.571428571428,168900.0,12064.285714285714,186800.0,168900.0,116900.0
2025-02-27,Kebutuhan Rumah & Mandi,0.0,0.0,0.0,3,27,2,2025,9,2025-02,0,0,0,0,1,13900.0,0.0,26114.285714285714,182800.0,13057.142857142857,200700.0,182800.0,107500.0
2025-02-28,Kebutuhan Rumah & Mandi,0.0,0.0,0.0,4,28,2,2025,9,2025-02,0,0,0,1,0,0.0,72000.0,26114.285714285714,182800.0,13057.142857142857,200700.0,182800.0,85500.0
2025-03-01,Kebutuhan Rumah & Mandi,0.0,0.0,0.0,5,1,3,2025,9,2025-03,1,1,1,0,30,0.0,25000.0,15828.57142857143,110800.0,13057.142857142857,200700.0,0.0,2059528.0
2025-03-02,Kebutuhan Rumah & Mandi,0.0,0.0,0.0,6,2,3,2025,9,2025-03,1,1,0,0,29,0.0,15000.0,12257.142857142857,85800.0,13057.142857142857,200700.0,0.0,105500.0
2025-03-03,Kebutuhan Rumah & Mandi,0.0,0.0,0.0,0,3,3,2025,10,2025-03,0,1,0,0,28,0.0,56900.0,10114.285714285714,70800.0,13057.142857142857,182800.0,0.0,85500.0
2025-03-04,Kebutuhan Rumah & Mandi,0.0,0.0,0.0,1,4,3,2025,10,2025-03,0,0,0,0,27,0.0,0.0,1985.7142857142858,13900.0,13057.142857142857,182800.0,0.0,93000.0
2025-03-05,Kebutuhan Rumah & Mandi,23000.0,1.0,23000.0,2,5,3,2025,10,2025-03,0,0,0,0,26,0.0,13900.0,1985.7142857142858,13900.0,13057.142857142857,182800.0,0.0,146000.0
2025-03-06,Kebutuhan Rumah & Mandi,0.0,0.0,0.0,3,6,3,2025,10,2025-03,0,0,0,0,25,23000.0,0.0,3285.714285714286,23000.0,14700.0,205800.0,23000.0,93200.0
2025-03-07,Kebutuhan Rumah & Mandi,37000.0,1.0,37000.0,4,7,3,2025,10,2025-03,0,0,0,0,24,0.0,0.0,3285.714285714286,23000.0,14700.0,205800.0,23000.0,160000.0
2025-03-08,Kebutuhan Rumah & Mandi,27400.0,1.0,27400.0,5,8,3,2025,10,2025-03,1,0,0,0,23,37000.0,0.0,8571.42857142857,60000.0,12200.0,242800.0,60000.0,125400.0
2025-03-09,Kebutuhan Rumah & Mandi,0.0,0.0,0.0,6,9,3,2025,10,2025-03,1,0,0,0,22,27400.0,0.0,12485.714285714286,87400.0,12371.42857142857,270200.0,87400.0,98600.0
2025-03-10,Kebutuhan Rumah & Mandi,0.0,0.0,0.0,0,10,3,2025,11,2025-03,0,0,0,0,21,0.0,0.0,12485.714285714286,87400.0,11300.0,270200.0,87400.0,98800.0
2025-03-11,Kebutuhan Rumah & Mandi,0.0,0.0,0.0,1,11,3,2025,11,2025-03,0,0,0,0,20,0.0,0.0,12485.714285714286,87400.0,7235.714285714285,270200.0,87400.0,100500.0
2025-03-12,Kebutuhan Rumah & Mandi,0.0,0.0,0.0,2,12,3,2025,11,2025-03,0,0,0,0,19,0.0,23000.0,12485.714285714286,87400.0,7235.714285714285,270200.0,87400.0,100400.0
2025-03-13,Kebutuhan Rumah & Mandi,0.0,0.0,0.0,3,13,3,2025,11,2025-03,0,0,0,0,18,0.0,0.0,9200.0,64400.0,6242.857142857143,270200.0,87400.0,120500.0
2025-03-14,Kebutuhan Rumah & Mandi,0.0,0.0,0.0,4,14,3,2025,11,2025-03,0,0,0,0,17,0.0,37000.0,9200.0,64400.0,6242.857142857143,270200.0,87400.0,90500.0
2025-03-15,Kebutuhan Rumah & Mandi,99000.0,1.0,99000.0,5,15,3,2025,11,2025-03,1,0,0,0,16,0.0,27400.0,3914.285714285714,27400.0,6242.857142857143,270200.0,87400.0,189500.0
2025-03-16,Kebutuhan Rumah & Mandi,0.0,0.0,0.0,6,16,3,2025,11,2025-03,1,0,0,0,15,99000.0,0.0,14142.857142857143,99000.0,13314.285714285714,369200.0,186400.0,126400.0
2025-03-17,Kebutuhan Rumah & Mandi,0.0,0.0,0.0,0,17,3,2025,12,2025-03,0,0,0,0,14,0.0,0.0,14142.857142857143,99000.0,13314.285714285714,369200.0,186400.0,90500.0
2025-03-18,Kebutuhan Rumah & Mandi,49900.0,1.0,49900.0,1,18,3,2025,12,2025-03,0,0,0,0,13,0.0,0.0,14142.857142857143,99000.0,13314.285714285714,369200.0,186400.0,140400.0
2025-03-19,Kebutuhan Rumah & Mandi,0.0,0.0,0.0,2,19,3,2025,12,2025-03,0,0,0,0,12,49900.0,0.0,21271.428571428572,148900.0,16878.571428571428,419100.0,236300.0,85500.0
2025-03-20,Kebutuhan Rumah & Mandi,0.0,0.0,0.0,3,20,3,2025,12,2025-03,0,0,0,0,11,0.0,0.0,21271.428571428572,148900.0,15235.714285714286,419100.0,236300.0,93400.0
2025-03-21,Kebutuhan Rumah & Mandi,0.0,0.0,0.0,4,21,3,2025,12,2025-03,0,0,0,0,10,0.0,0.0,21271.428571428572,148900.0,15235.714285714286,419100.0,236300.0,131400.0
2025-03-22,Kebutuhan Rumah & Mandi,0.0,0.0,0.0,5,22,3,2025,12,2025-03,1,0,0,0,9,0.0,99000.0,21271.428571428572,148900.0,12592.857142857143,419100.0,236300.0,99400.0
2025-03-23,Kebutuhan Rumah & Mandi,0.0,0.0,0.0,6,23,3,2025,12,2025-03,1,0,0,0,8,0.0,0.0,7128.571428571428,49900.0,10635.714285714286,419100.0,236300.0,105400.0
2025-03-24,Kebutuhan Rumah & Mandi,0.0,0.0,0.0,0,24,3,2025,13,2025-03,0,0,0,0,7,0.0,0.0,7128.571428571428,49900.0,10635.714285714286,347100.0,236300.0,120500.0
2025-03-25,Kebutuhan Rumah & Mandi,28000.0,1.0,28000.0,1,25,3,2025,13,2025-03,0,0,0,0,6,0.0,49900.0,7128.571428571428,49900.0,10635.714285714286,322100.0,236300.0,155000.0
2025-03-26,Kebutuhan Rumah & Mandi,0.0,0.0,0.0,2,26,3,2025,13,2025-03,0,0,0,0,5,28000.0,0.0,4000.0,28000.0,12635.714285714286,335100.0,264300.0,111400.0
2025-03-27,Kebutuhan Rumah & Mandi,0.0,0.0,0.0,3,27,3,2025,13,2025-03,0,0,0,0,4,0.0,0.0,4000.0,28000.0,12635.714285714286,278200.0,264300.0,98000.0
2025-03-28,Kebutuhan Rumah & Mandi,0.0,0.0,0.0,4,28,3,2025,13,2025-03,0,0,0,0,3,0.0,0.0,4000.0,28000.0,12635.714285714286,278200.0,264300.0,106400.0
2025-03-29,Kebutuhan Rumah & Mandi,0.0,0.0,0.0,5,29,3,2025,13,2025-03,1,0,0,0,2,0.0,0.0,4000.0,28000.0,12635.714285714286,264300.0,264300.0,108600.0
2025-03-30,Kebutuhan Rumah & Mandi,9900.0,1.0,9900.0,6,30,3,2025,13,2025-03,1,0,0,0,1,0.0,0.0,4000.0,28000.0,5564.285714285715,264300.0,264300.0,133100.0
2025-03-31,Kebutuhan Rumah & Mandi,0.0,0.0,0.0,0,31,3,2025,14,2025-03,0,0,0,1,0,9900.0,0.0,5414.285714285715,37900.0,6271.428571428572,274200.0,274200.0,108400.0
2025-04-01,Kebutuhan Rumah & Mandi,0.0,0.0,0.0,1,1,4,2025,14,2025-04,0,1,1,0,29,0.0,28000.0,5414.285714285715,37900.0,6271.428571428572,274200.0,0.0,2053028.0
2025-04-02,Kebutuhan Rumah & Mandi,0.0,0.0,0.0,2,2,4,2025,14,2025-04,0,1,0,0,28,0.0,0.0,1414.2857142857142,9900.0,2707.1428571428573,274200.0,0.0,90500.0
2025-04-03,Kebutuhan Rumah & Mandi,0.0,0.0,0.0,3,3,4,2025,14,2025-04,0,1,0,0,27,0.0,0.0,1414.2857142857142,9900.0,2707.1428571428573,274200.0,0.0,107500.0
2025-04-04,Kebutuhan Rumah & Mandi,65000.0,1.0,65000.0,4,4,4,2025,14,2025-04,0,0,0,0,26,0.0,0.0,1414.2857142857142,9900.0,2707.1428571428573,274200.0,0.0,166500.0
2025-04-05,Kebutuhan Rumah & Mandi,0.0,0.0,0.0,5,5,4,2025,14,2025-04,1,0,0,0,25,65000.0,0.0,10700.0,74900.0,7350.0,316200.0,65000.0,110400.0
2025-04-06,Kebutuhan Rumah & Mandi,0.0,0.0,0.0,6,6,4,2025,14,2025-04,1,0,0,0,24,0.0,9900.0,10700.0,74900.0,7350.0,316200.0,65000.0,90500.0
2025-04-07,Kebutuhan Rumah & Mandi,0.0,0.0,0.0,0,7,4,2025,15,2025-04,0,0,0,0,23,0.0,0.0,9285.714285714286,65000.0,7350.0,279200.0,65000.0,109400.0
2025-04-08,Kebutuhan Rumah & Mandi,0.0,0.0,0.0,1,8,4,2025,15,2025-04,0,0,0,0,22,0.0,0.0,9285.714285714286,65000.0,7350.0,251800.0,65000.0,109100.0
2025-04-09,Kebutuhan Rumah & Mandi,0.0,0.0,0.0,2,9,4,2025,15,2025-04,0,0,0,0,21,0.0,0.0,9285.714285714286,65000.0,5350.0,251800.0,65000.0,106500.0
2025-04-10,Kebutuhan Rumah & Mandi,68000.0,1.0,68000.0,3,10,4,2025,15,2025-04,0,0,0,0,20,0.0,0.0,9285.714285714286,65000.0,5350.0,251800.0,65000.0,203000.0
2025-04-11,Kebutuhan Rumah & Mandi,0.0,0.0,0.0,4,11,4,2025,15,2025-04,0,0,0,0,19,68000.0,65000.0,19000.0,133000.0,10207.142857142857,319800.0,133000.0,310500.0
2025-04-12,Kebutuhan Rumah & Mandi,0.0,0.0,0.0,5,12,4,2025,15,2025-04,1,0,0,0,18,0.0,0.0,9714.285714285714,68000.0,10207.142857142857,319800.0,133000.0,90500.0
2025-04-13,Kebutuhan Rumah & Mandi,0.0,0.0,0.0,6,13,4,2025,15,2025-04,1,0,0,0,17,0.0,0.0,9714.285714285714,68000.0,10207.142857142857,319800.0,133000.0,109500.0
2025-04-14,Kebutuhan Rumah & Mandi,0.0,0.0,0.0,0,14,4,2025,16,2025-04,0,0,0,0,16,0.0,0.0,9714.285714285714,68000.0,9500.0,319800.0,133000.0,90500.0
2025-04-15,Kebutuhan Rumah & Mandi,0.0,0.0,0.0,1,15,4,2025,16,2025-04,0,0,0,0,15,0.0,0.0,9714.285714285714,68000.0,9500.0,220800.0,133000.0,90500.0
2025-04-16,Kebutuhan Rumah & Mandi,0.0,0.0,0.0,2,16,4,2025,16,2025-04,0,0,0,0,14,0.0,0.0,9714.285714285714,68000.0,9500.0,220800.0,133000.0,90500.0
2025-04-17,Kebutuhan Rumah & Mandi,0.0,0.0,0.0,3,17,4,2025,16,2025-04,0,0,0,0,13,0.0,68000.0,9714.285714285714,68000.0,9500.0,220800.0,133000.0,96000.0
2025-04-18,Kebutuhan Rumah & Mandi,0.0,0.0,0.0,4,18,4,2025,16,2025-04,0,0,0,0,12,0.0,0.0,0.0,0.0,9500.0,170900.0,133000.0,85500.0
2025-04-19,Kebutuhan Rumah & Mandi,0.0,0.0,0.0,5,19,4,2025,16,2025-04,1,0,0,0,11,0.0,0.0,0.0,0.0,4857.142857142857,170900.0,133000.0,85500.0
2025-04-20,Kebutuhan Rumah & Mandi,0.0,0.0,0.0,6,20,4,2025,16,2025-04,1,0,0,0,10,0.0,0.0,0.0,0.0,4857.142857142857,170900.0,133000.0,96400.0
2025-04-21,Kebutuhan Rumah & Mandi,0.0,0.0,0.0,0,21,4,2025,17,2025-04,0,0,0,0,9,0.0,0.0,0.0,0.0,4857.142857142857,170900.0,133000.0,90500.0
2025-04-22,Kebutuhan Rumah & Mandi,0.0,0.0,0.0,1,22,4,2025,17,2025-04,0,0,0,0,8,0.0,0.0,0.0,0.0,4857.142857142857,170900.0,133000.0,85500.0
2025-04-23,Kebutuhan Rumah & Mandi,0.0,0.0,0.0,2,23,4,2025,17,2025-04,0,0,0,0,7,0.0,0.0,0.0,0.0,4857.142857142857,170900.0,133000.0,90500.0
2025-04-24,Kebutuhan Rumah & Mandi,0.0,0.0,0.0,3,24,4,2025,17,2025-04,0,0,0,0,6,0.0,0.0,0.0,0.0,4857.142857142857,170900.0,133000.0,255500.0
2025-04-25,Kebutuhan Rumah & Mandi,0.0,0.0,0.0,4,25,4,2025,17,2025-04,0,0,0,0,5,0.0,0.0,0.0,0.0,0.0,142900.0,133000.0,90500.0
2025-04-26,Kebutuhan Rumah & Mandi,0.0,0.0,0.0,5,26,4,2025,17,2025-04,1,0,0,0,4,0.0,0.0,0.0,0.0,0.0,142900.0,133000.0,90500.0
2025-04-27,Kebutuhan Rumah & Mandi,0.0,0.0,0.0,6,27,4,2025,17,2025-04,1,0,0,0,3,0.0,0.0,0.0,0.0,0.0,142900.0,133000.0,85500.0
2025-04-28,Kebutuhan Rumah & Mandi,42000.0,1.0,42000.0,0,28,4,2025,18,2025-04,0,0,0,0,2,0.0,0.0,0.0,0.0,0.0,142900.0,133000.0,132500.0
2025-04-29,Kebutuhan Rumah & Mandi,7900.0,1.0,7900.0,1,29,4,2025,18,2025-04,0,0,0,0,1,42000.0,0.0,6000.0,42000.0,3000.0,184900.0,175000.0,93400.0
2025-04-30,Kebutuhan Rumah & Mandi,0.0,0.0,0.0,2,30,4,2025,18,2025-04,0,0,0,1,0,7900.0,0.0,7128.571428571428,49900.0,3564.285714285714,182900.0,182900.0,90500.0
2025-05-01,Kebutuhan Rumah & Mandi,0.0,0.0,0.0,3,1,5,2025,18,2025-05,0,1,1,0,30,0.0,0.0,7128.571428571428,49900.0,3564.285714285714,182900.0,0.0,2158528.0
2025-05-02,Kebutuhan Rumah & Mandi,0.0,0.0,0.0,4,2,5,2025,18,2025-05,0,1,0,0,29,0.0,0.0,7128.571428571428,49900.0,3564.285714285714,182900.0,0.0,90500.0
2025-05-03,Kebutuhan Rumah & Mandi,0.0,0.0,0.0,5,3,5,2025,18,2025-05,1,1,0,0,28,0.0,0.0,7128.571428571428,49900.0,3564.285714285714,182900.0,0.0,102400.0
2025-05-04,Kebutuhan Rumah & Mandi,0.0,0.0,0.0,6,4,5,2025,18,2025-05,1,0,0,0,27,0.0,0.0,7128.571428571428,49900.0,3564.285714285714,182900.0,0.0,90500.0
2025-05-05,Kebutuhan Rumah & Mandi,13500.0,1.0,13500.0,0,5,5,2025,19,2025-05,0,0,0,0,26,0.0,42000.0,7128.571428571428,49900.0,3564.285714285714,117900.0,0.0,116900.0
2025-05-06,Kebutuhan Rumah & Mandi,0.0,0.0,0.0,1,6,5,2025,19,2025-05,0,0,0,0,25,13500.0,7900.0,3057.1428571428573,21400.0,4528.571428571428,131400.0,13500.0,113200.0
2025-05-07,Kebutuhan Rumah & Mandi,0.0,0.0,0.0,2,7,5,2025,19,2025-05,0,0,0,0,24,0.0,0.0,1928.5714285714287,13500.0,4528.571428571428,131400.0,13500.0,85500.0
2025-05-08,Kebutuhan Rumah & Mandi,0.0,0.0,0.0,3,8,5,2025,19,2025-05,0,0,0,0,23,0.0,0.0,1928.5714285714287,13500.0,4528.571428571428,131400.0,13500.0,97700.0
2025-05-09,Kebutuhan Rumah & Mandi,0.0,0.0,0.0,4,9,5,2025,19,2025-05,0,0,0,0,22,0.0,0.0,1928.5714285714287,13500.0,4528.571428571428,131400.0,13500.0,135200.0
2025-05-10,Kebutuhan Rumah & Mandi,0.0,0.0,0.0,5,10,5,2025,19,2025-05,1,0,0,0,21,0.0,0.0,1928.5714285714287,13500.0,4528.571428571428,131400.0,13500.0,102500.0
2025-05-11,Kebutuhan Rumah & Mandi,14500.0,1.0,14500.0,6,11,5,2025,19,2025-05,1,0,0,0,20,0.0,0.0,1928.5714285714287,13500.0,4528.571428571428,63400.0,13500.0,124100.0
2025-05-12,Kebutuhan Rumah & Mandi,0.0,0.0,0.0,0,12,5,2025,20,2025-05,0,0,0,0,19,14500.0,13500.0,4000.0,28000.0,5564.285714285715,77900.0,28000.0,107000.0
2025-05-13,Kebutuhan Rumah & Mandi,0.0,0.0,0.0,1,13,5,2025,20,2025-05,0,0,0,0,18,0.0,0.0,2071.4285714285716,14500.0,2564.285714285714,77900.0,28000.0,137800.0
2025-05-14,Kebutuhan Rumah & Mandi,0.0,0.0,0.0,2,14,5,2025,20,2025-05,0,0,0,0,17,0.0,0.0,2071.4285714285716,14500.0,2000.0,77900.0,28000.0,92700.0
2025-05-15,Kebutuhan Rumah & Mandi,0.0,0.0,0.0,3,15,5,2025,20,2025-05,0,0,0,0,16,0.0,0.0,2071.4285714285716,14500.0,2000.0,77900.0,28000.0,115400.0
2025-05-16,Kebutuhan Rumah & Mandi,0.0,0.0,0.0,4,16,5,2025,20,2025-05,0,0,0,0,15,0.0,0.0,2071.4285714285716,14500.0,2000.0,77900.0,28000.0,90500.0
2025-05-17,Kebutuhan Rumah & Mandi,0.0,0.0,0.0,5,17,5,2025,20,2025-05,1,0,0,0,14,0.0,0.0,2071.4285714285716,14500.0,2000.0,77900.0,28000.0,152400.0
2025-05-18,Kebutuhan Rumah & Mandi,0.0,0.0,0.0,6,18,5,2025,20,2025-05,1,0,0,0,13,0.0,14500.0,2071.4285714285716,14500.0,2000.0,77900.0,28000.0,85500.0
2025-05-19,Kebutuhan Rumah & Mandi,0.0,0.0,0.0,0,19,5,2025,21,2025-05,0,0,0,0,12,0.0,0.0,0.0,0.0,2000.0,77900.0,28000.0,125000.0
2025-05-20,Kebutuhan Rumah & Mandi,0.0,0.0,0.0,1,20,5,2025,21,2025-05,0,0,0,0,11,0.0,0.0,0.0,0.0,1035.7142857142858,77900.0,28000.0,85500.0
2025-05-21,Kebutuhan Rumah & Mandi,0.0,0.0,0.0,2,21,5,2025,21,2025-05,0,0,0,0,10,0.0,0.0,0.0,0.0,1035.7142857142858,77900.0,28000.0,90500.0
2025-05-22,Kebutuhan Rumah & Mandi,39000.0,1.0,39000.0,3,22,5,2025,21,2025-05,0,0,0,0,9,0.0,0.0,0.0,0.0,1035.7142857142858,77900.0,28000.0,129500.0
2025-05-23,Kebutuhan Rumah & Mandi,0.0,0.0,0.0,4,23,5,2025,21,2025-05,0,0,0,0,8,39000.0,0.0,5571.428571428572,39000.0,3821.4285714285716,116900.0,67000.0,90500.0
2025-05-24,Kebutuhan Rumah & Mandi,0.0,0.0,0.0,5,24,5,2025,21,2025-05,1,0,0,0,7,0.0,0.0,5571.428571428572,39000.0,3821.4285714285716,116900.0,67000.0,106500.0
2025-05-25,Kebutuhan Rumah & Mandi,0.0,0.0,0.0,6,25,5,2025,21,2025-05,1,0,0,0,6,0.0,0.0,5571.428571428572,39000.0,3821.4285714285716,116900.0,67000.0,90500.0
2025-05-26,Kebutuhan Rumah & Mandi,0.0,0.0,0.0,0,26,5,2025,22,2025-05,0,0,0,0,5,0.0,0.0,5571.428571428572,39000.0,2785.714285714286,116900.0,67000.0,90500.0
2025-05-27,Kebutuhan Rumah & Mandi,0.0,0.0,0.0,1,27,5,2025,22,2025-05,0,0,0,0,4,0.0,0.0,5571.428571428572,39000.0,2785.714285714286,116900.0,67000.0,85500.0
2025-05-28,Kebutuhan Rumah & Mandi,0.0,0.0,0.0,2,28,5,2025,22,2025-05,0,0,0,0,3,0.0,0.0,5571.428571428572,39000.0,2785.714285714286,116900.0,67000.0,90500.0
2025-05-29,Kebutuhan Rumah & Mandi,0.0,0.0,0.0,3,29,5,2025,22,2025-05,0,0,0,0,2,0.0,39000.0,5571.428571428572,39000.0,2785.714285714286,74900.0,67000.0,85500.0
2025-05-30,Kebutuhan Rumah & Mandi,0.0,0.0,0.0,4,30,5,2025,22,2025-05,0,0,0,0,1,0.0,0.0,0.0,0.0,2785.714285714286,67000.0,67000.0,90500.0
2025-05-31,Kebutuhan Rumah & Mandi,0.0,0.0,0.0,5,31,5,2025,22,2025-05,1,0,0,1,0,0.0,0.0,0.0,0.0,2785.714285714286,67000.0,67000.0,90500.0
2025-06-01,Kebutuhan Rumah & Mandi,0.0,0.0,0.0,6,1,6,2025,22,2025-06,1,1,1,0,29,0.0,0.0,0.0,0.0,2785.714285714286,67000.0,0.0,2069628.0
2025-06-02,Kebutuhan Rumah & Mandi,0.0,0.0,0.0,0,2,6,2025,23,2025-06,0,1,0,0,28,0.0,0.0,0.0,0.0,2785.714285714286,67000.0,0.0,90500.0
2025-06-03,Kebutuhan Rumah & Mandi,0.0,0.0,0.0,1,3,6,2025,23,2025-06,0,1,0,0,27,0.0,0.0,0.0,0.0,2785.714285714286,67000.0,0.0,105400.0
2025-06-04,Kebutuhan Rumah & Mandi,0.0,0.0,0.0,2,4,6,2025,23,2025-06,0,0,0,0,26,0.0,0.0,0.0,0.0,2785.714285714286,67000.0,0.0,104500.0
2025-06-05,Kebutuhan Rumah & Mandi,0.0,0.0,0.0,3,5,6,2025,23,2025-06,0,0,0,0,25,0.0,0.0,0.0,0.0,2785.714285714286,53500.0,0.0,109800.0
2025-06-06,Kebutuhan Rumah & Mandi,0.0,0.0,0.0,4,6,6,2025,23,2025-06,0,0,0,0,24,0.0,0.0,0.0,0.0,0.0,53500.0,0.0,97500.0
2025-06-07,Kebutuhan Rumah & Mandi,0.0,0.0,0.0,5,7,6,2025,23,2025-06,1,0,0,0,23,0.0,0.0,0.0,0.0,0.0,53500.0,0.0,107300.0
2025-06-08,Kebutuhan Rumah & Mandi,0.0,0.0,0.0,6,8,6,2025,23,2025-06,1,0,0,0,22,0.0,0.0,0.0,0.0,0.0,53500.0,0.0,112200.0
2025-06-09,Kebutuhan Rumah & Mandi,0.0,0.0,0.0,0,9,6,2025,24,2025-06,0,0,0,0,21,0.0,0.0,0.0,0.0,0.0,53500.0,0.0,114800.0
2025-06-10,Kebutuhan Rumah & Mandi,0.0,0.0,0.0,1,10,6,2025,24,2025-06,0,0,0,0,20,0.0,0.0,0.0,0.0,0.0,53500.0,0.0,178400.0
2025-06-11,Kebutuhan Rumah & Mandi,0.0,0.0,0.0,2,11,6,2025,24,2025-06,0,0,0,0,19,0.0,0.0,0.0,0.0,0.0,39000.0,0.0,106000.0
2025-06-12,Kebutuhan Rumah & Mandi,0.0,0.0,0.0,3,12,6,2025,24,2025-06,0,0,0,0,18,0.0,0.0,0.0,0.0,0.0,39000.0,0.0,90500.0
2025-06-13,Kebutuhan Rumah & Mandi,0.0,0.0,0.0,4,13,6,2025,24,2025-06,0,0,0,0,17,0.0,0.0,0.0,0.0,0.0,39000.0,0.0,90500.0
2025-06-14,Kebutuhan Rumah & Mandi,8900.0,1.0,8900.0,5,14,6,2025,24,2025-06,1,0,0,0,16,0.0,0.0,0.0,0.0,0.0,39000.0,0.0,103800.0
2025-06-15,Kebutuhan Rumah & Mandi,0.0,0.0,0.0,6,15,6,2025,24,2025-06,1,0,0,0,15,8900.0,0.0,1271.4285714285713,8900.0,635.7142857142857,47900.0,8900.0,156900.0
2025-06-16,Kebutuhan Rumah & Mandi,22000.0,1.0,22000.0,0,16,6,2025,25,2025-06,0,0,0,0,14,0.0,0.0,1271.4285714285713,8900.0,635.7142857142857,47900.0,8900.0,151200.0
2025-06-17,Kebutuhan Rumah & Mandi,0.0,0.0,0.0,1,17,6,2025,25,2025-06,0,0,0,0,13,22000.0,0.0,4414.285714285715,30900.0,2207.1428571428573,69900.0,30900.0,112200.0
2025-06-18,Kebutuhan Rumah & Mandi,0.0,0.0,0.0,2,18,6,2025,25,2025-06,0,0,0,0,12,0.0,0.0,4414.285714285715,30900.0,2207.1428571428573,69900.0,30900.0,90500.0
2025-06-19,Kebutuhan Rumah & Mandi,0.0,0.0,0.0,3,19,6,2025,25,2025-06,0,0,0,0,11,0.0,0.0,4414.285714285715,30900.0,2207.1428571428573,69900.0,30900.0,110500.0
2025-06-20,Kebutuhan Rumah & Mandi,50800.0,1.0,50800.0,4,20,6,2025,25,2025-06,0,0,0,0,10,0.0,0.0,4414.285714285715,30900.0,2207.1428571428573,69900.0,30900.0,183200.0
2025-06-21,Kebutuhan Rumah & Mandi,0.0,0.0,0.0,5,21,6,2025,25,2025-06,1,0,0,0,9,50800.0,8900.0,11671.42857142857,81700.0,5835.714285714285,120700.0,81700.0,90500.0
2025-06-22,Kebutuhan Rumah & Mandi,59900.0,1.0,59900.0,6,22,6,2025,25,2025-06,1,0,0,0,8,0.0,0.0,10400.0,72800.0,5835.714285714285,81700.0,81700.0,155300.0
2025-06-23,Kebutuhan Rumah & Mandi,0.0,0.0,0.0,0,23,6,2025,26,2025-06,0,0,0,0,7,59900.0,22000.0,18957.14285714286,132700.0,10114.285714285714,141600.0,141600.0,130000.0
2025-06-24,Kebutuhan Rumah & Mandi,0.0,0.0,0.0,1,24,6,2025,26,2025-06,0,0,0,0,6,0.0,0.0,15814.285714285714,110700.0,10114.285714285714,141600.0,141600.0,106400.0
2025-06-25,Kebutuhan Rumah & Mandi,0.0,0.0,0.0,2,25,6,2025,26,2025-06,0,0,0,0,5,0.0,0.0,15814.285714285714,110700.0,10114.285714285714,141600.0,141600.0,118300.0
2025-06-26,Kebutuhan Rumah & Mandi,0.0,0.0,0.0,3,26,6,2025,26,2025-06,0,0,0,0,4,0.0,0.0,15814.285714285714,110700.0,10114.285714285714,141600.0,141600.0,90500.0
2025-06-27,Kebutuhan Rumah & Mandi,0.0,0.0,0.0,4,27,6,2025,26,2025-06,0,0,0,0,3,0.0,50800.0,15814.285714285714,110700.0,10114.285714285714,141600.0,141600.0,90500.0
2025-06-28,Kebutuhan Rumah & Mandi,15900.0,1.0,15900.0,5,28,6,2025,26,2025-06,1,0,0,0,2,0.0,0.0,8557.142857142857,59900.0,10114.285714285714,141600.0,141600.0,106400.0
2025-06-29,Kebutuhan Rumah & Mandi,54900.0,1.0,54900.0,6,29,6,2025,26,2025-06,1,0,0,0,1,15900.0,59900.0,10828.57142857143,75800.0,10614.285714285714,157500.0,157500.0,146300.0
2025-01-01,Lain-lain & Darurat,5900.0,1.0,5900.0,2,1,1,2025,1,2025-01,0,1,1,0,30,0.0,0.0,0.0,0.0,0.0,0.0,0.0,2049428.0
2025-01-02,Lain-lain & Darurat,0.0,0.0,0.0,3,2,1,2025,1,2025-01,0,1,0,0,29,5900.0,0.0,5900.0,5900.0,5900.0,5900.0,5900.0,218500.0
2025-01-03,Lain-lain & Darurat,0.0,0.0,0.0,4,3,1,2025,1,2025-01,0,1,0,0,28,0.0,0.0,2950.0,5900.0,2950.0,5900.0,5900.0,90500.0
2025-01-04,Lain-lain & Darurat,19900.0,1.0,19900.0,5,4,1,2025,1,2025-01,1,0,0,0,27,0.0,0.0,1966.6666666666667,5900.0,1966.6666666666667,5900.0,5900.0,189400.0
2025-01-05,Lain-lain & Darurat,89000.0,1.0,89000.0,6,5,1,2025,1,2025-01,1,0,0,0,26,19900.0,0.0,6450.0,25800.0,6450.0,25800.0,25800.0,174500.0
2025-01-06,Lain-lain & Darurat,21000.0,1.0,21000.0,0,6,1,2025,2,2025-01,0,0,0,0,25,89000.0,0.0,22960.0,114800.0,22960.0,114800.0,114800.0,118000.0
2025-01-07,Lain-lain & Darurat,17000.0,1.0,17000.0,1,7,1,2025,2,2025-01,0,0,0,0,24,21000.0,0.0,22633.333333333332,135800.0,22633.333333333332,135800.0,135800.0,107500.0
2025-01-08,Lain-lain & Darurat,17900.0,1.0,17900.0,2,8,1,2025,2,2025-01,0,0,0,0,23,17000.0,5900.0,21828.571428571428,152800.0,21828.571428571428,152800.0,152800.0,126900.0
2025-01-09,Lain-lain & Darurat,0.0,0.0,0.0,3,9,1,2025,2,2025-01,0,0,0,0,22,17900.0,0.0,23542.85714285714,164800.0,21337.5,170700.0,170700.0,118400.0
2025-01-10,Lain-lain & Darurat,6700.0,1.0,6700.0,4,10,1,2025,2,2025-01,0,0,0,0,21,0.0,0.0,23542.85714285714,164800.0,18966.666666666668,170700.0,170700.0,97200.0
2025-01-11,Lain-lain & Darurat,5500.0,1.0,5500.0,5,11,1,2025,2,2025-01,1,0,0,0,20,6700.0,19900.0,24500.0,171500.0,17740.0,177400.0,177400.0,141000.0
2025-01-12,Lain-lain & Darurat,25700.0,1.0,25700.0,6,12,1,2025,2,2025-01,1,0,0,0,19,5500.0,89000.0,22442.85714285714,157100.0,16627.272727272728,182900.0,182900.0,116200.0
2025-01-13,Lain-lain & Darurat,115000.0,1.0,115000.0,0,13,1,2025,3,2025-01,0,0,0,0,18,25700.0,21000.0,13400.0,93800.0,17383.333333333332,208600.0,208600.0,205500.0
2025-01-14,Lain-lain & Darurat,0.0,0.0,0.0,1,14,1,2025,3,2025-01,0,0,0,0,17,115000.0,17000.0,26828.571428571428,187800.0,24892.30769230769,323600.0,323600.0,90500.0
2025-01-15,Lain-lain & Darurat,0.0,0.0,0.0,2,15,1,2025,3,2025-01,0,0,0,0,16,0.0,17900.0,24400.0,170800.0,23114.285714285714,323600.0,323600.0,85500.0
2025-01-16,Lain-lain & Darurat,17100.0,1.0,17100.0,3,16,1,2025,3,2025-01,0,0,0,0,15,0.0,0.0,21842.85714285714,152900.0,22692.85714285714,323600.0,323600.0,107600.0
2025-01-17,Lain-lain & Darurat,0.0,0.0,0.0,4,17,1,2025,3,2025-01,0,0,0,0,14,17100.0,6700.0,24285.714285714286,170000.0,23914.285714285714,340700.0,340700.0,90500.0
2025-01-18,Lain-lain & Darurat,0.0,0.0,0.0,5,18,1,2025,3,2025-01,1,0,0,0,13,0.0,5500.0,23328.571428571428,163300.0,23914.285714285714,340700.0,340700.0,104400.0
2025-01-19,Lain-lain & Darurat,21000.0,1.0,21000.0,6,19,1,2025,3,2025-01,1,0,0,0,12,0.0,25700.0,22542.85714285714,157800.0,22492.85714285714,340700.0,340700.0,157400.0
2025-01-20,Lain-lain & Darurat,30100.0,1.0,30100.0,0,20,1,2025,4,2025-01,0,0,0,0,11,21000.0,115000.0,21871.428571428572,153100.0,17635.714285714286,361700.0,361700.0,115600.0
2025-01-21,Lain-lain & Darurat,7400.0,1.0,7400.0,1,21,1,2025,4,2025-01,0,0,0,0,10,30100.0,0.0,9742.857142857143,68200.0,18285.714285714286,391800.0,391800.0,97900.0
2025-01-22,Lain-lain & Darurat,0.0,0.0,0.0,2,22,1,2025,4,2025-01,0,0,0,0,9,7400.0,0.0,10800.0,75600.0,17600.0,399200.0,399200.0,85500.0
2025-01-23,Lain-lain & Darurat,0.0,0.0,0.0,3,23,1,2025,4,2025-01,0,0,0,0,8,0.0,17100.0,10800.0,75600.0,16321.42857142857,399200.0,399200.0,113300.0
2025-01-24,Lain-lain & Darurat,0.0,0.0,0.0,4,24,1,2025,4,2025-01,0,0,0,0,7,0.0,0.0,8357.142857142857,58500.0,16321.42857142857,399200.0,399200.0,85500.0
2025-01-25,Lain-lain & Darurat,0.0,0.0,0.0,5,25,1,2025,4,2025-01,1,0,0,0,6,0.0,0.0,8357.142857142857,58500.0,15842.857142857143,399200.0,399200.0,85500.0
2025-01-26,Lain-lain & Darurat,0.0,0.0,0.0,6,26,1,2025,4,2025-01,1,0,0,0,5,0.0,21000.0,8357.142857142857,58500.0,15450.0,399200.0,399200.0,90500.0
2025-01-27,Lain-lain & Darurat,0.0,0.0,0.0,0,27,1,2025,5,2025-01,0,0,0,0,4,0.0,30100.0,5357.142857142857,37500.0,13614.285714285714,399200.0,399200.0,90500.0
2025-01-28,Lain-lain & Darurat,0.0,0.0,0.0,1,28,1,2025,5,2025-01,0,0,0,0,3,0.0,7400.0,1057.142857142857,7400.0,5400.0,399200.0,399200.0,90500.0
2025-01-29,Lain-lain & Darurat,0.0,0.0,0.0,2,29,1,2025,5,2025-01,0,0,0,0,2,0.0,0.0,0.0,0.0,5400.0,399200.0,399200.0,90500.0
2025-01-30,Lain-lain & Darurat,0.0,0.0,0.0,3,30,1,2025,5,2025-01,0,0,0,0,1,0.0,0.0,0.0,0.0,5400.0,399200.0,399200.0,94000.0
2025-01-31,Lain-lain & Darurat,0.0,0.0,0.0,4,31,1,2025,5,2025-01,0,0,0,1,0,0.0,0.0,0.0,0.0,4178.571428571428,399200.0,399200.0,108400.0
2025-02-01,Lain-lain & Darurat,7000.0,1.0,7000.0,5,1,2,2025,5,2025-02,1,1,1,0,27,0.0,0.0,0.0,0.0,4178.571428571428,393300.0,0.0,2085028.0
2025-02-02,Lain-lain & Darurat,0.0,0.0,0.0,6,2,2,2025,5,2025-02,1,1,0,0,26,7000.0,0.0,1000.0,7000.0,4678.571428571428,400300.0,7000.0,90500.0
2025-02-03,Lain-lain & Darurat,7500.0,1.0,7500.0,0,3,2,2025,6,2025-02,0,1,0,0,25,0.0,0.0,1000.0,7000.0,3178.5714285714284,400300.0,7000.0,98000.0
2025-02-04,Lain-lain & Darurat,0.0,0.0,0.0,1,4,2,2025,6,2025-02,0,0,0,0,24,7500.0,0.0,2071.4285714285716,14500.0,1564.2857142857142,387900.0,14500.0,90500.0
2025-02-05,Lain-lain & Darurat,19900.0,1.0,19900.0,2,5,2,2025,6,2025-02,0,0,0,0,23,0.0,0.0,2071.4285714285716,14500.0,1035.7142857142858,298900.0,14500.0,118900.0
2025-02-06,Lain-lain & Darurat,0.0,0.0,0.0,3,6,2,2025,6,2025-02,0,0,0,0,22,19900.0,0.0,4914.285714285715,34400.0,2457.1428571428573,297800.0,34400.0,90500.0
2025-02-07,Lain-lain & Darurat,0.0,0.0,0.0,4,7,2,2025,6,2025-02,0,0,0,0,21,0.0,0.0,4914.285714285715,34400.0,2457.1428571428573,280800.0,34400.0,90500.0
2025-02-08,Lain-lain & Darurat,14200.0,1.0,14200.0,5,8,2,2025,6,2025-02,1,0,0,0,20,0.0,7000.0,4914.285714285715,34400.0,2457.1428571428573,262900.0,34400.0,104700.0
2025-02-09,Lain-lain & Darurat,16400.0,1.0,16400.0,6,9,2,2025,6,2025-02,1,0,0,0,19,14200.0,0.0,5942.857142857143,41600.0,3471.4285714285716,277100.0,48600.0,106900.0
2025-02-10,Lain-lain & Darurat,49900.0,1.0,49900.0,0,10,2,2025,7,2025-02,0,0,0,0,18,16400.0,7500.0,8285.714285714286,58000.0,4642.857142857143,286800.0,65000.0,140400.0
2025-02-11,Lain-lain & Darurat,25000.0,1.0,25000.0,1,11,2,2025,7,2025-02,0,0,0,0,17,49900.0,0.0,14342.857142857143,100400.0,8207.142857142857,331200.0,114900.0,115500.0
2025-02-12,Lain-lain & Darurat,37000.0,1.0,37000.0,2,12,2,2025,7,2025-02,0,0,0,0,16,25000.0,19900.0,17914.285714285714,125400.0,9992.857142857143,330500.0,139900.0,135400.0
2025-02-13,Lain-lain & Darurat,7500.0,1.0,7500.0,3,13,2,2025,7,2025-02,0,0,0,0,15,37000.0,0.0,20357.14285714286,142500.0,12635.714285714286,252500.0,176900.0,98000.0
2025-02-14,Lain-lain & Darurat,7000.0,1.0,7000.0,4,14,2,2025,7,2025-02,0,0,0,0,14,7500.0,0.0,21428.571428571428,150000.0,13171.42857142857,260000.0,184400.0,97500.0
2025-02-15,Lain-lain & Darurat,7000.0,1.0,7000.0,5,15,2,2025,7,2025-02,1,0,0,0,13,7000.0,14200.0,22428.571428571428,157000.0,13671.42857142857,267000.0,191400.0,106200.0
2025-02-16,Lain-lain & Darurat,5200.0,1.0,5200.0,6,16,2,2025,7,2025-02,1,0,0,0,12,7000.0,16400.0,21400.0,149800.0,13671.42857142857,256900.0,198400.0,111700.0
2025-02-17,Lain-lain & Darurat,7700.0,1.0,7700.0,0,17,2,2025,8,2025-02,0,0,0,0,11,5200.0,49900.0,19800.0,138600.0,14042.857142857143,262100.0,203600.0,93200.0
2025-02-18,Lain-lain & Darurat,14900.0,1.0,14900.0,1,18,2,2025,8,2025-02,0,0,0,0,10,7700.0,25000.0,13771.42857142857,96400.0,14057.142857142857,269800.0,211300.0,228400.0
2025-02-19,Lain-lain & Darurat,8500.0,1.0,8500.0,2,19,2,2025,8,2025-02,0,0,0,0,9,14900.0,37000.0,12328.57142857143,86300.0,15121.42857142857,263700.0,226200.0,99000.0
2025-02-20,Lain-lain & Darurat,30000.0,1.0,30000.0,3,20,2,2025,8,2025-02,0,0,0,0,8,8500.0,7500.0,8257.142857142857,57800.0,14307.142857142857,242100.0,234700.0,115500.0
2025-02-21,Lain-lain & Darurat,0.0,0.0,0.0,4,21,2,2025,8,2025-02,0,0,0,0,7,30000.0,7000.0,11471.42857142857,80300.0,16450.0,264700.0,264700.0,162500.0
2025-02-22,Lain-lain & Darurat,0.0,0.0,0.0,5,22,2,2025,8,2025-02,1,0,0,0,6,0.0,7000.0,10471.42857142857,73300.0,16450.0,264700.0,264700.0,121500.0
2025-02-23,Lain-lain & Darurat,25400.0,1.0,25400.0,6,23,2,2025,8,2025-02,1,0,0,0,5,0.0,5200.0,9471.42857142857,66300.0,15435.714285714286,264700.0,264700.0,130900.0
2025-02-24,Lain-lain & Darurat,7500.0,1.0,7500.0,0,24,2,2025,9,2025-02,0,0,0,0,4,25400.0,7700.0,12357.142857142857,86500.0,16078.57142857143,290100.0,290100.0,154900.0
2025-02-25,Lain-lain & Darurat,0.0,0.0,0.0,1,25,2,2025,9,2025-02,0,0,0,0,3,7500.0,14900.0,12328.57142857143,86300.0,13050.0,297600.0,297600.0,90500.0
2025-02-26,Lain-lain & Darurat,12500.0,1.0,12500.0,2,26,2,2025,9,2025-02,0,0,0,0,2,0.0,8500.0,10200.0,71400.0,11264.285714285714,297600.0,297600.0,116900.0
2025-02-27,Lain-lain & Darurat,17000.0,1.0,17000.0,3,27,2,2025,9,2025-02,0,0,0,0,1,12500.0,30000.0,10771.42857142857,75400.0,9514.285714285714,310100.0,310100.0,107500.0
2025-02-28,Lain-lain & Darurat,0.0,0.0,0.0,4,28,2,2025,9,2025-02,0,0,0,1,0,17000.0,0.0,8914.285714285714,62400.0,10192.857142857143,327100.0,327100.0,85500.0
2025-03-01,Lain-lain & Darurat,16000.0,1.0,16000.0,5,1,3,2025,9,2025-03,1,1,1,0,30,0.0,0.0,8914.285714285714,62400.0,9692.857142857143,327100.0,0.0,2059528.0
2025-03-02,Lain-lain & Darurat,0.0,0.0,0.0,6,2,3,2025,9,2025-03,1,1,0,0,29,16000.0,25400.0,11200.0,78400.0,10335.714285714286,343100.0,16000.0,105500.0
2025-03-03,Lain-lain & Darurat,0.0,0.0,0.0,0,3,3,2025,10,2025-03,0,1,0,0,28,0.0,7500.0,7571.428571428572,53000.0,9964.285714285714,343100.0,16000.0,85500.0
2025-03-04,Lain-lain & Darurat,2500.0,1.0,2500.0,1,4,3,2025,10,2025-03,0,0,0,0,27,0.0,0.0,6500.0,45500.0,9414.285714285714,336100.0,16000.0,93000.0
2025-03-05,Lain-lain & Darurat,32500.0,1.0,32500.0,2,5,3,2025,10,2025-03,0,0,0,0,26,2500.0,12500.0,6857.142857142857,48000.0,8528.57142857143,338600.0,18500.0,146000.0
2025-03-06,Lain-lain & Darurat,2700.0,1.0,2700.0,3,6,3,2025,10,2025-03,0,0,0,0,25,32500.0,17000.0,9714.285714285714,68000.0,10242.857142857143,363600.0,51000.0,93200.0
2025-03-07,Lain-lain & Darurat,10000.0,1.0,10000.0,4,7,3,2025,10,2025-03,0,0,0,0,24,2700.0,0.0,7671.428571428572,53700.0,8292.857142857143,366300.0,53700.0,160000.0
2025-03-08,Lain-lain & Darurat,7500.0,1.0,7500.0,5,8,3,2025,10,2025-03,1,0,0,0,23,10000.0,16000.0,9100.0,63700.0,9007.142857142857,356400.0,63700.0,125400.0
2025-03-09,Lain-lain & Darurat,8100.0,1.0,8100.0,6,9,3,2025,10,2025-03,1,0,0,0,22,7500.0,0.0,7885.714285714285,55200.0,9542.857142857143,363900.0,71200.0,98600.0
2025-03-10,Lain-lain & Darurat,8300.0,1.0,8300.0,0,10,3,2025,11,2025-03,0,0,0,0,21,8100.0,0.0,9042.857142857143,63300.0,8307.142857142857,372000.0,79300.0,98800.0
2025-03-11,Lain-lain & Darurat,10000.0,1.0,10000.0,1,11,3,2025,11,2025-03,0,0,0,0,20,8300.0,2500.0,10228.57142857143,71600.0,8364.285714285714,366100.0,87600.0,100500.0
2025-03-12,Lain-lain & Darurat,14900.0,1.0,14900.0,2,12,3,2025,11,2025-03,0,0,0,0,19,10000.0,32500.0,11300.0,79100.0,9078.57142857143,359700.0,97600.0,100400.0
2025-03-13,Lain-lain & Darurat,30000.0,1.0,30000.0,3,13,3,2025,11,2025-03,0,0,0,0,18,14900.0,2700.0,8785.714285714286,61500.0,9250.0,324700.0,112500.0,120500.0
2025-03-14,Lain-lain & Darurat,0.0,0.0,0.0,4,14,3,2025,11,2025-03,0,0,0,0,17,30000.0,10000.0,12685.714285714286,88800.0,10178.57142857143,329700.0,142500.0,90500.0
2025-03-15,Lain-lain & Darurat,0.0,0.0,0.0,5,15,3,2025,11,2025-03,1,0,0,0,16,0.0,7500.0,11257.142857142857,78800.0,10178.57142857143,292700.0,142500.0,189500.0
2025-03-16,Lain-lain & Darurat,18400.0,1.0,18400.0,6,16,3,2025,11,2025-03,1,0,0,0,15,0.0,8100.0,10185.714285714286,71300.0,9035.714285714286,285200.0,142500.0,126400.0
2025-03-17,Lain-lain & Darurat,0.0,0.0,0.0,0,17,3,2025,12,2025-03,0,0,0,0,14,18400.0,8300.0,11657.142857142857,81600.0,10350.0,296600.0,160900.0,90500.0
2025-03-18,Lain-lain & Darurat,0.0,0.0,0.0,1,18,3,2025,12,2025-03,0,0,0,0,13,0.0,10000.0,10471.42857142857,73300.0,10350.0,289600.0,160900.0,140400.0
2025-03-19,Lain-lain & Darurat,0.0,0.0,0.0,2,19,3,2025,12,2025-03,0,0,0,0,12,0.0,14900.0,9042.857142857143,63300.0,10171.42857142857,284400.0,160900.0,85500.0
2025-03-20,Lain-lain & Darurat,7900.0,1.0,7900.0,3,20,3,2025,12,2025-03,0,0,0,0,11,0.0,30000.0,6914.285714285715,48400.0,7850.0,276700.0,160900.0,93400.0
2025-03-21,Lain-lain & Darurat,45900.0,1.0,45900.0,4,21,3,2025,12,2025-03,0,0,0,0,10,7900.0,0.0,3757.1428571428573,26300.0,8221.42857142857,269700.0,168800.0,131400.0
2025-03-22,Lain-lain & Darurat,8900.0,1.0,8900.0,5,22,3,2025,12,2025-03,1,0,0,0,9,45900.0,0.0,10314.285714285714,72200.0,10785.714285714286,307100.0,214700.0,99400.0
2025-03-23,Lain-lain & Darurat,14900.0,1.0,14900.0,6,23,3,2025,12,2025-03,1,0,0,0,8,8900.0,18400.0,11585.714285714286,81100.0,10885.714285714286,286000.0,223600.0,105400.0
2025-03-24,Lain-lain & Darurat,30000.0,1.0,30000.0,0,24,3,2025,13,2025-03,0,0,0,0,7,14900.0,0.0,11085.714285714286,77600.0,11371.42857142857,300900.0,238500.0,120500.0
2025-03-25,Lain-lain & Darurat,36500.0,1.0,36500.0,1,25,3,2025,13,2025-03,0,0,0,0,6,30000.0,0.0,15371.42857142857,107600.0,12921.42857142857,330900.0,268500.0,155000.0
2025-03-26,Lain-lain & Darurat,20900.0,1.0,20900.0,2,26,3,2025,13,2025-03,0,0,0,0,5,36500.0,0.0,20585.714285714286,144100.0,14814.285714285714,342000.0,305000.0,111400.0
2025-03-27,Lain-lain & Darurat,7500.0,1.0,7500.0,3,27,3,2025,13,2025-03,0,0,0,0,4,20900.0,7900.0,23571.428571428572,165000.0,15242.857142857143,355400.0,325900.0,98000.0
2025-03-28,Lain-lain & Darurat,15900.0,1.0,15900.0,4,28,3,2025,13,2025-03,0,0,0,0,3,7500.0,45900.0,23514.285714285714,164600.0,13635.714285714286,362900.0,333400.0,106400.0
2025-03-29,Lain-lain & Darurat,18100.0,1.0,18100.0,5,29,3,2025,13,2025-03,1,0,0,0,2,15900.0,8900.0,19228.571428571428,134600.0,14771.42857142857,366300.0,349300.0,108600.0
2025-03-30,Lain-lain & Darurat,2700.0,1.0,2700.0,6,30,3,2025,13,2025-03,1,0,0,0,1,18100.0,14900.0,20542.85714285714,143800.0,16064.285714285714,367400.0,367400.0,133100.0
2025-03-31,Lain-lain & Darurat,0.0,0.0,0.0,0,31,3,2025,14,2025-03,0,0,0,1,0,2700.0,30000.0,18800.0,131600.0,14942.857142857143,370100.0,370100.0,108400.0
2025-04-01,Lain-lain & Darurat,14500.0,1.0,14500.0,1,1,4,2025,14,2025-04,0,1,1,0,29,0.0,36500.0,14514.285714285714,101600.0,14942.857142857143,354100.0,0.0,2053028.0
2025-04-02,Lain-lain & Darurat,0.0,0.0,0.0,2,2,4,2025,14,2025-04,0,1,0,0,28,14500.0,20900.0,11371.42857142857,79600.0,15978.57142857143,368600.0,14500.0,90500.0
2025-04-03,Lain-lain & Darurat,17000.0,1.0,17000.0,3,3,4,2025,14,2025-04,0,1,0,0,27,0.0,7500.0,8385.714285714286,58700.0,15978.57142857143,368600.0,14500.0,107500.0
2025-04-04,Lain-lain & Darurat,11000.0,1.0,11000.0,4,4,4,2025,14,2025-04,0,0,0,0,26,17000.0,15900.0,9742.857142857143,68200.0,16628.571428571428,383100.0,31500.0,166500.0
2025-04-05,Lain-lain & Darurat,19900.0,1.0,19900.0,5,5,4,2025,14,2025-04,1,0,0,0,25,11000.0,18100.0,9042.857142857143,63300.0,14135.714285714286,361600.0,42500.0,110400.0
2025-04-06,Lain-lain & Darurat,0.0,0.0,0.0,6,6,4,2025,14,2025-04,1,0,0,0,24,19900.0,2700.0,9300.0,65100.0,14921.42857142857,378800.0,62400.0,90500.0
2025-04-07,Lain-lain & Darurat,18900.0,1.0,18900.0,0,7,4,2025,15,2025-04,0,0,0,0,23,0.0,0.0,8914.285714285714,62400.0,13857.142857142857,368800.0,62400.0,109400.0
2025-04-08,Lain-lain & Darurat,18600.0,1.0,18600.0,1,8,4,2025,15,2025-04,0,0,0,0,22,18900.0,14500.0,11614.285714285714,81300.0,13064.285714285714,380200.0,81300.0,109100.0
2025-04-09,Lain-lain & Darurat,16000.0,1.0,16000.0,2,9,4,2025,15,2025-04,0,0,0,0,21,18600.0,0.0,12200.0,85400.0,11785.714285714286,390700.0,99900.0,106500.0
2025-04-10,Lain-lain & Darurat,34500.0,1.0,34500.0,3,10,4,2025,15,2025-04,0,0,0,0,20,16000.0,17000.0,14485.714285714286,101400.0,11435.714285714286,398400.0,115900.0,203000.0
2025-04-11,Lain-lain & Darurat,225000.0,1.0,225000.0,4,11,4,2025,15,2025-04,0,0,0,0,19,34500.0,11000.0,16985.714285714286,118900.0,13364.285714285714,422900.0,150400.0,310500.0
2025-04-12,Lain-lain & Darurat,0.0,0.0,0.0,5,12,4,2025,15,2025-04,1,0,0,0,18,225000.0,19900.0,47557.142857142855,332900.0,28300.0,633000.0,375400.0,90500.0
2025-04-13,Lain-lain & Darurat,19000.0,1.0,19000.0,6,13,4,2025,15,2025-04,1,0,0,0,17,0.0,0.0,44714.28571428572,313000.0,27007.14285714286,603000.0,375400.0,109500.0
2025-04-14,Lain-lain & Darurat,0.0,0.0,0.0,0,14,4,2025,16,2025-04,0,0,0,0,16,19000.0,18900.0,47428.57142857143,332000.0,28171.428571428572,622000.0,394400.0,90500.0
2025-04-15,Lain-lain & Darurat,0.0,0.0,0.0,1,15,4,2025,16,2025-04,0,0,0,0,15,0.0,18600.0,44728.57142857143,313100.0,28171.428571428572,622000.0,394400.0,90500.0
2025-04-16,Lain-lain & Darurat,0.0,0.0,0.0,2,16,4,2025,16,2025-04,0,0,0,0,14,0.0,16000.0,42071.42857142857,294500.0,27135.714285714286,603600.0,394400.0,90500.0
2025-04-17,Lain-lain & Darurat,5500.0,1.0,5500.0,3,17,4,2025,16,2025-04,0,0,0,0,13,0.0,34500.0,39785.71428571428,278500.0,27135.714285714286,603600.0,394400.0,96000.0
2025-04-18,Lain-lain & Darurat,0.0,0.0,0.0,4,18,4,2025,16,2025-04,0,0,0,0,12,5500.0,225000.0,35642.857142857145,249500.0,26314.285714285714,609100.0,399900.0,85500.0
2025-04-19,Lain-lain & Darurat,0.0,0.0,0.0,5,19,4,2025,16,2025-04,1,0,0,0,11,0.0,0.0,3500.0,24500.0,25528.571428571428,609100.0,399900.0,85500.0
2025-04-20,Lain-lain & Darurat,0.0,0.0,0.0,6,20,4,2025,16,2025-04,1,0,0,0,10,0.0,19000.0,3500.0,24500.0,24107.14285714286,601200.0,399900.0,96400.0
2025-04-21,Lain-lain & Darurat,0.0,0.0,0.0,0,21,4,2025,17,2025-04,0,0,0,0,9,0.0,0.0,785.7142857142857,5500.0,24107.14285714286,555300.0,399900.0,90500.0
2025-04-22,Lain-lain & Darurat,0.0,0.0,0.0,1,22,4,2025,17,2025-04,0,0,0,0,8,0.0,0.0,785.7142857142857,5500.0,22757.14285714286,546400.0,399900.0,85500.0
2025-04-23,Lain-lain & Darurat,0.0,0.0,0.0,2,23,4,2025,17,2025-04,0,0,0,0,7,0.0,0.0,785.7142857142857,5500.0,21428.571428571428,531500.0,399900.0,90500.0
2025-04-24,Lain-lain & Darurat,0.0,0.0,0.0,3,24,4,2025,17,2025-04,0,0,0,0,6,0.0,5500.0,785.7142857142857,5500.0,20285.714285714286,501500.0,399900.0,255500.0
2025-04-25,Lain-lain & Darurat,0.0,0.0,0.0,4,25,4,2025,17,2025-04,0,0,0,0,5,0.0,0.0,0.0,0.0,17821.428571428572,465000.0,399900.0,90500.0
2025-04-26,Lain-lain & Darurat,0.0,0.0,0.0,5,26,4,2025,17,2025-04,1,0,0,0,4,0.0,0.0,0.0,0.0,1750.0,444100.0,399900.0,90500.0
2025-04-27,Lain-lain & Darurat,0.0,0.0,0.0,6,27,4,2025,17,2025-04,1,0,0,0,3,0.0,0.0,0.0,0.0,1750.0,436600.0,399900.0,85500.0
2025-04-28,Lain-lain & Darurat,0.0,0.0,0.0,0,28,4,2025,18,2025-04,0,0,0,0,2,0.0,0.0,0.0,0.0,392.85714285714283,420700.0,399900.0,132500.0
2025-04-29,Lain-lain & Darurat,0.0,0.0,0.0,1,29,4,2025,18,2025-04,0,0,0,0,1,0.0,0.0,0.0,0.0,392.85714285714283,402600.0,399900.0,93400.0
2025-04-30,Lain-lain & Darurat,0.0,0.0,0.0,2,30,4,2025,18,2025-04,0,0,0,1,0,0.0,0.0,0.0,0.0,392.85714285714283,399900.0,399900.0,90500.0
2025-05-01,Lain-lain & Darurat,115000.0,1.0,115000.0,3,1,5,2025,18,2025-05,0,1,1,0,30,0.0,0.0,0.0,0.0,392.85714285714283,399900.0,0.0,2158528.0
2025-05-02,Lain-lain & Darurat,0.0,0.0,0.0,4,2,5,2025,18,2025-05,0,1,0,0,29,115000.0,0.0,16428.571428571428,115000.0,8214.285714285714,500400.0,115000.0,90500.0
2025-05-03,Lain-lain & Darurat,11900.0,1.0,11900.0,5,3,5,2025,18,2025-05,1,1,0,0,28,0.0,0.0,16428.571428571428,115000.0,8214.285714285714,500400.0,115000.0,102400.0
2025-05-04,Lain-lain & Darurat,0.0,0.0,0.0,6,4,5,2025,18,2025-05,1,0,0,0,27,11900.0,0.0,18128.571428571428,126900.0,9064.285714285714,495300.0,126900.0,90500.0
2025-05-05,Lain-lain & Darurat,12900.0,1.0,12900.0,0,5,5,2025,19,2025-05,0,0,0,0,26,0.0,0.0,18128.571428571428,126900.0,9064.285714285714,484300.0,126900.0,116900.0
2025-05-06,Lain-lain & Darurat,22700.0,1.0,22700.0,1,6,5,2025,19,2025-05,0,0,0,0,25,12900.0,0.0,19971.428571428572,139800.0,9985.714285714286,477300.0,139800.0,113200.0
2025-05-07,Lain-lain & Darurat,0.0,0.0,0.0,2,7,5,2025,19,2025-05,0,0,0,0,24,22700.0,0.0,23214.285714285714,162500.0,11607.142857142857,500000.0,162500.0,85500.0
2025-05-08,Lain-lain & Darurat,7200.0,1.0,7200.0,3,8,5,2025,19,2025-05,0,0,0,0,23,0.0,115000.0,23214.285714285714,162500.0,11607.142857142857,481100.0,162500.0,97700.0
2025-05-09,Lain-lain & Darurat,20900.0,1.0,20900.0,4,9,5,2025,19,2025-05,0,0,0,0,22,7200.0,0.0,7814.285714285715,54700.0,12121.42857142857,469700.0,169700.0,135200.0
2025-05-10,Lain-lain & Darurat,12000.0,1.0,12000.0,5,10,5,2025,19,2025-05,1,0,0,0,21,20900.0,11900.0,10800.0,75600.0,13614.285714285714,474600.0,190600.0,102500.0
2025-05-11,Lain-lain & Darurat,19100.0,1.0,19100.0,6,11,5,2025,19,2025-05,1,0,0,0,20,12000.0,0.0,10814.285714285714,75700.0,14471.42857142857,452100.0,202600.0,124100.0
2025-05-12,Lain-lain & Darurat,16500.0,1.0,16500.0,0,12,5,2025,20,2025-05,0,0,0,0,19,19100.0,12900.0,13542.857142857143,94800.0,15835.714285714286,246200.0,221700.0,107000.0
2025-05-13,Lain-lain & Darurat,39000.0,1.0,39000.0,1,13,5,2025,20,2025-05,0,0,0,0,18,16500.0,22700.0,14057.142857142857,98400.0,17014.285714285714,262700.0,238200.0,137800.0
2025-05-14,Lain-lain & Darurat,7200.0,1.0,7200.0,2,14,5,2025,20,2025-05,0,0,0,0,17,39000.0,0.0,16385.714285714286,114700.0,19800.0,282700.0,277200.0,92700.0
2025-05-15,Lain-lain & Darurat,29900.0,1.0,29900.0,3,15,5,2025,20,2025-05,0,0,0,0,16,7200.0,7200.0,17414.285714285714,121900.0,20314.285714285714,289900.0,284400.0,115400.0
2025-05-16,Lain-lain & Darurat,0.0,0.0,0.0,4,16,5,2025,20,2025-05,0,0,0,0,15,29900.0,20900.0,20657.14285714286,144600.0,14235.714285714286,319800.0,314300.0,90500.0
2025-05-17,Lain-lain & Darurat,61900.0,1.0,61900.0,5,17,5,2025,20,2025-05,1,0,0,0,14,0.0,12000.0,17671.428571428572,123700.0,14235.714285714286,319800.0,314300.0,152400.0
2025-05-18,Lain-lain & Darurat,0.0,0.0,0.0,6,18,5,2025,20,2025-05,1,0,0,0,13,61900.0,19100.0,24800.0,173600.0,17807.14285714286,376200.0,376200.0,85500.0
2025-05-19,Lain-lain & Darurat,19900.0,1.0,19900.0,0,19,5,2025,21,2025-05,0,0,0,0,12,0.0,16500.0,22071.428571428572,154500.0,17807.14285714286,376200.0,376200.0,125000.0
2025-05-20,Lain-lain & Darurat,0.0,0.0,0.0,1,20,5,2025,21,2025-05,0,0,0,0,11,19900.0,39000.0,22557.14285714286,157900.0,18307.14285714286,396100.0,396100.0,85500.0
2025-05-21,Lain-lain & Darurat,0.0,0.0,0.0,2,21,5,2025,21,2025-05,0,0,0,0,10,0.0,7200.0,16985.714285714286,118900.0,16685.714285714286,396100.0,396100.0,90500.0
2025-05-22,Lain-lain & Darurat,0.0,0.0,0.0,3,22,5,2025,21,2025-05,0,0,0,0,9,0.0,29900.0,15957.142857142857,111700.0,16685.714285714286,396100.0,396100.0,129500.0
2025-05-23,Lain-lain & Darurat,0.0,0.0,0.0,4,23,5,2025,21,2025-05,0,0,0,0,8,0.0,0.0,11685.714285714286,81800.0,16171.42857142857,396100.0,396100.0,90500.0
2025-05-24,Lain-lain & Darurat,0.0,0.0,0.0,5,24,5,2025,21,2025-05,1,0,0,0,7,0.0,61900.0,11685.714285714286,81800.0,14678.57142857143,396100.0,396100.0,106500.0
2025-05-25,Lain-lain & Darurat,0.0,0.0,0.0,6,25,5,2025,21,2025-05,1,0,0,0,6,0.0,0.0,2842.8571428571427,19900.0,13821.42857142857,396100.0,396100.0,90500.0
2025-05-26,Lain-lain & Darurat,0.0,0.0,0.0,0,26,5,2025,22,2025-05,0,0,0,0,5,0.0,19900.0,2842.8571428571427,19900.0,12457.142857142857,396100.0,396100.0,90500.0
2025-05-27,Lain-lain & Darurat,0.0,0.0,0.0,1,27,5,2025,22,2025-05,0,0,0,0,4,0.0,0.0,0.0,0.0,11278.57142857143,396100.0,396100.0,85500.0
2025-05-28,Lain-lain & Darurat,0.0,0.0,0.0,2,28,5,2025,22,2025-05,0,0,0,0,3,0.0,0.0,0.0,0.0,8492.857142857143,396100.0,396100.0,90500.0
2025-05-29,Lain-lain & Darurat,0.0,0.0,0.0,3,29,5,2025,22,2025-05,0,0,0,0,2,0.0,0.0,0.0,0.0,7978.571428571428,396100.0,396100.0,85500.0
2025-05-30,Lain-lain & Darurat,0.0,0.0,0.0,4,30,5,2025,22,2025-05,0,0,0,0,1,0.0,0.0,0.0,0.0,5842.857142857143,396100.0,396100.0,90500.0
2025-05-31,Lain-lain & Darurat,0.0,0.0,0.0,5,31,5,2025,22,2025-05,1,0,0,1,0,0.0,0.0,0.0,0.0,5842.857142857143,396100.0,396100.0,90500.0
2025-06-01,Lain-lain & Darurat,26100.0,1.0,26100.0,6,1,6,2025,22,2025-06,1,1,1,0,29,0.0,0.0,0.0,0.0,1421.4285714285713,281100.0,0.0,2069628.0
2025-06-02,Lain-lain & Darurat,0.0,0.0,0.0,0,2,6,2025,23,2025-06,0,1,0,0,28,26100.0,0.0,3728.5714285714284,26100.0,3285.714285714286,307200.0,26100.0,90500.0
2025-06-03,Lain-lain & Darurat,14900.0,1.0,14900.0,1,3,6,2025,23,2025-06,0,1,0,0,27,0.0,0.0,3728.5714285714284,26100.0,1864.2857142857142,295300.0,26100.0,105400.0
2025-06-04,Lain-lain & Darurat,0.0,0.0,0.0,2,4,6,2025,23,2025-06,0,0,0,0,26,14900.0,0.0,5857.142857142857,41000.0,2928.5714285714284,310200.0,41000.0,104500.0
2025-06-05,Lain-lain & Darurat,0.0,0.0,0.0,3,5,6,2025,23,2025-06,0,0,0,0,25,0.0,0.0,5857.142857142857,41000.0,2928.5714285714284,297300.0,41000.0,109800.0
2025-06-06,Lain-lain & Darurat,7000.0,1.0,7000.0,4,6,6,2025,23,2025-06,0,0,0,0,24,0.0,0.0,5857.142857142857,41000.0,2928.5714285714284,274600.0,41000.0,97500.0
2025-06-07,Lain-lain & Darurat,16800.0,1.0,16800.0,5,7,6,2025,23,2025-06,1,0,0,0,23,7000.0,0.0,6857.142857142857,48000.0,3428.5714285714284,281600.0,48000.0,107300.0
2025-06-08,Lain-lain & Darurat,21700.0,1.0,21700.0,6,8,6,2025,23,2025-06,1,0,0,0,22,16800.0,26100.0,9257.142857142857,64800.0,4628.571428571428,291200.0,64800.0,112200.0
2025-06-09,Lain-lain & Darurat,16800.0,1.0,16800.0,0,9,6,2025,24,2025-06,0,0,0,0,21,21700.0,0.0,8628.57142857143,60400.0,6178.571428571428,292000.0,86500.0,114800.0
2025-06-10,Lain-lain & Darurat,18900.0,1.0,18900.0,1,10,6,2025,24,2025-06,0,0,0,0,20,16800.0,14900.0,11028.57142857143,77200.0,7378.571428571428,296800.0,103300.0,178400.0
2025-06-11,Lain-lain & Darurat,15500.0,1.0,15500.0,2,11,6,2025,24,2025-06,0,0,0,0,19,18900.0,0.0,11600.0,81200.0,8728.57142857143,296600.0,122200.0,106000.0
2025-06-12,Lain-lain & Darurat,0.0,0.0,0.0,3,12,6,2025,24,2025-06,0,0,0,0,18,15500.0,0.0,13814.285714285714,96700.0,9835.714285714286,295600.0,137700.0,90500.0
2025-06-13,Lain-lain & Darurat,0.0,0.0,0.0,4,13,6,2025,24,2025-06,0,0,0,0,17,0.0,7000.0,13814.285714285714,96700.0,9835.714285714286,256600.0,137700.0,90500.0
2025-06-14,Lain-lain & Darurat,0.0,0.0,0.0,5,14,6,2025,24,2025-06,1,0,0,0,16,0.0,16800.0,12814.285714285714,89700.0,9835.714285714286,249400.0,137700.0,103800.0
2025-06-15,Lain-lain & Darurat,66400.0,1.0,66400.0,6,15,6,2025,24,2025-06,1,0,0,0,15,0.0,21700.0,10414.285714285714,72900.0,9835.714285714286,219500.0,137700.0,156900.0
2025-06-16,Lain-lain & Darurat,8700.0,1.0,8700.0,0,16,6,2025,25,2025-06,0,0,0,0,14,66400.0,16800.0,16800.0,117600.0,12714.285714285714,285900.0,204100.0,151200.0
2025-06-17,Lain-lain & Darurat,21700.0,1.0,21700.0,1,17,6,2025,25,2025-06,0,0,0,0,13,8700.0,18900.0,15642.857142857143,109500.0,13335.714285714286,232700.0,212800.0,112200.0
2025-06-18,Lain-lain & Darurat,0.0,0.0,0.0,2,18,6,2025,25,2025-06,0,0,0,0,12,21700.0,15500.0,16042.857142857143,112300.0,13821.42857142857,254400.0,234500.0,90500.0
2025-06-19,Lain-lain & Darurat,0.0,0.0,0.0,3,19,6,2025,25,2025-06,0,0,0,0,11,0.0,0.0,13828.57142857143,96800.0,13821.42857142857,234500.0,234500.0,110500.0
2025-06-20,Lain-lain & Darurat,41900.0,1.0,41900.0,4,20,6,2025,25,2025-06,0,0,0,0,10,0.0,0.0,13828.57142857143,96800.0,13821.42857142857,234500.0,234500.0,183200.0
2025-06-21,Lain-lain & Darurat,0.0,0.0,0.0,5,21,6,2025,25,2025-06,1,0,0,0,9,41900.0,0.0,19814.285714285714,138700.0,16314.285714285714,276400.0,276400.0,90500.0
2025-06-22,Lain-lain & Darurat,9900.0,1.0,9900.0,6,22,6,2025,25,2025-06,1,0,0,0,8,0.0,66400.0,19814.285714285714,138700.0,15114.285714285714,276400.0,276400.0,155300.0
2025-06-23,Lain-lain & Darurat,44500.0,1.0,44500.0,0,23,6,2025,26,2025-06,0,0,0,0,7,9900.0,8700.0,11742.857142857143,82200.0,14271.42857142857,286300.0,286300.0,130000.0
2025-06-24,Lain-lain & Darurat,15900.0,1.0,15900.0,1,24,6,2025,26,2025-06,0,0,0,0,6,44500.0,21700.0,16857.14285714286,118000.0,16250.0,330800.0,330800.0,106400.0
2025-06-25,Lain-lain & Darurat,27800.0,1.0,27800.0,2,25,6,2025,26,2025-06,0,0,0,0,5,15900.0,0.0,16028.57142857143,112200.0,16035.714285714286,346700.0,346700.0,118300.0
2025-06-26,Lain-lain & Darurat,0.0,0.0,0.0,3,26,6,2025,26,2025-06,0,0,0,0,4,27800.0,0.0,20000.0,140000.0,16914.285714285714,374500.0,374500.0,90500.0
2025-06-27,Lain-lain & Darurat,0.0,0.0,0.0,4,27,6,2025,26,2025-06,0,0,0,0,3,0.0,41900.0,20000.0,140000.0,16914.285714285714,374500.0,374500.0,90500.0
2025-06-28,Lain-lain & Darurat,0.0,0.0,0.0,5,28,6,2025,26,2025-06,1,0,0,0,2,0.0,0.0,14014.285714285714,98100.0,16914.285714285714,374500.0,374500.0,106400.0
2025-06-29,Lain-lain & Darurat,5900.0,1.0,5900.0,6,29,6,2025,26,2025-06,1,0,0,0,1,0.0,9900.0,14014.285714285714,98100.0,16914.285714285714,374500.0,374500.0,146300.0
2025-01-01,Makan & Minum Harian,73500.0,3.0,24500.0,2,1,1,2025,1,2025-01,0,1,1,0,30,0.0,0.0,0.0,0.0,0.0,0.0,0.0,2049428.0
2025-01-02,Makan & Minum Harian,73500.0,3.0,24500.0,3,2,1,2025,1,2025-01,0,1,0,0,29,73500.0,0.0,73500.0,73500.0,73500.0,73500.0,73500.0,218500.0
2025-01-03,Makan & Minum Harian,73500.0,3.0,24500.0,4,3,1,2025,1,2025-01,0,1,0,0,28,73500.0,0.0,73500.0,147000.0,73500.0,147000.0,147000.0,90500.0
2025-01-04,Makan & Minum Harian,73500.0,3.0,24500.0,5,4,1,2025,1,2025-01,1,0,0,0,27,73500.0,0.0,73500.0,220500.0,73500.0,220500.0,220500.0,189400.0
2025-01-05,Makan & Minum Harian,73500.0,3.0,24500.0,6,5,1,2025,1,2025-01,1,0,0,0,26,73500.0,0.0,73500.0,294000.0,73500.0,294000.0,294000.0,174500.0
2025-01-06,Makan & Minum Harian,73500.0,3.0,24500.0,0,6,1,2025,2,2025-01,0,0,0,0,25,73500.0,0.0,73500.0,367500.0,73500.0,367500.0,367500.0,118000.0
2025-01-07,Makan & Minum Harian,73500.0,3.0,24500.0,1,7,1,2025,2,2025-01,0,0,0,0,24,73500.0,0.0,73500.0,441000.0,73500.0,441000.0,441000.0,107500.0
2025-01-08,Makan & Minum Harian,73500.0,3.0,24500.0,2,8,1,2025,2,2025-01,0,0,0,0,23,73500.0,73500.0,73500.0,514500.0,73500.0,514500.0,514500.0,126900.0
2025-01-09,Makan & Minum Harian,73500.0,3.0,24500.0,3,9,1,2025,2,2025-01,0,0,0,0,22,73500.0,73500.0,73500.0,514500.0,73500.0,588000.0,588000.0,118400.0
2025-01-10,Makan & Minum Harian,73500.0,3.0,24500.0,4,10,1,2025,2,2025-01,0,0,0,0,21,73500.0,73500.0,73500.0,514500.0,73500.0,661500.0,661500.0,97200.0
2025-01-11,Makan & Minum Harian,73500.0,3.0,24500.0,5,11,1,2025,2,2025-01,1,0,0,0,20,73500.0,73500.0,73500.0,514500.0,73500.0,735000.0,735000.0,141000.0
2025-01-12,Makan & Minum Harian,73500.0,3.0,24500.0,6,12,1,2025,2,2025-01,1,0,0,0,19,73500.0,73500.0,73500.0,514500.0,73500.0,808500.0,808500.0,116200.0
2025-01-13,Makan & Minum Harian,73500.0,3.0,24500.0,0,13,1,2025,3,2025-01,0,0,0,0,18,73500.0,73500.0,73500.0,514500.0,73500.0,882000.0,882000.0,205500.0
2025-01-14,Makan & Minum Harian,73500.0,3.0,24500.0,1,14,1,2025,3,2025-01,0,0,0,0,17,73500.0,73500.0,73500.0,514500.0,73500.0,955500.0,955500.0,90500.0
2025-01-15,Makan & Minum Harian,73500.0,3.0,24500.0,2,15,1,2025,3,2025-01,0,0,0,0,16,73500.0,73500.0,73500.0,514500.0,73500.0,1029000.0,1029000.0,85500.0
2025-01-16,Makan & Minum Harian,73500.0,3.0,24500.0,3,16,1,2025,3,2025-01,0,0,0,0,15,73500.0,73500.0,73500.0,514500.0,73500.0,1102500.0,1102500.0,107600.0
2025-01-17,Makan & Minum Harian,73500.0,3.0,24500.0,4,17,1,2025,3,2025-01,0,0,0,0,14,73500.0,73500.0,73500.0,514500.0,73500.0,1176000.0,1176000.0,90500.0
2025-01-18,Makan & Minum Harian,73500.0,3.0,24500.0,5,18,1,2025,3,2025-01,1,0,0,0,13,73500.0,73500.0,73500.0,514500.0,73500.0,1249500.0,1249500.0,104400.0
2025-01-19,Makan & Minum Harian,73500.0,3.0,24500.0,6,19,1,2025,3,2025-01,1,0,0,0,12,73500.0,73500.0,73500.0,514500.0,73500.0,1323000.0,1323000.0,157400.0
2025-01-20,Makan & Minum Harian,73500.0,3.0,24500.0,0,20,1,2025,4,2025-01,0,0,0,0,11,73500.0,73500.0,73500.0,514500.0,73500.0,1396500.0,1396500.0,115600.0
2025-01-21,Makan & Minum Harian,73500.0,3.0,24500.0,1,21,1,2025,4,2025-01,0,0,0,0,10,73500.0,73500.0,73500.0,514500.0,73500.0,1470000.0,1470000.0,97900.0
2025-01-22,Makan & Minum Harian,73500.0,3.0,24500.0,2,22,1,2025,4,2025-01,0,0,0,0,9,73500.0,73500.0,73500.0,514500.0,73500.0,1543500.0,1543500.0,85500.0
2025-01-23,Makan & Minum Harian,73500.0,3.0,24500.0,3,23,1,2025,4,2025-01,0,0,0,0,8,73500.0,73500.0,73500.0,514500.0,73500.0,1617000.0,1617000.0,113300.0
2025-01-24,Makan & Minum Harian,73500.0,3.0,24500.0,4,24,1,2025,4,2025-01,0,0,0,0,7,73500.0,73500.0,73500.0,514500.0,73500.0,1690500.0,1690500.0,85500.0
2025-01-25,Makan & Minum Harian,73500.0,3.0,24500.0,5,25,1,2025,4,2025-01,1,0,0,0,6,73500.0,73500.0,73500.0,514500.0,73500.0,1764000.0,1764000.0,85500.0
2025-01-26,Makan & Minum Harian,73500.0,3.0,24500.0,6,26,1,2025,4,2025-01,1,0,0,0,5,73500.0,73500.0,73500.0,514500.0,73500.0,1837500.0,1837500.0,90500.0
2025-01-27,Makan & Minum Harian,73500.0,3.0,24500.0,0,27,1,2025,5,2025-01,0,0,0,0,4,73500.0,73500.0,73500.0,514500.0,73500.0,1911000.0,1911000.0,90500.0
2025-01-28,Makan & Minum Harian,73500.0,3.0,24500.0,1,28,1,2025,5,2025-01,0,0,0,0,3,73500.0,73500.0,73500.0,514500.0,73500.0,1984500.0,1984500.0,90500.0
2025-01-29,Makan & Minum Harian,73500.0,3.0,24500.0,2,29,1,2025,5,2025-01,0,0,0,0,2,73500.0,73500.0,73500.0,514500.0,73500.0,2058000.0,2058000.0,90500.0
2025-01-30,Makan & Minum Harian,73500.0,3.0,24500.0,3,30,1,2025,5,2025-01,0,0,0,0,1,73500.0,73500.0,73500.0,514500.0,73500.0,2131500.0,2131500.0,94000.0
2025-01-31,Makan & Minum Harian,73500.0,3.0,24500.0,4,31,1,2025,5,2025-01,0,0,0,1,0,73500.0,73500.0,73500.0,514500.0,73500.0,2205000.0,2205000.0,108400.0
2025-02-01,Makan & Minum Harian,73500.0,3.0,24500.0,5,1,2,2025,5,2025-02,1,1,1,0,27,73500.0,73500.0,73500.0,514500.0,73500.0,2205000.0,0.0,2085028.0
2025-02-02,Makan & Minum Harian,73500.0,3.0,24500.0,6,2,2,2025,5,2025-02,1,1,0,0,26,73500.0,73500.0,73500.0,514500.0,73500.0,2205000.0,73500.0,90500.0
2025-02-03,Makan & Minum Harian,73500.0,3.0,24500.0,0,3,2,2025,6,2025-02,0,1,0,0,25,73500.0,73500.0,73500.0,514500.0,73500.0,2205000.0,147000.0,98000.0
2025-02-04,Makan & Minum Harian,73500.0,3.0,24500.0,1,4,2,2025,6,2025-02,0,0,0,0,24,73500.0,73500.0,73500.0,514500.0,73500.0,2205000.0,220500.0,90500.0
2025-02-05,Makan & Minum Harian,73500.0,3.0,24500.0,2,5,2,2025,6,2025-02,0,0,0,0,23,73500.0,73500.0,73500.0,514500.0,73500.0,2205000.0,294000.0,118900.0
2025-02-06,Makan & Minum Harian,73500.0,3.0,24500.0,3,6,2,2025,6,2025-02,0,0,0,0,22,73500.0,73500.0,73500.0,514500.0,73500.0,2205000.0,367500.0,90500.0
2025-02-07,Makan & Minum Harian,73500.0,3.0,24500.0,4,7,2,2025,6,2025-02,0,0,0,0,21,73500.0,73500.0,73500.0,514500.0,73500.0,2205000.0,441000.0,90500.0
2025-02-08,Makan & Minum Harian,73500.0,3.0,24500.0,5,8,2,2025,6,2025-02,1,0,0,0,20,73500.0,73500.0,73500.0,514500.0,73500.0,2205000.0,514500.0,104700.0
2025-02-09,Makan & Minum Harian,73500.0,3.0,24500.0,6,9,2,2025,6,2025-02,1,0,0,0,19,73500.0,73500.0,73500.0,514500.0,73500.0,2205000.0,588000.0,106900.0
2025-02-10,Makan & Minum Harian,73500.0,3.0,24500.0,0,10,2,2025,7,2025-02,0,0,0,0,18,73500.0,73500.0,73500.0,514500.0,73500.0,2205000.0,661500.0,140400.0
2025-02-11,Makan & Minum Harian,73500.0,3.0,24500.0,1,11,2,2025,7,2025-02,0,0,0,0,17,73500.0,73500.0,73500.0,514500.0,73500.0,2205000.0,735000.0,115500.0
2025-02-12,Makan & Minum Harian,73500.0,3.0,24500.0,2,12,2,2025,7,2025-02,0,0,0,0,16,73500.0,73500.0,73500.0,514500.0,73500.0,2205000.0,808500.0,135400.0
2025-02-13,Makan & Minum Harian,73500.0,3.0,24500.0,3,13,2,2025,7,2025-02,0,0,0,0,15,73500.0,73500.0,73500.0,514500.0,73500.0,2205000.0,882000.0,98000.0
2025-02-14,Makan & Minum Harian,73500.0,3.0,24500.0,4,14,2,2025,7,2025-02,0,0,0,0,14,73500.0,73500.0,73500.0,514500.0,73500.0,2205000.0,955500.0,97500.0
2025-02-15,Makan & Minum Harian,73500.0,3.0,24500.0,5,15,2,2025,7,2025-02,1,0,0,0,13,73500.0,73500.0,73500.0,514500.0,73500.0,2205000.0,1029000.0,106200.0
2025-02-16,Makan & Minum Harian,73500.0,3.0,24500.0,6,16,2,2025,7,2025-02,1,0,0,0,12,73500.0,73500.0,73500.0,514500.0,73500.0,2205000.0,1102500.0,111700.0
2025-02-17,Makan & Minum Harian,73500.0,3.0,24500.0,0,17,2,2025,8,2025-02,0,0,0,0,11,73500.0,73500.0,73500.0,514500.0,73500.0,2205000.0,1176000.0,93200.0
2025-02-18,Makan & Minum Harian,73500.0,3.0,24500.0,1,18,2,2025,8,2025-02,0,0,0,0,10,73500.0,73500.0,73500.0,514500.0,73500.0,2205000.0,1249500.0,228400.0
2025-02-19,Makan & Minum Harian,73500.0,3.0,24500.0,2,19,2,2025,8,2025-02,0,0,0,0,9,73500.0,73500.0,73500.0,514500.0,73500.0,2205000.0,1323000.0,99000.0
2025-02-20,Makan & Minum Harian,73500.0,3.0,24500.0,3,20,2,2025,8,2025-02,0,0,0,0,8,73500.0,73500.0,73500.0,514500.0,73500.0,2205000.0,1396500.0,115500.0
2025-02-21,Makan & Minum Harian,73500.0,3.0,24500.0,4,21,2,2025,8,2025-02,0,0,0,0,7,73500.0,73500.0,73500.0,514500.0,73500.0,2205000.0,1470000.0,162500.0
2025-02-22,Makan & Minum Harian,73500.0,3.0,24500.0,5,22,2,2025,8,2025-02,1,0,0,0,6,73500.0,73500.0,73500.0,514500.0,73500.0,2205000.0,1543500.0,121500.0
2025-02-23,Makan & Minum Harian,73500.0,3.0,24500.0,6,23,2,2025,8,2025-02,1,0,0,0,5,73500.0,73500.0,73500.0,514500.0,73500.0,2205000.0,1617000.0,130900.0
2025-02-24,Makan & Minum Harian,73500.0,3.0,24500.0,0,24,2,2025,9,2025-02,0,0,0,0,4,73500.0,73500.0,73500.0,514500.0,73500.0,2205000.0,1690500.0,154900.0
2025-02-25,Makan & Minum Harian,73500.0,3.0,24500.0,1,25,2,2025,9,2025-02,0,0,0,0,3,73500.0,73500.0,73500.0,514500.0,73500.0,2205000.0,1764000.0,90500.0
2025-02-26,Makan & Minum Harian,73500.0,3.0,24500.0,2,26,2,2025,9,2025-02,0,0,0,0,2,73500.0,73500.0,73500.0,514500.0,73500.0,2205000.0,1837500.0,116900.0
2025-02-27,Makan & Minum Harian,73500.0,3.0,24500.0,3,27,2,2025,9,2025-02,0,0,0,0,1,73500.0,73500.0,73500.0,514500.0,73500.0,2205000.0,1911000.0,107500.0
2025-02-28,Makan & Minum Harian,73500.0,3.0,24500.0,4,28,2,2025,9,2025-02,0,0,0,1,0,73500.0,73500.0,73500.0,514500.0,73500.0,2205000.0,1984500.0,85500.0
2025-03-01,Makan & Minum Harian,73500.0,3.0,24500.0,5,1,3,2025,9,2025-03,1,1,1,0,30,73500.0,73500.0,73500.0,514500.0,73500.0,2205000.0,0.0,2059528.0
2025-03-02,Makan & Minum Harian,73500.0,3.0,24500.0,6,2,3,2025,9,2025-03,1,1,0,0,29,73500.0,73500.0,73500.0,514500.0,73500.0,2205000.0,73500.0,105500.0
2025-03-03,Makan & Minum Harian,73500.0,3.0,24500.0,0,3,3,2025,10,2025-03,0,1,0,0,28,73500.0,73500.0,73500.0,514500.0,73500.0,2205000.0,147000.0,85500.0
2025-03-04,Makan & Minum Harian,73500.0,3.0,24500.0,1,4,3,2025,10,2025-03,0,0,0,0,27,73500.0,73500.0,73500.0,514500.0,73500.0,2205000.0,220500.0,93000.0
2025-03-05,Makan & Minum Harian,73500.0,3.0,24500.0,2,5,3,2025,10,2025-03,0,0,0,0,26,73500.0,73500.0,73500.0,514500.0,73500.0,2205000.0,294000.0,146000.0
2025-03-06,Makan & Minum Harian,73500.0,3.0,24500.0,3,6,3,2025,10,2025-03,0,0,0,0,25,73500.0,73500.0,73500.0,514500.0,73500.0,2205000.0,367500.0,93200.0
2025-03-07,Makan & Minum Harian,73500.0,3.0,24500.0,4,7,3,2025,10,2025-03,0,0,0,0,24,73500.0,73500.0,73500.0,514500.0,73500.0,2205000.0,441000.0,160000.0
2025-03-08,Makan & Minum Harian,73500.0,3.0,24500.0,5,8,3,2025,10,2025-03,1,0,0,0,23,73500.0,73500.0,73500.0,514500.0,73500.0,2205000.0,514500.0,125400.0
2025-03-09,Makan & Minum Harian,73500.0,3.0,24500.0,6,9,3,2025,10,2025-03,1,0,0,0,22,73500.0,73500.0,73500.0,514500.0,73500.0,2205000.0,588000.0,98600.0
2025-03-10,Makan & Minum Harian,73500.0,3.0,24500.0,0,10,3,2025,11,2025-03,0,0,0,0,21,73500.0,73500.0,73500.0,514500.0,73500.0,2205000.0,661500.0,98800.0
2025-03-11,Makan & Minum Harian,73500.0,3.0,24500.0,1,11,3,2025,11,2025-03,0,0,0,0,20,73500.0,73500.0,73500.0,514500.0,73500.0,2205000.0,735000.0,100500.0
2025-03-12,Makan & Minum Harian,73500.0,3.0,24500.0,2,12,3,2025,11,2025-03,0,0,0,0,19,73500.0,73500.0,73500.0,514500.0,73500.0,2205000.0,808500.0,100400.0
2025-03-13,Makan & Minum Harian,73500.0,3.0,24500.0,3,13,3,2025,11,2025-03,0,0,0,0,18,73500.0,73500.0,73500.0,514500.0,73500.0,2205000.0,882000.0,120500.0
2025-03-14,Makan & Minum Harian,73500.0,3.0,24500.0,4,14,3,2025,11,2025-03,0,0,0,0,17,73500.0,73500.0,73500.0,514500.0,73500.0,2205000.0,955500.0,90500.0
2025-03-15,Makan & Minum Harian,73500.0,3.0,24500.0,5,15,3,2025,11,2025-03,1,0,0,0,16,73500.0,73500.0,73500.0,514500.0,73500.0,2205000.0,1029000.0,189500.0
2025-03-16,Makan & Minum Harian,73500.0,3.0,24500.0,6,16,3,2025,11,2025-03,1,0,0,0,15,73500.0,73500.0,73500.0,514500.0,73500.0,2205000.0,1102500.0,126400.0
2025-03-17,Makan & Minum Harian,73500.0,3.0,24500.0,0,17,3,2025,12,2025-03,0,0,0,0,14,73500.0,73500.0,73500.0,514500.0,73500.0,2205000.0,1176000.0,90500.0
2025-03-18,Makan & Minum Harian,73500.0,3.0,24500.0,1,18,3,2025,12,2025-03,0,0,0,0,13,73500.0,73500.0,73500.0,514500.0,73500.0,2205000.0,1249500.0,140400.0
2025-03-19,Makan & Minum Harian,73500.0,3.0,24500.0,2,19,3,2025,12,2025-03,0,0,0,0,12,73500.0,73500.0,73500.0,514500.0,73500.0,2205000.0,1323000.0,85500.0
2025-03-20,Makan & Minum Harian,73500.0,3.0,24500.0,3,20,3,2025,12,2025-03,0,0,0,0,11,73500.0,73500.0,73500.0,514500.0,73500.0,2205000.0,1396500.0,93400.0
2025-03-21,Makan & Minum Harian,73500.0,3.0,24500.0,4,21,3,2025,12,2025-03,0,0,0,0,10,73500.0,73500.0,73500.0,514500.0,73500.0,2205000.0,1470000.0,131400.0
2025-03-22,Makan & Minum Harian,73500.0,3.0,24500.0,5,22,3,2025,12,2025-03,1,0,0,0,9,73500.0,73500.0,73500.0,514500.0,73500.0,2205000.0,1543500.0,99400.0
2025-03-23,Makan & Minum Harian,73500.0,3.0,24500.0,6,23,3,2025,12,2025-03,1,0,0,0,8,73500.0,73500.0,73500.0,514500.0,73500.0,2205000.0,1617000.0,105400.0
2025-03-24,Makan & Minum Harian,73500.0,3.0,24500.0,0,24,3,2025,13,2025-03,0,0,0,0,7,73500.0,73500.0,73500.0,514500.0,73500.0,2205000.0,1690500.0,120500.0
2025-03-25,Makan & Minum Harian,73500.0,3.0,24500.0,1,25,3,2025,13,2025-03,0,0,0,0,6,73500.0,73500.0,73500.0,514500.0,73500.0,2205000.0,1764000.0,155000.0
2025-03-26,Makan & Minum Harian,73500.0,3.0,24500.0,2,26,3,2025,13,2025-03,0,0,0,0,5,73500.0,73500.0,73500.0,514500.0,73500.0,2205000.0,1837500.0,111400.0
2025-03-27,Makan & Minum Harian,73500.0,3.0,24500.0,3,27,3,2025,13,2025-03,0,0,0,0,4,73500.0,73500.0,73500.0,514500.0,73500.0,2205000.0,1911000.0,98000.0
2025-03-28,Makan & Minum Harian,73500.0,3.0,24500.0,4,28,3,2025,13,2025-03,0,0,0,0,3,73500.0,73500.0,73500.0,514500.0,73500.0,2205000.0,1984500.0,106400.0
2025-03-29,Makan & Minum Harian,73500.0,3.0,24500.0,5,29,3,2025,13,2025-03,1,0,0,0,2,73500.0,73500.0,73500.0,514500.0,73500.0,2205000.0,2058000.0,108600.0
2025-03-30,Makan & Minum Harian,73500.0,3.0,24500.0,6,30,3,2025,13,2025-03,1,0,0,0,1,73500.0,73500.0,73500.0,514500.0,73500.0,2205000.0,2131500.0,133100.0
2025-03-31,Makan & Minum Harian,73500.0,3.0,24500.0,0,31,3,2025,14,2025-03,0,0,0,1,0,73500.0,73500.0,73500.0,514500.0,73500.0,2205000.0,2205000.0,108400.0
2025-04-01,Makan & Minum Harian,73500.0,3.0,24500.0,1,1,4,2025,14,2025-04,0,1,1,0,29,73500.0,73500.0,73500.0,514500.0,73500.0,2205000.0,0.0,2053028.0
2025-04-02,Makan & Minum Harian,73500.0,3.0,24500.0,2,2,4,2025,14,2025-04,0,1,0,0,28,73500.0,73500.0,73500.0,514500.0,73500.0,2205000.0,73500.0,90500.0
2025-04-03,Makan & Minum Harian,73500.0,3.0,24500.0,3,3,4,2025,14,2025-04,0,1,0,0,27,73500.0,73500.0,73500.0,514500.0,73500.0,2205000.0,147000.0,107500.0
2025-04-04,Makan & Minum Harian,73500.0,3.0,24500.0,4,4,4,2025,14,2025-04,0,0,0,0,26,73500.0,73500.0,73500.0,514500.0,73500.0,2205000.0,220500.0,166500.0
2025-04-05,Makan & Minum Harian,73500.0,3.0,24500.0,5,5,4,2025,14,2025-04,1,0,0,0,25,73500.0,73500.0,73500.0,514500.0,73500.0,2205000.0,294000.0,110400.0
2025-04-06,Makan & Minum Harian,73500.0,3.0,24500.0,6,6,4,2025,14,2025-04,1,0,0,0,24,73500.0,73500.0,73500.0,514500.0,73500.0,2205000.0,367500.0,90500.0
2025-04-07,Makan & Minum Harian,73500.0,3.0,24500.0,0,7,4,2025,15,2025-04,0,0,0,0,23,73500.0,73500.0,73500.0,514500.0,73500.0,2205000.0,441000.0,109400.0
2025-04-08,Makan & Minum Harian,73500.0,3.0,24500.0,1,8,4,2025,15,2025-04,0,0,0,0,22,73500.0,73500.0,73500.0,514500.0,73500.0,2205000.0,514500.0,109100.0
2025-04-09,Makan & Minum Harian,73500.0,3.0,24500.0,2,9,4,2025,15,2025-04,0,0,0,0,21,73500.0,73500.0,73500.0,514500.0,73500.0,2205000.0,588000.0,106500.0
2025-04-10,Makan & Minum Harian,73500.0,3.0,24500.0,3,10,4,2025,15,2025-04,0,0,0,0,20,73500.0,73500.0,73500.0,514500.0,73500.0,2205000.0,661500.0,203000.0
2025-04-11,Makan & Minum Harian,73500.0,3.0,24500.0,4,11,4,2025,15,2025-04,0,0,0,0,19,73500.0,73500.0,73500.0,514500.0,73500.0,2205000.0,735000.0,310500.0
2025-04-12,Makan & Minum Harian,73500.0,3.0,24500.0,5,12,4,2025,15,2025-04,1,0,0,0,18,73500.0,73500.0,73500.0,514500.0,73500.0,2205000.0,808500.0,90500.0
2025-04-13,Makan & Minum Harian,73500.0,3.0,24500.0,6,13,4,2025,15,2025-04,1,0,0,0,17,73500.0,73500.0,73500.0,514500.0,73500.0,2205000.0,882000.0,109500.0
2025-04-14,Makan & Minum Harian,73500.0,3.0,24500.0,0,14,4,2025,16,2025-04,0,0,0,0,16,73500.0,73500.0,73500.0,514500.0,73500.0,2205000.0,955500.0,90500.0
2025-04-15,Makan & Minum Harian,73500.0,3.0,24500.0,1,15,4,2025,16,2025-04,0,0,0,0,15,73500.0,73500.0,73500.0,514500.0,73500.0,2205000.0,1029000.0,90500.0
2025-04-16,Makan & Minum Harian,73500.0,3.0,24500.0,2,16,4,2025,16,2025-04,0,0,0,0,14,73500.0,73500.0,73500.0,514500.0,73500.0,2205000.0,1102500.0,90500.0
2025-04-17,Makan & Minum Harian,73500.0,3.0,24500.0,3,17,4,2025,16,2025-04,0,0,0,0,13,73500.0,73500.0,73500.0,514500.0,73500.0,2205000.0,1176000.0,96000.0
2025-04-18,Makan & Minum Harian,73500.0,3.0,24500.0,4,18,4,2025,16,2025-04,0,0,0,0,12,73500.0,73500.0,73500.0,514500.0,73500.0,2205000.0,1249500.0,85500.0
2025-04-19,Makan & Minum Harian,73500.0,3.0,24500.0,5,19,4,2025,16,2025-04,1,0,0,0,11,73500.0,73500.0,73500.0,514500.0,73500.0,2205000.0,1323000.0,85500.0
2025-04-20,Makan & Minum Harian,73500.0,3.0,24500.0,6,20,4,2025,16,2025-04,1,0,0,0,10,73500.0,73500.0,73500.0,514500.0,73500.0,2205000.0,1396500.0,96400.0
2025-04-21,Makan & Minum Harian,73500.0,3.0,24500.0,0,21,4,2025,17,2025-04,0,0,0,0,9,73500.0,73500.0,73500.0,514500.0,73500.0,2205000.0,1470000.0,90500.0
2025-04-22,Makan & Minum Harian,73500.0,3.0,24500.0,1,22,4,2025,17,2025-04,0,0,0,0,8,73500.0,73500.0,73500.0,514500.0,73500.0,2205000.0,1543500.0,85500.0
2025-04-23,Makan & Minum Harian,73500.0,3.0,24500.0,2,23,4,2025,17,2025-04,0,0,0,0,7,73500.0,73500.0,73500.0,514500.0,73500.0,2205000.0,1617000.0,90500.0
2025-04-24,Makan & Minum Harian,73500.0,3.0,24500.0,3,24,4,2025,17,2025-04,0,0,0,0,6,73500.0,73500.0,73500.0,514500.0,73500.0,2205000.0,1690500.0,255500.0
2025-04-25,Makan & Minum Harian,73500.0,3.0,24500.0,4,25,4,2025,17,2025-04,0,0,0,0,5,73500.0,73500.0,73500.0,514500.0,73500.0,2205000.0,1764000.0,90500.0
2025-04-26,Makan & Minum Harian,73500.0,3.0,24500.0,5,26,4,2025,17,2025-04,1,0,0,0,4,73500.0,73500.0,73500.0,514500.0,73500.0,2205000.0,1837500.0,90500.0
2025-04-27,Makan & Minum Harian,73500.0,3.0,24500.0,6,27,4,2025,17,2025-04,1,0,0,0,3,73500.0,73500.0,73500.0,514500.0,73500.0,2205000.0,1911000.0,85500.0
2025-04-28,Makan & Minum Harian,73500.0,3.0,24500.0,0,28,4,2025,18,2025-04,0,0,0,0,2,73500.0,73500.0,73500.0,514500.0,73500.0,2205000.0,1984500.0,132500.0
2025-04-29,Makan & Minum Harian,73500.0,3.0,24500.0,1,29,4,2025,18,2025-04,0,0,0,0,1,73500.0,73500.0,73500.0,514500.0,73500.0,2205000.0,2058000.0,93400.0
2025-04-30,Makan & Minum Harian,73500.0,3.0,24500.0,2,30,4,2025,18,2025-04,0,0,0,1,0,73500.0,73500.0,73500.0,514500.0,73500.0,2205000.0,2131500.0,90500.0
2025-05-01,Makan & Minum Harian,73500.0,3.0,24500.0,3,1,5,2025,18,2025-05,0,1,1,0,30,73500.0,73500.0,73500.0,514500.0,73500.0,2205000.0,0.0,2158528.0
2025-05-02,Makan & Minum Harian,73500.0,3.0,24500.0,4,2,5,2025,18,2025-05,0,1,0,0,29,73500.0,73500.0,73500.0,514500.0,73500.0,2205000.0,73500.0,90500.0
2025-05-03,Makan & Minum Harian,73500.0,3.0,24500.0,5,3,5,2025,18,2025-05,1,1,0,0,28,73500.0,73500.0,73500.0,514500.0,73500.0,2205000.0,147000.0,102400.0
2025-05-04,Makan & Minum Harian,73500.0,3.0,24500.0,6,4,5,2025,18,2025-05,1,0,0,0,27,73500.0,73500.0,73500.0,514500.0,73500.0,2205000.0,220500.0,90500.0
2025-05-05,Makan & Minum Harian,73500.0,3.0,24500.0,0,5,5,2025,19,2025-05,0,0,0,0,26,73500.0,73500.0,73500.0,514500.0,73500.0,2205000.0,294000.0,116900.0
2025-05-06,Makan & Minum Harian,73500.0,3.0,24500.0,1,6,5,2025,19,2025-05,0,0,0,0,25,73500.0,73500.0,73500.0,514500.0,73500.0,2205000.0,367500.0,113200.0
2025-05-07,Makan & Minum Harian,73500.0,3.0,24500.0,2,7,5,2025,19,2025-05,0,0,0,0,24,73500.0,73500.0,73500.0,514500.0,73500.0,2205000.0,441000.0,85500.0
2025-05-08,Makan & Minum Harian,73500.0,3.0,24500.0,3,8,5,2025,19,2025-05,0,0,0,0,23,73500.0,73500.0,73500.0,514500.0,73500.0,2205000.0,514500.0,97700.0
2025-05-09,Makan & Minum Harian,73500.0,3.0,24500.0,4,9,5,2025,19,2025-05,0,0,0,0,22,73500.0,73500.0,73500.0,514500.0,73500.0,2205000.0,588000.0,135200.0
2025-05-10,Makan & Minum Harian,73500.0,3.0,24500.0,5,10,5,2025,19,2025-05,1,0,0,0,21,73500.0,73500.0,73500.0,514500.0,73500.0,2205000.0,661500.0,102500.0
2025-05-11,Makan & Minum Harian,73500.0,3.0,24500.0,6,11,5,2025,19,2025-05,1,0,0,0,20,73500.0,73500.0,73500.0,514500.0,73500.0,2205000.0,735000.0,124100.0
2025-05-12,Makan & Minum Harian,73500.0,3.0,24500.0,0,12,5,2025,20,2025-05,0,0,0,0,19,73500.0,73500.0,73500.0,514500.0,73500.0,2205000.0,808500.0,107000.0
2025-05-13,Makan & Minum Harian,73500.0,3.0,24500.0,1,13,5,2025,20,2025-05,0,0,0,0,18,73500.0,73500.0,73500.0,514500.0,73500.0,2205000.0,882000.0,137800.0
2025-05-14,Makan & Minum Harian,73500.0,3.0,24500.0,2,14,5,2025,20,2025-05,0,0,0,0,17,73500.0,73500.0,73500.0,514500.0,73500.0,2205000.0,955500.0,92700.0
2025-05-15,Makan & Minum Harian,73500.0,3.0,24500.0,3,15,5,2025,20,2025-05,0,0,0,0,16,73500.0,73500.0,73500.0,514500.0,73500.0,2205000.0,1029000.0,115400.0
2025-05-16,Makan & Minum Harian,73500.0,3.0,24500.0,4,16,5,2025,20,2025-05,0,0,0,0,15,73500.0,73500.0,73500.0,514500.0,73500.0,2205000.0,1102500.0,90500.0
2025-05-17,Makan & Minum Harian,73500.0,3.0,24500.0,5,17,5,2025,20,2025-05,1,0,0,0,14,73500.0,73500.0,73500.0,514500.0,73500.0,2205000.0,1176000.0,152400.0
2025-05-18,Makan & Minum Harian,73500.0,3.0,24500.0,6,18,5,2025,20,2025-05,1,0,0,0,13,73500.0,73500.0,73500.0,514500.0,73500.0,2205000.0,1249500.0,85500.0
2025-05-19,Makan & Minum Harian,73500.0,3.0,24500.0,0,19,5,2025,21,2025-05,0,0,0,0,12,73500.0,73500.0,73500.0,514500.0,73500.0,2205000.0,1323000.0,125000.0
2025-05-20,Makan & Minum Harian,73500.0,3.0,24500.0,1,20,5,2025,21,2025-05,0,0,0,0,11,73500.0,73500.0,73500.0,514500.0,73500.0,2205000.0,1396500.0,85500.0
2025-05-21,Makan & Minum Harian,73500.0,3.0,24500.0,2,21,5,2025,21,2025-05,0,0,0,0,10,73500.0,73500.0,73500.0,514500.0,73500.0,2205000.0,1470000.0,90500.0
2025-05-22,Makan & Minum Harian,73500.0,3.0,24500.0,3,22,5,2025,21,2025-05,0,0,0,0,9,73500.0,73500.0,73500.0,514500.0,73500.0,2205000.0,1543500.0,129500.0
2025-05-23,Makan & Minum Harian,73500.0,3.0,24500.0,4,23,5,2025,21,2025-05,0,0,0,0,8,73500.0,73500.0,73500.0,514500.0,73500.0,2205000.0,1617000.0,90500.0
2025-05-24,Makan & Minum Harian,73500.0,3.0,24500.0,5,24,5,2025,21,2025-05,1,0,0,0,7,73500.0,73500.0,73500.0,514500.0,73500.0,2205000.0,1690500.0,106500.0
2025-05-25,Makan & Minum Harian,73500.0,3.0,24500.0,6,25,5,2025,21,2025-05,1,0,0,0,6,73500.0,73500.0,73500.0,514500.0,73500.0,2205000.0,1764000.0,90500.0
2025-05-26,Makan & Minum Harian,73500.0,3.0,24500.0,0,26,5,2025,22,2025-05,0,0,0,0,5,73500.0,73500.0,73500.0,514500.0,73500.0,2205000.0,1837500.0,90500.0
2025-05-27,Makan & Minum Harian,73500.0,3.0,24500.0,1,27,5,2025,22,2025-05,0,0,0,0,4,73500.0,73500.0,73500.0,514500.0,73500.0,2205000.0,1911000.0,85500.0
2025-05-28,Makan & Minum Harian,73500.0,3.0,24500.0,2,28,5,2025,22,2025-05,0,0,0,0,3,73500.0,73500.0,73500.0,514500.0,73500.0,2205000.0,1984500.0,90500.0
2025-05-29,Makan & Minum Harian,73500.0,3.0,24500.0,3,29,5,2025,22,2025-05,0,0,0,0,2,73500.0,73500.0,73500.0,514500.0,73500.0,2205000.0,2058000.0,85500.0
2025-05-30,Makan & Minum Harian,73500.0,3.0,24500.0,4,30,5,2025,22,2025-05,0,0,0,0,1,73500.0,73500.0,73500.0,514500.0,73500.0,2205000.0,2131500.0,90500.0
2025-05-31,Makan & Minum Harian,73500.0,3.0,24500.0,5,31,5,2025,22,2025-05,1,0,0,1,0,73500.0,73500.0,73500.0,514500.0,73500.0,2205000.0,2205000.0,90500.0
2025-06-01,Makan & Minum Harian,73500.0,3.0,24500.0,6,1,6,2025,22,2025-06,1,1,1,0,29,73500.0,73500.0,73500.0,514500.0,73500.0,2205000.0,0.0,2069628.0
2025-06-02,Makan & Minum Harian,73500.0,3.0,24500.0,0,2,6,2025,23,2025-06,0,1,0,0,28,73500.0,73500.0,73500.0,514500.0,73500.0,2205000.0,73500.0,90500.0
2025-06-03,Makan & Minum Harian,73500.0,3.0,24500.0,1,3,6,2025,23,2025-06,0,1,0,0,27,73500.0,73500.0,73500.0,514500.0,73500.0,2205000.0,147000.0,105400.0
2025-06-04,Makan & Minum Harian,73500.0,3.0,24500.0,2,4,6,2025,23,2025-06,0,0,0,0,26,73500.0,73500.0,73500.0,514500.0,73500.0,2205000.0,220500.0,104500.0
2025-06-05,Makan & Minum Harian,73500.0,3.0,24500.0,3,5,6,2025,23,2025-06,0,0,0,0,25,73500.0,73500.0,73500.0,514500.0,73500.0,2205000.0,294000.0,109800.0
2025-06-06,Makan & Minum Harian,73500.0,3.0,24500.0,4,6,6,2025,23,2025-06,0,0,0,0,24,73500.0,73500.0,73500.0,514500.0,73500.0,2205000.0,367500.0,97500.0
2025-06-07,Makan & Minum Harian,73500.0,3.0,24500.0,5,7,6,2025,23,2025-06,1,0,0,0,23,73500.0,73500.0,73500.0,514500.0,73500.0,2205000.0,441000.0,107300.0
2025-06-08,Makan & Minum Harian,73500.0,3.0,24500.0,6,8,6,2025,23,2025-06,1,0,0,0,22,73500.0,73500.0,73500.0,514500.0,73500.0,2205000.0,514500.0,112200.0
2025-06-09,Makan & Minum Harian,73500.0,3.0,24500.0,0,9,6,2025,24,2025-06,0,0,0,0,21,73500.0,73500.0,73500.0,514500.0,73500.0,2205000.0,588000.0,114800.0
2025-06-10,Makan & Minum Harian,73500.0,3.0,24500.0,1,10,6,2025,24,2025-06,0,0,0,0,20,73500.0,73500.0,73500.0,514500.0,73500.0,2205000.0,661500.0,178400.0
2025-06-11,Makan & Minum Harian,73500.0,3.0,24500.0,2,11,6,2025,24,2025-06,0,0,0,0,19,73500.0,73500.0,73500.0,514500.0,73500.0,2205000.0,735000.0,106000.0
2025-06-12,Makan & Minum Harian,73500.0,3.0,24500.0,3,12,6,2025,24,2025-06,0,0,0,0,18,73500.0,73500.0,73500.0,514500.0,73500.0,2205000.0,808500.0,90500.0
2025-06-13,Makan & Minum Harian,73500.0,3.0,24500.0,4,13,6,2025,24,2025-06,0,0,0,0,17,73500.0,73500.0,73500.0,514500.0,73500.0,2205000.0,882000.0,90500.0
2025-06-14,Makan & Minum Harian,73500.0,3.0,24500.0,5,14,6,2025,24,2025-06,1,0,0,0,16,73500.0,73500.0,73500.0,514500.0,73500.0,2205000.0,955500.0,103800.0
2025-06-15,Makan & Minum Harian,73500.0,3.0,24500.0,6,15,6,2025,24,2025-06,1,0,0,0,15,73500.0,73500.0,73500.0,514500.0,73500.0,2205000.0,1029000.0,156900.0
2025-06-16,Makan & Minum Harian,73500.0,3.0,24500.0,0,16,6,2025,25,2025-06,0,0,0,0,14,73500.0,73500.0,73500.0,514500.0,73500.0,2205000.0,1102500.0,151200.0
2025-06-17,Makan & Minum Harian,73500.0,3.0,24500.0,1,17,6,2025,25,2025-06,0,0,0,0,13,73500.0,73500.0,73500.0,514500.0,73500.0,2205000.0,1176000.0,112200.0
2025-06-18,Makan & Minum Harian,73500.0,3.0,24500.0,2,18,6,2025,25,2025-06,0,0,0,0,12,73500.0,73500.0,73500.0,514500.0,73500.0,2205000.0,1249500.0,90500.0
2025-06-19,Makan & Minum Harian,73500.0,3.0,24500.0,3,19,6,2025,25,2025-06,0,0,0,0,11,73500.0,73500.0,73500.0,514500.0,73500.0,2205000.0,1323000.0,110500.0
2025-06-20,Makan & Minum Harian,73500.0,3.0,24500.0,4,20,6,2025,25,2025-06,0,0,0,0,10,73500.0,73500.0,73500.0,514500.0,73500.0,2205000.0,1396500.0,183200.0
2025-06-21,Makan & Minum Harian,73500.0,3.0,24500.0,5,21,6,2025,25,2025-06,1,0,0,0,9,73500.0,73500.0,73500.0,514500.0,73500.0,2205000.0,1470000.0,90500.0
2025-06-22,Makan & Minum Harian,73500.0,3.0,24500.0,6,22,6,2025,25,2025-06,1,0,0,0,8,73500.0,73500.0,73500.0,514500.0,73500.0,2205000.0,1543500.0,155300.0
2025-06-23,Makan & Minum Harian,73500.0,3.0,24500.0,0,23,6,2025,26,2025-06,0,0,0,0,7,73500.0,73500.0,73500.0,514500.0,73500.0,2205000.0,1617000.0,130000.0
2025-06-24,Makan & Minum Harian,73500.0,3.0,24500.0,1,24,6,2025,26,2025-06,0,0,0,0,6,73500.0,73500.0,73500.0,514500.0,73500.0,2205000.0,1690500.0,106400.0
2025-06-25,Makan & Minum Harian,73500.0,3.0,24500.0,2,25,6,2025,26,2025-06,0,0,0,0,5,73500.0,73500.0,73500.0,514500.0,73500.0,2205000.0,1764000.0,118300.0
2025-06-26,Makan & Minum Harian,73500.0,3.0,24500.0,3,26,6,2025,26,2025-06,0,0,0,0,4,73500.0,73500.0,73500.0,514500.0,73500.0,2205000.0,1837500.0,90500.0
2025-06-27,Makan & Minum Harian,73500.0,3.0,24500.0,4,27,6,2025,26,2025-06,0,0,0,0,3,73500.0,73500.0,73500.0,514500.0,73500.0,2205000.0,1911000.0,90500.0
2025-06-28,Makan & Minum Harian,73500.0,3.0,24500.0,5,28,6,2025,26,2025-06,1,0,0,0,2,73500.0,73500.0,73500.0,514500.0,73500.0,2205000.0,1984500.0,106400.0
2025-06-29,Makan & Minum Harian,73500.0,3.0,24500.0,6,29,6,2025,26,2025-06,1,0,0,0,1,73500.0,73500.0,73500.0,514500.0,73500.0,2205000.0,2058000.0,146300.0
2025-01-01,Tagihan & Kewajiban,1953028.0,2.0,976514.0,2,1,1,2025,1,2025-01,0,1,1,0,30,0.0,0.0,0.0,0.0,0.0,0.0,0.0,2049428.0
2025-01-02,Tagihan & Kewajiban,0.0,0.0,0.0,3,2,1,2025,1,2025-01,0,1,0,0,29,1953028.0,0.0,1953028.0,1953028.0,1953028.0,1953028.0,1953028.0,218500.0
2025-01-03,Tagihan & Kewajiban,0.0,0.0,0.0,4,3,1,2025,1,2025-01,0,1,0,0,28,0.0,0.0,976514.0,1953028.0,976514.0,1953028.0,1953028.0,90500.0
2025-01-04,Tagihan & Kewajiban,0.0,0.0,0.0,5,4,1,2025,1,2025-01,1,0,0,0,27,0.0,0.0,651009.3333333334,1953028.0,651009.3333333334,1953028.0,1953028.0,189400.0
2025-01-05,Tagihan & Kewajiban,0.0,0.0,0.0,6,5,1,2025,1,2025-01,1,0,0,0,26,0.0,0.0,488257.0,1953028.0,488257.0,1953028.0,1953028.0,174500.0
2025-01-06,Tagihan & Kewajiban,0.0,0.0,0.0,0,6,1,2025,2,2025-01,0,0,0,0,25,0.0,0.0,390605.6,1953028.0,390605.6,1953028.0,1953028.0,118000.0
2025-01-07,Tagihan & Kewajiban,0.0,0.0,0.0,1,7,1,2025,2,2025-01,0,0,0,0,24,0.0,0.0,325504.6666666667,1953028.0,325504.6666666667,1953028.0,1953028.0,107500.0
2025-01-08,Tagihan & Kewajiban,0.0,0.0,0.0,2,8,1,2025,2,2025-01,0,0,0,0,23,0.0,1953028.0,279004.0,1953028.0,279004.0,1953028.0,1953028.0,126900.0
2025-01-09,Tagihan & Kewajiban,0.0,0.0,0.0,3,9,1,2025,2,2025-01,0,0,0,0,22,0.0,0.0,0.0,0.0,244128.5,1953028.0,1953028.0,118400.0
2025-01-10,Tagihan & Kewajiban,0.0,0.0,0.0,4,10,1,2025,2,2025-01,0,0,0,0,21,0.0,0.0,0.0,0.0,217003.11111111112,1953028.0,1953028.0,97200.0
2025-01-11,Tagihan & Kewajiban,0.0,0.0,0.0,5,11,1,2025,2,2025-01,1,0,0,0,20,0.0,0.0,0.0,0.0,195302.8,1953028.0,1953028.0,141000.0
2025-01-12,Tagihan & Kewajiban,0.0,0.0,0.0,6,12,1,2025,2,2025-01,1,0,0,0,19,0.0,0.0,0.0,0.0,177548.0,1953028.0,1953028.0,116200.0
2025-01-13,Tagihan & Kewajiban,0.0,0.0,0.0,0,13,1,2025,3,2025-01,0,0,0,0,18,0.0,0.0,0.0,0.0,162752.33333333334,1953028.0,1953028.0,205500.0
2025-01-14,Tagihan & Kewajiban,0.0,0.0,0.0,1,14,1,2025,3,2025-01,0,0,0,0,17,0.0,0.0,0.0,0.0,150232.92307692306,1953028.0,1953028.0,90500.0
2025-01-15,Tagihan & Kewajiban,0.0,0.0,0.0,2,15,1,2025,3,2025-01,0,0,0,0,16,0.0,0.0,0.0,0.0,139502.0,1953028.0,1953028.0,85500.0
2025-01-16,Tagihan & Kewajiban,0.0,0.0,0.0,3,16,1,2025,3,2025-01,0,0,0,0,15,0.0,0.0,0.0,0.0,0.0,1953028.0,1953028.0,107600.0
2025-01-17,Tagihan & Kewajiban,0.0,0.0,0.0,4,17,1,2025,3,2025-01,0,0,0,0,14,0.0,0.0,0.0,0.0,0.0,1953028.0,1953028.0,90500.0
2025-01-18,Tagihan & Kewajiban,0.0,0.0,0.0,5,18,1,2025,3,2025-01,1,0,0,0,13,0.0,0.0,0.0,0.0,0.0,1953028.0,1953028.0,104400.0
2025-01-19,Tagihan & Kewajiban,0.0,0.0,0.0,6,19,1,2025,3,2025-01,1,0,0,0,12,0.0,0.0,0.0,0.0,0.0,1953028.0,1953028.0,157400.0
2025-01-20,Tagihan & Kewajiban,0.0,0.0,0.0,0,20,1,2025,4,2025-01,0,0,0,0,11,0.0,0.0,0.0,0.0,0.0,1953028.0,1953028.0,115600.0
2025-01-21,Tagihan & Kewajiban,0.0,0.0,0.0,1,21,1,2025,4,2025-01,0,0,0,0,10,0.0,0.0,0.0,0.0,0.0,1953028.0,1953028.0,97900.0
2025-01-22,Tagihan & Kewajiban,0.0,0.0,0.0,2,22,1,2025,4,2025-01,0,0,0,0,9,0.0,0.0,0.0,0.0,0.0,1953028.0,1953028.0,85500.0
2025-01-23,Tagihan & Kewajiban,0.0,0.0,0.0,3,23,1,2025,4,2025-01,0,0,0,0,8,0.0,0.0,0.0,0.0,0.0,1953028.0,1953028.0,113300.0
2025-01-24,Tagihan & Kewajiban,0.0,0.0,0.0,4,24,1,2025,4,2025-01,0,0,0,0,7,0.0,0.0,0.0,0.0,0.0,1953028.0,1953028.0,85500.0
2025-01-25,Tagihan & Kewajiban,0.0,0.0,0.0,5,25,1,2025,4,2025-01,1,0,0,0,6,0.0,0.0,0.0,0.0,0.0,1953028.0,1953028.0,85500.0
2025-01-26,Tagihan & Kewajiban,0.0,0.0,0.0,6,26,1,2025,4,2025-01,1,0,0,0,5,0.0,0.0,0.0,0.0,0.0,1953028.0,1953028.0,90500.0
2025-01-27,Tagihan & Kewajiban,0.0,0.0,0.0,0,27,1,2025,5,2025-01,0,0,0,0,4,0.0,0.0,0.0,0.0,0.0,1953028.0,1953028.0,90500.0
2025-01-28,Tagihan & Kewajiban,0.0,0.0,0.0,1,28,1,2025,5,2025-01,0,0,0,0,3,0.0,0.0,0.0,0.0,0.0,1953028.0,1953028.0,90500.0
2025-01-29,Tagihan & Kewajiban,0.0,0.0,0.0,2,29,1,2025,5,2025-01,0,0,0,0,2,0.0,0.0,0.0,0.0,0.0,1953028.0,1953028.0,90500.0
2025-01-30,Tagihan & Kewajiban,0.0,0.0,0.0,3,30,1,2025,5,2025-01,0,0,0,0,1,0.0,0.0,0.0,0.0,0.0,1953028.0,1953028.0,94000.0
2025-01-31,Tagihan & Kewajiban,0.0,0.0,0.0,4,31,1,2025,5,2025-01,0,0,0,1,0,0.0,0.0,0.0,0.0,0.0,1953028.0,1953028.0,108400.0
2025-02-01,Tagihan & Kewajiban,1953028.0,2.0,976514.0,5,1,2,2025,5,2025-02,1,1,1,0,27,0.0,0.0,0.0,0.0,0.0,0.0,0.0,2085028.0
2025-02-02,Tagihan & Kewajiban,0.0,0.0,0.0,6,2,2,2025,5,2025-02,1,1,0,0,26,1953028.0,0.0,279004.0,1953028.0,139502.0,1953028.0,1953028.0,90500.0
2025-02-03,Tagihan & Kewajiban,0.0,0.0,0.0,0,3,2,2025,6,2025-02,0,1,0,0,25,0.0,0.0,279004.0,1953028.0,139502.0,1953028.0,1953028.0,98000.0
2025-02-04,Tagihan & Kewajiban,0.0,0.0,0.0,1,4,2,2025,6,2025-02,0,0,0,0,24,0.0,0.0,279004.0,1953028.0,139502.0,1953028.0,1953028.0,90500.0
2025-02-05,Tagihan & Kewajiban,0.0,0.0,0.0,2,5,2,2025,6,2025-02,0,0,0,0,23,0.0,0.0,279004.0,1953028.0,139502.0,1953028.0,1953028.0,118900.0
2025-02-06,Tagihan & Kewajiban,0.0,0.0,0.0,3,6,2,2025,6,2025-02,0,0,0,0,22,0.0,0.0,279004.0,1953028.0,139502.0,1953028.0,1953028.0,90500.0
2025-02-07,Tagihan & Kewajiban,0.0,0.0,0.0,4,7,2,2025,6,2025-02,0,0,0,0,21,0.0,0.0,279004.0,1953028.0,139502.0,1953028.0,1953028.0,90500.0
2025-02-08,Tagihan & Kewajiban,0.0,0.0,0.0,5,8,2,2025,6,2025-02,1,0,0,0,20,0.0,1953028.0,279004.0,1953028.0,139502.0,1953028.0,1953028.0,104700.0
2025-02-09,Tagihan & Kewajiban,0.0,0.0,0.0,6,9,2,2025,6,2025-02,1,0,0,0,19,0.0,0.0,0.0,0.0,139502.0,1953028.0,1953028.0,106900.0
2025-02-10,Tagihan & Kewajiban,0.0,0.0,0.0,0,10,2,2025,7,2025-02,0,0,0,0,18,0.0,0.0,0.0,0.0,139502.0,1953028.0,1953028.0,140400.0
2025-02-11,Tagihan & Kewajiban,0.0,0.0,0.0,1,11,2,2025,7,2025-02,0,0,0,0,17,0.0,0.0,0.0,0.0,139502.0,1953028.0,1953028.0,115500.0
2025-02-12,Tagihan & Kewajiban,0.0,0.0,0.0,2,12,2,2025,7,2025-02,0,0,0,0,16,0.0,0.0,0.0,0.0,139502.0,1953028.0,1953028.0,135400.0
2025-02-13,Tagihan & Kewajiban,0.0,0.0,0.0,3,13,2,2025,7,2025-02,0,0,0,0,15,0.0,0.0,0.0,0.0,139502.0,1953028.0,1953028.0,98000.0
2025-02-14,Tagihan & Kewajiban,0.0,0.0,0.0,4,14,2,2025,7,2025-02,0,0,0,0,14,0.0,0.0,0.0,0.0,139502.0,1953028.0,1953028.0,97500.0
2025-02-15,Tagihan & Kewajiban,0.0,0.0,0.0,5,15,2,2025,7,2025-02,1,0,0,0,13,0.0,0.0,0.0,0.0,139502.0,1953028.0,1953028.0,106200.0
2025-02-16,Tagihan & Kewajiban,0.0,0.0,0.0,6,16,2,2025,7,2025-02,1,0,0,0,12,0.0,0.0,0.0,0.0,0.0,1953028.0,1953028.0,111700.0
2025-02-17,Tagihan & Kewajiban,0.0,0.0,0.0,0,17,2,2025,8,2025-02,0,0,0,0,11,0.0,0.0,0.0,0.0,0.0,1953028.0,1953028.0,93200.0
2025-02-18,Tagihan & Kewajiban,0.0,0.0,0.0,1,18,2,2025,8,2025-02,0,0,0,0,10,0.0,0.0,0.0,0.0,0.0,1953028.0,1953028.0,228400.0
2025-02-19,Tagihan & Kewajiban,0.0,0.0,0.0,2,19,2,2025,8,2025-02,0,0,0,0,9,0.0,0.0,0.0,0.0,0.0,1953028.0,1953028.0,99000.0
2025-02-20,Tagihan & Kewajiban,0.0,0.0,0.0,3,20,2,2025,8,2025-02,0,0,0,0,8,0.0,0.0,0.0,0.0,0.0,1953028.0,1953028.0,115500.0
2025-02-21,Tagihan & Kewajiban,0.0,0.0,0.0,4,21,2,2025,8,2025-02,0,0,0,0,7,0.0,0.0,0.0,0.0,0.0,1953028.0,1953028.0,162500.0
2025-02-22,Tagihan & Kewajiban,0.0,0.0,0.0,5,22,2,2025,8,2025-02,1,0,0,0,6,0.0,0.0,0.0,0.0,0.0,1953028.0,1953028.0,121500.0
2025-02-23,Tagihan & Kewajiban,0.0,0.0,0.0,6,23,2,2025,8,2025-02,1,0,0,0,5,0.0,0.0,0.0,0.0,0.0,1953028.0,1953028.0,130900.0
2025-02-24,Tagihan & Kewajiban,0.0,0.0,0.0,0,24,2,2025,9,2025-02,0,0,0,0,4,0.0,0.0,0.0,0.0,0.0,1953028.0,1953028.0,154900.0
2025-02-25,Tagihan & Kewajiban,0.0,0.0,0.0,1,25,2,2025,9,2025-02,0,0,0,0,3,0.0,0.0,0.0,0.0,0.0,1953028.0,1953028.0,90500.0
2025-02-26,Tagihan & Kewajiban,0.0,0.0,0.0,2,26,2,2025,9,2025-02,0,0,0,0,2,0.0,0.0,0.0,0.0,0.0,1953028.0,1953028.0,116900.0
2025-02-27,Tagihan & Kewajiban,0.0,0.0,0.0,3,27,2,2025,9,2025-02,0,0,0,0,1,0.0,0.0,0.0,0.0,0.0,1953028.0,1953028.0,107500.0
2025-02-28,Tagihan & Kewajiban,0.0,0.0,0.0,4,28,2,2025,9,2025-02,0,0,0,1,0,0.0,0.0,0.0,0.0,0.0,1953028.0,1953028.0,85500.0
2025-03-01,Tagihan & Kewajiban,1953028.0,2.0,976514.0,5,1,3,2025,9,2025-03,1,1,1,0,30,0.0,0.0,0.0,0.0,0.0,1953028.0,0.0,2059528.0
2025-03-02,Tagihan & Kewajiban,0.0,0.0,0.0,6,2,3,2025,9,2025-03,1,1,0,0,29,1953028.0,0.0,279004.0,1953028.0,139502.0,3906056.0,1953028.0,105500.0
2025-03-03,Tagihan & Kewajiban,0.0,0.0,0.0,0,3,3,2025,10,2025-03,0,1,0,0,28,0.0,0.0,279004.0,1953028.0,139502.0,3906056.0,1953028.0,85500.0
2025-03-04,Tagihan & Kewajiban,0.0,0.0,0.0,1,4,3,2025,10,2025-03,0,0,0,0,27,0.0,0.0,279004.0,1953028.0,139502.0,1953028.0,1953028.0,93000.0
2025-03-05,Tagihan & Kewajiban,0.0,0.0,0.0,2,5,3,2025,10,2025-03,0,0,0,0,26,0.0,0.0,279004.0,1953028.0,139502.0,1953028.0,1953028.0,146000.0
2025-03-06,Tagihan & Kewajiban,0.0,0.0,0.0,3,6,3,2025,10,2025-03,0,0,0,0,25,0.0,0.0,279004.0,1953028.0,139502.0,1953028.0,1953028.0,93200.0
2025-03-07,Tagihan & Kewajiban,0.0,0.0,0.0,4,7,3,2025,10,2025-03,0,0,0,0,24,0.0,0.0,279004.0,1953028.0,139502.0,1953028.0,1953028.0,160000.0
2025-03-08,Tagihan & Kewajiban,0.0,0.0,0.0,5,8,3,2025,10,2025-03,1,0,0,0,23,0.0,1953028.0,279004.0,1953028.0,139502.0,1953028.0,1953028.0,125400.0
2025-03-09,Tagihan & Kewajiban,0.0,0.0,0.0,6,9,3,2025,10,2025-03,1,0,0,0,22,0.0,0.0,0.0,0.0,139502.0,1953028.0,1953028.0,98600.0
2025-03-10,Tagihan & Kewajiban,0.0,0.0,0.0,0,10,3,2025,11,2025-03,0,0,0,0,21,0.0,0.0,0.0,0.0,139502.0,1953028.0,1953028.0,98800.0
2025-03-11,Tagihan & Kewajiban,0.0,0.0,0.0,1,11,3,2025,11,2025-03,0,0,0,0,20,0.0,0.0,0.0,0.0,139502.0,1953028.0,1953028.0,100500.0
2025-03-12,Tagihan & Kewajiban,0.0,0.0,0.0,2,12,3,2025,11,2025-03,0,0,0,0,19,0.0,0.0,0.0,0.0,139502.0,1953028.0,1953028.0,100400.0
2025-03-13,Tagihan & Kewajiban,0.0,0.0,0.0,3,13,3,2025,11,2025-03,0,0,0,0,18,0.0,0.0,0.0,0.0,139502.0,1953028.0,1953028.0,120500.0
2025-03-14,Tagihan & Kewajiban,0.0,0.0,0.0,4,14,3,2025,11,2025-03,0,0,0,0,17,0.0,0.0,0.0,0.0,139502.0,1953028.0,1953028.0,90500.0
2025-03-15,Tagihan & Kewajiban,0.0,0.0,0.0,5,15,3,2025,11,2025-03,1,0,0,0,16,0.0,0.0,0.0,0.0,139502.0,1953028.0,1953028.0,189500.0
2025-03-16,Tagihan & Kewajiban,0.0,0.0,0.0,6,16,3,2025,11,2025-03,1,0,0,0,15,0.0,0.0,0.0,0.0,0.0,1953028.0,1953028.0,126400.0
2025-03-17,Tagihan & Kewajiban,0.0,0.0,0.0,0,17,3,2025,12,2025-03,0,0,0,0,14,0.0,0.0,0.0,0.0,0.0,1953028.0,1953028.0,90500.0
2025-03-18,Tagihan & Kewajiban,0.0,0.0,0.0,1,18,3,2025,12,2025-03,0,0,0,0,13,0.0,0.0,0.0,0.0,0.0,1953028.0,1953028.0,140400.0
2025-03-19,Tagihan & Kewajiban,0.0,0.0,0.0,2,19,3,2025,12,2025-03,0,0,0,0,12,0.0,0.0,0.0,0.0,0.0,1953028.0,1953028.0,85500.0
2025-03-20,Tagihan & Kewajiban,0.0,0.0,0.0,3,20,3,2025,12,2025-03,0,0,0,0,11,0.0,0.0,0.0,0.0,0.0,1953028.0,1953028.0,93400.0
2025-03-21,Tagihan & Kewajiban,0.0,0.0,0.0,4,21,3,2025,12,2025-03,0,0,0,0,10,0.0,0.0,0.0,0.0,0.0,1953028.0,1953028.0,131400.0
2025-03-22,Tagihan & Kewajiban,0.0,0.0,0.0,5,22,3,2025,12,2025-03,1,0,0,0,9,0.0,0.0,0.0,0.0,0.0,1953028.0,1953028.0,99400.0
2025-03-23,Tagihan & Kewajiban,0.0,0.0,0.0,6,23,3,2025,12,2025-03,1,0,0,0,8,0.0,0.0,0.0,0.0,0.0,1953028.0,1953028.0,105400.0
2025-03-24,Tagihan & Kewajiban,0.0,0.0,0.0,0,24,3,2025,13,2025-03,0,0,0,0,7,0.0,0.0,0.0,0.0,0.0,1953028.0,1953028.0,120500.0
2025-03-25,Tagihan & Kewajiban,0.0,0.0,0.0,1,25,3,2025,13,2025-03,0,0,0,0,6,0.0,0.0,0.0,0.0,0.0,1953028.0,1953028.0,155000.0
2025-03-26,Tagihan & Kewajiban,0.0,0.0,0.0,2,26,3,2025,13,2025-03,0,0,0,0,5,0.0,0.0,0.0,0.0,0.0,1953028.0,1953028.0,111400.0
2025-03-27,Tagihan & Kewajiban,0.0,0.0,0.0,3,27,3,2025,13,2025-03,0,0,0,0,4,0.0,0.0,0.0,0.0,0.0,1953028.0,1953028.0,98000.0
2025-03-28,Tagihan & Kewajiban,0.0,0.0,0.0,4,28,3,2025,13,2025-03,0,0,0,0,3,0.0,0.0,0.0,0.0,0.0,1953028.0,1953028.0,106400.0
2025-03-29,Tagihan & Kewajiban,0.0,0.0,0.0,5,29,3,2025,13,2025-03,1,0,0,0,2,0.0,0.0,0.0,0.0,0.0,1953028.0,1953028.0,108600.0
2025-03-30,Tagihan & Kewajiban,0.0,0.0,0.0,6,30,3,2025,13,2025-03,1,0,0,0,1,0.0,0.0,0.0,0.0,0.0,1953028.0,1953028.0,133100.0
2025-03-31,Tagihan & Kewajiban,0.0,0.0,0.0,0,31,3,2025,14,2025-03,0,0,0,1,0,0.0,0.0,0.0,0.0,0.0,1953028.0,1953028.0,108400.0
2025-04-01,Tagihan & Kewajiban,1953028.0,2.0,976514.0,1,1,4,2025,14,2025-04,0,1,1,0,29,0.0,0.0,0.0,0.0,0.0,0.0,0.0,2053028.0
2025-04-02,Tagihan & Kewajiban,0.0,0.0,0.0,2,2,4,2025,14,2025-04,0,1,0,0,28,1953028.0,0.0,279004.0,1953028.0,139502.0,1953028.0,1953028.0,90500.0
2025-04-03,Tagihan & Kewajiban,0.0,0.0,0.0,3,3,4,2025,14,2025-04,0,1,0,0,27,0.0,0.0,279004.0,1953028.0,139502.0,1953028.0,1953028.0,107500.0
2025-04-04,Tagihan & Kewajiban,0.0,0.0,0.0,4,4,4,2025,14,2025-04,0,0,0,0,26,0.0,0.0,279004.0,1953028.0,139502.0,1953028.0,1953028.0,166500.0
2025-04-05,Tagihan & Kewajiban,0.0,0.0,0.0,5,5,4,2025,14,2025-04,1,0,0,0,25,0.0,0.0,279004.0,1953028.0,139502.0,1953028.0,1953028.0,110400.0
2025-04-06,Tagihan & Kewajiban,0.0,0.0,0.0,6,6,4,2025,14,2025-04,1,0,0,0,24,0.0,0.0,279004.0,1953028.0,139502.0,1953028.0,1953028.0,90500.0
2025-04-07,Tagihan & Kewajiban,0.0,0.0,0.0,0,7,4,2025,15,2025-04,0,0,0,0,23,0.0,0.0,279004.0,1953028.0,139502.0,1953028.0,1953028.0,109400.0
2025-04-08,Tagihan & Kewajiban,0.0,0.0,0.0,1,8,4,2025,15,2025-04,0,0,0,0,22,0.0,1953028.0,279004.0,1953028.0,139502.0,1953028.0,1953028.0,109100.0
2025-04-09,Tagihan & Kewajiban,0.0,0.0,0.0,2,9,4,2025,15,2025-04,0,0,0,0,21,0.0,0.0,0.0,0.0,139502.0,1953028.0,1953028.0,106500.0
2025-04-10,Tagihan & Kewajiban,0.0,0.0,0.0,3,10,4,2025,15,2025-04,0,0,0,0,20,0.0,0.0,0.0,0.0,139502.0,1953028.0,1953028.0,203000.0
2025-04-11,Tagihan & Kewajiban,0.0,0.0,0.0,4,11,4,2025,15,2025-04,0,0,0,0,19,0.0,0.0,0.0,0.0,139502.0,1953028.0,1953028.0,310500.0
2025-04-12,Tagihan & Kewajiban,0.0,0.0,0.0,5,12,4,2025,15,2025-04,1,0,0,0,18,0.0,0.0,0.0,0.0,139502.0,1953028.0,1953028.0,90500.0
2025-04-13,Tagihan & Kewajiban,0.0,0.0,0.0,6,13,4,2025,15,2025-04,1,0,0,0,17,0.0,0.0,0.0,0.0,139502.0,1953028.0,1953028.0,109500.0
2025-04-14,Tagihan & Kewajiban,0.0,0.0,0.0,0,14,4,2025,16,2025-04,0,0,0,0,16,0.0,0.0,0.0,0.0,139502.0,1953028.0,1953028.0,90500.0
2025-04-15,Tagihan & Kewajiban,0.0,0.0,0.0,1,15,4,2025,16,2025-04,0,0,0,0,15,0.0,0.0,0.0,0.0,139502.0,1953028.0,1953028.0,90500.0
2025-04-16,Tagihan & Kewajiban,0.0,0.0,0.0,2,16,4,2025,16,2025-04,0,0,0,0,14,0.0,0.0,0.0,0.0,0.0,1953028.0,1953028.0,90500.0
2025-04-17,Tagihan & Kewajiban,0.0,0.0,0.0,3,17,4,2025,16,2025-04,0,0,0,0,13,0.0,0.0,0.0,0.0,0.0,1953028.0,1953028.0,96000.0
2025-04-18,Tagihan & Kewajiban,0.0,0.0,0.0,4,18,4,2025,16,2025-04,0,0,0,0,12,0.0,0.0,0.0,0.0,0.0,1953028.0,1953028.0,85500.0
2025-04-19,Tagihan & Kewajiban,0.0,0.0,0.0,5,19,4,2025,16,2025-04,1,0,0,0,11,0.0,0.0,0.0,0.0,0.0,1953028.0,1953028.0,85500.0
2025-04-20,Tagihan & Kewajiban,0.0,0.0,0.0,6,20,4,2025,16,2025-04,1,0,0,0,10,0.0,0.0,0.0,0.0,0.0,1953028.0,1953028.0,96400.0
2025-04-21,Tagihan & Kewajiban,0.0,0.0,0.0,0,21,4,2025,17,2025-04,0,0,0,0,9,0.0,0.0,0.0,0.0,0.0,1953028.0,1953028.0,90500.0
2025-04-22,Tagihan & Kewajiban,0.0,0.0,0.0,1,22,4,2025,17,2025-04,0,0,0,0,8,0.0,0.0,0.0,0.0,0.0,1953028.0,1953028.0,85500.0
2025-04-23,Tagihan & Kewajiban,0.0,0.0,0.0,2,23,4,2025,17,2025-04,0,0,0,0,7,0.0,0.0,0.0,0.0,0.0,1953028.0,1953028.0,90500.0
2025-04-24,Tagihan & Kewajiban,0.0,0.0,0.0,3,24,4,2025,17,2025-04,0,0,0,0,6,0.0,0.0,0.0,0.0,0.0,1953028.0,1953028.0,255500.0
2025-04-25,Tagihan & Kewajiban,0.0,0.0,0.0,4,25,4,2025,17,2025-04,0,0,0,0,5,0.0,0.0,0.0,0.0,0.0,1953028.0,1953028.0,90500.0
2025-04-26,Tagihan & Kewajiban,0.0,0.0,0.0,5,26,4,2025,17,2025-04,1,0,0,0,4,0.0,0.0,0.0,0.0,0.0,1953028.0,1953028.0,90500.0
2025-04-27,Tagihan & Kewajiban,0.0,0.0,0.0,6,27,4,2025,17,2025-04,1,0,0,0,3,0.0,0.0,0.0,0.0,0.0,1953028.0,1953028.0,85500.0
2025-04-28,Tagihan & Kewajiban,0.0,0.0,0.0,0,28,4,2025,18,2025-04,0,0,0,0,2,0.0,0.0,0.0,0.0,0.0,1953028.0,1953028.0,132500.0
2025-04-29,Tagihan & Kewajiban,0.0,0.0,0.0,1,29,4,2025,18,2025-04,0,0,0,0,1,0.0,0.0,0.0,0.0,0.0,1953028.0,1953028.0,93400.0
2025-04-30,Tagihan & Kewajiban,0.0,0.0,0.0,2,30,4,2025,18,2025-04,0,0,0,1,0,0.0,0.0,0.0,0.0,0.0,1953028.0,1953028.0,90500.0
2025-05-01,Tagihan & Kewajiban,1953028.0,2.0,976514.0,3,1,5,2025,18,2025-05,0,1,1,0,30,0.0,0.0,0.0,0.0,0.0,1953028.0,0.0,2158528.0
2025-05-02,Tagihan & Kewajiban,0.0,0.0,0.0,4,2,5,2025,18,2025-05,0,1,0,0,29,1953028.0,0.0,279004.0,1953028.0,139502.0,1953028.0,1953028.0,90500.0
2025-05-03,Tagihan & Kewajiban,0.0,0.0,0.0,5,3,5,2025,18,2025-05,1,1,0,0,28,0.0,0.0,279004.0,1953028.0,139502.0,1953028.0,1953028.0,102400.0
2025-05-04,Tagihan & Kewajiban,0.0,0.0,0.0,6,4,5,2025,18,2025-05,1,0,0,0,27,0.0,0.0,279004.0,1953028.0,139502.0,1953028.0,1953028.0,90500.0
2025-05-05,Tagihan & Kewajiban,0.0,0.0,0.0,0,5,5,2025,19,2025-05,0,0,0,0,26,0.0,0.0,279004.0,1953028.0,139502.0,1953028.0,1953028.0,116900.0
2025-05-06,Tagihan & Kewajiban,0.0,0.0,0.0,1,6,5,2025,19,2025-05,0,0,0,0,25,0.0,0.0,279004.0,1953028.0,139502.0,1953028.0,1953028.0,113200.0
2025-05-07,Tagihan & Kewajiban,0.0,0.0,0.0,2,7,5,2025,19,2025-05,0,0,0,0,24,0.0,0.0,279004.0,1953028.0,139502.0,1953028.0,1953028.0,85500.0
2025-05-08,Tagihan & Kewajiban,0.0,0.0,0.0,3,8,5,2025,19,2025-05,0,0,0,0,23,0.0,1953028.0,279004.0,1953028.0,139502.0,1953028.0,1953028.0,97700.0
2025-05-09,Tagihan & Kewajiban,0.0,0.0,0.0,4,9,5,2025,19,2025-05,0,0,0,0,22,0.0,0.0,0.0,0.0,139502.0,1953028.0,1953028.0,135200.0
2025-05-10,Tagihan & Kewajiban,0.0,0.0,0.0,5,10,5,2025,19,2025-05,1,0,0,0,21,0.0,0.0,0.0,0.0,139502.0,1953028.0,1953028.0,102500.0
2025-05-11,Tagihan & Kewajiban,0.0,0.0,0.0,6,11,5,2025,19,2025-05,1,0,0,0,20,0.0,0.0,0.0,0.0,139502.0,1953028.0,1953028.0,124100.0
2025-05-12,Tagihan & Kewajiban,0.0,0.0,0.0,0,12,5,2025,20,2025-05,0,0,0,0,19,0.0,0.0,0.0,0.0,139502.0,1953028.0,1953028.0,107000.0
2025-05-13,Tagihan & Kewajiban,0.0,0.0,0.0,1,13,5,2025,20,2025-05,0,0,0,0,18,0.0,0.0,0.0,0.0,139502.0,1953028.0,1953028.0,137800.0
2025-05-14,Tagihan & Kewajiban,0.0,0.0,0.0,2,14,5,2025,20,2025-05,0,0,0,0,17,0.0,0.0,0.0,0.0,139502.0,1953028.0,1953028.0,92700.0
2025-05-15,Tagihan & Kewajiban,0.0,0.0,0.0,3,15,5,2025,20,2025-05,0,0,0,0,16,0.0,0.0,0.0,0.0,139502.0,1953028.0,1953028.0,115400.0
2025-05-16,Tagihan & Kewajiban,0.0,0.0,0.0,4,16,5,2025,20,2025-05,0,0,0,0,15,0.0,0.0,0.0,0.0,0.0,1953028.0,1953028.0,90500.0
2025-05-17,Tagihan & Kewajiban,0.0,0.0,0.0,5,17,5,2025,20,2025-05,1,0,0,0,14,0.0,0.0,0.0,0.0,0.0,1953028.0,1953028.0,152400.0
2025-05-18,Tagihan & Kewajiban,0.0,0.0,0.0,6,18,5,2025,20,2025-05,1,0,0,0,13,0.0,0.0,0.0,0.0,0.0,1953028.0,1953028.0,85500.0
2025-05-19,Tagihan & Kewajiban,0.0,0.0,0.0,0,19,5,2025,21,2025-05,0,0,0,0,12,0.0,0.0,0.0,0.0,0.0,1953028.0,1953028.0,125000.0
2025-05-20,Tagihan & Kewajiban,0.0,0.0,0.0,1,20,5,2025,21,2025-05,0,0,0,0,11,0.0,0.0,0.0,0.0,0.0,1953028.0,1953028.0,85500.0
2025-05-21,Tagihan & Kewajiban,0.0,0.0,0.0,2,21,5,2025,21,2025-05,0,0,0,0,10,0.0,0.0,0.0,0.0,0.0,1953028.0,1953028.0,90500.0
2025-05-22,Tagihan & Kewajiban,0.0,0.0,0.0,3,22,5,2025,21,2025-05,0,0,0,0,9,0.0,0.0,0.0,0.0,0.0,1953028.0,1953028.0,129500.0
2025-05-23,Tagihan & Kewajiban,0.0,0.0,0.0,4,23,5,2025,21,2025-05,0,0,0,0,8,0.0,0.0,0.0,0.0,0.0,1953028.0,1953028.0,90500.0
2025-05-24,Tagihan & Kewajiban,0.0,0.0,0.0,5,24,5,2025,21,2025-05,1,0,0,0,7,0.0,0.0,0.0,0.0,0.0,1953028.0,1953028.0,106500.0
2025-05-25,Tagihan & Kewajiban,0.0,0.0,0.0,6,25,5,2025,21,2025-05,1,0,0,0,6,0.0,0.0,0.0,0.0,0.0,1953028.0,1953028.0,90500.0
2025-05-26,Tagihan & Kewajiban,0.0,0.0,0.0,0,26,5,2025,22,2025-05,0,0,0,0,5,0.0,0.0,0.0,0.0,0.0,1953028.0,1953028.0,90500.0
2025-05-27,Tagihan & Kewajiban,0.0,0.0,0.0,1,27,5,2025,22,2025-05,0,0,0,0,4,0.0,0.0,0.0,0.0,0.0,1953028.0,1953028.0,85500.0
2025-05-28,Tagihan & Kewajiban,0.0,0.0,0.0,2,28,5,2025,22,2025-05,0,0,0,0,3,0.0,0.0,0.0,0.0,0.0,1953028.0,1953028.0,90500.0
2025-05-29,Tagihan & Kewajiban,0.0,0.0,0.0,3,29,5,2025,22,2025-05,0,0,0,0,2,0.0,0.0,0.0,0.0,0.0,1953028.0,1953028.0,85500.0
2025-05-30,Tagihan & Kewajiban,0.0,0.0,0.0,4,30,5,2025,22,2025-05,0,0,0,0,1,0.0,0.0,0.0,0.0,0.0,1953028.0,1953028.0,90500.0
2025-05-31,Tagihan & Kewajiban,0.0,0.0,0.0,5,31,5,2025,22,2025-05,1,0,0,1,0,0.0,0.0,0.0,0.0,0.0,1953028.0,1953028.0,90500.0
2025-06-01,Tagihan & Kewajiban,1953028.0,2.0,976514.0,6,1,6,2025,22,2025-06,1,1,1,0,29,0.0,0.0,0.0,0.0,0.0,0.0,0.0,2069628.0
2025-06-02,Tagihan & Kewajiban,0.0,0.0,0.0,0,2,6,2025,23,2025-06,0,1,0,0,28,1953028.0,0.0,279004.0,1953028.0,139502.0,1953028.0,1953028.0,90500.0
2025-06-03,Tagihan & Kewajiban,0.0,0.0,0.0,1,3,6,2025,23,2025-06,0,1,0,0,27,0.0,0.0,279004.0,1953028.0,139502.0,1953028.0,1953028.0,105400.0
2025-06-04,Tagihan & Kewajiban,0.0,0.0,0.0,2,4,6,2025,23,2025-06,0,0,0,0,26,0.0,0.0,279004.0,1953028.0,139502.0,1953028.0,1953028.0,104500.0
2025-06-05,Tagihan & Kewajiban,0.0,0.0,0.0,3,5,6,2025,23,2025-06,0,0,0,0,25,0.0,0.0,279004.0,1953028.0,139502.0,1953028.0,1953028.0,109800.0
2025-06-06,Tagihan & Kewajiban,0.0,0.0,0.0,4,6,6,2025,23,2025-06,0,0,0,0,24,0.0,0.0,279004.0,1953028.0,139502.0,1953028.0,1953028.0,97500.0
2025-06-07,Tagihan & Kewajiban,0.0,0.0,0.0,5,7,6,2025,23,2025-06,1,0,0,0,23,0.0,0.0,279004.0,1953028.0,139502.0,1953028.0,1953028.0,107300.0
2025-06-08,Tagihan & Kewajiban,0.0,0.0,0.0,6,8,6,2025,23,2025-06,1,0,0,0,22,0.0,1953028.0,279004.0,1953028.0,139502.0,1953028.0,1953028.0,112200.0
2025-06-09,Tagihan & Kewajiban,0.0,0.0,0.0,0,9,6,2025,24,2025-06,0,0,0,0,21,0.0,0.0,0.0,0.0,139502.0,1953028.0,1953028.0,114800.0
2025-06-10,Tagihan & Kewajiban,0.0,0.0,0.0,1,10,6,2025,24,2025-06,0,0,0,0,20,0.0,0.0,0.0,0.0,139502.0,1953028.0,1953028.0,178400.0
2025-06-11,Tagihan & Kewajiban,0.0,0.0,0.0,2,11,6,2025,24,2025-06,0,0,0,0,19,0.0,0.0,0.0,0.0,139502.0,1953028.0,1953028.0,106000.0
2025-06-12,Tagihan & Kewajiban,0.0,0.0,0.0,3,12,6,2025,24,2025-06,0,0,0,0,18,0.0,0.0,0.0,0.0,139502.0,1953028.0,1953028.0,90500.0
2025-06-13,Tagihan & Kewajiban,0.0,0.0,0.0,4,13,6,2025,24,2025-06,0,0,0,0,17,0.0,0.0,0.0,0.0,139502.0,1953028.0,1953028.0,90500.0
2025-06-14,Tagihan & Kewajiban,0.0,0.0,0.0,5,14,6,2025,24,2025-06,1,0,0,0,16,0.0,0.0,0.0,0.0,139502.0,1953028.0,1953028.0,103800.0
2025-06-15,Tagihan & Kewajiban,0.0,0.0,0.0,6,15,6,2025,24,2025-06,1,0,0,0,15,0.0,0.0,0.0,0.0,139502.0,1953028.0,1953028.0,156900.0
2025-06-16,Tagihan & Kewajiban,0.0,0.0,0.0,0,16,6,2025,25,2025-06,0,0,0,0,14,0.0,0.0,0.0,0.0,0.0,1953028.0,1953028.0,151200.0
2025-06-17,Tagihan & Kewajiban,0.0,0.0,0.0,1,17,6,2025,25,2025-06,0,0,0,0,13,0.0,0.0,0.0,0.0,0.0,1953028.0,1953028.0,112200.0
2025-06-18,Tagihan & Kewajiban,0.0,0.0,0.0,2,18,6,2025,25,2025-06,0,0,0,0,12,0.0,0.0,0.0,0.0,0.0,1953028.0,1953028.0,90500.0
2025-06-19,Tagihan & Kewajiban,0.0,0.0,0.0,3,19,6,2025,25,2025-06,0,0,0,0,11,0.0,0.0,0.0,0.0,0.0,1953028.0,1953028.0,110500.0
2025-06-20,Tagihan & Kewajiban,0.0,0.0,0.0,4,20,6,2025,25,2025-06,0,0,0,0,10,0.0,0.0,0.0,0.0,0.0,1953028.0,1953028.0,183200.0
2025-06-21,Tagihan & Kewajiban,0.0,0.0,0.0,5,21,6,2025,25,2025-06,1,0,0,0,9,0.0,0.0,0.0,0.0,0.0,1953028.0,1953028.0,90500.0
2025-06-22,Tagihan & Kewajiban,0.0,0.0,0.0,6,22,6,2025,25,2025-06,1,0,0,0,8,0.0,0.0,0.0,0.0,0.0,1953028.0,1953028.0,155300.0
2025-06-23,Tagihan & Kewajiban,0.0,0.0,0.0,0,23,6,2025,26,2025-06,0,0,0,0,7,0.0,0.0,0.0,0.0,0.0,1953028.0,1953028.0,130000.0
2025-06-24,Tagihan & Kewajiban,0.0,0.0,0.0,1,24,6,2025,26,2025-06,0,0,0,0,6,0.0,0.0,0.0,0.0,0.0,1953028.0,1953028.0,106400.0
2025-06-25,Tagihan & Kewajiban,0.0,0.0,0.0,2,25,6,2025,26,2025-06,0,0,0,0,5,0.0,0.0,0.0,0.0,0.0,1953028.0,1953028.0,118300.0
2025-06-26,Tagihan & Kewajiban,0.0,0.0,0.0,3,26,6,2025,26,2025-06,0,0,0,0,4,0.0,0.0,0.0,0.0,0.0,1953028.0,1953028.0,90500.0
2025-06-27,Tagihan & Kewajiban,0.0,0.0,0.0,4,27,6,2025,26,2025-06,0,0,0,0,3,0.0,0.0,0.0,0.0,0.0,1953028.0,1953028.0,90500.0
2025-06-28,Tagihan & Kewajiban,0.0,0.0,0.0,5,28,6,2025,26,2025-06,1,0,0,0,2,0.0,0.0,0.0,0.0,0.0,1953028.0,1953028.0,106400.0
2025-06-29,Tagihan & Kewajiban,0.0,0.0,0.0,6,29,6,2025,26,2025-06,1,0,0,0,1,0.0,0.0,0.0,0.0,0.0,1953028.0,1953028.0,146300.0
2025-01-01,Transportasi & Rutinitas,12000.0,2.0,6000.0,2,1,1,2025,1,2025-01,0,1,1,0,30,0.0,0.0,0.0,0.0,0.0,0.0,0.0,2049428.0
2025-01-02,Transportasi & Rutinitas,12000.0,2.0,6000.0,3,2,1,2025,1,2025-01,0,1,0,0,29,12000.0,0.0,12000.0,12000.0,12000.0,12000.0,12000.0,218500.0
2025-01-03,Transportasi & Rutinitas,12000.0,2.0,6000.0,4,3,1,2025,1,2025-01,0,1,0,0,28,12000.0,0.0,12000.0,24000.0,12000.0,24000.0,24000.0,90500.0
2025-01-04,Transportasi & Rutinitas,12000.0,2.0,6000.0,5,4,1,2025,1,2025-01,1,0,0,0,27,12000.0,0.0,12000.0,36000.0,12000.0,36000.0,36000.0,189400.0
2025-01-05,Transportasi & Rutinitas,12000.0,2.0,6000.0,6,5,1,2025,1,2025-01,1,0,0,0,26,12000.0,0.0,12000.0,48000.0,12000.0,48000.0,48000.0,174500.0
2025-01-06,Transportasi & Rutinitas,12000.0,2.0,6000.0,0,6,1,2025,2,2025-01,0,0,0,0,25,12000.0,0.0,12000.0,60000.0,12000.0,60000.0,60000.0,118000.0
2025-01-07,Transportasi & Rutinitas,12000.0,2.0,6000.0,1,7,1,2025,2,2025-01,0,0,0,0,24,12000.0,0.0,12000.0,72000.0,12000.0,72000.0,72000.0,107500.0
2025-01-08,Transportasi & Rutinitas,12000.0,2.0,6000.0,2,8,1,2025,2,2025-01,0,0,0,0,23,12000.0,12000.0,12000.0,84000.0,12000.0,84000.0,84000.0,126900.0
2025-01-09,Transportasi & Rutinitas,12000.0,2.0,6000.0,3,9,1,2025,2,2025-01,0,0,0,0,22,12000.0,12000.0,12000.0,84000.0,12000.0,96000.0,96000.0,118400.0
2025-01-10,Transportasi & Rutinitas,12000.0,2.0,6000.0,4,10,1,2025,2,2025-01,0,0,0,0,21,12000.0,12000.0,12000.0,84000.0,12000.0,108000.0,108000.0,97200.0
2025-01-11,Transportasi & Rutinitas,12000.0,2.0,6000.0,5,11,1,2025,2,2025-01,1,0,0,0,20,12000.0,12000.0,12000.0,84000.0,12000.0,120000.0,120000.0,141000.0
2025-01-12,Transportasi & Rutinitas,12000.0,2.0,6000.0,6,12,1,2025,2,2025-01,1,0,0,0,19,12000.0,12000.0,12000.0,84000.0,12000.0,132000.0,132000.0,116200.0
2025-01-13,Transportasi & Rutinitas,12000.0,2.0,6000.0,0,13,1,2025,3,2025-01,0,0,0,0,18,12000.0,12000.0,12000.0,84000.0,12000.0,144000.0,144000.0,205500.0
2025-01-14,Transportasi & Rutinitas,12000.0,2.0,6000.0,1,14,1,2025,3,2025-01,0,0,0,0,17,12000.0,12000.0,12000.0,84000.0,12000.0,156000.0,156000.0,90500.0
2025-01-15,Transportasi & Rutinitas,12000.0,2.0,6000.0,2,15,1,2025,3,2025-01,0,0,0,0,16,12000.0,12000.0,12000.0,84000.0,12000.0,168000.0,168000.0,85500.0
2025-01-16,Transportasi & Rutinitas,12000.0,2.0,6000.0,3,16,1,2025,3,2025-01,0,0,0,0,15,12000.0,12000.0,12000.0,84000.0,12000.0,180000.0,180000.0,107600.0
2025-01-17,Transportasi & Rutinitas,12000.0,2.0,6000.0,4,17,1,2025,3,2025-01,0,0,0,0,14,12000.0,12000.0,12000.0,84000.0,12000.0,192000.0,192000.0,90500.0
2025-01-18,Transportasi & Rutinitas,12000.0,2.0,6000.0,5,18,1,2025,3,2025-01,1,0,0,0,13,12000.0,12000.0,12000.0,84000.0,12000.0,204000.0,204000.0,104400.0
2025-01-19,Transportasi & Rutinitas,12000.0,2.0,6000.0,6,19,1,2025,3,2025-01,1,0,0,0,12,12000.0,12000.0,12000.0,84000.0,12000.0,216000.0,216000.0,157400.0
2025-01-20,Transportasi & Rutinitas,12000.0,2.0,6000.0,0,20,1,2025,4,2025-01,0,0,0,0,11,12000.0,12000.0,12000.0,84000.0,12000.0,228000.0,228000.0,115600.0
2025-01-21,Transportasi & Rutinitas,12000.0,2.0,6000.0,1,21,1,2025,4,2025-01,0,0,0,0,10,12000.0,12000.0,12000.0,84000.0,12000.0,240000.0,240000.0,97900.0
2025-01-22,Transportasi & Rutinitas,12000.0,2.0,6000.0,2,22,1,2025,4,2025-01,0,0,0,0,9,12000.0,12000.0,12000.0,84000.0,12000.0,252000.0,252000.0,85500.0
2025-01-23,Transportasi & Rutinitas,12000.0,2.0,6000.0,3,23,1,2025,4,2025-01,0,0,0,0,8,12000.0,12000.0,12000.0,84000.0,12000.0,264000.0,264000.0,113300.0
2025-01-24,Transportasi & Rutinitas,12000.0,2.0,6000.0,4,24,1,2025,4,2025-01,0,0,0,0,7,12000.0,12000.0,12000.0,84000.0,12000.0,276000.0,276000.0,85500.0
2025-01-25,Transportasi & Rutinitas,12000.0,2.0,6000.0,5,25,1,2025,4,2025-01,1,0,0,0,6,12000.0,12000.0,12000.0,84000.0,12000.0,288000.0,288000.0,85500.0
2025-01-26,Transportasi & Rutinitas,12000.0,2.0,6000.0,6,26,1,2025,4,2025-01,1,0,0,0,5,12000.0,12000.0,12000.0,84000.0,12000.0,300000.0,300000.0,90500.0
2025-01-27,Transportasi & Rutinitas,12000.0,2.0,6000.0,0,27,1,2025,5,2025-01,0,0,0,0,4,12000.0,12000.0,12000.0,84000.0,12000.0,312000.0,312000.0,90500.0
2025-01-28,Transportasi & Rutinitas,12000.0,2.0,6000.0,1,28,1,2025,5,2025-01,0,0,0,0,3,12000.0,12000.0,12000.0,84000.0,12000.0,324000.0,324000.0,90500.0
2025-01-29,Transportasi & Rutinitas,12000.0,2.0,6000.0,2,29,1,2025,5,2025-01,0,0,0,0,2,12000.0,12000.0,12000.0,84000.0,12000.0,336000.0,336000.0,90500.0
2025-01-30,Transportasi & Rutinitas,12000.0,2.0,6000.0,3,30,1,2025,5,2025-01,0,0,0,0,1,12000.0,12000.0,12000.0,84000.0,12000.0,348000.0,348000.0,94000.0
2025-01-31,Transportasi & Rutinitas,12000.0,2.0,6000.0,4,31,1,2025,5,2025-01,0,0,0,1,0,12000.0,12000.0,12000.0,84000.0,12000.0,360000.0,360000.0,108400.0
2025-02-01,Transportasi & Rutinitas,12000.0,2.0,6000.0,5,1,2,2025,5,2025-02,1,1,1,0,27,12000.0,12000.0,12000.0,84000.0,12000.0,360000.0,0.0,2085028.0
2025-02-02,Transportasi & Rutinitas,12000.0,2.0,6000.0,6,2,2,2025,5,2025-02,1,1,0,0,26,12000.0,12000.0,12000.0,84000.0,12000.0,360000.0,12000.0,90500.0
2025-02-03,Transportasi & Rutinitas,12000.0,2.0,6000.0,0,3,2,2025,6,2025-02,0,1,0,0,25,12000.0,12000.0,12000.0,84000.0,12000.0,360000.0,24000.0,98000.0
2025-02-04,Transportasi & Rutinitas,12000.0,2.0,6000.0,1,4,2,2025,6,2025-02,0,0,0,0,24,12000.0,12000.0,12000.0,84000.0,12000.0,360000.0,36000.0,90500.0
2025-02-05,Transportasi & Rutinitas,12000.0,2.0,6000.0,2,5,2,2025,6,2025-02,0,0,0,0,23,12000.0,12000.0,12000.0,84000.0,12000.0,360000.0,48000.0,118900.0
2025-02-06,Transportasi & Rutinitas,12000.0,2.0,6000.0,3,6,2,2025,6,2025-02,0,0,0,0,22,12000.0,12000.0,12000.0,84000.0,12000.0,360000.0,60000.0,90500.0
2025-02-07,Transportasi & Rutinitas,12000.0,2.0,6000.0,4,7,2,2025,6,2025-02,0,0,0,0,21,12000.0,12000.0,12000.0,84000.0,12000.0,360000.0,72000.0,90500.0
2025-02-08,Transportasi & Rutinitas,12000.0,2.0,6000.0,5,8,2,2025,6,2025-02,1,0,0,0,20,12000.0,12000.0,12000.0,84000.0,12000.0,360000.0,84000.0,104700.0
2025-02-09,Transportasi & Rutinitas,12000.0,2.0,6000.0,6,9,2,2025,6,2025-02,1,0,0,0,19,12000.0,12000.0,12000.0,84000.0,12000.0,360000.0,96000.0,106900.0
2025-02-10,Transportasi & Rutinitas,12000.0,2.0,6000.0,0,10,2,2025,7,2025-02,0,0,0,0,18,12000.0,12000.0,12000.0,84000.0,12000.0,360000.0,108000.0,140400.0
2025-02-11,Transportasi & Rutinitas,12000.0,2.0,6000.0,1,11,2,2025,7,2025-02,0,0,0,0,17,12000.0,12000.0,12000.0,84000.0,12000.0,360000.0,120000.0,115500.0
2025-02-12,Transportasi & Rutinitas,12000.0,2.0,6000.0,2,12,2,2025,7,2025-02,0,0,0,0,16,12000.0,12000.0,12000.0,84000.0,12000.0,360000.0,132000.0,135400.0
2025-02-13,Transportasi & Rutinitas,12000.0,2.0,6000.0,3,13,2,2025,7,2025-02,0,0,0,0,15,12000.0,12000.0,12000.0,84000.0,12000.0,360000.0,144000.0,98000.0
2025-02-14,Transportasi & Rutinitas,12000.0,2.0,6000.0,4,14,2,2025,7,2025-02,0,0,0,0,14,12000.0,12000.0,12000.0,84000.0,12000.0,360000.0,156000.0,97500.0
2025-02-15,Transportasi & Rutinitas,12000.0,2.0,6000.0,5,15,2,2025,7,2025-02,1,0,0,0,13,12000.0,12000.0,12000.0,84000.0,12000.0,360000.0,168000.0,106200.0
2025-02-16,Transportasi & Rutinitas,12000.0,2.0,6000.0,6,16,2,2025,7,2025-02,1,0,0,0,12,12000.0,12000.0,12000.0,84000.0,12000.0,360000.0,180000.0,111700.0
2025-02-17,Transportasi & Rutinitas,12000.0,2.0,6000.0,0,17,2,2025,8,2025-02,0,0,0,0,11,12000.0,12000.0,12000.0,84000.0,12000.0,360000.0,192000.0,93200.0
2025-02-18,Transportasi & Rutinitas,12000.0,2.0,6000.0,1,18,2,2025,8,2025-02,0,0,0,0,10,12000.0,12000.0,12000.0,84000.0,12000.0,360000.0,204000.0,228400.0
2025-02-19,Transportasi & Rutinitas,12000.0,2.0,6000.0,2,19,2,2025,8,2025-02,0,0,0,0,9,12000.0,12000.0,12000.0,84000.0,12000.0,360000.0,216000.0,99000.0
2025-02-20,Transportasi & Rutinitas,12000.0,2.0,6000.0,3,20,2,2025,8,2025-02,0,0,0,0,8,12000.0,12000.0,12000.0,84000.0,12000.0,360000.0,228000.0,115500.0
2025-02-21,Transportasi & Rutinitas,12000.0,2.0,6000.0,4,21,2,2025,8,2025-02,0,0,0,0,7,12000.0,12000.0,12000.0,84000.0,12000.0,360000.0,240000.0,162500.0
2025-02-22,Transportasi & Rutinitas,12000.0,2.0,6000.0,5,22,2,2025,8,2025-02,1,0,0,0,6,12000.0,12000.0,12000.0,84000.0,12000.0,360000.0,252000.0,121500.0
2025-02-23,Transportasi & Rutinitas,12000.0,2.0,6000.0,6,23,2,2025,8,2025-02,1,0,0,0,5,12000.0,12000.0,12000.0,84000.0,12000.0,360000.0,264000.0,130900.0
2025-02-24,Transportasi & Rutinitas,12000.0,2.0,6000.0,0,24,2,2025,9,2025-02,0,0,0,0,4,12000.0,12000.0,12000.0,84000.0,12000.0,360000.0,276000.0,154900.0
2025-02-25,Transportasi & Rutinitas,12000.0,2.0,6000.0,1,25,2,2025,9,2025-02,0,0,0,0,3,12000.0,12000.0,12000.0,84000.0,12000.0,360000.0,288000.0,90500.0
2025-02-26,Transportasi & Rutinitas,12000.0,2.0,6000.0,2,26,2,2025,9,2025-02,0,0,0,0,2,12000.0,12000.0,12000.0,84000.0,12000.0,360000.0,300000.0,116900.0
2025-02-27,Transportasi & Rutinitas,12000.0,2.0,6000.0,3,27,2,2025,9,2025-02,0,0,0,0,1,12000.0,12000.0,12000.0,84000.0,12000.0,360000.0,312000.0,107500.0
2025-02-28,Transportasi & Rutinitas,12000.0,2.0,6000.0,4,28,2,2025,9,2025-02,0,0,0,1,0,12000.0,12000.0,12000.0,84000.0,12000.0,360000.0,324000.0,85500.0
2025-03-01,Transportasi & Rutinitas,12000.0,2.0,6000.0,5,1,3,2025,9,2025-03,1,1,1,0,30,12000.0,12000.0,12000.0,84000.0,12000.0,360000.0,0.0,2059528.0
2025-03-02,Transportasi & Rutinitas,12000.0,2.0,6000.0,6,2,3,2025,9,2025-03,1,1,0,0,29,12000.0,12000.0,12000.0,84000.0,12000.0,360000.0,12000.0,105500.0
2025-03-03,Transportasi & Rutinitas,12000.0,2.0,6000.0,0,3,3,2025,10,2025-03,0,1,0,0,28,12000.0,12000.0,12000.0,84000.0,12000.0,360000.0,24000.0,85500.0
2025-03-04,Transportasi & Rutinitas,12000.0,2.0,6000.0,1,4,3,2025,10,2025-03,0,0,0,0,27,12000.0,12000.0,12000.0,84000.0,12000.0,360000.0,36000.0,93000.0
2025-03-05,Transportasi & Rutinitas,12000.0,2.0,6000.0,2,5,3,2025,10,2025-03,0,0,0,0,26,12000.0,12000.0,12000.0,84000.0,12000.0,360000.0,48000.0,146000.0
2025-03-06,Transportasi & Rutinitas,12000.0,2.0,6000.0,3,6,3,2025,10,2025-03,0,0,0,0,25,12000.0,12000.0,12000.0,84000.0,12000.0,360000.0,60000.0,93200.0
2025-03-07,Transportasi & Rutinitas,12000.0,2.0,6000.0,4,7,3,2025,10,2025-03,0,0,0,0,24,12000.0,12000.0,12000.0,84000.0,12000.0,360000.0,72000.0,160000.0
2025-03-08,Transportasi & Rutinitas,12000.0,2.0,6000.0,5,8,3,2025,10,2025-03,1,0,0,0,23,12000.0,12000.0,12000.0,84000.0,12000.0,360000.0,84000.0,125400.0
2025-03-09,Transportasi & Rutinitas,12000.0,2.0,6000.0,6,9,3,2025,10,2025-03,1,0,0,0,22,12000.0,12000.0,12000.0,84000.0,12000.0,360000.0,96000.0,98600.0
2025-03-10,Transportasi & Rutinitas,12000.0,2.0,6000.0,0,10,3,2025,11,2025-03,0,0,0,0,21,12000.0,12000.0,12000.0,84000.0,12000.0,360000.0,108000.0,98800.0
2025-03-11,Transportasi & Rutinitas,12000.0,2.0,6000.0,1,11,3,2025,11,2025-03,0,0,0,0,20,12000.0,12000.0,12000.0,84000.0,12000.0,360000.0,120000.0,100500.0
2025-03-12,Transportasi & Rutinitas,12000.0,2.0,6000.0,2,12,3,2025,11,2025-03,0,0,0,0,19,12000.0,12000.0,12000.0,84000.0,12000.0,360000.0,132000.0,100400.0
2025-03-13,Transportasi & Rutinitas,12000.0,2.0,6000.0,3,13,3,2025,11,2025-03,0,0,0,0,18,12000.0,12000.0,12000.0,84000.0,12000.0,360000.0,144000.0,120500.0
2025-03-14,Transportasi & Rutinitas,12000.0,2.0,6000.0,4,14,3,2025,11,2025-03,0,0,0,0,17,12000.0,12000.0,12000.0,84000.0,12000.0,360000.0,156000.0,90500.0
2025-03-15,Transportasi & Rutinitas,12000.0,2.0,6000.0,5,15,3,2025,11,2025-03,1,0,0,0,16,12000.0,12000.0,12000.0,84000.0,12000.0,360000.0,168000.0,189500.0
2025-03-16,Transportasi & Rutinitas,12000.0,2.0,6000.0,6,16,3,2025,11,2025-03,1,0,0,0,15,12000.0,12000.0,12000.0,84000.0,12000.0,360000.0,180000.0,126400.0
2025-03-17,Transportasi & Rutinitas,12000.0,2.0,6000.0,0,17,3,2025,12,2025-03,0,0,0,0,14,12000.0,12000.0,12000.0,84000.0,12000.0,360000.0,192000.0,90500.0
2025-03-18,Transportasi & Rutinitas,12000.0,2.0,6000.0,1,18,3,2025,12,2025-03,0,0,0,0,13,12000.0,12000.0,12000.0,84000.0,12000.0,360000.0,204000.0,140400.0
2025-03-19,Transportasi & Rutinitas,12000.0,2.0,6000.0,2,19,3,2025,12,2025-03,0,0,0,0,12,12000.0,12000.0,12000.0,84000.0,12000.0,360000.0,216000.0,85500.0
2025-03-20,Transportasi & Rutinitas,12000.0,2.0,6000.0,3,20,3,2025,12,2025-03,0,0,0,0,11,12000.0,12000.0,12000.0,84000.0,12000.0,360000.0,228000.0,93400.0
2025-03-21,Transportasi & Rutinitas,12000.0,2.0,6000.0,4,21,3,2025,12,2025-03,0,0,0,0,10,12000.0,12000.0,12000.0,84000.0,12000.0,360000.0,240000.0,131400.0
2025-03-22,Transportasi & Rutinitas,12000.0,2.0,6000.0,5,22,3,2025,12,2025-03,1,0,0,0,9,12000.0,12000.0,12000.0,84000.0,12000.0,360000.0,252000.0,99400.0
2025-03-23,Transportasi & Rutinitas,12000.0,2.0,6000.0,6,23,3,2025,12,2025-03,1,0,0,0,8,12000.0,12000.0,12000.0,84000.0,12000.0,360000.0,264000.0,105400.0
2025-03-24,Transportasi & Rutinitas,12000.0,2.0,6000.0,0,24,3,2025,13,2025-03,0,0,0,0,7,12000.0,12000.0,12000.0,84000.0,12000.0,360000.0,276000.0,120500.0
2025-03-25,Transportasi & Rutinitas,12000.0,2.0,6000.0,1,25,3,2025,13,2025-03,0,0,0,0,6,12000.0,12000.0,12000.0,84000.0,12000.0,360000.0,288000.0,155000.0
2025-03-26,Transportasi & Rutinitas,12000.0,2.0,6000.0,2,26,3,2025,13,2025-03,0,0,0,0,5,12000.0,12000.0,12000.0,84000.0,12000.0,360000.0,300000.0,111400.0
2025-03-27,Transportasi & Rutinitas,12000.0,2.0,6000.0,3,27,3,2025,13,2025-03,0,0,0,0,4,12000.0,12000.0,12000.0,84000.0,12000.0,360000.0,312000.0,98000.0
2025-03-28,Transportasi & Rutinitas,12000.0,2.0,6000.0,4,28,3,2025,13,2025-03,0,0,0,0,3,12000.0,12000.0,12000.0,84000.0,12000.0,360000.0,324000.0,106400.0
2025-03-29,Transportasi & Rutinitas,12000.0,2.0,6000.0,5,29,3,2025,13,2025-03,1,0,0,0,2,12000.0,12000.0,12000.0,84000.0,12000.0,360000.0,336000.0,108600.0
2025-03-30,Transportasi & Rutinitas,12000.0,2.0,6000.0,6,30,3,2025,13,2025-03,1,0,0,0,1,12000.0,12000.0,12000.0,84000.0,12000.0,360000.0,348000.0,133100.0
2025-03-31,Transportasi & Rutinitas,12000.0,2.0,6000.0,0,31,3,2025,14,2025-03,0,0,0,1,0,12000.0,12000.0,12000.0,84000.0,12000.0,360000.0,360000.0,108400.0
2025-04-01,Transportasi & Rutinitas,12000.0,2.0,6000.0,1,1,4,2025,14,2025-04,0,1,1,0,29,12000.0,12000.0,12000.0,84000.0,12000.0,360000.0,0.0,2053028.0
2025-04-02,Transportasi & Rutinitas,12000.0,2.0,6000.0,2,2,4,2025,14,2025-04,0,1,0,0,28,12000.0,12000.0,12000.0,84000.0,12000.0,360000.0,12000.0,90500.0
2025-04-03,Transportasi & Rutinitas,12000.0,2.0,6000.0,3,3,4,2025,14,2025-04,0,1,0,0,27,12000.0,12000.0,12000.0,84000.0,12000.0,360000.0,24000.0,107500.0
2025-04-04,Transportasi & Rutinitas,12000.0,2.0,6000.0,4,4,4,2025,14,2025-04,0,0,0,0,26,12000.0,12000.0,12000.0,84000.0,12000.0,360000.0,36000.0,166500.0
2025-04-05,Transportasi & Rutinitas,12000.0,2.0,6000.0,5,5,4,2025,14,2025-04,1,0,0,0,25,12000.0,12000.0,12000.0,84000.0,12000.0,360000.0,48000.0,110400.0
2025-04-06,Transportasi & Rutinitas,12000.0,2.0,6000.0,6,6,4,2025,14,2025-04,1,0,0,0,24,12000.0,12000.0,12000.0,84000.0,12000.0,360000.0,60000.0,90500.0
2025-04-07,Transportasi & Rutinitas,12000.0,2.0,6000.0,0,7,4,2025,15,2025-04,0,0,0,0,23,12000.0,12000.0,12000.0,84000.0,12000.0,360000.0,72000.0,109400.0
2025-04-08,Transportasi & Rutinitas,12000.0,2.0,6000.0,1,8,4,2025,15,2025-04,0,0,0,0,22,12000.0,12000.0,12000.0,84000.0,12000.0,360000.0,84000.0,109100.0
2025-04-09,Transportasi & Rutinitas,12000.0,2.0,6000.0,2,9,4,2025,15,2025-04,0,0,0,0,21,12000.0,12000.0,12000.0,84000.0,12000.0,360000.0,96000.0,106500.0
2025-04-10,Transportasi & Rutinitas,12000.0,2.0,6000.0,3,10,4,2025,15,2025-04,0,0,0,0,20,12000.0,12000.0,12000.0,84000.0,12000.0,360000.0,108000.0,203000.0
2025-04-11,Transportasi & Rutinitas,12000.0,2.0,6000.0,4,11,4,2025,15,2025-04,0,0,0,0,19,12000.0,12000.0,12000.0,84000.0,12000.0,360000.0,120000.0,310500.0
2025-04-12,Transportasi & Rutinitas,12000.0,2.0,6000.0,5,12,4,2025,15,2025-04,1,0,0,0,18,12000.0,12000.0,12000.0,84000.0,12000.0,360000.0,132000.0,90500.0
2025-04-13,Transportasi & Rutinitas,12000.0,2.0,6000.0,6,13,4,2025,15,2025-04,1,0,0,0,17,12000.0,12000.0,12000.0,84000.0,12000.0,360000.0,144000.0,109500.0
2025-04-14,Transportasi & Rutinitas,12000.0,2.0,6000.0,0,14,4,2025,16,2025-04,0,0,0,0,16,12000.0,12000.0,12000.0,84000.0,12000.0,360000.0,156000.0,90500.0
2025-04-15,Transportasi & Rutinitas,12000.0,2.0,6000.0,1,15,4,2025,16,2025-04,0,0,0,0,15,12000.0,12000.0,12000.0,84000.0,12000.0,360000.0,168000.0,90500.0
2025-04-16,Transportasi & Rutinitas,12000.0,2.0,6000.0,2,16,4,2025,16,2025-04,0,0,0,0,14,12000.0,12000.0,12000.0,84000.0,12000.0,360000.0,180000.0,90500.0
2025-04-17,Transportasi & Rutinitas,12000.0,2.0,6000.0,3,17,4,2025,16,2025-04,0,0,0,0,13,12000.0,12000.0,12000.0,84000.0,12000.0,360000.0,192000.0,96000.0
2025-04-18,Transportasi & Rutinitas,12000.0,2.0,6000.0,4,18,4,2025,16,2025-04,0,0,0,0,12,12000.0,12000.0,12000.0,84000.0,12000.0,360000.0,204000.0,85500.0
2025-04-19,Transportasi & Rutinitas,12000.0,2.0,6000.0,5,19,4,2025,16,2025-04,1,0,0,0,11,12000.0,12000.0,12000.0,84000.0,12000.0,360000.0,216000.0,85500.0
2025-04-20,Transportasi & Rutinitas,12000.0,2.0,6000.0,6,20,4,2025,16,2025-04,1,0,0,0,10,12000.0,12000.0,12000.0,84000.0,12000.0,360000.0,228000.0,96400.0
2025-04-21,Transportasi & Rutinitas,12000.0,2.0,6000.0,0,21,4,2025,17,2025-04,0,0,0,0,9,12000.0,12000.0,12000.0,84000.0,12000.0,360000.0,240000.0,90500.0
2025-04-22,Transportasi & Rutinitas,12000.0,2.0,6000.0,1,22,4,2025,17,2025-04,0,0,0,0,8,12000.0,12000.0,12000.0,84000.0,12000.0,360000.0,252000.0,85500.0
2025-04-23,Transportasi & Rutinitas,12000.0,2.0,6000.0,2,23,4,2025,17,2025-04,0,0,0,0,7,12000.0,12000.0,12000.0,84000.0,12000.0,360000.0,264000.0,90500.0
2025-04-24,Transportasi & Rutinitas,12000.0,2.0,6000.0,3,24,4,2025,17,2025-04,0,0,0,0,6,12000.0,12000.0,12000.0,84000.0,12000.0,360000.0,276000.0,255500.0
2025-04-25,Transportasi & Rutinitas,12000.0,2.0,6000.0,4,25,4,2025,17,2025-04,0,0,0,0,5,12000.0,12000.0,12000.0,84000.0,12000.0,360000.0,288000.0,90500.0
2025-04-26,Transportasi & Rutinitas,12000.0,2.0,6000.0,5,26,4,2025,17,2025-04,1,0,0,0,4,12000.0,12000.0,12000.0,84000.0,12000.0,360000.0,300000.0,90500.0
2025-04-27,Transportasi & Rutinitas,12000.0,2.0,6000.0,6,27,4,2025,17,2025-04,1,0,0,0,3,12000.0,12000.0,12000.0,84000.0,12000.0,360000.0,312000.0,85500.0
2025-04-28,Transportasi & Rutinitas,12000.0,2.0,6000.0,0,28,4,2025,18,2025-04,0,0,0,0,2,12000.0,12000.0,12000.0,84000.0,12000.0,360000.0,324000.0,132500.0
2025-04-29,Transportasi & Rutinitas,12000.0,2.0,6000.0,1,29,4,2025,18,2025-04,0,0,0,0,1,12000.0,12000.0,12000.0,84000.0,12000.0,360000.0,336000.0,93400.0
2025-04-30,Transportasi & Rutinitas,12000.0,2.0,6000.0,2,30,4,2025,18,2025-04,0,0,0,1,0,12000.0,12000.0,12000.0,84000.0,12000.0,360000.0,348000.0,90500.0
2025-05-01,Transportasi & Rutinitas,12000.0,2.0,6000.0,3,1,5,2025,18,2025-05,0,1,1,0,30,12000.0,12000.0,12000.0,84000.0,12000.0,360000.0,0.0,2158528.0
2025-05-02,Transportasi & Rutinitas,12000.0,2.0,6000.0,4,2,5,2025,18,2025-05,0,1,0,0,29,12000.0,12000.0,12000.0,84000.0,12000.0,360000.0,12000.0,90500.0
2025-05-03,Transportasi & Rutinitas,12000.0,2.0,6000.0,5,3,5,2025,18,2025-05,1,1,0,0,28,12000.0,12000.0,12000.0,84000.0,12000.0,360000.0,24000.0,102400.0
2025-05-04,Transportasi & Rutinitas,12000.0,2.0,6000.0,6,4,5,2025,18,2025-05,1,0,0,0,27,12000.0,12000.0,12000.0,84000.0,12000.0,360000.0,36000.0,90500.0
2025-05-05,Transportasi & Rutinitas,12000.0,2.0,6000.0,0,5,5,2025,19,2025-05,0,0,0,0,26,12000.0,12000.0,12000.0,84000.0,12000.0,360000.0,48000.0,116900.0
2025-05-06,Transportasi & Rutinitas,12000.0,2.0,6000.0,1,6,5,2025,19,2025-05,0,0,0,0,25,12000.0,12000.0,12000.0,84000.0,12000.0,360000.0,60000.0,113200.0
2025-05-07,Transportasi & Rutinitas,12000.0,2.0,6000.0,2,7,5,2025,19,2025-05,0,0,0,0,24,12000.0,12000.0,12000.0,84000.0,12000.0,360000.0,72000.0,85500.0
2025-05-08,Transportasi & Rutinitas,12000.0,2.0,6000.0,3,8,5,2025,19,2025-05,0,0,0,0,23,12000.0,12000.0,12000.0,84000.0,12000.0,360000.0,84000.0,97700.0
2025-05-09,Transportasi & Rutinitas,12000.0,2.0,6000.0,4,9,5,2025,19,2025-05,0,0,0,0,22,12000.0,12000.0,12000.0,84000.0,12000.0,360000.0,96000.0,135200.0
2025-05-10,Transportasi & Rutinitas,12000.0,2.0,6000.0,5,10,5,2025,19,2025-05,1,0,0,0,21,12000.0,12000.0,12000.0,84000.0,12000.0,360000.0,108000.0,102500.0
2025-05-11,Transportasi & Rutinitas,12000.0,2.0,6000.0,6,11,5,2025,19,2025-05,1,0,0,0,20,12000.0,12000.0,12000.0,84000.0,12000.0,360000.0,120000.0,124100.0
2025-05-12,Transportasi & Rutinitas,12000.0,2.0,6000.0,0,12,5,2025,20,2025-05,0,0,0,0,19,12000.0,12000.0,12000.0,84000.0,12000.0,360000.0,132000.0,107000.0
2025-05-13,Transportasi & Rutinitas,12000.0,2.0,6000.0,1,13,5,2025,20,2025-05,0,0,0,0,18,12000.0,12000.0,12000.0,84000.0,12000.0,360000.0,144000.0,137800.0
2025-05-14,Transportasi & Rutinitas,12000.0,2.0,6000.0,2,14,5,2025,20,2025-05,0,0,0,0,17,12000.0,12000.0,12000.0,84000.0,12000.0,360000.0,156000.0,92700.0
2025-05-15,Transportasi & Rutinitas,12000.0,2.0,6000.0,3,15,5,2025,20,2025-05,0,0,0,0,16,12000.0,12000.0,12000.0,84000.0,12000.0,360000.0,168000.0,115400.0
2025-05-16,Transportasi & Rutinitas,12000.0,2.0,6000.0,4,16,5,2025,20,2025-05,0,0,0,0,15,12000.0,12000.0,12000.0,84000.0,12000.0,360000.0,180000.0,90500.0
2025-05-17,Transportasi & Rutinitas,12000.0,2.0,6000.0,5,17,5,2025,20,2025-05,1,0,0,0,14,12000.0,12000.0,12000.0,84000.0,12000.0,360000.0,192000.0,152400.0
2025-05-18,Transportasi & Rutinitas,12000.0,2.0,6000.0,6,18,5,2025,20,2025-05,1,0,0,0,13,12000.0,12000.0,12000.0,84000.0,12000.0,360000.0,204000.0,85500.0
2025-05-19,Transportasi & Rutinitas,12000.0,2.0,6000.0,0,19,5,2025,21,2025-05,0,0,0,0,12,12000.0,12000.0,12000.0,84000.0,12000.0,360000.0,216000.0,125000.0
2025-05-20,Transportasi & Rutinitas,12000.0,2.0,6000.0,1,20,5,2025,21,2025-05,0,0,0,0,11,12000.0,12000.0,12000.0,84000.0,12000.0,360000.0,228000.0,85500.0
2025-05-21,Transportasi & Rutinitas,12000.0,2.0,6000.0,2,21,5,2025,21,2025-05,0,0,0,0,10,12000.0,12000.0,12000.0,84000.0,12000.0,360000.0,240000.0,90500.0
2025-05-22,Transportasi & Rutinitas,12000.0,2.0,6000.0,3,22,5,2025,21,2025-05,0,0,0,0,9,12000.0,12000.0,12000.0,84000.0,12000.0,360000.0,252000.0,129500.0
2025-05-23,Transportasi & Rutinitas,12000.0,2.0,6000.0,4,23,5,2025,21,2025-05,0,0,0,0,8,12000.0,12000.0,12000.0,84000.0,12000.0,360000.0,264000.0,90500.0
2025-05-24,Transportasi & Rutinitas,12000.0,2.0,6000.0,5,24,5,2025,21,2025-05,1,0,0,0,7,12000.0,12000.0,12000.0,84000.0,12000.0,360000.0,276000.0,106500.0
2025-05-25,Transportasi & Rutinitas,12000.0,2.0,6000.0,6,25,5,2025,21,2025-05,1,0,0,0,6,12000.0,12000.0,12000.0,84000.0,12000.0,360000.0,288000.0,90500.0
2025-05-26,Transportasi & Rutinitas,12000.0,2.0,6000.0,0,26,5,2025,22,2025-05,0,0,0,0,5,12000.0,12000.0,12000.0,84000.0,12000.0,360000.0,300000.0,90500.0
2025-05-27,Transportasi & Rutinitas,12000.0,2.0,6000.0,1,27,5,2025,22,2025-05,0,0,0,0,4,12000.0,12000.0,12000.0,84000.0,12000.0,360000.0,312000.0,85500.0
2025-05-28,Transportasi & Rutinitas,12000.0,2.0,6000.0,2,28,5,2025,22,2025-05,0,0,0,0,3,12000.0,12000.0,12000.0,84000.0,12000.0,360000.0,324000.0,90500.0
2025-05-29,Transportasi & Rutinitas,12000.0,2.0,6000.0,3,29,5,2025,22,2025-05,0,0,0,0,2,12000.0,12000.0,12000.0,84000.0,12000.0,360000.0,336000.0,85500.0
2025-05-30,Transportasi & Rutinitas,12000.0,2.0,6000.0,4,30,5,2025,22,2025-05,0,0,0,0,1,12000.0,12000.0,12000.0,84000.0,12000.0,360000.0,348000.0,90500.0
2025-05-31,Transportasi & Rutinitas,12000.0,2.0,6000.0,5,31,5,2025,22,2025-05,1,0,0,1,0,12000.0,12000.0,12000.0,84000.0,12000.0,360000.0,360000.0,90500.0
2025-06-01,Transportasi & Rutinitas,12000.0,2.0,6000.0,6,1,6,2025,22,2025-06,1,1,1,0,29,12000.0,12000.0,12000.0,84000.0,12000.0,360000.0,0.0,2069628.0
2025-06-02,Transportasi & Rutinitas,12000.0,2.0,6000.0,0,2,6,2025,23,2025-06,0,1,0,0,28,12000.0,12000.0,12000.0,84000.0,12000.0,360000.0,12000.0,90500.0
2025-06-03,Transportasi & Rutinitas,12000.0,2.0,6000.0,1,3,6,2025,23,2025-06,0,1,0,0,27,12000.0,12000.0,12000.0,84000.0,12000.0,360000.0,24000.0,105400.0
2025-06-04,Transportasi & Rutinitas,12000.0,2.0,6000.0,2,4,6,2025,23,2025-06,0,0,0,0,26,12000.0,12000.0,12000.0,84000.0,12000.0,360000.0,36000.0,104500.0
2025-06-05,Transportasi & Rutinitas,12000.0,2.0,6000.0,3,5,6,2025,23,2025-06,0,0,0,0,25,12000.0,12000.0,12000.0,84000.0,12000.0,360000.0,48000.0,109800.0
2025-06-06,Transportasi & Rutinitas,12000.0,2.0,6000.0,4,6,6,2025,23,2025-06,0,0,0,0,24,12000.0,12000.0,12000.0,84000.0,12000.0,360000.0,60000.0,97500.0
2025-06-07,Transportasi & Rutinitas,12000.0,2.0,6000.0,5,7,6,2025,23,2025-06,1,0,0,0,23,12000.0,12000.0,12000.0,84000.0,12000.0,360000.0,72000.0,107300.0
2025-06-08,Transportasi & Rutinitas,12000.0,2.0,6000.0,6,8,6,2025,23,2025-06,1,0,0,0,22,12000.0,12000.0,12000.0,84000.0,12000.0,360000.0,84000.0,112200.0
2025-06-09,Transportasi & Rutinitas,12000.0,2.0,6000.0,0,9,6,2025,24,2025-06,0,0,0,0,21,12000.0,12000.0,12000.0,84000.0,12000.0,360000.0,96000.0,114800.0
2025-06-10,Transportasi & Rutinitas,12000.0,2.0,6000.0,1,10,6,2025,24,2025-06,0,0,0,0,20,12000.0,12000.0,12000.0,84000.0,12000.0,360000.0,108000.0,178400.0
2025-06-11,Transportasi & Rutinitas,12000.0,2.0,6000.0,2,11,6,2025,24,2025-06,0,0,0,0,19,12000.0,12000.0,12000.0,84000.0,12000.0,360000.0,120000.0,106000.0
2025-06-12,Transportasi & Rutinitas,12000.0,2.0,6000.0,3,12,6,2025,24,2025-06,0,0,0,0,18,12000.0,12000.0,12000.0,84000.0,12000.0,360000.0,132000.0,90500.0
2025-06-13,Transportasi & Rutinitas,12000.0,2.0,6000.0,4,13,6,2025,24,2025-06,0,0,0,0,17,12000.0,12000.0,12000.0,84000.0,12000.0,360000.0,144000.0,90500.0
2025-06-14,Transportasi & Rutinitas,12000.0,2.0,6000.0,5,14,6,2025,24,2025-06,1,0,0,0,16,12000.0,12000.0,12000.0,84000.0,12000.0,360000.0,156000.0,103800.0
2025-06-15,Transportasi & Rutinitas,12000.0,2.0,6000.0,6,15,6,2025,24,2025-06,1,0,0,0,15,12000.0,12000.0,12000.0,84000.0,12000.0,360000.0,168000.0,156900.0
2025-06-16,Transportasi & Rutinitas,12000.0,2.0,6000.0,0,16,6,2025,25,2025-06,0,0,0,0,14,12000.0,12000.0,12000.0,84000.0,12000.0,360000.0,180000.0,151200.0
2025-06-17,Transportasi & Rutinitas,12000.0,2.0,6000.0,1,17,6,2025,25,2025-06,0,0,0,0,13,12000.0,12000.0,12000.0,84000.0,12000.0,360000.0,192000.0,112200.0
2025-06-18,Transportasi & Rutinitas,12000.0,2.0,6000.0,2,18,6,2025,25,2025-06,0,0,0,0,12,12000.0,12000.0,12000.0,84000.0,12000.0,360000.0,204000.0,90500.0
2025-06-19,Transportasi & Rutinitas,12000.0,2.0,6000.0,3,19,6,2025,25,2025-06,0,0,0,0,11,12000.0,12000.0,12000.0,84000.0,12000.0,360000.0,216000.0,110500.0
2025-06-20,Transportasi & Rutinitas,12000.0,2.0,6000.0,4,20,6,2025,25,2025-06,0,0,0,0,10,12000.0,12000.0,12000.0,84000.0,12000.0,360000.0,228000.0,183200.0
2025-06-21,Transportasi & Rutinitas,12000.0,2.0,6000.0,5,21,6,2025,25,2025-06,1,0,0,0,9,12000.0,12000.0,12000.0,84000.0,12000.0,360000.0,240000.0,90500.0
2025-06-22,Transportasi & Rutinitas,12000.0,2.0,6000.0,6,22,6,2025,25,2025-06,1,0,0,0,8,12000.0,12000.0,12000.0,84000.0,12000.0,360000.0,252000.0,155300.0
2025-06-23,Transportasi & Rutinitas,12000.0,2.0,6000.0,0,23,6,2025,26,2025-06,0,0,0,0,7,12000.0,12000.0,12000.0,84000.0,12000.0,360000.0,264000.0,130000.0
2025-06-24,Transportasi & Rutinitas,12000.0,2.0,6000.0,1,24,6,2025,26,2025-06,0,0,0,0,6,12000.0,12000.0,12000.0,84000.0,12000.0,360000.0,276000.0,106400.0
2025-06-25,Transportasi & Rutinitas,12000.0,2.0,6000.0,2,25,6,2025,26,2025-06,0,0,0,0,5,12000.0,12000.0,12000.0,84000.0,12000.0,360000.0,288000.0,118300.0
2025-06-26,Transportasi & Rutinitas,12000.0,2.0,6000.0,3,26,6,2025,26,2025-06,0,0,0,0,4,12000.0,12000.0,12000.0,84000.0,12000.0,360000.0,300000.0,90500.0
2025-06-27,Transportasi & Rutinitas,12000.0,2.0,6000.0,4,27,6,2025,26,2025-06,0,0,0,0,3,12000.0,12000.0,12000.0,84000.0,12000.0,360000.0,312000.0,90500.0
2025-06-28,Transportasi & Rutinitas,12000.0,2.0,6000.0,5,28,6,2025,26,2025-06,1,0,0,0,2,12000.0,12000.0,12000.0,84000.0,12000.0,360000.0,324000.0,106400.0
2025-06-29,Transportasi & Rutinitas,12000.0,2.0,6000.0,6,29,6,2025,26,2025-06,1,0,0,0,1,12000.0,12000.0,12000.0,84000.0,12000.0,360000.0,336000.0,146300.0
