date,master_category,target_daily_category_amount,transaction_count,avg_transaction_amount,daily_total_amount,category_share_of_day,day_of_week,day_of_month,month,week_of_year,year_month,is_weekend,is_payday,is_month_start,is_month_end,days_until_month_end,amount_lag_1,amount_lag_7,rolling_mean_7,rolling_sum_7,month_to_date_amount_before_today
2025-01-01,Kebutuhan Rumah & Mandi,0.0,0.0,0.0,1685067.0,0.0,2,1,1,1,2025-01,0,1,1,0,30,0.0,0.0,0.0,0.0,0.0
2025-01-02,Kebutuhan Rumah & Mandi,0.0,0.0,0.0,88800.0,0.0,3,2,1,1,2025-01,0,1,0,0,29,0.0,0.0,0.0,0.0,0.0
2025-01-03,Kebutuhan Rumah & Mandi,21000.0,1.0,21000.0,109800.0,0.1912568306010929,4,3,1,1,2025-01,0,1,0,0,28,0.0,0.0,0.0,0.0,0.0
2025-01-04,Kebutuhan Rumah & Mandi,13900.0,1.0,13900.0,102700.0,0.13534566699123662,5,4,1,1,2025-01,1,0,0,0,27,21000.0,0.0,7000.0,21000.0,21000.0
2025-01-05,Kebutuhan Rumah & Mandi,25700.0,1.0,25700.0,114500.0,0.2244541484716157,6,5,1,1,2025-01,1,0,0,0,26,13900.0,0.0,8725.0,34900.0,34900.0
2025-01-06,Kebutuhan Rumah & Mandi,0.0,0.0,0.0,88800.0,0.0,0,6,1,2,2025-01,0,0,0,0,25,25700.0,0.0,12120.0,60600.0,60600.0
2025-01-07,Kebutuhan Rumah & Mandi,0.0,0.0,0.0,88800.0,0.0,1,7,1,2,2025-01,0,0,0,0,24,0.0,0.0,10100.0,60600.0,60600.0
2025-01-08,Kebutuhan Rumah & Mandi,0.0,0.0,0.0,88800.0,0.0,2,8,1,2,2025-01,0,0,0,0,23,0.0,0.0,8657.142857142857,60600.0,60600.0
2025-01-09,Kebutuhan Rumah & Mandi,0.0,0.0,0.0,98700.0,0.0,3,9,1,2,2025-01,0,0,0,0,22,0.0,0.0,8657.142857142857,60600.0,60600.0
2025-01-10,Kebutuhan Rumah & Mandi,37900.0,1.0,37900.0,126700.0,0.2991318074191002,4,10,1,2,2025-01,0,0,0,0,21,0.0,21000.0,8657.142857142857,60600.0,60600.0
2025-01-11,Kebutuhan Rumah & Mandi,0.0,0.0,0.0,88800.0,0.0,5,11,1,2,2025-01,1,0,0,0,20,37900.0,13900.0,11071.42857142857,77500.0,98500.0
2025-01-12,Kebutuhan Rumah & Mandi,26200.0,1.0,26200.0,115000.0,0.22782608695652173,6,12,1,2,2025-01,1,0,0,0,19,0.0,25700.0,9085.714285714286,63600.0,98500.0
2025-01-13,Kebutuhan Rumah & Mandi,0.0,0.0,0.0,88800.0,0.0,0,13,1,3,2025-01,0,0,0,0,18,26200.0,0.0,9157.142857142857,64100.0,124700.0
2025-01-14,Kebutuhan Rumah & Mandi,0.0,0.0,0.0,88800.0,0.0,1,14,1,3,2025-01,0,0,0,0,17,0.0,0.0,9157.142857142857,64100.0,124700.0
2025-01-15,Kebutuhan Rumah & Mandi,14900.0,1.0,14900.0,103700.0,0.14368370298939248,2,15,1,3,2025-01,0,0,0,0,16,0.0,0.0,9157.142857142857,64100.0,124700.0
2025-01-16,Kebutuhan Rumah & Mandi,0.0,0.0,0.0,97700.0,0.0,3,16,1,3,2025-01,0,0,0,0,15,14900.0,0.0,11285.714285714286,79000.0,139600.0
2025-01-17,Kebutuhan Rumah & Mandi,0.0,0.0,0.0,88800.0,0.0,4,17,1,3,2025-01,0,0,0,0,14,0.0,37900.0,11285.714285714286,79000.0,139600.0
2025-01-18,Kebutuhan Rumah & Mandi,39000.0,1.0,39000.0,127800.0,0.3051643192488263,5,18,1,3,2025-01,1,0,0,0,13,0.0,0.0,5871.428571428572,41100.0,139600.0
2025-01-19,Kebutuhan Rumah & Mandi,0.0,0.0,0.0,88800.0,0.0,6,19,1,3,2025-01,1,0,0,0,12,39000.0,26200.0,11442.857142857143,80100.0,178600.0
2025-01-20,Kebutuhan Rumah & Mandi,0.0,0.0,0.0,88800.0,0.0,0,20,1,4,2025-01,0,0,0,0,11,0.0,0.0,7700.0,53900.0,178600.0
2025-01-21,Kebutuhan Rumah & Mandi,0.0,0.0,0.0,105800.0,0.0,1,21,1,4,2025-01,0,0,0,0,10,0.0,0.0,7700.0,53900.0,178600.0
2025-01-22,Kebutuhan Rumah & Mandi,25500.0,1.0,25500.0,114300.0,0.2230971128608924,2,22,1,4,2025-01,0,0,0,0,9,0.0,14900.0,7700.0,53900.0,178600.0
2025-01-23,Kebutuhan Rumah & Mandi,19900.0,1.0,19900.0,108700.0,0.18307267709291627,3,23,1,4,2025-01,0,0,0,0,8,25500.0,0.0,9214.285714285714,64500.0,204100.0
2025-01-24,Kebutuhan Rumah & Mandi,0.0,0.0,0.0,88800.0,0.0,4,24,1,4,2025-01,0,0,0,0,7,19900.0,0.0,12057.142857142857,84400.0,224000.0
2025-01-25,Kebutuhan Rumah & Mandi,9900.0,1.0,9900.0,140700.0,0.07036247334754797,5,25,1,4,2025-01,1,0,0,0,6,0.0,39000.0,12057.142857142857,84400.0,224000.0
2025-01-26,Kebutuhan Rumah & Mandi,65000.0,1.0,65000.0,153800.0,0.4226267880364109,6,26,1,4,2025-01,1,0,0,0,5,9900.0,0.0,7900.0,55300.0,233900.0
2025-01-27,Kebutuhan Rumah & Mandi,0.0,0.0,0.0,88800.0,0.0,0,27,1,5,2025-01,0,0,0,0,4,65000.0,0.0,17185.714285714286,120300.0,298900.0
2025-01-28,Kebutuhan Rumah & Mandi,0.0,0.0,0.0,88800.0,0.0,1,28,1,5,2025-01,0,0,0,0,3,0.0,0.0,17185.714285714286,120300.0,298900.0
2025-01-29,Kebutuhan Rumah & Mandi,0.0,0.0,0.0,103700.0,0.0,2,29,1,5,2025-01,0,0,0,0,2,0.0,25500.0,17185.714285714286,120300.0,298900.0
2025-01-30,Kebutuhan Rumah & Mandi,0.0,0.0,0.0,88800.0,0.0,3,30,1,5,2025-01,0,0,0,0,1,0.0,19900.0,13542.857142857143,94800.0,298900.0
2025-01-31,Kebutuhan Rumah & Mandi,0.0,0.0,0.0,88800.0,0.0,4,31,1,5,2025-01,0,0,0,1,0,0.0,0.0,10700.0,74900.0,298900.0
2025-02-01,Kebutuhan Rumah & Mandi,0.0,0.0,0.0,1685067.0,0.0,5,1,2,5,2025-02,1,1,1,0,27,0.0,9900.0,10700.0,74900.0,0.0
2025-02-02,Kebutuhan Rumah & Mandi,15900.0,1.0,15900.0,104700.0,0.1518624641833811,6,2,2,5,2025-02,1,1,0,0,26,0.0,65000.0,9285.714285714286,65000.0,0.0
2025-02-03,Kebutuhan Rumah & Mandi,0.0,0.0,0.0,93700.0,0.0,0,3,2,6,2025-02,0,1,0,0,25,15900.0,0.0,2271.4285714285716,15900.0,15900.0
2025-02-04,Kebutuhan Rumah & Mandi,70000.0,1.0,70000.0,158800.0,0.44080604534005036,1,4,2,6,2025-02,0,0,0,0,24,0.0,0.0,2271.4285714285716,15900.0,15900.0
2025-02-05,Kebutuhan Rumah & Mandi,0.0,0.0,0.0,88800.0,0.0,2,5,2,6,2025-02,0,0,0,0,23,70000.0,0.0,12271.42857142857,85900.0,85900.0
2025-02-06,Kebutuhan Rumah & Mandi,19900.0,1.0,19900.0,125600.0,0.15843949044585987,3,6,2,6,2025-02,0,0,0,0,22,0.0,0.0,12271.42857142857,85900.0,85900.0
2025-02-07,Kebutuhan Rumah & Mandi,6900.0,1.0,6900.0,95700.0,0.07210031347962383,4,7,2,6,2025-02,0,0,0,0,21,19900.0,0.0,15114.285714285714,105800.0,105800.0
2025-02-08,Kebutuhan Rumah & Mandi,0.0,0.0,0.0,88800.0,0.0,5,8,2,6,2025-02,1,0,0,0,20,6900.0,0.0,16100.0,112700.0,112700.0
2025-02-09,Kebutuhan Rumah & Mandi,8200.0,1.0,8200.0,97000.0,0.08453608247422681,6,9,2,6,2025-02,1,0,0,0,19,0.0,15900.0,16100.0,112700.0,112700.0
2025-02-10,Kebutuhan Rumah & Mandi,0.0,0.0,0.0,88800.0,0.0,0,10,2,7,2025-02,0,0,0,0,18,8200.0,0.0,15000.0,105000.0,120900.0
2025-02-11,Kebutuhan Rumah & Mandi,14900.0,1.0,14900.0,103700.0,0.14368370298939248,1,11,2,7,2025-02,0,0,0,0,17,0.0,70000.0,15000.0,105000.0,120900.0
2025-02-12,Kebutuhan Rumah & Mandi,0.0,0.0,0.0,88800.0,0.0,2,12,2,7,2025-02,0,0,0,0,16,14900.0,0.0,7128.571428571428,49900.0,135800.0
2025-02-13,Kebutuhan Rumah & Mandi,29000.0,1.0,29000.0,152800.0,0.18979057591623036,3,13,2,7,2025-02,0,0,0,0,15,0.0,19900.0,7128.571428571428,49900.0,135800.0
2025-02-14,Kebutuhan Rumah & Mandi,0.0,0.0,0.0,88800.0,0.0,4,14,2,7,2025-02,0,0,0,0,14,29000.0,6900.0,8428.57142857143,59000.0,164800.0
2025-02-15,Kebutuhan Rumah & Mandi,17900.0,1.0,17900.0,106700.0,0.16776007497656983,5,15,2,7,2025-02,1,0,0,0,13,0.0,0.0,7442.857142857143,52100.0,164800.0
2025-02-16,Kebutuhan Rumah & Mandi,45500.0,1.0,45500.0,134300.0,0.33879374534623974,6,16,2,7,2025-02,1,0,0,0,12,17900.0,8200.0,10000.0,70000.0,182700.0
2025-02-17,Kebutuhan Rumah & Mandi,0.0,0.0,0.0,88800.0,0.0,0,17,2,8,2025-02,0,0,0,0,11,45500.0,0.0,15328.57142857143,107300.0,228200.0
2025-02-18,Kebutuhan Rumah & Mandi,25800.0,1.0,25800.0,114600.0,0.225130890052356,1,18,2,8,2025-02,0,0,0,0,10,0.0,14900.0,15328.57142857143,107300.0,228200.0
2025-02-19,Kebutuhan Rumah & Mandi,14900.0,1.0,14900.0,103700.0,0.14368370298939248,2,19,2,8,2025-02,0,0,0,0,9,25800.0,0.0,16885.714285714286,118200.0,254000.0
2025-02-20,Kebutuhan Rumah & Mandi,60900.0,1.0,60900.0,149700.0,0.40681362725450904,3,20,2,8,2025-02,0,0,0,0,8,14900.0,29000.0,19014.285714285714,133100.0,268900.0
2025-02-21,Kebutuhan Rumah & Mandi,0.0,0.0,0.0,104700.0,0.0,4,21,2,8,2025-02,0,0,0,0,7,60900.0,0.0,23571.428571428572,165000.0,329800.0
2025-02-22,Kebutuhan Rumah & Mandi,0.0,0.0,0.0,88800.0,0.0,5,22,2,8,2025-02,1,0,0,0,6,0.0,17900.0,23571.428571428572,165000.0,329800.0
2025-02-23,Kebutuhan Rumah & Mandi,7900.0,1.0,7900.0,134200.0,0.05886736214605067,6,23,2,8,2025-02,1,0,0,0,5,0.0,45500.0,21014.285714285714,147100.0,329800.0
2025-02-24,Kebutuhan Rumah & Mandi,5700.0,1.0,5700.0,112000.0,0.05089285714285714,0,24,2,9,2025-02,0,0,0,0,4,7900.0,0.0,15642.857142857143,109500.0,337700.0
2025-02-25,Kebutuhan Rumah & Mandi,0.0,0.0,0.0,88800.0,0.0,1,25,2,9,2025-02,0,0,0,0,3,5700.0,25800.0,16457.14285714286,115200.0,343400.0
2025-02-26,Kebutuhan Rumah & Mandi,70900.0,1.0,70900.0,159700.0,0.44395742016280526,2,26,2,9,2025-02,0,0,0,0,2,0.0,14900.0,12771.42857142857,89400.0,343400.0
2025-02-27,Kebutuhan Rumah & Mandi,0.0,0.0,0.0,88800.0,0.0,3,27,2,9,2025-02,0,0,0,0,1,70900.0,60900.0,20771.428571428572,145400.0,414300.0
2025-02-28,Kebutuhan Rumah & Mandi,0.0,0.0,0.0,88800.0,0.0,4,28,2,9,2025-02,0,0,0,1,0,0.0,0.0,12071.42857142857,84500.0,414300.0
2025-03-01,Kebutuhan Rumah & Mandi,0.0,0.0,0.0,1693067.0,0.0,5,1,3,9,2025-03,1,1,1,0,30,0.0,0.0,12071.42857142857,84500.0,0.0
2025-03-02,Kebutuhan Rumah & Mandi,279900.0,1.0,279900.0,378700.0,0.7391074729337206,6,2,3,9,2025-03,1,1,0,0,29,0.0,7900.0,12071.42857142857,84500.0,0.0
2025-03-03,Kebutuhan Rumah & Mandi,0.0,0.0,0.0,97500.0,0.0,0,3,3,10,2025-03,0,1,0,0,28,279900.0,5700.0,50928.57142857143,356500.0,279900.0
2025-03-04,Kebutuhan Rumah & Mandi,17500.0,1.0,17500.0,106300.0,0.16462841015992474,1,4,3,10,2025-03,0,0,0,0,27,0.0,0.0,50114.28571428572,350800.0,279900.0
2025-03-05,Kebutuhan Rumah & Mandi,29000.0,1.0,29000.0,117800.0,0.2461799660441426,2,5,3,10,2025-03,0,0,0,0,26,17500.0,70900.0,52614.28571428572,368300.0,297400.0
2025-03-06,Kebutuhan Rumah & Mandi,0.0,0.0,0.0,94400.0,0.0,3,6,3,10,2025-03,0,0,0,0,25,29000.0,0.0,46628.57142857143,326400.0,326400.0
2025-03-07,Kebutuhan Rumah & Mandi,27000.0,1.0,27000.0,115800.0,0.23316062176165803,4,7,3,10,2025-03,0,0,0,0,24,0.0,0.0,46628.57142857143,326400.0,326400.0
2025-03-08,Kebutuhan Rumah & Mandi,0.0,0.0,0.0,99700.0,0.0,5,8,3,10,2025-03,1,0,0,0,23,27000.0,0.0,50485.71428571428,353400.0,353400.0
2025-03-09,Kebutuhan Rumah & Mandi,0.0,0.0,0.0,116000.0,0.0,6,9,3,10,2025-03,1,0,0,0,22,0.0,279900.0,50485.71428571428,353400.0,353400.0
2025-03-10,Kebutuhan Rumah & Mandi,16000.0,1.0,16000.0,104800.0,0.15267175572519084,0,10,3,11,2025-03,0,0,0,0,21,0.0,0.0,10500.0,73500.0,353400.0
2025-03-11,Kebutuhan Rumah & Mandi,0.0,0.0,0.0,88800.0,0.0,1,11,3,11,2025-03,0,0,0,0,20,16000.0,17500.0,12785.714285714286,89500.0,369400.0
2025-03-12,Kebutuhan Rumah & Mandi,0.0,0.0,0.0,113700.0,0.0,2,12,3,11,2025-03,0,0,0,0,19,0.0,29000.0,10285.714285714286,72000.0,369400.0
2025-03-13,Kebutuhan Rumah & Mandi,0.0,0.0,0.0,88800.0,0.0,3,13,3,11,2025-03,0,0,0,0,18,0.0,0.0,6142.857142857143,43000.0,369400.0
2025-03-14,Kebutuhan Rumah & Mandi,0.0,0.0,0.0,88800.0,0.0,4,14,3,11,2025-03,0,0,0,0,17,0.0,27000.0,6142.857142857143,43000.0,369400.0
2025-03-15,Kebutuhan Rumah & Mandi,8900.0,1.0,8900.0,97700.0,0.09109518935516889,5,15,3,11,2025-03,1,0,0,0,16,0.0,0.0,2285.714285714286,16000.0,369400.0
2025-03-16,Kebutuhan Rumah & Mandi,29900.0,1.0,29900.0,118700.0,0.2518955349620893,6,16,3,11,2025-03,1,0,0,0,15,8900.0,0.0,3557.1428571428573,24900.0,378300.0
2025-03-17,Kebutuhan Rumah & Mandi,0.0,0.0,0.0,88800.0,0.0,0,17,3,12,2025-03,0,0,0,0,14,29900.0,16000.0,7828.571428571428,54800.0,408200.0
2025-03-18,Kebutuhan Rumah & Mandi,0.0,0.0,0.0,88800.0,0.0,1,18,3,12,2025-03,0,0,0,0,13,0.0,0.0,5542.857142857143,38800.0,408200.0
2025-03-19,Kebutuhan Rumah & Mandi,0.0,0.0,0.0,118800.0,0.0,2,19,3,12,2025-03,0,0,0,0,12,0.0,0.0,5542.857142857143,38800.0,408200.0
2025-03-20,Kebutuhan Rumah & Mandi,19400.0,1.0,19400.0,108200.0,0.17929759704251386,3,20,3,12,2025-03,0,0,0,0,11,0.0,0.0,5542.857142857143,38800.0,408200.0
2025-03-21,Kebutuhan Rumah & Mandi,22500.0,1.0,22500.0,111300.0,0.20215633423180593,4,21,3,12,2025-03,0,0,0,0,10,19400.0,0.0,8314.285714285714,58200.0,427600.0
2025-03-22,Kebutuhan Rumah & Mandi,27700.0,1.0,27700.0,127700.0,0.2169146436961629,5,22,3,12,2025-03,1,0,0,0,9,22500.0,8900.0,11528.57142857143,80700.0,450100.0
2025-03-23,Kebutuhan Rumah & Mandi,0.0,0.0,0.0,88800.0,0.0,6,23,3,12,2025-03,1,0,0,0,8,27700.0,29900.0,14214.285714285714,99500.0,477800.0
2025-03-24,Kebutuhan Rumah & Mandi,0.0,0.0,0.0,164300.0,0.0,0,24,3,13,2025-03,0,0,0,0,7,0.0,0.0,9942.857142857143,69600.0,477800.0
2025-03-25,Kebutuhan Rumah & Mandi,0.0,0.0,0.0,88800.0,0.0,1,25,3,13,2025-03,0,0,0,0,6,0.0,0.0,9942.857142857143,69600.0,477800.0
2025-03-26,Kebutuhan Rumah & Mandi,0.0,0.0,0.0,88800.0,0.0,2,26,3,13,2025-03,0,0,0,0,5,0.0,0.0,9942.857142857143,69600.0,477800.0
2025-03-27,Kebutuhan Rumah & Mandi,0.0,0.0,0.0,88800.0,0.0,3,27,3,13,2025-03,0,0,0,0,4,0.0,19400.0,9942.857142857143,69600.0,477800.0
2025-03-28,Kebutuhan Rumah & Mandi,0.0,0.0,0.0,104400.0,0.0,4,28,3,13,2025-03,0,0,0,0,3,0.0,22500.0,7171.428571428572,50200.0,477800.0
2025-03-29,Kebutuhan Rumah & Mandi,0.0,0.0,0.0,101500.0,0.0,5,29,3,13,2025-03,1,0,0,0,2,0.0,27700.0,3957.1428571428573,27700.0,477800.0
2025-03-30,Kebutuhan Rumah & Mandi,0.0,0.0,0.0,108300.0,0.0,6,30,3,13,2025-03,1,0,0,0,1,0.0,0.0,0.0,0.0,477800.0
2025-03-31,Kebutuhan Rumah & Mandi,0.0,0.0,0.0,88800.0,0.0,0,31,3,14,2025-03,0,0,0,1,0,0.0,0.0,0.0,0.0,477800.0
2025-04-01,Kebutuhan Rumah & Mandi,0.0,0.0,0.0,1698567.0,0.0,1,1,4,14,2025-04,0,1,1,0,29,0.0,0.0,0.0,0.0,0.0
2025-04-02,Kebutuhan Rumah & Mandi,149900.0,1.0,149900.0,272500.0,0.550091743119266,2,2,4,14,2025-04,0,1,0,0,28,0.0,0.0,0.0,0.0,0.0
2025-04-03,Kebutuhan Rumah & Mandi,0.0,0.0,0.0,88800.0,0.0,3,3,4,14,2025-04,0,1,0,0,27,149900.0,0.0,21414.285714285714,149900.0,149900.0
2025-04-04,Kebutuhan Rumah & Mandi,37400.0,1.0,37400.0,131100.0,0.28527841342486654,4,4,4,14,2025-04,0,0,0,0,26,0.0,0.0,21414.285714285714,149900.0,149900.0
2025-04-05,Kebutuhan Rumah & Mandi,121900.0,1.0,121900.0,210700.0,0.5785476981490271,5,5,4,14,2025-04,1,0,0,0,25,37400.0,0.0,26757.14285714286,187300.0,187300.0
2025-04-06,Kebutuhan Rumah & Mandi,0.0,0.0,0.0,88800.0,0.0,6,6,4,14,2025-04,1,0,0,0,24,121900.0,0.0,44171.42857142857,309200.0,309200.0
2025-04-07,Kebutuhan Rumah & Mandi,49900.0,1.0,49900.0,138700.0,0.3597692862292718,0,7,4,15,2025-04,0,0,0,0,23,0.0,0.0,44171.42857142857,309200.0,309200.0
2025-04-08,Kebutuhan Rumah & Mandi,14500.0,1.0,14500.0,103300.0,0.1403678606001936,1,8,4,15,2025-04,0,0,0,0,22,49900.0,0.0,51300.0,359100.0,359100.0
2025-04-09,Kebutuhan Rumah & Mandi,29000.0,1.0,29000.0,137700.0,0.21060275962236746,2,9,4,15,2025-04,0,0,0,0,21,14500.0,149900.0,53371.42857142857,373600.0,373600.0
2025-04-10,Kebutuhan Rumah & Mandi,29500.0,1.0,29500.0,118300.0,0.24936601859678784,3,10,4,15,2025-04,0,0,0,0,20,29000.0,0.0,36100.0,252700.0,402600.0
2025-04-11,Kebutuhan Rumah & Mandi,0.0,0.0,0.0,88800.0,0.0,4,11,4,15,2025-04,0,0,0,0,19,29500.0,37400.0,40314.28571428572,282200.0,432100.0
2025-04-12,Kebutuhan Rumah & Mandi,0.0,0.0,0.0,88800.0,0.0,5,12,4,15,2025-04,1,0,0,0,18,0.0,121900.0,34971.42857142857,244800.0,432100.0
2025-04-13,Kebutuhan Rumah & Mandi,25500.0,1.0,25500.0,163300.0,0.15615431720759337,6,13,4,15,2025-04,1,0,0,0,17,0.0,0.0,17557.14285714286,122900.0,432100.0
2025-04-14,Kebutuhan Rumah & Mandi,0.0,0.0,0.0,88800.0,0.0,0,14,4,16,2025-04,0,0,0,0,16,25500.0,49900.0,21200.0,148400.0,457600.0
2025-04-15,Kebutuhan Rumah & Mandi,0.0,0.0,0.0,96300.0,0.0,1,15,4,16,2025-04,0,0,0,0,15,0.0,14500.0,14071.42857142857,98500.0,457600.0
2025-04-16,Kebutuhan Rumah & Mandi,19800.0,1.0,19800.0,108600.0,0.18232044198895028,2,16,4,16,2025-04,0,0,0,0,14,0.0,29000.0,12000.0,84000.0,457600.0
2025-04-17,Kebutuhan Rumah & Mandi,0.0,0.0,0.0,88800.0,0.0,3,17,4,16,2025-04,0,0,0,0,13,19800.0,29500.0,10685.714285714286,74800.0,477400.0
2025-04-18,Kebutuhan Rumah & Mandi,0.0,0.0,0.0,103700.0,0.0,4,18,4,16,2025-04,0,0,0,0,12,0.0,0.0,6471.428571428572,45300.0,477400.0
2025-04-19,Kebutuhan Rumah & Mandi,0.0,0.0,0.0,177700.0,0.0,5,19,4,16,2025-04,1,0,0,0,11,0.0,0.0,6471.428571428572,45300.0,477400.0
2025-04-20,Kebutuhan Rumah & Mandi,0.0,0.0,0.0,88800.0,0.0,6,20,4,16,2025-04,1,0,0,0,10,0.0,25500.0,6471.428571428572,45300.0,477400.0
2025-04-21,Kebutuhan Rumah & Mandi,0.0,0.0,0.0,110700.0,0.0,0,21,4,17,2025-04,0,0,0,0,9,0.0,0.0,2828.5714285714284,19800.0,477400.0
2025-04-22,Kebutuhan Rumah & Mandi,0.0,0.0,0.0,88800.0,0.0,1,22,4,17,2025-04,0,0,0,0,8,0.0,0.0,2828.5714285714284,19800.0,477400.0
2025-04-23,Kebutuhan Rumah & Mandi,0.0,0.0,0.0,88800.0,0.0,2,23,4,17,2025-04,0,0,0,0,7,0.0,19800.0,2828.5714285714284,19800.0,477400.0
2025-04-24,Kebutuhan Rumah & Mandi,0.0,0.0,0.0,98800.0,0.0,3,24,4,17,2025-04,0,0,0,0,6,0.0,0.0,0.0,0.0,477400.0
2025-04-25,Kebutuhan Rumah & Mandi,0.0,0.0,0.0,101100.0,0.0,4,25,4,17,2025-04,0,0,0,0,5,0.0,0.0,0.0,0.0,477400.0
2025-04-26,Kebutuhan Rumah & Mandi,13500.0,1.0,13500.0,102300.0,0.13196480938416422,5,26,4,17,2025-04,1,0,0,0,4,0.0,0.0,0.0,0.0,477400.0
2025-04-27,Kebutuhan Rumah & Mandi,0.0,0.0,0.0,88800.0,0.0,6,27,4,17,2025-04,1,0,0,0,3,13500.0,0.0,1928.5714285714287,13500.0,490900.0
2025-04-28,Kebutuhan Rumah & Mandi,0.0,0.0,0.0,103000.0,0.0,0,28,4,18,2025-04,0,0,0,0,2,0.0,0.0,1928.5714285714287,13500.0,490900.0
2025-04-29,Kebutuhan Rumah & Mandi,0.0,0.0,0.0,109700.0,0.0,1,29,4,18,2025-04,0,0,0,0,1,0.0,0.0,1928.5714285714287,13500.0,490900.0
2025-04-30,Kebutuhan Rumah & Mandi,0.0,0.0,0.0,88800.0,0.0,2,30,4,18,2025-04,0,0,0,1,0,0.0,0.0,1928.5714285714287,13500.0,490900.0
2025-05-01,Kebutuhan Rumah & Mandi,24900.0,1.0,24900.0,1744867.0,0.014270428634388753,3,1,5,18,2025-05,0,1,1,0,30,0.0,0.0,1928.5714285714287,13500.0,0.0
2025-05-02,Kebutuhan Rumah & Mandi,0.0,0.0,0.0,88800.0,0.0,4,2,5,18,2025-05,0,1,0,0,29,24900.0,0.0,5485.714285714285,38400.0,24900.0
2025-05-03,Kebutuhan Rumah & Mandi,14900.0,1.0,14900.0,103700.0,0.14368370298939248,5,3,5,18,2025-05,1,1,0,0,28,0.0,13500.0,5485.714285714285,38400.0,24900.0
2025-05-04,Kebutuhan Rumah & Mandi,28900.0,1.0,28900.0,117700.0,0.24553950722175022,6,4,5,18,2025-05,1,0,0,0,27,14900.0,0.0,5685.714285714285,39800.0,39800.0
2025-05-05,Kebutuhan Rumah & Mandi,110000.0,1.0,110000.0,198800.0,0.5533199195171026,0,5,5,19,2025-05,0,0,0,0,26,28900.0,0.0,9814.285714285714,68700.0,68700.0
2025-05-06,Kebutuhan Rumah & Mandi,23700.0,1.0,23700.0,112500.0,0.21066666666666667,1,6,5,19,2025-05,0,0,0,0,25,110000.0,0.0,25528.571428571428,178700.0,178700.0
2025-05-07,Kebutuhan Rumah & Mandi,45000.0,1.0,45000.0,133800.0,0.336322869955157,2,7,5,19,2025-05,0,0,0,0,24,23700.0,0.0,28914.285714285714,202400.0,202400.0
2025-05-08,Kebutuhan Rumah & Mandi,49900.0,1.0,49900.0,156200.0,0.31946222791293216,3,8,5,19,2025-05,0,0,0,0,23,45000.0,24900.0,35342.857142857145,247400.0,247400.0
2025-05-09,Kebutuhan Rumah & Mandi,8900.0,1.0,8900.0,100900.0,0.08820614469772052,4,9,5,19,2025-05,0,0,0,0,22,49900.0,0.0,38914.28571428572,272400.0,297300.0
2025-05-10,Kebutuhan Rumah & Mandi,0.0,0.0,0.0,88800.0,0.0,5,10,5,19,2025-05,1,0,0,0,21,8900.0,14900.0,40185.71428571428,281300.0,306200.0
2025-05-11,Kebutuhan Rumah & Mandi,21500.0,1.0,21500.0,110300.0,0.19492293744333636,6,11,5,19,2025-05,1,0,0,0,20,0.0,28900.0,38057.142857142855,266400.0,306200.0
2025-05-12,Kebutuhan Rumah & Mandi,0.0,0.0,0.0,88800.0,0.0,0,12,5,20,2025-05,0,0,0,0,19,21500.0,110000.0,37000.0,259000.0,327700.0
2025-05-13,Kebutuhan Rumah & Mandi,25800.0,1.0,25800.0,114600.0,0.225130890052356,1,13,5,20,2025-05,0,0,0,0,18,0.0,23700.0,21285.714285714286,149000.0,327700.0
2025-05-14,Kebutuhan Rumah & Mandi,40900.0,1.0,40900.0,129700.0,0.315343099460293,2,14,5,20,2025-05,0,0,0,0,17,25800.0,45000.0,21585.714285714286,151100.0,353500.0
2025-05-15,Kebutuhan Rumah & Mandi,0.0,0.0,0.0,88800.0,0.0,3,15,5,20,2025-05,0,0,0,0,16,40900.0,49900.0,21000.0,147000.0,394400.0
2025-05-16,Kebutuhan Rumah & Mandi,0.0,0.0,0.0,88800.0,0.0,4,16,5,20,2025-05,0,0,0,0,15,0.0,8900.0,13871.42857142857,97100.0,394400.0
2025-05-17,Kebutuhan Rumah & Mandi,0.0,0.0,0.0,88800.0,0.0,5,17,5,20,2025-05,1,0,0,0,14,0.0,0.0,12600.0,88200.0,394400.0
2025-05-18,Kebutuhan Rumah & Mandi,0.0,0.0,0.0,88800.0,0.0,6,18,5,20,2025-05,1,0,0,0,13,0.0,21500.0,12600.0,88200.0,394400.0
2025-05-19,Kebutuhan Rumah & Mandi,0.0,0.0,0.0,88800.0,0.0,0,19,5,21,2025-05,0,0,0,0,12,0.0,0.0,9528.57142857143,66700.0,394400.0
2025-05-20,Kebutuhan Rumah & Mandi,0.0,0.0,0.0,88800.0,0.0,1,20,5,21,2025-05,0,0,0,0,11,0.0,25800.0,9528.57142857143,66700.0,394400.0
2025-05-21,Kebutuhan Rumah & Mandi,29900.0,1.0,29900.0,118700.0,0.2518955349620893,2,21,5,21,2025-05,0,0,0,0,10,0.0,40900.0,5842.857142857143,40900.0,394400.0
2025-05-22,Kebutuhan Rumah & Mandi,17900.0,1.0,17900.0,106700.0,0.16776007497656983,3,22,5,21,2025-05,0,0,0,0,9,29900.0,0.0,4271.428571428572,29900.0,424300.0
2025-05-23,Kebutuhan Rumah & Mandi,0.0,0.0,0.0,88800.0,0.0,4,23,5,21,2025-05,0,0,0,0,8,17900.0,0.0,6828.571428571428,47800.0,442200.0
2025-05-24,Kebutuhan Rumah & Mandi,18900.0,1.0,18900.0,107700.0,0.17548746518105848,5,24,5,21,2025-05,1,0,0,0,7,0.0,0.0,6828.571428571428,47800.0,442200.0
2025-05-25,Kebutuhan Rumah & Mandi,6000.0,1.0,6000.0,94800.0,0.06329113924050633,6,25,5,21,2025-05,1,0,0,0,6,18900.0,0.0,9528.57142857143,66700.0,461100.0
2025-05-26,Kebutuhan Rumah & Mandi,0.0,0.0,0.0,88800.0,0.0,0,26,5,22,2025-05,0,0,0,0,5,6000.0,0.0,10385.714285714286,72700.0,467100.0
2025-05-27,Kebutuhan Rumah & Mandi,0.0,0.0,0.0,88800.0,0.0,1,27,5,22,2025-05,0,0,0,0,4,0.0,0.0,10385.714285714286,72700.0,467100.0
2025-05-28,Kebutuhan Rumah & Mandi,9900.0,1.0,9900.0,98700.0,0.10030395136778116,2,28,5,22,2025-05,0,0,0,0,3,0.0,29900.0,10385.714285714286,72700.0,467100.0
2025-05-29,Kebutuhan Rumah & Mandi,0.0,0.0,0.0,88800.0,0.0,3,29,5,22,2025-05,0,0,0,0,2,9900.0,17900.0,7528.571428571428,52700.0,477000.0
2025-05-30,Kebutuhan Rumah & Mandi,0.0,0.0,0.0,88800.0,0.0,4,30,5,22,2025-05,0,0,0,0,1,0.0,0.0,4971.428571428572,34800.0,477000.0
2025-05-31,Kebutuhan Rumah & Mandi,0.0,0.0,0.0,88800.0,0.0,5,31,5,22,2025-05,1,0,0,1,0,0.0,18900.0,4971.428571428572,34800.0,477000.0
2025-06-01,Kebutuhan Rumah & Mandi,137000.0,1.0,137000.0,1830367.0,0.07484837740190901,6,1,6,22,2025-06,1,1,1,0,29,0.0,6000.0,2271.4285714285716,15900.0,0.0
2025-06-02,Kebutuhan Rumah & Mandi,0.0,0.0,0.0,88800.0,0.0,0,2,6,23,2025-06,0,1,0,0,28,137000.0,0.0,20985.714285714286,146900.0,137000.0
2025-06-03,Kebutuhan Rumah & Mandi,32400.0,1.0,32400.0,121200.0,0.26732673267326734,1,3,6,23,2025-06,0,1,0,0,27,0.0,0.0,20985.714285714286,146900.0,137000.0
2025-06-04,Kebutuhan Rumah & Mandi,0.0,0.0,0.0,109300.0,0.0,2,4,6,23,2025-06,0,0,0,0,26,32400.0,9900.0,25614.285714285714,179300.0,169400.0
2025-06-05,Kebutuhan Rumah & Mandi,0.0,0.0,0.0,88800.0,0.0,3,5,6,23,2025-06,0,0,0,0,25,0.0,0.0,24200.0,169400.0,169400.0
2025-06-06,Kebutuhan Rumah & Mandi,18100.0,1.0,18100.0,106900.0,0.16931711880261927,4,6,6,23,2025-06,0,0,0,0,24,0.0,0.0,24200.0,169400.0,169400.0
2025-06-07,Kebutuhan Rumah & Mandi,0.0,0.0,0.0,96700.0,0.0,5,7,6,23,2025-06,1,0,0,0,23,18100.0,0.0,26785.714285714286,187500.0,187500.0
2025-06-08,Kebutuhan Rumah & Mandi,37000.0,1.0,37000.0,125800.0,0.29411764705882354,6,8,6,23,2025-06,1,0,0,0,22,0.0,137000.0,26785.714285714286,187500.0,187500.0
2025-06-09,Kebutuhan Rumah & Mandi,14700.0,1.0,14700.0,103500.0,0.14202898550724638,0,9,6,24,2025-06,0,0,0,0,21,37000.0,0.0,12500.0,87500.0,224500.0
2025-06-10,Kebutuhan Rumah & Mandi,0.0,0.0,0.0,88800.0,0.0,1,10,6,24,2025-06,0,0,0,0,20,14700.0,32400.0,14600.0,102200.0,239200.0
2025-06-11,Kebutuhan Rumah & Mandi,36900.0,1.0,36900.0,147400.0,0.2503392130257802,2,11,6,24,2025-06,0,0,0,0,19,0.0,0.0,9971.42857142857,69800.0,239200.0
2025-06-12,Kebutuhan Rumah & Mandi,24900.0,1.0,24900.0,113700.0,0.21899736147757257,3,12,6,24,2025-06,0,0,0,0,18,36900.0,0.0,15242.857142857143,106700.0,276100.0
2025-06-13,Kebutuhan Rumah & Mandi,0.0,0.0,0.0,123500.0,0.0,4,13,6,24,2025-06,0,0,0,0,17,24900.0,18100.0,18800.0,131600.0,301000.0
2025-06-14,Kebutuhan Rumah & Mandi,18900.0,1.0,18900.0,107700.0,0.17548746518105848,5,14,6,24,2025-06,1,0,0,0,16,0.0,0.0,16214.285714285714,113500.0,301000.0
2025-06-15,Kebutuhan Rumah & Mandi,45000.0,1.0,45000.0,133800.0,0.336322869955157,6,15,6,24,2025-06,1,0,0,0,15,18900.0,37000.0,18914.285714285714,132400.0,319900.0
2025-06-16,Kebutuhan Rumah & Mandi,0.0,0.0,0.0,88800.0,0.0,0,16,6,25,2025-06,0,0,0,0,14,45000.0,14700.0,20057.14285714286,140400.0,364900.0
2025-06-17,Kebutuhan Rumah & Mandi,11900.0,1.0,11900.0,100700.0,0.11817279046673287,1,17,6,25,2025-06,0,0,0,0,13,0.0,0.0,17957.14285714286,125700.0,364900.0
2025-06-18,Kebutuhan Rumah & Mandi,17500.0,1.0,17500.0,106300.0,0.16462841015992474,2,18,6,25,2025-06,0,0,0,0,12,11900.0,36900.0,19657.14285714286,137600.0,376800.0
2025-06-19,Kebutuhan Rumah & Mandi,53500.0,1.0,53500.0,149100.0,0.35881958417169685,3,19,6,25,2025-06,0,0,0,0,11,17500.0,24900.0,16885.714285714286,118200.0,394300.0
2025-06-20,Kebutuhan Rumah & Mandi,43200.0,1.0,43200.0,132000.0,0.32727272727272727,4,20,6,25,2025-06,0,0,0,0,10,53500.0,0.0,20971.428571428572,146800.0,447800.0
2025-06-21,Kebutuhan Rumah & Mandi,0.0,0.0,0.0,88800.0,0.0,5,21,6,25,2025-06,1,0,0,0,9,43200.0,18900.0,27142.85714285714,190000.0,491000.0
2025-06-22,Kebutuhan Rumah & Mandi,0.0,0.0,0.0,88800.0,0.0,6,22,6,25,2025-06,1,0,0,0,8,0.0,45000.0,24442.85714285714,171100.0,491000.0
2025-06-23,Kebutuhan Rumah & Mandi,0.0,0.0,0.0,88800.0,0.0,0,23,6,26,2025-06,0,0,0,0,7,0.0,0.0,18014.285714285714,126100.0,491000.0
2025-06-24,Kebutuhan Rumah & Mandi,0.0,0.0,0.0,97700.0,0.0,1,24,6,26,2025-06,0,0,0,0,6,0.0,11900.0,18014.285714285714,126100.0,491000.0
2025-06-25,Kebutuhan Rumah & Mandi,0.0,0.0,0.0,88800.0,0.0,2,25,6,26,2025-06,0,0,0,0,5,0.0,17500.0,16314.285714285714,114200.0,491000.0
2025-06-26,Kebutuhan Rumah & Mandi,0.0,0.0,0.0,124700.0,0.0,3,26,6,26,2025-06,0,0,0,0,4,0.0,53500.0,13814.285714285714,96700.0,491000.0
2025-06-27,Kebutuhan Rumah & Mandi,0.0,0.0,0.0,88800.0,0.0,4,27,6,26,2025-06,0,0,0,0,3,0.0,43200.0,6171.428571428572,43200.0,491000.0
2025-06-28,Kebutuhan Rumah & Mandi,0.0,0.0,0.0,88800.0,0.0,5,28,6,26,2025-06,1,0,0,0,2,0.0,0.0,0.0,0.0,491000.0
2025-06-29,Kebutuhan Rumah & Mandi,0.0,0.0,0.0,88800.0,0.0,6,29,6,26,2025-06,1,0,0,0,1,0.0,0.0,0.0,0.0,491000.0
2025-01-01,Lain-lain & Darurat,0.0,0.0,0.0,1685067.0,0.0,2,1,1,1,2025-01,0,1,1,0,30,0.0,0.0,0.0,0.0,0.0
2025-01-02,Lain-lain & Darurat,0.0,0.0,0.0,88800.0,0.0,3,2,1,1,2025-01,0,1,0,0,29,0.0,0.0,0.0,0.0,0.0
2025-01-03,Lain-lain & Darurat,0.0,0.0,0.0,109800.0,0.0,4,3,1,1,2025-01,0,1,0,0,28,0.0,0.0,0.0,0.0,0.0
2025-01-04,Lain-lain & Darurat,0.0,0.0,0.0,102700.0,0.0,5,4,1,1,2025-01,1,0,0,0,27,0.0,0.0,0.0,0.0,0.0
2025-01-05,Lain-lain & Darurat,0.0,0.0,0.0,114500.0,0.0,6,5,1,1,2025-01,1,0,0,0,26,0.0,0.0,0.0,0.0,0.0
2025-01-06,Lain-lain & Darurat,0.0,0.0,0.0,88800.0,0.0,0,6,1,2,2025-01,0,0,0,0,25,0.0,0.0,0.0,0.0,0.0
2025-01-07,Lain-lain & Darurat,0.0,0.0,0.0,88800.0,0.0,1,7,1,2,2025-01,0,0,0,0,24,0.0,0.0,0.0,0.0,0.0
2025-01-08,Lain-lain & Darurat,0.0,0.0,0.0,88800.0,0.0,2,8,1,2,2025-01,0,0,0,0,23,0.0,0.0,0.0,0.0,0.0
2025-01-09,Lain-lain & Darurat,9900.0,1.0,9900.0,98700.0,0.10030395136778116,3,9,1,2,2025-01,0,0,0,0,22,0.0,0.0,0.0,0.0,0.0
2025-01-10,Lain-lain & Darurat,0.0,0.0,0.0,126700.0,0.0,4,10,1,2,2025-01,0,0,0,0,21,9900.0,0.0,1414.2857142857142,9900.0,9900.0
2025-01-11,Lain-lain & Darurat,0.0,0.0,0.0,88800.0,0.0,5,11,1,2,2025-01,1,0,0,0,20,0.0,0.0,1414.2857142857142,9900.0,9900.0
2025-01-12,Lain-lain & Darurat,0.0,0.0,0.0,115000.0,0.0,6,12,1,2,2025-01,1,0,0,0,19,0.0,0.0,1414.2857142857142,9900.0,9900.0
2025-01-13,Lain-lain & Darurat,0.0,0.0,0.0,88800.0,0.0,0,13,1,3,2025-01,0,0,0,0,18,0.0,0.0,1414.2857142857142,9900.0,9900.0
2025-01-14,Lain-lain & Darurat,0.0,0.0,0.0,88800.0,0.0,1,14,1,3,2025-01,0,0,0,0,17,0.0,0.0,1414.2857142857142,9900.0,9900.0
2025-01-15,Lain-lain & Darurat,0.0,0.0,0.0,103700.0,0.0,2,15,1,3,2025-01,0,0,0,0,16,0.0,0.0,1414.2857142857142,9900.0,9900.0
2025-01-16,Lain-lain & Darurat,8900.0,1.0,8900.0,97700.0,0.09109518935516889,3,16,1,3,2025-01,0,0,0,0,15,0.0,9900.0,1414.2857142857142,9900.0,9900.0
2025-01-17,Lain-lain & Darurat,0.0,0.0,0.0,88800.0,0.0,4,17,1,3,2025-01,0,0,0,0,14,8900.0,0.0,1271.4285714285713,8900.0,18800.0
2025-01-18,Lain-lain & Darurat,0.0,0.0,0.0,127800.0,0.0,5,18,1,3,2025-01,1,0,0,0,13,0.0,0.0,1271.4285714285713,8900.0,18800.0
2025-01-19,Lain-lain & Darurat,0.0,0.0,0.0,88800.0,0.0,6,19,1,3,2025-01,1,0,0,0,12,0.0,0.0,1271.4285714285713,8900.0,18800.0
2025-01-20,Lain-lain & Darurat,0.0,0.0,0.0,88800.0,0.0,0,20,1,4,2025-01,0,0,0,0,11,0.0,0.0,1271.4285714285713,8900.0,18800.0
2025-01-21,Lain-lain & Darurat,17000.0,1.0,17000.0,105800.0,0.16068052930056712,1,21,1,4,2025-01,0,0,0,0,10,0.0,0.0,1271.4285714285713,8900.0,18800.0
2025-01-22,Lain-lain & Darurat,0.0,0.0,0.0,114300.0,0.0,2,22,1,4,2025-01,0,0,0,0,9,17000.0,0.0,3700.0,25900.0,35800.0
2025-01-23,Lain-lain & Darurat,0.0,0.0,0.0,108700.0,0.0,3,23,1,4,2025-01,0,0,0,0,8,0.0,8900.0,3700.0,25900.0,35800.0
2025-01-24,Lain-lain & Darurat,0.0,0.0,0.0,88800.0,0.0,4,24,1,4,2025-01,0,0,0,0,7,0.0,0.0,2428.5714285714284,17000.0,35800.0
2025-01-25,Lain-lain & Darurat,42000.0,1.0,42000.0,140700.0,0.29850746268656714,5,25,1,4,2025-01,1,0,0,0,6,0.0,0.0,2428.5714285714284,17000.0,35800.0
2025-01-26,Lain-lain & Darurat,0.0,0.0,0.0,153800.0,0.0,6,26,1,4,2025-01,1,0,0,0,5,42000.0,0.0,8428.57142857143,59000.0,77800.0
2025-01-27,Lain-lain & Darurat,0.0,0.0,0.0,88800.0,0.0,0,27,1,5,2025-01,0,0,0,0,4,0.0,0.0,8428.57142857143,59000.0,77800.0
2025-01-28,Lain-lain & Darurat,0.0,0.0,0.0,88800.0,0.0,1,28,1,5,2025-01,0,0,0,0,3,0.0,17000.0,8428.57142857143,59000.0,77800.0
2025-01-29,Lain-lain & Darurat,14900.0,1.0,14900.0,103700.0,0.14368370298939248,2,29,1,5,2025-01,0,0,0,0,2,0.0,0.0,6000.0,42000.0,77800.0
2025-01-30,Lain-lain & Darurat,0.0,0.0,0.0,88800.0,0.0,3,30,1,5,2025-01,0,0,0,0,1,14900.0,0.0,8128.571428571428,56900.0,92700.0
2025-01-31,Lain-lain & Darurat,0.0,0.0,0.0,88800.0,0.0,4,31,1,5,2025-01,0,0,0,1,0,0.0,0.0,8128.571428571428,56900.0,92700.0
2025-02-01,Lain-lain & Darurat,0.0,0.0,0.0,1685067.0,0.0,5,1,2,5,2025-02,1,1,1,0,27,0.0,42000.0,8128.571428571428,56900.0,0.0
2025-02-02,Lain-lain & Darurat,0.0,0.0,0.0,104700.0,0.0,6,2,2,5,2025-02,1,1,0,0,26,0.0,0.0,2128.5714285714284,14900.0,0.0
2025-02-03,Lain-lain & Darurat,4900.0,1.0,4900.0,93700.0,0.052294557097118465,0,3,2,6,2025-02,0,1,0,0,25,0.0,0.0,2128.5714285714284,14900.0,0.0
2025-02-04,Lain-lain & Darurat,0.0,0.0,0.0,158800.0,0.0,1,4,2,6,2025-02,0,0,0,0,24,4900.0,0.0,2828.5714285714284,19800.0,4900.0
2025-02-05,Lain-lain & Darurat,0.0,0.0,0.0,88800.0,0.0,2,5,2,6,2025-02,0,0,0,0,23,0.0,14900.0,2828.5714285714284,19800.0,4900.0
2025-02-06,Lain-lain & Darurat,16900.0,1.0,16900.0,125600.0,0.13455414012738853,3,6,2,6,2025-02,0,0,0,0,22,0.0,0.0,700.0,4900.0,4900.0
2025-02-07,Lain-lain & Darurat,0.0,0.0,0.0,95700.0,0.0,4,7,2,6,2025-02,0,0,0,0,21,16900.0,0.0,3114.285714285714,21800.0,21800.0
2025-02-08,Lain-lain & Darurat,0.0,0.0,0.0,88800.0,0.0,5,8,2,6,2025-02,1,0,0,0,20,0.0,0.0,3114.285714285714,21800.0,21800.0
2025-02-09,Lain-lain & Darurat,0.0,0.0,0.0,97000.0,0.0,6,9,2,6,2025-02,1,0,0,0,19,0.0,0.0,3114.285714285714,21800.0,21800.0
2025-02-10,Lain-lain & Darurat,0.0,0.0,0.0,88800.0,0.0,0,10,2,7,2025-02,0,0,0,0,18,0.0,4900.0,3114.285714285714,21800.0,21800.0
2025-02-11,Lain-lain & Darurat,0.0,0.0,0.0,103700.0,0.0,1,11,2,7,2025-02,0,0,0,0,17,0.0,0.0,2414.285714285714,16900.0,21800.0
2025-02-12,Lain-lain & Darurat,0.0,0.0,0.0,88800.0,0.0,2,12,2,7,2025-02,0,0,0,0,16,0.0,0.0,2414.285714285714,16900.0,21800.0
2025-02-13,Lain-lain & Darurat,35000.0,1.0,35000.0,152800.0,0.22905759162303665,3,13,2,7,2025-02,0,0,0,0,15,0.0,16900.0,2414.285714285714,16900.0,21800.0
2025-02-14,Lain-lain & Darurat,0.0,0.0,0.0,88800.0,0.0,4,14,2,7,2025-02,0,0,0,0,14,35000.0,0.0,5000.0,35000.0,56800.0
2025-02-15,Lain-lain & Darurat,0.0,0.0,0.0,106700.0,0.0,5,15,2,7,2025-02,1,0,0,0,13,0.0,0.0,5000.0,35000.0,56800.0
2025-02-16,Lain-lain & Darurat,0.0,0.0,0.0,134300.0,0.0,6,16,2,7,2025-02,1,0,0,0,12,0.0,0.0,5000.0,35000.0,56800.0
2025-02-17,Lain-lain & Darurat,0.0,0.0,0.0,88800.0,0.0,0,17,2,8,2025-02,0,0,0,0,11,0.0,0.0,5000.0,35000.0,56800.0
2025-02-18,Lain-lain & Darurat,0.0,0.0,0.0,114600.0,0.0,1,18,2,8,2025-02,0,0,0,0,10,0.0,0.0,5000.0,35000.0,56800.0
2025-02-19,Lain-lain & Darurat,0.0,0.0,0.0,103700.0,0.0,2,19,2,8,2025-02,0,0,0,0,9,0.0,0.0,5000.0,35000.0,56800.0
2025-02-20,Lain-lain & Darurat,0.0,0.0,0.0,149700.0,0.0,3,20,2,8,2025-02,0,0,0,0,8,0.0,35000.0,5000.0,35000.0,56800.0
2025-02-21,Lain-lain & Darurat,15900.0,1.0,15900.0,104700.0,0.1518624641833811,4,21,2,8,2025-02,0,0,0,0,7,0.0,0.0,0.0,0.0,56800.0
2025-02-22,Lain-lain & Darurat,0.0,0.0,0.0,88800.0,0.0,5,22,2,8,2025-02,1,0,0,0,6,15900.0,0.0,2271.4285714285716,15900.0,72700.0
2025-02-23,Lain-lain & Darurat,37500.0,1.0,37500.0,134200.0,0.27943368107302535,6,23,2,8,2025-02,1,0,0,0,5,0.0,0.0,2271.4285714285716,15900.0,72700.0
2025-02-24,Lain-lain & Darurat,17500.0,1.0,17500.0,112000.0,0.15625,0,24,2,9,2025-02,0,0,0,0,4,37500.0,0.0,7628.571428571428,53400.0,110200.0
2025-02-25,Lain-lain & Darurat,0.0,0.0,0.0,88800.0,0.0,1,25,2,9,2025-02,0,0,0,0,3,17500.0,0.0,10128.57142857143,70900.0,127700.0
2025-02-26,Lain-lain & Darurat,0.0,0.0,0.0,159700.0,0.0,2,26,2,9,2025-02,0,0,0,0,2,0.0,0.0,10128.57142857143,70900.0,127700.0
2025-02-27,Lain-lain & Darurat,0.0,0.0,0.0,88800.0,0.0,3,27,2,9,2025-02,0,0,0,0,1,0.0,0.0,10128.57142857143,70900.0,127700.0
2025-02-28,Lain-lain & Darurat,0.0,0.0,0.0,88800.0,0.0,4,28,2,9,2025-02,0,0,0,1,0,0.0,15900.0,10128.57142857143,70900.0,127700.0
2025-03-01,Lain-lain & Darurat,8000.0,1.0,8000.0,1693067.0,0.004725152637196283,5,1,3,9,2025-03,1,1,1,0,30,0.0,0.0,7857.142857142857,55000.0,0.0
2025-03-02,Lain-lain & Darurat,10000.0,1.0,10000.0,378700.0,0.026406126221283337,6,2,3,9,2025-03,1,1,0,0,29,8000.0,37500.0,9000.0,63000.0,8000.0
2025-03-03,Lain-lain & Darurat,8700.0,1.0,8700.0,97500.0,0.08923076923076922,0,3,3,10,2025-03,0,1,0,0,28,10000.0,17500.0,5071.428571428572,35500.0,18000.0
2025-03-04,Lain-lain & Darurat,0.0,0.0,0.0,106300.0,0.0,1,4,3,10,2025-03,0,0,0,0,27,8700.0,0.0,3814.285714285714,26700.0,26700.0
2025-03-05,Lain-lain & Darurat,0.0,0.0,0.0,117800.0,0.0,2,5,3,10,2025-03,0,0,0,0,26,0.0,0.0,3814.285714285714,26700.0,26700.0
2025-03-06,Lain-lain & Darurat,5600.0,1.0,5600.0,94400.0,0.059322033898305086,3,6,3,10,2025-03,0,0,0,0,25,0.0,0.0,3814.285714285714,26700.0,26700.0
2025-03-07,Lain-lain & Darurat,0.0,0.0,0.0,115800.0,0.0,4,7,3,10,2025-03,0,0,0,0,24,5600.0,0.0,4614.285714285715,32300.0,32300.0
2025-03-08,Lain-lain & Darurat,10900.0,1.0,10900.0,99700.0,0.10932798395185557,5,8,3,10,2025-03,1,0,0,0,23,0.0,8000.0,4614.285714285715,32300.0,32300.0
2025-03-09,Lain-lain & Darurat,27200.0,1.0,27200.0,116000.0,0.23448275862068965,6,9,3,10,2025-03,1,0,0,0,22,10900.0,10000.0,5028.571428571428,35200.0,43200.0
2025-03-10,Lain-lain & Darurat,0.0,0.0,0.0,104800.0,0.0,0,10,3,11,2025-03,0,0,0,0,21,27200.0,8700.0,7485.714285714285,52400.0,70400.0
2025-03-11,Lain-lain & Darurat,0.0,0.0,0.0,88800.0,0.0,1,11,3,11,2025-03,0,0,0,0,20,0.0,0.0,6242.857142857143,43700.0,70400.0
2025-03-12,Lain-lain & Darurat,24900.0,1.0,24900.0,113700.0,0.21899736147757257,2,12,3,11,2025-03,0,0,0,0,19,0.0,0.0,6242.857142857143,43700.0,70400.0
2025-03-13,Lain-lain & Darurat,0.0,0.0,0.0,88800.0,0.0,3,13,3,11,2025-03,0,0,0,0,18,24900.0,5600.0,9800.0,68600.0,95300.0
2025-03-14,Lain-lain & Darurat,0.0,0.0,0.0,88800.0,0.0,4,14,3,11,2025-03,0,0,0,0,17,0.0,0.0,9000.0,63000.0,95300.0
2025-03-15,Lain-lain & Darurat,0.0,0.0,0.0,97700.0,0.0,5,15,3,11,2025-03,1,0,0,0,16,0.0,10900.0,9000.0,63000.0,95300.0
2025-03-16,Lain-lain & Darurat,0.0,0.0,0.0,118700.0,0.0,6,16,3,11,2025-03,1,0,0,0,15,0.0,27200.0,7442.857142857143,52100.0,95300.0
2025-03-17,Lain-lain & Darurat,0.0,0.0,0.0,88800.0,0.0,0,17,3,12,2025-03,0,0,0,0,14,0.0,0.0,3557.1428571428573,24900.0,95300.0
2025-03-18,Lain-lain & Darurat,0.0,0.0,0.0,88800.0,0.0,1,18,3,12,2025-03,0,0,0,0,13,0.0,0.0,3557.1428571428573,24900.0,95300.0
2025-03-19,Lain-lain & Darurat,30000.0,1.0,30000.0,118800.0,0.25252525252525254,2,19,3,12,2025-03,0,0,0,0,12,0.0,24900.0,3557.1428571428573,24900.0,95300.0
2025-03-20,Lain-lain & Darurat,0.0,0.0,0.0,108200.0,0.0,3,20,3,12,2025-03,0,0,0,0,11,30000.0,0.0,4285.714285714285,30000.0,125300.0
2025-03-21,Lain-lain & Darurat,0.0,0.0,0.0,111300.0,0.0,4,21,3,12,2025-03,0,0,0,0,10,0.0,0.0,4285.714285714285,30000.0,125300.0
2025-03-22,Lain-lain & Darurat,11200.0,1.0,11200.0,127700.0,0.08770555990602975,5,22,3,12,2025-03,1,0,0,0,9,0.0,0.0,4285.714285714285,30000.0,125300.0
2025-03-23,Lain-lain & Darurat,0.0,0.0,0.0,88800.0,0.0,6,23,3,12,2025-03,1,0,0,0,8,11200.0,0.0,5885.714285714285,41200.0,136500.0
2025-03-24,Lain-lain & Darurat,75500.0,1.0,75500.0,164300.0,0.45952525867315885,0,24,3,13,2025-03,0,0,0,0,7,0.0,0.0,5885.714285714285,41200.0,136500.0
2025-03-25,Lain-lain & Darurat,0.0,0.0,0.0,88800.0,0.0,1,25,3,13,2025-03,0,0,0,0,6,75500.0,0.0,16671.428571428572,116700.0,212000.0
2025-03-26,Lain-lain & Darurat,0.0,0.0,0.0,88800.0,0.0,2,26,3,13,2025-03,0,0,0,0,5,0.0,30000.0,16671.428571428572,116700.0,212000.0
2025-03-27,Lain-lain & Darurat,0.0,0.0,0.0,88800.0,0.0,3,27,3,13,2025-03,0,0,0,0,4,0.0,0.0,12385.714285714286,86700.0,212000.0
2025-03-28,Lain-lain & Darurat,15600.0,1.0,15600.0,104400.0,0.14942528735632185,4,28,3,13,2025-03,0,0,0,0,3,0.0,0.0,12385.714285714286,86700.0,212000.0
2025-03-29,Lain-lain & Darurat,12700.0,1.0,12700.0,101500.0,0.12512315270935961,5,29,3,13,2025-03,1,0,0,0,2,15600.0,11200.0,14614.285714285714,102300.0,227600.0
2025-03-30,Lain-lain & Darurat,19500.0,1.0,19500.0,108300.0,0.18005540166204986,6,30,3,13,2025-03,1,0,0,0,1,12700.0,0.0,14828.57142857143,103800.0,240300.0
2025-03-31,Lain-lain & Darurat,0.0,0.0,0.0,88800.0,0.0,0,31,3,14,2025-03,0,0,0,1,0,19500.0,75500.0,17614.285714285714,123300.0,259800.0
2025-04-01,Lain-lain & Darurat,13500.0,1.0,13500.0,1698567.0,0.007947876062586874,1,1,4,14,2025-04,0,1,1,0,29,0.0,0.0,6828.571428571428,47800.0,0.0
2025-04-02,Lain-lain & Darurat,33800.0,1.0,33800.0,272500.0,0.12403669724770643,2,2,4,14,2025-04,0,1,0,0,28,13500.0,0.0,8757.142857142857,61300.0,13500.0
2025-04-03,Lain-lain & Darurat,0.0,0.0,0.0,88800.0,0.0,3,3,4,14,2025-04,0,1,0,0,27,33800.0,0.0,13585.714285714286,95100.0,47300.0
2025-04-04,Lain-lain & Darurat,4900.0,1.0,4900.0,131100.0,0.03737604881769641,4,4,4,14,2025-04,0,0,0,0,26,0.0,15600.0,13585.714285714286,95100.0,47300.0
2025-04-05,Lain-lain & Darurat,0.0,0.0,0.0,210700.0,0.0,5,5,4,14,2025-04,1,0,0,0,25,4900.0,12700.0,12057.142857142857,84400.0,52200.0
2025-04-06,Lain-lain & Darurat,0.0,0.0,0.0,88800.0,0.0,6,6,4,14,2025-04,1,0,0,0,24,0.0,19500.0,10242.857142857143,71700.0,52200.0
2025-04-07,Lain-lain & Darurat,0.0,0.0,0.0,138700.0,0.0,0,7,4,15,2025-04,0,0,0,0,23,0.0,0.0,7457.142857142857,52200.0,52200.0
2025-04-08,Lain-lain & Darurat,0.0,0.0,0.0,103300.0,0.0,1,8,4,15,2025-04,0,0,0,0,22,0.0,13500.0,7457.142857142857,52200.0,52200.0
2025-04-09,Lain-lain & Darurat,19900.0,1.0,19900.0,137700.0,0.14451706608569354,2,9,4,15,2025-04,0,0,0,0,21,0.0,33800.0,5528.571428571428,38700.0,52200.0
2025-04-10,Lain-lain & Darurat,0.0,0.0,0.0,118300.0,0.0,3,10,4,15,2025-04,0,0,0,0,20,19900.0,0.0,3542.8571428571427,24800.0,72100.0
2025-04-11,Lain-lain & Darurat,0.0,0.0,0.0,88800.0,0.0,4,11,4,15,2025-04,0,0,0,0,19,0.0,4900.0,3542.8571428571427,24800.0,72100.0
2025-04-12,Lain-lain & Darurat,0.0,0.0,0.0,88800.0,0.0,5,12,4,15,2025-04,1,0,0,0,18,0.0,0.0,2842.8571428571427,19900.0,72100.0
2025-04-13,Lain-lain & Darurat,49000.0,1.0,49000.0,163300.0,0.3000612369871402,6,13,4,15,2025-04,1,0,0,0,17,0.0,0.0,2842.8571428571427,19900.0,72100.0
2025-04-14,Lain-lain & Darurat,0.0,0.0,0.0,88800.0,0.0,0,14,4,16,2025-04,0,0,0,0,16,49000.0,0.0,9842.857142857143,68900.0,121100.0
2025-04-15,Lain-lain & Darurat,7500.0,1.0,7500.0,96300.0,0.0778816199376947,1,15,4,16,2025-04,0,0,0,0,15,0.0,0.0,9842.857142857143,68900.0,121100.0
2025-04-16,Lain-lain & Darurat,0.0,0.0,0.0,108600.0,0.0,2,16,4,16,2025-04,0,0,0,0,14,7500.0,19900.0,10914.285714285714,76400.0,128600.0
2025-04-17,Lain-lain & Darurat,0.0,0.0,0.0,88800.0,0.0,3,17,4,16,2025-04,0,0,0,0,13,0.0,0.0,8071.428571428572,56500.0,128600.0
2025-04-18,Lain-lain & Darurat,14900.0,1.0,14900.0,103700.0,0.14368370298939248,4,18,4,16,2025-04,0,0,0,0,12,0.0,0.0,8071.428571428572,56500.0,128600.0
2025-04-19,Lain-lain & Darurat,88900.0,1.0,88900.0,177700.0,0.5002813731007316,5,19,4,16,2025-04,1,0,0,0,11,14900.0,0.0,10200.0,71400.0,143500.0
2025-04-20,Lain-lain & Darurat,0.0,0.0,0.0,88800.0,0.0,6,20,4,16,2025-04,1,0,0,0,10,88900.0,49000.0,22900.0,160300.0,232400.0
2025-04-21,Lain-lain & Darurat,21900.0,1.0,21900.0,110700.0,0.1978319783197832,0,21,4,17,2025-04,0,0,0,0,9,0.0,0.0,15900.0,111300.0,232400.0
2025-04-22,Lain-lain & Darurat,0.0,0.0,0.0,88800.0,0.0,1,22,4,17,2025-04,0,0,0,0,8,21900.0,7500.0,19028.571428571428,133200.0,254300.0
2025-04-23,Lain-lain & Darurat,0.0,0.0,0.0,88800.0,0.0,2,23,4,17,2025-04,0,0,0,0,7,0.0,0.0,17957.14285714286,125700.0,254300.0
2025-04-24,Lain-lain & Darurat,10000.0,1.0,10000.0,98800.0,0.10121457489878542,3,24,4,17,2025-04,0,0,0,0,6,0.0,0.0,17957.14285714286,125700.0,254300.0
2025-04-25,Lain-lain & Darurat,12300.0,1.0,12300.0,101100.0,0.12166172106824925,4,25,4,17,2025-04,0,0,0,0,5,10000.0,14900.0,19385.714285714286,135700.0,264300.0
2025-04-26,Lain-lain & Darurat,0.0,0.0,0.0,102300.0,0.0,5,26,4,17,2025-04,1,0,0,0,4,12300.0,88900.0,19014.285714285714,133100.0,276600.0
2025-04-27,Lain-lain & Darurat,0.0,0.0,0.0,88800.0,0.0,6,27,4,17,2025-04,1,0,0,0,3,0.0,0.0,6314.285714285715,44200.0,276600.0
2025-04-28,Lain-lain & Darurat,14200.0,1.0,14200.0,103000.0,0.1378640776699029,0,28,4,18,2025-04,0,0,0,0,2,0.0,21900.0,6314.285714285715,44200.0,276600.0
2025-04-29,Lain-lain & Darurat,20900.0,1.0,20900.0,109700.0,0.19051959890610756,1,29,4,18,2025-04,0,0,0,0,1,14200.0,0.0,5214.285714285715,36500.0,290800.0
2025-04-30,Lain-lain & Darurat,0.0,0.0,0.0,88800.0,0.0,2,30,4,18,2025-04,0,0,0,1,0,20900.0,0.0,8200.0,57400.0,311700.0
2025-05-01,Lain-lain & Darurat,34900.0,1.0,34900.0,1744867.0,0.02000152447149267,3,1,5,18,2025-05,0,1,1,0,30,0.0,10000.0,8200.0,57400.0,0.0
2025-05-02,Lain-lain & Darurat,0.0,0.0,0.0,88800.0,0.0,4,2,5,18,2025-05,0,1,0,0,29,34900.0,12300.0,11757.142857142857,82300.0,34900.0
2025-05-03,Lain-lain & Darurat,0.0,0.0,0.0,103700.0,0.0,5,3,5,18,2025-05,1,1,0,0,28,0.0,0.0,10000.0,70000.0,34900.0
2025-05-04,Lain-lain & Darurat,0.0,0.0,0.0,117700.0,0.0,6,4,5,18,2025-05,1,0,0,0,27,0.0,0.0,10000.0,70000.0,34900.0
2025-05-05,Lain-lain & Darurat,0.0,0.0,0.0,198800.0,0.0,0,5,5,19,2025-05,0,0,0,0,26,0.0,14200.0,10000.0,70000.0,34900.0
2025-05-06,Lain-lain & Darurat,0.0,0.0,0.0,112500.0,0.0,1,6,5,19,2025-05,0,0,0,0,25,0.0,20900.0,7971.428571428572,55800.0,34900.0
2025-05-07,Lain-lain & Darurat,0.0,0.0,0.0,133800.0,0.0,2,7,5,19,2025-05,0,0,0,0,24,0.0,0.0,4985.714285714285,34900.0,34900.0
2025-05-08,Lain-lain & Darurat,17500.0,1.0,17500.0,156200.0,0.11203585147247119,3,8,5,19,2025-05,0,0,0,0,23,0.0,34900.0,4985.714285714285,34900.0,34900.0
2025-05-09,Lain-lain & Darurat,3200.0,1.0,3200.0,100900.0,0.031714568880079286,4,9,5,19,2025-05,0,0,0,0,22,17500.0,0.0,2500.0,17500.0,52400.0
2025-05-10,Lain-lain & Darurat,0.0,0.0,0.0,88800.0,0.0,5,10,5,19,2025-05,1,0,0,0,21,3200.0,0.0,2957.1428571428573,20700.0,55600.0
2025-05-11,Lain-lain & Darurat,0.0,0.0,0.0,110300.0,0.0,6,11,5,19,2025-05,1,0,0,0,20,0.0,0.0,2957.1428571428573,20700.0,55600.0
2025-05-12,Lain-lain & Darurat,0.0,0.0,0.0,88800.0,0.0,0,12,5,20,2025-05,0,0,0,0,19,0.0,0.0,2957.1428571428573,20700.0,55600.0
2025-05-13,Lain-lain & Darurat,0.0,0.0,0.0,114600.0,0.0,1,13,5,20,2025-05,0,0,0,0,18,0.0,0.0,2957.1428571428573,20700.0,55600.0
2025-05-14,Lain-lain & Darurat,0.0,0.0,0.0,129700.0,0.0,2,14,5,20,2025-05,0,0,0,0,17,0.0,0.0,2957.1428571428573,20700.0,55600.0
2025-05-15,Lain-lain & Darurat,0.0,0.0,0.0,88800.0,0.0,3,15,5,20,2025-05,0,0,0,0,16,0.0,17500.0,2957.1428571428573,20700.0,55600.0
2025-05-16,Lain-lain & Darurat,0.0,0.0,0.0,88800.0,0.0,4,16,5,20,2025-05,0,0,0,0,15,0.0,3200.0,457.14285714285717,3200.0,55600.0
2025-05-17,Lain-lain & Darurat,0.0,0.0,0.0,88800.0,0.0,5,17,5,20,2025-05,1,0,0,0,14,0.0,0.0,0.0,0.0,55600.0
2025-05-18,Lain-lain & Darurat,0.0,0.0,0.0,88800.0,0.0,6,18,5,20,2025-05,1,0,0,0,13,0.0,0.0,0.0,0.0,55600.0
2025-05-19,Lain-lain & Darurat,0.0,0.0,0.0,88800.0,0.0,0,19,5,21,2025-05,0,0,0,0,12,0.0,0.0,0.0,0.0,55600.0
2025-05-20,Lain-lain & Darurat,0.0,0.0,0.0,88800.0,0.0,1,20,5,21,2025-05,0,0,0,0,11,0.0,0.0,0.0,0.0,55600.0
2025-05-21,Lain-lain & Darurat,0.0,0.0,0.0,118700.0,0.0,2,21,5,21,2025-05,0,0,0,0,10,0.0,0.0,0.0,0.0,55600.0
2025-05-22,Lain-lain & Darurat,0.0,0.0,0.0,106700.0,0.0,3,22,5,21,2025-05,0,0,0,0,9,0.0,0.0,0.0,0.0,55600.0
2025-05-23,Lain-lain & Darurat,0.0,0.0,0.0,88800.0,0.0,4,23,5,21,2025-05,0,0,0,0,8,0.0,0.0,0.0,0.0,55600.0
2025-05-24,Lain-lain & Darurat,0.0,0.0,0.0,107700.0,0.0,5,24,5,21,2025-05,1,0,0,0,7,0.0,0.0,0.0,0.0,55600.0
2025-05-25,Lain-lain & Darurat,0.0,0.0,0.0,94800.0,0.0,6,25,5,21,2025-05,1,0,0,0,6,0.0,0.0,0.0,0.0,55600.0
2025-05-26,Lain-lain & Darurat,0.0,0.0,0.0,88800.0,0.0,0,26,5,22,2025-05,0,0,0,0,5,0.0,0.0,0.0,0.0,55600.0
2025-05-27,Lain-lain & Darurat,0.0,0.0,0.0,88800.0,0.0,1,27,5,22,2025-05,0,0,0,0,4,0.0,0.0,0.0,0.0,55600.0
2025-05-28,Lain-lain & Darurat,0.0,0.0,0.0,98700.0,0.0,2,28,5,22,2025-05,0,0,0,0,3,0.0,0.0,0.0,0.0,55600.0
2025-05-29,Lain-lain & Darurat,0.0,0.0,0.0,88800.0,0.0,3,29,5,22,2025-05,0,0,0,0,2,0.0,0.0,0.0,0.0,55600.0
2025-05-30,Lain-lain & Darurat,0.0,0.0,0.0,88800.0,0.0,4,30,5,22,2025-05,0,0,0,0,1,0.0,0.0,0.0,0.0,55600.0
2025-05-31,Lain-lain & Darurat,0.0,0.0,0.0,88800.0,0.0,5,31,5,22,2025-05,1,0,0,1,0,0.0,0.0,0.0,0.0,55600.0
2025-06-01,Lain-lain & Darurat,8300.0,1.0,8300.0,1830367.0,0.004534609725809087,6,1,6,22,2025-06,1,1,1,0,29,0.0,0.0,0.0,0.0,0.0
2025-06-02,Lain-lain & Darurat,0.0,0.0,0.0,88800.0,0.0,0,2,6,23,2025-06,0,1,0,0,28,8300.0,0.0,1185.7142857142858,8300.0,8300.0
2025-06-03,Lain-lain & Darurat,0.0,0.0,0.0,121200.0,0.0,1,3,6,23,2025-06,0,1,0,0,27,0.0,0.0,1185.7142857142858,8300.0,8300.0
2025-06-04,Lain-lain & Darurat,20500.0,1.0,20500.0,109300.0,0.18755718206770358,2,4,6,23,2025-06,0,0,0,0,26,0.0,0.0,1185.7142857142858,8300.0,8300.0
2025-06-05,Lain-lain & Darurat,0.0,0.0,0.0,88800.0,0.0,3,5,6,23,2025-06,0,0,0,0,25,20500.0,0.0,4114.285714285715,28800.0,28800.0
2025-06-06,Lain-lain & Darurat,0.0,0.0,0.0,106900.0,0.0,4,6,6,23,2025-06,0,0,0,0,24,0.0,0.0,4114.285714285715,28800.0,28800.0
2025-06-07,Lain-lain & Darurat,7900.0,1.0,7900.0,96700.0,0.08169596690796277,5,7,6,23,2025-06,1,0,0,0,23,0.0,0.0,4114.285714285715,28800.0,28800.0
2025-06-08,Lain-lain & Darurat,0.0,0.0,0.0,125800.0,0.0,6,8,6,23,2025-06,1,0,0,0,22,7900.0,8300.0,5242.857142857143,36700.0,36700.0
2025-06-09,Lain-lain & Darurat,0.0,0.0,0.0,103500.0,0.0,0,9,6,24,2025-06,0,0,0,0,21,0.0,0.0,4057.1428571428573,28400.0,36700.0
2025-06-10,Lain-lain & Darurat,0.0,0.0,0.0,88800.0,0.0,1,10,6,24,2025-06,0,0,0,0,20,0.0,0.0,4057.1428571428573,28400.0,36700.0
2025-06-11,Lain-lain & Darurat,21700.0,1.0,21700.0,147400.0,0.14721845318860244,2,11,6,24,2025-06,0,0,0,0,19,0.0,20500.0,4057.1428571428573,28400.0,36700.0
2025-06-12,Lain-lain & Darurat,0.0,0.0,0.0,113700.0,0.0,3,12,6,24,2025-06,0,0,0,0,18,21700.0,0.0,4228.571428571428,29600.0,58400.0
2025-06-13,Lain-lain & Darurat,34700.0,1.0,34700.0,123500.0,0.28097165991902834,4,13,6,24,2025-06,0,0,0,0,17,0.0,0.0,4228.571428571428,29600.0,58400.0
2025-06-14,Lain-lain & Darurat,0.0,0.0,0.0,107700.0,0.0,5,14,6,24,2025-06,1,0,0,0,16,34700.0,7900.0,9185.714285714286,64300.0,93100.0
2025-06-15,Lain-lain & Darurat,0.0,0.0,0.0,133800.0,0.0,6,15,6,24,2025-06,1,0,0,0,15,0.0,0.0,8057.142857142857,56400.0,93100.0
2025-06-16,Lain-lain & Darurat,0.0,0.0,0.0,88800.0,0.0,0,16,6,25,2025-06,0,0,0,0,14,0.0,0.0,8057.142857142857,56400.0,93100.0
2025-06-17,Lain-lain & Darurat,0.0,0.0,0.0,100700.0,0.0,1,17,6,25,2025-06,0,0,0,0,13,0.0,0.0,8057.142857142857,56400.0,93100.0
2025-06-18,Lain-lain & Darurat,0.0,0.0,0.0,106300.0,0.0,2,18,6,25,2025-06,0,0,0,0,12,0.0,21700.0,8057.142857142857,56400.0,93100.0
2025-06-19,Lain-lain & Darurat,6800.0,1.0,6800.0,149100.0,0.04560697518443997,3,19,6,25,2025-06,0,0,0,0,11,0.0,0.0,4957.142857142857,34700.0,93100.0
2025-06-20,Lain-lain & Darurat,0.0,0.0,0.0,132000.0,0.0,4,20,6,25,2025-06,0,0,0,0,10,6800.0,34700.0,5928.571428571428,41500.0,99900.0
2025-06-21,Lain-lain & Darurat,0.0,0.0,0.0,88800.0,0.0,5,21,6,25,2025-06,1,0,0,0,9,0.0,0.0,971.4285714285714,6800.0,99900.0
2025-06-22,Lain-lain & Darurat,0.0,0.0,0.0,88800.0,0.0,6,22,6,25,2025-06,1,0,0,0,8,0.0,0.0,971.4285714285714,6800.0,99900.0
2025-06-23,Lain-lain & Darurat,0.0,0.0,0.0,88800.0,0.0,0,23,6,26,2025-06,0,0,0,0,7,0.0,0.0,971.4285714285714,6800.0,99900.0
2025-06-24,Lain-lain & Darurat,8900.0,1.0,8900.0,97700.0,0.09109518935516889,1,24,6,26,2025-06,0,0,0,0,6,0.0,0.0,971.4285714285714,6800.0,99900.0
2025-06-25,Lain-lain & Darurat,0.0,0.0,0.0,88800.0,0.0,2,25,6,26,2025-06,0,0,0,0,5,8900.0,0.0,2242.8571428571427,15700.0,108800.0
2025-06-26,Lain-lain & Darurat,35900.0,1.0,35900.0,124700.0,0.28789093825180434,3,26,6,26,2025-06,0,0,0,0,4,0.0,6800.0,2242.8571428571427,15700.0,108800.0
2025-06-27,Lain-lain & Darurat,0.0,0.0,0.0,88800.0,0.0,4,27,6,26,2025-06,0,0,0,0,3,35900.0,0.0,6400.0,44800.0,144700.0
2025-06-28,Lain-lain & Darurat,0.0,0.0,0.0,88800.0,0.0,5,28,6,26,2025-06,1,0,0,0,2,0.0,0.0,6400.0,44800.0,144700.0
2025-06-29,Lain-lain & Darurat,0.0,0.0,0.0,88800.0,0.0,6,29,6,26,2025-06,1,0,0,0,1,0.0,0.0,6400.0,44800.0,144700.0
2025-01-01,Makan & Minum Harian,69600.0,3.0,23200.0,1685067.0,0.04130399562747357,2,1,1,1,2025-01,0,1,1,0,30,0.0,0.0,0.0,0.0,0.0
2025-01-02,Makan & Minum Harian,69600.0,3.0,23200.0,88800.0,0.7837837837837838,3,2,1,1,2025-01,0,1,0,0,29,69600.0,0.0,69600.0,69600.0,69600.0
2025-01-03,Makan & Minum Harian,69600.0,3.0,23200.0,109800.0,0.6338797814207651,4,3,1,1,2025-01,0,1,0,0,28,69600.0,0.0,69600.0,139200.0,139200.0
2025-01-04,Makan & Minum Harian,69600.0,3.0,23200.0,102700.0,0.6777020447906524,5,4,1,1,2025-01,1,0,0,0,27,69600.0,0.0,69600.0,208800.0,208800.0
2025-01-05,Makan & Minum Harian,69600.0,3.0,23200.0,114500.0,0.6078602620087337,6,5,1,1,2025-01,1,0,0,0,26,69600.0,0.0,69600.0,278400.0,278400.0
2025-01-06,Makan & Minum Harian,69600.0,3.0,23200.0,88800.0,0.7837837837837838,0,6,1,2,2025-01,0,0,0,0,25,69600.0,0.0,69600.0,348000.0,348000.0
2025-01-07,Makan & Minum Harian,69600.0,3.0,23200.0,88800.0,0.7837837837837838,1,7,1,2,2025-01,0,0,0,0,24,69600.0,0.0,69600.0,417600.0,417600.0
2025-01-08,Makan & Minum Harian,69600.0,3.0,23200.0,88800.0,0.7837837837837838,2,8,1,2,2025-01,0,0,0,0,23,69600.0,69600.0,69600.0,487200.0,487200.0
2025-01-09,Makan & Minum Harian,69600.0,3.0,23200.0,98700.0,0.7051671732522796,3,9,1,2,2025-01,0,0,0,0,22,69600.0,69600.0,69600.0,487200.0,556800.0
2025-01-10,Makan & Minum Harian,69600.0,3.0,23200.0,126700.0,0.5493291239147593,4,10,1,2,2025-01,0,0,0,0,21,69600.0,69600.0,69600.0,487200.0,626400.0
2025-01-11,Makan & Minum Harian,69600.0,3.0,23200.0,88800.0,0.7837837837837838,5,11,1,2,2025-01,1,0,0,0,20,69600.0,69600.0,69600.0,487200.0,696000.0
2025-01-12,Makan & Minum Harian,69600.0,3.0,23200.0,115000.0,0.6052173913043478,6,12,1,2,2025-01,1,0,0,0,19,69600.0,69600.0,69600.0,487200.0,765600.0
2025-01-13,Makan & Minum Harian,69600.0,3.0,23200.0,88800.0,0.7837837837837838,0,13,1,3,2025-01,0,0,0,0,18,69600.0,69600.0,69600.0,487200.0,835200.0
2025-01-14,Makan & Minum Harian,69600.0,3.0,23200.0,88800.0,0.7837837837837838,1,14,1,3,2025-01,0,0,0,0,17,69600.0,69600.0,69600.0,487200.0,904800.0
2025-01-15,Makan & Minum Harian,69600.0,3.0,23200.0,103700.0,0.6711668273866924,2,15,1,3,2025-01,0,0,0,0,16,69600.0,69600.0,69600.0,487200.0,974400.0
2025-01-16,Makan & Minum Harian,69600.0,3.0,23200.0,97700.0,0.7123848515864892,3,16,1,3,2025-01,0,0,0,0,15,69600.0,69600.0,69600.0,487200.0,1044000.0
2025-01-17,Makan & Minum Harian,69600.0,3.0,23200.0,88800.0,0.7837837837837838,4,17,1,3,2025-01,0,0,0,0,14,69600.0,69600.0,69600.0,487200.0,1113600.0
2025-01-18,Makan & Minum Harian,69600.0,3.0,23200.0,127800.0,0.5446009389671361,5,18,1,3,2025-01,1,0,0,0,13,69600.0,69600.0,69600.0,487200.0,1183200.0
2025-01-19,Makan & Minum Harian,69600.0,3.0,23200.0,88800.0,0.7837837837837838,6,19,1,3,2025-01,1,0,0,0,12,69600.0,69600.0,69600.0,487200.0,1252800.0
2025-01-20,Makan & Minum Harian,69600.0,3.0,23200.0,88800.0,0.7837837837837838,0,20,1,4,2025-01,0,0,0,0,11,69600.0,69600.0,69600.0,487200.0,1322400.0
2025-01-21,Makan & Minum Harian,69600.0,3.0,23200.0,105800.0,0.6578449905482041,1,21,1,4,2025-01,0,0,0,0,10,69600.0,69600.0,69600.0,487200.0,1392000.0
2025-01-22,Makan & Minum Harian,69600.0,3.0,23200.0,114300.0,0.6089238845144357,2,22,1,4,2025-01,0,0,0,0,9,69600.0,69600.0,69600.0,487200.0,1461600.0
2025-01-23,Makan & Minum Harian,69600.0,3.0,23200.0,108700.0,0.640294388224471,3,23,1,4,2025-01,0,0,0,0,8,69600.0,69600.0,69600.0,487200.0,1531200.0
2025-01-24,Makan & Minum Harian,69600.0,3.0,23200.0,88800.0,0.7837837837837838,4,24,1,4,2025-01,0,0,0,0,7,69600.0,69600.0,69600.0,487200.0,1600800.0
2025-01-25,Makan & Minum Harian,69600.0,3.0,23200.0,140700.0,0.4946695095948827,5,25,1,4,2025-01,1,0,0,0,6,69600.0,69600.0,69600.0,487200.0,1670400.0
2025-01-26,Makan & Minum Harian,69600.0,3.0,23200.0,153800.0,0.45253576072821844,6,26,1,4,2025-01,1,0,0,0,5,69600.0,69600.0,69600.0,487200.0,1740000.0
2025-01-27,Makan & Minum Harian,69600.0,3.0,23200.0,88800.0,0.7837837837837838,0,27,1,5,2025-01,0,0,0,0,4,69600.0,69600.0,69600.0,487200.0,1809600.0
2025-01-28,Makan & Minum Harian,69600.0,3.0,23200.0,88800.0,0.7837837837837838,1,28,1,5,2025-01,0,0,0,0,3,69600.0,69600.0,69600.0,487200.0,1879200.0
2025-01-29,Makan & Minum Harian,69600.0,3.0,23200.0,103700.0,0.6711668273866924,2,29,1,5,2025-01,0,0,0,0,2,69600.0,69600.0,69600.0,487200.0,1948800.0
2025-01-30,Makan & Minum Harian,69600.0,3.0,23200.0,88800.0,0.7837837837837838,3,30,1,5,2025-01,0,0,0,0,1,69600.0,69600.0,69600.0,487200.0,2018400.0
2025-01-31,Makan & Minum Harian,69600.0,3.0,23200.0,88800.0,0.7837837837837838,4,31,1,5,2025-01,0,0,0,1,0,69600.0,69600.0,69600.0,487200.0,2088000.0
2025-02-01,Makan & Minum Harian,69600.0,3.0,23200.0,1685067.0,0.04130399562747357,5,1,2,5,2025-02,1,1,1,0,27,69600.0,69600.0,69600.0,487200.0,0.0
2025-02-02,Makan & Minum Harian,69600.0,3.0,23200.0,104700.0,0.664756446991404,6,2,2,5,2025-02,1,1,0,0,26,69600.0,69600.0,69600.0,487200.0,69600.0
2025-02-03,Makan & Minum Harian,69600.0,3.0,23200.0,93700.0,0.7427961579509071,0,3,2,6,2025-02,0,1,0,0,25,69600.0,69600.0,69600.0,487200.0,139200.0
2025-02-04,Makan & Minum Harian,69600.0,3.0,23200.0,158800.0,0.43828715365239296,1,4,2,6,2025-02,0,0,0,0,24,69600.0,69600.0,69600.0,487200.0,208800.0
2025-02-05,Makan & Minum Harian,69600.0,3.0,23200.0,88800.0,0.7837837837837838,2,5,2,6,2025-02,0,0,0,0,23,69600.0,69600.0,69600.0,487200.0,278400.0
2025-02-06,Makan & Minum Harian,69600.0,3.0,23200.0,125600.0,0.554140127388535,3,6,2,6,2025-02,0,0,0,0,22,69600.0,69600.0,69600.0,487200.0,348000.0
2025-02-07,Makan & Minum Harian,69600.0,3.0,23200.0,95700.0,0.7272727272727273,4,7,2,6,2025-02,0,0,0,0,21,69600.0,69600.0,69600.0,487200.0,417600.0
2025-02-08,Makan & Minum Harian,69600.0,3.0,23200.0,88800.0,0.7837837837837838,5,8,2,6,2025-02,1,0,0,0,20,69600.0,69600.0,69600.0,487200.0,487200.0
2025-02-09,Makan & Minum Harian,69600.0,3.0,23200.0,97000.0,0.7175257731958763,6,9,2,6,2025-02,1,0,0,0,19,69600.0,69600.0,69600.0,487200.0,556800.0
2025-02-10,Makan & Minum Harian,69600.0,3.0,23200.0,88800.0,0.7837837837837838,0,10,2,7,2025-02,0,0,0,0,18,69600.0,69600.0,69600.0,487200.0,626400.0
2025-02-11,Makan & Minum Harian,69600.0,3.0,23200.0,103700.0,0.6711668273866924,1,11,2,7,2025-02,0,0,0,0,17,69600.0,69600.0,69600.0,487200.0,696000.0
2025-02-12,Makan & Minum Harian,69600.0,3.0,23200.0,88800.0,0.7837837837837838,2,12,2,7,2025-02,0,0,0,0,16,69600.0,69600.0,69600.0,487200.0,765600.0
2025-02-13,Makan & Minum Harian,69600.0,3.0,23200.0,152800.0,0.45549738219895286,3,13,2,7,2025-02,0,0,0,0,15,69600.0,69600.0,69600.0,487200.0,835200.0
2025-02-14,Makan & Minum Harian,69600.0,3.0,23200.0,88800.0,0.7837837837837838,4,14,2,7,2025-02,0,0,0,0,14,69600.0,69600.0,69600.0,487200.0,904800.0
2025-02-15,Makan & Minum Harian,69600.0,3.0,23200.0,106700.0,0.6522961574507966,5,15,2,7,2025-02,1,0,0,0,13,69600.0,69600.0,69600.0,487200.0,974400.0
2025-02-16,Makan & Minum Harian,69600.0,3.0,23200.0,134300.0,0.5182427401340283,6,16,2,7,2025-02,1,0,0,0,12,69600.0,69600.0,69600.0,487200.0,1044000.0
2025-02-17,Makan & Minum Harian,69600.0,3.0,23200.0,88800.0,0.7837837837837838,0,17,2,8,2025-02,0,0,0,0,11,69600.0,69600.0,69600.0,487200.0,1113600.0
2025-02-18,Makan & Minum Harian,69600.0,3.0,23200.0,114600.0,0.6073298429319371,1,18,2,8,2025-02,0,0,0,0,10,69600.0,69600.0,69600.0,487200.0,1183200.0
2025-02-19,Makan & Minum Harian,69600.0,3.0,23200.0,103700.0,0.6711668273866924,2,19,2,8,2025-02,0,0,0,0,9,69600.0,69600.0,69600.0,487200.0,1252800.0
2025-02-20,Makan & Minum Harian,69600.0,3.0,23200.0,149700.0,0.4649298597194389,3,20,2,8,2025-02,0,0,0,0,8,69600.0,69600.0,69600.0,487200.0,1322400.0
2025-02-21,Makan & Minum Harian,69600.0,3.0,23200.0,104700.0,0.664756446991404,4,21,2,8,2025-02,0,0,0,0,7,69600.0,69600.0,69600.0,487200.0,1392000.0
2025-02-22,Makan & Minum Harian,69600.0,3.0,23200.0,88800.0,0.7837837837837838,5,22,2,8,2025-02,1,0,0,0,6,69600.0,69600.0,69600.0,487200.0,1461600.0
2025-02-23,Makan & Minum Harian,69600.0,3.0,23200.0,134200.0,0.518628912071535,6,23,2,8,2025-02,1,0,0,0,5,69600.0,69600.0,69600.0,487200.0,1531200.0
2025-02-24,Makan & Minum Harian,69600.0,3.0,23200.0,112000.0,0.6214285714285714,0,24,2,9,2025-02,0,0,0,0,4,69600.0,69600.0,69600.0,487200.0,1600800.0
2025-02-25,Makan & Minum Harian,69600.0,3.0,23200.0,88800.0,0.7837837837837838,1,25,2,9,2025-02,0,0,0,0,3,69600.0,69600.0,69600.0,487200.0,1670400.0
2025-02-26,Makan & Minum Harian,69600.0,3.0,23200.0,159700.0,0.43581715716969316,2,26,2,9,2025-02,0,0,0,0,2,69600.0,69600.0,69600.0,487200.0,1740000.0
2025-02-27,Makan & Minum Harian,69600.0,3.0,23200.0,88800.0,0.7837837837837838,3,27,2,9,2025-02,0,0,0,0,1,69600.0,69600.0,69600.0,487200.0,1809600.0
2025-02-28,Makan & Minum Harian,69600.0,3.0,23200.0,88800.0,0.7837837837837838,4,28,2,9,2025-02,0,0,0,1,0,69600.0,69600.0,69600.0,487200.0,1879200.0
2025-03-01,Makan & Minum Harian,69600.0,3.0,23200.0,1693067.0,0.041108827943607665,5,1,3,9,2025-03,1,1,1,0,30,69600.0,69600.0,69600.0,487200.0,0.0
2025-03-02,Makan & Minum Harian,69600.0,3.0,23200.0,378700.0,0.18378663850013202,6,2,3,9,2025-03,1,1,0,0,29,69600.0,69600.0,69600.0,487200.0,69600.0
2025-03-03,Makan & Minum Harian,69600.0,3.0,23200.0,97500.0,0.7138461538461538,0,3,3,10,2025-03,0,1,0,0,28,69600.0,69600.0,69600.0,487200.0,139200.0
2025-03-04,Makan & Minum Harian,69600.0,3.0,23200.0,106300.0,0.6547507055503292,1,4,3,10,2025-03,0,0,0,0,27,69600.0,69600.0,69600.0,487200.0,208800.0
2025-03-05,Makan & Minum Harian,69600.0,3.0,23200.0,117800.0,0.5908319185059423,2,5,3,10,2025-03,0,0,0,0,26,69600.0,69600.0,69600.0,487200.0,278400.0
2025-03-06,Makan & Minum Harian,69600.0,3.0,23200.0,94400.0,0.7372881355932204,3,6,3,10,2025-03,0,0,0,0,25,69600.0,69600.0,69600.0,487200.0,348000.0
2025-03-07,Makan & Minum Harian,69600.0,3.0,23200.0,115800.0,0.6010362694300518,4,7,3,10,2025-03,0,0,0,0,24,69600.0,69600.0,69600.0,487200.0,417600.0
2025-03-08,Makan & Minum Harian,69600.0,3.0,23200.0,99700.0,0.6980942828485457,5,8,3,10,2025-03,1,0,0,0,23,69600.0,69600.0,69600.0,487200.0,487200.0
2025-03-09,Makan & Minum Harian,69600.0,3.0,23200.0,116000.0,0.6,6,9,3,10,2025-03,1,0,0,0,22,69600.0,69600.0,69600.0,487200.0,556800.0
2025-03-10,Makan & Minum Harian,69600.0,3.0,23200.0,104800.0,0.6641221374045801,0,10,3,11,2025-03,0,0,0,0,21,69600.0,69600.0,69600.0,487200.0,626400.0
2025-03-11,Makan & Minum Harian,69600.0,3.0,23200.0,88800.0,0.7837837837837838,1,11,3,11,2025-03,0,0,0,0,20,69600.0,69600.0,69600.0,487200.0,696000.0
2025-03-12,Makan & Minum Harian,69600.0,3.0,23200.0,113700.0,0.6121372031662269,2,12,3,11,2025-03,0,0,0,0,19,69600.0,69600.0,69600.0,487200.0,765600.0
2025-03-13,Makan & Minum Harian,69600.0,3.0,23200.0,88800.0,0.7837837837837838,3,13,3,11,2025-03,0,0,0,0,18,69600.0,69600.0,69600.0,487200.0,835200.0
2025-03-14,Makan & Minum Harian,69600.0,3.0,23200.0,88800.0,0.7837837837837838,4,14,3,11,2025-03,0,0,0,0,17,69600.0,69600.0,69600.0,487200.0,904800.0
2025-03-15,Makan & Minum Harian,69600.0,3.0,23200.0,97700.0,0.7123848515864892,5,15,3,11,2025-03,1,0,0,0,16,69600.0,69600.0,69600.0,487200.0,974400.0
2025-03-16,Makan & Minum Harian,69600.0,3.0,23200.0,118700.0,0.586352148272957,6,16,3,11,2025-03,1,0,0,0,15,69600.0,69600.0,69600.0,487200.0,1044000.0
2025-03-17,Makan & Minum Harian,69600.0,3.0,23200.0,88800.0,0.7837837837837838,0,17,3,12,2025-03,0,0,0,0,14,69600.0,69600.0,69600.0,487200.0,1113600.0
2025-03-18,Makan & Minum Harian,69600.0,3.0,23200.0,88800.0,0.7837837837837838,1,18,3,12,2025-03,0,0,0,0,13,69600.0,69600.0,69600.0,487200.0,1183200.0
2025-03-19,Makan & Minum Harian,69600.0,3.0,23200.0,118800.0,0.5858585858585859,2,19,3,12,2025-03,0,0,0,0,12,69600.0,69600.0,69600.0,487200.0,1252800.0
2025-03-20,Makan & Minum Harian,69600.0,3.0,23200.0,108200.0,0.6432532347504621,3,20,3,12,2025-03,0,0,0,0,11,69600.0,69600.0,69600.0,487200.0,1322400.0
2025-03-21,Makan & Minum Harian,69600.0,3.0,23200.0,111300.0,0.6253369272237197,4,21,3,12,2025-03,0,0,0,0,10,69600.0,69600.0,69600.0,487200.0,1392000.0
2025-03-22,Makan & Minum Harian,69600.0,3.0,23200.0,127700.0,0.5450274079874706,5,22,3,12,2025-03,1,0,0,0,9,69600.0,69600.0,69600.0,487200.0,1461600.0
2025-03-23,Makan & Minum Harian,69600.0,3.0,23200.0,88800.0,0.7837837837837838,6,23,3,12,2025-03,1,0,0,0,8,69600.0,69600.0,69600.0,487200.0,1531200.0
2025-03-24,Makan & Minum Harian,69600.0,3.0,23200.0,164300.0,0.42361533779671334,0,24,3,13,2025-03,0,0,0,0,7,69600.0,69600.0,69600.0,487200.0,1600800.0
2025-03-25,Makan & Minum Harian,69600.0,3.0,23200.0,88800.0,0.7837837837837838,1,25,3,13,2025-03,0,0,0,0,6,69600.0,69600.0,69600.0,487200.0,1670400.0
2025-03-26,Makan & Minum Harian,69600.0,3.0,23200.0,88800.0,0.7837837837837838,2,26,3,13,2025-03,0,0,0,0,5,69600.0,69600.0,69600.0,487200.0,1740000.0
2025-03-27,Makan & Minum Harian,69600.0,3.0,23200.0,88800.0,0.7837837837837838,3,27,3,13,2025-03,0,0,0,0,4,69600.0,69600.0,69600.0,487200.0,1809600.0
2025-03-28,Makan & Minum Harian,69600.0,3.0,23200.0,104400.0,0.6666666666666666,4,28,3,13,2025-03,0,0,0,0,3,69600.0,69600.0,69600.0,487200.0,1879200.0
2025-03-29,Makan & Minum Harian,69600.0,3.0,23200.0,101500.0,0.6857142857142857,5,29,3,13,2025-03,1,0,0,0,2,69600.0,69600.0,69600.0,487200.0,1948800.0
2025-03-30,Makan & Minum Harian,69600.0,3.0,23200.0,108300.0,0.6426592797783933,6,30,3,13,2025-03,1,0,0,0,1,69600.0,69600.0,69600.0,487200.0,2018400.0
2025-03-31,Makan & Minum Harian,69600.0,3.0,23200.0,88800.0,0.7837837837837838,0,31,3,14,2025-03,0,0,0,1,0,69600.0,69600.0,69600.0,487200.0,2088000.0
2025-04-01,Makan & Minum Harian,69600.0,3.0,23200.0,1698567.0,0.040975716589336776,1,1,4,14,2025-04,0,1,1,0,29,69600.0,69600.0,69600.0,487200.0,0.0
2025-04-02,Makan & Minum Harian,69600.0,3.0,23200.0,272500.0,0.25541284403669723,2,2,4,14,2025-04,0,1,0,0,28,69600.0,69600.0,69600.0,487200.0,69600.0
2025-04-03,Makan & Minum Harian,69600.0,3.0,23200.0,88800.0,0.7837837837837838,3,3,4,14,2025-04,0,1,0,0,27,69600.0,69600.0,69600.0,487200.0,139200.0
2025-04-04,Makan & Minum Harian,69600.0,3.0,23200.0,131100.0,0.5308924485125858,4,4,4,14,2025-04,0,0,0,0,26,69600.0,69600.0,69600.0,487200.0,208800.0
2025-04-05,Makan & Minum Harian,69600.0,3.0,23200.0,210700.0,0.33032747982914096,5,5,4,14,2025-04,1,0,0,0,25,69600.0,69600.0,69600.0,487200.0,278400.0
2025-04-06,Makan & Minum Harian,69600.0,3.0,23200.0,88800.0,0.7837837837837838,6,6,4,14,2025-04,1,0,0,0,24,69600.0,69600.0,69600.0,487200.0,348000.0
2025-04-07,Makan & Minum Harian,69600.0,3.0,23200.0,138700.0,0.501802451333814,0,7,4,15,2025-04,0,0,0,0,23,69600.0,69600.0,69600.0,487200.0,417600.0
2025-04-08,Makan & Minum Harian,69600.0,3.0,23200.0,103300.0,0.6737657308809293,1,8,4,15,2025-04,0,0,0,0,22,69600.0,69600.0,69600.0,487200.0,487200.0
2025-04-09,Makan & Minum Harian,69600.0,3.0,23200.0,137700.0,0.5054466230936819,2,9,4,15,2025-04,0,0,0,0,21,69600.0,69600.0,69600.0,487200.0,556800.0
2025-04-10,Makan & Minum Harian,69600.0,3.0,23200.0,118300.0,0.588334742180896,3,10,4,15,2025-04,0,0,0,0,20,69600.0,69600.0,69600.0,487200.0,626400.0
2025-04-11,Makan & Minum Harian,69600.0,3.0,23200.0,88800.0,0.7837837837837838,4,11,4,15,2025-04,0,0,0,0,19,69600.0,69600.0,69600.0,487200.0,696000.0
2025-04-12,Makan & Minum Harian,69600.0,3.0,23200.0,88800.0,0.7837837837837838,5,12,4,15,2025-04,1,0,0,0,18,69600.0,69600.0,69600.0,487200.0,765600.0
2025-04-13,Makan & Minum Harian,69600.0,3.0,23200.0,163300.0,0.4262094304960196,6,13,4,15,2025-04,1,0,0,0,17,69600.0,69600.0,69600.0,487200.0,835200.0
2025-04-14,Makan & Minum Harian,69600.0,3.0,23200.0,88800.0,0.7837837837837838,0,14,4,16,2025-04,0,0,0,0,16,69600.0,69600.0,69600.0,487200.0,904800.0
2025-04-15,Makan & Minum Harian,69600.0,3.0,23200.0,96300.0,0.7227414330218068,1,15,4,16,2025-04,0,0,0,0,15,69600.0,69600.0,69600.0,487200.0,974400.0
2025-04-16,Makan & Minum Harian,69600.0,3.0,23200.0,108600.0,0.6408839779005525,2,16,4,16,2025-04,0,0,0,0,14,69600.0,69600.0,69600.0,487200.0,1044000.0
2025-04-17,Makan & Minum Harian,69600.0,3.0,23200.0,88800.0,0.7837837837837838,3,17,4,16,2025-04,0,0,0,0,13,69600.0,69600.0,69600.0,487200.0,1113600.0
2025-04-18,Makan & Minum Harian,69600.0,3.0,23200.0,103700.0,0.6711668273866924,4,18,4,16,2025-04,0,0,0,0,12,69600.0,69600.0,69600.0,487200.0,1183200.0
2025-04-19,Makan & Minum Harian,69600.0,3.0,23200.0,177700.0,0.39167135621834553,5,19,4,16,2025-04,1,0,0,0,11,69600.0,69600.0,69600.0,487200.0,1252800.0
2025-04-20,Makan & Minum Harian,69600.0,3.0,23200.0,88800.0,0.7837837837837838,6,20,4,16,2025-04,1,0,0,0,10,69600.0,69600.0,69600.0,487200.0,1322400.0
2025-04-21,Makan & Minum Harian,69600.0,3.0,23200.0,110700.0,0.6287262872628726,0,21,4,17,2025-04,0,0,0,0,9,69600.0,69600.0,69600.0,487200.0,1392000.0
2025-04-22,Makan & Minum Harian,69600.0,3.0,23200.0,88800.0,0.7837837837837838,1,22,4,17,2025-04,0,0,0,0,8,69600.0,69600.0,69600.0,487200.0,1461600.0
2025-04-23,Makan & Minum Harian,69600.0,3.0,23200.0,88800.0,0.7837837837837838,2,23,4,17,2025-04,0,0,0,0,7,69600.0,69600.0,69600.0,487200.0,1531200.0
2025-04-24,Makan & Minum Harian,69600.0,3.0,23200.0,98800.0,0.7044534412955465,3,24,4,17,2025-04,0,0,0,0,6,69600.0,69600.0,69600.0,487200.0,1600800.0
2025-04-25,Makan & Minum Harian,69600.0,3.0,23200.0,101100.0,0.6884272997032641,4,25,4,17,2025-04,0,0,0,0,5,69600.0,69600.0,69600.0,487200.0,1670400.0
2025-04-26,Makan & Minum Harian,69600.0,3.0,23200.0,102300.0,0.6803519061583577,5,26,4,17,2025-04,1,0,0,0,4,69600.0,69600.0,69600.0,487200.0,1740000.0
2025-04-27,Makan & Minum Harian,69600.0,3.0,23200.0,88800.0,0.7837837837837838,6,27,4,17,2025-04,1,0,0,0,3,69600.0,69600.0,69600.0,487200.0,1809600.0
2025-04-28,Makan & Minum Harian,69600.0,3.0,23200.0,103000.0,0.6757281553398058,0,28,4,18,2025-04,0,0,0,0,2,69600.0,69600.0,69600.0,487200.0,1879200.0
2025-04-29,Makan & Minum Harian,69600.0,3.0,23200.0,109700.0,0.6344576116681859,1,29,4,18,2025-04,0,0,0,0,1,69600.0,69600.0,69600.0,487200.0,1948800.0
2025-04-30,Makan & Minum Harian,69600.0,3.0,23200.0,88800.0,0.7837837837837838,2,30,4,18,2025-04,0,0,0,1,0,69600.0,69600.0,69600.0,487200.0,2018400.0
2025-05-01,Makan & Minum Harian,69600.0,3.0,23200.0,1744867.0,0.03988842702624326,3,1,5,18,2025-05,0,1,1,0,30,69600.0,69600.0,69600.0,487200.0,0.0
2025-05-02,Makan & Minum Harian,69600.0,3.0,23200.0,88800.0,0.7837837837837838,4,2,5,18,2025-05,0,1,0,0,29,69600.0,69600.0,69600.0,487200.0,69600.0
2025-05-03,Makan & Minum Harian,69600.0,3.0,23200.0,103700.0,0.6711668273866924,5,3,5,18,2025-05,1,1,0,0,28,69600.0,69600.0,69600.0,487200.0,139200.0
2025-05-04,Makan & Minum Harian,69600.0,3.0,23200.0,117700.0,0.5913338997451147,6,4,5,18,2025-05,1,0,0,0,27,69600.0,69600.0,69600.0,487200.0,208800.0
2025-05-05,Makan & Minum Harian,69600.0,3.0,23200.0,198800.0,0.3501006036217304,0,5,5,19,2025-05,0,0,0,0,26,69600.0,69600.0,69600.0,487200.0,278400.0
2025-05-06,Makan & Minum Harian,69600.0,3.0,23200.0,112500.0,0.6186666666666667,1,6,5,19,2025-05,0,0,0,0,25,69600.0,69600.0,69600.0,487200.0,348000.0
2025-05-07,Makan & Minum Harian,69600.0,3.0,23200.0,133800.0,0.5201793721973094,2,7,5,19,2025-05,0,0,0,0,24,69600.0,69600.0,69600.0,487200.0,417600.0
2025-05-08,Makan & Minum Harian,69600.0,3.0,23200.0,156200.0,0.44558258642765686,3,8,5,19,2025-05,0,0,0,0,23,69600.0,69600.0,69600.0,487200.0,487200.0
2025-05-09,Makan & Minum Harian,69600.0,3.0,23200.0,100900.0,0.6897918731417245,4,9,5,19,2025-05,0,0,0,0,22,69600.0,69600.0,69600.0,487200.0,556800.0
2025-05-10,Makan & Minum Harian,69600.0,3.0,23200.0,88800.0,0.7837837837837838,5,10,5,19,2025-05,1,0,0,0,21,69600.0,69600.0,69600.0,487200.0,626400.0
2025-05-11,Makan & Minum Harian,69600.0,3.0,23200.0,110300.0,0.6310063463281959,6,11,5,19,2025-05,1,0,0,0,20,69600.0,69600.0,69600.0,487200.0,696000.0
2025-05-12,Makan & Minum Harian,69600.0,3.0,23200.0,88800.0,0.7837837837837838,0,12,5,20,2025-05,0,0,0,0,19,69600.0,69600.0,69600.0,487200.0,765600.0
2025-05-13,Makan & Minum Harian,69600.0,3.0,23200.0,114600.0,0.6073298429319371,1,13,5,20,2025-05,0,0,0,0,18,69600.0,69600.0,69600.0,487200.0,835200.0
2025-05-14,Makan & Minum Harian,69600.0,3.0,23200.0,129700.0,0.5366229760986893,2,14,5,20,2025-05,0,0,0,0,17,69600.0,69600.0,69600.0,487200.0,904800.0
2025-05-15,Makan & Minum Harian,69600.0,3.0,23200.0,88800.0,0.7837837837837838,3,15,5,20,2025-05,0,0,0,0,16,69600.0,69600.0,69600.0,487200.0,974400.0
2025-05-16,Makan & Minum Harian,69600.0,3.0,23200.0,88800.0,0.7837837837837838,4,16,5,20,2025-05,0,0,0,0,15,69600.0,69600.0,69600.0,487200.0,1044000.0
2025-05-17,Makan & Minum Harian,69600.0,3.0,23200.0,88800.0,0.7837837837837838,5,17,5,20,2025-05,1,0,0,0,14,69600.0,69600.0,69600.0,487200.0,1113600.0
2025-05-18,Makan & Minum Harian,69600.0,3.0,23200.0,88800.0,0.7837837837837838,6,18,5,20,2025-05,1,0,0,0,13,69600.0,69600.0,69600.0,487200.0,1183200.0
2025-05-19,Makan & Minum Harian,69600.0,3.0,23200.0,88800.0,0.7837837837837838,0,19,5,21,2025-05,0,0,0,0,12,69600.0,69600.0,69600.0,487200.0,1252800.0
2025-05-20,Makan & Minum Harian,69600.0,3.0,23200.0,88800.0,0.7837837837837838,1,20,5,21,2025-05,0,0,0,0,11,69600.0,69600.0,69600.0,487200.0,1322400.0
2025-05-21,Makan & Minum Harian,69600.0,3.0,23200.0,118700.0,0.586352148272957,2,21,5,21,2025-05,0,0,0,0,10,69600.0,69600.0,69600.0,487200.0,1392000.0
2025-05-22,Makan & Minum Harian,69600.0,3.0,23200.0,106700.0,0.6522961574507966,3,22,5,21,2025-05,0,0,0,0,9,69600.0,69600.0,69600.0,487200.0,1461600.0
2025-05-23,Makan & Minum Harian,69600.0,3.0,23200.0,88800.0,0.7837837837837838,4,23,5,21,2025-05,0,0,0,0,8,69600.0,69600.0,69600.0,487200.0,1531200.0
2025-05-24,Makan & Minum Harian,69600.0,3.0,23200.0,107700.0,0.6462395543175488,5,24,5,21,2025-05,1,0,0,0,7,69600.0,69600.0,69600.0,487200.0,1600800.0
2025-05-25,Makan & Minum Harian,69600.0,3.0,23200.0,94800.0,0.7341772151898734,6,25,5,21,2025-05,1,0,0,0,6,69600.0,69600.0,69600.0,487200.0,1670400.0
2025-05-26,Makan & Minum Harian,69600.0,3.0,23200.0,88800.0,0.7837837837837838,0,26,5,22,2025-05,0,0,0,0,5,69600.0,69600.0,69600.0,487200.0,1740000.0
2025-05-27,Makan & Minum Harian,69600.0,3.0,23200.0,88800.0,0.7837837837837838,1,27,5,22,2025-05,0,0,0,0,4,69600.0,69600.0,69600.0,487200.0,1809600.0
2025-05-28,Makan & Minum Harian,69600.0,3.0,23200.0,98700.0,0.7051671732522796,2,28,5,22,2025-05,0,0,0,0,3,69600.0,69600.0,69600.0,487200.0,1879200.0
2025-05-29,Makan & Minum Harian,69600.0,3.0,23200.0,88800.0,0.7837837837837838,3,29,5,22,2025-05,0,0,0,0,2,69600.0,69600.0,69600.0,487200.0,1948800.0
2025-05-30,Makan & Minum Harian,69600.0,3.0,23200.0,88800.0,0.7837837837837838,4,30,5,22,2025-05,0,0,0,0,1,69600.0,69600.0,69600.0,487200.0,2018400.0
2025-05-31,Makan & Minum Harian,69600.0,3.0,23200.0,88800.0,0.7837837837837838,5,31,5,22,2025-05,1,0,0,1,0,69600.0,69600.0,69600.0,487200.0,2088000.0
2025-06-01,Makan & Minum Harian,69600.0,3.0,23200.0,1830367.0,0.03802516107425451,6,1,6,22,2025-06,1,1,1,0,29,69600.0,69600.0,69600.0,487200.0,0.0
2025-06-02,Makan & Minum Harian,69600.0,3.0,23200.0,88800.0,0.7837837837837838,0,2,6,23,2025-06,0,1,0,0,28,69600.0,69600.0,69600.0,487200.0,69600.0
2025-06-03,Makan & Minum Harian,69600.0,3.0,23200.0,121200.0,0.5742574257425742,1,3,6,23,2025-06,0,1,0,0,27,69600.0,69600.0,69600.0,487200.0,139200.0
2025-06-04,Makan & Minum Harian,69600.0,3.0,23200.0,109300.0,0.636779505946935,2,4,6,23,2025-06,0,0,0,0,26,69600.0,69600.0,69600.0,487200.0,208800.0
2025-06-05,Makan & Minum Harian,69600.0,3.0,23200.0,88800.0,0.7837837837837838,3,5,6,23,2025-06,0,0,0,0,25,69600.0,69600.0,69600.0,487200.0,278400.0
2025-06-06,Makan & Minum Harian,69600.0,3.0,23200.0,106900.0,0.6510757717492984,4,6,6,23,2025-06,0,0,0,0,24,69600.0,69600.0,69600.0,487200.0,348000.0
2025-06-07,Makan & Minum Harian,69600.0,3.0,23200.0,96700.0,0.7197518097207859,5,7,6,23,2025-06,1,0,0,0,23,69600.0,69600.0,69600.0,487200.0,417600.0
2025-06-08,Makan & Minum Harian,69600.0,3.0,23200.0,125800.0,0.5532591414944356,6,8,6,23,2025-06,1,0,0,0,22,69600.0,69600.0,69600.0,487200.0,487200.0
2025-06-09,Makan & Minum Harian,69600.0,3.0,23200.0,103500.0,0.672463768115942,0,9,6,24,2025-06,0,0,0,0,21,69600.0,69600.0,69600.0,487200.0,556800.0
2025-06-10,Makan & Minum Harian,69600.0,3.0,23200.0,88800.0,0.7837837837837838,1,10,6,24,2025-06,0,0,0,0,20,69600.0,69600.0,69600.0,487200.0,626400.0
2025-06-11,Makan & Minum Harian,69600.0,3.0,23200.0,147400.0,0.47218453188602444,2,11,6,24,2025-06,0,0,0,0,19,69600.0,69600.0,69600.0,487200.0,696000.0
2025-06-12,Makan & Minum Harian,69600.0,3.0,23200.0,113700.0,0.6121372031662269,3,12,6,24,2025-06,0,0,0,0,18,69600.0,69600.0,69600.0,487200.0,765600.0
2025-06-13,Makan & Minum Harian,69600.0,3.0,23200.0,123500.0,0.5635627530364372,4,13,6,24,2025-06,0,0,0,0,17,69600.0,69600.0,69600.0,487200.0,835200.0
2025-06-14,Makan & Minum Harian,69600.0,3.0,23200.0,107700.0,0.6462395543175488,5,14,6,24,2025-06,1,0,0,0,16,69600.0,69600.0,69600.0,487200.0,904800.0
2025-06-15,Makan & Minum Harian,69600.0,3.0,23200.0,133800.0,0.5201793721973094,6,15,6,24,2025-06,1,0,0,0,15,69600.0,69600.0,69600.0,487200.0,974400.0
2025-06-16,Makan & Minum Harian,69600.0,3.0,23200.0,88800.0,0.7837837837837838,0,16,6,25,2025-06,0,0,0,0,14,69600.0,69600.0,69600.0,487200.0,1044000.0
2025-06-17,Makan & Minum Harian,69600.0,3.0,23200.0,100700.0,0.6911618669314796,1,17,6,25,2025-06,0,0,0,0,13,69600.0,69600.0,69600.0,487200.0,1113600.0
2025-06-18,Makan & Minum Harian,69600.0,3.0,23200.0,106300.0,0.6547507055503292,2,18,6,25,2025-06,0,0,0,0,12,69600.0,69600.0,69600.0,487200.0,1183200.0
2025-06-19,Makan & Minum Harian,69600.0,3.0,23200.0,149100.0,0.46680080482897385,3,19,6,25,2025-06,0,0,0,0,11,69600.0,69600.0,69600.0,487200.0,1252800.0
2025-06-20,Makan & Minum Harian,69600.0,3.0,23200.0,132000.0,0.5272727272727272,4,20,6,25,2025-06,0,0,0,0,10,69600.0,69600.0,69600.0,487200.0,1322400.0
2025-06-21,Makan & Minum Harian,69600.0,3.0,23200.0,88800.0,0.7837837837837838,5,21,6,25,2025-06,1,0,0,0,9,69600.0,69600.0,69600.0,487200.0,1392000.0
2025-06-22,Makan & Minum Harian,69600.0,3.0,23200.0,88800.0,0.7837837837837838,6,22,6,25,2025-06,1,0,0,0,8,69600.0,69600.0,69600.0,487200.0,1461600.0
2025-06-23,Makan & Minum Harian,69600.0,3.0,23200.0,88800.0,0.7837837837837838,0,23,6,26,2025-06,0,0,0,0,7,69600.0,69600.0,69600.0,487200.0,1531200.0
2025-06-24,Makan & Minum Harian,69600.0,3.0,23200.0,97700.0,0.7123848515864892,1,24,6,26,2025-06,0,0,0,0,6,69600.0,69600.0,69600.0,487200.0,1600800.0
2025-06-25,Makan & Minum Harian,69600.0,3.0,23200.0,88800.0,0.7837837837837838,2,25,6,26,2025-06,0,0,0,0,5,69600.0,69600.0,69600.0,487200.0,1670400.0
2025-06-26,Makan & Minum Harian,69600.0,3.0,23200.0,124700.0,0.5581395348837209,3,26,6,26,2025-06,0,0,0,0,4,69600.0,69600.0,69600.0,487200.0,1740000.0
2025-06-27,Makan & Minum Harian,69600.0,3.0,23200.0,88800.0,0.7837837837837838,4,27,6,26,2025-06,0,0,0,0,3,69600.0,69600.0,69600.0,487200.0,1809600.0
2025-06-28,Makan & Minum Harian,69600.0,3.0,23200.0,88800.0,0.7837837837837838,5,28,6,26,2025-06,1,0,0,0,2,69600.0,69600.0,69600.0,487200.0,1879200.0
2025-06-29,Makan & Minum Harian,69600.0,3.0,23200.0,88800.0,0.7837837837837838,6,29,6,26,2025-06,1,0,0,0,1,69600.0,69600.0,69600.0,487200.0,1948800.0
2025-01-01,Tagihan & Kewajiban,1596267.0,2.0,798133.5,1685067.0,0.9473017986821889,2,1,1,1,2025-01,0,1,1,0,30,0.0,0.0,0.0,0.0,0.0
2025-01-02,Tagihan & Kewajiban,0.0,0.0,0.0,88800.0,0.0,3,2,1,1,2025-01,0,1,0,0,29,1596267.0,0.0,1596267.0,1596267.0,1596267.0
2025-01-03,Tagihan & Kewajiban,0.0,0.0,0.0,109800.0,0.0,4,3,1,1,2025-01,0,1,0,0,28,0.0,0.0,798133.5,1596267.0,1596267.0
2025-01-04,Tagihan & Kewajiban,0.0,0.0,0.0,102700.0,0.0,5,4,1,1,2025-01,1,0,0,0,27,0.0,0.0,532089.0,1596267.0,1596267.0
2025-01-05,Tagihan & Kewajiban,0.0,0.0,0.0,114500.0,0.0,6,5,1,1,2025-01,1,0,0,0,26,0.0,0.0,399066.75,1596267.0,1596267.0
2025-01-06,Tagihan & Kewajiban,0.0,0.0,0.0,88800.0,0.0,0,6,1,2,2025-01,0,0,0,0,25,0.0,0.0,319253.4,1596267.0,1596267.0
2025-01-07,Tagihan & Kewajiban,0.0,0.0,0.0,88800.0,0.0,1,7,1,2,2025-01,0,0,0,0,24,0.0,0.0,266044.5,1596267.0,1596267.0
2025-01-08,Tagihan & Kewajiban,0.0,0.0,0.0,88800.0,0.0,2,8,1,2,2025-01,0,0,0,0,23,0.0,1596267.0,228038.14285714287,1596267.0,1596267.0
2025-01-09,Tagihan & Kewajiban,0.0,0.0,0.0,98700.0,0.0,3,9,1,2,2025-01,0,0,0,0,22,0.0,0.0,0.0,0.0,1596267.0
2025-01-10,Tagihan & Kewajiban,0.0,0.0,0.0,126700.0,0.0,4,10,1,2,2025-01,0,0,0,0,21,0.0,0.0,0.0,0.0,1596267.0
2025-01-11,Tagihan & Kewajiban,0.0,0.0,0.0,88800.0,0.0,5,11,1,2,2025-01,1,0,0,0,20,0.0,0.0,0.0,0.0,1596267.0
2025-01-12,Tagihan & Kewajiban,0.0,0.0,0.0,115000.0,0.0,6,12,1,2,2025-01,1,0,0,0,19,0.0,0.0,0.0,0.0,1596267.0
2025-01-13,Tagihan & Kewajiban,0.0,0.0,0.0,88800.0,0.0,0,13,1,3,2025-01,0,0,0,0,18,0.0,0.0,0.0,0.0,1596267.0
2025-01-14,Tagihan & Kewajiban,0.0,0.0,0.0,88800.0,0.0,1,14,1,3,2025-01,0,0,0,0,17,0.0,0.0,0.0,0.0,1596267.0
2025-01-15,Tagihan & Kewajiban,0.0,0.0,0.0,103700.0,0.0,2,15,1,3,2025-01,0,0,0,0,16,0.0,0.0,0.0,0.0,1596267.0
2025-01-16,Tagihan & Kewajiban,0.0,0.0,0.0,97700.0,0.0,3,16,1,3,2025-01,0,0,0,0,15,0.0,0.0,0.0,0.0,1596267.0
2025-01-17,Tagihan & Kewajiban,0.0,0.0,0.0,88800.0,0.0,4,17,1,3,2025-01,0,0,0,0,14,0.0,0.0,0.0,0.0,1596267.0
2025-01-18,Tagihan & Kewajiban,0.0,0.0,0.0,127800.0,0.0,5,18,1,3,2025-01,1,0,0,0,13,0.0,0.0,0.0,0.0,1596267.0
2025-01-19,Tagihan & Kewajiban,0.0,0.0,0.0,88800.0,0.0,6,19,1,3,2025-01,1,0,0,0,12,0.0,0.0,0.0,0.0,1596267.0
2025-01-20,Tagihan & Kewajiban,0.0,0.0,0.0,88800.0,0.0,0,20,1,4,2025-01,0,0,0,0,11,0.0,0.0,0.0,0.0,1596267.0
2025-01-21,Tagihan & Kewajiban,0.0,0.0,0.0,105800.0,0.0,1,21,1,4,2025-01,0,0,0,0,10,0.0,0.0,0.0,0.0,1596267.0
2025-01-22,Tagihan & Kewajiban,0.0,0.0,0.0,114300.0,0.0,2,22,1,4,2025-01,0,0,0,0,9,0.0,0.0,0.0,0.0,1596267.0
2025-01-23,Tagihan & Kewajiban,0.0,0.0,0.0,108700.0,0.0,3,23,1,4,2025-01,0,0,0,0,8,0.0,0.0,0.0,0.0,1596267.0
2025-01-24,Tagihan & Kewajiban,0.0,0.0,0.0,88800.0,0.0,4,24,1,4,2025-01,0,0,0,0,7,0.0,0.0,0.0,0.0,1596267.0
2025-01-25,Tagihan & Kewajiban,0.0,0.0,0.0,140700.0,0.0,5,25,1,4,2025-01,1,0,0,0,6,0.0,0.0,0.0,0.0,1596267.0
2025-01-26,Tagihan & Kewajiban,0.0,0.0,0.0,153800.0,0.0,6,26,1,4,2025-01,1,0,0,0,5,0.0,0.0,0.0,0.0,1596267.0
2025-01-27,Tagihan & Kewajiban,0.0,0.0,0.0,88800.0,0.0,0,27,1,5,2025-01,0,0,0,0,4,0.0,0.0,0.0,0.0,1596267.0
2025-01-28,Tagihan & Kewajiban,0.0,0.0,0.0,88800.0,0.0,1,28,1,5,2025-01,0,0,0,0,3,0.0,0.0,0.0,0.0,1596267.0
2025-01-29,Tagihan & Kewajiban,0.0,0.0,0.0,103700.0,0.0,2,29,1,5,2025-01,0,0,0,0,2,0.0,0.0,0.0,0.0,1596267.0
2025-01-30,Tagihan & Kewajiban,0.0,0.0,0.0,88800.0,0.0,3,30,1,5,2025-01,0,0,0,0,1,0.0,0.0,0.0,0.0,1596267.0
2025-01-31,Tagihan & Kewajiban,0.0,0.0,0.0,88800.0,0.0,4,31,1,5,2025-01,0,0,0,1,0,0.0,0.0,0.0,0.0,1596267.0
2025-02-01,Tagihan & Kewajiban,1596267.0,2.0,798133.5,1685067.0,0.9473017986821889,5,1,2,5,2025-02,1,1,1,0,27,0.0,0.0,0.0,0.0,0.0
2025-02-02,Tagihan & Kewajiban,0.0,0.0,0.0,104700.0,0.0,6,2,2,5,2025-02,1,1,0,0,26,1596267.0,0.0,228038.14285714287,1596267.0,1596267.0
2025-02-03,Tagihan & Kewajiban,0.0,0.0,0.0,93700.0,0.0,0,3,2,6,2025-02,0,1,0,0,25,0.0,0.0,228038.14285714287,1596267.0,1596267.0
2025-02-04,Tagihan & Kewajiban,0.0,0.0,0.0,158800.0,0.0,1,4,2,6,2025-02,0,0,0,0,24,0.0,0.0,228038.14285714287,1596267.0,1596267.0
2025-02-05,Tagihan & Kewajiban,0.0,0.0,0.0,88800.0,0.0,2,5,2,6,2025-02,0,0,0,0,23,0.0,0.0,228038.14285714287,1596267.0,1596267.0
2025-02-06,Tagihan & Kewajiban,0.0,0.0,0.0,125600.0,0.0,3,6,2,6,2025-02,0,0,0,0,22,0.0,0.0,228038.14285714287,1596267.0,1596267.0
2025-02-07,Tagihan & Kewajiban,0.0,0.0,0.0,95700.0,0.0,4,7,2,6,2025-02,0,0,0,0,21,0.0,0.0,228038.14285714287,1596267.0,1596267.0
2025-02-08,Tagihan & Kewajiban,0.0,0.0,0.0,88800.0,0.0,5,8,2,6,2025-02,1,0,0,0,20,0.0,1596267.0,228038.14285714287,1596267.0,1596267.0
2025-02-09,Tagihan & Kewajiban,0.0,0.0,0.0,97000.0,0.0,6,9,2,6,2025-02,1,0,0,0,19,0.0,0.0,0.0,0.0,1596267.0
2025-02-10,Tagihan & Kewajiban,0.0,0.0,0.0,88800.0,0.0,0,10,2,7,2025-02,0,0,0,0,18,0.0,0.0,0.0,0.0,1596267.0
2025-02-11,Tagihan & Kewajiban,0.0,0.0,0.0,103700.0,0.0,1,11,2,7,2025-02,0,0,0,0,17,0.0,0.0,0.0,0.0,1596267.0
2025-02-12,Tagihan & Kewajiban,0.0,0.0,0.0,88800.0,0.0,2,12,2,7,2025-02,0,0,0,0,16,0.0,0.0,0.0,0.0,1596267.0
2025-02-13,Tagihan & Kewajiban,0.0,0.0,0.0,152800.0,0.0,3,13,2,7,2025-02,0,0,0,0,15,0.0,0.0,0.0,0.0,1596267.0
2025-02-14,Tagihan & Kewajiban,0.0,0.0,0.0,88800.0,0.0,4,14,2,7,2025-02,0,0,0,0,14,0.0,0.0,0.0,0.0,1596267.0
2025-02-15,Tagihan & Kewajiban,0.0,0.0,0.0,106700.0,0.0,5,15,2,7,2025-02,1,0,0,0,13,0.0,0.0,0.0,0.0,1596267.0
2025-02-16,Tagihan & Kewajiban,0.0,0.0,0.0,134300.0,0.0,6,16,2,7,2025-02,1,0,0,0,12,0.0,0.0,0.0,0.0,1596267.0
2025-02-17,Tagihan & Kewajiban,0.0,0.0,0.0,88800.0,0.0,0,17,2,8,2025-02,0,0,0,0,11,0.0,0.0,0.0,0.0,1596267.0
2025-02-18,Tagihan & Kewajiban,0.0,0.0,0.0,114600.0,0.0,1,18,2,8,2025-02,0,0,0,0,10,0.0,0.0,0.0,0.0,1596267.0
2025-02-19,Tagihan & Kewajiban,0.0,0.0,0.0,103700.0,0.0,2,19,2,8,2025-02,0,0,0,0,9,0.0,0.0,0.0,0.0,1596267.0
2025-02-20,Tagihan & Kewajiban,0.0,0.0,0.0,149700.0,0.0,3,20,2,8,2025-02,0,0,0,0,8,0.0,0.0,0.0,0.0,1596267.0
2025-02-21,Tagihan & Kewajiban,0.0,0.0,0.0,104700.0,0.0,4,21,2,8,2025-02,0,0,0,0,7,0.0,0.0,0.0,0.0,1596267.0
2025-02-22,Tagihan & Kewajiban,0.0,0.0,0.0,88800.0,0.0,5,22,2,8,2025-02,1,0,0,0,6,0.0,0.0,0.0,0.0,1596267.0
2025-02-23,Tagihan & Kewajiban,0.0,0.0,0.0,134200.0,0.0,6,23,2,8,2025-02,1,0,0,0,5,0.0,0.0,0.0,0.0,1596267.0
2025-02-24,Tagihan & Kewajiban,0.0,0.0,0.0,112000.0,0.0,0,24,2,9,2025-02,0,0,0,0,4,0.0,0.0,0.0,0.0,1596267.0
2025-02-25,Tagihan & Kewajiban,0.0,0.0,0.0,88800.0,0.0,1,25,2,9,2025-02,0,0,0,0,3,0.0,0.0,0.0,0.0,1596267.0
2025-02-26,Tagihan & Kewajiban,0.0,0.0,0.0,159700.0,0.0,2,26,2,9,2025-02,0,0,0,0,2,0.0,0.0,0.0,0.0,1596267.0
2025-02-27,Tagihan & Kewajiban,0.0,0.0,0.0,88800.0,0.0,3,27,2,9,2025-02,0,0,0,0,1,0.0,0.0,0.0,0.0,1596267.0
2025-02-28,Tagihan & Kewajiban,0.0,0.0,0.0,88800.0,0.0,4,28,2,9,2025-02,0,0,0,1,0,0.0,0.0,0.0,0.0,1596267.0
2025-03-01,Tagihan & Kewajiban,1596267.0,2.0,798133.5,1693067.0,0.9428256530899249,5,1,3,9,2025-03,1,1,1,0,30,0.0,0.0,0.0,0.0,0.0
2025-03-02,Tagihan & Kewajiban,0.0,0.0,0.0,378700.0,0.0,6,2,3,9,2025-03,1,1,0,0,29,1596267.0,0.0,228038.14285714287,1596267.0,1596267.0
2025-03-03,Tagihan & Kewajiban,0.0,0.0,0.0,97500.0,0.0,0,3,3,10,2025-03,0,1,0,0,28,0.0,0.0,228038.14285714287,1596267.0,1596267.0
2025-03-04,Tagihan & Kewajiban,0.0,0.0,0.0,106300.0,0.0,1,4,3,10,2025-03,0,0,0,0,27,0.0,0.0,228038.14285714287,1596267.0,1596267.0
2025-03-05,Tagihan & Kewajiban,0.0,0.0,0.0,117800.0,0.0,2,5,3,10,2025-03,0,0,0,0,26,0.0,0.0,228038.14285714287,1596267.0,1596267.0
2025-03-06,Tagihan & Kewajiban,0.0,0.0,0.0,94400.0,0.0,3,6,3,10,2025-03,0,0,0,0,25,0.0,0.0,228038.14285714287,1596267.0,1596267.0
2025-03-07,Tagihan & Kewajiban,0.0,0.0,0.0,115800.0,0.0,4,7,3,10,2025-03,0,0,0,0,24,0.0,0.0,228038.14285714287,1596267.0,1596267.0
2025-03-08,Tagihan & Kewajiban,0.0,0.0,0.0,99700.0,0.0,5,8,3,10,2025-03,1,0,0,0,23,0.0,1596267.0,228038.14285714287,1596267.0,1596267.0
2025-03-09,Tagihan & Kewajiban,0.0,0.0,0.0,116000.0,0.0,6,9,3,10,2025-03,1,0,0,0,22,0.0,0.0,0.0,0.0,1596267.0
2025-03-10,Tagihan & Kewajiban,0.0,0.0,0.0,104800.0,0.0,0,10,3,11,2025-03,0,0,0,0,21,0.0,0.0,0.0,0.0,1596267.0
2025-03-11,Tagihan & Kewajiban,0.0,0.0,0.0,88800.0,0.0,1,11,3,11,2025-03,0,0,0,0,20,0.0,0.0,0.0,0.0,1596267.0
2025-03-12,Tagihan & Kewajiban,0.0,0.0,0.0,113700.0,0.0,2,12,3,11,2025-03,0,0,0,0,19,0.0,0.0,0.0,0.0,1596267.0
2025-03-13,Tagihan & Kewajiban,0.0,0.0,0.0,88800.0,0.0,3,13,3,11,2025-03,0,0,0,0,18,0.0,0.0,0.0,0.0,1596267.0
2025-03-14,Tagihan & Kewajiban,0.0,0.0,0.0,88800.0,0.0,4,14,3,11,2025-03,0,0,0,0,17,0.0,0.0,0.0,0.0,1596267.0
2025-03-15,Tagihan & Kewajiban,0.0,0.0,0.0,97700.0,0.0,5,15,3,11,2025-03,1,0,0,0,16,0.0,0.0,0.0,0.0,1596267.0
2025-03-16,Tagihan & Kewajiban,0.0,0.0,0.0,118700.0,0.0,6,16,3,11,2025-03,1,0,0,0,15,0.0,0.0,0.0,0.0,1596267.0
2025-03-17,Tagihan & Kewajiban,0.0,0.0,0.0,88800.0,0.0,0,17,3,12,2025-03,0,0,0,0,14,0.0,0.0,0.0,0.0,1596267.0
2025-03-18,Tagihan & Kewajiban,0.0,0.0,0.0,88800.0,0.0,1,18,3,12,2025-03,0,0,0,0,13,0.0,0.0,0.0,0.0,1596267.0
2025-03-19,Tagihan & Kewajiban,0.0,0.0,0.0,118800.0,0.0,2,19,3,12,2025-03,0,0,0,0,12,0.0,0.0,0.0,0.0,1596267.0
2025-03-20,Tagihan & Kewajiban,0.0,0.0,0.0,108200.0,0.0,3,20,3,12,2025-03,0,0,0,0,11,0.0,0.0,0.0,0.0,1596267.0
2025-03-21,Tagihan & Kewajiban,0.0,0.0,0.0,111300.0,0.0,4,21,3,12,2025-03,0,0,0,0,10,0.0,0.0,0.0,0.0,1596267.0
2025-03-22,Tagihan & Kewajiban,0.0,0.0,0.0,127700.0,0.0,5,22,3,12,2025-03,1,0,0,0,9,0.0,0.0,0.0,0.0,1596267.0
2025-03-23,Tagihan & Kewajiban,0.0,0.0,0.0,88800.0,0.0,6,23,3,12,2025-03,1,0,0,0,8,0.0,0.0,0.0,0.0,1596267.0
2025-03-24,Tagihan & Kewajiban,0.0,0.0,0.0,164300.0,0.0,0,24,3,13,2025-03,0,0,0,0,7,0.0,0.0,0.0,0.0,1596267.0
2025-03-25,Tagihan & Kewajiban,0.0,0.0,0.0,88800.0,0.0,1,25,3,13,2025-03,0,0,0,0,6,0.0,0.0,0.0,0.0,1596267.0
2025-03-26,Tagihan & Kewajiban,0.0,0.0,0.0,88800.0,0.0,2,26,3,13,2025-03,0,0,0,0,5,0.0,0.0,0.0,0.0,1596267.0
2025-03-27,Tagihan & Kewajiban,0.0,0.0,0.0,88800.0,0.0,3,27,3,13,2025-03,0,0,0,0,4,0.0,0.0,0.0,0.0,1596267.0
2025-03-28,Tagihan & Kewajiban,0.0,0.0,0.0,104400.0,0.0,4,28,3,13,2025-03,0,0,0,0,3,0.0,0.0,0.0,0.0,1596267.0
2025-03-29,Tagihan & Kewajiban,0.0,0.0,0.0,101500.0,0.0,5,29,3,13,2025-03,1,0,0,0,2,0.0,0.0,0.0,0.0,1596267.0
2025-03-30,Tagihan & Kewajiban,0.0,0.0,0.0,108300.0,0.0,6,30,3,13,2025-03,1,0,0,0,1,0.0,0.0,0.0,0.0,1596267.0
2025-03-31,Tagihan & Kewajiban,0.0,0.0,0.0,88800.0,0.0,0,31,3,14,2025-03,0,0,0,1,0,0.0,0.0,0.0,0.0,1596267.0
2025-04-01,Tagihan & Kewajiban,1596267.0,2.0,798133.5,1698567.0,0.9397727613923973,1,1,4,14,2025-04,0,1,1,0,29,0.0,0.0,0.0,0.0,0.0
2025-04-02,Tagihan & Kewajiban,0.0,0.0,0.0,272500.0,0.0,2,2,4,14,2025-04,0,1,0,0,28,1596267.0,0.0,228038.14285714287,1596267.0,1596267.0
2025-04-03,Tagihan & Kewajiban,0.0,0.0,0.0,88800.0,0.0,3,3,4,14,2025-04,0,1,0,0,27,0.0,0.0,228038.14285714287,1596267.0,1596267.0
2025-04-04,Tagihan & Kewajiban,0.0,0.0,0.0,131100.0,0.0,4,4,4,14,2025-04,0,0,0,0,26,0.0,0.0,228038.14285714287,1596267.0,1596267.0
2025-04-05,Tagihan & Kewajiban,0.0,0.0,0.0,210700.0,0.0,5,5,4,14,2025-04,1,0,0,0,25,0.0,0.0,228038.14285714287,1596267.0,1596267.0
2025-04-06,Tagihan & Kewajiban,0.0,0.0,0.0,88800.0,0.0,6,6,4,14,2025-04,1,0,0,0,24,0.0,0.0,228038.14285714287,1596267.0,1596267.0
2025-04-07,Tagihan & Kewajiban,0.0,0.0,0.0,138700.0,0.0,0,7,4,15,2025-04,0,0,0,0,23,0.0,0.0,228038.14285714287,1596267.0,1596267.0
2025-04-08,Tagihan & Kewajiban,0.0,0.0,0.0,103300.0,0.0,1,8,4,15,2025-04,0,0,0,0,22,0.0,1596267.0,228038.14285714287,1596267.0,1596267.0
2025-04-09,Tagihan & Kewajiban,0.0,0.0,0.0,137700.0,0.0,2,9,4,15,2025-04,0,0,0,0,21,0.0,0.0,0.0,0.0,1596267.0
2025-04-10,Tagihan & Kewajiban,0.0,0.0,0.0,118300.0,0.0,3,10,4,15,2025-04,0,0,0,0,20,0.0,0.0,0.0,0.0,1596267.0
2025-04-11,Tagihan & Kewajiban,0.0,0.0,0.0,88800.0,0.0,4,11,4,15,2025-04,0,0,0,0,19,0.0,0.0,0.0,0.0,1596267.0
2025-04-12,Tagihan & Kewajiban,0.0,0.0,0.0,88800.0,0.0,5,12,4,15,2025-04,1,0,0,0,18,0.0,0.0,0.0,0.0,1596267.0
2025-04-13,Tagihan & Kewajiban,0.0,0.0,0.0,163300.0,0.0,6,13,4,15,2025-04,1,0,0,0,17,0.0,0.0,0.0,0.0,1596267.0
2025-04-14,Tagihan & Kewajiban,0.0,0.0,0.0,88800.0,0.0,0,14,4,16,2025-04,0,0,0,0,16,0.0,0.0,0.0,0.0,1596267.0
2025-04-15,Tagihan & Kewajiban,0.0,0.0,0.0,96300.0,0.0,1,15,4,16,2025-04,0,0,0,0,15,0.0,0.0,0.0,0.0,1596267.0
2025-04-16,Tagihan & Kewajiban,0.0,0.0,0.0,108600.0,0.0,2,16,4,16,2025-04,0,0,0,0,14,0.0,0.0,0.0,0.0,1596267.0
2025-04-17,Tagihan & Kewajiban,0.0,0.0,0.0,88800.0,0.0,3,17,4,16,2025-04,0,0,0,0,13,0.0,0.0,0.0,0.0,1596267.0
2025-04-18,Tagihan & Kewajiban,0.0,0.0,0.0,103700.0,0.0,4,18,4,16,2025-04,0,0,0,0,12,0.0,0.0,0.0,0.0,1596267.0
2025-04-19,Tagihan & Kewajiban,0.0,0.0,0.0,177700.0,0.0,5,19,4,16,2025-04,1,0,0,0,11,0.0,0.0,0.0,0.0,1596267.0
2025-04-20,Tagihan & Kewajiban,0.0,0.0,0.0,88800.0,0.0,6,20,4,16,2025-04,1,0,0,0,10,0.0,0.0,0.0,0.0,1596267.0
2025-04-21,Tagihan & Kewajiban,0.0,0.0,0.0,110700.0,0.0,0,21,4,17,2025-04,0,0,0,0,9,0.0,0.0,0.0,0.0,1596267.0
2025-04-22,Tagihan & Kewajiban,0.0,0.0,0.0,88800.0,0.0,1,22,4,17,2025-04,0,0,0,0,8,0.0,0.0,0.0,0.0,1596267.0
2025-04-23,Tagihan & Kewajiban,0.0,0.0,0.0,88800.0,0.0,2,23,4,17,2025-04,0,0,0,0,7,0.0,0.0,0.0,0.0,1596267.0
2025-04-24,Tagihan & Kewajiban,0.0,0.0,0.0,98800.0,0.0,3,24,4,17,2025-04,0,0,0,0,6,0.0,0.0,0.0,0.0,1596267.0
2025-04-25,Tagihan & Kewajiban,0.0,0.0,0.0,101100.0,0.0,4,25,4,17,2025-04,0,0,0,0,5,0.0,0.0,0.0,0.0,1596267.0
2025-04-26,Tagihan & Kewajiban,0.0,0.0,0.0,102300.0,0.0,5,26,4,17,2025-04,1,0,0,0,4,0.0,0.0,0.0,0.0,1596267.0
2025-04-27,Tagihan & Kewajiban,0.0,0.0,0.0,88800.0,0.0,6,27,4,17,2025-04,1,0,0,0,3,0.0,0.0,0.0,0.0,1596267.0
2025-04-28,Tagihan & Kewajiban,0.0,0.0,0.0,103000.0,0.0,0,28,4,18,2025-04,0,0,0,0,2,0.0,0.0,0.0,0.0,1596267.0
2025-04-29,Tagihan & Kewajiban,0.0,0.0,0.0,109700.0,0.0,1,29,4,18,2025-04,0,0,0,0,1,0.0,0.0,0.0,0.0,1596267.0
2025-04-30,Tagihan & Kewajiban,0.0,0.0,0.0,88800.0,0.0,2,30,4,18,2025-04,0,0,0,1,0,0.0,0.0,0.0,0.0,1596267.0
2025-05-01,Tagihan & Kewajiban,1596267.0,2.0,798133.5,1744867.0,0.9148359158606358,3,1,5,18,2025-05,0,1,1,0,30,0.0,0.0,0.0,0.0,0.0
2025-05-02,Tagihan & Kewajiban,0.0,0.0,0.0,88800.0,0.0,4,2,5,18,2025-05,0,1,0,0,29,1596267.0,0.0,228038.14285714287,1596267.0,1596267.0
2025-05-03,Tagihan & Kewajiban,0.0,0.0,0.0,103700.0,0.0,5,3,5,18,2025-05,1,1,0,0,28,0.0,0.0,228038.14285714287,1596267.0,1596267.0
2025-05-04,Tagihan & Kewajiban,0.0,0.0,0.0,117700.0,0.0,6,4,5,18,2025-05,1,0,0,0,27,0.0,0.0,228038.14285714287,1596267.0,1596267.0
2025-05-05,Tagihan & Kewajiban,0.0,0.0,0.0,198800.0,0.0,0,5,5,19,2025-05,0,0,0,0,26,0.0,0.0,228038.14285714287,1596267.0,1596267.0
2025-05-06,Tagihan & Kewajiban,0.0,0.0,0.0,112500.0,0.0,1,6,5,19,2025-05,0,0,0,0,25,0.0,0.0,228038.14285714287,1596267.0,1596267.0
2025-05-07,Tagihan & Kewajiban,0.0,0.0,0.0,133800.0,0.0,2,7,5,19,2025-05,0,0,0,0,24,0.0,0.0,228038.14285714287,1596267.0,1596267.0
2025-05-08,Tagihan & Kewajiban,0.0,0.0,0.0,156200.0,0.0,3,8,5,19,2025-05,0,0,0,0,23,0.0,1596267.0,228038.14285714287,1596267.0,1596267.0
2025-05-09,Tagihan & Kewajiban,0.0,0.0,0.0,100900.0,0.0,4,9,5,19,2025-05,0,0,0,0,22,0.0,0.0,0.0,0.0,1596267.0
2025-05-10,Tagihan & Kewajiban,0.0,0.0,0.0,88800.0,0.0,5,10,5,19,2025-05,1,0,0,0,21,0.0,0.0,0.0,0.0,1596267.0
2025-05-11,Tagihan & Kewajiban,0.0,0.0,0.0,110300.0,0.0,6,11,5,19,2025-05,1,0,0,0,20,0.0,0.0,0.0,0.0,1596267.0
2025-05-12,Tagihan & Kewajiban,0.0,0.0,0.0,88800.0,0.0,0,12,5,20,2025-05,0,0,0,0,19,0.0,0.0,0.0,0.0,1596267.0
2025-05-13,Tagihan & Kewajiban,0.0,0.0,0.0,114600.0,0.0,1,13,5,20,2025-05,0,0,0,0,18,0.0,0.0,0.0,0.0,1596267.0
2025-05-14,Tagihan & Kewajiban,0.0,0.0,0.0,129700.0,0.0,2,14,5,20,2025-05,0,0,0,0,17,0.0,0.0,0.0,0.0,1596267.0
2025-05-15,Tagihan & Kewajiban,0.0,0.0,0.0,88800.0,0.0,3,15,5,20,2025-05,0,0,0,0,16,0.0,0.0,0.0,0.0,1596267.0
2025-05-16,Tagihan & Kewajiban,0.0,0.0,0.0,88800.0,0.0,4,16,5,20,2025-05,0,0,0,0,15,0.0,0.0,0.0,0.0,1596267.0
2025-05-17,Tagihan & Kewajiban,0.0,0.0,0.0,88800.0,0.0,5,17,5,20,2025-05,1,0,0,0,14,0.0,0.0,0.0,0.0,1596267.0
2025-05-18,Tagihan & Kewajiban,0.0,0.0,0.0,88800.0,0.0,6,18,5,20,2025-05,1,0,0,0,13,0.0,0.0,0.0,0.0,1596267.0
2025-05-19,Tagihan & Kewajiban,0.0,0.0,0.0,88800.0,0.0,0,19,5,21,2025-05,0,0,0,0,12,0.0,0.0,0.0,0.0,1596267.0
2025-05-20,Tagihan & Kewajiban,0.0,0.0,0.0,88800.0,0.0,1,20,5,21,2025-05,0,0,0,0,11,0.0,0.0,0.0,0.0,1596267.0
2025-05-21,Tagihan & Kewajiban,0.0,0.0,0.0,118700.0,0.0,2,21,5,21,2025-05,0,0,0,0,10,0.0,0.0,0.0,0.0,1596267.0
2025-05-22,Tagihan & Kewajiban,0.0,0.0,0.0,106700.0,0.0,3,22,5,21,2025-05,0,0,0,0,9,0.0,0.0,0.0,0.0,1596267.0
2025-05-23,Tagihan & Kewajiban,0.0,0.0,0.0,88800.0,0.0,4,23,5,21,2025-05,0,0,0,0,8,0.0,0.0,0.0,0.0,1596267.0
2025-05-24,Tagihan & Kewajiban,0.0,0.0,0.0,107700.0,0.0,5,24,5,21,2025-05,1,0,0,0,7,0.0,0.0,0.0,0.0,1596267.0
2025-05-25,Tagihan & Kewajiban,0.0,0.0,0.0,94800.0,0.0,6,25,5,21,2025-05,1,0,0,0,6,0.0,0.0,0.0,0.0,1596267.0
2025-05-26,Tagihan & Kewajiban,0.0,0.0,0.0,88800.0,0.0,0,26,5,22,2025-05,0,0,0,0,5,0.0,0.0,0.0,0.0,1596267.0
2025-05-27,Tagihan & Kewajiban,0.0,0.0,0.0,88800.0,0.0,1,27,5,22,2025-05,0,0,0,0,4,0.0,0.0,0.0,0.0,1596267.0
2025-05-28,Tagihan & Kewajiban,0.0,0.0,0.0,98700.0,0.0,2,28,5,22,2025-05,0,0,0,0,3,0.0,0.0,0.0,0.0,1596267.0
2025-05-29,Tagihan & Kewajiban,0.0,0.0,0.0,88800.0,0.0,3,29,5,22,2025-05,0,0,0,0,2,0.0,0.0,0.0,0.0,1596267.0
2025-05-30,Tagihan & Kewajiban,0.0,0.0,0.0,88800.0,0.0,4,30,5,22,2025-05,0,0,0,0,1,0.0,0.0,0.0,0.0,1596267.0
2025-05-31,Tagihan & Kewajiban,0.0,0.0,0.0,88800.0,0.0,5,31,5,22,2025-05,1,0,0,1,0,0.0,0.0,0.0,0.0,1596267.0
2025-06-01,Tagihan & Kewajiban,1596267.0,2.0,798133.5,1830367.0,0.8721021521913365,6,1,6,22,2025-06,1,1,1,0,29,0.0,0.0,0.0,0.0,0.0
2025-06-02,Tagihan & Kewajiban,0.0,0.0,0.0,88800.0,0.0,0,2,6,23,2025-06,0,1,0,0,28,1596267.0,0.0,228038.14285714287,1596267.0,1596267.0
2025-06-03,Tagihan & Kewajiban,0.0,0.0,0.0,121200.0,0.0,1,3,6,23,2025-06,0,1,0,0,27,0.0,0.0,228038.14285714287,1596267.0,1596267.0
2025-06-04,Tagihan & Kewajiban,0.0,0.0,0.0,109300.0,0.0,2,4,6,23,2025-06,0,0,0,0,26,0.0,0.0,228038.14285714287,1596267.0,1596267.0
2025-06-05,Tagihan & Kewajiban,0.0,0.0,0.0,88800.0,0.0,3,5,6,23,2025-06,0,0,0,0,25,0.0,0.0,228038.14285714287,1596267.0,1596267.0
2025-06-06,Tagihan & Kewajiban,0.0,0.0,0.0,106900.0,0.0,4,6,6,23,2025-06,0,0,0,0,24,0.0,0.0,228038.14285714287,1596267.0,1596267.0
2025-06-07,Tagihan & Kewajiban,0.0,0.0,0.0,96700.0,0.0,5,7,6,23,2025-06,1,0,0,0,23,0.0,0.0,228038.14285714287,1596267.0,1596267.0
2025-06-08,Tagihan & Kewajiban,0.0,0.0,0.0,125800.0,0.0,6,8,6,23,2025-06,1,0,0,0,22,0.0,1596267.0,228038.14285714287,1596267.0,1596267.0
2025-06-09,Tagihan & Kewajiban,0.0,0.0,0.0,103500.0,0.0,0,9,6,24,2025-06,0,0,0,0,21,0.0,0.0,0.0,0.0,1596267.0
2025-06-10,Tagihan & Kewajiban,0.0,0.0,0.0,88800.0,0.0,1,10,6,24,2025-06,0,0,0,0,20,0.0,0.0,0.0,0.0,1596267.0
2025-06-11,Tagihan & Kewajiban,0.0,0.0,0.0,147400.0,0.0,2,11,6,24,2025-06,0,0,0,0,19,0.0,0.0,0.0,0.0,1596267.0
2025-06-12,Tagihan & Kewajiban,0.0,0.0,0.0,113700.0,0.0,3,12,6,24,2025-06,0,0,0,0,18,0.0,0.0,0.0,0.0,1596267.0
2025-06-13,Tagihan & Kewajiban,0.0,0.0,0.0,123500.0,0.0,4,13,6,24,2025-06,0,0,0,0,17,0.0,0.0,0.0,0.0,1596267.0
2025-06-14,Tagihan & Kewajiban,0.0,0.0,0.0,107700.0,0.0,5,14,6,24,2025-06,1,0,0,0,16,0.0,0.0,0.0,0.0,1596267.0
2025-06-15,Tagihan & Kewajiban,0.0,0.0,0.0,133800.0,0.0,6,15,6,24,2025-06,1,0,0,0,15,0.0,0.0,0.0,0.0,1596267.0
2025-06-16,Tagihan & Kewajiban,0.0,0.0,0.0,88800.0,0.0,0,16,6,25,2025-06,0,0,0,0,14,0.0,0.0,0.0,0.0,1596267.0
2025-06-17,Tagihan & Kewajiban,0.0,0.0,0.0,100700.0,0.0,1,17,6,25,2025-06,0,0,0,0,13,0.0,0.0,0.0,0.0,1596267.0
2025-06-18,Tagihan & Kewajiban,0.0,0.0,0.0,106300.0,0.0,2,18,6,25,2025-06,0,0,0,0,12,0.0,0.0,0.0,0.0,1596267.0
2025-06-19,Tagihan & Kewajiban,0.0,0.0,0.0,149100.0,0.0,3,19,6,25,2025-06,0,0,0,0,11,0.0,0.0,0.0,0.0,1596267.0
2025-06-20,Tagihan & Kewajiban,0.0,0.0,0.0,132000.0,0.0,4,20,6,25,2025-06,0,0,0,0,10,0.0,0.0,0.0,0.0,1596267.0
2025-06-21,Tagihan & Kewajiban,0.0,0.0,0.0,88800.0,0.0,5,21,6,25,2025-06,1,0,0,0,9,0.0,0.0,0.0,0.0,1596267.0
2025-06-22,Tagihan & Kewajiban,0.0,0.0,0.0,88800.0,0.0,6,22,6,25,2025-06,1,0,0,0,8,0.0,0.0,0.0,0.0,1596267.0
2025-06-23,Tagihan & Kewajiban,0.0,0.0,0.0,88800.0,0.0,0,23,6,26,2025-06,0,0,0,0,7,0.0,0.0,0.0,0.0,1596267.0
2025-06-24,Tagihan & Kewajiban,0.0,0.0,0.0,97700.0,0.0,1,24,6,26,2025-06,0,0,0,0,6,0.0,0.0,0.0,0.0,1596267.0
2025-06-25,Tagihan & Kewajiban,0.0,0.0,0.0,88800.0,0.0,2,25,6,26,2025-06,0,0,0,0,5,0.0,0.0,0.0,0.0,1596267.0
2025-06-26,Tagihan & Kewajiban,0.0,0.0,0.0,124700.0,0.0,3,26,6,26,2025-06,0,0,0,0,4,0.0,0.0,0.0,0.0,1596267.0
2025-06-27,Tagihan & Kewajiban,0.0,0.0,0.0,88800.0,0.0,4,27,6,26,2025-06,0,0,0,0,3,0.0,0.0,0.0,0.0,1596267.0
2025-06-28,Tagihan & Kewajiban,0.0,0.0,0.0,88800.0,0.0,5,28,6,26,2025-06,1,0,0,0,2,0.0,0.0,0.0,0.0,1596267.0
2025-06-29,Tagihan & Kewajiban,0.0,0.0,0.0,88800.0,0.0,6,29,6,26,2025-06,1,0,0,0,1,0.0,0.0,0.0,0.0,1596267.0
2025-01-01,Transportasi & Rutinitas,19200.0,2.0,9600.0,1685067.0,0.011394205690337536,2,1,1,1,2025-01,0,1,1,0,30,0.0,0.0,0.0,0.0,0.0
2025-01-02,Transportasi & Rutinitas,19200.0,2.0,9600.0,88800.0,0.21621621621621623,3,2,1,1,2025-01,0,1,0,0,29,19200.0,0.0,19200.0,19200.0,19200.0
2025-01-03,Transportasi & Rutinitas,19200.0,2.0,9600.0,109800.0,0.17486338797814208,4,3,1,1,2025-01,0,1,0,0,28,19200.0,0.0,19200.0,38400.0,38400.0
2025-01-04,Transportasi & Rutinitas,19200.0,2.0,9600.0,102700.0,0.186952288218111,5,4,1,1,2025-01,1,0,0,0,27,19200.0,0.0,19200.0,57600.0,57600.0
2025-01-05,Transportasi & Rutinitas,19200.0,2.0,9600.0,114500.0,0.16768558951965065,6,5,1,1,2025-01,1,0,0,0,26,19200.0,0.0,19200.0,76800.0,76800.0
2025-01-06,Transportasi & Rutinitas,19200.0,2.0,9600.0,88800.0,0.21621621621621623,0,6,1,2,2025-01,0,0,0,0,25,19200.0,0.0,19200.0,96000.0,96000.0
2025-01-07,Transportasi & Rutinitas,19200.0,2.0,9600.0,88800.0,0.21621621621621623,1,7,1,2,2025-01,0,0,0,0,24,19200.0,0.0,19200.0,115200.0,115200.0
2025-01-08,Transportasi & Rutinitas,19200.0,2.0,9600.0,88800.0,0.21621621621621623,2,8,1,2,2025-01,0,0,0,0,23,19200.0,19200.0,19200.0,134400.0,134400.0
2025-01-09,Transportasi & Rutinitas,19200.0,2.0,9600.0,98700.0,0.1945288753799392,3,9,1,2,2025-01,0,0,0,0,22,19200.0,19200.0,19200.0,134400.0,153600.0
2025-01-10,Transportasi & Rutinitas,19200.0,2.0,9600.0,126700.0,0.1515390686661405,4,10,1,2,2025-01,0,0,0,0,21,19200.0,19200.0,19200.0,134400.0,172800.0
2025-01-11,Transportasi & Rutinitas,19200.0,2.0,9600.0,88800.0,0.21621621621621623,5,11,1,2,2025-01,1,0,0,0,20,19200.0,19200.0,19200.0,134400.0,192000.0
2025-01-12,Transportasi & Rutinitas,19200.0,2.0,9600.0,115000.0,0.16695652173913045,6,12,1,2,2025-01,1,0,0,0,19,19200.0,19200.0,19200.0,134400.0,211200.0
2025-01-13,Transportasi & Rutinitas,19200.0,2.0,9600.0,88800.0,0.21621621621621623,0,13,1,3,2025-01,0,0,0,0,18,19200.0,19200.0,19200.0,134400.0,230400.0
2025-01-14,Transportasi & Rutinitas,19200.0,2.0,9600.0,88800.0,0.21621621621621623,1,14,1,3,2025-01,0,0,0,0,17,19200.0,19200.0,19200.0,134400.0,249600.0
2025-01-15,Transportasi & Rutinitas,19200.0,2.0,9600.0,103700.0,0.18514946962391515,2,15,1,3,2025-01,0,0,0,0,16,19200.0,19200.0,19200.0,134400.0,268800.0
2025-01-16,Transportasi & Rutinitas,19200.0,2.0,9600.0,97700.0,0.19651995905834185,3,16,1,3,2025-01,0,0,0,0,15,19200.0,19200.0,19200.0,134400.0,288000.0
2025-01-17,Transportasi & Rutinitas,19200.0,2.0,9600.0,88800.0,0.21621621621621623,4,17,1,3,2025-01,0,0,0,0,14,19200.0,19200.0,19200.0,134400.0,307200.0
2025-01-18,Transportasi & Rutinitas,19200.0,2.0,9600.0,127800.0,0.15023474178403756,5,18,1,3,2025-01,1,0,0,0,13,19200.0,19200.0,19200.0,134400.0,326400.0
2025-01-19,Transportasi & Rutinitas,19200.0,2.0,9600.0,88800.0,0.21621621621621623,6,19,1,3,2025-01,1,0,0,0,12,19200.0,19200.0,19200.0,134400.0,345600.0
2025-01-20,Transportasi & Rutinitas,19200.0,2.0,9600.0,88800.0,0.21621621621621623,0,20,1,4,2025-01,0,0,0,0,11,19200.0,19200.0,19200.0,134400.0,364800.0
2025-01-21,Transportasi & Rutinitas,19200.0,2.0,9600.0,105800.0,0.18147448015122875,1,21,1,4,2025-01,0,0,0,0,10,19200.0,19200.0,19200.0,134400.0,384000.0
2025-01-22,Transportasi & Rutinitas,19200.0,2.0,9600.0,114300.0,0.1679790026246719,2,22,1,4,2025-01,0,0,0,0,9,19200.0,19200.0,19200.0,134400.0,403200.0
2025-01-23,Transportasi & Rutinitas,19200.0,2.0,9600.0,108700.0,0.1766329346826127,3,23,1,4,2025-01,0,0,0,0,8,19200.0,19200.0,19200.0,134400.0,422400.0
2025-01-24,Transportasi & Rutinitas,19200.0,2.0,9600.0,88800.0,0.21621621621621623,4,24,1,4,2025-01,0,0,0,0,7,19200.0,19200.0,19200.0,134400.0,441600.0
2025-01-25,Transportasi & Rutinitas,19200.0,2.0,9600.0,140700.0,0.13646055437100213,5,25,1,4,2025-01,1,0,0,0,6,19200.0,19200.0,19200.0,134400.0,460800.0
2025-01-26,Transportasi & Rutinitas,19200.0,2.0,9600.0,153800.0,0.12483745123537061,6,26,1,4,2025-01,1,0,0,0,5,19200.0,19200.0,19200.0,134400.0,480000.0
2025-01-27,Transportasi & Rutinitas,19200.0,2.0,9600.0,88800.0,0.21621621621621623,0,27,1,5,2025-01,0,0,0,0,4,19200.0,19200.0,19200.0,134400.0,499200.0
2025-01-28,Transportasi & Rutinitas,19200.0,2.0,9600.0,88800.0,0.21621621621621623,1,28,1,5,2025-01,0,0,0,0,3,19200.0,19200.0,19200.0,134400.0,518400.0
2025-01-29,Transportasi & Rutinitas,19200.0,2.0,9600.0,103700.0,0.18514946962391515,2,29,1,5,2025-01,0,0,0,0,2,19200.0,19200.0,19200.0,134400.0,537600.0
2025-01-30,Transportasi & Rutinitas,19200.0,2.0,9600.0,88800.0,0.21621621621621623,3,30,1,5,2025-01,0,0,0,0,1,19200.0,19200.0,19200.0,134400.0,556800.0
2025-01-31,Transportasi & Rutinitas,19200.0,2.0,9600.0,88800.0,0.21621621621621623,4,31,1,5,2025-01,0,0,0,1,0,19200.0,19200.0,19200.0,134400.0,576000.0
2025-02-01,Transportasi & Rutinitas,19200.0,2.0,9600.0,1685067.0,0.011394205690337536,5,1,2,5,2025-02,1,1,1,0,27,19200.0,19200.0,19200.0,134400.0,0.0
2025-02-02,Transportasi & Rutinitas,19200.0,2.0,9600.0,104700.0,0.1833810888252149,6,2,2,5,2025-02,1,1,0,0,26,19200.0,19200.0,19200.0,134400.0,19200.0
2025-02-03,Transportasi & Rutinitas,19200.0,2.0,9600.0,93700.0,0.20490928495197439,0,3,2,6,2025-02,0,1,0,0,25,19200.0,19200.0,19200.0,134400.0,38400.0
2025-02-04,Transportasi & Rutinitas,19200.0,2.0,9600.0,158800.0,0.12090680100755667,1,4,2,6,2025-02,0,0,0,0,24,19200.0,19200.0,19200.0,134400.0,57600.0
2025-02-05,Transportasi & Rutinitas,19200.0,2.0,9600.0,88800.0,0.21621621621621623,2,5,2,6,2025-02,0,0,0,0,23,19200.0,19200.0,19200.0,134400.0,76800.0
2025-02-06,Transportasi & Rutinitas,19200.0,2.0,9600.0,125600.0,0.15286624203821655,3,6,2,6,2025-02,0,0,0,0,22,19200.0,19200.0,19200.0,134400.0,96000.0
2025-02-07,Transportasi & Rutinitas,19200.0,2.0,9600.0,95700.0,0.2006269592476489,4,7,2,6,2025-02,0,0,0,0,21,19200.0,19200.0,19200.0,134400.0,115200.0
2025-02-08,Transportasi & Rutinitas,19200.0,2.0,9600.0,88800.0,0.21621621621621623,5,8,2,6,2025-02,1,0,0,0,20,19200.0,19200.0,19200.0,134400.0,134400.0
2025-02-09,Transportasi & Rutinitas,19200.0,2.0,9600.0,97000.0,0.1979381443298969,6,9,2,6,2025-02,1,0,0,0,19,19200.0,19200.0,19200.0,134400.0,153600.0
2025-02-10,Transportasi & Rutinitas,19200.0,2.0,9600.0,88800.0,0.21621621621621623,0,10,2,7,2025-02,0,0,0,0,18,19200.0,19200.0,19200.0,134400.0,172800.0
2025-02-11,Transportasi & Rutinitas,19200.0,2.0,9600.0,103700.0,0.18514946962391515,1,11,2,7,2025-02,0,0,0,0,17,19200.0,19200.0,19200.0,134400.0,192000.0
2025-02-12,Transportasi & Rutinitas,19200.0,2.0,9600.0,88800.0,0.21621621621621623,2,12,2,7,2025-02,0,0,0,0,16,19200.0,19200.0,19200.0,134400.0,211200.0
2025-02-13,Transportasi & Rutinitas,19200.0,2.0,9600.0,152800.0,0.1256544502617801,3,13,2,7,2025-02,0,0,0,0,15,19200.0,19200.0,19200.0,134400.0,230400.0
2025-02-14,Transportasi & Rutinitas,19200.0,2.0,9600.0,88800.0,0.21621621621621623,4,14,2,7,2025-02,0,0,0,0,14,19200.0,19200.0,19200.0,134400.0,249600.0
2025-02-15,Transportasi & Rutinitas,19200.0,2.0,9600.0,106700.0,0.17994376757263356,5,15,2,7,2025-02,1,0,0,0,13,19200.0,19200.0,19200.0,134400.0,268800.0
2025-02-16,Transportasi & Rutinitas,19200.0,2.0,9600.0,134300.0,0.14296351451973194,6,16,2,7,2025-02,1,0,0,0,12,19200.0,19200.0,19200.0,134400.0,288000.0
2025-02-17,Transportasi & Rutinitas,19200.0,2.0,9600.0,88800.0,0.21621621621621623,0,17,2,8,2025-02,0,0,0,0,11,19200.0,19200.0,19200.0,134400.0,307200.0
2025-02-18,Transportasi & Rutinitas,19200.0,2.0,9600.0,114600.0,0.16753926701570682,1,18,2,8,2025-02,0,0,0,0,10,19200.0,19200.0,19200.0,134400.0,326400.0
2025-02-19,Transportasi & Rutinitas,19200.0,2.0,9600.0,103700.0,0.18514946962391515,2,19,2,8,2025-02,0,0,0,0,9,19200.0,19200.0,19200.0,134400.0,345600.0
2025-02-20,Transportasi & Rutinitas,19200.0,2.0,9600.0,149700.0,0.1282565130260521,3,20,2,8,2025-02,0,0,0,0,8,19200.0,19200.0,19200.0,134400.0,364800.0
2025-02-21,Transportasi & Rutinitas,19200.0,2.0,9600.0,104700.0,0.1833810888252149,4,21,2,8,2025-02,0,0,0,0,7,19200.0,19200.0,19200.0,134400.0,384000.0
2025-02-22,Transportasi & Rutinitas,19200.0,2.0,9600.0,88800.0,0.21621621621621623,5,22,2,8,2025-02,1,0,0,0,6,19200.0,19200.0,19200.0,134400.0,403200.0
2025-02-23,Transportasi & Rutinitas,19200.0,2.0,9600.0,134200.0,0.14307004470938897,6,23,2,8,2025-02,1,0,0,0,5,19200.0,19200.0,19200.0,134400.0,422400.0
2025-02-24,Transportasi & Rutinitas,19200.0,2.0,9600.0,112000.0,0.17142857142857143,0,24,2,9,2025-02,0,0,0,0,4,19200.0,19200.0,19200.0,134400.0,441600.0
2025-02-25,Transportasi & Rutinitas,19200.0,2.0,9600.0,88800.0,0.21621621621621623,1,25,2,9,2025-02,0,0,0,0,3,19200.0,19200.0,19200.0,134400.0,460800.0
2025-02-26,Transportasi & Rutinitas,19200.0,2.0,9600.0,159700.0,0.12022542266750157,2,26,2,9,2025-02,0,0,0,0,2,19200.0,19200.0,19200.0,134400.0,480000.0
2025-02-27,Transportasi & Rutinitas,19200.0,2.0,9600.0,88800.0,0.21621621621621623,3,27,2,9,2025-02,0,0,0,0,1,19200.0,19200.0,19200.0,134400.0,499200.0
2025-02-28,Transportasi & Rutinitas,19200.0,2.0,9600.0,88800.0,0.21621621621621623,4,28,2,9,2025-02,0,0,0,1,0,19200.0,19200.0,19200.0,134400.0,518400.0
2025-03-01,Transportasi & Rutinitas,19200.0,2.0,9600.0,1693067.0,0.01134036632927108,5,1,3,9,2025-03,1,1,1,0,30,19200.0,19200.0,19200.0,134400.0,0.0
2025-03-02,Transportasi & Rutinitas,19200.0,2.0,9600.0,378700.0,0.05069976234486401,6,2,3,9,2025-03,1,1,0,0,29,19200.0,19200.0,19200.0,134400.0,19200.0
2025-03-03,Transportasi & Rutinitas,19200.0,2.0,9600.0,97500.0,0.19692307692307692,0,3,3,10,2025-03,0,1,0,0,28,19200.0,19200.0,19200.0,134400.0,38400.0
2025-03-04,Transportasi & Rutinitas,19200.0,2.0,9600.0,106300.0,0.18062088428974601,1,4,3,10,2025-03,0,0,0,0,27,19200.0,19200.0,19200.0,134400.0,57600.0
2025-03-05,Transportasi & Rutinitas,19200.0,2.0,9600.0,117800.0,0.16298811544991512,2,5,3,10,2025-03,0,0,0,0,26,19200.0,19200.0,19200.0,134400.0,76800.0
2025-03-06,Transportasi & Rutinitas,19200.0,2.0,9600.0,94400.0,0.2033898305084746,3,6,3,10,2025-03,0,0,0,0,25,19200.0,19200.0,19200.0,134400.0,96000.0
2025-03-07,Transportasi & Rutinitas,19200.0,2.0,9600.0,115800.0,0.16580310880829016,4,7,3,10,2025-03,0,0,0,0,24,19200.0,19200.0,19200.0,134400.0,115200.0
2025-03-08,Transportasi & Rutinitas,19200.0,2.0,9600.0,99700.0,0.19257773319959878,5,8,3,10,2025-03,1,0,0,0,23,19200.0,19200.0,19200.0,134400.0,134400.0
2025-03-09,Transportasi & Rutinitas,19200.0,2.0,9600.0,116000.0,0.16551724137931034,6,9,3,10,2025-03,1,0,0,0,22,19200.0,19200.0,19200.0,134400.0,153600.0
2025-03-10,Transportasi & Rutinitas,19200.0,2.0,9600.0,104800.0,0.183206106870229,0,10,3,11,2025-03,0,0,0,0,21,19200.0,19200.0,19200.0,134400.0,172800.0
2025-03-11,Transportasi & Rutinitas,19200.0,2.0,9600.0,88800.0,0.21621621621621623,1,11,3,11,2025-03,0,0,0,0,20,19200.0,19200.0,19200.0,134400.0,192000.0
2025-03-12,Transportasi & Rutinitas,19200.0,2.0,9600.0,113700.0,0.16886543535620052,2,12,3,11,2025-03,0,0,0,0,19,19200.0,19200.0,19200.0,134400.0,211200.0
2025-03-13,Transportasi & Rutinitas,19200.0,2.0,9600.0,88800.0,0.21621621621621623,3,13,3,11,2025-03,0,0,0,0,18,19200.0,19200.0,19200.0,134400.0,230400.0
2025-03-14,Transportasi & Rutinitas,19200.0,2.0,9600.0,88800.0,0.21621621621621623,4,14,3,11,2025-03,0,0,0,0,17,19200.0,19200.0,19200.0,134400.0,249600.0
2025-03-15,Transportasi & Rutinitas,19200.0,2.0,9600.0,97700.0,0.19651995905834185,5,15,3,11,2025-03,1,0,0,0,16,19200.0,19200.0,19200.0,134400.0,268800.0
2025-03-16,Transportasi & Rutinitas,19200.0,2.0,9600.0,118700.0,0.16175231676495366,6,16,3,11,2025-03,1,0,0,0,15,19200.0,19200.0,19200.0,134400.0,288000.0
2025-03-17,Transportasi & Rutinitas,19200.0,2.0,9600.0,88800.0,0.21621621621621623,0,17,3,12,2025-03,0,0,0,0,14,19200.0,19200.0,19200.0,134400.0,307200.0
2025-03-18,Transportasi & Rutinitas,19200.0,2.0,9600.0,88800.0,0.21621621621621623,1,18,3,12,2025-03,0,0,0,0,13,19200.0,19200.0,19200.0,134400.0,326400.0
2025-03-19,Transportasi & Rutinitas,19200.0,2.0,9600.0,118800.0,0.16161616161616163,2,19,3,12,2025-03,0,0,0,0,12,19200.0,19200.0,19200.0,134400.0,345600.0
2025-03-20,Transportasi & Rutinitas,19200.0,2.0,9600.0,108200.0,0.17744916820702403,3,20,3,12,2025-03,0,0,0,0,11,19200.0,19200.0,19200.0,134400.0,364800.0
2025-03-21,Transportasi & Rutinitas,19200.0,2.0,9600.0,111300.0,0.1725067385444744,4,21,3,12,2025-03,0,0,0,0,10,19200.0,19200.0,19200.0,134400.0,384000.0
2025-03-22,Transportasi & Rutinitas,19200.0,2.0,9600.0,127700.0,0.15035238841033674,5,22,3,12,2025-03,1,0,0,0,9,19200.0,19200.0,19200.0,134400.0,403200.0
2025-03-23,Transportasi & Rutinitas,19200.0,2.0,9600.0,88800.0,0.21621621621621623,6,23,3,12,2025-03,1,0,0,0,8,19200.0,19200.0,19200.0,134400.0,422400.0
2025-03-24,Transportasi & Rutinitas,19200.0,2.0,9600.0,164300.0,0.11685940353012782,0,24,3,13,2025-03,0,0,0,0,7,19200.0,19200.0,19200.0,134400.0,441600.0
2025-03-25,Transportasi & Rutinitas,19200.0,2.0,9600.0,88800.0,0.21621621621621623,1,25,3,13,2025-03,0,0,0,0,6,19200.0,19200.0,19200.0,134400.0,460800.0
2025-03-26,Transportasi & Rutinitas,19200.0,2.0,9600.0,88800.0,0.21621621621621623,2,26,3,13,2025-03,0,0,0,0,5,19200.0,19200.0,19200.0,134400.0,480000.0
2025-03-27,Transportasi & Rutinitas,19200.0,2.0,9600.0,88800.0,0.21621621621621623,3,27,3,13,2025-03,0,0,0,0,4,19200.0,19200.0,19200.0,134400.0,499200.0
2025-03-28,Transportasi & Rutinitas,19200.0,2.0,9600.0,104400.0,0.1839080459770115,4,28,3,13,2025-03,0,0,0,0,3,19200.0,19200.0,19200.0,134400.0,518400.0
2025-03-29,Transportasi & Rutinitas,19200.0,2.0,9600.0,101500.0,0.1891625615763547,5,29,3,13,2025-03,1,0,0,0,2,19200.0,19200.0,19200.0,134400.0,537600.0
2025-03-30,Transportasi & Rutinitas,19200.0,2.0,9600.0,108300.0,0.1772853185595568,6,30,3,13,2025-03,1,0,0,0,1,19200.0,19200.0,19200.0,134400.0,556800.0
2025-03-31,Transportasi & Rutinitas,19200.0,2.0,9600.0,88800.0,0.21621621621621623,0,31,3,14,2025-03,0,0,0,1,0,19200.0,19200.0,19200.0,134400.0,576000.0
2025-04-01,Transportasi & Rutinitas,19200.0,2.0,9600.0,1698567.0,0.01130364595567911,1,1,4,14,2025-04,0,1,1,0,29,19200.0,19200.0,19200.0,134400.0,0.0
2025-04-02,Transportasi & Rutinitas,19200.0,2.0,9600.0,272500.0,0.07045871559633028,2,2,4,14,2025-04,0,1,0,0,28,19200.0,19200.0,19200.0,134400.0,19200.0
2025-04-03,Transportasi & Rutinitas,19200.0,2.0,9600.0,88800.0,0.21621621621621623,3,3,4,14,2025-04,0,1,0,0,27,19200.0,19200.0,19200.0,134400.0,38400.0
2025-04-04,Transportasi & Rutinitas,19200.0,2.0,9600.0,131100.0,0.14645308924485126,4,4,4,14,2025-04,0,0,0,0,26,19200.0,19200.0,19200.0,134400.0,57600.0
2025-04-05,Transportasi & Rutinitas,19200.0,2.0,9600.0,210700.0,0.09112482202183199,5,5,4,14,2025-04,1,0,0,0,25,19200.0,19200.0,19200.0,134400.0,76800.0
2025-04-06,Transportasi & Rutinitas,19200.0,2.0,9600.0,88800.0,0.21621621621621623,6,6,4,14,2025-04,1,0,0,0,24,19200.0,19200.0,19200.0,134400.0,96000.0
2025-04-07,Transportasi & Rutinitas,19200.0,2.0,9600.0,138700.0,0.1384282624369142,0,7,4,15,2025-04,0,0,0,0,23,19200.0,19200.0,19200.0,134400.0,115200.0
2025-04-08,Transportasi & Rutinitas,19200.0,2.0,9600.0,103300.0,0.18586640851887706,1,8,4,15,2025-04,0,0,0,0,22,19200.0,19200.0,19200.0,134400.0,134400.0
2025-04-09,Transportasi & Rutinitas,19200.0,2.0,9600.0,137700.0,0.1394335511982571,2,9,4,15,2025-04,0,0,0,0,21,19200.0,19200.0,19200.0,134400.0,153600.0
2025-04-10,Transportasi & Rutinitas,19200.0,2.0,9600.0,118300.0,0.16229923922231615,3,10,4,15,2025-04,0,0,0,0,20,19200.0,19200.0,19200.0,134400.0,172800.0
2025-04-11,Transportasi & Rutinitas,19200.0,2.0,9600.0,88800.0,0.21621621621621623,4,11,4,15,2025-04,0,0,0,0,19,19200.0,19200.0,19200.0,134400.0,192000.0
2025-04-12,Transportasi & Rutinitas,19200.0,2.0,9600.0,88800.0,0.21621621621621623,5,12,4,15,2025-04,1,0,0,0,18,19200.0,19200.0,19200.0,134400.0,211200.0
2025-04-13,Transportasi & Rutinitas,19200.0,2.0,9600.0,163300.0,0.11757501530924679,6,13,4,15,2025-04,1,0,0,0,17,19200.0,19200.0,19200.0,134400.0,230400.0
2025-04-14,Transportasi & Rutinitas,19200.0,2.0,9600.0,88800.0,0.21621621621621623,0,14,4,16,2025-04,0,0,0,0,16,19200.0,19200.0,19200.0,134400.0,249600.0
2025-04-15,Transportasi & Rutinitas,19200.0,2.0,9600.0,96300.0,0.19937694704049844,1,15,4,16,2025-04,0,0,0,0,15,19200.0,19200.0,19200.0,134400.0,268800.0
2025-04-16,Transportasi & Rutinitas,19200.0,2.0,9600.0,108600.0,0.17679558011049723,2,16,4,16,2025-04,0,0,0,0,14,19200.0,19200.0,19200.0,134400.0,288000.0
2025-04-17,Transportasi & Rutinitas,19200.0,2.0,9600.0,88800.0,0.21621621621621623,3,17,4,16,2025-04,0,0,0,0,13,19200.0,19200.0,19200.0,134400.0,307200.0
2025-04-18,Transportasi & Rutinitas,19200.0,2.0,9600.0,103700.0,0.18514946962391515,4,18,4,16,2025-04,0,0,0,0,12,19200.0,19200.0,19200.0,134400.0,326400.0
2025-04-19,Transportasi & Rutinitas,19200.0,2.0,9600.0,177700.0,0.1080472706809229,5,19,4,16,2025-04,1,0,0,0,11,19200.0,19200.0,19200.0,134400.0,345600.0
2025-04-20,Transportasi & Rutinitas,19200.0,2.0,9600.0,88800.0,0.21621621621621623,6,20,4,16,2025-04,1,0,0,0,10,19200.0,19200.0,19200.0,134400.0,364800.0
2025-04-21,Transportasi & Rutinitas,19200.0,2.0,9600.0,110700.0,0.17344173441734417,0,21,4,17,2025-04,0,0,0,0,9,19200.0,19200.0,19200.0,134400.0,384000.0
2025-04-22,Transportasi & Rutinitas,19200.0,2.0,9600.0,88800.0,0.21621621621621623,1,22,4,17,2025-04,0,0,0,0,8,19200.0,19200.0,19200.0,134400.0,403200.0
2025-04-23,Transportasi & Rutinitas,19200.0,2.0,9600.0,88800.0,0.21621621621621623,2,23,4,17,2025-04,0,0,0,0,7,19200.0,19200.0,19200.0,134400.0,422400.0
2025-04-24,Transportasi & Rutinitas,19200.0,2.0,9600.0,98800.0,0.19433198380566802,3,24,4,17,2025-04,0,0,0,0,6,19200.0,19200.0,19200.0,134400.0,441600.0
2025-04-25,Transportasi & Rutinitas,19200.0,2.0,9600.0,101100.0,0.18991097922848665,4,25,4,17,2025-04,0,0,0,0,5,19200.0,19200.0,19200.0,134400.0,460800.0
2025-04-26,Transportasi & Rutinitas,19200.0,2.0,9600.0,102300.0,0.187683284457478,5,26,4,17,2025-04,1,0,0,0,4,19200.0,19200.0,19200.0,134400.0,480000.0
2025-04-27,Transportasi & Rutinitas,19200.0,2.0,9600.0,88800.0,0.21621621621621623,6,27,4,17,2025-04,1,0,0,0,3,19200.0,19200.0,19200.0,134400.0,499200.0
2025-04-28,Transportasi & Rutinitas,19200.0,2.0,9600.0,103000.0,0.18640776699029127,0,28,4,18,2025-04,0,0,0,0,2,19200.0,19200.0,19200.0,134400.0,518400.0
2025-04-29,Transportasi & Rutinitas,19200.0,2.0,9600.0,109700.0,0.17502278942570648,1,29,4,18,2025-04,0,0,0,0,1,19200.0,19200.0,19200.0,134400.0,537600.0
2025-04-30,Transportasi & Rutinitas,19200.0,2.0,9600.0,88800.0,0.21621621621621623,2,30,4,18,2025-04,0,0,0,1,0,19200.0,19200.0,19200.0,134400.0,556800.0
2025-05-01,Transportasi & Rutinitas,19200.0,2.0,9600.0,1744867.0,0.011003704007239521,3,1,5,18,2025-05,0,1,1,0,30,19200.0,19200.0,19200.0,134400.0,0.0
2025-05-02,Transportasi & Rutinitas,19200.0,2.0,9600.0,88800.0,0.21621621621621623,4,2,5,18,2025-05,0,1,0,0,29,19200.0,19200.0,19200.0,134400.0,19200.0
2025-05-03,Transportasi & Rutinitas,19200.0,2.0,9600.0,103700.0,0.18514946962391515,5,3,5,18,2025-05,1,1,0,0,28,19200.0,19200.0,19200.0,134400.0,38400.0
2025-05-04,Transportasi & Rutinitas,19200.0,2.0,9600.0,117700.0,0.1631265930331351,6,4,5,18,2025-05,1,0,0,0,27,19200.0,19200.0,19200.0,134400.0,57600.0
2025-05-05,Transportasi & Rutinitas,19200.0,2.0,9600.0,198800.0,0.096579476861167,0,5,5,19,2025-05,0,0,0,0,26,19200.0,19200.0,19200.0,134400.0,76800.0
2025-05-06,Transportasi & Rutinitas,19200.0,2.0,9600.0,112500.0,0.17066666666666666,1,6,5,19,2025-05,0,0,0,0,25,19200.0,19200.0,19200.0,134400.0,96000.0
2025-05-07,Transportasi & Rutinitas,19200.0,2.0,9600.0,133800.0,0.14349775784753363,2,7,5,19,2025-05,0,0,0,0,24,19200.0,19200.0,19200.0,134400.0,115200.0
2025-05-08,Transportasi & Rutinitas,19200.0,2.0,9600.0,156200.0,0.12291933418693982,3,8,5,19,2025-05,0,0,0,0,23,19200.0,19200.0,19200.0,134400.0,134400.0
2025-05-09,Transportasi & Rutinitas,19200.0,2.0,9600.0,100900.0,0.19028741328047571,4,9,5,19,2025-05,0,0,0,0,22,19200.0,19200.0,19200.0,134400.0,153600.0
2025-05-10,Transportasi & Rutinitas,19200.0,2.0,9600.0,88800.0,0.21621621621621623,5,10,5,19,2025-05,1,0,0,0,21,19200.0,19200.0,19200.0,134400.0,172800.0
2025-05-11,Transportasi & Rutinitas,19200.0,2.0,9600.0,110300.0,0.17407071622846781,6,11,5,19,2025-05,1,0,0,0,20,19200.0,19200.0,19200.0,134400.0,192000.0
2025-05-12,Transportasi & Rutinitas,19200.0,2.0,9600.0,88800.0,0.21621621621621623,0,12,5,20,2025-05,0,0,0,0,19,19200.0,19200.0,19200.0,134400.0,211200.0
2025-05-13,Transportasi & Rutinitas,19200.0,2.0,9600.0,114600.0,0.16753926701570682,1,13,5,20,2025-05,0,0,0,0,18,19200.0,19200.0,19200.0,134400.0,230400.0
2025-05-14,Transportasi & Rutinitas,19200.0,2.0,9600.0,129700.0,0.14803392444101773,2,14,5,20,2025-05,0,0,0,0,17,19200.0,19200.0,19200.0,134400.0,249600.0
2025-05-15,Transportasi & Rutinitas,19200.0,2.0,9600.0,88800.0,0.21621621621621623,3,15,5,20,2025-05,0,0,0,0,16,19200.0,19200.0,19200.0,134400.0,268800.0
2025-05-16,Transportasi & Rutinitas,19200.0,2.0,9600.0,88800.0,0.21621621621621623,4,16,5,20,2025-05,0,0,0,0,15,19200.0,19200.0,19200.0,134400.0,288000.0
2025-05-17,Transportasi & Rutinitas,19200.0,2.0,9600.0,88800.0,0.21621621621621623,5,17,5,20,2025-05,1,0,0,0,14,19200.0,19200.0,19200.0,134400.0,307200.0
2025-05-18,Transportasi & Rutinitas,19200.0,2.0,9600.0,88800.0,0.21621621621621623,6,18,5,20,2025-05,1,0,0,0,13,19200.0,19200.0,19200.0,134400.0,326400.0
2025-05-19,Transportasi & Rutinitas,19200.0,2.0,9600.0,88800.0,0.21621621621621623,0,19,5,21,2025-05,0,0,0,0,12,19200.0,19200.0,19200.0,134400.0,345600.0
2025-05-20,Transportasi & Rutinitas,19200.0,2.0,9600.0,88800.0,0.21621621621621623,1,20,5,21,2025-05,0,0,0,0,11,19200.0,19200.0,19200.0,134400.0,364800.0
2025-05-21,Transportasi & Rutinitas,19200.0,2.0,9600.0,118700.0,0.16175231676495366,2,21,5,21,2025-05,0,0,0,0,10,19200.0,19200.0,19200.0,134400.0,384000.0
2025-05-22,Transportasi & Rutinitas,19200.0,2.0,9600.0,106700.0,0.17994376757263356,3,22,5,21,2025-05,0,0,0,0,9,19200.0,19200.0,19200.0,134400.0,403200.0
2025-05-23,Transportasi & Rutinitas,19200.0,2.0,9600.0,88800.0,0.21621621621621623,4,23,5,21,2025-05,0,0,0,0,8,19200.0,19200.0,19200.0,134400.0,422400.0
2025-05-24,Transportasi & Rutinitas,19200.0,2.0,9600.0,107700.0,0.17827298050139276,5,24,5,21,2025-05,1,0,0,0,7,19200.0,19200.0,19200.0,134400.0,441600.0
2025-05-25,Transportasi & Rutinitas,19200.0,2.0,9600.0,94800.0,0.20253164556962025,6,25,5,21,2025-05,1,0,0,0,6,19200.0,19200.0,19200.0,134400.0,460800.0
2025-05-26,Transportasi & Rutinitas,19200.0,2.0,9600.0,88800.0,0.21621621621621623,0,26,5,22,2025-05,0,0,0,0,5,19200.0,19200.0,19200.0,134400.0,480000.0
2025-05-27,Transportasi & Rutinitas,19200.0,2.0,9600.0,88800.0,0.21621621621621623,1,27,5,22,2025-05,0,0,0,0,4,19200.0,19200.0,19200.0,134400.0,499200.0
2025-05-28,Transportasi & Rutinitas,19200.0,2.0,9600.0,98700.0,0.1945288753799392,2,28,5,22,2025-05,0,0,0,0,3,19200.0,19200.0,19200.0,134400.0,518400.0
2025-05-29,Transportasi & Rutinitas,19200.0,2.0,9600.0,88800.0,0.21621621621621623,3,29,5,22,2025-05,0,0,0,0,2,19200.0,19200.0,19200.0,134400.0,537600.0
2025-05-30,Transportasi & Rutinitas,19200.0,2.0,9600.0,88800.0,0.21621621621621623,4,30,5,22,2025-05,0,0,0,0,1,19200.0,19200.0,19200.0,134400.0,556800.0
2025-05-31,Transportasi & Rutinitas,19200.0,2.0,9600.0,88800.0,0.21621621621621623,5,31,5,22,2025-05,1,0,0,1,0,19200.0,19200.0,19200.0,134400.0,576000.0
2025-06-01,Transportasi & Rutinitas,19200.0,2.0,9600.0,1830367.0,0.010489699606690899,6,1,6,22,2025-06,1,1,1,0,29,19200.0,19200.0,19200.0,134400.0,0.0
2025-06-02,Transportasi & Rutinitas,19200.0,2.0,9600.0,88800.0,0.21621621621621623,0,2,6,23,2025-06,0,1,0,0,28,19200.0,19200.0,19200.0,134400.0,19200.0
2025-06-03,Transportasi & Rutinitas,19200.0,2.0,9600.0,121200.0,0.15841584158415842,1,3,6,23,2025-06,0,1,0,0,27,19200.0,19200.0,19200.0,134400.0,38400.0
2025-06-04,Transportasi & Rutinitas,19200.0,2.0,9600.0,109300.0,0.1756633119853614,2,4,6,23,2025-06,0,0,0,0,26,19200.0,19200.0,19200.0,134400.0,57600.0
2025-06-05,Transportasi & Rutinitas,19200.0,2.0,9600.0,88800.0,0.21621621621621623,3,5,6,23,2025-06,0,0,0,0,25,19200.0,19200.0,19200.0,134400.0,76800.0
2025-06-06,Transportasi & Rutinitas,19200.0,2.0,9600.0,106900.0,0.1796071094480823,4,6,6,23,2025-06,0,0,0,0,24,19200.0,19200.0,19200.0,134400.0,96000.0
2025-06-07,Transportasi & Rutinitas,19200.0,2.0,9600.0,96700.0,0.19855222337125128,5,7,6,23,2025-06,1,0,0,0,23,19200.0,19200.0,19200.0,134400.0,115200.0
2025-06-08,Transportasi & Rutinitas,19200.0,2.0,9600.0,125800.0,0.15262321144674085,6,8,6,23,2025-06,1,0,0,0,22,19200.0,19200.0,19200.0,134400.0,134400.0
2025-06-09,Transportasi & Rutinitas,19200.0,2.0,9600.0,103500.0,0.1855072463768116,0,9,6,24,2025-06,0,0,0,0,21,19200.0,19200.0,19200.0,134400.0,153600.0
2025-06-10,Transportasi & Rutinitas,19200.0,2.0,9600.0,88800.0,0.21621621621621623,1,10,6,24,2025-06,0,0,0,0,20,19200.0,19200.0,19200.0,134400.0,172800.0
2025-06-11,Transportasi & Rutinitas,19200.0,2.0,9600.0,147400.0,0.13025780189959293,2,11,6,24,2025-06,0,0,0,0,19,19200.0,19200.0,19200.0,134400.0,192000.0
2025-06-12,Transportasi & Rutinitas,19200.0,2.0,9600.0,113700.0,0.16886543535620052,3,12,6,24,2025-06,0,0,0,0,18,19200.0,19200.0,19200.0,134400.0,211200.0
2025-06-13,Transportasi & Rutinitas,19200.0,2.0,9600.0,123500.0,0.15546558704453442,4,13,6,24,2025-06,0,0,0,0,17,19200.0,19200.0,19200.0,134400.0,230400.0
2025-06-14,Transportasi & Rutinitas,19200.0,2.0,9600.0,107700.0,0.17827298050139276,5,14,6,24,2025-06,1,0,0,0,16,19200.0,19200.0,19200.0,134400.0,249600.0
2025-06-15,Transportasi & Rutinitas,19200.0,2.0,9600.0,133800.0,0.14349775784753363,6,15,6,24,2025-06,1,0,0,0,15,19200.0,19200.0,19200.0,134400.0,268800.0
2025-06-16,Transportasi & Rutinitas,19200.0,2.0,9600.0,88800.0,0.21621621621621623,0,16,6,25,2025-06,0,0,0,0,14,19200.0,19200.0,19200.0,134400.0,288000.0
2025-06-17,Transportasi & Rutinitas,19200.0,2.0,9600.0,100700.0,0.1906653426017875,1,17,6,25,2025-06,0,0,0,0,13,19200.0,19200.0,19200.0,134400.0,307200.0
2025-06-18,Transportasi & Rutinitas,19200.0,2.0,9600.0,106300.0,0.18062088428974601,2,18,6,25,2025-06,0,0,0,0,12,19200.0,19200.0,19200.0,134400.0,326400.0
2025-06-19,Transportasi & Rutinitas,19200.0,2.0,9600.0,149100.0,0.12877263581488935,3,19,6,25,2025-06,0,0,0,0,11,19200.0,19200.0,19200.0,134400.0,345600.0
2025-06-20,Transportasi & Rutinitas,19200.0,2.0,9600.0,132000.0,0.14545454545454545,4,20,6,25,2025-06,0,0,0,0,10,19200.0,19200.0,19200.0,134400.0,364800.0
2025-06-21,Transportasi & Rutinitas,19200.0,2.0,9600.0,88800.0,0.21621621621621623,5,21,6,25,2025-06,1,0,0,0,9,19200.0,19200.0,19200.0,134400.0,384000.0
2025-06-22,Transportasi & Rutinitas,19200.0,2.0,9600.0,88800.0,0.21621621621621623,6,22,6,25,2025-06,1,0,0,0,8,19200.0,19200.0,19200.0,134400.0,403200.0
2025-06-23,Transportasi & Rutinitas,19200.0,2.0,9600.0,88800.0,0.21621621621621623,0,23,6,26,2025-06,0,0,0,0,7,19200.0,19200.0,19200.0,134400.0,422400.0
2025-06-24,Transportasi & Rutinitas,19200.0,2.0,9600.0,97700.0,0.19651995905834185,1,24,6,26,2025-06,0,0,0,0,6,19200.0,19200.0,19200.0,134400.0,441600.0
2025-06-25,Transportasi & Rutinitas,19200.0,2.0,9600.0,88800.0,0.21621621621621623,2,25,6,26,2025-06,0,0,0,0,5,19200.0,19200.0,19200.0,134400.0,460800.0
2025-06-26,Transportasi & Rutinitas,19200.0,2.0,9600.0,124700.0,0.15396952686447474,3,26,6,26,2025-06,0,0,0,0,4,19200.0,19200.0,19200.0,134400.0,480000.0
2025-06-27,Transportasi & Rutinitas,19200.0,2.0,9600.0,88800.0,0.21621621621621623,4,27,6,26,2025-06,0,0,0,0,3,19200.0,19200.0,19200.0,134400.0,499200.0
2025-06-28,Transportasi & Rutinitas,19200.0,2.0,9600.0,88800.0,0.21621621621621623,5,28,6,26,2025-06,1,0,0,0,2,19200.0,19200.0,19200.0,134400.0,518400.0
2025-06-29,Transportasi & Rutinitas,19200.0,2.0,9600.0,88800.0,0.21621621621621623,6,29,6,26,2025-06,1,0,0,0,1,19200.0,19200.0,19200.0,134400.0,537600.0
