,Category,Subcategory,product,price
0,Kebutuhan Dapur,Perlengkapan Dapur & Ruang Makan,Alfamart Sedotan Plastik Flexibel 50 pcs,10.900
1,Kebutuhan Dapur,Perlengkapan Dapur & Ruang Makan,Alfamart Sarung Tangan Plastik 100 pcs,14.500
2,Kebutuhan Dapur,Perlengkapan Dapur & Ruang Makan,Alfamart Piring Plastik 20 pcs,19.100
3,Kebutuhan Dapur,Perlengkapan Dapur & Ruang Makan,Bright Tabung Gas Elpiji (Kosong) 5.5 kg,330.000
4,Kebutuhan Dapur,Perlengkapan Dapur & Ruang Makan,SGI Botol Minum Warna Warni Assorted 530 ml,29.900
5,Kebutuhan Dapur,Perlengkapan Dapur & Ruang Makan,SGI Botol Minum Bola 530 ml,29.900
6,Kebutuhan Dapur,Perlengkapan Dapur & Ruang Makan,Hi-Cook Tabung Gas Mini Portabel 230 g,26.500
7,Kebutuhan Dapur,Perlengkapan Dapur & Ruang Makan,Gema Tabung Gas Mini Portabel 250 g,25.500
8,Kebutuhan Dapur,Perlengkapan Dapur & Ruang Makan,Wonder Fuel Tabung Gas Mini Portabel 220 g,25.900
9,Kebutuhan Dapur,Perlengkapan Dapur & Ruang Makan,Alfamart Tempat Makan 750 ml 5 pcs,17.900
10,Kebutuhan Dapur,Perlengkapan Dapur & Ruang Makan,Alfamart Gelas Kertas Kecil 15 pcs,18.500
11,Kebutuhan Dapur,Perlengkapan Dapur & Ruang Makan,Alfamart Sendok Makan Plastik 10 pcs,10.100
12,Kebutuhan Dapur,Perlengkapan Dapur & Ruang Makan,Bright Gas Elpiji (Refill) 5.5 kg (C),
13,Kebutuhan Dapur,Perlengkapan Dapur & Ruang Makan,Bright Tabung Gas Elpiji (Kosong) 12 kg (A),
14,Kebutuhan Dapur,Perlengkapan Dapur & Ruang Makan,Bright Gas Elpiji (Refill) 5.5 kg (B),
15,Kebutuhan Dapur,Perlengkapan Dapur & Ruang Makan,Bright Gas Elpiji (Refill) 12 kg (C),
16,Kebutuhan Dapur,Perlengkapan Dapur & Ruang Makan,Bright Gas Elpiji (Refill) 12 kg (B),
17,Kebutuhan Dapur,Perlengkapan Dapur & Ruang Makan,Disney Toys Story Tempat Makan,
18,Kebutuhan Dapur,Perlengkapan Dapur & Ruang Makan,Disney Frozen Tempat Makan,
19,Kebutuhan Dapur,Perlengkapan Dapur & Ruang Makan,Disney Spider-Man Tempat Makan,
20,Kebutuhan Dapur,Perlengkapan Dapur & Ruang Makan,Disney Mickey Mouse Tempat Minum,
21,Kebutuhan Dapur,Perlengkapan Dapur & Ruang Makan,Disney Lotso Tempat Minum,
22,Kebutuhan Dapur,Perlengkapan Dapur & Ruang Makan,Disney Tempat Minum 550 ml,
23,Kebutuhan Dapur,Perlengkapan Dapur & Ruang Makan,Alfamart Disney Chopper Bumbu Mickey Mouse Assorted,
24,Kebutuhan Dapur,Perlengkapan Dapur & Ruang Makan,Bright Tabung Gas Elpiji (Kosong) 5.5 kg (A),
25,Kebutuhan Dapur,Perlengkapan Dapur & Ruang Makan,Ecentio Tempat Makan Tiga Sekat,
26,Kebutuhan Dapur,Perlengkapan Dapur & Ruang Makan,Bright Gas Elpiji (Refill) 5.5 kg (A),
27,Kebutuhan Dapur,Perlengkapan Dapur & Ruang Makan,Sanrio Gelas Tinggi Assorted,
28,Kebutuhan Dapur,Perlengkapan Dapur & Ruang Makan,Freemir Set Teko & Cangkir 5 pcs,
29,Kebutuhan Dapur,Perlengkapan Dapur & Ruang Makan,Bright Gas Elpiji (Refill) 12 kg (A),
30,Kebutuhan Dapur,Perlengkapan Dapur & Ruang Makan,Flipper Tusuk Sate 100 s,
31,Kebutuhan Dapur,Perlengkapan Dapur & Ruang Makan,Sanrio Gelas Medium Assorted,
32,Kebutuhan Dapur,Perlengkapan Dapur & Ruang Makan,Ecentio Tempat Makan Dua Tingkat 1000 ml,
33,Kebutuhan Dapur,Perlengkapan Dapur & Ruang Makan,Lekue Tempat Makan Persegi Panjang 2 pcs,
34,Kebutuhan Dapur,Perlengkapan Dapur & Ruang Makan,Lekue Tempat Makan Kotak 2 pcs,
35,Kebutuhan Dapur,Perlengkapan Dapur & Ruang Makan,Ecentio Botol Minum Teh Abu-Abu 500 ml,
36,Kebutuhan Dapur,Perlengkapan Dapur & Ruang Makan,Ecentio Sport Botol Minum Biru 750 ml,
37,Kebutuhan Dapur,Perlengkapan Dapur & Ruang Makan,Bright Tabung Gas Elpiji (Kosong) 12 kg,
38,Kebutuhan Dapur,Perlengkapan Dapur & Ruang Makan,Freemir Chopper Manual Mini Serbaguna 170 ml,
39,Kebutuhan Dapur,Perlengkapan Dapur & Ruang Makan,Inti Collection Tusuk Sate 50 pcs,
40,Kebutuhan Dapur,Perlengkapan Dapur & Ruang Makan,Disney Frozen Tempat Minum Assorted,
41,Kebutuhan Dapur,Perlengkapan Dapur & Ruang Makan,Bagus Aluminium Foil Pembungkus Makanan Box 30 x 7 cm,
42,Kebutuhan Dapur,Perlengkapan Dapur & Ruang Makan,Alfamart Sendok Plastik Bening 10 pcs,
43,Kebutuhan Dapur,Perlengkapan Dapur & Ruang Makan,Bright Gas Elpiji (Refill) 5.5 kg,117.500
44,Kebutuhan Dapur,Perlengkapan Dapur & Ruang Makan,Bright Gas Elpiji (Refill) 12 kg,247.500
45,Kebutuhan Dapur,Perlengkapan Dapur & Ruang Makan,Bagus Kantong Plastik Zipper Bag Double Lock 17 x 15 cm 30 s,23.900
46,Kebutuhan Dapur,Perlengkapan Dapur & Ruang Makan,Bagus Kantong Plastik Zipper Bag Double Lock 33 x 40 cm 12 s,38.900
47,Kebutuhan Dapur,Perlengkapan Dapur & Ruang Makan,Bagus Aluminium Foil Pembungkus Makanan Refill 30 x 7 cm,19.500
48,Kebutuhan Dapur,Perlengkapan Dapur & Ruang Makan,Bagus Cling Plastik Wrap Pembungkus Serbaguna Box 30 x 20 cm,23.900
49,Kebutuhan Dapur,Perlengkapan Dapur & Ruang Makan,Bagus Cling Plastik Wrap Pembungkus Serbaguna Refill 30 x 30 cm,19.900
50,Kebutuhan Dapur,Perlengkapan Dapur & Ruang Makan,Klin Pak Plastik Wrap Pembungkus Serbaguna Box 30 m,24.500
51,Kebutuhan Dapur,Perlengkapan Dapur & Ruang Makan,Hi-Cook Noorthgaz Tabung Gas Mini Portabel 235 g,21.000
52,Kebutuhan Dapur,Perlengkapan Dapur & Ruang Makan,Bagus Zipper Bag Kids Kantong Plastik Triple Lock Pouch 18 x 18 cm 25 s,39.900
53,Kebutuhan Dapur,Perlengkapan Dapur & Ruang Makan,Hi-Cook Korek Api Pemantik Gas Lighter Assorted Color 1 pcs,17.900
54,Kebutuhan Dapur,Perlengkapan Dapur & Ruang Makan,Bright Gas Tabung Gas Mini Portabel 220 g,26.500
55,Kebutuhan Dapur,Perlengkapan Dapur & Ruang Makan,Kenmaster Korek Api Pemantik Gas Lighter JW690 1 pcs Assorted,20.900
56,Kebutuhan Dapur,Perlengkapan Dapur & Ruang Makan,Hi-Cook Fuel Bahan Bakar Korek Api Pemantik Gas 80 g,9.900
57,Kebutuhan Dapur,Bahan Masakan,Kewpie Salad Dressing Wijen Sangrai Botol 200 ml,29.900
58,Kebutuhan Dapur,Bahan Masakan,ABC Kecap Inggris Botol 195 ml,16.300
59,Kebutuhan Dapur,Bahan Masakan,Diabetamil Pemanis Gula Rendah Kalori 50 pcs,34.200
60,Kebutuhan Dapur,Bahan Masakan,Indofood Sambal Pedas Botol 135 ml,8.100
61,Kebutuhan Dapur,Bahan Masakan,ABC Sambal Ekstra Pedas Botol 335 ml,18.700
62,Kebutuhan Dapur,Bahan Masakan,La Fonte Saus Pasta Bolognese 315 g,18.500
63,Kebutuhan Dapur,Bahan Masakan,ABC Saus Tomat Botol 270 ml,17.100
64,Kebutuhan Dapur,Bahan Masakan,Bango Kecap Manis Refill 950 g,34.500
65,Kebutuhan Dapur,Bahan Masakan,MamaSuka Delisaos Saus Sambal Ekstra Pedas Hot Lava Volcano Botol 260 ml,17.200
66,Kebutuhan Dapur,Bahan Masakan,Indofood Kecap Manis Refill 725 g,19.200
67,Kebutuhan Dapur,Bahan Masakan,Alfamart Kacang Hijau Mentah 250 g,11.500
68,Kebutuhan Dapur,Bahan Masakan,Saori Saus Oriental Lada Hitam Botol 133 ml,10.900
69,Kebutuhan Dapur,Bahan Masakan,Koepoe Koepoe Lada Putih Bubuk Bumbu Dapur 85 g,30.900
70,Kebutuhan Dapur,Bahan Masakan,La Fonte Chicken Bolognese Saus Pasta 290 g,17.900
71,Kebutuhan Dapur,Bahan Masakan,Bango Kecap Manis Refill 700 g,26.500
72,Kebutuhan Dapur,Bahan Masakan,MamaSuka Gim Bori Rumput Laut Kering Tabur Pedas Botol 25 g,9.900
73,Kebutuhan Dapur,Bahan Masakan,Kereta Kencana Beras Premium 5 kg,74.500
74,Kebutuhan Dapur,Bahan Masakan,SUS Gula Pasir Lokal 1 kg,17.500
75,Kebutuhan Dapur,Bahan Masakan,Sasa Tepung Bumbu Serbaguna Hot & Spicy 210 g,7.700
76,Kebutuhan Dapur,Bahan Masakan,La Fonte Saus Pasta Carbonara 315 g,21.500
77,Kebutuhan Dapur,Bahan Masakan,Del Monte Saus Pasta Carbonara Keju 180 g,19.700
78,Kebutuhan Dapur,Bahan Masakan,Kewpie Mayones Original Tube 150 g,34.500
79,Kebutuhan Dapur,Bahan Masakan,Maggi Magic Lezat Bumbu Penyedap Rasa Serbaguna 80 g,6.400
80,Kebutuhan Dapur,Bahan Masakan,ABC Sambal Extra Pedas Pouch 380 g,19.800
81,Kebutuhan Dapur,Bahan Masakan,Dua Belibis Saus Cabai Botol 135 ml,7.900
82,Kebutuhan Dapur,Bahan Masakan,Dua Belibis Saus Cabe Botol 335 ml,18.400
83,Kebutuhan Dapur,Bahan Masakan,Del Monte Saus Sambal Ekstra Pedas Botol 135 ml,5.800
84,Kebutuhan Dapur,Bahan Masakan,Dua Belibis Saus Cabe Pedas Lada Botol 235 ml,12.800
85,Kebutuhan Dapur,Bahan Masakan,Sasa Tepung Bumbu Serbaguna Original 210 g,7.700
86,Kebutuhan Dapur,Bahan Masakan,ABC Kecap Manis Refill 685 g,22.400
87,Kebutuhan Dapur,Bahan Masakan,Sedaap Kecap Manis Kedelai Hitam Spesial Refill 725 g,23.500
88,Kebutuhan Dapur,Bahan Masakan,Sasa Tepung Bumbu Ala Kentucky Ayam Krispi 200 g,7.700
89,Kebutuhan Dapur,Bahan Masakan,Royco Bumbu Kaldu Penyedap Rasa Ayam 94 g,6.300
90,Kebutuhan Dapur,Bahan Masakan,Royco Bumbu Instan Ayam Saus Telur Asin 22 g,8.300
91,Kebutuhan Dapur,Bahan Masakan,Sedaap Bumbu Kaldu Rasa Sapi 250 g,8.900
92,Kebutuhan Dapur,Bahan Masakan,Bango Kecap Manis Botol 385 g,25.500
93,Kebutuhan Dapur,Bahan Masakan,Sedaap Kecap Manis 700 g,15.500
94,Kebutuhan Dapur,Bahan Masakan,GMP Gula Pasir Kristal Putih 1 kg,17.500
95,Kebutuhan Dapur,Bahan Masakan,Racik Tepung Bumbu Serbaguna 210 g,6.800
96,Kebutuhan Dapur,Bahan Masakan,ABC Kecap Manis Botol 275 ml,19.800
97,Kebutuhan Dapur,Bahan Masakan,Maggi Saus Tiram Botol 150 g,10.100
98,Kebutuhan Dapur,Bahan Masakan,dua Belibis Cuka Dapur Botol 150 ml,5.200
99,Kebutuhan Dapur,Bahan Masakan,MamaKoko Santan Kelapa Cair 65 ml,4.400
100,Kebutuhan Dapur,Bahan Masakan,Alfamart Bawang Goreng Pouch 60 g,26.500
101,Kebutuhan Dapur,Bahan Masakan,Sasa Tepung Bumbu Bakwan Spesial 210 g,7.700
102,Kebutuhan Dapur,Bahan Masakan,Sasa Gourmet MSG Bubuk 100 g,7.100
103,Kebutuhan Dapur,Bahan Masakan,Ajinomoto Umami Bumbu Penyedap Rasa MSG 250 g,16.000
104,Kebutuhan Dapur,Bahan Masakan,Sedaap Bumbu Kaldu Rasa Ayam 250 g,8.900
105,Kebutuhan Dapur,Bahan Masakan,PRONAS Kornet Daging Sapi Kaleng 198 g,29.900
106,Kebutuhan Dapur,Bahan Masakan,Iboe Toetiek Sambal Bayi Cumi 130 g,
107,Kebutuhan Dapur,Bahan Masakan,Sunchang Ssamjang Pasta Kacang Kedelai 200 g,
108,Kebutuhan Dapur,Bahan Masakan,S&B Golden Curry Bumbu Kari Japanese Mix Sauce Mild 92 g,
109,Kebutuhan Dapur,Bahan Masakan,Raja Platinum Beras Super 10 kg,
110,Kebutuhan Dapur,Bahan Masakan,Harumas Beras Premium 5 kg,
111,Kebutuhan Dapur,Bahan Masakan,Raja Bihun Super 120 g,
112,Kebutuhan Dapur,Bahan Masakan,Del Monte Sambal Ekstra Pedas Refill 1 kg,23.500
113,Kebutuhan Dapur,Bahan Masakan,Finna Home Vermicelli Sohun Jagung 50 g,2.400
114,Kebutuhan Dapur,Bahan Masakan,Del Monte Saus Tomat Refill 1 kg,18.500
115,Kebutuhan Dapur,Bahan Masakan,Royco Saus Tiram Botol 135 ml,11.300
116,Kebutuhan Dapur,Bahan Masakan,Pronas Saus Spageti Bolognese Sapi Pouch 315 g,19.900
117,Kebutuhan Dapur,Bahan Masakan,Kewpie Salad Dressing dengan Wijen Sangrai Sachet 50 ml,8.200
118,Kebutuhan Dapur,Bahan Masakan,SunCo Minyak Goreng Pouch 2 L,46.300
119,Kebutuhan Dapur,Bahan Masakan,Indofood Racik Bumbu Instan Ayam Goreng 25 g,2.300
120,Kebutuhan Dapur,Bahan Masakan,Bango Kecap Manis 189 g,9.900
121,Kebutuhan Dapur,Bahan Masakan,Sajiku Bumbu Instan Nasi Goreng Ayam 20 g,2.400
122,Kebutuhan Dapur,Bahan Masakan,Indofood Sambal Ekstra Pedas 275 ml,13.900
123,Kebutuhan Dapur,Bahan Masakan,Sajiku Tepung Bumbu Serbaguna 210 g,8.200
124,Kebutuhan Dapur,Bahan Masakan,Alfamart Gula Pasir Lokal 1 kg,17.500
125,Kebutuhan Dapur,Bahan Masakan,Alfamart Gula Pasir Lokal Putih 1 kg,17.500
126,Kebutuhan Dapur,Bahan Masakan,Indofood Racik Bumbu Spesial Rendang 50 g,7.100
127,Kebutuhan Dapur,Bahan Masakan,Rose Brand Gula Pasir Kristal Putih Premium 1 kg,17.500
128,Kebutuhan Dapur,Bahan Masakan,Sovia Minyak Goreng Sawit Pouch 2 L,42.600
129,Kebutuhan Dapur,Bahan Masakan,PSM Gula Pasir Kristal Putih Premium 1 kg,17.500
130,Kebutuhan Dapur,Bahan Masakan,FILMA Minyak Goreng Pouch 2 L,44.000
131,Kebutuhan Dapur,Bahan Masakan,Totole Kaldu Rasa Jamur Sachet 40 g,7.000
132,Kebutuhan Dapur,Bahan Masakan,Kara Sun Santan Kelapa Cair Siap Pakai 65 ml,5.800
133,Kebutuhan Dapur,Bahan Masakan,Tropical Minyak Goreng Kelapa Sawit Botol 2 L,45.400
134,Kebutuhan Dapur,Bahan Masakan,Sasa Santan Kelapa Cair 65 ml,5.600
135,Kebutuhan Dapur,Bahan Masakan,Fortune Minyak Goreng Pouch 2 L,42.800
136,Kebutuhan Dapur,Bahan Masakan,GulaVit PIR Gula Pasir Kristal Putih Bervitamin C & D 1 kg,17.500
137,Kebutuhan Dapur,Bahan Masakan,Bango Kecap Manis Refill 380 g,15.000
138,Kebutuhan Dapur,Bahan Masakan,Cap 3 Ayam Mi Telur Pipih 200 g,5.800
139,Kebutuhan Dapur,Bahan Masakan,Alfamart Minyak Goreng Pouch 2 L,43.900
140,Kebutuhan Dapur,Bahan Masakan,Del Monte Saus Tomat Botol 265 ml,12.200
141,Kebutuhan Dapur,Bahan Masakan,Maestro Mayones Sachet 100 g,4.400
142,Kebutuhan Dapur,Bahan Masakan,Saori Saus Oriental Saus Tiram 133 ml,13.300
143,Kebutuhan Dapur,Bahan Masakan,ABC Sambal Ekstra Pedas Botol 270 ml,16.600
144,Kebutuhan Dapur,Bahan Masakan,Dua Belibis Saus Cabai Botol 235 ml,16.900
145,Kebutuhan Dapur,Bahan Masakan,Sedaap Kecap Manis Refill 280 g,7.500
146,Kebutuhan Dapur,Bahan Masakan,Alfamart Abon Sapi 100 g,17.800
147,Kebutuhan Dapur,Bahan Masakan,Sasa Bumbu Lumur Ayam Spesial 26 g,2.500
148,Kebutuhan Dapur,Bahan Masakan,Sasa Santan Kelapa Cair 200 ml,16.500
149,Kebutuhan Dapur,Bahan Masakan,Kobe Super Crispy Tepung Bumbu Kentucky 200 g,7.500
150,Kebutuhan Dapur,Bahan Masakan,Refina Garam Meja Beriodium Refill 500 g,11.300
151,Kebutuhan Dapur,Bahan Masakan,Del Monte Saus Spageti Refill 250 g,9.500
152,Kebutuhan Dapur,Bahan Masakan,Ellenka Fiber Creme Krimer Serbaguna 100 g,13.300
153,Kebutuhan Dapur,Bahan Masakan,Alfamart Garam 500 g,11.200
154,Kebutuhan Dapur,Bahan Masakan,Alfamart Beras Setra Ramos 5 kg,74.500
155,Kebutuhan Dapur,Bahan Masakan,ABC Kecap Manis Botol 130 ml,10.300
156,Kebutuhan Dapur,Bahan Masakan,Saori Saus Oriental Saus Tiram Botol 270 ml,23.500
157,Kebutuhan Dapur,Bahan Masakan,Indofood Sambal Pedas Dahsyat Botol 275 ml,15.300
158,Kebutuhan Dapur,Bahan Masakan,Lahap Beras Premium 5 kg,
159,Kebutuhan Dapur,Bahan Masakan,Selancar Beras 5 kg,
160,Kebutuhan Dapur,Bahan Masakan,Mentari Beras 5 kg,
161,Kebutuhan Dapur,Bahan Masakan,FS Gula Kristal Putih 1kg,
162,Kebutuhan Dapur,Bahan Masakan,Sugaro Gula Pasir Kristal Putih 1 kg,
163,Kebutuhan Dapur,Bahan Masakan,Tabasco Saus Pedas Red Pepper 60 ml,54.900
164,Kebutuhan Dapur,Bahan Masakan,Kewpie Salad Dressing dengan Yogurt Sachet 70 g,10.500
165,Kebutuhan Dapur,Bahan Masakan,Harumas Minyak Goreng Sawit Pouch 2 L,41.500
166,Kebutuhan Dapur,Bahan Masakan,SUS Gula Pasir Lokal Kuning 1 kg,17.500
167,Kebutuhan Dapur,Bahan Masakan,Cap Anak Raja Beras Pulen 5 kg,74.500
168,Kebutuhan Dapur,Bahan Masakan,Gulaku Gula Pasir Tebu Premium 1 kg,17.500
169,Kebutuhan Dapur,Bahan Masakan,Sania Beras Premium 5 kg,74.500
170,Kebutuhan Dapur,Bahan Masakan,Tropical Minyak Goreng Kelapa Sawit Botol 1.5 L,33.200
171,Kebutuhan Dapur,Bahan Masakan,Gulaku Gula Pasir Tebu Kuning 1 kg,17.500
172,Kebutuhan Dapur,Bahan Masakan,Hok-1 Beras Premium 5 kg,74.500
173,Kebutuhan Dapur,Bahan Masakan,Raja Ultima Beras Premium 5 kg,74.500
174,Kebutuhan Dapur,Bahan Masakan,Raja Platinum Beras Slyp Super 5 kg,74.500
175,Kebutuhan Dapur,Bahan Masakan,Camar Minyak Goreng Pouch 2 L,41.900
176,Kebutuhan Dapur,Bahan Masakan,Anak Raja Beras Pulen Wangi Fortifikasi Premium 5 kg,95.000
177,Kebutuhan Dapur,Bahan Masakan,Kobe Selera Bumbu Instan Ayam Goreng Lengkuas 80 g,3.300
178,Kebutuhan Dapur,Bahan Masakan,Kobe Tepung Bumbu Bakwan Kress 200 g,7.500
179,Kebutuhan Dapur,Bahan Masakan,ABC Sambal Asli Botol 270 ml,16.700
180,Kebutuhan Dapur,Bahan Masakan,DOLPIN Garam Beryodium 500 g,14.200
181,Kebutuhan Dapur,Bahan Masakan,ABC Sambal Ekstra Pedas Botol 130 ml,8.200
182,Kebutuhan Dapur,Bahan Masakan,Kobe BonCabe Sambal Tabur Original Level 15 45 g,9.800
183,Kebutuhan Dapur,Bahan Masakan,Lee Kum Kee Saus Tiram Botol 145 g,12.200
184,Kebutuhan Dapur,Bahan Masakan,ABC Kecap Asin Botol 131 ml,4.800
185,Kebutuhan Dapur,Bahan Masakan,Sasa Bumbu Kari Jepang Original 40 g,7.400
186,Kebutuhan Dapur,Bahan Masakan,Indofood Racik Bumbu Spesial Opor Ayam 45 g,7.100
187,Kebutuhan Dapur,Bahan Masakan,MamaSuka Gim Bori Rumput Laut Kering Tabur Original Botol 30 g,14.200
188,Kebutuhan Dapur,Bahan Masakan,Sasa Bumbu Ungkep Ayam Kalasan 33 g,2.000
189,Kebutuhan Dapur,Bahan Masakan,Del Monte Saus Barbekiu Refill 250 g,11.300
190,Kebutuhan Dapur,Bahan Masakan,Sasa Santan Kelapa Bubuk 20 g,3.800
191,Kebutuhan Dapur,Bahan Masakan,Rasa Masa Bumbu Masak Instan Nusantara Rendang 50 g,5.500
192,Kebutuhan Dapur,Bahan Masakan,Kobe Bumbu Nasi Goreng Super Pedas 20 g,2.700
193,Kebutuhan Dapur,Bahan Masakan,Dua Belibis Saus Cabe Ekstra Pedas Botol 235 ml,19.800
194,Kebutuhan Dapur,Bahan Masakan,Masako Bumbu Kaldu Penyedap Rasa Ayam 250 g,11.900
195,Kebutuhan Dapur,Bahan Masakan,Ladaku Merica Bubuk 8 x 1 g,5.400
196,Kebutuhan Dapur,Bahan Masakan,Masako Bumbu Kaldu Penyedap Rasa Sapi 250 g,9.000
197,Kebutuhan Dapur,Bahan Masakan,Kewpie Mayones Original 70 g,4.900
198,Kebutuhan Dapur,Bahan Masakan,Del Monte Ketchup Saus Tomat Sachet 24 x 8 g,5.300
199,Kebutuhan Dapur,Bahan Masakan,Sajiku Bumbu Instan Nasi Goreng Pedas 20 g,2.300
200,Kebutuhan Dapur,Bahan Masakan,Uleg Sambal Terasi 10 x 17 g,16.800
201,Kebutuhan Dapur,Bahan Masakan,Kara Sun Santan Kelapa Cair Siap Pakai 200 ml,20.000
202,Kebutuhan Dapur,Bahan Masakan,Mayumi Saus Mayones Original 100 g,8.500
203,Kebutuhan Dapur,Bahan Masakan,Kobe Bumbu Aduk Nasi Uduk 3 x 15 g,7.500
204,Kebutuhan Dapur,Bahan Masakan,Lee Kum Kee Saus Tiram Sachet 30 g,2.600
205,Kebutuhan Dapur,Bahan Masakan,Masako Bumbu Kaldu Rasa Jamur Sachet 40 g,4.300
206,Kebutuhan Dapur,Bahan Masakan,Mayumi Saus Mayones Pedas 100 g,7.000
207,Kebutuhan Dapur,Bahan Masakan,Sasa Gourmet MSG Bubuk 250 g,15.000
208,Kebutuhan Dapur,Bahan Masakan,Indofood Racik Bumbu Instan Nasi Goreng Spesial Sosis 3 x 20 g,5.900
209,Kebutuhan Dapur,Bahan Masakan,ABC Sambal Asli Botol 130 ml,8.200
210,Kebutuhan Dapur,Bahan Masakan,Indofood Racik Bumbu Instan Sayur Asem 33 g,2.300
211,Kebutuhan Dapur,Bahan Masakan,Indofood Racik Bumbu Spesial Gulai 45 g,7.100
212,Kebutuhan Dapur,Bahan Masakan,ABC Sambal Extreme Pedas Botol 270 ml,17.500
213,Kebutuhan Dapur,Bahan Masakan,Rasa Masa Bumbu Masak Instan Nusantara Opor Ayam 40 g,3.900
214,Kebutuhan Dapur,Bahan Masakan,Indofood Sambal Ekstra Pedas Botol 335 ml,17.400
215,Kebutuhan Dapur,Bahan Masakan,Cap Tanam Jagung Bihun Jagung 320 g,13.300
216,Kebutuhan Dapur,Bahan Masakan,Sasa Saus Sambal Ekstra Pedas Sachet 24 pcs,6.900
217,Kebutuhan Dapur,Bahan Masakan,FINNA Seleraku Kerupuk Udang Mentah 200 g,8.700
218,Kebutuhan Dapur,Bahan Masakan,Kobe Bumbu Aduk Nasi Kuning 3 x 15 g,7.500
219,Kebutuhan Dapur,Bahan Masakan,Sasa Sambal Ekstra Pedas Botol 275 ml,16.300
220,Kebutuhan Dapur,Bahan Masakan,ABC Terasi Udang 20 x 3.8 g,9.300
221,Kebutuhan Dapur,Bahan Masakan,ABC Nusantara Sambal Terasi 10 x 18 g,13.500
222,Kebutuhan Dapur,Bahan Masakan,Indofood Racik Bumbu Spesial Kare 45 g,6.800
223,Kebutuhan Dapur,Bahan Masakan,Saori Saus Oriental Saus Teriyaki Botol 135 ml,10.900
224,Kebutuhan Dapur,Bahan Masakan,Rasa Masa Bumbu Masak Instan Nusantara Gulai Ayam 40 g,3.900
225,Kebutuhan Dapur,Bahan Masakan,Alfamart Beras Merah 2 kg,44.500
226,Kebutuhan Dapur,Bahan Masakan,Barco Minyak Goreng Kelapa Pouch 1 L,59.900
227,Kebutuhan Dapur,Bahan Masakan,Alfamart Gula Merah 400 g,14.900
228,Kebutuhan Dapur,Bahan Masakan,Kobe BonCabe Max End Sambal Tabur Level 50 Botol 30 g,16.700
229,Kebutuhan Dapur,Bahan Masakan,Saori Saus Oriental Saus Tiram 23 ml,3.500
230,Kebutuhan Dapur,Bahan Masakan,Mahorahora Gula Aren Bubuk Murni 200 g,20.300
231,Kebutuhan Dapur,Bahan Masakan,Indofood Sambal Bangkok Botol 335 ml,19.000
232,Kebutuhan Dapur,Bahan Masakan,Putri Batik Beras Premium 5 kg,
233,Kebutuhan Dapur,Bahan Masakan,Befood Slyp Super Beras Premium 5 kg,74.500
234,Kebutuhan Dapur,Bahan Masakan,UN-GLU Beras M-400 5 kg,74.500
235,Kebutuhan Dapur,Bahan Masakan,Fortune Beras Pulen Premium 5 kg,73.500
236,Kebutuhan Dapur,Bahan Masakan,Sumo Beras Pulen Fortifikasi Kemasan Merah 5 kg,90.500
237,Kebutuhan Dapur,Bahan Masakan,"Desaku Marinasi Bumbu Gorengan Tempe, Ikan & Ayam 100 g",14.300
238,Kebutuhan Dapur,Bahan Masakan,Indofood Sambal Pedas Botol 275 ml,13.900
239,Kebutuhan Dapur,Bahan Masakan,Royco Saus Tiram Botol 275 ml,16.000
240,Kebutuhan Dapur,Bahan Masakan,kara Santan Krim Kelapa Siap Pakai 200 ml,21.200
241,Kebutuhan Dapur,Bahan Masakan,Sania Minyak Goreng Pouch 1 L,21.600
242,Kebutuhan Dapur,Bahan Masakan,MamaSuka Delisaos Saus Sambal Pedas Hot Lava Botol 260 ml,15.500
243,Kebutuhan Dapur,Bahan Masakan,Kobe BonCabe Sambal Tabur Level 30 Botol 40 g,13.700
244,Kebutuhan Dapur,Bahan Masakan,Kobe BonCabe Nori Sambal Tabur Level 2 20 g,13.800
245,Kebutuhan Dapur,Bahan Masakan,Alfamart Lada Putih Refill 50 g,17.900
246,Kebutuhan Dapur,Bahan Masakan,Lee Kum Kee Minyak Wijen 115 ml,50.300
247,Kebutuhan Dapur,Bahan Masakan,Haan Gula Aren 250 g,20.800
248,Kebutuhan Dapur,Bahan Masakan,bamboe Asia Bumbu Instan Tom Yum 60 g,15.400
249,Kebutuhan Dapur,Bahan Masakan,ABC Sambal Asli Botol 335 ml,18.700
250,Kebutuhan Dapur,Bahan Masakan,Indofood Sambal Ekstra Pedas Botol 135 ml,8.100
251,Kebutuhan Dapur,Bahan Masakan,Tropicana Slim Pemanis Rendah Kalori Klasik 50 x 2.5 g,54.900
252,Kebutuhan Dapur,Bahan Masakan,Maestro Salad Dressing Wijen Sangrai 100 g,6.200
253,Kebutuhan Dapur,Bahan Masakan,Del Monte Sambal Ekstra Pedas Botol 330 ml,14.200
254,Kebutuhan Dapur,Bahan Masakan,Del Monte Sambal Ekstra Pedas 24 x 8 g,8.300
255,Kebutuhan Dapur,Bahan Masakan,Tropicana Slim Pemanis Nol Kalori Diabtx 50 x 2 g,55.200
256,Kebutuhan Dapur,Bahan Masakan,Cap Kapal Garam Beryodium 500 g,
257,Kebutuhan Dapur,Bahan Masakan,Anak Ajaib Beras Premium 5 kg,
258,Kebutuhan Dapur,Bahan Masakan,Elephas Maximus Beras Slyp 5 kg,
259,Kebutuhan Dapur,Bahan Masakan,Cap Kapal Garam Beryodium 250 g,
260,Kebutuhan Dapur,Bahan Masakan,Indofood Bumbu Tabur Serbaguna Keju 25 g,
261,Kebutuhan Dapur,Bahan Masakan,Alfamart Beras Kepala 5 kg,
262,Kebutuhan Dapur,Bahan Masakan,Happy Sweet Gula Tebu Premium Bag 1 kg,
263,Kebutuhan Dapur,Bahan Masakan,Jay's Paprika Bubuk Botol 70 g,
264,Kebutuhan Dapur,Bahan Masakan,Jay's Onion Powder Bawang Bombay Bubuk Botol 90 g,
265,Kebutuhan Dapur,Bahan Masakan,Nio Rara Minyak Goreng Pet 1 L,
266,Kebutuhan Dapur,Bahan Masakan,Lee Kum Kee Kecap Asin Botol 250 ml,
267,Kebutuhan Dapur,Bahan Masakan,Cap Udang Kecap Manis 600 ml,
268,Kebutuhan Dapur,Bahan Masakan,Asli Bali Bumbu Rujak Botol 320 ml,
269,Kebutuhan Dapur,Bahan Masakan,Ghidza Sasuke Abon Tuna Original 50 g,
270,Kebutuhan Dapur,Bahan Masakan,Lee Kum Kee Saus Barbekiu 240 g,
271,Kebutuhan Dapur,Bahan Masakan,A'Fikri Sambal Dabu-Dabu Sagela 4 x 17 g,
272,Kebutuhan Dapur,Bahan Masakan,Mut Food Abon Cakalang Rica 100 g,
273,Kebutuhan Dapur,Bahan Masakan,Ceu Meti Sambal Obonk Cakalang 140 g,
274,Kebutuhan Dapur,Bahan Masakan,Lee Kum Kee Saus Tiram Cap Panda Botol 510 g,
275,Kebutuhan Dapur,Bahan Masakan,IE IE Gula Batu Kristal 200 g,
276,Kebutuhan Dapur,Bahan Masakan,Fayola Bawang Goreng 60 g,
277,Kebutuhan Dapur,Bahan Masakan,Nira Gula Semut Organik Pouch 250 g,
278,Kebutuhan Dapur,Bahan Masakan,Mawar Melati Beras SLYP Super 10 kg,
279,Kebutuhan Dapur,Bahan Masakan,2 Jempol Beras SLYP Super 5 kg,
280,Kebutuhan Dapur,Bahan Masakan,Dua Merpati Beras 10 kg,
281,Kebutuhan Dapur,Bahan Masakan,Ma'Eda Kacang Cokelat Susu 100 g,
282,Kebutuhan Dapur,Bahan Masakan,Alfamart Gula Merah 400 g,
283,Kebutuhan Dapur,Bahan Masakan,Top Anak Raja Beras Pulen Pouch 5 kg,
284,Kebutuhan Dapur,Bahan Masakan,Harumas Beras Premium Pandan Wangi 10 kg,
285,Kebutuhan Dapur,Bahan Masakan,Raja Koki Beras Premium 5 kg,
286,Kebutuhan Dapur,Bahan Masakan,169 Beras Super Premium 5 kg,
287,Kebutuhan Dapur,Bahan Masakan,Minang Raya Beras Slyp Super 5 kg,
288,Kebutuhan Dapur,Bahan Masakan,Candi Mulyo Beras Premium 5 kg,
289,Kebutuhan Dapur,Bahan Masakan,Bunaken Indah Beras Premium 10 kg,
290,Kebutuhan Dapur,Bahan Masakan,Aladdin Minyak Goreng Sawit Pouch 900 ml,
291,Kebutuhan Dapur,Bahan Masakan,Supra Salt Garam Meja Beryodium 500 g,
292,Kebutuhan Dapur,Bahan Masakan,Jawa Raya Beras Premium 5 kg,
293,Kebutuhan Dapur,Bahan Masakan,Padamu Bihun Jagung 300 g,
294,Kebutuhan Dapur,Bahan Masakan,"Desaku Bumbu Balado 12,5 g",2.800
295,Kebutuhan Dapur,Bahan Masakan,ABC Saus Bumbu Kacang Serbaguna Pouch 60 g,5.500
296,Kebutuhan Dapur,Bahan Masakan,Sasa Tepung Bumbu Ayam Goreng Renyah 900 g,18.900
297,Kebutuhan Dapur,Bahan Masakan,ABC Minyak Wijen Botol 195 ml,61.500
298,Kebutuhan Dapur,Bahan Masakan,Enak Eco Sambal Pecel Pedas 185 g,21.200
299,Kebutuhan Dapur,Bahan Masakan,Alfamart Gula Batu 250 g,11.800
300,Kebutuhan Dapur,Bahan Masakan,Tropicana Slim Pemanis Nol Kalori Diabtx 100 x 2 g,97.200
301,Kebutuhan Dapur,Bahan Masakan,Alfamart Beras Pandan Wangi 5 kg,115.500
302,Kebutuhan Dapur,Bahan Masakan,Lombok Kuning Sambal Simpati Botol 140 g,
303,Kebutuhan Dapur,Bahan Masakan,Alfamart Kacang Hijau 250 g,
304,Kebutuhan Dapur,Bahan Masakan,Alfamart Beras Pulen Wangi 5 kg,
305,Kebutuhan Dapur,Bahan Masakan,Lombok Gandaria Kecap Manis Pet 135 ml,
306,Kebutuhan Dapur,Bahan Masakan,Alfamart Gula Batu 250 g,
307,Kebutuhan Dapur,Bahan Masakan,Lombok Gandaria Kecap Manis Refill 550 ml,
308,Kebutuhan Dapur,Bahan Masakan,Lodan Garam Beriodium 500 g,
309,Kebutuhan Dapur,Bahan Masakan,Aladdin Minyak Goreng Sawit Pouch 1.8 L,
310,Kebutuhan Dapur,Bahan Masakan,Raja Banjar Sambal Acan Limau 125 g,
311,Kebutuhan Dapur,Bahan Masakan,Raja Banjar Sambal Acan Mangga 125 g,
312,Kebutuhan Dapur,Bahan Masakan,Lawson Saus Odeng Pedas Sachet,
313,Kebutuhan Dapur,Bahan Masakan,Ibu Tuty Bumbu Pecel Madiun 200 g,
314,Kebutuhan Dapur,Bahan Masakan,Cap Kolam Ikan Beras Ungu 5 kg,
315,Kebutuhan Dapur,Bahan Masakan,Alfamart Food Station Beras Merah 2 kg,
316,Kebutuhan Dapur,Bahan Masakan,Flimrice Beras Shirataki Instan Box 7 x 40 g,61.900
317,Kebutuhan Dapur,Bahan Masakan,Flimrice Beras Shirataki 1 kg,183.500
318,Kebutuhan Dapur,Bahan Masakan,Tropicana Slim Minyak Goreng Canola Botol 946 ml,74.500
319,Kebutuhan Dapur,Bahan Masakan,Koepoe KoepoePewarna Makanan Hijau Muda 30 ml,3.900
320,Kebutuhan Dapur,Bahan Masakan,Koepoe Koepoe Pasta Pewarna & Perasa Cocopandan 60 ml,7.900
321,Kebutuhan Dapur,Bahan Masakan,Koepoe Koepoe Pasta Pewarna & Perasa Cokelat 60 ml,7.900
322,Kebutuhan Dapur,Bahan Masakan,Koepoe Koepoe Pewarna Makanan Cokelat 30 ml,3.900
323,Kebutuhan Dapur,Bahan Masakan,Lee Kum Kee Kecap Asin Premium Botol 500 ml,29.900
324,Kebutuhan Dapur,Bahan Masakan,Filippo Berio Minyak Zaitun Ekstra Virgin 500 ml,143.900
325,Kebutuhan Dapur,Bahan Masakan,Filippo Berio Minyak Zaitun Ekstra Light 500 ml,117.900
326,Kebutuhan Dapur,Bahan Masakan,Heinz Saus Tomat Botol 325 g,15.900
327,Kebutuhan Dapur,Bahan Masakan,Koepoe Koepoe Daun Oregano Bumbu Dapur Botol 42 g,14.900
328,Kebutuhan Dapur,Bahan Masakan,Maestro Salad Dressing Thousand Island Botol 237 ml,16.900
329,Kebutuhan Dapur,Bahan Masakan,Maestro Salad Dressing Wijen Sangrai Botol 237 ml,17.900
330,Kebutuhan Dapur,Bahan Masakan,Fukumi Beras Porang Konjac Sachet 7 pcs,57.900
331,Kebutuhan Dapur,Bahan Masakan,ABC Sambal Asli 1 kg,22.900
332,Kebutuhan Dapur,Bahan Masakan,ABC Sambal Extra Pedas 950 g,22.900
333,Kebutuhan Dapur,Bahan Masakan,Olivoila Minyak Zaitun Ekstra Virgin 500 ml,148.900
334,Kebutuhan Dapur,Bahan Masakan,Sania Royale Minyak Goreng Kedelai Botol 1 L,42.500
335,Kebutuhan Dapur,Bahan Masakan,Koepoe Koepoe Lada Hitam Bubuk Bumbu Dapur 83 g,18.900
336,Kebutuhan Dapur,Bahan Masakan,Evyna Gula Kelapa Alami 320 g,30.900
337,Kebutuhan Dapur,Bahan Masakan,Diabetasol Pemanis Nol Kalori 100 sachet,61.600
338,Kebutuhan Dapur,Bahan Masakan,Fukumi Beras Porang Konjac Pouch 1 kg,188.900
339,Kebutuhan Dapur,Bahan Masakan,Lobo Bumbu Pasta Tom Yum 30 g,10.900
340,Kebutuhan Dapur,Bahan Masakan,Ikan Dorang Minyak Kelapa Murni 250 ml,68.900
341,Kebutuhan Dapur,Bahan Masakan,Ikan Dorang Minyak Goreng Kelapa Pouch 950 ml,56.900
342,Kebutuhan Dapur,Bahan Masakan,Dua Belibis Saus Cabai Sachet Bag 24 x 8 g,9.900
343,Kebutuhan Dapur,Bahan Masakan,ABC Sambal Asli Pouch 380 g,15.900
344,Kebutuhan Dapur,Bahan Masakan,Tudung Bumbu Nasi Kuning 55 g,12.900
345,Kebutuhan Dapur,Bahan Masakan,Tudung Bumbu Nasi Uduk 55 g,12.900
346,Kebutuhan Dapur,Bahan Masakan,Tudung Tepung Bumbu Cireng 100 g,7.900
347,Kebutuhan Dapur,Bahan Masakan,Yuuka Food Kerupuk Mawar Kecil Mentah 300 g,22.900
348,Kebutuhan Dapur,Bahan Masakan,Yuuka Food Kerupuk Mawar Besar Mentah 300 g,22.900
349,Kebutuhan Dapur,Bahan Masakan,Yuuka Food Abon Rumput Laut Original 50 g,25.900
350,Kebutuhan Dapur,Bahan Masakan,Royco Bumbu Instan Opor Ayam 45 g,5.500
351,Kebutuhan Dapur,Bahan Masakan,Royco Bumbu Instan Soto Ayam 40 g,5.500
352,Kebutuhan Dapur,Bahan Masakan,Tropicana Slim Beras Porang Instan Sachet 10 x 40 g,79.900
353,Kebutuhan Dapur,Bahan Masakan,Lee Kum Kee Saus Tiram Cap Panda Botol 255 g,24.900
354,Kebutuhan Dapur,Bahan Masakan,MamaSuka Delisaos Bumbu Pasta Instan Gochujang Pedas 200 g,15.500
355,Kebutuhan Dapur,Bahan Masakan,Bango Kecap Asin 132 g,5.500
356,Kebutuhan Dapur,Bahan Masakan,Bertolli Minyak Zaitun Ekstra Light 500 ml,148.900
357,Kebutuhan Dapur,Bahan Masakan,Lee Kum Kee Saus Tiram Jamur Botol 510 ml,52.900
358,Kebutuhan Dapur,Bahan Masakan,Tropicana Slim Santan Kelapa Bubuk Rendah Lemak 5 x 20 g,23.900
359,Kebutuhan Dapur,Bahan Masakan,Tropicana Slim Kecap Manis Bebas Gula Botol 200 ml,34.900
360,Kebutuhan Dapur,Bahan Masakan,Ellenka Fiber Creme Krimer Serbaguna 450 g,62.900
361,Kebutuhan Dapur,Bahan Masakan,Lee Kum Kee Chiu Chow Style Minyak Cabai 205 ml,42.900
362,Kebutuhan Dapur,Bahan Masakan,Burung Layang Terbang Miesoa Instan 130 g,6.900
363,Kebutuhan Dapur,Bahan Masakan,Burung Layang Terbang Mie Hongkong 140 g,13.900
364,Kebutuhan Dapur,Bahan Masakan,Kikkoman Saus Bulgogi Botol 300 g,23.900
365,Kebutuhan Dapur,Bahan Masakan,Kikkoman Kecap Asin Jepang Botol 150 ml,21.000
366,Kebutuhan Dapur,Bahan Masakan,Lee Kum Kee Saus Seafood Botol 410 ml,40.900
367,Kebutuhan Dapur,Bahan Masakan,Del Monte Saus Barbekiu Refill 1 kg,34.900
368,Kebutuhan Dapur,Bahan Masakan,Kecap Asin Cap Hati Angsa Botol 275 ml,12.500
369,Kebutuhan Dapur,Bahan Masakan,Finna Kerupuk Udang Nusantara 250 g,31.500
370,Kebutuhan Dapur,Bahan Masakan,Desaku Ketumbar Bubuk Pouch 100 g,14.900
371,Kebutuhan Dapur,Bahan Masakan,Rose Brand Bihun Jagung 320 g,10.000
372,Kebutuhan Dapur,Bahan Masakan,Del Monte Saus Barbekiu Korea Refill 250 g,10.900
373,Kebutuhan Dapur,Bahan Masakan,Burung Layang Terbang Miesoa Box 350 g,23.900
374,Kebutuhan Dapur,Bahan Masakan,Anak Raja Beras Pulen Pouch 1 kg,19.500
375,Kebutuhan Dapur,Bahan Masakan,Lee Kum Kee Saus Tiram Cap Panda Botol 770 g,63.900
376,Kebutuhan Dapur,Bahan Masakan,Finna Saus Sambal Ekstra Pedas Botol 340 ml,13.900
377,Kebutuhan Dapur,Bahan Masakan,Finna Saus untuk Ayam Goreng Botol 340 ml,19.000
378,Kebutuhan Dapur,Bahan Masakan,Sedap Wangi Kecap Inggris Botol 320 ml,34.900
379,Kebutuhan Dapur,Bahan Masakan,Maggi Seasoning Bumbu Masak Botol 100 ml,17.500
380,Kebutuhan Dapur,Bahan Masakan,Tropicana Slim Pemanis Nol Kalori Diabtx 25 s,28.900
381,Kebutuhan Dapur,Bahan Masakan,Bertolli Minyak Zaitun Ekstra Light 250 ml,76.900
382,Kebutuhan Dapur,Bahan Masakan,Bertolli Minyak Zaitun Ekstra Virgin 250 ml,82.900
383,Kebutuhan Dapur,Bahan Masakan,Filippo Berio Minyak Zaitun Murni 250 ml,72.900
384,Kebutuhan Dapur,Bahan Masakan,Filippo Berio Minyak Zaitun Ekstra Virgin 250 ml,84.900
385,Kebutuhan Dapur,Bahan Masakan,Mazola Minyak Goreng Jagung Botol 450 ml,62.000
386,Kebutuhan Dapur,Bahan Masakan,Happy Minyak Goreng Kedelai Murni Botol 1 L,50.500
387,Kebutuhan Dapur,Bahan Masakan,Happy Minyak Goreng Kedelai Murni Pouch 1 L,42.900
388,Kebutuhan Dapur,Bahan Masakan,Mazola Minyak Goreng Kanola Botol 900 ml,102.900
389,Kebutuhan Dapur,Bahan Masakan,Mazola Minyak Goreng Kedelai Botol 900 ml,102.900
390,Kebutuhan Dapur,Bahan Masakan,Filippo Berio Minyak Zaitun Ekstra Light 250 ml,72.900
391,Kebutuhan Dapur,Bahan Masakan,Tropicana Slim Minyak Jagung 946 ml,109.900
392,Kebutuhan Dapur,Bahan Masakan,Tropicana Slim Beras Merah Organik 1 kg,49.900
393,Kebutuhan Dapur,Bahan Masakan,Kobe Tepung Bumbu Kentucky Super Crispy 850 g,25.900
394,Kebutuhan Dapur,Bahan Masakan,Kongbap Beras Multi Grain Mix Original 150 g,12.900
395,Kebutuhan Dapur,Bahan Masakan,Tropicana Slim Stevia Pemanis Natural 50 s,69.000
396,Kebutuhan Dapur,Bahan Masakan,Pronas Abon Daging Sapi Original Pouch 100 g,36.500
397,Kebutuhan Dapur,Bahan Masakan,ABC Kecap Manis 825 g,26.900
398,Kebutuhan Dapur,Bahan Masakan,Mahsuri Saus Gurih Asam Manis Botol 265 g,22.900
399,Kebutuhan Dapur,Bahan Masakan,Rose Brand Sirup Fruktosa Gula Cair Rendah Kalori 500 g,19.900
400,Kebutuhan Dapur,Bahan Masakan,Tropicana Slim Minyak Bunga Matahari 946 ml,89.900
401,Kebutuhan Dapur,Bahan Masakan,Tropicana Slim Extra Virgin Olive Oil 500 ml,169.900
402,Kebutuhan Dapur,Bahan Masakan,Kikkoman Saus Teriyaki Bawang Botol 300 g,21.000
403,Kebutuhan Dapur,Bahan Masakan,Kikkoman Saus Pedas ala Korea Gochujang Botol 300 g,23.000
404,Kebutuhan Dapur,Bahan Masakan,Sedaap Kecap Manis Pouch 1 kg,25.900
405,Kebutuhan Dapur,Bahan Masakan,Tropicana Slim Beras Shirataki Instan Rasa Nasi Uduk Pouch 72 g,34.900
406,Kebutuhan Dapur,Bahan Masakan,MamaSuka Sup Krim Instan Daging Sapi Lada Hitam 55 g,8.900
407,Kebutuhan Dapur,Bahan Masakan,Pura The Purest Sea Salt Garam Kasar 300 g,39.500
408,Kebutuhan Dapur,Bahan Masakan,Masako Light Bumbu Kaldu Penyedap Rasa Ayam 50 g,4.500
409,Kebutuhan Dapur,Bahan Masakan,Kewpie Salad Dressing Caesar 200 ml,34.500
410,Kebutuhan Dapur,Bahan Masakan,Pura Garam Himalaya dengan Bawang Putih 125 g,45.000
411,Kebutuhan Dapur,Bahan Masakan,Pura Garam Himalaya dengan Lada Hitam 125 g,45.000
412,Kebutuhan Dapur,Bahan Masakan,Desaku Kunyit Bubuk Pouch 100 g,19.900
413,Kebutuhan Dapur,Bahan Masakan,Kecap Benteng SH Manis Sedang Refill 620 ml,30.900
414,Kebutuhan Dapur,Bahan Masakan,Finna Kacang Hijau Box 450 g,25.900
415,Kebutuhan Dapur,Bahan Masakan,Finna Kacang Merah Brene Bone Box 450 g,26.900
416,Kebutuhan Dapur,Bahan Masakan,Finna Jagung Popcorn Box 500 g,17.500
417,Kebutuhan Dapur,Bahan Masakan,Finna Kacang Hijau Box 450 g,25.900
418,Kebutuhan Dapur,Bahan Masakan,Finna Kacang Merah Brene Bone Box 450 g,26.900
419,Kebutuhan Dapur,Bahan Masakan,Finna Jagung Popcorn Box 500 g,17.500
420,Kebutuhan Dapur,Bahan Masakan,Tropicana Slim Kaldu Ayam dan Jamur 100 g,28.500
421,Kebutuhan Dapur,Bahan Masakan,Mayumi Saus Salad Buah 70 g,5.900
422,Kebutuhan Dapur,Bahan Masakan,Little Dragon Sambal Bawang Box 10 x 8 g,20.900
423,Kebutuhan Dapur,Bahan Masakan,Little Dragon Sambal Terasi Box 10 x 8 g,20.900
424,Kebutuhan Dapur,Bahan Masakan,Lee Kum Kee Bumbu Instan Saus Kung Pao 100 g,29.900
425,Kebutuhan Dapur,Bahan Masakan,Lee Kum Kee Bumbu Instan Nasi Ayam Hainan 100 g,29.500
426,Kebutuhan Dapur,Bahan Masakan,Kikkoman Saus Barbekiu Botol 300 g,23.000
427,Kebutuhan Dapur,Bahan Masakan,Kikkoman Saus Teriyaki Lada Hitam Botol 300 g,19.900
428,Kebutuhan Dapur,Bahan Masakan,Pura The Purest Sea Salt Garam Halus 300 g,39.500
429,Kebutuhan Dapur,Bahan Masakan,Cap Gajah Citric Acid Pengatur Keasaman Asam Sitrat 50 g,2.900
430,Kebutuhan Dapur,Bahan Masakan,TTS Pearl River Bridge Kecap Jamur Botol 150 ml,14.900
431,Kebutuhan Dapur,Bahan Masakan,TTS Pearl River Bridge Kecap Botol 150 ml,14.900
432,Kebutuhan Dapur,Bahan Masakan,Tropicana Slim Pemanis Alami Gula Buah 50 pcs,49.900
433,Kebutuhan Dapur,Bahan Masakan,Sasa Santan Kelapa Cair 1 L,69.000
434,Kebutuhan Dapur,Bahan Masakan,Sasa Saus Sambal Asli Refill 950 g,21.000
435,Kebutuhan Dapur,Bahan Masakan,Sasa Saus Tomat Refill 950 g,18.000
436,Kebutuhan Dapur,Bahan Masakan,Anak Raja Beras Setra Ramos 5 kg,74.500
437,Kebutuhan Dapur,Bahan Masakan,Saori Saus Oriental Saus Teriyaki Botol 1 L,52.500
438,Kebutuhan Dapur,Bahan Masakan,Mayumi Saus Mayones Original 1 kg,57.500
439,Kebutuhan Dapur,Bahan Masakan,Kobe Bumbu Aduk Nasi Bebek Hitam 3 x 20 g,6.500
440,Kebutuhan Dapur,Bahan Masakan,Kobe Bumbu Aduk Nasi Rendang 3 x 20 g,6.500
441,Kebutuhan Dapur,Bahan Masakan,Del Monte Saus Pasta Carbonara Jamur 180 g,17.500
442,Kebutuhan Dapur,Bahan Masakan,Del Monte Saus Pasta Carbonara 180 g,17.500
443,Kebutuhan Dapur,Bahan Masakan,Barco Minyak Goreng Kelapa Botol 2 L,120.900
444,Kebutuhan Dapur,Bahan Masakan,Abe Food Potabon Abon Sapi Pouch 100 g,40.900
445,Kebutuhan Dapur,Bahan Masakan,Abe Food Potabon Abon Ayam Pouch 100 g,37.900
446,Kebutuhan Dapur,Bahan Masakan,Tropicana Slim Beras Porang Instan 1 kg,204.900
447,Kebutuhan Dapur,Bahan Masakan,Kongbap Beras Multi Grain Mix Chiaseed & Quinoa 150 g,12.900
448,Kebutuhan Dapur,Bahan Masakan,Kongbap Beras Multi Grain Mix Shirataki 150 g,12.900
449,Kebutuhan Dapur,Bahan Masakan,Jay's Kitchen Bumbu Bawang Putih untuk Roti 20 g,16.900
450,Kebutuhan Dapur,Bahan Masakan,Jay's Kitchen Bumbu Penyedap Serbaguna 18 g,11.900
451,Kebutuhan Dapur,Bahan Masakan,Jay's Kitchen Paprika Bubuk 12 g,10.500
452,Kebutuhan Dapur,Bahan Masakan,Jay's Kitchen Daun Oregano 6 g,10.500
453,Kebutuhan Dapur,Bahan Masakan,Jay's Kitchen Daun Basil 5 g,11.000
454,Kebutuhan Dapur,Bahan Masakan,Jay's Kitchen Daun Parsley 4 g,10.500
455,Kebutuhan Dapur,Bahan Masakan,Jay's Kitchen Lada Hitam Remah 8 g,11.900
456,Kebutuhan Dapur,Bahan Masakan,Jay's Kitchen Kayu Manis Bubuk 12 g,9.500
457,Kebutuhan Dapur,Bahan Masakan,Uleg Sambal Terasi 500 g,35.900
458,Kebutuhan Dapur,Bahan Masakan,Finega Cuka Apel 250 ml,58.900
459,Kebutuhan Dapur,Bahan Masakan,Finega Cuka Lemon 250 ml,58.900
460,Kebutuhan Dapur,Bahan Masakan,Finega Cuka Nanas 250 ml,58.900
461,Kebutuhan Dapur,Bahan Masakan,Topi Koki Beras Fortifikasi Kristal 5 kg,116.500
462,Kebutuhan Dapur,Bahan Masakan,Topi Koki Beras Fortifikasi Heritage 5 kg,137.500
463,Kebutuhan Dapur,Bahan Masakan,Royco Bumbu Kaldu Penyedap Rasa Ikan 36 g,2.400
464,Kebutuhan Dapur,Bahan Masakan,Lee Kum Kee Bumbu Instan Nasi Goreng Oriental 120 g,29.500
465,Kebutuhan Dapur,Bahan Masakan,Lee Kum Kee Saus Tiram Kum Chun 510 g,36.500
466,Kebutuhan Dapur,Bahan Masakan,Beeru Stevia Pemanis Natural 5 ml,35.900
467,Kebutuhan Dapur,Bahan Masakan,Kewpie Salad Dressing dengan Keju 150 g,30.900
468,Kebutuhan Dapur,Bahan Masakan,MamaSuka Delisaos Saus Pedas Ayam Korea Honey Original 320 g,17.000
469,Kebutuhan Dapur,Bahan Masakan,MamaSuka Delisaos Saus Pedas Ayam Korea Honey Garlic 320 g,17.000
470,Kebutuhan Dapur,Bahan Masakan,Kananori Bumbu Tabur Rumput Laut Rasa Teri 30 g,15.900
471,Kebutuhan Dapur,Bahan Masakan,Kananori Bumbu Tabur Rumput Laut Rasa Cakalang 30 g,15.900
472,Kebutuhan Dapur,Bahan Masakan,Kananori Bumbu Tabur Rumput Laut Rasa Wijen 30 g,15.900
473,Kebutuhan Dapur,Bahan Masakan,Nature Beras Cokelat Organik 1 kg,29.900
474,Kebutuhan Dapur,Bahan Masakan,Nature Beras Putih Organik 1 kg,29.900
475,Kebutuhan Dapur,Bahan Masakan,Nature Beras Pandan Wangi Organik 2 kg,64.900
476,Kebutuhan Dapur,Bahan Masakan,Lee Kum Kee Saus Cabai dengan Bawang Putih 226 g,42.900
477,Kebutuhan Dapur,Bahan Masakan,Maya TunaDalam Minyak Kedelai 185 g,24.200
478,Kebutuhan Dapur,Bahan Masakan,Royco Bumbu Instan Rendang 45 g,5.900
479,Kebutuhan Dapur,Bahan Masakan,Royco Bumbu Penyedap Rasa Kaldu Ayam 220 g,9.400
480,Kebutuhan Dapur,Bahan Masakan,Maestro Thousand Island Salad Dressing 100 g,4.400
481,Kebutuhan Dapur,Bahan Masakan,Royco Bumbu Kaldu Penyedap Rasa Sapi 220 g,9.400
482,Kebutuhan Dapur,Bahan Masakan,Sania Minyak Goreng Pouch 2 L,43.000
483,Kebutuhan Dapur,Bahan Masakan,Rose Brand Gula Pasir Tebu Kuning 1 kg,17.500
484,Kebutuhan Dapur,Bahan Masakan,Indofood Racik Bumbu Spesial Soto Ayam 45 g,7.200
485,Kebutuhan Dapur,Bahan Masakan,Ajinomoto Bumbu Penyedap Umami 90 g,5.000
486,Kebutuhan Dapur,Bahan Masakan,bamboe Bumbu Instan Rawon 54 g,12.500
487,Kebutuhan Dapur,Bahan Masakan,MamaSuka Delisaos Saus Bulgogi Botol 260 ml,17.700
488,Kebutuhan Dapur,Bahan Masakan,Kecap Benteng SH Manis Sedang Botol 300 ml,17.100
489,Kebutuhan Dapur,Bahan Masakan,ABC Saus Bumbu Kacang Serbaguna 180 g,16.000
490,Kebutuhan Dapur,Bahan Masakan,Tropical Minyak Goreng Botol 1 L,23.100
491,Kebutuhan Dapur,Bahan Masakan,MamaSuka Mayones 300 g,25.700
492,Kebutuhan Dapur,Bahan Masakan,Diabetasol Nulife Pemanis Gula Tanpa Kalori 50 s,44.400
493,Kebutuhan Dapur,Bahan Masakan,Topi Koki Beras Setra Royale 5 kg,92.600
494,Kebutuhan Dapur,Bahan Masakan,Indofood Bumbu Tabur Serbaguna Barbekiu 25 g,
495,Kebutuhan Dapur,Bahan Masakan,Food Station Setra Ramos Beras Premium 5 kg,
496,Kebutuhan Dapur,Bahan Masakan,Cap Gunung Emas Beras Kotamobagu 5 kg,
497,Kebutuhan Dapur,Bahan Masakan,Alfamart Beras Merah Lokal 2 kg,
498,Kebutuhan Dapur,Bahan Masakan,Bunaken Indah Beras Premium 5 kg,
499,Kebutuhan Dapur,Bahan Masakan,Gudang Berkah Beras Kotamobagu 5 kg,
500,Kebutuhan Dapur,Bahan Masakan,Befood Punokawan Beras Premium 5 kg,
501,Kebutuhan Dapur,Bahan Masakan,Dua Belibis Saus Cabai Refill 1 kg,32.500
502,Kebutuhan Dapur,Bahan Masakan,Rose Brand Gula Halus 500 g,14.900
503,Kebutuhan Dapur,Bahan Masakan,Saori Saus Oriental Saus Tiram Botol 1 L,51.900
504,Kebutuhan Dapur,Bahan Masakan,"Desaku Bumbu Sambal Goreng 12,5 g",2.800
505,Kebutuhan Dapur,Bahan Masakan,Del Monte Saus Lada Hitam Refill 250 g,10.900
506,Kebutuhan Dapur,Bahan Masakan,Bango Kecap Manis Hitam Gurih Refill 550 g,11.900
507,Kebutuhan Dapur,Bahan Masakan,Bimoli Minyak Goreng Pouch 1 L,20.400
508,Kebutuhan Dapur,Bahan Masakan,Bimoli Special Minyak Goreng Pouch 2 L,41.300
509,Kebutuhan Dapur,Bahan Masakan,Bumboo Bumbu Keju 75 g,34.500
510,Kebutuhan Dapur,Bahan Masakan,Bumbu Bunda Minyak Kelapa 500 ml,65.900
511,Kebutuhan Dapur,Bahan Masakan,Bumbu Bunda Elia BB Booster Minyak Lemak Sapi 100 ml,29.900
512,Kebutuhan Dapur,Bahan Masakan,Bumbu Bunda Santan Kelapa Bubuk 50 g,41.900
513,Kebutuhan Dapur,Bahan Masakan,Tudung Tepung Bumbu Perkedel 50 g,4.900
514,Kebutuhan Dapur,Bahan Masakan,Topi Koki Beras Long Grain Kristal 2.5 kg,58.900
515,Kebutuhan Dapur,Bahan Masakan,Garuda Popcorn Instant Rasa Caramel Butter 80 g,10.200
516,Kebutuhan Dapur,Bahan Masakan,Bimoli Minyak Goreng Pouch 2 L,39.900
517,Kebutuhan Dapur,Bahan Masakan,"Desaku Bumbu Kari 12,5 g",2.800
518,Kebutuhan Dapur,Bahan Masakan,Grouu Minyak Lemak Ayam Botol 250 ml,36.500
519,Kebutuhan Dapur,Bahan Masakan,Grouu Bumbu Kaldu Ayam Anak 90 g,21.500
520,Kebutuhan Dapur,Bahan Masakan,Grouu Bumbu Kaldu Sapi Anak 90 g,21.500
521,Kebutuhan Dapur,Bahan Masakan,Grouu Minyak Lemak Sapi Botol 250 ml,47.500
522,Kebutuhan Dapur,Bahan Masakan,Grouu Bumbu Santan Kelapa Anak 50 g,15.900
523,Kebutuhan Dapur,Bahan Masakan,Grouu Bumbu Keju Anak 85 g,17.500
524,Kebutuhan Dapur,Bahan Masakan,"Desaku Bumbu Gulai Padang 12,5 g",2.800
525,Kebutuhan Dapur,Bahan Masakan,Koepoe Koepoe Pasta Pewarna & Perasa Vanila 60 ml,7.900
526,Kebutuhan Dapur,Bahan Masakan,Dua Belibis Saus Cabai Botol 650 g,26.900
527,Kebutuhan Dapur,Bahan Masakan,Lee Kum Kee Minyak Wijen Murni 207 ml,68.900
528,Kebutuhan Dapur,Bahan Masakan,Maestro Mayones Refill 1 kg,30.900
529,Kebutuhan Dapur,Bahan Masakan,"Desaku Bumbu Opor 12,5 g",2.800
530,Kebutuhan Dapur,Bahan Masakan,Kobe Selera Bumbu Instan Opor Ayam 75 g,3.000
531,Kebutuhan Dapur,Bahan Masakan,Mahsuri Saus Cabe Botol 235 g,9.900
532,Kebutuhan Dapur,Bahan Masakan,Kobe Selera Bumbu Instan Soto Ayam 75 g,3.000
533,Kebutuhan Dapur,Bahan Masakan,Bumbu Bunda Elia BB Booster Minyak Lemak Ayam 100 ml,29.900
534,Kebutuhan Dapur,Bahan Masakan,Bumboo Bumbu Kaldu Jamur 75 g,32.900
535,Kebutuhan Dapur,Bahan Masakan,Totole Kaldu Rasa Jamur 400 g,56.900
536,Kebutuhan Dapur,Bahan Masakan,Koepoe Koepoe Perisa Alami Bawang Putih Bubuk 130 g,14.900
537,Kebutuhan Dapur,Bahan Masakan,ABC Minyak Wijen Botol 195 ml,61.500
538,Kebutuhan Dapur,Bahan Masakan,Alfamart Beras Pandan Wangi 5 kg,115.500
539,Kebutuhan Dapur,Bahan Masakan,Koepoe Koepoe Daun Parsley Bumbu Dapur Botol 19 g,10.900
540,Kebutuhan Dapur,Bahan Masakan,Finna Kecap Ikan Cap Kerang Botol 200 ml,17.500
541,Kebutuhan Dapur,Bahan Masakan,Anak Raja Beras Organik Aromatik 5 kg,129.000
542,Kebutuhan Dapur,Bahan Masakan,Kobe Tepung Bumbu Kentucky Super Crispy 850 g,25.900
543,Kebutuhan Dapur,Bahan Masakan,Dua Belibis Saus Tomat Refill 1 kg,17.900
544,Kebutuhan Dapur,Bahan Masakan,Bango Kecap Manis Refill 1.5 kg,49.900
545,Kebutuhan Dapur,Bahan Masakan,Topi Koki Beras Fortifikasi Kristal 5 kg,116.500
546,Kebutuhan Dapur,Bahan Masakan,Bango Kecap Manis Hitam Gurih Refill 550 g,11.900
547,Kebutuhan Dapur,Bahan Masakan,Koepoe Koepoe Lada Hitam Bubuk Bumbu Dapur 83 g,18.900
548,Kebutuhan Dapur,Bahan Roti & Kue,Rose Brand Tepung Ketan Putih 500 g,17.400
549,Kebutuhan Dapur,Bahan Roti & Kue,Pondan Brownies Kukus 230 g,16.300
550,Kebutuhan Dapur,Bahan Roti & Kue,Sasa Tepung Bumbu Pisang Goreng Vanila 210 g,7.700
551,Kebutuhan Dapur,Bahan Roti & Kue,Kunci Biru Tepung Terigu 1 kg,14.200
552,Kebutuhan Dapur,Bahan Roti & Kue,Blue Band Serbaguna Margarin Tub 230 g,18.500
553,Kebutuhan Dapur,Bahan Roti & Kue,MEG Keju Cheddar Serbaguna Box 160 g,11.900
554,Kebutuhan Dapur,Bahan Roti & Kue,Frisian Flag Keju Cheddar Blok 150 g,16.300
555,Kebutuhan Dapur,Bahan Roti & Kue,MEG Keju Serbaguna Lembaran 10 s,12.500
556,Kebutuhan Dapur,Bahan Roti & Kue,ForVita Margarin Serbaguna Box 250 g,12.700
557,Kebutuhan Dapur,Bahan Roti & Kue,Segitiga Biru Tepung Terigu 1 kg,14.900
558,Kebutuhan Dapur,Bahan Roti & Kue,ForVita Margarin Cup 200 g,7.000
559,Kebutuhan Dapur,Bahan Roti & Kue,ForVita Margarin Serbaguna 200 g,6.400
560,Kebutuhan Dapur,Bahan Roti & Kue,Sania Tepung Terigu Serbaguna 1 kg,13.700
561,Kebutuhan Dapur,Bahan Roti & Kue,Blue Band Serbaguna Margarin 200 g,9.900
562,Kebutuhan Dapur,Bahan Roti & Kue,Kraft Keju Cheddar 150 g,19.900
563,Kebutuhan Dapur,Bahan Roti & Kue,Blue Band 5 In1 Serbaguna Margarin 190 g,6.900
564,Kebutuhan Dapur,Bahan Roti & Kue,Blue Band Margarin Kue & Cookie Sachet 200 g,14.200
565,Kebutuhan Dapur,Bahan Roti & Kue,WinCheez Keju Cheedar Olahan Gold Box 170 g,10.800
566,Kebutuhan Dapur,Bahan Roti & Kue,Prochiz Keju Cheddar Olahan Oles 160 g,14.800
567,Kebutuhan Dapur,Bahan Roti & Kue,Prochiz Gold Keju Cheddar Olahan Box 160 g,16.200
568,Kebutuhan Dapur,Bahan Roti & Kue,Cap Pak Tani Gunung Tepung Tapioka 500 g,13.600
569,Kebutuhan Dapur,Bahan Roti & Kue,Kobe Tepung Tempe Goreng Kriuk 200 g,7.500
570,Kebutuhan Dapur,Bahan Roti & Kue,Colatta Cokelat Compound Hitam 180 g,23.900
571,Kebutuhan Dapur,Bahan Roti & Kue,MamaSuka Tepung Roti 100 g,9.500
572,Kebutuhan Dapur,Bahan Roti & Kue,Kraft Keju Cheddar Mini 30 g,6.200
573,Kebutuhan Dapur,Bahan Roti & Kue,Maizenaku Corn Starch 150 g,7.500
574,Kebutuhan Dapur,Bahan Roti & Kue,WinCheez Keju Cheedar Olahan Spreadable 150 g,11.500
575,Kebutuhan Dapur,Bahan Roti & Kue,Rose Brand Tepung Beras Putih 500 g,12.500
576,Kebutuhan Dapur,Bahan Roti & Kue,Koepoe Koepoe Soda Kue 81 g,6.100
577,Kebutuhan Dapur,Bahan Roti & Kue,Kraft Keju Quick Melt + Mozza 150 g,26.500
578,Kebutuhan Dapur,Bahan Roti & Kue,Prochiz Slices Keju Cheddar Lembaran 10 s,14.800
579,Kebutuhan Dapur,Bahan Roti & Kue,Koepoe Koepoe Baking Powder Pengembang Kue 45 g,7.400
580,Kebutuhan Dapur,Bahan Roti & Kue,Prochiz Quick Melt Keju Cheddar Olahan 160 g,27.500
581,Kebutuhan Dapur,Bahan Roti & Kue,Kraft Keju Cheddar All In 1 150 g,18.200
582,Kebutuhan Dapur,Bahan Roti & Kue,Koepoe Koepoe SP Pengemulsi Bahan Kue 30 g,10.200
583,Kebutuhan Dapur,Bahan Roti & Kue,Van Houten Kakao Bubuk Box 80 g,30.800
584,Kebutuhan Dapur,Bahan Roti & Kue,Koepoe Koepoe Perisa Vanila Bahan Kue 20 g,9.400
585,Kebutuhan Dapur,Bahan Roti & Kue,NutriCake Brownies Coklat 230 g,13.400
586,Kebutuhan Dapur,Bahan Roti & Kue,Sania Tepung Beras 500 g,12.200
587,Kebutuhan Dapur,Bahan Roti & Kue,Kraft Keju Cheddar Singles 8 Lembar,22.500
588,Kebutuhan Dapur,Bahan Roti & Kue,Emina Cheese Shred Box 160 g,12.500
589,Kebutuhan Dapur,Bahan Roti & Kue,Emina Keju Mozzarella Box 160 g,27.800
590,Kebutuhan Dapur,Bahan Roti & Kue,Emina Cheese Mozza Keju Lembaran Mozzarella & Cheddar 5 x 15 g,13.000
591,Kebutuhan Dapur,Bahan Roti & Kue,FITRI Margarin Serbaguna 200 g,
592,Kebutuhan Dapur,Bahan Roti & Kue,Anchor Unsalted Butter Mentega Asli New Zealand 200 g,
593,Kebutuhan Dapur,Bahan Roti & Kue,Anchor Salted Butter Mentega Asli New Zealand 200 g,
594,Kebutuhan Dapur,Bahan Roti & Kue,Windmolen Kakao Bubuk Box 80 g,
595,Kebutuhan Dapur,Bahan Roti & Kue,Arla Kids Cheese Stick 18 g,
596,Kebutuhan Dapur,Bahan Roti & Kue,Anchor Minidish Salted Butter 10 x 7 g - Mentega Asli New Zealand,
597,Kebutuhan Dapur,Bahan Roti & Kue,Anchor Minidish Unsalted Butter Asli New Zealand 10 x 7 g,
598,Kebutuhan Dapur,Bahan Roti & Kue,Kobe Tepung Roti Crispy 200 g,10.500
599,Kebutuhan Dapur,Bahan Roti & Kue,Filma Margarin Serbaguna 200 g,6.500
600,Kebutuhan Dapur,Bahan Roti & Kue,Prochiz Gold Slices Keju Cheddar Lembaran 12 s,13.500
601,Kebutuhan Dapur,Bahan Roti & Kue,Rose Brand Corn Starch Pati Jagung Tepung Maizena 250 g,7.900
602,Kebutuhan Dapur,Bahan Roti & Kue,TULIP Cokelat Compound Hitam 225 g,24.500
603,Kebutuhan Dapur,Bahan Roti & Kue,Prochiz Quick Melt Keju Cheddar Olahan Slice 5 s,10.100
604,Kebutuhan Dapur,Bahan Roti & Kue,MamaSuka Tepung Maizena 150 g,5.600
605,Kebutuhan Dapur,Bahan Roti & Kue,Maizenaku Tepung Pati Jagung 300 g,11.900
606,Kebutuhan Dapur,Bahan Roti & Kue,Sunpride Selai Filling Rasa Nanas 500 g,38.500
607,Kebutuhan Dapur,Bahan Roti & Kue,Koepoe Koepoe TBM Pengemulsi Bahan Kue 80 g,11.900
608,Kebutuhan Dapur,Bahan Roti & Kue,Simas Palmia Margarin Serbaguna 200 g,6.400
609,Kebutuhan Dapur,Bahan Roti & Kue,Palmia Margarin Butter Sachet 200 g,8.900
610,Kebutuhan Dapur,Bahan Roti & Kue,Kompas Tepung Terigu Serbaguna Premium 1 kg,
611,Kebutuhan Dapur,Bahan Roti & Kue,Haan Pancake Mix Tepung Kue Vanila 180 g,18.900
612,Kebutuhan Dapur,Bahan Roti & Kue,Haan Pancake Mix Tepung Kue Cokelat 150 g,18.900
613,Kebutuhan Dapur,Bahan Roti & Kue,Haan Pancake Mix Tepung Kue Keju 150 g,18.900
614,Kebutuhan Dapur,Bahan Roti & Kue,Haan Ragi Instan 44 g,16.000
615,Kebutuhan Dapur,Bahan Roti & Kue,Haan Wippy Cream Pouch 200 g,45.900
616,Kebutuhan Dapur,Bahan Roti & Kue,Colatta Glaze Topping & Dekorasi Tiramisu 250 g,21.500
617,Kebutuhan Dapur,Bahan Roti & Kue,Wijsman Preserved Dutch Butter 200 g,109.500
618,Kebutuhan Dapur,Bahan Roti & Kue,Pondan Pancake Mix Original 250 g,18.500
619,Kebutuhan Dapur,Bahan Roti & Kue,Colatta Glaze Topping & Dekorasi Dark Cokelat 250 g,22.000
620,Kebutuhan Dapur,Bahan Roti & Kue,Coco Nasi Matahari Dua Walet Tepung Agar-agar untuk Beras 7x3 g,18.500
621,Kebutuhan Dapur,Bahan Roti & Kue,OREO Cookie Crumb Original 1 kg,79.000
622,Kebutuhan Dapur,Bahan Roti & Kue,Pondan Pancake Mix Keju 125 g,13.900
623,Kebutuhan Dapur,Bahan Roti & Kue,Pondan Pancake Mix Cokelat 125 g,13.900
624,Kebutuhan Dapur,Bahan Roti & Kue,Pondan Tepung Bakso Goreng 100 g,6.800
625,Kebutuhan Dapur,Bahan Roti & Kue,Francis Tepung Premix Pancake Mix Original 200 g,17.500
626,Kebutuhan Dapur,Bahan Roti & Kue,Francis Tepung Premix Pancake Mix Cokelat 200 g,17.500
627,Kebutuhan Dapur,Bahan Roti & Kue,Colatta Choco Chips 150 g,19.900
628,Kebutuhan Dapur,Bahan Roti & Kue,Gasol Tepung Organik Kacang Hijau 200 g,18.900
629,Kebutuhan Dapur,Bahan Roti & Kue,Gasol Tepung Organik Beras Merah 200 g,18.900
630,Kebutuhan Dapur,Bahan Roti & Kue,Gasol Tepung Organik Beras Putih 200 g,18.900
631,Kebutuhan Dapur,Bahan Puding & Agar-Agar,Nutrijell Jeli Serbuk Instan Leci 15 g,4.900
632,Kebutuhan Dapur,Bahan Puding & Agar-Agar,Swallow Globe Tepung Agar-Agar Plain 7 g,6.000
633,Kebutuhan Dapur,Bahan Puding & Agar-Agar,Swallow Globe Tepung Agar-Agar Merah 7 g,6.000
634,Kebutuhan Dapur,Bahan Puding & Agar-Agar,Nutrijell Jeli Serbuk Instan Kopi 20 g,7.800
635,Kebutuhan Dapur,Bahan Puding & Agar-Agar,Nutrijell Jeli Serbuk Instan Rasa Dark Cokelat 24 g,7.800
636,Kebutuhan Dapur,Bahan Puding & Agar-Agar,Nutrijell Jeli Serbuk Instan Anggur 15 g,4.900
637,Kebutuhan Dapur,Bahan Puding & Agar-Agar,Nutrijell My Vla Bubuk Instan Vla Vanila 60 g,7.100
638,Kebutuhan Dapur,Bahan Puding & Agar-Agar,Nutrijell Puding Instan Belgian Chocolate 130 g,13.800
639,Kebutuhan Dapur,Bahan Puding & Agar-Agar,Nutrijell Puding Instan Susu Rasa Coklat Pouch 145 g,14.100
640,Kebutuhan Dapur,Bahan Puding & Agar-Agar,Haan Puding Instan Cokelat 130 g,10.900
641,Kebutuhan Dapur,Bahan Puding & Agar-Agar,Nutrijell Puding Instan Susu Rasa Mangga Pouch 170 g,11.800
642,Kebutuhan Dapur,Bahan Puding & Agar-Agar,Mom's Recipe Silky Pudding Instan Matcha 100 g,13.600
643,Kebutuhan Dapur,Bahan Puding & Agar-Agar,Mom's Recipe Silky Pudding Instan Cokelat 110 g,13.600
644,Kebutuhan Dapur,Bahan Puding & Agar-Agar,Nutrijell Puding Instan Instan Susu Stroberi 145 g,11.800
645,Kebutuhan Dapur,Bahan Puding & Agar-Agar,Nutrijell Jeli Serbuk Instan Coklat 30 g,8.100
646,Kebutuhan Dapur,Bahan Puding & Agar-Agar,Nutrijell Jeli Serbuk Instan Stroberi 15 g,6.600
647,Kebutuhan Dapur,Bahan Puding & Agar-Agar,Nutrijell Jeli Serbuk Instan Mangga 15 g,6.400
648,Kebutuhan Dapur,Bahan Puding & Agar-Agar,Nutrijell Jeli Serbuk Instan Cincau 15 g,6.400
649,Kebutuhan Dapur,Bahan Puding & Agar-Agar,Nutrijell Jeli Serbuk Instan Plain 15 g,6.400
650,Kebutuhan Dapur,Bahan Puding & Agar-Agar,Mom's Recipe Silky Pudding Instan Peach155 g,13.500
651,Kebutuhan Dapur,Bahan Puding & Agar-Agar,Mom's Recipe Silky Puding Instan Biskuit 155 g,13.500
652,Kebutuhan Dapur,Bahan Puding & Agar-Agar,Mom's Recipe Silky Pudding Instan Alpukat 155 g,13.500
653,Kebutuhan Dapur,Bahan Puding & Agar-Agar,Mom's Recipe Silky Pudding Instan Leci 155 g,13.500
654,Kebutuhan Dapur,Bahan Puding & Agar-Agar,Pondan Puding Mix Silky Cokelat 100 g,11.500
655,Kebutuhan Dapur,Bahan Puding & Agar-Agar,Mom's Recipe Silky Pudding Instan Stroberi 155 g,13.500
656,Kebutuhan Dapur,Bahan Puding & Agar-Agar,Mom's Recipe Silky Pudding Instan Bubble Gum 155 g,13.500
657,Kebutuhan Ibu & Anak,Makanan Bayi & Anak,Promina Multigrain Cookies Blubbery Cheese Oat 42 g,7.500
658,Kebutuhan Ibu & Anak,Makanan Bayi & Anak,Promina Puffs Snack Bayi Bluberi 15 g,7.900
659,Kebutuhan Ibu & Anak,Makanan Bayi & Anak,Promina Bubur Bayi Ayam Kampung Brokoli Keju 120 g,18.200
660,Kebutuhan Ibu & Anak,Makanan Bayi & Anak,Promina Mi Batita Ayam Kampung Box 75 g,12.400
661,Kebutuhan Ibu & Anak,Makanan Bayi & Anak,Promina Sup Mi Bayi Rasa Daging Sayur 84 g,12.400
662,Kebutuhan Ibu & Anak,Makanan Bayi & Anak,Promina Pasta Mac and Cheese 70 g,10.600
663,Kebutuhan Ibu & Anak,Makanan Bayi & Anak,Sun Bubur Bayi Ekonomis Beras Merah 120 g,7.500
664,Kebutuhan Ibu & Anak,Makanan Bayi & Anak,Promina Bubur Bayi Tim Daging dan Brokoli 100 g,16.500
665,Kebutuhan Ibu & Anak,Makanan Bayi & Anak,Promina Pasta Spageti Bolognese 60 g,10.600
666,Kebutuhan Ibu & Anak,Makanan Bayi & Anak,SUN Biskuit Marie Keju Anak 80 g,9.600
667,Kebutuhan Ibu & Anak,Makanan Bayi & Anak,Sun Bubur Bayi Ekonomis Pisang 120 g,7.500
668,Kebutuhan Ibu & Anak,Makanan Bayi & Anak,Promina Softcorn Snack Bayi Rasa Buttermilk 15 g,9.200
669,Kebutuhan Ibu & Anak,Makanan Bayi & Anak,Nestle Cerelac Bubur Bayi Sereal Instant Beras Merah 120 g,12.500
670,Kebutuhan Ibu & Anak,Makanan Bayi & Anak,Promina Yogurt Melts Snack Bayi Rasa Stroberi 8 g,14.900
671,Kebutuhan Ibu & Anak,Makanan Bayi & Anak,Promina Rice Cracker Rasa Mix Berries 20 g,16.500
672,Kebutuhan Ibu & Anak,Makanan Bayi & Anak,SUN Biskuit Bayi Marie Susu 150 g,16.100
673,Kebutuhan Ibu & Anak,Makanan Bayi & Anak,Promina Yogurt Melts Snack Bayi Rasa Susu 8 g,14.900
674,Kebutuhan Ibu & Anak,Makanan Bayi & Anak,Promina Bubur Bayi Tim Ayam Kampung Tomat Wortel 100 g,16.500
675,Kebutuhan Ibu & Anak,Makanan Bayi & Anak,Promina Melty Buns Biskuit Mini Original 42 g,9.900
676,Kebutuhan Ibu & Anak,Makanan Bayi & Anak,Promina Biskuit Bayi Marie Susu 150 g,19.000
677,Kebutuhan Ibu & Anak,Makanan Bayi & Anak,Milna Bubur Bayi DHA Sup Ayam Wortel 100 g,16.800
678,Kebutuhan Ibu & Anak,Makanan Bayi & Anak,Milna Biskuit Bayi Pisang 110 g,19.100
679,Kebutuhan Ibu & Anak,Makanan Bayi & Anak,Promina Baby Crunchies Snack Bayi Krim Ayam Brokoli 20 g,11.500
680,Kebutuhan Ibu & Anak,Makanan Bayi & Anak,Milna Bubur Bayi Instan Tim Hati Ayam Bayam 100 g,16.800
681,Kebutuhan Ibu & Anak,Makanan Bayi & Anak,Yummy Bites Rice Crackers Snack Bayi Pisang 25 g,17.200
682,Kebutuhan Ibu & Anak,Makanan Bayi & Anak,Milna Wgain Bubur Bayi Ayam Bayam 120 g,34.400
683,Kebutuhan Ibu & Anak,Makanan Bayi & Anak,Nestle Cerelac Bubur Bayi Sereal Instant Susu Pisang 120 g,18.900
684,Kebutuhan Ibu & Anak,Makanan Bayi & Anak,Alamii Honey Permen Gummy Anak Tropical Rush 40 g,12.400
685,Kebutuhan Ibu & Anak,Makanan Bayi & Anak,Milna Biskuit Bayi Original 110 g,19.100
686,Kebutuhan Ibu & Anak,Makanan Bayi & Anak,Alamii Honey Permen Gummy Anak Wild Berries 40 g,12.900
687,Kebutuhan Ibu & Anak,Makanan Bayi & Anak,Promina Multigrain Cookies Choco Almond Quinoa 42 g,7.500
688,Kebutuhan Ibu & Anak,Makanan Bayi & Anak,Promina Bubur Bayi Salmon Labu Madu Box 120 g,18.200
689,Kebutuhan Ibu & Anak,Makanan Bayi & Anak,Promina Puffs Snack Bayi Wagyu Beef 15 g,7.900
690,Kebutuhan Ibu & Anak,Makanan Bayi & Anak,Alamii Snack Anak Golden Veggie Rasa Jagung Manis & Wortel Puffs 15 g,9.400
691,Kebutuhan Ibu & Anak,Makanan Bayi & Anak,Nestle Cerelac Bubur Bayi Sereal Instant Kacang Hijau 120 g,12.400
692,Kebutuhan Ibu & Anak,Makanan Bayi & Anak,Sun Bubur Bayi Beras Merah 120 g,11.100
693,Kebutuhan Ibu & Anak,Makanan Bayi & Anak,Alamii Snack Anak Cheese Puffs Rasa Keju Cheddar Pouch 15 g,9.400
694,Kebutuhan Ibu & Anak,Makanan Bayi & Anak,Sun Bubur Bayi Ayam Kampung & Bayam 120 g,11.800
695,Kebutuhan Ibu & Anak,Makanan Bayi & Anak,Milna Crunch Berries Yogurt Snack Bayi Box 20 g,9.900
696,Kebutuhan Ibu & Anak,Makanan Bayi & Anak,Promina Puffs Snack Bayi Pisang 15 g,7.900
697,Kebutuhan Ibu & Anak,Makanan Bayi & Anak,Milna Nature Puffs Organik Snack Bayi Keju 15 g,7.900
698,Kebutuhan Ibu & Anak,Makanan Bayi & Anak,Milna Nature Puffs Organic Snack Bayi Apel & Mix Berries 15 g,7.900
699,Kebutuhan Ibu & Anak,Makanan Bayi & Anak,Promina Puffs Snack Bayi Apel Stroberi 15 g,7.900
700,Kebutuhan Ibu & Anak,Makanan Bayi & Anak,Promina Softcorn Snack Bayi Rasa Yogurt Stroberi 15 g,
701,Kebutuhan Ibu & Anak,Makanan Bayi & Anak,Milna Crunch Cheese Snack Bayi Box 20 g,
702,Kebutuhan Ibu & Anak,Makanan Bayi & Anak,Abe Food Kindy Biskwit Camilan Anak Rasa Sayur Pouch 40 g,
703,Kebutuhan Ibu & Anak,Makanan Bayi & Anak,Promina Pasta Bayi Ayam Bayam Creamy 60 g,9.900
704,Kebutuhan Ibu & Anak,Makanan Bayi & Anak,Milna Biskuit Bayi Finger Original 52 g,9.500
705,Kebutuhan Ibu & Anak,Makanan Bayi & Anak,Promina Silky Puding Bayi Rasa Cokelat 100 g,13.900
706,Kebutuhan Ibu & Anak,Makanan Bayi & Anak,Grandville Popcorn Gourmet Anak Karamel 50 g,21.900
707,Kebutuhan Ibu & Anak,Makanan Bayi & Anak,Pureats Snack Anak Buah Kering Dragon Fruit Mulberry 15 g,29.900
708,Kebutuhan Ibu & Anak,Makanan Bayi & Anak,Promina Baby Crunchies Snack Bayi Keju Cheddar 20 g,11.500
709,Kebutuhan Ibu & Anak,Makanan Bayi & Anak,Promina Arrowroot Biskuit Bayi Keju 110 g,21.500
710,Kebutuhan Ibu & Anak,Makanan Bayi & Anak,Promina Arrowroot Biskuit Bayi Cokelat 110 g,18.900
711,Kebutuhan Ibu & Anak,Makanan Bayi & Anak,Yummy Bites Rice Crackers Snack Bayi Bluberi 25 g,17.200
712,Kebutuhan Ibu & Anak,Makanan Bayi & Anak,Promina Rice Crackers Snack Bayi Beef Broccoli 20 g,13.900
713,Kebutuhan Ibu & Anak,Makanan Bayi & Anak,Promina Sup Mi Bayi Rasa Ayam dan Sayur 81 g,11.700
714,Kebutuhan Ibu & Anak,Makanan Bayi & Anak,Milna Nature Puffs Organic Snack Bayi Pisang 15 g,7.900
715,Kebutuhan Ibu & Anak,Makanan Bayi & Anak,Alamii Snack Anak Cokelat Puffs Rasa Real Belgian Cokelat 18 g,10.200
716,Kebutuhan Ibu & Anak,Makanan Bayi & Anak,Milna Rice Crackers Snack Bayi Apel Jeruk 20 g,14.900
717,Kebutuhan Ibu & Anak,Makanan Bayi & Anak,Monde Potato Boro Snack Anak Cookies Kentang Rasa Jeruk 100 g,9.900
718,Kebutuhan Ibu & Anak,Makanan Bayi & Anak,Yummy Bites Crackers 123 Snack Bayi Pisang 50 g,27.900
719,Kebutuhan Ibu & Anak,Makanan Bayi & Anak,Yummy Bites Crackers 123 Snack Bayi Stroberi 50 g,27.900
720,Kebutuhan Ibu & Anak,Makanan Bayi & Anak,Yummy Bites Organic Makanan Bayi Mi Brokoli & Ubi 80 g,16.900
721,Kebutuhan Ibu & Anak,Makanan Bayi & Anak,Yummy Bites Organic Makanan Bayi Mi Kangkung dan Bit 80 g,16.900
722,Kebutuhan Ibu & Anak,Makanan Bayi & Anak,Yummy Bites Organic Makanan Bayi Mi Bayam & Labu 80 g,16.900
723,Kebutuhan Ibu & Anak,Makanan Bayi & Anak,Alamii Snack Anak Oat & Milk Biscuits 60 g,14.900
724,Kebutuhan Ibu & Anak,Makanan Bayi & Anak,Alamii Snack Anak Milk & Cocoa Biscuits 60 g,14.900
725,Kebutuhan Ibu & Anak,Makanan Bayi & Anak,Alamii Snack Anak Seaweed & Veggie Biscuits 60 g,14.900
726,Kebutuhan Ibu & Anak,Makanan Bayi & Anak,Pureats Organik Snack Anak Puffs Rasa Apel 30 g,27.900
727,Kebutuhan Ibu & Anak,Makanan Bayi & Anak,Pureats Organik Snack Anak Puffs Rasa Berries 30 g,27.900
728,Kebutuhan Ibu & Anak,Makanan Bayi & Anak,Pureats Organik Snack Anak Melty Stick Rasa Mangga Peach Brokoli 30 g,27.900
729,Kebutuhan Ibu & Anak,Makanan Bayi & Anak,Pureats Organik Snack Anak Melty Stick Rasa Stroberi Beetroot 30 g,27.900
730,Kebutuhan Ibu & Anak,Makanan Bayi & Anak,Pureats Snack Anak Buah Kering Apel Mangga 15 g,29.900
731,Kebutuhan Ibu & Anak,Makanan Bayi & Anak,Pureats Snack Anak Buah Kering Pisang Stroberi 15 g,29.900
732,Kebutuhan Ibu & Anak,Makanan Bayi & Anak,Pureats Snack Yogurt Anak Smoothie Melts Rasa Pisang Nanas 18 g,29.900
733,Kebutuhan Ibu & Anak,Makanan Bayi & Anak,Alamii Lil' Puffs Edisi Disney Strawberry Milk 15 g,9.900
734,Kebutuhan Ibu & Anak,Makanan Bayi & Anak,Alamii Lil' Puffs Edisi Disney Banana Milk 15 g,9.900
735,Kebutuhan Ibu & Anak,Makanan Bayi & Anak,Grandville Abon Sapi Anak Pedas 90 g,26.500
736,Kebutuhan Ibu & Anak,Makanan Bayi & Anak,Grandville Abon Ayam Anak Pedas 90 g,25.500
737,Kebutuhan Ibu & Anak,Makanan Bayi & Anak,Grandville Abon Ikan Anak Pedas 90 g,26.500
738,Kebutuhan Ibu & Anak,Makanan Bayi & Anak,Sun Bubur Bayi Sereal Liwet Ayam Kampung 120 g,9.900
739,Kebutuhan Ibu & Anak,Makanan Bayi & Anak,Milna Bubur Bayi Organik Creamy Quinoa & Berries 100 g,37.700
740,Kebutuhan Ibu & Anak,Makanan Bayi & Anak,Milna Goodmil Bubur Bayi Beras Merah Semur Ayam 100 g,25.900
741,Kebutuhan Ibu & Anak,Makanan Bayi & Anak,Milna Biskuit Bayi Jeruk 110 g,16.900
742,Kebutuhan Ibu & Anak,Makanan Bayi & Anak,Yummy Bites Greek Yogurt Custard Cokelat 100 g,19.500
743,Kebutuhan Ibu & Anak,Makanan Bayi & Anak,Serena Folabee Biskuit Anak Rasa Cokelat 75 g,8.900
744,Kebutuhan Ibu & Anak,Makanan Bayi & Anak,Yummy Bites Bebe Roll Snack Bayi Bluberi 40 g,34.900
745,Kebutuhan Ibu & Anak,Makanan Bayi & Anak,"Yummy Bites Greek Yogurt Markisa, Mangga, Apel & Pisang 100 g",17.900
746,Kebutuhan Ibu & Anak,Makanan Bayi & Anak,PoiPoi Snack Anak Bervitamin Vegie 25 g,21.000
747,Kebutuhan Ibu & Anak,Makanan Bayi & Anak,PoiPoi Snack Anak Bervitamin Milky 25 g,21.000
748,Kebutuhan Ibu & Anak,Makanan Bayi & Anak,PoiPoi Snack Anak Bervitamin Mix Fruits 25 g,21.000
749,Kebutuhan Ibu & Anak,Makanan Bayi & Anak,Omo Crunch It Camilan Anak Stroberi Pouch 25 g,16.900
750,Kebutuhan Ibu & Anak,Makanan Bayi & Anak,Omo Crunch It Camilan Anak Keju Pouch 25 g,16.900
751,Kebutuhan Ibu & Anak,Makanan Bayi & Anak,Omo Krispy-O Camilan Anak Apel Stroberi Pouch 15 g,6.000
752,Kebutuhan Ibu & Anak,Makanan Bayi & Anak,Omo Krispy-O Camilan Anak Bluberi Pouch 15 g,6.000
753,Kebutuhan Ibu & Anak,Makanan Bayi & Anak,Omo Krispy-O Camilan Anak Cokelat Susu Pouch 15 g,6.000
754,Kebutuhan Ibu & Anak,Makanan Bayi & Anak,Omo Krispy-O Camilan Anak Keju Pouch 15 g,6.000
755,Kebutuhan Ibu & Anak,Makanan Bayi & Anak,Omo Krispy-O Camilan Anak Ayam Jagung 15 g,6.000
756,Kebutuhan Ibu & Anak,Makanan Bayi & Anak,Yummy Bites Camilan Anak Rumput Laut Keju Pouch 30 g,28.900
757,Kebutuhan Ibu & Anak,Makanan Bayi & Anak,Abe Food Kindy Biskwit Camilan Anak Rasa Keju Pouch 40 g,23.900
758,Kebutuhan Ibu & Anak,Makanan Bayi & Anak,Abe Food Kindy Biskwit Camilan Anak Rasa Cokelat Pouch 40 g,23.900
759,Kebutuhan Ibu & Anak,Makanan Bayi & Anak,Abe Food Kindy Biskwit Camilan Anak Rasa Stroberi Pouch 40 g,23.900
760,Kebutuhan Ibu & Anak,Makanan Bayi & Anak,Abe Food Kookids Camilan Anak Cookies Cokelat Chips Pouch 100 g,26.000
761,Kebutuhan Ibu & Anak,Makanan Bayi & Anak,Abe Food Kookids Camilan Anak Cookies Double Cokelat Chips Pouch 100 g,26.000
762,Kebutuhan Ibu & Anak,Makanan Bayi & Anak,Abe Food Kookids Camilan Anak Cookies Oatmeal Pouch 100 g,26.000
763,Kebutuhan Ibu & Anak,Makanan Bayi & Anak,Nelly's Pantry Camilan Anak Puff Rasa Pisang 25 g,16.900
764,Kebutuhan Ibu & Anak,Makanan Bayi & Anak,Nelly's Pantry Camilan Anak Puff Rasa Kaldu Ayam 25 g,16.900
765,Kebutuhan Ibu & Anak,Makanan Bayi & Anak,Sunkrisps Stik Pelangi Camilan Bayi Rasa Keju 50 g,26.900
766,Kebutuhan Ibu & Anak,Makanan Bayi & Anak,Sunkrisps Stik Pelangi Camilan Bayi Rasa Veggie 50 g,26.900
767,Kebutuhan Ibu & Anak,Makanan Bayi & Anak,Sunkrisps Rainbow Puff Kue Sus Kering Cokelat Original 50 g,26.900
768,Kebutuhan Ibu & Anak,Makanan Bayi & Anak,Sunkrisps Rainbow Puff Kue Sus Kering Cokelat Keju 50 g,26.900
769,Kebutuhan Ibu & Anak,Makanan Bayi & Anak,Happy Bites Rice Rusks Camilan Bayi Bluberi 50 g,27.900
770,Kebutuhan Ibu & Anak,Makanan Bayi & Anak,Happy Bites Rice Rusks Camilan Bayi Pisang 50 g,27.900
771,Kebutuhan Ibu & Anak,Makanan Bayi & Anak,Happy Bites Rice Rusks Camilan Bayi Apel 50 g,27.900
772,Kebutuhan Ibu & Anak,Makanan Bayi & Anak,Grandville Popcorn Gourmet Anak Keju 50 g,21.900
773,Kebutuhan Ibu & Anak,Makanan Bayi & Anak,Grandville Popcorn Gourmet Anak Crunchy Floss 50 g,21.900
774,Kebutuhan Ibu & Anak,Makanan Bayi & Anak,Grandville Popcorn Gourmet Anak Hokkaido Milk 50 g,21.900
775,Kebutuhan Ibu & Anak,Makanan Bayi & Anak,Grandville Abon Sapi Anak Original 90 g,39.900
776,Kebutuhan Ibu & Anak,Makanan Bayi & Anak,Grandville Abon Ayam Anak Original 90 g,37.900
777,Kebutuhan Ibu & Anak,Makanan Bayi & Anak,Grandville Abon Ayam Anak Original 90 g,37.900
778,Kebutuhan Ibu & Anak,Makanan Bayi & Anak,Grandville Abon Ikan Anak Original 90 g,39.900
779,Kebutuhan Ibu & Anak,Makanan Bayi & Anak,Serena Folabee Biskuit Anak Original 75 g,8.900
780,Kebutuhan Ibu & Anak,Makanan Bayi & Anak,Promina Sup Krim Bayi Rasa Jagung & Ayam 30 g,9.800
781,Kebutuhan Ibu & Anak,Makanan Bayi & Anak,Alamii Snack Anak Keju Puffs Rasa Keju Cheddar Asli 25 g,18.900
782,Kebutuhan Ibu & Anak,Makanan Bayi & Anak,Alamii Snack Anak Golden Veggie Rasa Jagung Manis & Wortel Puffs 25 g,18.900
783,Kebutuhan Ibu & Anak,Makanan Bayi & Anak,Alamii Snack Anak Peanut Butter Puffs Rasa Real Selai Kacang 30 g,18.900
784,Kebutuhan Ibu & Anak,Makanan Bayi & Anak,Alamii Snack Anak Yogurt Stroberi Puffs 25 g,18.900
785,Kebutuhan Ibu & Anak,Makanan Bayi & Anak,Yummy Bites Rice Crackers Snack Bayi Stroberi 25 g,17.900
786,Kebutuhan Ibu & Anak,Makanan Bayi & Anak,Yummy Bites Bebe Roll Snack Bayi Stroberi 40 g,34.900
787,Kebutuhan Ibu & Anak,Makanan Bayi & Anak,Alamii Mi Wortel untuk Anak Rasa Ayam 64 g,12.500
788,Kebutuhan Ibu & Anak,Makanan Bayi & Anak,Sun Bubur Bayi Tim Opor Ayam 100 g,16.000
789,Kebutuhan Ibu & Anak,Makanan Bayi & Anak,Monde Boromon Biskuit Multigrain Snack Anak Apel 50 g,7.900
790,Kebutuhan Ibu & Anak,Makanan Bayi & Anak,Alamii Snack Anak Puffs Rasa Ayam Jamur 25 g,18.900
791,Kebutuhan Ibu & Anak,Makanan Bayi & Anak,Monde Boromon Snack Anak Cookies Mix Fruit 100 g,14.900
792,Kebutuhan Ibu & Anak,Makanan Bayi & Anak,"Yummy Bites Sereal Bayi Labu, Wortel, & Jagung Manis 150 g",29.900
793,Kebutuhan Ibu & Anak,Makanan Bayi & Anak,Bumbu Bunda Elia BB Booster Nasi Instan Chicken Salmon 200 g,51.900
794,Kebutuhan Ibu & Anak,Makanan Bayi & Anak,Noolie Bubur Bayi Rasa Ubi dan Kacang Merah 100 g,27.900
795,Kebutuhan Ibu & Anak,Makanan Bayi & Anak,Bumboo Abon Sapi 90 g,41.900
796,Kebutuhan Ibu & Anak,Makanan Bayi & Anak,Bumbu Bunda Elia Saus Tiram 150 ml,24.900
797,Kebutuhan Ibu & Anak,Makanan Bayi & Anak,Alamii Mi Wortel untuk Anak Rasa Sup Miso 63 g,12.500
798,Kebutuhan Ibu & Anak,Makanan Bayi & Anak,Alamii Snack Anak Tomat Cheesy Puffs Rasa Tomat Creamy Cheddar 25 g,18.900
799,Kebutuhan Ibu & Anak,Makanan Bayi & Anak,Yummy Bites Snack Bayi Pancake & Waffle Mix 130 g,17.900
800,Kebutuhan Ibu & Anak,Makanan Bayi & Anak,Alamii Snack Anak Cokelat Puffs Rasa Real Belgian Cokelat 30 g,18.900
801,Kebutuhan Ibu & Anak,Makanan Bayi & Anak,Monde Boromon Snack Anak Cookies Original 100 g,14.900
802,Kebutuhan Ibu & Anak,Makanan Bayi & Anak,Yummy Bites Bebe Roll Snack Bayi Keju 40 g,34.900
803,Kebutuhan Ibu & Anak,Makanan Bayi & Anak,Yummy Bites Rice Crackers Snack Bayi Apel 25 g,17.900
804,Kebutuhan Ibu & Anak,Makanan Bayi & Anak,Milna Rice Crackers Snack Bayi Ubi Wortel 20 g,15.900
805,Kebutuhan Ibu & Anak,Makanan Bayi & Anak,Little Joy Bumbu Tabur MPASI Red Bean Cheese & Beef Sachet 10 x 2.2 g,20.400
806,Kebutuhan Ibu & Anak,Makanan Bayi & Anak,Little Joy Bumbu Tabur MPASI with Egg Salmon & Seaweed Sachet 10 x 2.2 g,24.000
807,Kebutuhan Ibu & Anak,Makanan Bayi & Anak,Nestle Cerelac Bubur Bayi Sereal Instant Susu Beras Merah 120 g,17.900
808,Kebutuhan Ibu & Anak,Makanan Bayi & Anak,Omo Crunch It Camilan Anak Cokelat Pouch 25 g,16.900
809,Kebutuhan Ibu & Anak,Makanan Bayi & Anak,Noolie Probiotic Bites Strawberry Cheesecake 20 g,144.900
810,Kebutuhan Ibu & Anak,Makanan Bayi & Anak,Noolie Makanan Suplemen Anak Freeze Dried Vegetable Cake 31 g,86.900
811,Kebutuhan Ibu & Anak,Makanan Bayi & Anak,Noolie Bubur Bayi Rasa Daging Sapi dan Wortel 100 g,32.900
812,Kebutuhan Ibu & Anak,Makanan Bayi & Anak,Noolie Makanan Suplemen Anak Nutri Melt Rasa Susu Original 18 g,61.000
813,Kebutuhan Ibu & Anak,Makanan Bayi & Anak,Noolie Bubur Bayi Rasa Labu dan Kurma 100 g,27.900
814,Kebutuhan Ibu & Anak,Makanan Bayi & Anak,Grouu Minyak Lemak Ayam Botol 145 ml,26.700
815,Kebutuhan Ibu & Anak,Makanan Bayi & Anak,Grouu Minyak Lemak Sapi Botol 145 ml,35.700
816,Kebutuhan Ibu & Anak,Makanan Bayi & Anak,Little Joy Potamix Beef Bubuk Kentang Serbaguna Box 100 g,19.500
817,Kebutuhan Ibu & Anak,Makanan Bayi & Anak,Grouu Super Rice Mix Nasi Instan Beef Steak 200 g,26.900
818,Kebutuhan Ibu & Anak,Makanan Bayi & Anak,Little Joy Potamix Salmon Bubuk Kentang Serbaguna Box 100 g,21.000
819,Kebutuhan Ibu & Anak,Makanan Bayi & Anak,Grouu Eatsy Bubur Bayi Siap Saji Rasa Rendang Sapi 120 g,24.700
820,Kebutuhan Ibu & Anak,Makanan Bayi & Anak,Grouu Crispy Rice Cake Snack Anak Californian Steak 20 g,12.500
821,Kebutuhan Ibu & Anak,Makanan Bayi & Anak,Grouu Crispy Rice Cake Snack Anak Sweet Corn & Beet 20 g,12.500
822,Kebutuhan Ibu & Anak,Makanan Bayi & Anak,Grouu Puffs Snack Anak Pisang Stroberi 25 g,14.900
823,Kebutuhan Ibu & Anak,Makanan Bayi & Anak,Omo Crunch It Camilan Anak Jagung Bakar Keju Pouch 25 g,16.900
824,Kebutuhan Ibu & Anak,Makanan Bayi & Anak,Noolie Bubur Bayi Rasa Ayam dan Jamur Shitake 100 g,30.900
825,Kebutuhan Ibu & Anak,Makanan Bayi & Anak,Bumbu Bunda Elia BB Booster Nasi Instan Beef Salmon 200 g,51.900
826,Kebutuhan Ibu & Anak,Makanan Bayi & Anak,Bumbu Bunda Elia Bumbu Kaldu Ayam Kampung 50 g,59.900
827,Kebutuhan Ibu & Anak,Makanan Bayi & Anak,Grouu Silky Pudding Instan Bubuk Rasa Strawberry Banana 100 g,21.900
828,Kebutuhan Ibu & Anak,Makanan Bayi & Anak,Grouu Eatsy Bubur Bayi Siap Saji Rasa Soto Ayam 120 g,24.700
829,Kebutuhan Ibu & Anak,Makanan Bayi & Anak,Grouu Puffs Snack Anak Tomato Herbs 25 g,14.900
830,Kebutuhan Ibu & Anak,Makanan Bayi & Anak,Grouu Crispy Rice Cake Snack Anak Original 20 g,12.500
831,Kebutuhan Ibu & Anak,Makanan Bayi & Anak,Grouu Silky Pudding Instan Bubuk Rasa Mango Coconut 100 g,21.900
832,Kebutuhan Ibu & Anak,Makanan Bayi & Anak,Grouu My First Abon Ayam Pouch 80 g,29.900
833,Kebutuhan Ibu & Anak,Makanan Bayi & Anak,Grouu Silky Pudding Instan Bubuk Rasa Milky Taro 100 g,21.900
834,Kebutuhan Ibu & Anak,Makanan Bayi & Anak,Grouu Super Rice Mix Nasi Instan Roasted Chicken 200 g,26.900
835,Kebutuhan Ibu & Anak,Makanan Bayi & Anak,Grouu Super Rice Mix Nasi Instan Butter Cheese 200 g,26.900
836,Kebutuhan Ibu & Anak,Makanan Bayi & Anak,Grouu Selai Kurma MPASI Bayi & Anak 250 g,34.900
837,Kebutuhan Ibu & Anak,Makanan Bayi & Anak,Promina Bubur Bayi Rasa Tim Sapi Wortel 120 g,18.000
838,Kebutuhan Ibu & Anak,Makanan Bayi & Anak,Molagi First Flavor Puffs Camilan Bayi Rasa Sup Ayam 25 g,37.900
839,Kebutuhan Ibu & Anak,Makanan Bayi & Anak,Molagi Gugu Melts Yogurt Camilan Bayi Rasa Buah Naga & Mangga 20 g,39.900
840,Kebutuhan Ibu & Anak,Makanan Bayi & Anak,Molagi Gugu Pops Camilan Bayi Rasa Labu 25 g,37.900
841,Kebutuhan Ibu & Anak,Makanan Bayi & Anak,Molagi First Flavor Puffs Camilan Bayi Rasa Truffle 25 g,37.900
842,Kebutuhan Ibu & Anak,Makanan Bayi & Anak,Sun Bubur Bayi Sereal Susu Daging Sapi & Kacang Merah Box 120 g,8.900
843,Kebutuhan Ibu & Anak,Makanan Bayi & Anak,Bumbu Bunda Elia BB Booster Nasi Instan Beef Steak 200 g,51.900
844,Kebutuhan Ibu & Anak,Makanan Bayi & Anak,Molagi Gugu Melts Yogurt Camilan Bayi Rasa Pisang & Stroberi 20 g,39.900
845,Kebutuhan Ibu & Anak,Makanan Bayi & Anak,Molagi Gugu Melts Yogurt Camilan Bayi Rasa Cokelat Butir 20 g,39.900
846,Kebutuhan Ibu & Anak,Makanan Bayi & Anak,Molagi Gugu Melts Yogurt Camilan Bayi Rasa Mangga 20 g,39.900
847,Kebutuhan Ibu & Anak,Makanan Bayi & Anak,Molagi Gugu Melts Yogurt Camilan Bayi Rasa Pisang & Apel 20 g,39.900
848,Kebutuhan Ibu & Anak,Makanan Bayi & Anak,Gasol Bubur Beras Ayam Brokoli 100 g,26.500
849,Kebutuhan Ibu & Anak,Makanan Bayi & Anak,Sun Bubur Bayi Sereal Pisang Susu 120 g,7.900
850,Kebutuhan Ibu & Anak,Makanan Bayi & Anak,Molagi Gugu Pops Camilan Bayi Rasa Ubi 25 g,37.900
851,Kebutuhan Ibu & Anak,Makanan Bayi & Anak,SUN Bubur Bayi Rasa Tim Ayam Sayur 100 g,15.500
852,Kebutuhan Ibu & Anak,Makanan Bayi & Anak,Bumbu Bunda Elia Kecap Manis 140 ml,27.900
853,Kebutuhan Ibu & Anak,Makanan Bayi & Anak,Gasol Bubur Beras Ayam Labu 100 g,26.500
854,Kebutuhan Ibu & Anak,Makanan Bayi & Anak,Bumbu Bunda Elia Bumbu Kaldu Sapi 50 g,65.900
855,Kebutuhan Ibu & Anak,Makanan Bayi & Anak,Bumboo Abon Tuna 75 g,42.900
856,Kebutuhan Ibu & Anak,Makanan Bayi & Anak,Bumboo Abon Ayam 90 g,37.900
857,Kebutuhan Ibu & Anak,Makanan Bayi & Anak,Promina Bubur Bayi Tim Ati Ayam Kampung 100 g,18.900
858,Kebutuhan Ibu & Anak,Makanan Bayi & Anak,Promina Bubur Bayi Rasa Tim Salmon Norwegia 100 g,18.900
859,Kebutuhan Ibu & Anak,Makanan Bayi & Anak,SUN Biskuit Bayi Marie Susu 80 g,6.900
860,Kebutuhan Ibu & Anak,Makanan Bayi & Anak,Monde Boromon Biskuit Multigrain Snack Anak Stroberi 50 g,7.900
861,Kebutuhan Ibu & Anak,Makanan Bayi & Anak,Monde Boromon Snack Anak Cookies Susu 100 g,14.900
862,Kebutuhan Ibu & Anak,Makanan Bayi & Anak,Promina Bubur Bayi Milky Beras Merah 120 g,15.400
863,Kebutuhan Ibu & Anak,Makanan Bayi & Anak,Milna Wgain Bubur Bayi Ayam Kacang Polong 120 g,32.900
864,Kebutuhan Ibu & Anak,Makanan Bayi & Anak,Sun Bubur Bayi Tim Soto Ayam 100 g,16.000
865,Kebutuhan Ibu & Anak,Makanan Bayi & Anak,Milna Rice Crackers Snack Bayi Apel Jeruk 20 g,14.900
866,Kebutuhan Ibu & Anak,Makanan Bayi & Anak,Promina Homemade Bubur Bayi Salmon Kentang Wortel 100 g,23.500
867,Kebutuhan Ibu & Anak,Makanan Bayi & Anak,Grouu My First Abon Sapi Pouch 80 g,29.900
868,Kebutuhan Ibu & Anak,Susu Formula Bayi & Anak,Nestle Dancow FortiGro Instant Susu Bubuk Pertumbuhan Anak 390 g,49.600
869,Kebutuhan Ibu & Anak,Susu Formula Bayi & Anak,SGM Eksplor 3+ IronC Susu Bubuk Pertumbuhan Anak Madu 400 g,41.800
870,Kebutuhan Ibu & Anak,Susu Formula Bayi & Anak,Bebelac Gold 3 Susu Bubuk Pertumbuhan Anak Vanila 700 g,140.900
871,Kebutuhan Ibu & Anak,Susu Formula Bayi & Anak,Milo 3in1 Activ-Go Susu Bubuk Cokelat Instant 790 g,86.800
872,Kebutuhan Ibu & Anak,Susu Formula Bayi & Anak,Bebelac 1+ GroGreat+ Susu Bubuk Pertumbuhan Anak Madu 600 g,109.900
873,Kebutuhan Ibu & Anak,Susu Formula Bayi & Anak,Frisian Baby Primamil Susu Formula Bayi 6-12 Bulan 600 g,69.600
874,Kebutuhan Ibu & Anak,Susu Formula Bayi & Anak,Bebelac 1+ GroGreat+ Susu Bubuk Pertumbuhan Anak Vanila 600 g,96.300
875,Kebutuhan Ibu & Anak,Susu Formula Bayi & Anak,Bebelac 3+ GroGreat+ Susu Bubuk Pertumbuhan Anak Vanila 1 kg,163.500
876,Kebutuhan Ibu & Anak,Susu Formula Bayi & Anak,Lactogrow Pro 3+ Susu Bubuk Pertumbuhan Anak Pra Sekolah Madu 735 g,101.400
877,Kebutuhan Ibu & Anak,Susu Formula Bayi & Anak,Bebelac 3+ GroGreat+ Susu Bubuk Pertumbuhan Anak Vanila 350 g,63.000
878,Kebutuhan Ibu & Anak,Susu Formula Bayi & Anak,HiLo School Cokelat Susu Bubuk Tinggi Kalsium 250 g,48.100
879,Kebutuhan Ibu & Anak,Susu Formula Bayi & Anak,SGM Ananda ISOPRO SOY 0-6 Bulan Susu Formula Bayi Bubuk 200 g,31.400
880,Kebutuhan Ibu & Anak,Susu Formula Bayi & Anak,SGM Ananda Soya 2 6-12 Bulan Susu Formula Bayi 400 g,59.300
881,Kebutuhan Ibu & Anak,Susu Formula Bayi & Anak,SGM Eksplor 3+ IronC Susu Bubuk Pertumbuhan Anak Vanila 400 g,41.800
882,Kebutuhan Ibu & Anak,Susu Formula Bayi & Anak,Lactogen Pro 1 Susu Bubuk Formula Bayi 0-6 Bulan 180 g,33.700
883,Kebutuhan Ibu & Anak,Susu Formula Bayi & Anak,Bebelac Gold 3 Susu Bubuk Pertumbuhan Anak Madu 700 g,101.700
884,Kebutuhan Ibu & Anak,Susu Formula Bayi & Anak,Morinaga chil-school 4 Gold Susu Bubuk Pertumbuhan Anak 3-12 Tahun Vanila 390 g,80.200
885,Kebutuhan Ibu & Anak,Susu Formula Bayi & Anak,Frisian Flag Kompleta Susu Bubuk Instan Cokelat 800 g,83.900
886,Kebutuhan Ibu & Anak,Susu Formula Bayi & Anak,SGM Eksplor 3+ IronC Susu Bubuk Pertumbuhan Anak Cokelat 400 g,41.800
887,Kebutuhan Ibu & Anak,Susu Formula Bayi & Anak,SGM Eksplor 5+ IronC Susu Bubuk Pertumbuhan Madu Anak 400 g,41.800
888,Kebutuhan Ibu & Anak,Susu Formula Bayi & Anak,Vidoran Xmart 1+ Susu Pertumbuhan Anak 1-3 Tahun Vanilla 325 g,29.500
889,Kebutuhan Ibu & Anak,Susu Formula Bayi & Anak,vidoran Xmart 3+ Susu Pertumbuhan Anak 3-5 Tahun Madu 325 g,29.500
890,Kebutuhan Ibu & Anak,Susu Formula Bayi & Anak,vidoran Xmart 1+ Susu Pertumbuhan Anak 1-3 Tahun Madu 325 g,29.500
891,Kebutuhan Ibu & Anak,Susu Formula Bayi & Anak,Morinaga chil-go 3+ Susu Bubuk Pertumbuhan Anak 3 - 12 Tahun Vanila 660 g,67.900
892,Kebutuhan Ibu & Anak,Susu Formula Bayi & Anak,Morinaga chil-school Soya 4 Susu Bubuk Pertumbuhan Anak 3-12 Tahun Vanila 600 g,134.700
893,Kebutuhan Ibu & Anak,Susu Formula Bayi & Anak,Nestle BATITA 1+ Susu Bubuk Pertumbuhan Anak Madu Box 850 g,56.800
894,Kebutuhan Ibu & Anak,Susu Formula Bayi & Anak,Nestle Dancow 1+ Imunutri Susu Bubuk Pertumbuhan Anak 1-3 tahun Madu 350 g,41.900
895,Kebutuhan Ibu & Anak,Susu Formula Bayi & Anak,Frisian Flag Primagro 1+ Susu Anak 1-3 Tahun Vanila 350 g,49.900
896,Kebutuhan Ibu & Anak,Susu Formula Bayi & Anak,Nestle Dancow 3+ Imunutri Susu Bubuk Pertumbuhan Anak 3-5 tahun Vanila 350 g,39.100
897,Kebutuhan Ibu & Anak,Susu Formula Bayi & Anak,Lactogrow Pro 1+ Susu Pertumbuhan Anak 1-3 Tahun Vanila 1 kg,156.700
898,Kebutuhan Ibu & Anak,Susu Formula Bayi & Anak,Nestle Dancow 5+ Imunutri Susu Bubuk Pertumbuhan Anak 5-6 tahun Madu 350 g,39.900
899,Kebutuhan Ibu & Anak,Susu Formula Bayi & Anak,Morinaga chil-go 1+ Susu Bubuk Pertumbuhan Anak 1 - 3 Tahun Madu 660 g,69.900
900,Kebutuhan Ibu & Anak,Susu Formula Bayi & Anak,Morinaga chil-go 1+ Susu Bubuk Pertumbuhan Anak 1 - 3 Tahun Vanila 660 g,69.900
901,Kebutuhan Ibu & Anak,Susu Formula Bayi & Anak,Morinaga chil-go 3+ Susu Bubuk Pertumbuhan Anak 3 - 12 Tahun Madu 660 g,67.900
902,Kebutuhan Ibu & Anak,Susu Formula Bayi & Anak,SGM Eksplor 3+ IronC Susu Bubuk Pertumbuhan Anak Madu 600 g,56.900
903,Kebutuhan Ibu & Anak,Susu Formula Bayi & Anak,SGM Eksplor 1+ IronC Susu Bubuk Pertumbuhan Anak Vanila 600 g,59.400
904,Kebutuhan Ibu & Anak,Susu Formula Bayi & Anak,SGM Eksplor 1+ IronC Susu Bubuk Pertumbuhan Anak Madu 600 g,59.400
905,Kebutuhan Ibu & Anak,Susu Formula Bayi & Anak,SGM Eksplor ISOPRO SOY 1+ Susu Bubuk Pertumbuhan Anak Vanila 400 g,60.400
906,Kebutuhan Ibu & Anak,Susu Formula Bayi & Anak,SGM Eksplor ISOPRO SOY 1+ Susu Bubuk Pertumbuhan Anak Madu 400 g,60.400
907,Kebutuhan Ibu & Anak,Susu Formula Bayi & Anak,Frisian Flag Primagro 3+ Susu Anak 4-6 Tahun Madu 700 g,69.900
908,Kebutuhan Ibu & Anak,Susu Formula Bayi & Anak,Frisian Flag Primagro 1+ Susu Anak 1-3 Tahun Vanila 700 g,73.900
909,Kebutuhan Ibu & Anak,Susu Formula Bayi & Anak,SGM Eksplor 3+ IronC Susu Bubuk Pertumbuhan Anak Vanila 600 g,56.900
910,Kebutuhan Ibu & Anak,Susu Formula Bayi & Anak,SGM Eksplor 1+ IronC Susu Bubuk Pertumbuhan Anak Madu 900 g,80.900
911,Kebutuhan Ibu & Anak,Susu Formula Bayi & Anak,SGM Eksplor 1+ IronC Susu Bubuk Pertumbuhan Anak Vanila 900 g,80.900
912,Kebutuhan Ibu & Anak,Susu Formula Bayi & Anak,SGM Eksplor 3+ IronC Susu Bubuk Pertumbuhan Anak Vanila 900 g,77.700
913,Kebutuhan Ibu & Anak,Susu Formula Bayi & Anak,SGM Eksplor 1+ IronC Susu Bubuk Pertumbuhan Anak Madu 150 g,15.800
914,Kebutuhan Ibu & Anak,Susu Formula Bayi & Anak,SGM Eksplor 3+ IronC Susu Bubuk Pertumbuhan Anak Madu 900 g,77.700
915,Kebutuhan Ibu & Anak,Susu Formula Bayi & Anak,Bebelac 1+ GroGreat+ Susu Bubuk Pertumbuhan Anak Vanila 800 g,146.800
916,Kebutuhan Ibu & Anak,Susu Formula Bayi & Anak,SGM Eksplor ISOPRO SOY 1+ Susu Bubuk Pertumbuhan Anak Vanila 700 g,88.500
917,Kebutuhan Ibu & Anak,Susu Formula Bayi & Anak,Bebelove Susu Formula Bayi Bubuk 0-6 Bulan 175 g,34.900
918,Kebutuhan Ibu & Anak,Susu Formula Bayi & Anak,Nutrilon Royal 4 Susu Bubuk Pertumbuhan Anak Vanila 400 g,
919,Kebutuhan Ibu & Anak,Susu Formula Bayi & Anak,S-26 Promise Tahap 4 Susu Pertumbuhan Anak 3-12 Tahun Vanila 400 g,
920,Kebutuhan Ibu & Anak,Susu Formula Bayi & Anak,Nestle Dancow Baby Susu Formula Bayi 6-12 Bulan Bubuk 550 g,
921,Kebutuhan Ibu & Anak,Susu Formula Bayi & Anak,PediaSure Triplesure Susu Pertumbuhan Anak Rasa Vanila 800 g,
922,Kebutuhan Ibu & Anak,Susu Formula Bayi & Anak,Frisian Flag Primagro 1+ Susu Anak 1-3 Tahun Cokelat 350 g,
923,Kebutuhan Ibu & Anak,Susu Formula Bayi & Anak,Frisian Flag Primagro 1+ Susu Anak 1-3 Tahun Madu 700 g,
924,Kebutuhan Ibu & Anak,Susu Formula Bayi & Anak,Enfagrow A+ 3 Susu Bubuk Pertumbuhan Anak 1-3 Tahun Vanila 3 kg,1.599.900
925,Kebutuhan Ibu & Anak,Susu Formula Bayi & Anak,Enfagrow A+ Neurapro 4 Susu Bubuk Pertumbuhan Anak 3-12 Tahun Vanila 3 kg,1.399.000
926,Kebutuhan Ibu & Anak,Susu Formula Bayi & Anak,Nestle Dancow Fortigro Susu Bubuk Instan 1000 g,113.900
927,Kebutuhan Ibu & Anak,Susu Formula Bayi & Anak,vidoran Xmart 3+ Susu Bubuk Pertumbuhan Anak 3-5 Tahun Vanilla 325 g,29.500
928,Kebutuhan Ibu & Anak,Susu Formula Bayi & Anak,SGM Ananda 1 (0-6 Bulan) Susu Formula Bayi Bubuk 150 g,15.800
929,Kebutuhan Ibu & Anak,Susu Formula Bayi & Anak,SGM Ananda 2 (6-12 Bulan) Susu Formula Bayi Bubuk 1 kg,94.200
930,Kebutuhan Ibu & Anak,Susu Formula Bayi & Anak,SGM Eksplor 1+ IronC Susu Bubuk Pertumbuhan Anak Madu 400 g,43.400
931,Kebutuhan Ibu & Anak,Susu Formula Bayi & Anak,SGM Eksplor 5+ IronC Susu Bubuk Pertumbuhan Anak Madu 900 g,69.900
932,Kebutuhan Ibu & Anak,Susu Formula Bayi & Anak,Nestle Dancow 1+ Imunutri Susu Bubuk Pertumbuhan Anak 1-3 tahun Vanila 120 g,11.900
933,Kebutuhan Ibu & Anak,Susu Formula Bayi & Anak,Bebelac 1+ GroGreat+ Susu Bubuk Pertumbuhan Anak Vanila 350 g,68.000
934,Kebutuhan Ibu & Anak,Susu Formula Bayi & Anak,Nestle Dancow GroPlus Susu Bubuk Pertumbuhan Anak Rasa Vanila 400 g,69.900
935,Kebutuhan Ibu & Anak,Susu Formula Bayi & Anak,vidoran Xmart 5+ Susu Pertumbuhan Anak 5-12 Tahun Madu 700 g,51.500
936,Kebutuhan Ibu & Anak,Susu Formula Bayi & Anak,Bebelac 1+ GroGreat+ Susu Bubuk Pertumbuhan Anak Madu 175 g,34.000
937,Kebutuhan Ibu & Anak,Susu Formula Bayi & Anak,Bebelove Susu Formula Bayi Bubuk 6-12 Bulan 800 g,152.700
938,Kebutuhan Ibu & Anak,Susu Formula Bayi & Anak,SGM Ananda 1 (0-6 Bulan) Susu Formula Bayi Bubuk 1 kg,94.200
939,Kebutuhan Ibu & Anak,Susu Formula Bayi & Anak,Nestle Dancow 1+ Imunutri Susu Bubuk Pertumbuhan Anak 1-3 tahun Madu 120 g,11.900
940,Kebutuhan Ibu & Anak,Susu Formula Bayi & Anak,SGM Eksplor 1+ IronC Susu Bubuk Pertumbuhan Anak Vanila 150 g,15.800
941,Kebutuhan Ibu & Anak,Susu Formula Bayi & Anak,Bebelac 1+ GroGreat+ Susu Bubuk Pertumbuhan Anak Madu 800 g,146.800
942,Kebutuhan Ibu & Anak,Susu Formula Bayi & Anak,SGM Ananda 2 (6-12 Bulan) Susu Formula Bayi Bubuk 150 g,15.800
943,Kebutuhan Ibu & Anak,Susu Formula Bayi & Anak,SGM Ananda 2 (6-12 Bulan) Susu Formula Bayi Bubuk 550 g,52.800
944,Kebutuhan Ibu & Anak,Susu Formula Bayi & Anak,SGM Ananda 1 Susu Formula Bayi 0-6 Bulan 550 g,52.800
945,Kebutuhan Ibu & Anak,Susu Formula Bayi & Anak,vidoran Xmart 3+ Susu Bubuk Pertumbuhan Anak 3-5 Tahun Madu 700 g,53.900
946,Kebutuhan Ibu & Anak,Susu Formula Bayi & Anak,Nestle Dancow FortiGro Susu Bubuk Instan Cokelat 780 g,79.300
947,Kebutuhan Ibu & Anak,Susu Formula Bayi & Anak,Bebelove Susu Formula Bayi Bubuk 6-12 Bulan 350 g,69.800
948,Kebutuhan Ibu & Anak,Susu Formula Bayi & Anak,SGM Eksplor 3+ IronC Susu Bubuk Pertumbuhan Anak Madu 150 g,15.800
949,Kebutuhan Ibu & Anak,Susu Formula Bayi & Anak,Morinaga chil-mil 2 Susu Bubuk Formula Bayi 6-12 Bulan 190 g,49.300
950,Kebutuhan Ibu & Anak,Susu Formula Bayi & Anak,Bebelac 1+ GroGreat+ Susu Bubuk Pertumbuhan Anak Madu 1 kg,176.900
951,Kebutuhan Ibu & Anak,Susu Formula Bayi & Anak,Nestle Dancow FortiGro Susu Instan 195 g,27.600
952,Kebutuhan Ibu & Anak,Susu Formula Bayi & Anak,Morinaga chil-kid 3 Gold Susu Bubuk Pertumbuhan Anak 1-3 Tahun Vanila 190 g,44.900
953,Kebutuhan Ibu & Anak,Susu Formula Bayi & Anak,Morinaga chil-kid Soya 3 Susu Bubuk Pertumbuhan Anak 1-3 Tahun Vanila 600 g,130.000
954,Kebutuhan Ibu & Anak,Susu Formula Bayi & Anak,Bebelac 3+ GroGreat+ Susu Bubuk Pertumbuhan Vanila 800 g,135.600
955,Kebutuhan Ibu & Anak,Susu Formula Bayi & Anak,vidoran Xmart 1+ Susu Pertumbuhan Anak 1-3 Tahun Madu 700 g,58.900
956,Kebutuhan Ibu & Anak,Susu Formula Bayi & Anak,Bebelac 3+ GroGreat+ Susu Bubuk Pertumbuhan Anak Madu 800 g,135.600
957,Kebutuhan Ibu & Anak,Susu Formula Bayi & Anak,vidoran Xmart 1+ Susu Pertumbuhan Anak 1-3 Tahun Vanila 700 g,58.900
958,Kebutuhan Ibu & Anak,Susu Formula Bayi & Anak,SGM Eksplor 1+ IronC Susu Bubuk Pertumbuhan Anak Vanila 400 g,43.400
959,Kebutuhan Ibu & Anak,Susu Formula Bayi & Anak,Lactogen Pro 1 Susu Bubuk Formula Bayi 0-6 Bulan 350 g,65.200
960,Kebutuhan Ibu & Anak,Susu Formula Bayi & Anak,Nestle Dancow Baby Susu Formula Bayi 6-12 Bulan Bubuk 120 g,12.500
961,Kebutuhan Ibu & Anak,Susu Formula Bayi & Anak,Bebelove Susu Formula Bayi Bubuk 0-6 Bulan 800 g,152.700
962,Kebutuhan Ibu & Anak,Susu Formula Bayi & Anak,Bebelac 1+ GroGreat+ Susu Bubuk Pertumbuhan Anak Vanila 1 kg,176.900
963,Kebutuhan Ibu & Anak,Susu Formula Bayi & Anak,Bebelove Susu Formula Bayi Bubuk 6-12 Bulan 175 g,35.000
964,Kebutuhan Ibu & Anak,Susu Formula Bayi & Anak,SGM Ananda 1 (0-6 Bulan) Susu Formula Bayi Bubuk 400 g,43.400
965,Kebutuhan Ibu & Anak,Susu Formula Bayi & Anak,SGM Eksplor ISOPRO SOY 1+ Susu Bubuk Pertumbuhan Anak Madu 700 g,88.500
966,Kebutuhan Ibu & Anak,Susu Formula Bayi & Anak,Lactogrow Pro 1+ Susu Bubuk Pertumbuhan Anak 1-3 Tahun Vanila 350 g,60.000
967,Kebutuhan Ibu & Anak,Susu Formula Bayi & Anak,vidoran Xmart 3+ Susu Pertumbuhan Anak 3-5 Tahun Vanila 700 g,53.900
968,Kebutuhan Ibu & Anak,Susu Formula Bayi & Anak,Nestle Dancow FortiGro Susu Bubuk Full Cream 390 g,52.700
969,Kebutuhan Ibu & Anak,Susu Formula Bayi & Anak,Nestle Dancow Baby Susu Bubuk Formula Bayi 0-6 Bulan 120 g,12.500
970,Kebutuhan Ibu & Anak,Susu Formula Bayi & Anak,Bebelac 3+ GroGreat+ Susu Bubuk Pertumbuhan Anak Madu 350 g,63.000
971,Kebutuhan Ibu & Anak,Susu Formula Bayi & Anak,SGM Eksplor 5+ IronC Susu Bubuk Pertumbuhan Cokelat Anak 900 g,69.900
972,Kebutuhan Ibu & Anak,Susu Formula Bayi & Anak,Lactogrow Pro 1+ Susu Pertumbuhan Anak 1 - 3 Tahun Vanila 735 g,117.900
973,Kebutuhan Ibu & Anak,Susu Formula Bayi & Anak,Lactogrow Pro 1+ Susu Bubuk Pertumbuhan Anak 1-3 Tahun Madu 350 g,60.000
974,Kebutuhan Ibu & Anak,Susu Formula Bayi & Anak,vidoran My Baby Susu Formula Bayi 6-12 Bulan 550 g,49.700
975,Kebutuhan Ibu & Anak,Susu Formula Bayi & Anak,Nutrilon Royal 3 Susu Bubuk Pertumbuhan Anak Vanila 400 g,97.100
976,Kebutuhan Ibu & Anak,Susu Formula Bayi & Anak,Bebelove Susu Formula Bayi Bubuk 0-6 Bulan 350 g,70.000
977,Kebutuhan Ibu & Anak,Susu Formula Bayi & Anak,SGM Eksplor 3+ IronC Susu Bubuk Pertumbuhan Anak Cokelat 900 g,77.700
978,Kebutuhan Ibu & Anak,Susu Formula Bayi & Anak,Bebelac Gold 3 Susu Bubuk Pertumbuhan Anak Vanila 360 g,54.100
979,Kebutuhan Ibu & Anak,Susu Formula Bayi & Anak,Bebelac 1+ GroGreat+ Susu Bubuk Pertumbuhan Anak Madu 350 g,68.000
980,Kebutuhan Ibu & Anak,Susu Formula Bayi & Anak,Morinaga BMT 1 Gold Susu Bubuk Formula Bayi 0-6 Bulan Plain 390 g,99.400
981,Kebutuhan Ibu & Anak,Susu Formula Bayi & Anak,Bebelac 3+ GroGreat+ Susu Bubuk Pertumbuhan Anak Madu 1 kg,163.500
982,Kebutuhan Ibu & Anak,Susu Formula Bayi & Anak,S-26 Procal Tahap 3 Susu Pertumbuhan Anak 1-3 Tahun Vanila 400 g,94.200
983,Kebutuhan Ibu & Anak,Susu Formula Bayi & Anak,Morinaga chil-kid 3 Gold Susu Bubuk Pertumbuhan Anak 1-3 Tahun Madu 190 g,44.900
984,Kebutuhan Ibu & Anak,Susu Formula Bayi & Anak,Bebelove Susu Formula Bayi Bubuk 6-12 Bulan 600 g,119.400
985,Kebutuhan Ibu & Anak,Susu Formula Bayi & Anak,Milo Activ-Go Susu Bubuk Cokelat Instant Pouch 790 g,84.900
986,Kebutuhan Ibu & Anak,Susu Formula Bayi & Anak,Nutrilon Royal 3 Susu Bubuk Pertumbuhan Anak Vanila 800 g,
987,Kebutuhan Ibu & Anak,Susu Formula Bayi & Anak,SGM Ananda 2 (6-12 Bulan) Susu Formula Bayi Bubuk 400 g,43.400
988,Kebutuhan Ibu & Anak,Susu Formula Bayi & Anak,Nutribaby Royal 2 Susu Formula Bayi 6-12 Bulan 400 g,133.800
989,Kebutuhan Ibu & Anak,Susu Formula Bayi & Anak,Milo Activ-Go Susu Bubuk Cokelat Instant Sachet 4 x 22 g,10.800
990,Kebutuhan Ibu & Anak,Susu Formula Bayi & Anak,PediaSure Triplesure Susu Pertumbuhan Anak Vanila 200 g,109.900
991,Kebutuhan Ibu & Anak,Susu Formula Bayi & Anak,Lactogen Pro 1 Susu Formula Bayi 0-6 Bulan 735 g,138.900
992,Kebutuhan Ibu & Anak,Susu Formula Bayi & Anak,Bebelac Gold Soya 3 Susu Bubuk Pertumbuhan Anak Vanila 700 g,97.900
993,Kebutuhan Ibu & Anak,Susu Formula Bayi & Anak,Bebelove Susu Formula Bayi Bubuk 0-6 Bulan 600 g,119.400
994,Kebutuhan Ibu & Anak,Susu Formula Bayi & Anak,S-26 Procal Gold Tahap 3 Susu Bubuk Pertumbuhan Anak 1-3 Tahun Vanila 400 g,149.900
995,Kebutuhan Ibu & Anak,Susu Formula Bayi & Anak,vidoran My Baby Susu Formula Bayi 0-6 Bulan 550 g,49.700
996,Kebutuhan Ibu & Anak,Susu Formula Bayi & Anak,Morinaga chil-school 4 Susu Bubuk Pertumbuhan Anak 3-12 Tahun Madu 780 g,135.100
997,Kebutuhan Ibu & Anak,Susu Formula Bayi & Anak,S-26 Procal Tahap 3 Susu Pertumbuhan Anak 1-3 Tahun Vanila 700 g,167.400
998,Kebutuhan Ibu & Anak,Susu Formula Bayi & Anak,Morinaga chil-kid 3 Gold Susu Bubuk Pertumbuhan Anak 1-3 Tahun Vanila 780 g,175.900
999,Kebutuhan Ibu & Anak,Susu Formula Bayi & Anak,vidoran Xmart 5+ Susu Pertumbuhan Anak 5-12 Tahun Cokelat 700 g,52.000
1000,Kebutuhan Ibu & Anak,Susu Formula Bayi & Anak,vidoran Xmart 1+ Susu Pertumbuhan Anak 1-3 Tahun Madu 125 g,11.400
1001,Kebutuhan Ibu & Anak,Susu Formula Bayi & Anak,Morinaga chil-kid 3 Gold Susu Bubuk Pertumbuhan Anak 1-3 Tahun Madu 780 g,176.100
1002,Kebutuhan Ibu & Anak,Susu Formula Bayi & Anak,Morinaga chil-school 4 Susu Bubuk Pertumbuhan Anak 3-12 Tahun Vanila 780 g,155.400
1003,Kebutuhan Ibu & Anak,Susu Formula Bayi & Anak,SGM Eksplor 5+ IronC Susu Bubuk Pertumbuhan Anak Madu 575 g,52.200
1004,Kebutuhan Ibu & Anak,Susu Formula Bayi & Anak,Nestle Dancow FortiGro Susu Bubuk Instan Cokelat 390 g,49.200
1005,Kebutuhan Ibu & Anak,Susu Formula Bayi & Anak,Pediasure Go Susu UHT Vanila 110 ml,11.700
1006,Kebutuhan Ibu & Anak,Susu Formula Bayi & Anak,Nestle Dancow 1+ Imunutri Susu Bubuk Pertumbuhan Anak 1-3 tahun Vanila 350 g,41.900
1007,Kebutuhan Ibu & Anak,Susu Formula Bayi & Anak,Nestle Dancow 3+ Imunutri Susu Bubuk Pertumbuhan Anak 3-5 tahun Madu 350 g,39.100
1008,Kebutuhan Ibu & Anak,Susu Formula Bayi & Anak,Boneeto Susu Bubuk Anak Yummy Choco 685 g,69.500
1009,Kebutuhan Ibu & Anak,Susu Formula Bayi & Anak,Zee Nutripro Susu Bubuk Rasa Swizz Cokelat 600 g,68.300
1010,Kebutuhan Ibu & Anak,Susu Formula Bayi & Anak,Boneeto Susu Bubuk Instan Yummy Choco 320 g,36.600
1011,Kebutuhan Ibu & Anak,Susu Formula Bayi & Anak,Nestle Dancow FortiGro Susu Bubuk Instan 780 g,100.700
1012,Kebutuhan Ibu & Anak,Susu Formula Bayi & Anak,Nestle Dancow FortiGro Susu Bubuk Full Cream 780 g,109.300
1013,Kebutuhan Ibu & Anak,Susu Formula Bayi & Anak,Zee Nutripro Complex Susu Bubuk Rasa Swizz Cokelat 340 g,39.900
1014,Kebutuhan Ibu & Anak,Susu Formula Bayi & Anak,Lactogen Pro 2 Susu Bubuk Formula Bayi 6-12 Bulan 735 g,
1015,Kebutuhan Ibu & Anak,Susu Formula Bayi & Anak,Nutribaby Royal 1 Susu Bubuk Formula Bayi 0-6 Bulan 400 g,
1016,Kebutuhan Ibu & Anak,Susu Formula Bayi & Anak,PediaSure Triplesure Susu Pertumbuhan Anak Vanila 380 g,
1017,Kebutuhan Ibu & Anak,Susu Formula Bayi & Anak,S-26 Procal Gold Tahap 3 Susu Pertumbuhan Anak 1-3 Tahun Vanila 900 g,
1018,Kebutuhan Ibu & Anak,Susu Formula Bayi & Anak,Frisian Flag Primagro 3+ Susu Anak 4-6 Tahun Vanila 700 g,
1019,Kebutuhan Ibu & Anak,Susu Formula Bayi & Anak,Zee Nutripro Susu Bubuk Rasa Vanila Twist dengan Krunchzee 340 g,
1020,Kebutuhan Ibu & Anak,Susu Formula Bayi & Anak,Nutribaby Royal 2 Susu Formula Bayi 6-12 Bulan 800 g,
1021,Kebutuhan Ibu & Anak,Susu Formula Bayi & Anak,Nutribaby Royal 1 Susu Formula Bayi 0-6 Bulan 800 g,
1022,Kebutuhan Ibu & Anak,Susu Formula Bayi & Anak,Frisian Baby Primamil Susu Formula Bayi 6-12 Bulan 360 g,
1023,Kebutuhan Ibu & Anak,Susu Formula Bayi & Anak,Nutrilon Royal 4 Susu Bubuk Pertumbuhan Anak Vanila 800 g,
1024,Kebutuhan Ibu & Anak,Susu Formula Bayi & Anak,PediaSure Triplesure Susu Pertumbuhan Anak Madu 380 g,
1025,Kebutuhan Ibu & Anak,Susu Formula Bayi & Anak,Enfagrow A+ 4 Susu Bubuk Pertumbuhan Anak 3-12 Tahun Vanila 800 g,
1026,Kebutuhan Ibu & Anak,Susu Formula Bayi & Anak,Milo Minuman Bubuk Cokelat Less Sugar Bag 10 x 28 g,
1027,Kebutuhan Ibu & Anak,Susu Formula Bayi & Anak,Boneeto Susu Bubuk Hi-Calcium Creamy Vanilla 685 g,69.000
1028,Kebutuhan Ibu & Anak,Susu Formula Bayi & Anak,Nutrilon Royal 3 Susu Bubuk Pertumbuhan Anak Madu 1.8 kg,446.900
1029,Kebutuhan Ibu & Anak,Susu Formula Bayi & Anak,Nutrilon Royal 3 Susu Bubuk Pertumbuhan Anak Vanila 1.8 kg,446.900
1030,Kebutuhan Ibu & Anak,Susu Formula Bayi & Anak,Nutrilon Royal 4 Susu Bubuk Pertumbuhan Anak Vanila 1.8 kg,426.800
1031,Kebutuhan Ibu & Anak,Susu Formula Bayi & Anak,Nutrilon Royal 4 Susu Bubuk Pertumbuhan Anak Madu 800 g,199.000
1032,Kebutuhan Ibu & Anak,Susu Formula Bayi & Anak,Bebelac 1+ GroGreat+ Susu Bubuk Pertumbuhan Anak Vanila 1.8 kg,295.000
1033,Kebutuhan Ibu & Anak,Susu Formula Bayi & Anak,Bebelac 3+ GroGreat+ Susu Bubuk Pertumbuhan Anak Madu 1.8 kg,279.000
1034,Kebutuhan Ibu & Anak,Susu Formula Bayi & Anak,Morinaga chil-kid 3 Gold Susu Bubuk Pertumbuhan Anak 1-3 Tahun Madu 4 x 390 g,318.900
1035,Kebutuhan Ibu & Anak,Susu Formula Bayi & Anak,Morinaga chil-kid 3 Gold Susu Pertumbuhan Anak 1-3 Tahun Vanila 4 x 390 g,318.900
1036,Kebutuhan Ibu & Anak,Susu Formula Bayi & Anak,Indomilk Opti Nutri Susu Bubuk Full Cream 800 g,84.500
1037,Kebutuhan Ibu & Anak,Susu Formula Bayi & Anak,HiLo School Vanila Susu Bubuk Tinggi Kalsium 1 kg,168.000
1038,Kebutuhan Ibu & Anak,Susu Formula Bayi & Anak,HiLo School Susu Bubuk Tinggi Kalsium Rasa Cokelat 1 kg,168.000
1039,Kebutuhan Ibu & Anak,Susu Formula Bayi & Anak,Morinaga chil-school Gold Susu Bubuk Pertumbuhan Anak Madu 4 x 390 g,272.900
1040,Kebutuhan Ibu & Anak,Susu Formula Bayi & Anak,Morinaga chil-school Platinum Susu Bubuk Pertumbuhan Anak Vanila 800 g,229.900
1041,Kebutuhan Ibu & Anak,Susu Formula Bayi & Anak,Bebelac 3+ GroGreat+ Susu Bubuk Pertumbuhan Vanila 1.8 kg,279.000
1042,Kebutuhan Ibu & Anak,Susu Formula Bayi & Anak,Bebelac 1+ GroGreat+ Susu Bubuk Pertumbuhan Anak Vanila 3 kg,489.000
1043,Kebutuhan Ibu & Anak,Susu Formula Bayi & Anak,Bebelac 1+ GroGreat+ Susu Bubuk Pertumbuhan Anak Madu 3 kg,489.000
1044,Kebutuhan Ibu & Anak,Susu Formula Bayi & Anak,Bebelac 3+ GroGreat+ Susu Bubuk Pertumbuhan Anak Madu 3 kg,465.000
1045,Kebutuhan Ibu & Anak,Susu Formula Bayi & Anak,Bebelac 3+ GroGreat+ Susu Bubuk Pertumbuhan Anak Vanila 3 kg,465.000
1046,Kebutuhan Ibu & Anak,Susu Formula Bayi & Anak,Morinaga chil-go 1+ Susu Bubuk Pertumbuhan Anak 1 - 3 Tahun Vanila 270 g,29.900
1047,Kebutuhan Ibu & Anak,Susu Formula Bayi & Anak,Morinaga chil-go 3+ Susu Bubuk Pertumbuhan Anak 3 - 12 Tahun Vanila 270 g,29.900
1048,Kebutuhan Ibu & Anak,Susu Formula Bayi & Anak,Enfamil A+ 1 Susu Bubuk Formula Bayi 0-6 Bulan 400 g,251.400
1049,Kebutuhan Ibu & Anak,Susu Formula Bayi & Anak,Enfamil A+ 2 Susu Bubuk Formula Bayi Lanjutan 6-12 Bulan 400 g,242.000
1050,Kebutuhan Ibu & Anak,Susu Formula Bayi & Anak,Morinaga chil-go Infanutri Susu Bubuk Pertumbuhan Anak 6 - 12 Bulan 270 g,36.900
1051,Kebutuhan Ibu & Anak,Susu Formula Bayi & Anak,vidoran Xmart 1+ Susu Pertumbuhan Anak 1-3 Tahun Vanila 900 g,72.800
1052,Kebutuhan Ibu & Anak,Susu Formula Bayi & Anak,vidoran Xmart 3+ Susu Pertumbuhan Anak 3-5 Tahun Madu 900 g,67.000
1053,Kebutuhan Ibu & Anak,Susu Formula Bayi & Anak,Nestle Batita 3+ Susu Bubuk Pertumbuhan Anak Madu 850 g,54.900
1054,Kebutuhan Ibu & Anak,Susu Formula Bayi & Anak,vidoran Xmart 1+ Susu Pertumbuhan Anak 1-3 Tahun Madu 900 g,72.800
1055,Kebutuhan Ibu & Anak,Susu Formula Bayi & Anak,vidoran Xmart 3+ Susu Pertumbuhan Anak 3 - 5 Tahun Vanila 900 g,67.000
1056,Kebutuhan Ibu & Anak,Susu Formula Bayi & Anak,Nutrilon Royal 3 Susu Bubuk Pertumbuhan Anak Madu 400 g,114.200
1057,Kebutuhan Ibu & Anak,Susu Formula Bayi & Anak,Lactogrow Pro 3+ Susu Bubuk Pertumbuhan Anak Pra Sekolah Vanila 735 g,101.400
1058,Kebutuhan Ibu & Anak,Susu Formula Bayi & Anak,Morinaga chil-kid 3 Platinum Susu Bubuk Pertumbuhan Anak 1-3 Tahun Vanila 800 g,302.600
1059,Kebutuhan Ibu & Anak,Susu Formula Bayi & Anak,Milo Activ-Go Susu Bubuk Cokelat Instant Bag 300 g,29.400
1060,Kebutuhan Ibu & Anak,Susu Formula Bayi & Anak,Milo Activ-Go Susu Bubuk Cokelat Instant Sachet 18 X 34 g,63.300
1061,Kebutuhan Ibu & Anak,Susu Formula Bayi & Anak,S-26 Promil Gold Tahap 2 Susu Formula Bayi 6-12 Bulan 400 g,
1062,Kebutuhan Ibu & Anak,Susu Formula Bayi & Anak,Morinaga chil-kid 3 Platinum Susu Bubuk Pertumbuhan Anak 1-3 Tahun Vanila 400 g,
1063,Kebutuhan Ibu & Anak,Susu Formula Bayi & Anak,Nutrilon Royal 3 Susu Bubuk Pertumbuhan Anak Madu 800 g,
1064,Kebutuhan Ibu & Anak,Susu Formula Bayi & Anak,Morinaga chil-mil 2 Platinum Susu Bubuk Formula Bayi 6-12 Bulan 400 g,
1065,Kebutuhan Ibu & Anak,Susu Formula Bayi & Anak,Enfagrow A+ 3 Susu Bubuk Pertumbuhan Anak 1-3 Tahun Vanila 800 g,
1066,Kebutuhan Ibu & Anak,Susu Formula Bayi & Anak,Morinaga chil-go 1+ Susu Bubuk Pertumbuhan Anak 1 - 3 Tahun Madu 950 g,101.900
1067,Kebutuhan Ibu & Anak,Susu Formula Bayi & Anak,Morinaga chil-go 3+ Susu Bubuk Pertumbuhan Anak 3 - 12 Tahun Madu 950 g,95.900
1068,Kebutuhan Ibu & Anak,Susu Formula Bayi & Anak,Morinaga Morigro Gromax Susu Bubuk Pertumbuhan Anak 1-12 Tahun Vanila 400 g,152.900
1069,Kebutuhan Ibu & Anak,Susu Formula Bayi & Anak,Morinaga Morigro Gromax Susu Bubuk Pertumbuhan Anak 1-12 Tahun Madu 400 g,152.900
1070,Kebutuhan Ibu & Anak,Susu Formula Bayi & Anak,SGM Eksplor 1+ IronC Susu Pertumbuhan Anak Madu 3 kg,249.900
1071,Kebutuhan Ibu & Anak,Susu Formula Bayi & Anak,SGM Eksplor 1+ IronC Susu Bubuk Pertumbuhan Anak Vanila 3 kg,249.900
1072,Kebutuhan Ibu & Anak,Susu Formula Bayi & Anak,SGM Eksplor 3+ IronC Susu Bubuk Pertumbuhan Anak Vanila 3 kg,235.900
1073,Kebutuhan Ibu & Anak,Susu Formula Bayi & Anak,SGM Eksplor 3+ IronC Susu Bubuk Pertumbuhan Anak Madu 3 kg,235.900
1074,Kebutuhan Ibu & Anak,Susu Formula Bayi & Anak,Morinaga chil-kid 3 P-HP Susu Bubuk Pertumbuhan Anak 1-3 Tahun Plain 800 g,325.900
1075,Kebutuhan Ibu & Anak,Susu Formula Bayi & Anak,Morinaga chil-school Platinum Susu Bubuk Pertumbuhan Anak Madu 800 g,232.900
1076,Kebutuhan Ibu & Anak,Susu Formula Bayi & Anak,Bebelove Susu Formula Bayi Bubuk 0-6 Bulan 1.8 kg,342.000
1077,Kebutuhan Ibu & Anak,Susu Formula Bayi & Anak,Enfagrow Essential 3 Susu Formula Bubuk Pertumbuhan Anak 1-3 Tahun Vanila 1.8 kg,459.000
1078,Kebutuhan Ibu & Anak,Susu Formula Bayi & Anak,Morinaga BMT 1 Gold Susu Bubuk Formula Bayi 0-6 Bulan Plain 780 g,199.000
1079,Kebutuhan Ibu & Anak,Susu Formula Bayi & Anak,S-26 Promil Gold Tahap 1 Susu Formula Bayi 0-6 Bulan 900 g,387.500
1080,Kebutuhan Ibu & Anak,Susu Formula Bayi & Anak,S-26 Promil Gold Tahap 2 Susu Formula Bayi 6-12 Bulan 900 g,382.900
1081,Kebutuhan Ibu & Anak,Susu Formula Bayi & Anak,Bebelove Susu Formula Bayi Bubuk 6-12 Bulan 1.8 kg,342.000
1082,Kebutuhan Ibu & Anak,Susu Formula Bayi & Anak,Morinaga BMT 1 P-HP Susu Formula Bayi 0-6 Bulan Plain 400 g,187.500
1083,Kebutuhan Ibu & Anak,Susu Formula Bayi & Anak,Morinaga BMT 1 Platinum Susu Bubuk Formula Bayi 0-6 Bulan Plain 800 g,325.000
1084,Kebutuhan Ibu & Anak,Susu Formula Bayi & Anak,Morinaga chil-mil 2 Platinum Susu Bubuk Formula Bayi 6-12 Bulan 800 g,308.000
1085,Kebutuhan Ibu & Anak,Susu Formula Bayi & Anak,Enfagrow A+ 3 Susu Bubuk Pertumbuhan Anak 1-3 Tahun Madu 800 g,435.000
1086,Kebutuhan Ibu & Anak,Susu Formula Bayi & Anak,Enfagrow A+ Neurapro 4 Susu Bubuk Pertumbuhan Anak Vanila 400 g,215.000
1087,Kebutuhan Ibu & Anak,Susu Formula Bayi & Anak,Enfamil A+ Gentle Care 1 Susu Bubuk Formula Bayi Pencernaan 350 g,272.000
1088,Kebutuhan Ibu & Anak,Susu Formula Bayi & Anak,S-26 Promil Tahap 1 Susu Formula Bayi 0-6 Bulan 700 g,200.000
1089,Kebutuhan Ibu & Anak,Susu Formula Bayi & Anak,Enfagrow Essential 4 Susu Pertumbuhan Anak Vanila 400 g,105.000
1090,Kebutuhan Ibu & Anak,Susu Formula Bayi & Anak,Enfagrow Essential 3 Susu Pertumbuhan Anak 1-3 Tahun Vanila 400 g,111.000
1091,Kebutuhan Ibu & Anak,Susu Formula Bayi & Anak,S-26 Promil Tahap 2 Susu Formula Bayi 6-12 Bulan 700 g,200.000
1092,Kebutuhan Ibu & Anak,Susu Formula Bayi & Anak,Enfagrow A+ 3 Susu Formula Bubuk Pertumbuhan Anak 1-3 Tahun Vanila 1800 g,970.900
1093,Kebutuhan Ibu & Anak,Susu Formula Bayi & Anak,Enfagrow A+ 4 Susu Bubuk Pertumbuhan Anak 3-12 Tahun Vanila 1800 g,870.000
1094,Kebutuhan Ibu & Anak,Susu Formula Bayi & Anak,PediaSure Susu Bubuk Pertumbuhan Anak Vanila Box 4 x 450 g,752.900
1095,Kebutuhan Ibu & Anak,Susu Formula Bayi & Anak,Enfagrow Essential 4 Susu Formula Bubuk Pertumbuhan Anak >3 Tahun Vanila 1800 g,439.000
1096,Kebutuhan Ibu & Anak,Susu Formula Bayi & Anak,S-26 Promil Gold pHPro 2 Susu Formula Bayi 6-12 Bulan 800 g,415.000
1097,Kebutuhan Ibu & Anak,Susu Formula Bayi & Anak,Nutribaby Royal Cesabio 1 Susu Bubuk Formula Bayi 0-6 Bulan 400 g,145.000
1098,Kebutuhan Ibu & Anak,Susu Formula Bayi & Anak,Enfamil A+ Gentle Care 2 Susu Bubuk Formula Bayi Pencernaan 800 g,579.000
1099,Kebutuhan Ibu & Anak,Susu Formula Bayi & Anak,Enfagrow A+ Neurapro 3 Susu Bubuk Pertumbuhan Anak 1-3 Tahun Vanila 3.6 kg,1.850.000
1100,Kebutuhan Ibu & Anak,Susu Formula Bayi & Anak,Morinaga chil-go Infanutri Susu Bubuk Formula Bayi 0-6 Bulan 270 g,36.900
1101,Kebutuhan Ibu & Anak,Susu Formula Bayi & Anak,Enfagrow A+ 3 Susu Bubuk Pertumbuhan Anak 1-3 Tahun Plain 400 g,239.000
1102,Kebutuhan Ibu & Anak,Susu Formula Bayi & Anak,Enfagrow A+ 3 Susu Bubuk Pertumbuhan Anak 1-3 Tahun Plain 800 g,459.000
1103,Kebutuhan Ibu & Anak,Susu Formula Bayi & Anak,Enfagrow A+ 3 Susu Bubuk Pertumbuhan Anak 1-3 Tahun Plain 1800 g,989.000
1104,Kebutuhan Ibu & Anak,Susu Formula Bayi & Anak,Enfamil A+ 1 Susu Bubuk Formula Bayi 0-6 Bulan 1800 g,1.085.000
1105,Kebutuhan Ibu & Anak,Susu Formula Bayi & Anak,Enfamil A+ 2 Susu Bubuk Formula Bayi Lanjutan 6-12 Bulan 1800 g,1.035.000
1106,Kebutuhan Ibu & Anak,Susu Formula Bayi & Anak,Enfamil A+ Gentle Care 1 Susu Bubuk Formula Bayi Pencernaan 800 g,609.000
1107,Kebutuhan Ibu & Anak,Susu Formula Bayi & Anak,Morinaga chil-mil 2 P-HP Susu Bubuk Formula Bayi 6-12 Bulan Plain 800 g,362.000
1108,Kebutuhan Ibu & Anak,Susu Formula Bayi & Anak,Lactogen Pro 2 Susu Bubuk Formula Bayi 6-12 Bulan 350 g,65.200
1109,Kebutuhan Ibu & Anak,Susu Formula Bayi & Anak,Nestle Dancow 1+ Imunutri Susu Bubuk Pertumbuhan Anak 1-3 tahun Madu 1kg,105.100
1110,Kebutuhan Ibu & Anak,Susu Formula Bayi & Anak,Nestle Dancow 5+ Imunutri Susu Bubuk Pertumbuhan Anak 5-6 tahun Madu 750 g,71.900
1111,Kebutuhan Ibu & Anak,Susu Formula Bayi & Anak,Nestle Dancow 3+ Imunutri Susu Bubuk Pertumbuhan Anak 3-5 tahun Vanila 750 g,72.400
1112,Kebutuhan Ibu & Anak,Susu Formula Bayi & Anak,Nestle Dancow 1+ Imunutri Susu Bubuk Pertumbuhan Anak 1-3 tahun Vanila 750 g,72.900
1113,Kebutuhan Ibu & Anak,Susu Formula Bayi & Anak,Nestle Dancow FortiGro Susu Bubuk Instan Cokelat Crunch 346.5 g,40.900
1114,Kebutuhan Ibu & Anak,Susu Formula Bayi & Anak,Enfagrow Essential 3 Susu Bubuk Pertumbuhan Anak 1-3 Tahun Vanila 240 g,47.500
1115,Kebutuhan Ibu & Anak,Susu Formula Bayi & Anak,Nestle Dancow 1+ Imunutri Susu Bubuk Pertumbuhan Anak 1-3 tahun Madu 750 g,72.900
1116,Kebutuhan Ibu & Anak,Susu Formula Bayi & Anak,Lactogrow Pro 1+ Susu Pertumbuhan Anak 1 - 3 Tahun Original 735 g,117.900
1117,Kebutuhan Ibu & Anak,Susu Formula Bayi & Anak,Lactogrow Pro 1+ Susu Bubuk Pertumbuhan Anak 1-3 Tahun Madu 735 g,117.900
1118,Kebutuhan Ibu & Anak,Susu Formula Bayi & Anak,Frisian Baby Primamil Susu Formula Bayi 0-6 Bulan 600 g,69.800
1119,Kebutuhan Ibu & Anak,Susu Formula Bayi & Anak,Nestle Dancow 3+ Imunutri Susu Bubuk Pertumbuhan Anak 3-5 tahun Madu 750 g,72.400
1120,Kebutuhan Ibu & Anak,Susu Formula Bayi & Anak,SGM Eksplor 5+ IronC Susu Bubuk Pertumbuhan Anak Vanila 575 g,47.900
1121,Kebutuhan Ibu & Anak,Susu Formula Bayi & Anak,Enfagrow Essential 4 Susu Bubuk Pertumbuhan Anak >3 Tahun Vanila 800 g,183.900
1122,Kebutuhan Ibu & Anak,Susu Formula Bayi & Anak,Frisian Flag Primagro 1+ Susu Anak 1-3 Tahun Madu 350 g,49.900
1123,Kebutuhan Ibu & Anak,Susu Formula Bayi & Anak,Nestle Dancow 3+ Imunutri Susu Bubuk Pertumbuhan Anak 3-5 tahun Vanila 1 kg,
1124,Kebutuhan Ibu & Anak,Susu Formula Bayi & Anak,Nestle Dancow 3+ Imunutri Susu Bubuk Pertumbuhan Anak 3-5 Tahun Cokelat 750 g,
1125,Kebutuhan Ibu & Anak,Susu Formula Bayi & Anak,Nestle Dancow 3+ Imunutri Susu Bubuk Pertumbuhan Anak 3-5 tahun Madu 120 g,
1126,Kebutuhan Ibu & Anak,Susu Formula Bayi & Anak,Morinaga BMT 1 Platinum Susu Bubuk Formula Bayi 0-6 Bulan Plain 400 g,
1127,Kebutuhan Ibu & Anak,Susu Formula Bayi & Anak,S-26 Promil Gold Tahap 1 Susu Formula Bayi 0-6 Bulan 400 g,
1128,Kebutuhan Ibu & Anak,Susu Formula Bayi & Anak,Morinaga Morigro Gromax Susu Bubuk Pertumbuhan Anak 1-12 Tahun Vanila 800 g,
1129,Kebutuhan Ibu & Anak,Susu Formula Bayi & Anak,Enfagrow Essential 3 Susu Bubuk Pertumbuhan Anak 1-3 Tahun Vanila 800 g,
1130,Kebutuhan Ibu & Anak,Susu Formula Bayi & Anak,PediaSure Triplesure Susu Pertumbuhan Anak Rasa Madu 800 g,
1131,Kebutuhan Ibu & Anak,Susu Formula Bayi & Anak,S-26 Promil Tahap 2 Susu Formula Bayi 6-12 Bulan 400 g,
1132,Kebutuhan Ibu & Anak,Susu Formula Bayi & Anak,PediaSure Triplesure Susu Pertumbuhan Anak Rasa Cokelat 800 g,
1133,Kebutuhan Ibu & Anak,Susu Formula Bayi & Anak,Frisian Flag Primagro 1+ Susu Bubuk Pertumbuhan Anak Vanila 3000 g,295.000
1134,Kebutuhan Ibu & Anak,Susu Formula Bayi & Anak,Frisian Flag Primagro 3+ Susu Bubuk Pertumbuhan Anak Madu 3000 g,279.000
1135,Kebutuhan Ibu & Anak,Susu Formula Bayi & Anak,Frisian Flag Primagro 3+ Susu Anak 4-6 Tahun Vanila 2 kg,189.000
1136,Kebutuhan Ibu & Anak,Susu Formula Bayi & Anak,Nestle Dancow 3+ Imunutri Susu Bubuk Pertumbuhan Anak 3-5 tahun Madu 1kg,107.500
1137,Kebutuhan Ibu & Anak,Susu Formula Bayi & Anak,Frisian Flag Primagro 1+ Susu Anak 1-3 Tahun Madu 2 kg,199.000
1138,Kebutuhan Ibu & Anak,Susu Formula Bayi & Anak,Frisian Flag Primagro 3+ Susu Bubuk Pertumbuhan Anak Vanila 3000 g,279.000
1139,Kebutuhan Ibu & Anak,Susu Formula Bayi & Anak,Frisian Flag Primagro 1+ Susu Bubuk Pertumbuhan Anak Madu 3000 g,295.000
1140,Kebutuhan Ibu & Anak,Susu Formula Bayi & Anak,Frisian Flag Primagro 1+ Susu Anak 1-3 Tahun Vanila 2 kg,199.000
1141,Kebutuhan Ibu & Anak,Susu Formula Bayi & Anak,Enfagrow A+ Gentle Care Susu Bubuk Pertumbuhan Anak Pencernaan 800 g,479.900
1142,Kebutuhan Ibu & Anak,Susu Formula Bayi & Anak,S-26 Procal Gold Tahap 3 Susu Pertumbuhan Anak 1-3 Tahun Vanila 1.6 kg,535.000
1143,Kebutuhan Ibu & Anak,Susu Formula Bayi & Anak,Morinaga chil-kid 3 Platinum Susu Bubuk Pertumbuhan Anak 1-3 Tahun Madu 800 g,295.900
1144,Kebutuhan Ibu & Anak,Susu Formula Bayi & Anak,Morinaga chil-school Soya 4 Susu Bubuk Pertumbuhan Anak 3-12 Tahun Madu 600 g,132.900
1145,Kebutuhan Ibu & Anak,Susu Formula Bayi & Anak,Morinaga chil-school Gold Susu Bubuk Pertumbuhan Anak Vanila 4 x 390 g,295.900
1146,Kebutuhan Ibu & Anak,Susu Formula Bayi & Anak,S-26 Procal Ultima Tahap 3 Susu Pertumbuhan Anak 1-3 Tahun Vanila 850 g,394.000
1147,Kebutuhan Ibu & Anak,Susu Formula Bayi & Anak,Nutren Junior Susu Pertumbuhan Anak Vanila 800 g,301.900
1148,Kebutuhan Ibu & Anak,Susu Formula Bayi & Anak,Nutren Junior Susu Pertumbuhan Anak Vanila 400 g,159.000
1149,Kebutuhan Ibu & Anak,Susu Formula Bayi & Anak,Morinaga chil-kid 3 Gold Susu Bubuk Pertumbuhan Anak 1-3 Tahun Vanila 985 g,210.900
1150,Kebutuhan Ibu & Anak,Susu Formula Bayi & Anak,Morinaga Morigro Gromax Susu Bubuk Pertumbuhan Anak 1-12 Tahun Madu 200 g,77.900
1151,Kebutuhan Ibu & Anak,Susu Formula Bayi & Anak,S-26 Promise Gold Tahap 4 Susu Pertumbuhan Anak 3-12 Tahun Vanila 1.6 kg,469.000
1152,Kebutuhan Ibu & Anak,Susu Formula Bayi & Anak,S-26 Procal Tahap 3 Susu Pertumbuhan Anak 1-3 Tahun Vanila 1.4 kg,309.000
1153,Kebutuhan Ibu & Anak,Susu Formula Bayi & Anak,S-26 Procal Gold pHPro 3 Susu Pertumbuhan Anak 1-3 Tahun 800 g,345.000
1154,Kebutuhan Ibu & Anak,Susu Formula Bayi & Anak,Healthyway 3+ Susu Bubuk Pertumbuhan Anak 3-5 Tahun Madu 700 g,54.600
1155,Kebutuhan Ibu & Anak,Susu Formula Bayi & Anak,S-26 Promise Tahap 4 Susu Pertumbuhan Anak 3-12 Tahun Vanila 1.4 kg,285.000
1156,Kebutuhan Ibu & Anak,Susu Formula Bayi & Anak,Morinaga Morigro Gromax Susu Bubuk Pertumbuhan Anak 1-12 Tahun Madu 800 g,281.900
1157,Kebutuhan Ibu & Anak,Susu Formula Bayi & Anak,Healthyway 3+ Susu Bubuk Pertumbuhan Anak 3-5 Tahun Vanila 700 g,54.600
1158,Kebutuhan Ibu & Anak,Susu Formula Bayi & Anak,S-26 Promise Gold Tahap 4 Susu Pertumbuhan Anak 3-12 Tahun Vanila 900 g,289.000
1159,Kebutuhan Ibu & Anak,Susu Formula Bayi & Anak,Morinaga chil-kid 3 Gold Susu Bubuk Pertumbuhan Anak 1-3 Tahun Madu 985 g,210.900
1160,Kebutuhan Ibu & Anak,Susu Formula Bayi & Anak,Healthyway 1+ Susu Bubuk Pertumbuhan Anak 1-3 Tahun Vanila 700 g,57.800
1161,Kebutuhan Ibu & Anak,Susu Formula Bayi & Anak,Lactogrow Pro 1+ Susu Bubuk Pertumbuhan Anak 1-3 Tahun Madu 1 kg,151.000
1162,Kebutuhan Ibu & Anak,Susu Formula Bayi & Anak,Morinaga chil-go 3+ Susu Bubuk Pertumbuhan Anak 3 - 12 Tahun Vanila 950 g,95.900
1163,Kebutuhan Ibu & Anak,Susu Formula Bayi & Anak,Lactogrow Pro 3+ Susu Bubuk Pertumbuhan Anak Pra Sekolah Madu 1 kg,131.900
1164,Kebutuhan Ibu & Anak,Susu Formula Bayi & Anak,Morinaga chil-go 1+ Susu Bubuk Pertumbuhan Anak 1- 3 Tahun Vanila 950 g,101.900
1165,Kebutuhan Ibu & Anak,Susu Formula Bayi & Anak,Frisian Flag Primagro 3+ Susu Anak 4-6 Tahun Madu 2 kg,189.000
1166,Kebutuhan Ibu & Anak,Susu Formula Bayi & Anak,Morinaga chil-mil Gold Susu Bubuk Formula Bayi 6-12 Bulan 780 g,192.000
1167,Kebutuhan Ibu & Anak,Susu Formula Bayi & Anak,Healthyway 1+ Susu Bubuk Pertumbuhan Anak 1-3 Tahun Madu 700 g,57.800
1168,Kebutuhan Ibu & Anak,Susu Formula Bayi & Anak,Pediasure Triplesure Susu Pertumbuhan Anak Cokelat 380 g,167.900
1169,Kebutuhan Ibu & Anak,Susu Formula Bayi & Anak,S-26 Promil Tahap 1 Susu Formula Bayi 0-6 Bulan 400 g,
1170,Kebutuhan Ibu & Anak,Susu Formula Bayi & Anak,Enfagrow A+ 3 Susu Bubuk Pertumbuhan Anak 1-3 Tahun Vanila 400 g,
1171,Kebutuhan Ibu & Anak,Susu Formula Bayi & Anak,Nestle Dancow Fortigro Susu Bubuk Cokelat 1000 g,107.900
1172,Kebutuhan Ibu & Anak,Perlengkapan Mandi & Perawatan Anak,Kodomo Kids Sabun Mandi Anak Strawberry Botol 200 ml,12.500
1173,Kebutuhan Ibu & Anak,Perlengkapan Mandi & Perawatan Anak,Zwitsal Natural Sampo Bayi Aloe Vera Botol 100 ml,18.900
1174,Kebutuhan Ibu & Anak,Perlengkapan Mandi & Perawatan Anak,Zwitsal Kids Sabun Mandi & Sampo Anak Soft & Moisturizing Pump 280 ml,33.200
1175,Kebutuhan Ibu & Anak,Perlengkapan Mandi & Perawatan Anak,Cap Lang Minyak Telon Lang Plus 150 ml,54.100
1176,Kebutuhan Ibu & Anak,Perlengkapan Mandi & Perawatan Anak,Konicare Minyak Telon Plus Lavender 125 ml,57.000
1177,Kebutuhan Ibu & Anak,Perlengkapan Mandi & Perawatan Anak,Cussons Baby Mild & Gentle Krim Bayi 50 g,15.900
1178,Kebutuhan Ibu & Anak,Perlengkapan Mandi & Perawatan Anak,Zwitsal Sabun Mandi & Sampo Bayi Anti Bakteri Refill 400 ml,39.300
1179,Kebutuhan Ibu & Anak,Perlengkapan Mandi & Perawatan Anak,Zwitsal Sabun Mandi & Sampo Bayi Anti Bakteri Pump 300 ml,30.500
1180,Kebutuhan Ibu & Anak,Perlengkapan Mandi & Perawatan Anak,My Baby Minyak Telon Plus Lavender 90 ml,24.600
1181,Kebutuhan Ibu & Anak,Perlengkapan Mandi & Perawatan Anak,Johnson's Baby Oil 50 ml,15.300
1182,Kebutuhan Ibu & Anak,Perlengkapan Mandi & Perawatan Anak,Zwitsal Sabun Mandi & Sampo Bayi Anti Bakteri Botol 200 ml,19.100
1183,Kebutuhan Ibu & Anak,Perlengkapan Mandi & Perawatan Anak,Cussons Baby Soft & Smooth Krim Bayi 50 g,19.400
1184,Kebutuhan Ibu & Anak,Perlengkapan Mandi & Perawatan Anak,Cussons Baby Deep Moisture Sampo & Sabun Mandi Bayi Refill 375 ml,29.900
1185,Kebutuhan Ibu & Anak,Perlengkapan Mandi & Perawatan Anak,Johnson's Active Kids Sampo Anak Shiny Drops Botol 100 ml,18.300
1186,Kebutuhan Ibu & Anak,Perlengkapan Mandi & Perawatan Anak,Cussons Baby Sabun Mandi Bayi Soft & Smooth 375 ml,19.900
1187,Kebutuhan Ibu & Anak,Perlengkapan Mandi & Perawatan Anak,Bebio Minyak Telon Plus Ceramide Bayi 60 ml,14.900
1188,Kebutuhan Ibu & Anak,Perlengkapan Mandi & Perawatan Anak,Cussons Baby Nourish & Care Krim Tubuh & Wajah Bayi 50 g,15.500
1189,Kebutuhan Ibu & Anak,Perlengkapan Mandi & Perawatan Anak,Tresno Joyo Balsem Telon 20 g,11.800
1190,Kebutuhan Ibu & Anak,Perlengkapan Mandi & Perawatan Anak,My Baby Sampo & Sabun Mandi Bayi Nourish & Smooth Refill 375 ml,20.900
1191,Kebutuhan Ibu & Anak,Perlengkapan Mandi & Perawatan Anak,My Baby Calm & Relax Sampo & Sabun Mandi Bayi Lavender & Chamomile 375 ml,20.900
1192,Kebutuhan Ibu & Anak,Perlengkapan Mandi & Perawatan Anak,My Baby Natural Oil Plus Citronella 90 ml,13.900
1193,Kebutuhan Ibu & Anak,Perlengkapan Mandi & Perawatan Anak,Paseo Tisu Basah Bayi Purified Water 50 s - Beli 1 Gratis 1,12.900
1194,Kebutuhan Ibu & Anak,Perlengkapan Mandi & Perawatan Anak,Konicare Minyak Telon Plus Lavender 60 ml,22.900
1195,Kebutuhan Ibu & Anak,Perlengkapan Mandi & Perawatan Anak,My Baby Minyak Telon Plus Eucalyptus + Citronella 150 ml,39.400
1196,Kebutuhan Ibu & Anak,Perlengkapan Mandi & Perawatan Anak,My Baby Minyak Telon Plus Eucalyptus + Citronella 90 ml,25.100
1197,Kebutuhan Ibu & Anak,Perlengkapan Mandi & Perawatan Anak,Cussons Baby Tisu Basah Bayi Naturally Refreshing 45 s - Beli 1 Gratis 2,14.900
1198,Kebutuhan Ibu & Anak,Perlengkapan Mandi & Perawatan Anak,My Baby Kids Pasta Gigi Anak Stroberi 45 g,5.000
1199,Kebutuhan Ibu & Anak,Perlengkapan Mandi & Perawatan Anak,Cussons Baby Tisu Basah Bayi Mild and Gentle 45 s - Beli 1 Gratis 2,14.900
1200,Kebutuhan Ibu & Anak,Perlengkapan Mandi & Perawatan Anak,Alfamart Cotton Buds Bayi Premium 200 pcs,10.900
1201,Kebutuhan Ibu & Anak,Perlengkapan Mandi & Perawatan Anak,My Baby Sabun Mandi Batang Bayi Sweet Floral 75 g,4.300
1202,Kebutuhan Ibu & Anak,Perlengkapan Mandi & Perawatan Anak,My Baby Minyak Telon Plus Eucalyptus + Citronella 60 ml,18.200
1203,Kebutuhan Ibu & Anak,Perlengkapan Mandi & Perawatan Anak,Cussons Baby Lotion Rambut Bayi Kemiri & Seledri 100 ml,20.900
1204,Kebutuhan Ibu & Anak,Perlengkapan Mandi & Perawatan Anak,My Baby Minyak Telon Plus Eucalyptus Perlindungan Lebih Lama 60 ml,16.000
1205,Kebutuhan Ibu & Anak,Perlengkapan Mandi & Perawatan Anak,My Baby Kids Sampo & Sabun Mandi Soft & Nourish Doraemon Refill 200 ml,12.900
1206,Kebutuhan Ibu & Anak,Perlengkapan Mandi & Perawatan Anak,Pepsodent Kids Pasta Gigi Anak Stroberi Sweet 45 g,9.400
1207,Kebutuhan Ibu & Anak,Perlengkapan Mandi & Perawatan Anak,My Baby Bedak Bayi Telon Plus 90 + 23 g,8.000
1208,Kebutuhan Ibu & Anak,Perlengkapan Mandi & Perawatan Anak,My Baby Sampo Bayi Hitam & Berkilau Botol 100 ml,11.200
1209,Kebutuhan Ibu & Anak,Perlengkapan Mandi & Perawatan Anak,Transpulmin Baby Balsam Pereda Hidung Tersumbat & Flu 5 g,29.900
1210,Kebutuhan Ibu & Anak,Perlengkapan Mandi & Perawatan Anak,Kodomo Paket Sikat Gigi + Pasta Gigi Anak Stroberi Mint 45 g,10.900
1211,Kebutuhan Ibu & Anak,Perlengkapan Mandi & Perawatan Anak,Kodomo Pasta Gigi Anak Stroberi 45 g,5.800
1212,Kebutuhan Ibu & Anak,Perlengkapan Mandi & Perawatan Anak,Kodomo Kids Sampo & Kondisioner Anak Strawberry Botol 200 ml,11.900
1213,Kebutuhan Ibu & Anak,Perlengkapan Mandi & Perawatan Anak,Zwitsal Sabun Mandi Batang Bayi Aloe Vera Refill 70 g,4.200
1214,Kebutuhan Ibu & Anak,Perlengkapan Mandi & Perawatan Anak,Kodomo Pasta Gigi Gel Mixed Berries 45 g,5.800
1215,Kebutuhan Ibu & Anak,Perlengkapan Mandi & Perawatan Anak,Johnson's Cologne Bayi Summer Swing 100 ml,30.100
1216,Kebutuhan Ibu & Anak,Perlengkapan Mandi & Perawatan Anak,"Zwitsal Natural Lotion Rambut Bayi Aloe Vera, Kemiri & Seledri 100 ml",23.800
1217,Kebutuhan Ibu & Anak,Perlengkapan Mandi & Perawatan Anak,Paseo Baby Tisu Wajah Bayi Pure Soft 130 s,20.900
1218,Kebutuhan Ibu & Anak,Perlengkapan Mandi & Perawatan Anak,Zwitsal Sabun Mandi & Sampo Bayi Aloe Vera Refill 400 ml,39.300
1219,Kebutuhan Ibu & Anak,Perlengkapan Mandi & Perawatan Anak,My Baby Lotion Telon Plus Eucalyptus 50 g,14.900
1220,Kebutuhan Ibu & Anak,Perlengkapan Mandi & Perawatan Anak,Lactacyd Baby Sabun Mandi & Sampo Bayi Gentle Care Botol 60 ml,38.900
1221,Kebutuhan Ibu & Anak,Perlengkapan Mandi & Perawatan Anak,My Baby Minyak Telon Plus Eucalyptus Perlindungan Lebih Lama 90 ml,22.500
1222,Kebutuhan Ibu & Anak,Perlengkapan Mandi & Perawatan Anak,Cussons Baby Minyak Telon Plus 150 ml,29.500
1223,Kebutuhan Ibu & Anak,Perlengkapan Mandi & Perawatan Anak,My Baby Kids Sampo & Sabun Mandi Nourish & Moisturizing Doraemon 280 ml,19.500
1224,Kebutuhan Ibu & Anak,Perlengkapan Mandi & Perawatan Anak,Enzim Pasta Gigi Anak Stroberi 63 g,14.500
1225,Kebutuhan Ibu & Anak,Perlengkapan Mandi & Perawatan Anak,Alfamart Cotton Buds Bayi Refill 100 pcs,
1226,Kebutuhan Ibu & Anak,Perlengkapan Mandi & Perawatan Anak,Johnson's Baby Sabun Mandi & Sampo Bayi Botol 200 ml,15.900
1227,Kebutuhan Ibu & Anak,Perlengkapan Mandi & Perawatan Anak,My Baby Sampo & Sabun Mandi Bayi Nourish & Smooth Botol 200 ml,13.500
1228,Kebutuhan Ibu & Anak,Perlengkapan Mandi & Perawatan Anak,My Baby Gift Set Paket Perawatan Bayi Bag 4 pcs,23.900
1229,Kebutuhan Ibu & Anak,Perlengkapan Mandi & Perawatan Anak,Zwitsal Natural Sabun Mandi Bayi dengan Minyak Telon Refill 400 ml,31.300
1230,Kebutuhan Ibu & Anak,Perlengkapan Mandi & Perawatan Anak,Tropee Bebe Minyak Kemiri Penumbuh Rambut Bayi & Anak 100 ml,54.900
1231,Kebutuhan Ibu & Anak,Perlengkapan Mandi & Perawatan Anak,Cussons Baby Minyak Telon Plus 60 ml,13.900
1232,Kebutuhan Ibu & Anak,Perlengkapan Mandi & Perawatan Anak,Cap Lang Minyak Telon Lang 60 ml,26.100
1233,Kebutuhan Ibu & Anak,Perlengkapan Mandi & Perawatan Anak,My Baby Sampo & Sabun Mandi Bayi Aloe Vera & Avocado Botol 200 ml,16.700
1234,Kebutuhan Ibu & Anak,Perlengkapan Mandi & Perawatan Anak,My Baby Kids Sampo & Kondisioner Soft & Shiny Doraemon Botol 180 ml,11.900
1235,Kebutuhan Ibu & Anak,Perlengkapan Mandi & Perawatan Anak,My Baby Minyak Telon Plus Lavender 150 ml,33.500
1236,Kebutuhan Ibu & Anak,Perlengkapan Mandi & Perawatan Anak,Kodomo Kids Sampo & Kondisioner Anak Blueberry Botol 200 ml,11.900
1237,Kebutuhan Ibu & Anak,Perlengkapan Mandi & Perawatan Anak,Zwitsal Sabun Mandi & Sampo Bayi Aloe Vera Botol 200 ml,19.100
1238,Kebutuhan Ibu & Anak,Perlengkapan Mandi & Perawatan Anak,My Baby Krim Tubuh & Wajah Bayi Calm & Relax 50 g,13.400
1239,Kebutuhan Ibu & Anak,Perlengkapan Mandi & Perawatan Anak,Zwitsal Sabun Mandi & Sampo Bayi Aloe Vera Pump 300 ml,30.500
1240,Kebutuhan Ibu & Anak,Perlengkapan Mandi & Perawatan Anak,Zwitsal Krim Bayi Anti Ruam Popok Tube 50 mL,25.000
1241,Kebutuhan Ibu & Anak,Perlengkapan Mandi & Perawatan Anak,My Baby Kids Sampo & Kondisioner Healthy & Fresh Doraemon Botol 180 ml,11.900
1242,Kebutuhan Ibu & Anak,Perlengkapan Mandi & Perawatan Anak,Zwitsal Kids Sabun Mandi & Sampo Anak Natural Nourishing Care Refill 250 ml,19.800
1243,Kebutuhan Ibu & Anak,Perlengkapan Mandi & Perawatan Anak,Pepsodent Kids Paket Sikat Gigi + Pasta Gigi Anak Stroberi 45 g,17.400
1244,Kebutuhan Ibu & Anak,Perlengkapan Mandi & Perawatan Anak,Alfamart Cotton Buds Bayi Botol 100 pcs,11.900
1245,Kebutuhan Ibu & Anak,Perlengkapan Mandi & Perawatan Anak,Johnson's Cologne Bayi Happy Berries 100 ml,30.100
1246,Kebutuhan Ibu & Anak,Perlengkapan Mandi & Perawatan Anak,Cap Lang Minyak Telon Lang Plus 60 ml,25.700
1247,Kebutuhan Ibu & Anak,Perlengkapan Mandi & Perawatan Anak,Johnson's Baby Milk + Rice Sabun Mandi & Sampo Bayi Refill 400 ml,26.900
1248,Kebutuhan Ibu & Anak,Perlengkapan Mandi & Perawatan Anak,My Baby Bedak Bayi Sweet Floral 225 + 56 g,18.900
1249,Kebutuhan Ibu & Anak,Perlengkapan Mandi & Perawatan Anak,My Baby Minyak Telon Pus Lavender 60 ml,16.500
1250,Kebutuhan Ibu & Anak,Perlengkapan Mandi & Perawatan Anak,Zwitsal Krim Tubuh & Wajah Bayi Chamomile & Vitamin E 50 g,18.300
1251,Kebutuhan Ibu & Anak,Perlengkapan Mandi & Perawatan Anak,Cussons Baby Mild & Gentle Sabun Mandi & Sampo Bayi Refill 375 ml,19.900
1252,Kebutuhan Ibu & Anak,Perlengkapan Mandi & Perawatan Anak,Johnson's Baby Milk + Rice Lotion Bayi 100 ml,21.900
1253,Kebutuhan Ibu & Anak,Perlengkapan Mandi & Perawatan Anak,Bellagio Pomade Anak SweetBerry 40 g,15.600
1254,Kebutuhan Ibu & Anak,Perlengkapan Mandi & Perawatan Anak,Cap Lang Minyak Telon Lang 150 ml,53.600
1255,Kebutuhan Ibu & Anak,Perlengkapan Mandi & Perawatan Anak,Cussons Cologne Bayi Cheerful Smile 100 ml,19.900
1256,Kebutuhan Ibu & Anak,Perlengkapan Mandi & Perawatan Anak,Master Kids Superman Cologne Anak Spray 100 ml,19.800
1257,Kebutuhan Ibu & Anak,Perlengkapan Mandi & Perawatan Anak,Tresno Joyo Minyak Telon 100 ml,30.700
1258,Kebutuhan Ibu & Anak,Perlengkapan Mandi & Perawatan Anak,Zwitsal Natural Lotion Rambut Bayi Minyak Almond & Vitamin E 100 ml,31.000
1259,Kebutuhan Ibu & Anak,Perlengkapan Mandi & Perawatan Anak,My Baby Sampo & Sabun Mandi Bayi Aloe Vera and Avocado Refill 375 ml,20.900
1260,Kebutuhan Ibu & Anak,Perlengkapan Mandi & Perawatan Anak,Mitu Baby Tisu Basah Bayi Ganti Popok Charming Lily 50 s - Beli 1 Gratis 1,12.900
1261,Kebutuhan Ibu & Anak,Perlengkapan Mandi & Perawatan Anak,My Baby Krim Tubuh & Wajah Bayi Nourish & Smooth 50 g,17.900
1262,Kebutuhan Ibu & Anak,Perlengkapan Mandi & Perawatan Anak,My Baby Sampo & Sabun Mandi Bayi Aloe Vera & Avocado Pump 300 ml,32.200
1263,Kebutuhan Ibu & Anak,Perlengkapan Mandi & Perawatan Anak,My Baby Bedak Bayi Nourish & Smooth 135 + 34 g,13.200
1264,Kebutuhan Ibu & Anak,Perlengkapan Mandi & Perawatan Anak,Oral-B Stages 2 Sikat Gigi Anak 2 - 4 Tahun,9.900
1265,Kebutuhan Ibu & Anak,Perlengkapan Mandi & Perawatan Anak,Kodomo Paket Pasta Gigi + Sikat Gigi Anak Zig-zag Soft,11.300
1266,Kebutuhan Ibu & Anak,Perlengkapan Mandi & Perawatan Anak,My Baby Tisu Basah Bayi Anti Bakteri Natural 50 s - Beli 1 Gratis 1,17.500
1267,Kebutuhan Ibu & Anak,Perlengkapan Mandi & Perawatan Anak,Mitu Baby Tisu Basah Bayi Antiseptik Refreshing Lime 50 s - Beli 1 Gratis 1,13.900
1268,Kebutuhan Ibu & Anak,Perlengkapan Mandi & Perawatan Anak,My Baby Kids Cologne Tubuh & Rambut Anak Lively Fun 100 ml,11.900
1269,Kebutuhan Ibu & Anak,Perlengkapan Mandi & Perawatan Anak,Colgate Kids Minions Pasta Gigi Anak Bubble Fruit 40 g,8.100
1270,Kebutuhan Ibu & Anak,Perlengkapan Mandi & Perawatan Anak,MamyPoko Tisu Basah Bayi Antiseptik Non Parfum 48 s - Beli 1 Gratis 1,14.900
1271,Kebutuhan Ibu & Anak,Perlengkapan Mandi & Perawatan Anak,Kodomo Tisu Basah Bayi Tangan & Mulut Oat & Pure Water 2 x 50 s,12.500
1272,Kebutuhan Ibu & Anak,Perlengkapan Mandi & Perawatan Anak,Kodomo Tisu Basah Bayi Aloe Vera 2 x 50 s,11.500
1273,Kebutuhan Ibu & Anak,Perlengkapan Mandi & Perawatan Anak,Kodomo Tisu Basah Bayi Rice Milk 2 x 50 s,11.500
1274,Kebutuhan Ibu & Anak,Perlengkapan Mandi & Perawatan Anak,Kodomo Kids 2 in 1 Sabun Mandi + Sampo Anak Pink Bello Berries 300 ml,21.900
1275,Kebutuhan Ibu & Anak,Perlengkapan Mandi & Perawatan Anak,Kodomo Pasta Gigi Anak Jeruk 45 g,8.000
1276,Kebutuhan Ibu & Anak,Perlengkapan Mandi & Perawatan Anak,Kodomo Kids Sampo & Kondisioner Anak Cherry Botol 200 ml,17.900
1277,Kebutuhan Ibu & Anak,Perlengkapan Mandi & Perawatan Anak,Kodomo Kids Sabun Mandi Anak Blueberry Botol 200 ml,9.900
1278,Kebutuhan Ibu & Anak,Perlengkapan Mandi & Perawatan Anak,Kodomo Kids Sabun Mandi Anak Cherry Botol 200 ml,9.900
1279,Kebutuhan Ibu & Anak,Perlengkapan Mandi & Perawatan Anak,Kodomo Kids Sampo & Kondisioner Anak Strawberry Botol 100 ml,6.900
1280,Kebutuhan Ibu & Anak,Perlengkapan Mandi & Perawatan Anak,Kodomo Pasta Gigi Anak Anggur 45 g,5.500
1281,Kebutuhan Ibu & Anak,Perlengkapan Mandi & Perawatan Anak,Kodomo Pasta Gigi Anak Melon 45 g,5.500
1282,Kebutuhan Ibu & Anak,Perlengkapan Mandi & Perawatan Anak,Zwitsal Sabun Mandi & Sampo Bayi Milky Honey Pump 300 ml,27.500
1283,Kebutuhan Ibu & Anak,Perlengkapan Mandi & Perawatan Anak,My Baby Sampo & Sabun Mandi Bayi Healthy & Protect Refill 375 ml,18.500
1284,Kebutuhan Ibu & Anak,Perlengkapan Mandi & Perawatan Anak,Zwitsal Sabun Mandi & Sampo Bayi Milky Honey Refill 400 ml,25.700
1285,Kebutuhan Ibu & Anak,Perlengkapan Mandi & Perawatan Anak,"Zwitsal Natural Lotion Rambut Bayi Aloe Vera, Kemiri & Seledri 200 ml",31.900
1286,Kebutuhan Ibu & Anak,Perlengkapan Mandi & Perawatan Anak,Yunikon Tisu Basah Bayi Tangan & Mulut 50 s - Beli 1 Gratis 1,10.900
1287,Kebutuhan Ibu & Anak,Perlengkapan Mandi & Perawatan Anak,"Zwitsal Natural Sampo Bayi Aloe Vera, Kemiri, Seledri Pump 300 ml",25.900
1288,Kebutuhan Ibu & Anak,Perlengkapan Mandi & Perawatan Anak,Cussons Baby Fresh & Nourish Tisu Basah Bayi Berries 45 s - Beli 1 Gratis 2,16.900
1289,Kebutuhan Ibu & Anak,Perlengkapan Mandi & Perawatan Anak,Zwitsal Lotion Bayi Citronella & Chamomile Tube 100 ml,19.900
1290,Kebutuhan Ibu & Anak,Perlengkapan Mandi & Perawatan Anak,Cussons Kids Cologne Rambut & Tubuh Anak Fruity Berries 100 ml,10.200
1291,Kebutuhan Ibu & Anak,Perlengkapan Mandi & Perawatan Anak,My Baby Minyak Telon Plus Eucalyptus Perlindungan Lebih Lama 150 ml,35.500
1292,Kebutuhan Ibu & Anak,Perlengkapan Mandi & Perawatan Anak,Mitu Baby Tisu Basah Bayi Antiseptik Refreshing Lime 10 s,7.500
1293,Kebutuhan Ibu & Anak,Perlengkapan Mandi & Perawatan Anak,Formula Paket Pasta Gigi + Sikat Gigi Anak Cheerful Apple / Orange Breeze 45 g,7.500
1294,Kebutuhan Ibu & Anak,Perlengkapan Mandi & Perawatan Anak,Kodomo Sikat Gigi Anak Fleksibel Assorted,11.200
1295,Kebutuhan Ibu & Anak,Perlengkapan Mandi & Perawatan Anak,Kodomo Tisu Basah Bayi Anti Bakteri 2 x 50 s,12.500
1296,Kebutuhan Ibu & Anak,Perlengkapan Mandi & Perawatan Anak,My Baby Kids Cologne Tubuh & Rambut Anak Fresh Active 100 ml,11.900
1297,Kebutuhan Ibu & Anak,Perlengkapan Mandi & Perawatan Anak,Mitu Baby Tisu Basah Bayi Blooming Cherry 50 s - Beli 1 Gratis 1,12.900
1298,Kebutuhan Ibu & Anak,Perlengkapan Mandi & Perawatan Anak,MamyPoko Tisu Basah Bayi Ganti Popok X-tra Air Non Parfum 50 s - Beli 1 Gratis 1,14.900
1299,Kebutuhan Ibu & Anak,Perlengkapan Mandi & Perawatan Anak,Kodomo Baby Sabun Mandi & Sampo Bayi Aloe Vera & Wheat Germ Oil Refill 450 ml,19.900
1300,Kebutuhan Ibu & Anak,Perlengkapan Mandi & Perawatan Anak,Johnson's Cologne Bayi Slide 100 ml,30.100
1301,Kebutuhan Ibu & Anak,Perlengkapan Mandi & Perawatan Anak,Formula Paket Pasta Gigi + Sikat Gigi Anak Bubblegum 45 g,12.600
1302,Kebutuhan Ibu & Anak,Perlengkapan Mandi & Perawatan Anak,Johnson's Baby Milk + Rice Sabun Mandi & Sampo Bayi Botol 200 ml,26.800
1303,Kebutuhan Ibu & Anak,Perlengkapan Mandi & Perawatan Anak,Yunikon Tisu Basah Bayi Tangan & Mulut Peach Blossom 40 s - Beli 1 Gratis 1,11.500
1304,Kebutuhan Ibu & Anak,Perlengkapan Mandi & Perawatan Anak,Cussons Kids Cologne Rambut & Tubuh Anak Strawberry Smoothie 100 ml,14.900
1305,Kebutuhan Ibu & Anak,Perlengkapan Mandi & Perawatan Anak,Johnson's Lotion Bayi 100 ml,20.900
1306,Kebutuhan Ibu & Anak,Perlengkapan Mandi & Perawatan Anak,Cussons Baby Oil Soft & Smooth 35 + 15 ml,13.500
1307,Kebutuhan Ibu & Anak,Perlengkapan Mandi & Perawatan Anak,Cussons Baby Bedak Bayi Fresh & Nourish 100 + 30 g,11.100
1308,Kebutuhan Ibu & Anak,Perlengkapan Mandi & Perawatan Anak,Yunikon Tisu Basah Bayi Antibakteri Dreamy Clouds 40 s - Beli 1 Gratis 1,10.900
1309,Kebutuhan Ibu & Anak,Perlengkapan Mandi & Perawatan Anak,Cussons Baby Lotion Rambut Bayi /Anak Kemiri & Seledri 35 + 15 ml,15.200
1310,Kebutuhan Ibu & Anak,Perlengkapan Mandi & Perawatan Anak,My Baby Lotion Rambut Bayi Black & Shine 100 ml,23.900
1311,Kebutuhan Ibu & Anak,Perlengkapan Mandi & Perawatan Anak,Mitu Baby Tisu Basah Bayi Ganti Popok Playful Fressia 50 s - Beli 1 Gratis 1,12.900
1312,Kebutuhan Ibu & Anak,Perlengkapan Mandi & Perawatan Anak,My Baby Kids Cologne Tubuh & Rambut Anak Sweet Blossom 100 ml,11.900
1313,Kebutuhan Ibu & Anak,Perlengkapan Mandi & Perawatan Anak,Konicare Natural Bedak Cair Bayi Newborn 60 g,
1314,Kebutuhan Ibu & Anak,Perlengkapan Mandi & Perawatan Anak,Kodomo Baby Sabun & Sampo Bayi Aloe Vera & Calendula Pump 400 ml,
1315,Kebutuhan Ibu & Anak,Perlengkapan Mandi & Perawatan Anak,Pigeon Lotion Bayi Hypoallergenic Tube 100 ml,
1316,Kebutuhan Ibu & Anak,Perlengkapan Mandi & Perawatan Anak,Cap Gajah Minyak Telon Plus 60 ml,
1317,Kebutuhan Ibu & Anak,Perlengkapan Mandi & Perawatan Anak,My Baby Kids Sabun Mandi Soft & Smooth Doraemon Botol 180 ml,16.200
1318,Kebutuhan Ibu & Anak,Perlengkapan Mandi & Perawatan Anak,Cessa Baby Fedrop Minyak Aromaterapi Penurun Demam Roll On 8 ml,31.000
1319,Kebutuhan Ibu & Anak,Perlengkapan Mandi & Perawatan Anak,Cussons Baby Paket Perawatan Bayi Newborn Premium Box 6 pcs,112.500
1320,Kebutuhan Ibu & Anak,Perlengkapan Mandi & Perawatan Anak,Cussons Baby Newborn Sabun Mandi & Sampo Bayi Botol 200 ml,21.900
1321,Kebutuhan Ibu & Anak,Perlengkapan Mandi & Perawatan Anak,Cussons Baby Newborn Sabun Mandi & Sampo Bayi Refill 400 ml,30.900
1322,Kebutuhan Ibu & Anak,Perlengkapan Mandi & Perawatan Anak,Cetaphil Baby Sabun Mandi & Sampo Bayi Botol 230 ml,66.000
1323,Kebutuhan Ibu & Anak,Perlengkapan Mandi & Perawatan Anak,Cetaphil Baby Lotion Bayi Calendula Organik 400 ml,154.900
1324,Kebutuhan Ibu & Anak,Perlengkapan Mandi & Perawatan Anak,Cetaphil Baby Sabun Mandi & Sampo Bayi Organic Calendula Pump 400 ml,127.900
1325,Kebutuhan Ibu & Anak,Perlengkapan Mandi & Perawatan Anak,Tropee Bebe Lotion Rambut Anak Winter Sky Cool Spray 100 ml,39.900
1326,Kebutuhan Ibu & Anak,Perlengkapan Mandi & Perawatan Anak,Tropee Bebe x Pinkfong Pasta Gigi Anak Strawberry 60 g,39.900
1327,Kebutuhan Ibu & Anak,Perlengkapan Mandi & Perawatan Anak,Tropee Bebe x Pinkfong Pasta Gigi Anak Banana 60 g,39.900
1328,Kebutuhan Ibu & Anak,Perlengkapan Mandi & Perawatan Anak,Cessa Baby Lenire Natural Minyak Aromaterapi Bayi Meredakan Perut Kembung 8 ml,31.000
1329,Kebutuhan Ibu & Anak,Perlengkapan Mandi & Perawatan Anak,Cessa Baby Bofit Natural Minyak Aromaterapi Bayi Menyegarkan Tubuh 8 ml,31.000
1330,Kebutuhan Ibu & Anak,Perlengkapan Mandi & Perawatan Anak,Cessa Baby Itch Away Natural Minyak Aromaterapi Bayi Anti Nyamuk 8 ml,31.000
1331,Kebutuhan Ibu & Anak,Perlengkapan Mandi & Perawatan Anak,Cussons Baby Mild & Gentle Sampo & Sabun Mandi Cair Bayi 600 ml,33.700
1332,Kebutuhan Ibu & Anak,Perlengkapan Mandi & Perawatan Anak,Moell Moist Skin Everytime Lotion Bayi 185 g,65.000
1333,Kebutuhan Ibu & Anak,Perlengkapan Mandi & Perawatan Anak,Moell Bubbles Bubbles Everywhere Sabun Mandi Bayi 185 g,60.000
1334,Kebutuhan Ibu & Anak,Perlengkapan Mandi & Perawatan Anak,Moell Nourish Hair Everyday Lotion Rambut Bayi 100 ml,65.000
1335,Kebutuhan Ibu & Anak,Perlengkapan Mandi & Perawatan Anak,Moell Healthy Glow Barrier Krim Wajah Bayi 40 g,70.000
1336,Kebutuhan Ibu & Anak,Perlengkapan Mandi & Perawatan Anak,Moell Bubbles Bubbles Everywhere Sampo Bayi 185 g,65.000
1337,Kebutuhan Ibu & Anak,Perlengkapan Mandi & Perawatan Anak,Moell You Are My Sunshine Sunscreen Wajah & Tubuh Bayi SPF 50 30 g,70.000
1338,Kebutuhan Ibu & Anak,Perlengkapan Mandi & Perawatan Anak,Motherlove Cool Comfort 2 in 1 Minyak Aromaterapi Bayi Organik 10 ml,59.900
1339,Kebutuhan Ibu & Anak,Perlengkapan Mandi & Perawatan Anak,Motherlove Eazy Baby Oil 2 in 1 Minyak Aromaterapi Bayi Organik 10 ml,59.900
1340,Kebutuhan Ibu & Anak,Perlengkapan Mandi & Perawatan Anak,Tropee Bebe Lotion Bayi & Anak untuk Kulit Sensitif 150 ml,51.900
1341,Kebutuhan Ibu & Anak,Perlengkapan Mandi & Perawatan Anak,Cussons Baby Deep Moisture Sabun Mandi & Sampo Bayi 600 ml,34.500
1342,Kebutuhan Ibu & Anak,Perlengkapan Mandi & Perawatan Anak,Cessa 4 in 1 Lotion Tubuh & Wajah Bayi 150 ml,42.900
1343,Kebutuhan Ibu & Anak,Perlengkapan Mandi & Perawatan Anak,Cessa Sabun & Sampo Bayi Refill 750 ml,69.900
1344,Kebutuhan Ibu & Anak,Perlengkapan Mandi & Perawatan Anak,Zwitsal Natural Minyak Telon 100 ml,34.700
1345,Kebutuhan Ibu & Anak,Perlengkapan Mandi & Perawatan Anak,Mitu Baby Fresh & Clean Sampo & Sabun Mandi Bayi 2 in 1 Honey & Milk Refill 400 ml,29.500
1346,Kebutuhan Ibu & Anak,Perlengkapan Mandi & Perawatan Anak,Zwitsal Natural Paket Perawatan Bayi Mini Travel Pack 3 pcs,24.900
1347,Kebutuhan Ibu & Anak,Perlengkapan Mandi & Perawatan Anak,Pure Kids Minyak Aromaterapi Pelega Hidung Tersumbat 10 ml,47.900
1348,Kebutuhan Ibu & Anak,Perlengkapan Mandi & Perawatan Anak,Pure Kids Minyak Aromaterapi Pelega Hidung Tersumbat Lemon 10 ml,44.900
1349,Kebutuhan Ibu & Anak,Perlengkapan Mandi & Perawatan Anak,Pure Kids Minyak Aromaterapi Pelega Hidung Tersumbat Geranium 10 ml,47.900
1350,Kebutuhan Ibu & Anak,Perlengkapan Mandi & Perawatan Anak,Dee-dee Sampo Anak Grape Pump 250 ml,17.500
1351,Kebutuhan Ibu & Anak,Perlengkapan Mandi & Perawatan Anak,Dee-dee Sampo Anak Apple Refill 200 ml,9.000
1352,Kebutuhan Ibu & Anak,Perlengkapan Mandi & Perawatan Anak,Dee-dee Pasta Gigi Anak Anggur 50 g,5.700
1353,Kebutuhan Ibu & Anak,Perlengkapan Mandi & Perawatan Anak,Dee-dee Pasta Gigi Anak Jeruk 50 g,5.700
1354,Kebutuhan Ibu & Anak,Perlengkapan Mandi & Perawatan Anak,Dee-dee Pasta Gigi Anak Stroberi 50 g,5.700
1355,Kebutuhan Ibu & Anak,Perlengkapan Mandi & Perawatan Anak,Pure Baby Happy Time Sampo & Sabun Mandi Bayi Pump 350 ml,37.500
1356,Kebutuhan Ibu & Anak,Perlengkapan Mandi & Perawatan Anak,Pure Baby Happy Time Sampo & Sabun Mandi Bayi Refill 350 ml,32.900
1357,Kebutuhan Ibu & Anak,Perlengkapan Mandi & Perawatan Anak,Pure Baby Krim Bayi Anti Ruam Popok 50 ml,31.000
1358,Kebutuhan Ibu & Anak,Perlengkapan Mandi & Perawatan Anak,Darlie Bunny Kids Pasta Gigi Anak Apel 40 g,13.900
1359,Kebutuhan Ibu & Anak,Perlengkapan Mandi & Perawatan Anak,Darlie Bunny Kids Pasta Gigi Anak Strawberry 40 g,13.900
1360,Kebutuhan Ibu & Anak,Perlengkapan Mandi & Perawatan Anak,Sudocrem Krim Bayi Anti Ruam Popok 125 g,109.900
1361,Kebutuhan Ibu & Anak,Perlengkapan Mandi & Perawatan Anak,Sleek Baby Sabun Mandi & Sampo Botol 250 ml,21.900
1362,Kebutuhan Ibu & Anak,Perlengkapan Mandi & Perawatan Anak,Jordan Step 1 Pasta Gigi Bayi / Anak 0 - 5 Tahun Mild Strawberry 75 g,35.000
1363,Kebutuhan Ibu & Anak,Perlengkapan Mandi & Perawatan Anak,Zwitsal Natural Sabun Mandi Bayi dengan Minyak Telon Refill 250 ml,27.900
1364,Kebutuhan Ibu & Anak,Perlengkapan Mandi & Perawatan Anak,Enzim Pasta Gigi Anak Mixdent 93 g,16.000
1365,Kebutuhan Ibu & Anak,Perlengkapan Mandi & Perawatan Anak,Cussons Baby Krim Bayi Anti Ruam Popok 50 g,19.000
1366,Kebutuhan Ibu & Anak,Perlengkapan Mandi & Perawatan Anak,Cussons Baby Moscare Lotion Bayi Anti Nyamuk Tube 100 g,28.700
1367,Kebutuhan Ibu & Anak,Perlengkapan Mandi & Perawatan Anak,Momami Serum Rambut Bayi & Anak Sweet 100 ml,49.900
1368,Kebutuhan Ibu & Anak,Perlengkapan Mandi & Perawatan Anak,Master Kids Batman Cologne Anak Spray 80 + 20 ml,11.900
1369,Kebutuhan Ibu & Anak,Perlengkapan Mandi & Perawatan Anak,Master Kids Ben10 Cologne Anak Spray 80 + 20 ml,11.900
1370,Kebutuhan Ibu & Anak,Perlengkapan Mandi & Perawatan Anak,Master Kids Sampo & Kondisioner Anak Spider-Man 120 + 30 ml,12.900
1371,Kebutuhan Ibu & Anak,Perlengkapan Mandi & Perawatan Anak,Tropee Bebe Sampo Kemiri Penyubur Rambut Bayi & Anak Pump 100 ml,69.900
1372,Kebutuhan Ibu & Anak,Perlengkapan Mandi & Perawatan Anak,Kodomo Pasta Gigi Anak Stroberi 80 g,8.500
1373,Kebutuhan Ibu & Anak,Perlengkapan Mandi & Perawatan Anak,Johnson's Paket Perawatan Bayi Box 6 pcs,107.900
1374,Kebutuhan Ibu & Anak,Perlengkapan Mandi & Perawatan Anak,Johnson's Paket Perawatan Bayi Essential Box 4 pcs,59.900
1375,Kebutuhan Ibu & Anak,Perlengkapan Mandi & Perawatan Anak,Baby Huki Minyak Telon 125 ml,37.900
1376,Kebutuhan Ibu & Anak,Perlengkapan Mandi & Perawatan Anak,Jordan Step 1 Sikat Gigi Bayi / Anak 0 - 2 Tahun Ekstra Soft Twinpack Assorted,39.900
1377,Kebutuhan Ibu & Anak,Perlengkapan Mandi & Perawatan Anak,Jordan Step 1 Pasta Gigi Bayi / Anak 0 - 5 Tahun Lychee 75 g,35.000
1378,Kebutuhan Ibu & Anak,Perlengkapan Mandi & Perawatan Anak,Gently Baby Calming Krim Bayi 50 g,74.900
1379,Kebutuhan Ibu & Anak,Perlengkapan Mandi & Perawatan Anak,Gently Baby Sabun Mandi & Sampo Bayi Ultra Soft Tanpa SLS Pump 250 ml,50.900
1380,Kebutuhan Ibu & Anak,Perlengkapan Mandi & Perawatan Anak,Momami Tisu Basah Bayi Melon 30 s,20.900
1381,Kebutuhan Ibu & Anak,Perlengkapan Mandi & Perawatan Anak,Momami Tisu Basah Bayi Anti Bakteri Baby Fresh 30 s,14.900
1382,Kebutuhan Ibu & Anak,Perlengkapan Mandi & Perawatan Anak,Loluna Sabun Mandi & Sampo Bayi Tube 100 ml,21.900
1383,Kebutuhan Ibu & Anak,Perlengkapan Mandi & Perawatan Anak,Loluna Sabun Mandi & Sampo Bayi Pump 300 ml,44.900
1384,Kebutuhan Ibu & Anak,Perlengkapan Mandi & Perawatan Anak,Loluna Lotion Tubuh & Wajah Bayi 80 ml,31.900
1385,Kebutuhan Ibu & Anak,Perlengkapan Mandi & Perawatan Anak,Loluna Lotion Rambut Bayi 100 ml,31.900
1386,Kebutuhan Ibu & Anak,Perlengkapan Mandi & Perawatan Anak,Pure Kids Deodoran Anak Sporty Grapefruit 50 ml,37.900
1387,Kebutuhan Ibu & Anak,Perlengkapan Mandi & Perawatan Anak,Pure Kids Deodoran Anak Happy Melon 50 ml,37.900
1388,Kebutuhan Ibu & Anak,Perlengkapan Mandi & Perawatan Anak,Pigeon Paket Perawatan Bayi Box 7 pcs,162.900
1389,Kebutuhan Ibu & Anak,Perlengkapan Mandi & Perawatan Anak,Pigeon Teens Deodoran Serum Anak Lightening 30 ml,29.900
1390,Kebutuhan Ibu & Anak,Perlengkapan Mandi & Perawatan Anak,Caladine Baby Bedak Cair Bayi untuk Gatal & Iritasi 100 g,44.900
1391,Kebutuhan Ibu & Anak,Perlengkapan Mandi & Perawatan Anak,Expert Care Krim Telon Bayi Calming Rub Anti Perut Kembung 50 g,91.700
1392,Kebutuhan Ibu & Anak,Perlengkapan Mandi & Perawatan Anak,Expert Care Calming Rub Krim Bayi Anti Perut Kembung Lavender 50 g,91.700
1393,Kebutuhan Ibu & Anak,Perlengkapan Mandi & Perawatan Anak,Loluna Lotion Tubuh & Wajah Bayi 200 ml,67.900
1394,Kebutuhan Ibu & Anak,Perlengkapan Mandi & Perawatan Anak,Tropee Bebe Lotion Rambut Anak Fresh Spray 100 ml,49.900
1395,Kebutuhan Ibu & Anak,Perlengkapan Mandi & Perawatan Anak,Tropee Bebe Minyak Telon Bayi Aromatik + Minyak Zaitun Lavender 100 ml,42.900
1396,Kebutuhan Ibu & Anak,Perlengkapan Mandi & Perawatan Anak,Tropee Bebe Minyak Telon Bayi Aromatik + Minyak Zaitun Lavender Roll On 30 ml,37.000
1397,Kebutuhan Ibu & Anak,Perlengkapan Mandi & Perawatan Anak,Baby-Dee Sabun Mandi & Sampo Bayi Natural Honey & Chamomile 600 ml,37.900
1398,Kebutuhan Ibu & Anak,Perlengkapan Mandi & Perawatan Anak,Baby-Dee Sabun Mandi & Sampo Bayi Natural Milk & Lavender 600 ml,37.900
1399,Kebutuhan Ibu & Anak,Perlengkapan Mandi & Perawatan Anak,Azarine Kids Fun In The Sun Sunscreen Wajah & Tubuh Bayi SPF 40 40 ml,54.900
1400,Kebutuhan Ibu & Anak,Perlengkapan Mandi & Perawatan Anak,Yunikon Sabun Mandi & Sampo Bayi Soft Scent Refill 400 ml,18.500
1401,Kebutuhan Ibu & Anak,Perlengkapan Mandi & Perawatan Anak,Loluna Baby Calming Krim Penghangat & Pereda Kolik Bayi 40 ml,41.900
1402,Kebutuhan Ibu & Anak,Perlengkapan Mandi & Perawatan Anak,Nubiko Krim Bayi Bekas Luka 50 g,84.900
1403,Kebutuhan Ibu & Anak,Perlengkapan Mandi & Perawatan Anak,Nubiko Essential Soothe Moisturizer Wajah Bayi 14.5 g,64.900
1404,Kebutuhan Ibu & Anak,Perlengkapan Mandi & Perawatan Anak,Gently Baby Hydra Soft Lotion Bayi 50 g,24.900
1405,Kebutuhan Ibu & Anak,Perlengkapan Mandi & Perawatan Anak,Gently Baby Cologne Bayi Soft Powdery 100 ml,30.900
1406,Kebutuhan Ibu & Anak,Perlengkapan Mandi & Perawatan Anak,Motherlove 3 in 1 Lotion Rambut Bayi Cotton Clouds 100 ml,64.900
1407,Kebutuhan Ibu & Anak,Perlengkapan Mandi & Perawatan Anak,Motherlove 3 in 1 Lotion Rambut Bayi Gentle Petals 100 ml,64.900
1408,Kebutuhan Ibu & Anak,Perlengkapan Mandi & Perawatan Anak,Tropee Bebe Sabun Mandi Bayi & Anak Chamomile Pump 250 ml,54.900
1409,Kebutuhan Ibu & Anak,Perlengkapan Mandi & Perawatan Anak,Tropee Bebe Sabun Mandi Bayi & Anak Almond Pump 250 ml,54.900
1410,Kebutuhan Ibu & Anak,Perlengkapan Mandi & Perawatan Anak,Zwitsal Sabun Mandi & Sampo Bayi Anti Bakteri 600 ml,42.900
1411,Kebutuhan Ibu & Anak,Perlengkapan Mandi & Perawatan Anak,Zwitsal Sabun Mandi & Sampo Bayi Milky Honey 600 ml,42.900
1412,Kebutuhan Ibu & Anak,Perlengkapan Mandi & Perawatan Anak,Birth Beyond Lotion Bayi Anti Nyamuk 100 ml,33.600
1413,Kebutuhan Ibu & Anak,Perlengkapan Mandi & Perawatan Anak,Birth Beyond Cologne Bayi Happy Day 100 ml,27.900
1414,Kebutuhan Ibu & Anak,Perlengkapan Mandi & Perawatan Anak,Alfamart Disney Tisu Basah Bayi 20 s,6.900
1415,Kebutuhan Ibu & Anak,Perlengkapan Mandi & Perawatan Anak,Cussons Baby Cuddle Calm Krim Tubuh & Wajah Bayi 50 g,23.200
1416,Kebutuhan Ibu & Anak,Perlengkapan Mandi & Perawatan Anak,My Baby Kids Minyak Kayu Putih Plus 60 ml,11.400
1417,Kebutuhan Ibu & Anak,Perlengkapan Mandi & Perawatan Anak,Doremi Cologne Anak Boboiboy Glacier 100 ml,20.900
1418,Kebutuhan Ibu & Anak,Perlengkapan Mandi & Perawatan Anak,Colgate Kids Minions Sikat Gigi Anak Ultra Soft Usia 5-9 Tahun,13.400
1419,Kebutuhan Ibu & Anak,Perlengkapan Mandi & Perawatan Anak,Kodomo Kids 2 in 1 Sabun + Sampo Mandi Anak Tropical Fruits 300 ml,21.900
1420,Kebutuhan Ibu & Anak,Perlengkapan Mandi & Perawatan Anak,Kodomo Kids Sabun Mandi Anak Orange Botol 200 ml,18.100
1421,Kebutuhan Ibu & Anak,Perlengkapan Mandi & Perawatan Anak,Kodomo Baby Sabun & Sampo Bayi Aloe Vera & Calendula Pouch 450 ml,19.900
1422,Kebutuhan Ibu & Anak,Perlengkapan Mandi & Perawatan Anak,Kodomo Baby Sabun Mandi & Sampo Bayi Anti Bakteri Pump 400 ml,24.900
1423,Kebutuhan Ibu & Anak,Perlengkapan Mandi & Perawatan Anak,Doremi Sabun Mandi & Sampo Anak Boboiboy Refill 200 ml,17.900
1424,Kebutuhan Ibu & Anak,Perlengkapan Mandi & Perawatan Anak,MamyPoko Tisu Basah Bayi Ganti Popok X-tra Air Parfum 50 s - Beli 1 Gratis 1,14.900
1425,Kebutuhan Ibu & Anak,Perlengkapan Mandi & Perawatan Anak,Gently Baby Physical Serum Sunscreen Bayi SPF 50 30 g,56.900
1426,Kebutuhan Ibu & Anak,Perlengkapan Mandi & Perawatan Anak,Gently Essential Pasta Gigi Anak Strawberry 50 g,27.900
1427,Kebutuhan Ibu & Anak,Perlengkapan Mandi & Perawatan Anak,Nubiko Lotion Rambut Bayi Argan & Candlenut Oil 100 ml,40.900
1428,Kebutuhan Ibu & Anak,Perlengkapan Mandi & Perawatan Anak,Yunikon Sabun Mandi & Sampo Bayi Fresh Scent Refill 400 ml,18.500
1429,Kebutuhan Ibu & Anak,Perlengkapan Mandi & Perawatan Anak,Yunikon Sabun Mandi & Sampo Bayi Cute Scent Refill 400 ml,18.500
1430,Kebutuhan Ibu & Anak,Perlengkapan Mandi & Perawatan Anak,Gently Baby Cologne Bayi Sweet Drops 100 ml,25.500
1431,Kebutuhan Ibu & Anak,Perlengkapan Mandi & Perawatan Anak,Gently Baby Lotion Rambut Bayi Smooth Keratin 100 ml,38.900
1432,Kebutuhan Ibu & Anak,Perlengkapan Mandi & Perawatan Anak,Eskulin Kids Sunscreen Wajah & Tubuh Bayi Stitch SPF 50 45 g,59.900
1433,Kebutuhan Ibu & Anak,Perlengkapan Mandi & Perawatan Anak,Gently Baby Balm Bayi Serbaguna 12 g,39.900
1434,Kebutuhan Ibu & Anak,Perlengkapan Mandi & Perawatan Anak,Gently Baby Krim Wajah Bayi Advanced 5 in 1 30 g,59.900
1435,Kebutuhan Ibu & Anak,Perlengkapan Mandi & Perawatan Anak,Sakumini Tisu Basah Bayi Mini 6 x 7 s,21.900
1436,Kebutuhan Ibu & Anak,Perlengkapan Mandi & Perawatan Anak,Char Mi Cotton Buds Spiral Refill 32 pcs,30.500
1437,Kebutuhan Ibu & Anak,Perlengkapan Mandi & Perawatan Anak,Johnson's Baby Sabun Mandi & Sampo Bayi Pump 500 ml,47.900
1438,Kebutuhan Ibu & Anak,Perlengkapan Mandi & Perawatan Anak,Johnson's Baby Milk + Rice Sabun Mandi & Sampo Bayi Pump 500 ml,52.900
1439,Kebutuhan Ibu & Anak,Perlengkapan Mandi & Perawatan Anak,Johnson's CottonTouch Sabun Mandi Bayi Pump 500 ml,59.900
1440,Kebutuhan Ibu & Anak,Perlengkapan Mandi & Perawatan Anak,Konicare Natural Sabun Mandi & Sampo Bayi Pump 300 ml,27.000
1441,Kebutuhan Ibu & Anak,Perlengkapan Mandi & Perawatan Anak,Zwitsal Kids Sabun Mandi & Sampo Anak Natural Nourishing Care Pump 280 ml,25.300
1442,Kebutuhan Ibu & Anak,Perlengkapan Mandi & Perawatan Anak,Johnson's Baby Milk + Rice Lotion Bayi 500 ml,84.500
1443,Kebutuhan Ibu & Anak,Perlengkapan Mandi & Perawatan Anak,Dee-dee Sampo Anak Grape Refill 200 ml,11.900
1444,Kebutuhan Ibu & Anak,Perlengkapan Mandi & Perawatan Anak,Konicare Bedak Biang Keringat Anak 80 + 20 g,15.000
1445,Kebutuhan Ibu & Anak,Perlengkapan Mandi & Perawatan Anak,Diapro Value Perlak Sekali Pakai Bayi 20 pcs,45.900
1446,Kebutuhan Ibu & Anak,Perlengkapan Mandi & Perawatan Anak,Jordan Step 1 Sikat Gigi Bayi / Anak 0 - 2 Tahun Ekstra Soft Assorted,27.900
1447,Kebutuhan Ibu & Anak,Perlengkapan Mandi & Perawatan Anak,Alfamart Minyak Telon Plus 60 ml,15.900
1448,Kebutuhan Ibu & Anak,Perlengkapan Mandi & Perawatan Anak,Johnson's Baby Sampo Bayi Botol 200 ml,23.500
1449,Kebutuhan Ibu & Anak,Perlengkapan Mandi & Perawatan Anak,Dee-dee Sampo Anak Strawberry Pump 250 ml,22.900
1450,Kebutuhan Ibu & Anak,Perlengkapan Mandi & Perawatan Anak,Johnson's Baby Sabun Mandi & Sampo Bayi Refill 400 ml,32.900
1451,Kebutuhan Ibu & Anak,Perlengkapan Mandi & Perawatan Anak,Jordan Buddy Sikat Gigi Anak 5-10 Tahun Soft Assorted,12.900
1452,Kebutuhan Ibu & Anak,Perlengkapan Mandi & Perawatan Anak,Bepanthen Salep Popok Bayi 20 g,75.000
1453,Kebutuhan Ibu & Anak,Perlengkapan Mandi & Perawatan Anak,Char Mi Kapas Bulat Bayi 100 s,9.900
1454,Kebutuhan Ibu & Anak,Perlengkapan Mandi & Perawatan Anak,Johnson's CottonTouch Lotion Tubuh & Wajah Bayi 500 ml,87.900
1455,Kebutuhan Ibu & Anak,Perlengkapan Mandi & Perawatan Anak,Dee-dee Sampo Anak Strawberry Refill 200 ml,11.900
1456,Kebutuhan Ibu & Anak,Perlengkapan Mandi & Perawatan Anak,Buds Organics Calming Rub Krim Bayi Anti Perut Kembung 30 ml,229.000
1457,Kebutuhan Ibu & Anak,Perlengkapan Mandi & Perawatan Anak,Jordan Step 2 Sikat Gigi Anak 3 - 5 Tahun Soft Assorted,27.900
1458,Kebutuhan Ibu & Anak,Perlengkapan Mandi & Perawatan Anak,Jordan Step 2 Pasta Gigi Anak 6 - 12 Tahun Mild Grape 75 g,31.900
1459,Kebutuhan Ibu & Anak,Perlengkapan Mandi & Perawatan Anak,Birth Beyond Lotion Rambut Bayi 100 ml,39.900
1460,Kebutuhan Ibu & Anak,Perlengkapan Mandi & Perawatan Anak,Birth Beyond Sabun Mandi & Sampo Bayi Mild & Gentle 100 ml,39.900
1461,Kebutuhan Ibu & Anak,Perlengkapan Mandi & Perawatan Anak,Birth Beyond Sampo Bayi Gentle 100 ml,39.900
1462,Kebutuhan Ibu & Anak,Perlengkapan Mandi & Perawatan Anak,Colgate Kids Batman Pasta Gigi Anak Bubble Fruit 40 g,14.900
1463,Kebutuhan Ibu & Anak,Perlengkapan Mandi & Perawatan Anak,Jordan Step 2 Pasta Gigi Anak 6 - 12 Tahun Apel Hijau 75 g,31.900
1464,Kebutuhan Ibu & Anak,Perlengkapan Mandi & Perawatan Anak,Gently Baby Sampo Bayi & Anak Kemiri Tanpa SLS 100 ml,59.900
1465,Kebutuhan Ibu & Anak,Perlengkapan Mandi & Perawatan Anak,Colgate Kids Minions Sikat Gigi Anak Ultra Soft Usia 2-5 Tahun,23.900
1466,Kebutuhan Ibu & Anak,Perlengkapan Mandi & Perawatan Anak,Colgate Kids Barbie Sikat Gigi Anak Ultra Soft Usia 6+ Tahun,23.900
1467,Kebutuhan Ibu & Anak,Perlengkapan Mandi & Perawatan Anak,Tropee Bebe Minyak Telon Bayi Aromatik + Minyak Zaitun Green Tea 100 ml,46.900
1468,Kebutuhan Ibu & Anak,Perlengkapan Mandi & Perawatan Anak,Buds Organics Chubby Chubbs Krim Pelembap Wajah Bayi & Anak 30 ml,239.000
1469,Kebutuhan Ibu & Anak,Perlengkapan Mandi & Perawatan Anak,Buds Organics Soothing Lotion Perawatan Iritasi Luka Eksim Bayi & Anak 50 ml,279.000
1470,Kebutuhan Ibu & Anak,Perlengkapan Mandi & Perawatan Anak,Enzim Pasta Gigi Anak Bubblegum 63 g,12.900
1471,Kebutuhan Ibu & Anak,Perlengkapan Mandi & Perawatan Anak,Zwitsal Cologne Bayi Soft Touch Aloe Vera Botol 100 ml,19.900
1472,Kebutuhan Ibu & Anak,Perlengkapan Mandi & Perawatan Anak,Cussons Baby Oil Soft & Smooth 100 ml,19.900
1473,Kebutuhan Ibu & Anak,Perlengkapan Mandi & Perawatan Anak,Konicare Minyak Telon 60 ml,24.900
1474,Kebutuhan Ibu & Anak,Perlengkapan Mandi & Perawatan Anak,Doremi Cologne Anak Hijab Nussa Rarra 100 ml,22.100
1475,Kebutuhan Ibu & Anak,Perlengkapan Mandi & Perawatan Anak,Cussons Cologne Bayi Soft Touch 100 ml,13.800
1476,Kebutuhan Ibu & Anak,Perlengkapan Mandi & Perawatan Anak,Johnson's Baby Oil 125 ml,32.500
1477,Kebutuhan Ibu & Anak,Perlengkapan Mandi & Perawatan Anak,Cussons Cologne Bayi Sprakling Joy 100 ml,19.900
1478,Kebutuhan Ibu & Anak,Perlengkapan Mandi & Perawatan Anak,Fresh Living by FreshCare Bebio Minyak Aromaterapi Bayi Roll On 9 ml,28.900
1479,Kebutuhan Ibu & Anak,Perlengkapan Mandi & Perawatan Anak,Alfamart Cotton Buds Bayi Refill 100 pcs,8.200
1480,Kebutuhan Ibu & Anak,Perlengkapan Mandi & Perawatan Anak,Vicks Baby Balm Obat Gosok Bayi 20 g,26.500
1481,Kebutuhan Ibu & Anak,Perlengkapan Mandi & Perawatan Anak,Zwitsal Kids Sabun Mandi Anak Clean & Fresh Refill 250 ml,16.900
1482,Kebutuhan Ibu & Anak,Perlengkapan Mandi & Perawatan Anak,Enzim Pasta Gigi Anak Jeruk 63 g,12.900
1483,Kebutuhan Ibu & Anak,Perlengkapan Mandi & Perawatan Anak,Cussons Baby Soft & Smooth Tisu Basah Bayi Sakura 45 s - Beli 1 Gratis 2,16.900
1484,Kebutuhan Ibu & Anak,Perlengkapan Mandi & Perawatan Anak,Yunikon Tisu Basah Bayi Ganti Popok 50 s - Beli 1 Gratis 1,10.900
1485,Kebutuhan Ibu & Anak,Perlengkapan Mandi & Perawatan Anak,Cussons Baby Cuddle Calm Sabun Mandi & Sampo Bayi 375 ml,22.500
1486,Kebutuhan Ibu & Anak,Perlengkapan Mandi & Perawatan Anak,Yunikon Tisu Basah Bayi Tanpa Pewangi 50 s - Beli 1 Gratis 1,10.900
1487,Kebutuhan Ibu & Anak,Perlengkapan Mandi & Perawatan Anak,Cussons Baby Cuddle Calm Minyak Telon 60 ml,21.000
1488,Kebutuhan Ibu & Anak,Perlengkapan Mandi & Perawatan Anak,My Baby Kids Sampo & Sabun Mandi Soft & Smooth Doraemon 280 ml,18.900
1489,Kebutuhan Ibu & Anak,Perlengkapan Mandi & Perawatan Anak,Zwitsal Natural Sampo Bayi Aloe Vera Kemiri Seledri Refill 250 ml,20.900
1490,Kebutuhan Ibu & Anak,Perlengkapan Mandi & Perawatan Anak,Zwitsal Paket Perawatan Bayi Essential Box 6 pcs,94.900
1491,Kebutuhan Ibu & Anak,Perlengkapan Mandi & Perawatan Anak,My Baby Kids Minyak Kayu Putih Plus 12 Jam 150 ml,36.900
1492,Kebutuhan Ibu & Anak,Perlengkapan Mandi & Perawatan Anak,Colgate Kids Barbie Pasta Gigi Anak Stroberi Mint 40 g,9.200
1493,Kebutuhan Ibu & Anak,Perlengkapan Mandi & Perawatan Anak,Kodomo Sampo Anak Foam Strawberry 250 ml,14.900
1494,Kebutuhan Ibu & Anak,Perlengkapan Mandi & Perawatan Anak,Cussons Baby Newborn Krim Tubuh & Wajah Bayi 50 g,21.000
1495,Kebutuhan Ibu & Anak,Perlengkapan Mandi & Perawatan Anak,Zwitsal Natural Baby Oil 100 ml,17.900
1496,Kebutuhan Ibu & Anak,Perlengkapan Mandi & Perawatan Anak,Johnson's Active Kids Sampo Anak Shiny Drops Botol 200 ml,26.900
1497,Kebutuhan Ibu & Anak,Perlengkapan Mandi & Perawatan Anak,My Baby Kids Sampo & Sabun Mandi Healthy & Fresh Doraemon 280 ml,18.900
1498,Kebutuhan Ibu & Anak,Perlengkapan Mandi & Perawatan Anak,Pepsodent Kids Sikat Gigi Anak Extra Soft,10.300
1499,Kebutuhan Ibu & Anak,Perlengkapan Mandi & Perawatan Anak,Cessa Baby Happy Nose Minyak Aromaterapi Pereda Batuk & Pilek Roll On 8 ml,31.000
1500,Kebutuhan Ibu & Anak,Perlengkapan Mandi & Perawatan Anak,Master Kids Spider-Man Cologne Anak Spray 80 + 20 ml,11.900
1501,Kebutuhan Ibu & Anak,Perlengkapan Mandi & Perawatan Anak,Zwitsal Sabun Mandi & Sampo Bayi Aloe Vera Twin Pack 400 ml,49.900
1502,Kebutuhan Ibu & Anak,Perlengkapan Mandi & Perawatan Anak,Kodomo Sabun Mandi Anak Foam Jeruk 250 ml,14.900
1503,Kebutuhan Ibu & Anak,Susu Ibu Hamil & Menyusui,Prenagen Susu UHT Cair Cokelat Velvety 185 ml,9.900
1504,Kebutuhan Ibu & Anak,Susu Ibu Hamil & Menyusui,Prenagen Mommy Susu Masa Kehamilan Lovely Stroberi 180 g,47.400
1505,Kebutuhan Ibu & Anak,Susu Ibu Hamil & Menyusui,Prenagen Mommy Susu Masa Kehamilan Cokelat Velvety 180 g,46.800
1506,Kebutuhan Ibu & Anak,Susu Ibu Hamil & Menyusui,Prenagen Emesis Susu Hamil Velvety Cokelat 180 g,48.300
1507,Kebutuhan Ibu & Anak,Susu Ibu Hamil & Menyusui,Prenagen Mommy Susu Masa Kehamilan Cokelat Velvety 360 g,86.300
1508,Kebutuhan Ibu & Anak,Susu Ibu Hamil & Menyusui,Prenagen Emesis Susu Hamil Velvety Cokelat 360 g,86.300
1509,Kebutuhan Ibu & Anak,Susu Ibu Hamil & Menyusui,Prenagen Susu UHT Cair Berry Love 185 ml,8.900
1510,Kebutuhan Ibu & Anak,Susu Ibu Hamil & Menyusui,Anmum Materna Susu Bubuk Ibu Hamil Cokelat 400 g,76.500
1511,Kebutuhan Ibu & Anak,Susu Ibu Hamil & Menyusui,Prenagen Lactamom Susu Masa Menyusui Velvety Cokelat 180 g,44.900
1512,Kebutuhan Ibu & Anak,Susu Ibu Hamil & Menyusui,Prenagen Mommy Susu Masa Kehamilan Lovely Stroberi 360 g,84.900
1513,Kebutuhan Ibu & Anak,Susu Ibu Hamil & Menyusui,Prenagen Susu UHT Cair Almond Soya 185 ml,8.900
1514,Kebutuhan Ibu & Anak,Popok Bayi & Anak,MamyPoko X-tra Kering Popok Celana Bayi L 7 pcs,18.100
1515,Kebutuhan Ibu & Anak,Popok Bayi & Anak,MamyPoko X-Tra Kering Popok Celana Bayi XXL 5 pcs,18.100
1516,Kebutuhan Ibu & Anak,Popok Bayi & Anak,MamyPoko X-tra Kering Popok Celana Bayi XL 6 pcs,18.100
1517,Kebutuhan Ibu & Anak,Popok Bayi & Anak,MamyPoko X-tra Kering Popok Celana Bayi M 8 pcs,18.100
1518,Kebutuhan Ibu & Anak,Popok Bayi & Anak,Miu Baby Popok Celana Bayi Premium Soft L-26,65.400
1519,Kebutuhan Ibu & Anak,Popok Bayi & Anak,MamyPoko Popok Celana Bayi Tidak Gembung L 48 pcs,74.900
1520,Kebutuhan Ibu & Anak,Popok Bayi & Anak,Happy Nappy Smart Pants Popok Celana Bayi L 28 pcs,42.400
1521,Kebutuhan Ibu & Anak,Popok Bayi & Anak,MamyPoko X-tra Kering Popok Celana Bayi XXXL 20 + 2 pcs,61.900
1522,Kebutuhan Ibu & Anak,Popok Bayi & Anak,MamyPoko X-tra Kering Popok Perekat Bayi S 24 pcs,34.900
1523,Kebutuhan Ibu & Anak,Popok Bayi & Anak,MamyPoko Popok Celana Bayi Tidak Gembung XXL 20 pcs,45.900
1524,Kebutuhan Ibu & Anak,Popok Bayi & Anak,Makuku SAP Comfort Fit Popok Celana Bayi XXL 22 pcs,
1525,Kebutuhan Ibu & Anak,Popok Bayi & Anak,Sweety Silver Boys Popok Celana Bayi XL 3 x 26 pcs,
1526,Kebutuhan Ibu & Anak,Popok Bayi & Anak,Miu Baby Popok Celana Bayi Premium Soft M-28,
1527,Kebutuhan Ibu & Anak,Popok Bayi & Anak,MamyPoko Royal Soft Organic Cotton Popok Celana Bayi Boys XL 24 pcs,
1528,Kebutuhan Ibu & Anak,Popok Bayi & Anak,Fitti Pants Popok Celana Bayi XXL 24 pcs,
1529,Kebutuhan Ibu & Anak,Popok Bayi & Anak,MamyPoko Royal Soft Organic Cotton Popok Celana Bayi Boys XXL 38 pcs,170.000
1530,Kebutuhan Ibu & Anak,Popok Bayi & Anak,MamyPoko Royal Soft Organic Cotton Popok Celana Bayi Girls XXL 38 pcs,170.000
1531,Kebutuhan Ibu & Anak,Popok Bayi & Anak,MamyPoko Junior Night Popok Celana Bayi Girls XXXL 24 pcs,149.000
1532,Kebutuhan Ibu & Anak,Popok Bayi & Anak,MamyPoko Royal Soft Organic Cotton Popok Celana Bayi Girls XL 46 pcs,137.000
1533,Kebutuhan Ibu & Anak,Popok Bayi & Anak,MamyPoko Royal Soft Organic Cotton Popok Celana Bayi S 70 pcs,137.000
1534,Kebutuhan Ibu & Anak,Popok Bayi & Anak,MamyPoko Skin Comfort Popok Celana Bayi S 38 pcs,59.000
1535,Kebutuhan Ibu & Anak,Popok Bayi & Anak,MamyPoko X-tra Kering Popok Celana Bayi S 56 pcs,69.000
1536,Kebutuhan Ibu & Anak,Popok Bayi & Anak,MamyPoko X-tra Kering Popok Celana Bayi XXL 34 pcs,71.900
1537,Kebutuhan Ibu & Anak,Popok Bayi & Anak,MamyPoko Skin Comfort Popok Celana Bayi XXL 32 pcs,96.900
1538,Kebutuhan Ibu & Anak,Popok Bayi & Anak,MamyPoko Junior Night Popok Celana Bayi Girls XXL 28 pcs,159.900
1539,Kebutuhan Ibu & Anak,Popok Bayi & Anak,MamyPoko Junior Night Popok Celana Bayi Boys XXL 28 pcs,159.900
1540,Kebutuhan Ibu & Anak,Popok Bayi & Anak,MamyPoko Popok Celana Bayi Tidak Gembung M 54 pcs,68.000
1541,Kebutuhan Ibu & Anak,Popok Bayi & Anak,MamyPoko Popok Celana Bayi Tidak Gembung XXL 34 pcs,68.000
1542,Kebutuhan Ibu & Anak,Popok Bayi & Anak,Merries Good Skin Popok Celana Bayi XXL 28 pcs,82.900
1543,Kebutuhan Ibu & Anak,Popok Bayi & Anak,Merries Skin Protection Popok Celana Bayi M 50 pcs,112.000
1544,Kebutuhan Ibu & Anak,Popok Bayi & Anak,Merries Skin Protection Popok Celana Bayi L 44 pcs,112.000
1545,Kebutuhan Ibu & Anak,Popok Bayi & Anak,Merries Skin Protection Popok Celana Bayi XL 42 pcs,124.900
1546,Kebutuhan Ibu & Anak,Popok Bayi & Anak,Sweety Gold Junior Popok Celana Anak XXXL 20 pcs,105.000
1547,Kebutuhan Ibu & Anak,Popok Bayi & Anak,Sweety Silver Cloud Soft Popok Celana Bayi XXL 3 x 22 pcs - Karton,149.000
1548,Kebutuhan Ibu & Anak,Popok Bayi & Anak,Sweety Bronze Dry X-Pert Popok Celana Bayi XL 38 pcs,75.000
1549,Kebutuhan Ibu & Anak,Popok Bayi & Anak,Sweety Gold Popok Celana Bayi L 3 x 28 pcs - Karton,270.000
1550,Kebutuhan Ibu & Anak,Popok Bayi & Anak,Sweety Gold Popok Celana Bayi M 3 x 34 pcs - Karton,270.000
1551,Kebutuhan Ibu & Anak,Popok Bayi & Anak,Sweety Gold Popok Celana Bayi XXL 3 x 20 pcs - Karton,270.000
1552,Kebutuhan Ibu & Anak,Popok Bayi & Anak,Makuku SAP Comfort Fit Popok Celana Bayi Jumbo Pack M 42 + 4 pcs,82.900
1553,Kebutuhan Ibu & Anak,Popok Bayi & Anak,Makuku SAP Comfort Fit Popok Celana Bayi Jumbo Pack L 40 + 4 pcs,82.900
1554,Kebutuhan Ibu & Anak,Popok Bayi & Anak,Makuku SAP Comfort Fit Popok Celana Bayi Jumbo Pack XL 38 + 4 pcs,89.900
1555,Kebutuhan Ibu & Anak,Popok Bayi & Anak,Makuku Dry Care Popok Perekat Bayi NB-S 54 pcs,72.900
1556,Kebutuhan Ibu & Anak,Popok Bayi & Anak,Makuku Dry Care Popok Celana Bayi M 48 + 10 pcs,87.900
1557,Kebutuhan Ibu & Anak,Popok Bayi & Anak,Makuku Dry Care Popok Celana Bayi L 44 + 10 pcs,87.900
1558,Kebutuhan Ibu & Anak,Popok Bayi & Anak,Makuku Dry Care Popok Celana Bayi XL 36 + 6 pcs,79.900
1559,Kebutuhan Ibu & Anak,Popok Bayi & Anak,Makuku Dry Care Popok Celana Bayi XXL 34 + 6 pcs,79.900
1560,Kebutuhan Ibu & Anak,Popok Bayi & Anak,Baby Happy Body Fit Popok Celana Bayi M 48 pcs,67.900
1561,Kebutuhan Ibu & Anak,Popok Bayi & Anak,Baby Happy Body Fit Popok Celana Bayi L 42 pcs,67.900
1562,Kebutuhan Ibu & Anak,Popok Bayi & Anak,Baby Happy Body Fit Popok Celana Bayi XL 38 pcs,76.900
1563,Kebutuhan Ibu & Anak,Popok Bayi & Anak,Sweety Skin Premium Popok Perekat Bayi NB 46 pcs,85.000
1564,Kebutuhan Ibu & Anak,Popok Bayi & Anak,Sweety Skin Premium Popok Perekat Bayi S 44 pcs,85.000
1565,Kebutuhan Ibu & Anak,Popok Bayi & Anak,Sweety Skin Premium Popok Celana Bayi M 34 pcs,85.000
1566,Kebutuhan Ibu & Anak,Popok Bayi & Anak,Sweety Skin Premium Popok Celana Bayi L 30 pcs,85.000
1567,Kebutuhan Ibu & Anak,Popok Bayi & Anak,Sweety Skin Premium Popok Celana Bayi XL 26 pcs,85.000
1568,Kebutuhan Ibu & Anak,Popok Bayi & Anak,Makuku SAP Slim Popok Celana Bayi M 32 pcs,102.900
1569,Kebutuhan Ibu & Anak,Popok Bayi & Anak,Makuku SAP Slim Popok Celana Bayi XXL 28 pcs,114.000
1570,Kebutuhan Ibu & Anak,Popok Bayi & Anak,Makuku SAP Slim Popok Celana Bayi Jumbo Pack M 52 pcs,162.900
1571,Kebutuhan Ibu & Anak,Popok Bayi & Anak,Makuku SAP Slim Popok Celana Bayi Jumbo Pack L 50 pcs,162.900
1572,Kebutuhan Ibu & Anak,Popok Bayi & Anak,Makuku SAP Slim Popok Celana Bayi Jumbo Pack XL 48 pcs,162.900
1573,Kebutuhan Ibu & Anak,Popok Bayi & Anak,Makuku SAP Comfort Fit Popok Perekat Bayi S 30 pcs,49.000
1574,Kebutuhan Ibu & Anak,Popok Bayi & Anak,MamyPoko X-tra Kering Popok Perekat Bayi Newborn S 44 pcs,53.900
1575,Kebutuhan Ibu & Anak,Popok Bayi & Anak,MamyPoko X-tra Kering Popok Celana Bayi XXL 24 pcs,60.900
1576,Kebutuhan Ibu & Anak,Popok Bayi & Anak,Fitti Pants Popok Celana Bayi S 40 pcs,47.500
1577,Kebutuhan Ibu & Anak,Popok Bayi & Anak,Happy Nappy Smart Pants Popok Celana Bayi M 32 pcs,42.400
1578,Kebutuhan Ibu & Anak,Popok Bayi & Anak,Sweety Bronze Dry X-Pert Popok Perekat Bayi NB-S 44 pcs,52.900
1579,Kebutuhan Ibu & Anak,Popok Bayi & Anak,MamyPoko X-tra Kering Popok Celana Bayi M 32 pcs,56.400
1580,Kebutuhan Ibu & Anak,Popok Bayi & Anak,Merries Good Skin Popok Celana Bayi L 28 pcs,57.900
1581,Kebutuhan Ibu & Anak,Popok Bayi & Anak,Merries Good Skin Popok Celana Bayi NB-S 40 pcs,57.900
1582,Kebutuhan Ibu & Anak,Popok Bayi & Anak,Makuku SAP Comfort Fit Popok Celana Bayi L 26 pcs,51.900
1583,Kebutuhan Ibu & Anak,Popok Bayi & Anak,Makuku Dry Care Popok Celana Bayi XL 24 + 4 pcs,59.900
1584,Kebutuhan Ibu & Anak,Popok Bayi & Anak,Makuku Dry Care Popok Celana Bayi L 28 + 6 pcs,54.500
1585,Kebutuhan Ibu & Anak,Popok Bayi & Anak,Makuku SAP Comfort Fit Popok Celana Bayi XL 24 pcs,58.900
1586,Kebutuhan Ibu & Anak,Popok Bayi & Anak,Makuku SAP Comfort Fit Popok Celana Bayi M 28 pcs,51.900
1587,Kebutuhan Ibu & Anak,Popok Bayi & Anak,Merries Good Skin Popok Celana Bayi M 32 pcs,57.900
1588,Kebutuhan Ibu & Anak,Popok Bayi & Anak,Sweety Max Protection Popok Celana Bayi XL 24 pcs,53.500
1589,Kebutuhan Ibu & Anak,Popok Bayi & Anak,Sweety Bronze Dry X-Pert Popok Celana Bayi M 32 pcs,46.900
1590,Kebutuhan Ibu & Anak,Popok Bayi & Anak,Sweety Max Protection Popok Celana Bayi XXL 18 + 4 pcs,50.900
1591,Kebutuhan Ibu & Anak,Popok Bayi & Anak,Sweety Max Protection Popok Celana Bayi M 32 pcs,53.500
1592,Kebutuhan Ibu & Anak,Popok Bayi & Anak,Sweety Max Protection Popok Celana Bayi L 28 pcs,53.500
1593,Kebutuhan Ibu & Anak,Popok Bayi & Anak,MamyPoko X-tra Kering Popok Celana Bayi L 42 pcs,79.900
1594,Kebutuhan Ibu & Anak,Popok Bayi & Anak,MamyPoko X-tra Kering Popok Celana Bayi L 28 pcs,56.400
1595,Kebutuhan Ibu & Anak,Popok Bayi & Anak,MamyPoko Popok Celana Bayi Tidak Gembung XL 23 pcs,45.900
1596,Kebutuhan Ibu & Anak,Popok Bayi & Anak,MamyPoko Popok Celana Bayi Tidak Gembung XL 40 pcs,74.900
1597,Kebutuhan Ibu & Anak,Popok Bayi & Anak,Makuku SAP Comfort Fit Popok Perekat Bayi NB 40 pcs,52.900
1598,Kebutuhan Ibu & Anak,Popok Bayi & Anak,Merries Good Skin Popok Celana Bayi XL 26 pcs,57.900
1599,Kebutuhan Ibu & Anak,Popok Bayi & Anak,Merries Good Skin Popok Celana Bayi XXL 18 pcs,68.200
1600,Kebutuhan Ibu & Anak,Popok Bayi & Anak,Baby Happy Body Fit Pants Popok Celana Bayi XXL 24 pcs,49.900
1601,Kebutuhan Ibu & Anak,Popok Bayi & Anak,Sweety Silver Cloud Soft Popok Perekat Bayi NB-S 40 pcs,54.900
1602,Kebutuhan Ibu & Anak,Popok Bayi & Anak,Baby Happy Body Fit Pants Popok Celana Bayi L 28 pcs,47.900
1603,Kebutuhan Ibu & Anak,Popok Bayi & Anak,MamyPoko Popok Celana Bayi Tidak Gembung M 30 pcs,45.900
1604,Kebutuhan Ibu & Anak,Popok Bayi & Anak,MamyPoko X-tra Kering Popok Celana Bayi S 22 pcs,31.100
1605,Kebutuhan Ibu & Anak,Popok Bayi & Anak,MamyPoko X-tra Kering Popok Celana Bayi M 48 pcs,79.900
1606,Kebutuhan Ibu & Anak,Popok Bayi & Anak,Fitti Pants Popok Celana Bayi L 28 pcs,47.500
1607,Kebutuhan Ibu & Anak,Popok Bayi & Anak,MamyPoko Popok Celana Bayi Tidak Gembung L 28 pcs,45.900
1608,Kebutuhan Ibu & Anak,Popok Bayi & Anak,Fitti Pants Popok Celana Bayi M 32 pcs,47.500
1609,Kebutuhan Ibu & Anak,Popok Bayi & Anak,MamyPoko X-tra Kering Popok Celana Bayi S 38 pcs,56.400
1610,Kebutuhan Ibu & Anak,Popok Bayi & Anak,Happy Nappy Smart Pants Popok Celana Bayi XL 24 + 2 pcs,42.400
1611,Kebutuhan Ibu & Anak,Popok Bayi & Anak,Baby Happy Body Fit Pants Popok Celana Bayi L 20 pcs,
1612,Kebutuhan Ibu & Anak,Popok Bayi & Anak,Sweety Bronze Dry X-Pert Popok Celana Bayi M 44 pcs,
1613,Kebutuhan Ibu & Anak,Popok Bayi & Anak,Sweety Bronze Dry X-Pert Popok Perekat Bayi M 40 pcs,
1614,Kebutuhan Ibu & Anak,Popok Bayi & Anak,MamyPoko Royal Soft Organic Cotton Popok Celana Bayi Boys L 28 pcs,
1615,Kebutuhan Ibu & Anak,Popok Bayi & Anak,MamyPoko Skin Comfort Popok Celana Bayi M 32+2 pcs,
1616,Kebutuhan Ibu & Anak,Popok Bayi & Anak,Merries Good Skin Popok Celana Bayi XL 16 pcs,
1617,Kebutuhan Ibu & Anak,Popok Bayi & Anak,Merries Good Skin Popok Celana Bayi L 36 pcs,
1618,Kebutuhan Ibu & Anak,Popok Bayi & Anak,MamyPoko Royal Soft Organic Cotton Popok Celana Bayi M 34 pcs,
1619,Kebutuhan Ibu & Anak,Popok Bayi & Anak,MamyPoko Skin Comfort Popok Celana Bayi XL 24 pcs,
1620,Kebutuhan Ibu & Anak,Popok Bayi & Anak,Sweety Bronze Dry X-Pert Popok Celana Bayi L-38,
1621,Kebutuhan Ibu & Anak,Popok Bayi & Anak,Baby Happy Soft & Comfort Pinkfong Baby Shark Popok Celana Bayi L 28 pcs,
1622,Kebutuhan Ibu & Anak,Popok Bayi & Anak,MamyPoko X-tra Kering Popok Celana Bayi XL 20 pcs,
1623,Kebutuhan Ibu & Anak,Popok Bayi & Anak,MamyPoko X-tra Kering Popok Celana Bayi XL 38 pcs,
1624,Kebutuhan Ibu & Anak,Popok Bayi & Anak,Baby Happy Soft & Comfort Pinkfong Baby Shark Popok Celana Bayi M 32 pcs,
1625,Kebutuhan Ibu & Anak,Popok Bayi & Anak,Miu Baby Popok Celana Bayi Premium Soft XL-24,
1626,Kebutuhan Ibu & Anak,Popok Bayi & Anak,Fitti Pants Popok Celana Bayi XL 26 pcs,56.900
1627,Kebutuhan Ibu & Anak,Popok Bayi & Anak,Baby Happy Body Fit Pants Popok Celana Bayi XL 26 pcs,48.900
1628,Kebutuhan Ibu & Anak,Popok Bayi & Anak,MamyPoko Skin Comfort Popok Celana Bayi XL 36 pcs,79.000
1629,Kebutuhan Ibu & Anak,Popok Bayi & Anak,MamyPoko Skin Comfort Popok Celana Bayi L 42 pcs,79.000
1630,Kebutuhan Ibu & Anak,Popok Bayi & Anak,Sweety Silver Cloud Soft Popok Celana Bayi L 3 x 28 pcs - Karton,137.500
1631,Kebutuhan Ibu & Anak,Popok Bayi & Anak,Sweety Silver Cloud Soft Popok Celana Bayi M 3 x 32 pcs - Karton,137.500
1632,Kebutuhan Ibu & Anak,Popok Bayi & Anak,MamyPoko Skin Comfort Popok Celana Bayi L 28 pcs,59.900
1633,Kebutuhan Ibu & Anak,Popok Bayi & Anak,Baby Happy Body Fit Pants Popok Celana S 38+2 pcs,47.900
1634,Kebutuhan Ibu & Anak,Popok Bayi & Anak,MamyPoko X-tra Kering Popok Celana Bayi XL 26 pcs,57.900
1635,Kebutuhan Ibu & Anak,Popok Bayi & Anak,Pokana SAP Mosafe Popok Celana Bayi L 24 pcs,44.900
1636,Kebutuhan Ibu & Anak,Popok Bayi & Anak,MamyPoko X-tra Kering Popok Celana Bayi M 20 pcs,39.900
1637,Kebutuhan Ibu & Anak,Popok Bayi & Anak,Sweety Bronze Dry X-Pert Popok Celana Bayi L 28 pcs,46.900
1638,Kebutuhan Ibu & Anak,Popok Bayi & Anak,Sweety Bronze Dry X-Pert Popok Celana Bayi XL 24 pcs,46.900
1639,Kebutuhan Ibu & Anak,Popok Bayi & Anak,Sweety Bronze Dry X-Pert Popok Celana Bayi S 38 pcs,46.900
1640,Kebutuhan Ibu & Anak,Popok Bayi & Anak,Sweety Max Protection Popok Celana Bayi S 38 pcs,53.500
1641,Kebutuhan Ibu & Anak,Popok Bayi & Anak,Sweety Bronze Dry X-Pert Popok Celana Bayi XXL 20 + 3 pcs,47.900
1642,Kebutuhan Ibu & Anak,Popok Bayi & Anak,MamyPoko X-tra Kering Popok Celana Bayi XXL 18 pcs,54.900
1643,Kebutuhan Ibu & Anak,Popok Bayi & Anak,MamyPoko X-tra Kering Popok Celana Bayi L 20 pcs,42.900
1644,Kebutuhan Ibu & Anak,Popok Bayi & Anak,Pokana SAP Mosafe Popok Celana Bayi M 26 pcs,44.900
1645,Kebutuhan Ibu & Anak,Popok Bayi & Anak,Sweety Silver Cloud Soft Popok Perekat Bayi NB-S 20 pcs,
1646,Kebutuhan Ibu & Anak,Popok Bayi & Anak,Merries Good Skin Popok Celana Bayi L 20 pcs,
1647,Kebutuhan Ibu & Anak,Popok Bayi & Anak,Pokana SAP Mosafe Popok Celana Bayi XL 22 pcs,
1648,Kebutuhan Ibu & Anak,Popok Bayi & Anak,Baby Happy Body Fit Pants Popok Celana Bayi M 32 pcs,47.900
1649,Kebutuhan Ibu & Anak,Popok Bayi & Anak,MamyPoko Skin Comfort Popok Celana Bayi M 48 + 2 pcs,79.000
1650,Kebutuhan Ibu & Anak,Popok Bayi & Anak,MamyPoko Skin Comfort Popok Celana Bayi XXL 22 pcs,59.000
1651,Kebutuhan Ibu & Anak,Popok Bayi & Anak,MamyPoko Royal Soft Organic Cotton Popok Celana Bayi Girls M 64 pcs,137.000
1652,Kebutuhan Ibu & Anak,Popok Bayi & Anak,MamyPoko Royal Soft Organic Cotton Popok Perekat Bayi Newborn 52 pcs,92.000
1653,Kebutuhan Ibu & Anak,Popok Bayi & Anak,MamyPoko Royal Soft Organic Cotton Popok Celana Bayi Boys M 64 pcs,137.000
1654,Kebutuhan Ibu & Anak,Popok Bayi & Anak,Sweety Bronze Dry X-Pert Popok Celana Bayi XXL 34 pcs,68.900
1655,Kebutuhan Ibu & Anak,Popok Bayi & Anak,Sweety Silver Cloud Soft Popok Celana Bayi XL 3 x 24 pcs - Karton,139.000
1656,Kebutuhan Ibu & Anak,Popok Bayi & Anak,MamyPoko Royal Soft Organic Cotton Popok Celana Bayi Boys L 52 pcs,137.000
1657,Kebutuhan Ibu & Anak,Popok Bayi & Anak,MamyPoko Royal Soft Organic Cotton Popok Celana Bayi Girls L 52 pcs,137.000
1658,Kebutuhan Ibu & Anak,Popok Bayi & Anak,MamyPoko Royal Soft Organic Cotton Popok Perekat S 50 pcs,92.000
1659,Kebutuhan Ibu & Anak,Popok Bayi & Anak,MamyPoko Junior Night Popok Celana Bayi Boys XXXL 24 pcs,149.000
1660,Kebutuhan Ibu & Anak,Popok Bayi & Anak,MamyPoko Royal Soft Organic Cotton Popok Celana Bayi Boys XL 46 pcs,137.000
1661,Kebutuhan Ibu & Anak,Popok Bayi & Anak,MamyPoko Skin Comfort Popok Celana Bayi S 56 pcs,77.900
1662,Kebutuhan Ibu & Anak,Pembersih Pakaian & Perlengkapan Anak,Sleek Baby Deterjen Cair Bayi Refill 450 ml,28.200
1663,Kebutuhan Ibu & Anak,Pembersih Pakaian & Perlengkapan Anak,Sleek Baby Sabun Cair Pencuci Botol & Dot Bayi 450 ml,35.400
1664,Kebutuhan Ibu & Anak,Pembersih Pakaian & Perlengkapan Anak,Cussons Baby Sabun Cair Pencuci Botol & Dot 300 ml,14.500
1665,Kebutuhan Ibu & Anak,Pembersih Pakaian & Perlengkapan Anak,Sunlight Biocare Nature Sabun Cuci Piring & Peralatan Bayi Botol 675 g,13.900
1666,Kebutuhan Ibu & Anak,Pembersih Pakaian & Perlengkapan Anak,Sleek Baby Sabun Cair Pencuci Botol & Dot Bayi 150 ml,12.700
1667,Kebutuhan Ibu & Anak,Pembersih Pakaian & Perlengkapan Anak,Sleek Baby Pelembut & Pewangi Pakaian Bayi 430 ml,27.900
1668,Kebutuhan Ibu & Anak,Pembersih Pakaian & Perlengkapan Anak,Downy Pewangi Pakaian Bayi Milky Touch 500 ml,18.900
1669,Kebutuhan Ibu & Anak,Pembersih Pakaian & Perlengkapan Anak,Probaby Sabun Pencuci Botol & Dot Bayi 450 ml,19.900
1670,Kebutuhan Ibu & Anak,Pembersih Pakaian & Perlengkapan Anak,So Klin Softener Fine & Comfort Pelembut & Pewangi Pakaian Bayi Refill 650 ml,13.900
1671,Kebutuhan Ibu & Anak,Pembersih Pakaian & Perlengkapan Anak,Sunlight Biocare Nature Sabun Cuci Piring & Peralatan Bayi 600 ml,8.900
1672,Kebutuhan Ibu & Anak,Pembersih Pakaian & Perlengkapan Anak,Pigeon 2 in 1 Brush Sikat Pembersih Botol & Dot Bayi,36.400
1673,Kebutuhan Ibu & Anak,Pembersih Pakaian & Perlengkapan Anak,Cussons Baby Deterjen Cair Bayi Lilly of The Valey 700 ml x 2 pcs,
1674,Kebutuhan Ibu & Anak,Pembersih Pakaian & Perlengkapan Anak,My Baby Deterjen Cair Bayi Gentle Hug 450 ml,14.500
1675,Kebutuhan Ibu & Anak,Pembersih Pakaian & Perlengkapan Anak,Molto Pure Pelembut & Pewangi Pakaian Bayi Soft & Gentle Refill 1600 ml,39.000
1676,Kebutuhan Ibu & Anak,Pembersih Pakaian & Perlengkapan Anak,Cussons Baby Pelembut & Pewangi Pakaian Bayi Mild & Gentle Refill 700 ml,18.500
1677,Kebutuhan Ibu & Anak,Pembersih Pakaian & Perlengkapan Anak,Motherlove Nature Sabun Cuci Botol & Peralatan Bayi 100 ml,32.900
1678,Kebutuhan Ibu & Anak,Pembersih Pakaian & Perlengkapan Anak,Motherlove Tender Touch Deterjen Cair Organik Bayi & Anak 900 ml,74.900
1679,Kebutuhan Ibu & Anak,Pembersih Pakaian & Perlengkapan Anak,Cussons Baby Pelembut & Pewangi Pakaian Bayi Soft Floral Refill 700 ml,18.500
1680,Kebutuhan Ibu & Anak,Pembersih Pakaian & Perlengkapan Anak,Sleek Baby Deterjen Cair Bayi Botol 1.2 L,67.000
1681,Kebutuhan Ibu & Anak,Pembersih Pakaian & Perlengkapan Anak,Sleek Baby Sabun Cair Pencuci Botol & Dot Bayi 500 ml,34.900
1682,Kebutuhan Ibu & Anak,Pembersih Pakaian & Perlengkapan Anak,Pigeon Baby Sabun Cair Pencuci Botol & Dot Bayi Refill 450 ml,31.900
1683,Kebutuhan Ibu & Anak,Pembersih Pakaian & Perlengkapan Anak,Pigeon Baby Sabun Cair Pencuci Botol & Dot Bayi 500 ml,42.900
1684,Kebutuhan Ibu & Anak,Pembersih Pakaian & Perlengkapan Anak,Pigeon Deterjen Cair Bayi Botol 500 ml,41.900
1685,Kebutuhan Ibu & Anak,Pembersih Pakaian & Perlengkapan Anak,Cussons Baby Sabun Cair Pencuci Botol & Dot Bayi 700 + 300 ml,39.900
1686,Kebutuhan Ibu & Anak,Pembersih Pakaian & Perlengkapan Anak,Cussons Baby Pelembut & Pewangi Pakaian Bayi Sweet Dreams Refill 700 ml,18.500
1687,Kebutuhan Ibu & Anak,Pembersih Pakaian & Perlengkapan Anak,Have Baby Deterjen Cair Bayi Jerigen 4 L,149.000
1688,Kebutuhan Ibu & Anak,Pembersih Pakaian & Perlengkapan Anak,Have Baby Pelembut Pakaian Bayi Jerigen 4 L,149.000
1689,Kebutuhan Ibu & Anak,Pembersih Pakaian & Perlengkapan Anak,Have Baby Sabun Cair Pencuci Botol & Dot Bayi Jerigen 4 L,149.000
1690,Kebutuhan Ibu & Anak,Pembersih Pakaian & Perlengkapan Anak,Have Baby Deterjen Cair Bayi Jerigen 900 ml,40.000
1691,Kebutuhan Ibu & Anak,Pembersih Pakaian & Perlengkapan Anak,Have Baby Pelembut Pakaian Bayi Jerigen 900 ml,40.000
1692,Kebutuhan Ibu & Anak,Pembersih Pakaian & Perlengkapan Anak,Have Baby Sabun Cair Pencuci Botol & Dot Bayi Jerigen 900 ml,40.000
1693,Kebutuhan Ibu & Anak,Pembersih Pakaian & Perlengkapan Anak,Pigeon Baby Fabric FabriCool Pelembut Pakaian Bayi Refill 400 ml,29.900
1694,Kebutuhan Ibu & Anak,Pembersih Pakaian & Perlengkapan Anak,Pigeon Baby Laundry Deterjen Cair Bayi Refill 450 ml,24.900
1695,Kebutuhan Ibu & Anak,Pembersih Pakaian & Perlengkapan Anak,Sleek Baby Deterjen Cair Bayi 4 L,158.400
1696,Kebutuhan Ibu & Anak,Pembersih Pakaian & Perlengkapan Anak,Yuri Babysoft Pelembut & Pewangi Pakaian Bayi Botol 1 L,27.900
1697,Kebutuhan Ibu & Anak,Pembersih Pakaian & Perlengkapan Anak,Yuri Babysoft Pelembut & Pewangi Pakaian Bayi Jerigen 3.7 L,84.900
1698,Kebutuhan Ibu & Anak,Pembersih Pakaian & Perlengkapan Anak,Sleek Sabun Pencuci Botol & Dot Bayi Refill 900 ml,54.900
1699,Kebutuhan Ibu & Anak,Pembersih Pakaian & Perlengkapan Anak,Sleek Baby Deterjen Cair Bayi Refill 900 ml,41.900
1700,Kebutuhan Ibu & Anak,Pembersih Pakaian & Perlengkapan Anak,My Baby Pelembut & Pewangi Pakaian Lovely Touch Refill 1.4 L,19.500
1701,Kebutuhan Ibu & Anak,Pembersih Pakaian & Perlengkapan Anak,Probaby Sabun Pencuci Botol & Dot Bayi 700 ml,27.900
1702,Kebutuhan Ibu & Anak,Pembersih Pakaian & Perlengkapan Anak,My Baby Pelembut & Pewangi Pakaian Gentle Hug Refill 1.4 L,19.500
1703,Kebutuhan Ibu & Anak,Pembersih Pakaian & Perlengkapan Anak,My Baby Deterjen Cair Bayi Lovely Touch 450 ml,14.900
1704,Kebutuhan Ibu & Anak,Perlengkapan Makan & Minum Anak,Philips Avent Botol Susu Bayi Classic 2 260 ml,49.900
1705,Kebutuhan Ibu & Anak,Perlengkapan Makan & Minum Anak,Pigeon Dot Botol Susu Bayi Slim Neck L,17.000
1706,Kebutuhan Ibu & Anak,Perlengkapan Makan & Minum Anak,Baby Huki Dot Botol Bayi Silikon Ortodontik L 1 pcs,6.500
1707,Kebutuhan Ibu & Anak,Perlengkapan Makan & Minum Anak,Baby Huki Botol Susu Bayi PP 60 ml,33.000
1708,Kebutuhan Ibu & Anak,Perlengkapan Makan & Minum Anak,Pigeon Botol Susu Bayi PP Slim Neck 50 ml,34.000
1709,Kebutuhan Ibu & Anak,Perlengkapan Makan & Minum Anak,Baby Huki Dot Bayi Ortodontik dengan Penutup 2 pcs,44.000
1710,Kebutuhan Ibu & Anak,Perlengkapan Makan & Minum Anak,Pigeon Botol Susu Bayi PP Slim Neck 120 ml,43.200
1711,Kebutuhan Ibu & Anak,Perlengkapan Makan & Minum Anak,Pigeon Mini Light Empeng Bayi Silikon Step 2,48.200
1712,Kebutuhan Ibu & Anak,Perlengkapan Makan & Minum Anak,Pigeon Botol Susu Bayi PP Slim Neck 240 ml,39.000
1713,Kebutuhan Ibu & Anak,Perlengkapan Makan & Minum Anak,Philips Avent Botol Susu Bayi Classic 125 ml,45.900
1714,Kebutuhan Ibu & Anak,Perlengkapan Makan & Minum Anak,Pigeon Peristaltic Nipple Dot Botol Susu Bayi Slim Neck L 3 pcs,46.400
1715,Kebutuhan Ibu & Anak,Perlengkapan Makan & Minum Anak,Pigeon Botol Susu Bayi PP Wide Neck Size S 160 ml,55.200
1716,Kebutuhan Ibu & Anak,Perlengkapan Makan & Minum Anak,Baby Huki Botol Susu Bayi PP Slim Neck 240 ml,34.900
1717,Kebutuhan Ibu & Anak,Perlengkapan Makan & Minum Anak,Philips Avent Botol Susu Bayi Classic+ Giraffe 260 ml,54.400
1718,Kebutuhan Ibu & Anak,Perlengkapan Makan & Minum Anak,Pigeon Softouch Dot Botol Susu Bayi Wide Neck L 2 pcs,66.900
1719,Kebutuhan Ibu & Anak,Perlengkapan Makan & Minum Anak,Baby Huki Dot Botol Bayi Blister Silikon Ortodontik L 3 pcs,46.000
1720,Kebutuhan Ibu & Anak,Perlengkapan Makan & Minum Anak,Baby Huki Botol Susu Bayi PP Slim Neck 120 ml,37.400
1721,Kebutuhan Ibu & Anak,Perlengkapan Makan & Minum Anak,Philips Avent Dot Botol Susu Bayi 4 Lubang 2 pcs,75.000
1722,Kebutuhan Ibu & Anak,Perlengkapan Makan & Minum Anak,Ecentio Disney Botol Minum Anak 550 ml,
1723,Kebutuhan Ibu & Anak,Perlengkapan Makan & Minum Anak,Ecentio Marvel Botol Minum Anak 550 ml,
1724,Kebutuhan Ibu & Anak,Perlengkapan Makan & Minum Anak,Ecentio Disney Tumbler Anak 580 ml,
1725,Kebutuhan Ibu & Anak,Perlengkapan Makan & Minum Anak,Pigeon Food Feeder Botol Sendok Makan Mpasi Bayi 240 ml,
1726,Kebutuhan Ibu & Anak,Perlengkapan Makan & Minum Anak,Pigeon Softouch Wide Neck Botol Susu 240 ml,
1727,Kebutuhan Ibu & Anak,Perlengkapan Makan & Minum Anak,Pigeon Botol Susu Bayi Clear Blue 120 ml,51.900
1728,Kebutuhan Ibu & Anak,Perlengkapan Makan & Minum Anak,Pigeon Botol Susu Bayi Clear Pink 120 ml,51.900
1729,Kebutuhan Ibu & Anak,Perlengkapan Makan & Minum Anak,Pigeon Clear Streamline Botol Susu Bayi 250 ml,51.900
1730,Kebutuhan Ibu & Anak,Perlengkapan Makan & Minum Anak,Cussons Botol Susu Bayi 60 ml,22.900
1731,Kebutuhan Ibu & Anak,Perlengkapan Makan & Minum Anak,Baby Huki Botol Susu Bayi PP + Handle 240 ml,47.500
1732,Kebutuhan Ibu & Anak,Perlengkapan Makan & Minum Anak,Baby Huki Dot Botol Bayi Silikon Ortodontik S 1 pcs,12.500
1733,Kebutuhan Ibu & Anak,Perlengkapan Makan & Minum Anak,Baby Huki Dot Botol Bayi Silikon Ortodontik M 1 pcs,12.500
1734,Kebutuhan Ibu & Anak,Perlengkapan Makan & Minum Anak,Baby Huki Wadah Penyimpanan Susu Bubuk Bayi,24.100
1735,Kebutuhan Ibu & Anak,Perlengkapan Makan & Minum Anak,Pigeon Botol Susu Bayi Curve Pink 250 ml,51.900
1736,Kebutuhan Ibu & Anak,Perlengkapan Makan & Minum Anak,Pigeon Botol Susu Bayi Curve Blue 250 ml,51.900
1737,Kebutuhan Ibu & Anak,Perlengkapan Makan & Minum Anak,Pigeon Botol Susu Bayi BPP Wide Neck Orange Kucing 160 ml,99.900
1738,Kebutuhan Ibu & Anak,Perlengkapan Makan & Minum Anak,Pigeon Food Feeder Botol Sendok Makan Mpasi Bayi 120 ml,54.900
1739,Kebutuhan Ibu & Anak,Perlengkapan Makan & Minum Anak,Pigeon Sendok & Garpu Peralatan Makan Bayi,31.900
1740,Kebutuhan Ibu & Anak,Perlengkapan Makan & Minum Anak,Pigeon Softouch Botol Susu Bayi BPP Wide Neck Hijau Kelinci 160 ml,99.900
1741,Kebutuhan Ibu & Anak,Perlengkapan Makan & Minum Anak,Pigeon Mini Light Empeng Silikon Bayi Alpaca S,37.900
1742,Kebutuhan Ibu & Anak,Perlengkapan Makan & Minum Anak,Pigeon Mini Light Empeng Silikon Bayi Beruang M,37.900
1743,Kebutuhan Ibu & Anak,"Kebutuhan Ibu, Bayi, & Anak Lainnya",Softex Breast Pad Sekali Pakai 50 pcs,
1744,Kebutuhan Ibu & Anak,"Kebutuhan Ibu, Bayi, & Anak Lainnya",Mom Uung Pelancar Asi 30 Kapsul,67.900
1745,Kebutuhan Ibu & Anak,"Kebutuhan Ibu, Bayi, & Anak Lainnya",Lansinoh Krim Puting 10 ml,94.900
1746,Kebutuhan Rumah,Perlengkapan Kamar Mandi,Head & Shoulders Sampo Anti Ketombe Super Cool 300 ml,57.900
1747,Kebutuhan Rumah,Perlengkapan Kamar Mandi,Alfamart Lovely Terry Handuk Olahraga 30 x 70 cm Assorted,19.900
1748,Kebutuhan Rumah,Perlengkapan Kamar Mandi,Alfamart Handuk Mandi 60 x 120 cm,59.900
1749,Kebutuhan Rumah,Perlengkapan Kamar Mandi,Merah Putih Handuk 50 x 100 cm,43.900
1750,Kebutuhan Rumah,Perlengkapan Kamar Mandi,Alfamart Spons Mandi,15.900
1751,Kebutuhan Rumah,Perlengkapan Kamar Mandi,Alfamart Disney Spons Mandi Assorted D125,22.900
1752,Kebutuhan Rumah,Perawatan & Pembersih,Downy Pelembut & Pewangi Pakaian Fresh Bouquet Refill 550 ml,22.700
1753,Kebutuhan Rumah,Perawatan & Pembersih,Scorlines Sikat Pembersih Serbaguna,14.900
1754,Kebutuhan Rumah,Perawatan & Pembersih,Downy Pelembut & Pewangi Pakaian French Lavender 550 ml,26.500
1755,Kebutuhan Rumah,Perawatan & Pembersih,Alfamart Spons Cuci Piring Jaring 2 pcs,9.200
1756,Kebutuhan Rumah,Perawatan & Pembersih,Sunlight Sabun Cuci Piring Jeruk Nipis Refill 400 ml,8.200
1757,Kebutuhan Rumah,Perawatan & Pembersih,Rinso Anti Noda Molto Deterjen Cair Royal Gold Refill 510 ml,14.500
1758,Kebutuhan Rumah,Perawatan & Pembersih,Sunlight Sabun Cuci Piring Jeruk Nipis Botol 675 g,13.900
1759,Kebutuhan Rumah,Perawatan & Pembersih,Lifebuoy Sabun Cuci Piring Lemon Refill 650 ml,6.900
1760,Kebutuhan Rumah,Perawatan & Pembersih,Lifebuoy Botanitech Sabun Cuci Piring Lime Refill 650 ml,6.900
1761,Kebutuhan Rumah,Perawatan & Pembersih,Sunlight Sabun Cuci Piring Jeruk Nipis Refill 910 ml,13.500
1762,Kebutuhan Rumah,Perawatan & Pembersih,"Rapika Biang Pelicin, Pewangi & Pelembut Pakaian Luxury Gold 250 ml",4.600
1763,Kebutuhan Rumah,Perawatan & Pembersih,Rinso Anti Noda Molto Deterjen Bubuk + Pelembut Pakaian Rose Fresh Refill 380 g,10.000
1764,Kebutuhan Rumah,Perawatan & Pembersih,"Kispray Perfume Pelicin, Pewangi, Pelembut & Pakaian Sapphire Refill 200 ml",5.800
1765,Kebutuhan Rumah,Perawatan & Pembersih,Rinso Anti Noda Molto Deterjen Cair + Pelembut Pakaian Rose Fresh Refill 510 ml,14.500
1766,Kebutuhan Rumah,Perawatan & Pembersih,Rinso Anti Noda Molto Deterjen Cair + Pelembut Pakaian Perfume Essence Refill 510 ml,14.500
1767,Kebutuhan Rumah,Perawatan & Pembersih,"Kispray Pelicin, Pewangi, Pelembut & Pakaian Glamorous Gold Refill 280 ml",7.600
1768,Kebutuhan Rumah,Perawatan & Pembersih,"Kispray Kasturi Suci Pelicin, Pewangi & Pelembut Pakaian Refill 280 ml",7.500
1769,Kebutuhan Rumah,Perawatan & Pembersih,So Klin Deterjen Cair Violet Blossom Refill 1.6 L,35.000
1770,Kebutuhan Rumah,Perawatan & Pembersih,"Kispray Pelicin, Pewangi & Pelembut Pakaian Violet Refill 280 ml",7.000
1771,Kebutuhan Rumah,Perawatan & Pembersih,Rinso Anti Noda Deterjen Cair Pure Refill 510 ml,14.500
1772,Kebutuhan Rumah,Perawatan & Pembersih,Daia Deterjen Bubuk + Pelembut Pakaian Violet Passion 800 g,15.000
1773,Kebutuhan Rumah,Perawatan & Pembersih,Vanish Penghilang Noda Pakaian Cair Pink Refill 425 ml,24.900
1774,Kebutuhan Rumah,Perawatan & Pembersih,Daia Deterjen Bubuk + Pelembut Pakaian Romantic Pink 800 g,15.000
1775,Kebutuhan Rumah,Perawatan & Pembersih,So Klin Deterjen Cair Scarlet Blossom Refill 1.6 L,35.000
1776,Kebutuhan Rumah,Perawatan & Pembersih,Scotch-Brite Sabut Spons Cuci Piring Hijau,6.900
1777,Kebutuhan Rumah,Perawatan & Pembersih,Scotch-Brite Sabut Cuci Piring Jaring Anti Gores,7.500
1778,Kebutuhan Rumah,Perawatan & Pembersih,Sunlight Sabun Cuci Piring Berry and Lime Botol 675 g,13.900
1779,Kebutuhan Rumah,Perawatan & Pembersih,Rinso SensiFresh Deterjen Cair Korean Strawberry Refill 510 ml,14.500
1780,Kebutuhan Rumah,Perawatan & Pembersih,Mama Lemon Sabun Cuci Piring Jeruk Nipis Botol 1 L,
1781,Kebutuhan Rumah,Perawatan & Pembersih,So Klin Deterjen Cair Kosentrat Scarlet Blossom Botol 1 L,
1782,Kebutuhan Rumah,Perawatan & Pembersih,So Klin Deterjen Cair Kosentrat Violet Blossom Botol 1 L,
1783,Kebutuhan Rumah,Perawatan & Pembersih,so Klin Deterjen + Pelembut Softergent Korean Camellia 770 g,
1784,Kebutuhan Rumah,Perawatan & Pembersih,So Klin Antisep Deterjen Bubuk Fresh Scent Refill 700 g,
1785,Kebutuhan Rumah,Perawatan & Pembersih,"Rapika Biang Pelicin, Pewangi & Pelembut Pakaian Hijab Cool 250 ml",
1786,Kebutuhan Rumah,Perawatan & Pembersih,Sunlight Professional Sabun Cuci Piring Jeruk Nipis Jerigen 5 L,69.900
1787,Kebutuhan Rumah,Perawatan & Pembersih,Downy Pelembut & Pewangi Pakaian Fresh Bouquet Refill 1.5 L,54.000
1788,Kebutuhan Rumah,Perawatan & Pembersih,Super Pell Cairan Pembersih Lantai Japanese Apple & Peony Refill 1.6 L,22.000
1789,Kebutuhan Rumah,Perawatan & Pembersih,Mama Lime Sabun Cuci Piring Higienis Lime Refill 1.5 L,17.500
1790,Kebutuhan Rumah,Perawatan & Pembersih,Yuri Porstex Cairan Pembersih Kamar Mandi Ungu 1 L,18.900
1791,Kebutuhan Rumah,Perawatan & Pembersih,Daia Deterjen Bubuk + Pelembut Pakaian Violet Passion Refill 4 kg,68.500
1792,Kebutuhan Rumah,Perawatan & Pembersih,So Klin Deterjen Cair Anti Bacterial 700 ml,13.900
1793,Kebutuhan Rumah,Perawatan & Pembersih,Harpic Cairan Pembersih Kamar Mandi White & Shine 450 ml,18.400
1794,Kebutuhan Rumah,Perawatan & Pembersih,Downy Pelembut & Pewangi Pakaian Anti Apek 1.35 L,54.000
1795,Kebutuhan Rumah,Perawatan & Pembersih,Downy Pelembut & Pewangi Pakaian Adorable Bouquet Refill 1.5 L,54.000
1796,Kebutuhan Rumah,Perawatan & Pembersih,Downy Pelembut & Pewangi Pakaian Peach Blossom Refill 470 ml,26.500
1797,Kebutuhan Rumah,Perawatan & Pembersih,So Klin Pewangi Pakaian Comfort Blue Refill 1.7 L,19.900
1798,Kebutuhan Rumah,Perawatan & Pembersih,Molto Parfum + Protect Pelembut dan Pewangi Pakaian Morning Fresh Blue Refill 1.6 L,39.000
1799,Kebutuhan Rumah,Perawatan & Pembersih,Total Deterjen Bubuk + Pelembut Pakaian Violet Breeze 770 g,12.500
1800,Kebutuhan Rumah,Perawatan & Pembersih,So Klin Pewangi Pakaian Active Sport Refill 1.7 L,19.900
1801,Kebutuhan Rumah,Perawatan & Pembersih,Total Deterjen Bubuk + Pelembut Pakaian Harum Bunga 770 g,12.500
1802,Kebutuhan Rumah,Perawatan & Pembersih,So Klin Pelembut & Pewangi Pakaian Starry New York 1700 ml,19.900
1803,Kebutuhan Rumah,Perawatan & Pembersih,Rinso Anti Noda Molto Deterjen Cair Rose Fresh Refill 2 x 700 ml,25.900
1804,Kebutuhan Rumah,Perawatan & Pembersih,AVA Pelembut & Pewangi Pakaian Essential Rose 600 ml,10.500
1805,Kebutuhan Rumah,Perawatan & Pembersih,Ekonomi Sabun Krim Serbaguna Anti Noda Clean & Fresh 380 g,5.200
1806,Kebutuhan Rumah,Perawatan & Pembersih,BuKrim SuperKlin Sensorial Deterjen Cair Jinhae Cherry Blossom Jerigen 4.5 L,54.900
1807,Kebutuhan Rumah,Perawatan & Pembersih,Rinso Matic Professional Deterjen Cair Mesin Cuci Laundry Jerigen 4.5 L,65.000
1808,Kebutuhan Rumah,Perawatan & Pembersih,Sayang Deterjen Cair Original Rose Jerigen 5 L,44.900
1809,Kebutuhan Rumah,Perawatan & Pembersih,Sayang Deterjen Cair Original Fresh Jerigen 5 L,44.900
1810,Kebutuhan Rumah,Perawatan & Pembersih,BuKrim SuperKlin Aromatic Deterjen Cair Goseong Hani Lavender Jerigen 4.5 L,54.900
1811,Kebutuhan Rumah,Perawatan & Pembersih,Rinso SuperPro Deterjen Matic Cair Jerigen 4.5 L,45.900
1812,Kebutuhan Rumah,Perawatan & Pembersih,Rinso SensiFresh Deterjen Cair Japanese Peach Refill 510 ml,14.500
1813,Kebutuhan Rumah,Perawatan & Pembersih,Wipol Karbol Cairan Pembersih Lantai Cemara 750 ml,16.900
1814,Kebutuhan Rumah,Perawatan & Pembersih,Bayclin Pemutih Pakaian Reguler Botol 500 ml,15.700
1815,Kebutuhan Rumah,Perawatan & Pembersih,Alfamart Karbol Cairan Pembersih Lantai Sereh Refill 750 ml,10.900
1816,Kebutuhan Rumah,Perawatan & Pembersih,Scotch-Brite Sabut Cuci Piring Stainless Steel,6.500
1817,Kebutuhan Rumah,Perawatan & Pembersih,Bayclin Pemutih Pakaian Reguler 1 L,24.800
1818,Kebutuhan Rumah,Perawatan & Pembersih,Alfamart Karbol Cairan Pembersih Lantai Anti Bakteri Cemara Refill 750 ml,7.900
1819,Kebutuhan Rumah,Perawatan & Pembersih,Mr Muscle Cairan Pembersih Kaca Pump 500 ml,11.800
1820,Kebutuhan Rumah,Perawatan & Pembersih,Attack Deterjen Bubuk + Pelembut Pakaian Anti Kusut 750 g,21.200
1821,Kebutuhan Rumah,Perawatan & Pembersih,Alfamart Sabut Spons Cuci Piring Assorted,5.900
1822,Kebutuhan Rumah,Perawatan & Pembersih,Harpic Cairan Pembersih Kamar Mandi Original 450 ml,24.900
1823,Kebutuhan Rumah,Perawatan & Pembersih,Alfamart Sabut Cuci Piring Stainless Steel 2 pcs,9.200
1824,Kebutuhan Rumah,Perawatan & Pembersih,Gentle Gen Deterjen Cair Morning Breeze 700 g + Kilau Nipis Sabun Cuci Piring,16.000
1825,Kebutuhan Rumah,Perawatan & Pembersih,Woshi Woshi Sabun Cuci Piring Lime & Baking Soda Lemon Basil 600 + 300 ml,8.900
1826,Kebutuhan Rumah,Perawatan & Pembersih,SOS Karbol Cairan Pembersih Lantai Classic Pine Refill 725 ml,10.500
1827,Kebutuhan Rumah,Perawatan & Pembersih,Sayang Deterjen Cair Rose 700 ml,13.500
1828,Kebutuhan Rumah,Perawatan & Pembersih,SOS Cairan Pembersih Lantai Orange Splash Refill 725 ml,8.900
1829,Kebutuhan Rumah,Perawatan & Pembersih,SOS Cairan Pembersih Lantai Apple Wonder Refill 725 ml,8.900
1830,Kebutuhan Rumah,Perawatan & Pembersih,Kiwi Shine & Protect Semir Sepatu Instan Netral 30 ml,22.900
1831,Kebutuhan Rumah,Perawatan & Pembersih,Kiwi Wax Rich Shine & Protect Semir Sepatu Instan Hitam 75 ml,56.000
1832,Kebutuhan Rumah,Perawatan & Pembersih,Alfamart Sabut Cuci Piring Stainless Steel 2 pcs,
1833,Kebutuhan Rumah,Perawatan & Pembersih,Alfamart Sabut Spons Cuci Piring Kuning-Hijau,
1834,Kebutuhan Rumah,Perawatan & Pembersih,Alfamart Spons Cuci Piring Net 2 pcs,
1835,Kebutuhan Rumah,Perawatan & Pembersih,Nuya Sabun Cuci Piring 800 ml,
1836,Kebutuhan Rumah,Perawatan & Pembersih,Bebek Cairan Pembersih Kloset Ekstra Kuat 625 ml,
1837,Kebutuhan Rumah,Perawatan & Pembersih,Attack Jaz1 Deterjen Cair + Pelembut Pakaian Romantic Purple Blossom 515 g,
1838,Kebutuhan Rumah,Perawatan & Pembersih,Eterna Sikat Pembersih Serbaguna 414 1 pcs,
1839,Kebutuhan Rumah,Perawatan & Pembersih,Pajeng Sabun Krim Serbaguna Jeruk 700 g,
1840,Kebutuhan Rumah,Perawatan & Pembersih,Telepon Sabun Batang Pakaian 10 pcs,
1841,Kebutuhan Rumah,Perawatan & Pembersih,So Klin Softergent Deterjen Cair + Pelembut Pakaian Pink Refill 1.6 L,
1842,Kebutuhan Rumah,Perawatan & Pembersih,Sayang Deterjen Cair Original Lavender Jerigen 5 L,44.900
1843,Kebutuhan Rumah,Perawatan & Pembersih,Sunlight Sabun Cuci Piring Jeruk Nipis Refill 1500 ml,20.000
1844,Kebutuhan Rumah,Perawatan & Pembersih,Molto Pelembut & Pewangi Pakaian Soft & Fresh Refill 1.7 L,19.000
1845,Kebutuhan Rumah,Perawatan & Pembersih,Royale by so Klin Pelembut & Pewangi Pakaian Starry Night Refill 650 ml,13.900
1846,Kebutuhan Rumah,Perawatan & Pembersih,Molto Pelembut & Pewangi Pakaian Active Fresh Refill 1.7 L,19.000
1847,Kebutuhan Rumah,Perawatan & Pembersih,Molto Pelembut & Pewangi Pakaian Sports Fresh Refill 1.7 L,19.000
1848,Kebutuhan Rumah,Perawatan & Pembersih,BuKrim SuperKlin Sensorial Deterjen Bubuk Jinhae Cherry Blossom 650 g,14.000
1849,Kebutuhan Rumah,Perawatan & Pembersih,So Klin Matic Professional Deterjen Cair Mesin Cuci Laundry Jerigen 4.5 L,66.500
1850,Kebutuhan Rumah,Perawatan & Pembersih,Mama Lemon Pencuci Piring Jeruk Nipis Jerigen 5 L,65.900
1851,Kebutuhan Rumah,Perawatan & Pembersih,Wipol Karbol Cairan Pembersih Lantai Cemara Refill 2 x 750 ml,25.900
1852,Kebutuhan Rumah,Perawatan & Pembersih,Attack Jaz1 Deterjen Bubuk Semerbak Cinta 800 g,15.900
1853,Kebutuhan Rumah,Perawatan & Pembersih,Daia Deterjen Bubuk Clean & Fresh Hijab 4 kg,68.500
1854,Kebutuhan Rumah,Perawatan & Pembersih,So Klin Cairan Pembersih Lantai Apple & Peony Jerigen 4 L,44.900
1855,Kebutuhan Rumah,Perawatan & Pembersih,Supersol Karbol Cairan Pembersih Lantai Cemara Refill 1.5 L,22.500
1856,Kebutuhan Rumah,Perawatan & Pembersih,Sayang Profesional Deterjen Cair + Pelembut Pakaian White Flower Jerigen 4.5 L,55.000
1857,Kebutuhan Rumah,Perawatan & Pembersih,Ekonomi Sabun Cuci Piring Jeruk Nipis Jerigen 5 L,59.000
1858,Kebutuhan Rumah,Perawatan & Pembersih,So Klin Softergent Deterjen Cair + Pelembut Pakaian Sakura Stroberi Refill 1.6 L,29.900
1859,Kebutuhan Rumah,Perawatan & Pembersih,Total Deterjen Bubuk + Pelembut Pakaian Putih 770 g,12.500
1860,Kebutuhan Rumah,Perawatan & Pembersih,So Klin Cairan Pembersih Lantai Eucalyptus Mint Refill 1.45 L,15.500
1861,Kebutuhan Rumah,Perawatan & Pembersih,So Klin Twilight Pelembut & Pewangi Pakaian Flowery Blue Refill 650 ml,9.900
1862,Kebutuhan Rumah,Perawatan & Pembersih,So Klin Pelembut & Pewangi Pakaian Tokyo Spring 1700 ml,19.900
1863,Kebutuhan Rumah,Perawatan & Pembersih,Downy Pelembut & Pewangi Pakaian Passion 1.35 L,54.000
1864,Kebutuhan Rumah,Perawatan & Pembersih,Max Bio+ Sabun Cuci Piring Jeruk Nipis Jerigen 4 L,44.900
1865,Kebutuhan Rumah,Perawatan & Pembersih,Lifebuoy Botanitech Sabun Cuci Piring Lime Refill 1.5 L,16.000
1866,Kebutuhan Rumah,Perawatan & Pembersih,Molto SuperPro Pelembut Pakaian Jerigen 4.5 L,59.900
1867,Kebutuhan Rumah,Perawatan & Pembersih,Total Deterjen Bubuk + Pelembut Pakaian Harum Lemon 770 g,12.500
1868,Kebutuhan Rumah,Perawatan & Pembersih,SOS Cairan Pembersih Lantai Magic Lavender Jerigen 3.5 L,38.900
1869,Kebutuhan Rumah,Perawatan & Pembersih,Vanish Cair Penghilang Noda Pakaian Refill 750 ml,44.900
1870,Kebutuhan Rumah,Perawatan & Pembersih,Kiwi Wax Rich Shine & Protect Semir Sepatu Instan Netral 75 ml,45.500
1871,Kebutuhan Rumah,Perawatan & Pembersih,Attack Batik Care Deterjen Cair 400 ml,17.000
1872,Kebutuhan Rumah,Perawatan & Pembersih,Cling Cairan Pembersih Kaca Biru 4 L,
1873,Kebutuhan Rumah,Perawatan & Pembersih,"Kispray Kasturi Suci Pelicin, Pewangi & Pelembut Pakaian Botol 318 ml",
1874,Kebutuhan Rumah,Perawatan & Pembersih,"Ariel Deterjen Cair Downy Floral Passion 2,105 kg",
1875,Kebutuhan Rumah,Perawatan & Pembersih,"Ariel Deterjen Cair Sunrise Fresh 2,16 kg",
1876,Kebutuhan Rumah,Perawatan & Pembersih,Attack Batik Care Deterjen Cair 400 ml,17.000
1877,Kebutuhan Rumah,Perawatan & Pembersih,Attack Hygiene & Color Protection Deterjen Cair 1.2 L,35.500
1878,Kebutuhan Rumah,Perawatan & Pembersih,Attack Deterjen Cair + Pelembut Pakaian Anti Kusut 1.2 L,35.500
1879,Kebutuhan Rumah,Perawatan & Pembersih,Vanish Pink Penghilang Noda Pakaian Cair Botol 1L,59.900
1880,Kebutuhan Rumah,Perawatan & Pembersih,Vanish Pink Penghilang Noda Pakaian Bubuk 400 g,49.900
1881,Kebutuhan Rumah,Perawatan & Pembersih,Vanish White Penghilang Noda Pakaian Cair Refill 750 ml,39.000
1882,Kebutuhan Rumah,Perawatan & Pembersih,So Klin Cairan Pembersih Lantai Floral Lavender Refill 1.6 L,19.900
1883,Kebutuhan Rumah,Perawatan & Pembersih,WPC Pembersih Porselen Kamar Mandi Ekstra Kuat Jerigen 4 L,59.800
1884,Kebutuhan Rumah,Perawatan & Pembersih,Yuri Taf Krim Pembersih Serbaguna Lemon & Lime 500 ml,17.900
1885,Kebutuhan Rumah,Perawatan & Pembersih,Yuri Taf Krim Pembersih Serbaguna Fresh Blue 500 ml,17.900
1886,Kebutuhan Rumah,Perawatan & Pembersih,Prokleen Sabun Cuci Piring Jerigen 5 L,59.900
1887,Kebutuhan Rumah,Perawatan & Pembersih,Scotch-Brite Sikat Pembersih Lantai Kamar Mandi,23.500
1888,Kebutuhan Rumah,Perawatan & Pembersih,Scotch-Brite Lap Spons Dapur,22.500
1889,Kebutuhan Rumah,Perawatan & Pembersih,Scotch-Brite Lap Dapur Microfiber,26.500
1890,Kebutuhan Rumah,Perawatan & Pembersih,Scotch-Brite Spons Dapur Scrub Dots 2 pcs,14.000
1891,Kebutuhan Rumah,Perawatan & Pembersih,Bagus Micromate Pembersih Bulu dengan Perekat 60 s,33.900
1892,Kebutuhan Rumah,Perawatan & Pembersih,Bagus Micromate Pembersih Bulu dengan Perekat Refill 60 s x 2,26.900
1893,Kebutuhan Rumah,Perawatan & Pembersih,Bagus Spons Pembersih Dapur 3 pcs,23.900
1894,Kebutuhan Rumah,Perawatan & Pembersih,Bagus Micromate Kain Lap Serba Guna Ungu 40 x 40 cm,21.500
1895,Kebutuhan Rumah,Perawatan & Pembersih,Bagus Micromate Kain Lap Serba Guna Merah Ungu 30 x 30 cm,21.500
1896,Kebutuhan Rumah,Perawatan & Pembersih,Prokleen Karbol Cairan Pembersih Lantai Cemara Refill 800 ml,10.500
1897,Kebutuhan Rumah,Perawatan & Pembersih,Bebek Karbol Cairan Pembersih Lantai Pinus Refill 450 ml,9.000
1898,Kebutuhan Rumah,Perawatan & Pembersih,Mr Muscle Gel Pembersih Kloset Lavender 36 ml,19.500
1899,Kebutuhan Rumah,Perawatan & Pembersih,Bebek Karbol Cairan Pembersih Lantai Sereh 450 ml,9.000
1900,Kebutuhan Rumah,Perawatan & Pembersih,So Klin Bio-Matic Deterjen Bubuk + Pelembut Pakaian Mesin Cuci Bukaan Depan 1.8 kg,49.500
1901,Kebutuhan Rumah,Perawatan & Pembersih,Yuri Lysorin Disinfektan Cairan Pembersih Lantai 1 L,15.900
1902,Kebutuhan Rumah,Perawatan & Pembersih,Yuri Lysorin Disinfektan Cairan Pembersih Lantai Refill 630 ml,9.500
1903,Kebutuhan Rumah,Perawatan & Pembersih,Attack Sensor Matic Deterjen Cair Mesin Cuci Bukaan Atas & Depan 1.2 L,40.000
1904,Kebutuhan Rumah,Perawatan & Pembersih,So Klin Cairan Pembersih Lantai Fruity Apple Refill 1.6 L,19.900
1905,Kebutuhan Rumah,Perawatan & Pembersih,So Klin Cairan Pembersih Lantai Citrus Lemon Refill 1.6 L,19.900
1906,Kebutuhan Rumah,Perawatan & Pembersih,Rinso Matic Deterjen Bubuk Mesin Cuci Bukaan Depan 1.8 kg,65.000
1907,Kebutuhan Rumah,Perawatan & Pembersih,Harpic Cairan Pembersih Kamar Mandi Citrus 750 ml,35.000
1908,Kebutuhan Rumah,Perawatan & Pembersih,Sunlight Power Sabun Cuci Piring Spray 300 ml,21.500
1909,Kebutuhan Rumah,Perawatan & Pembersih,Sunlight Professional Sabun Cuci Piring Jeruk Nipis Pouch 2.2 L,31.500
1910,Kebutuhan Rumah,Perawatan & Pembersih,Rinso Matic Professional Deterjen Bubuk Mesin Cuci Laundry Refill 3 kg,63.900
1911,Kebutuhan Rumah,Perawatan & Pembersih,Yuri Matic Deterjen Cair Anti Bau Keringat Romantic Blue Jerigen 3.7 L,97.500
1912,Kebutuhan Rumah,Perawatan & Pembersih,Total Deterjen Bubuk + Pelembut Pakaian Oriental Blossom 700 g,13.900
1913,Kebutuhan Rumah,Perawatan & Pembersih,Total Deterjen Bubuk + Pelembut Pakaian Floral Bliss 700 g,13.900
1914,Kebutuhan Rumah,Perawatan & Pembersih,Daia Deterjen Bubuk + Pelembut Pakaian Romantic Pink 2.7 kg,42.500
1915,Kebutuhan Rumah,Perawatan & Pembersih,AVA Pelembut & Pewangi Pakaian Violet Sensations 600 ml,10.500
1916,Kebutuhan Rumah,Perawatan & Pembersih,AVA Pelembut & Pewangi Pakaian Essential Rose 1.4 L,23.900
1917,Kebutuhan Rumah,Perawatan & Pembersih,AVA Pelembut & Pewangi Pakaian Violet Sensations 1.4 L,23.900
1918,Kebutuhan Rumah,Perawatan & Pembersih,K1000 Deterjen Bubuk Lavender Bloom 5 kg,56.900
1919,Kebutuhan Rumah,Perawatan & Pembersih,K1000 Deterjen Bubuk Aqua Rose 5 kg,56.900
1920,Kebutuhan Rumah,Perawatan & Pembersih,Triple Dice Deterjen Bubuk Floral Fantasy 4.2 kg,53.900
1921,Kebutuhan Rumah,Perawatan & Pembersih,Triple Dice Deterjen Bubuk Tri-Zip 4.2 kg,53.900
1922,Kebutuhan Rumah,Perawatan & Pembersih,Kuat Harimau Sabun Cuci Piring Jeruk Nipis Jerigen 5 L,67.500
1923,Kebutuhan Rumah,Perawatan & Pembersih,Kuat Harimau Super-K Deterjen Cair Anti Bakteri 3.8 kg,76.900
1924,Kebutuhan Rumah,Perawatan & Pembersih,Kuat Harimau Super-K Deterjen Cair Colourtec 3.6 kg,76.900
1925,Kebutuhan Rumah,Perawatan & Pembersih,Filmore Pharma Laundry Lab Deterjen Cair Pakaian Dalam Pump 250 ml,53.000
1926,Kebutuhan Rumah,Perawatan & Pembersih,So Klin Softergent Deterjen Bubuk + Pelembut Pakaian Rosy Pink 2.7 kg,45.900
1927,Kebutuhan Rumah,Perawatan & Pembersih,So Klin Softergent Deterjen Bubuk + Pelembut Pakaian Lavender & Lily 2.7 kg,45.900
1928,Kebutuhan Rumah,Perawatan & Pembersih,So Klin Softergent Deterjen Bubuk + Pelembut Pakaian Sakura & Strawberry 2.7 kg,45.900
1929,Kebutuhan Rumah,Perawatan & Pembersih,So Klin Softergent Deterjen Bubuk + Pelembut Pakaian Magnolia & Berries 2.7 kg,45.900
1930,Kebutuhan Rumah,Perawatan & Pembersih,Wizz Penghilang Noda Pakaian Floral Fresh 750 ml,23.500
1931,Kebutuhan Rumah,Perawatan & Pembersih,CIF Cream Pembersih Serbaguna Original Botol 660 g,29.900
1932,Kebutuhan Rumah,Perawatan & Pembersih,Alfamart Kain Lap Pel Pembersih Lantai Assorted 1 pcs,21.900
1933,Kebutuhan Rumah,Perawatan & Pembersih,Alfamart Kain Lap Pembersih Mikrofiber Serbaguna Assorted 1 pcs,37.900
1934,Kebutuhan Rumah,Perawatan & Pembersih,Scorlines Sikat Pembersih Lantai,22.500
1935,Kebutuhan Rumah,Perawatan & Pembersih,Scorlines Sikat Serbaguna,22.500
1936,Kebutuhan Rumah,Perawatan & Pembersih,Molto Trika Pelicin & Pewangi Pakaian Refill Banded 3 x 300 ml,8.300
1937,Kebutuhan Rumah,Perawatan & Pembersih,So Klin Softergent Deterjen Bubuk + Pelembut Pakaian Lavender & Lily 1.44 kg,29.000
1938,Kebutuhan Rumah,Perawatan & Pembersih,Royale by So Klin Hijab Pelembut & Pewangi Pakaian Black Velvet Refill 650 ml,13.900
1939,Kebutuhan Rumah,Perawatan & Pembersih,So Klin Cairan Pembersih Lantai Citrus Garden Refill 700 ml,7.900
1940,Kebutuhan Rumah,Perawatan & Pembersih,So Klin Cairan Pembersih Lantai Lavender Bloom Refill 770 ml,9.900
1941,Kebutuhan Rumah,Perawatan & Pembersih,Rinso Anti Noda Deterjen Bubuk Pure 1.4 kg,32.300
1942,Kebutuhan Rumah,Perawatan & Pembersih,Kilau Nipis Sabun Cuci Piring Refill 630 ml,7.400
1943,Kebutuhan Rumah,Perawatan & Pembersih,Wipol Karbol Cairan Pembersih Lantai Sereh & Jeruk Refill 720 g,13.500
1944,Kebutuhan Rumah,Perawatan & Pembersih,Gentle Gen Deterjen Cair Tumbuhan Morning Breeze 700 g,19.900
1945,Kebutuhan Rumah,Perawatan & Pembersih,Rinso Anti Noda Signature Perfume Deterjen Bubuk Rose Fresh 1.4 kg,32.300
1946,Kebutuhan Rumah,Perawatan & Pembersih,Scotch-Brite Sabut Cuci Piring Spons & Stainless 2 pcs,14.700
1947,Kebutuhan Rumah,Perawatan & Pembersih,Sunlight Anti Bau Sabun Cuci Piring Lime & Mint Refill 600 ml,8.900
1948,Kebutuhan Rumah,Perawatan & Pembersih,Vixal Cairan Pembersih Kamar Mandi Kuat Harum Segar 700 g,13.900
1949,Kebutuhan Rumah,Perawatan & Pembersih,So Klin Cairan Pembersih Lantai Lemon Zest Refill 770 ml,9.900
1950,Kebutuhan Rumah,Perawatan & Pembersih,So Klin Liquid Nature Deterjen Cair English Rose Botol 700 ml,16.500
1951,Kebutuhan Rumah,Perawatan & Pembersih,Supersol Karbol Cairan Pembersih Lantai Sereh Refill 720 g,10.900
1952,Kebutuhan Rumah,Perawatan & Pembersih,SoKlin Deterjen Cair Eau de Parfum Maison de Fleur 700 g,
1953,Kebutuhan Rumah,Perawatan & Pembersih,POLKI Pembersih Kulkas Anti Bakteri Spray 400 ml,27.900
1954,Kebutuhan Rumah,Perawatan & Pembersih,POLKI Pembersih Kulkas Anti Bakteri Refill 1.5 L,39.900
1955,Kebutuhan Rumah,Perawatan & Pembersih,POLKI Pembersih Dapur Serbaguna 1.5 L,39.900
1956,Kebutuhan Rumah,Perawatan & Pembersih,Rinso Matic Deterjen Kapsul Lavender Fresh 189 g,27.500
1957,Kebutuhan Rumah,Perawatan & Pembersih,Bebek Cairan Pembersih Kloset Lemon 450 ml,17.900
1958,Kebutuhan Rumah,Perawatan & Pembersih,Bebek Cairan Pembersih Kloset Ekstra Kuat 450 ml,18.500
1959,Kebutuhan Rumah,Perawatan & Pembersih,Yuri Porstex Pembersih Kloset 500 ml,19.500
1960,Kebutuhan Rumah,Perawatan & Pembersih,Pledge Pembersih & Pengkilap Mebel Lemon Pump 450 ml,24.500
1961,Kebutuhan Rumah,Perawatan & Pembersih,Alfamart Sabun Cuci Piring Lime 650 ml,6.600
1962,Kebutuhan Rumah,Perawatan & Pembersih,Alfamart Sabun Cuci Piring Lemon 650 ml,6.600
1963,Kebutuhan Rumah,Perawatan & Pembersih,Prokleen Cairan Pembersih Lantai Apple Jerigen 5 L,45.000
1964,Kebutuhan Rumah,Perawatan & Pembersih,Prokleen Pelembut & Pewangi Pakaian Sweet Heart Jerigen 5 L,65.000
1965,Kebutuhan Rumah,Perawatan & Pembersih,Spume Pewangi & Pelicin Pakaian Jerigen 1 L,21.500
1966,Kebutuhan Rumah,Perawatan & Pembersih,Prokleen Karbol Cairan Pembersih Lantai Sereh Lemon Refill 800 ml,13.500
1967,Kebutuhan Rumah,Perawatan & Pembersih,Bebek Cairan Pembersih Kloset Lavender 450 ml,17.900
1968,Kebutuhan Rumah,Perawatan & Pembersih,Bebek Cairan Pembersih Kamar Mandi Sakura Pembersih Kamar Mandi 500 ml,19.500
1969,Kebutuhan Rumah,Perawatan & Pembersih,Prokleen Cairan Pembersih Porselen Jerigen 5 L,45.000
1970,Kebutuhan Rumah,Perawatan & Pembersih,Prokleen Cairan Pembersih Lantai Lemon Jerigen 5 L,45.000
1971,Kebutuhan Rumah,Perawatan & Pembersih,Prokleen Deterjen Cair Blue Sparkle Jerigen 5 L,65.000
1972,Kebutuhan Rumah,Perawatan & Pembersih,Prokleen Pelembut Pakaian Cair Daring Blue Jerigen 5 L,65.000
1973,Kebutuhan Rumah,Perawatan & Pembersih,Spume Sabun Cuci Piring Jeruk Nipis Jerigen 5 L,65.000
1974,Kebutuhan Rumah,Perawatan & Pembersih,Spume Cairan Pembersih Lantai Fresh Lemon Jerigen 5 L,54.000
1975,Kebutuhan Rumah,Perawatan & Pembersih,Spume Cairan Pembersih Lantai Green Apple Jerigen 5 L,54.000
1976,Kebutuhan Rumah,Perawatan & Pembersih,Spume Deterjen Cair Exotic Sakura Jerigen 5 L,70.900
1977,Kebutuhan Rumah,Perawatan & Pembersih,Spume Pelembut Pakaian Exotic Sakura Jerigen 5 L,70.900
1978,Kebutuhan Rumah,Perawatan & Pembersih,Pledge Pembersih Lantai Kayu Refill 400 ml,18.500
1979,Kebutuhan Rumah,Perawatan & Pembersih,Mr Muscle Cairan Pembersih Dapur Spray 500 ml,32.900
1980,Kebutuhan Rumah,Perawatan & Pembersih,Mr Muscle Cairan Pembersih Dapur Refill 480 ml,26.000
1981,Kebutuhan Rumah,Perawatan & Pembersih,Prokleen Deterjen Cair French Rose Jerigen 5 L,65.000
1982,Kebutuhan Rumah,Perawatan & Pembersih,Prokleen Deterjen Cair Ocean Wave Jerigen 5 L,65.000
1983,Kebutuhan Rumah,Perawatan & Pembersih,Ekonomi Sabun Krim Serbaguna Anti Noda Bucket 4850 g,68.500
1984,Kebutuhan Rumah,Perawatan & Pembersih,Prokleen Karbol Cairan Pembersih Lantai Sereh 5 L,69.900
1985,Kebutuhan Rumah,Perawatan & Pembersih,Prokleen Cairan Pembersih Lantai Lavender Jerigen 5 L,45.000
1986,Kebutuhan Rumah,Perawatan & Pembersih,Vixal Cairan Pembersih Kamar Mandi HCL Ekstra Kuat 2 x 750 ml,29.000
1987,Kebutuhan Rumah,Perawatan & Pembersih,Max Bio+ Deterjen Cair Konsentrat Glamour Rose Refill 1.6 L x 2 pcs,39.900
1988,Kebutuhan Rumah,Perawatan & Pembersih,Max Bio+ Deterjen Cair Konsentrat La Lavender Refill 1.6 L x 2 pcs,39.900
1989,Kebutuhan Rumah,Perawatan & Pembersih,Vixal Cairan Pembersih Kamar Mandi HCL Ekstra Kuat 750 ml,13.900
1990,Kebutuhan Rumah,Perawatan & Pembersih,Sunlight Sabun Cuci Piring Jeruk Nipis Botol 750 ml,10.000
1991,Kebutuhan Rumah,Perawatan & Pembersih,Cling Cairan Pembersih Kaca Ocean Fresh Refill 400 ml,4.200
1992,Kebutuhan Rumah,Perawatan & Pembersih,Gentle Gen Deterjen Cair Tumbuhan Camellia Bloom 700 g,19.900
1993,Kebutuhan Rumah,Perawatan & Pembersih,Bagus Karbol Cairan Disinfektan Pembersih Lantai Refill Pinus 575 ml,11.500
1994,Kebutuhan Rumah,Perawatan & Pembersih,Scotch-Brite Sabut Spons Cuci Piring Anti Gores,8.900
1995,Kebutuhan Rumah,Perawatan & Pembersih,Rinso Anti Noda Molto Deterjen Cair + Pelembut Pakaian Perfume Essence Refill 1.5 L,31.900
1996,Kebutuhan Rumah,Perawatan & Pembersih,Royale by So Klin Pelembut & Pewangi Pakaian Pink Satin Refill 650 ml,13.900
1997,Kebutuhan Rumah,Perawatan & Pembersih,So Klin Softergent Deterjen Bubuk + Pelembut Pakaian Peony & Rose 700 g,16.300
1998,Kebutuhan Rumah,Perawatan & Pembersih,SoSoft Deterjen Cair Tumbuhan Rose & Waterlily Botol 700 ml,12.500
1999,Kebutuhan Rumah,Perawatan & Pembersih,Royale by So Klin Pelembut & Pewangi Pakaian Spring Blossom 600 ml,13.900
2000,Kebutuhan Rumah,Perawatan & Pembersih,Mama Lemon Sabun Cuci Piring Jeruk Nipis Refill 430 g,5.900
2001,Kebutuhan Rumah,Perawatan & Pembersih,Daia Deterjen Bubuk Clean & Fresh Hijab 1.5 kg,24.400
2002,Kebutuhan Rumah,Perawatan & Pembersih,WPC Pembersih Porselen Active Strong 750 ml,13.500
2003,Kebutuhan Rumah,Perawatan & Pembersih,Super Pell Cairan Pembersih Lantai Citrus Refill 500 ml,7.900
2004,Kebutuhan Rumah,Perawatan & Pembersih,Wipol Bio Shield Karbol Cairan Disinfektan Pembersih Lantai Refill 390 ml,7.900
2005,Kebutuhan Rumah,Perawatan & Pembersih,Wipol Karbol Cairan Pembersih Lantai Cemara Refill 720 g,13.500
2006,Kebutuhan Rumah,Perawatan & Pembersih,Downy Pelembut & Pewangi Pakaian Passion 550 ml,20.900
2007,Kebutuhan Rumah,Perawatan & Pembersih,Daia Deterjen Bubuk + Pelembut Pakaian Violet Passion Refill 1.5 kg,24.400
2008,Kebutuhan Rumah,Perawatan & Pembersih,Boom Cinta Deterjen Bubuk Lavender 770 g,14.500
2009,Kebutuhan Rumah,Perawatan & Pembersih,Rinso Anti Noda Molto Deterjen Cair + Pelembut Pakaian Rose Fresh Refill 700 ml,14.900
2010,Kebutuhan Rumah,Perawatan & Pembersih,Rinso Anti Noda Deterjen Cair Classic Fresh 700 g,14.900
2011,Kebutuhan Rumah,Perawatan & Pembersih,Gentle Gen Deterjen Cair Tumbuhan Anti Keringat 700 g,19.900
2012,Kebutuhan Rumah,Perawatan & Pembersih,Vixal Cairan Pembersih Kamar Mandi Ekstra Kuat 700 g,13.900
2013,Kebutuhan Rumah,Perawatan & Pembersih,So Klin Liquid Nature Deterjen Cair French Lilac Botol 700 ml,16.500
2014,Kebutuhan Rumah,Perawatan & Pembersih,Rinso Matic Deterjen Cair Mesin Cuci Bukaan Atas Refill 700 ml,13.500
2015,Kebutuhan Rumah,Perawatan & Pembersih,Gentle Gen Deterjen Cair Tumbuhan Parisienne Garden 700 g,19.900
2016,Kebutuhan Rumah,Perawatan & Pembersih,SoSoft Deterjen Cair Tumbuhan Floral Lily 700 ml,12.500
2017,Kebutuhan Rumah,Perawatan & Pembersih,SoSoft Deterjen Cair Tumbuhan Sakura Blossom Botol 700 ml,12.500
2018,Kebutuhan Rumah,Perawatan & Pembersih,Mama Lime Sabun Cuci Piring Green Tea Refill 690 g,8.900
2019,Kebutuhan Rumah,Perawatan & Pembersih,So Klin Softergent Deterjen Bubuk + Pelembut Pakaian Magnolia & Berries 700 g,16.300
2020,Kebutuhan Rumah,Perawatan & Pembersih,Mama Lime Green Sabun Cuci Piring Jeruk Nipis dan Timun 690 g,8.900
2021,Kebutuhan Rumah,Perawatan & Pembersih,Mama Lemon Sabun Cuci Piring Lemon & Daun Mint Refill 690 g,8.900
2022,Kebutuhan Rumah,Perawatan & Pembersih,Mama Lime Sabun Cuci Piring Higienis Lime Refill 690 g,8.900
2023,Kebutuhan Rumah,Perawatan & Pembersih,Royale by So Klin Pelembut & Pewangi Pakaian Summer Lovin 600 ml,13.900
2024,Kebutuhan Rumah,Perawatan & Pembersih,So Klin Deterjen Bubuk Eau de Parfum Fleurs de Lis 1.4 kg,29.000
2025,Kebutuhan Rumah,Perawatan & Pembersih,Downy Pelembut & Pewangi Pakaian Sunrise Fresh 550 ml,20.900
2026,Kebutuhan Rumah,Perawatan & Pembersih,Daia Deterjen Bubuk Floral Refill 1.5 kg,24.400
2027,Kebutuhan Rumah,Perawatan & Pembersih,Attack Deterjen Cair + Pelembut Pakaian Anti Kusut 750 ml,21.300
2028,Kebutuhan Rumah,Perawatan & Pembersih,Downy Pelembut & Pewangi Pakaian Mystique 550 ml,20.900
2029,Kebutuhan Rumah,Perawatan & Pembersih,Downy Pelembut & Pewangi Pakaian Adorable Bouquet 550 ml,17.900
2030,Kebutuhan Rumah,Perawatan & Pembersih,Daia Deterjen Bubuk Fruity Refill 1.5 kg,24.400
2031,Kebutuhan Rumah,Perawatan & Pembersih,Daia Deterjen Bubuk + Pelembut Pakaian Romantic Pink Refill 1.5 kg,24.400
2032,Kebutuhan Rumah,Perawatan & Pembersih,Vanish Oxi Action Penghilang Noda Pakaian Bubuk 105 g,24.900
2033,Kebutuhan Rumah,Perawatan & Pembersih,Daia Deterjen Bubuk Putih Fresh Scent Refill 1.5 kg,24.400
2034,Kebutuhan Rumah,Perawatan & Pembersih,So Klin Softergent Deterjen Bubuk + Pelembut Pakaian Lavender & Lily 425 g,10.000
2035,Kebutuhan Rumah,Perawatan & Pembersih,Boom Cinta Deterjen Cair Rose Ceria 510 ml,7.500
2036,Kebutuhan Rumah,Perawatan & Pembersih,Ekonomi Sabun Krim Serbaguna Fresh Citrus 380 g,5.800
2037,Kebutuhan Rumah,Perawatan & Pembersih,Rinso Anti Noda Molto Deterjen Bubuk + Pelembut Pakaian Rose Fresh Refill 700 g,20.700
2038,Kebutuhan Rumah,Perawatan & Pembersih,Supersol Karbol Cairan Pembersih Lantai Cemara Refill 720 g,10.900
2039,Kebutuhan Rumah,Perawatan & Pembersih,Sunlight Sabun Cuci Piring Extra Korean Strawberry Refill 600 ml,8.900
2040,Kebutuhan Rumah,Perawatan & Pembersih,Gentle Gen Deterjen Cair Tumbuhan Silk Rose 700 g,19.900
2041,Kebutuhan Rumah,Perawatan & Pembersih,Mama Lemon Stain Remover Pembersih Serba Guna Refill 500 g,
2042,Kebutuhan Rumah,Perawatan & Pembersih,SoKlin Deterjen Cair Eau de Parfum Bleu Petale 700 g,
2043,Kebutuhan Rumah,Perawatan & Pembersih,Downy Pelembut & Pewangi Pakaian Adorable Bouquet Refill 875 ml,
2044,Kebutuhan Rumah,Perawatan & Pembersih,Daia Deterjen Bubuk + Pelembut Pakaian Violet Passion 2.7 kg,
2045,Kebutuhan Rumah,Perawatan & Pembersih,Vixal Kuat Segar Pembersih Kamar Mandi Lemon Refill 600 ml,10.900
2046,Kebutuhan Rumah,Perawatan & Pembersih,Molto Pelembut & Pewangi Pakaian Active Fresh Refill 2 x 765 ml,17.900
2047,Kebutuhan Rumah,Perawatan & Pembersih,Daia Deterjen Bubuk Putih Fresh Scent 4 kg,68.500
2048,Kebutuhan Rumah,Perawatan & Pembersih,Bayclin Pemutih Pakaian Reguler Botol 4 L,65.900
2049,Kebutuhan Rumah,Perawatan & Pembersih,Boom Cinta Deterjen Cair Lavender 510 ml,7.500
2050,Kebutuhan Rumah,Perawatan & Pembersih,Royale by So Klin Hijab Pelembut & Pewangi Pakaian Blue Sapphire Refill 650 ml,13.900
2051,Kebutuhan Rumah,Perawatan & Pembersih,Sayang Profesional Deterjen Cair + Pelembut Pakaian Blooming Freesia & Rose 4.5 L,55.000
2052,Kebutuhan Rumah,Perawatan & Pembersih,Downy Pelembut & Pewangi Pakaian Sunrise Fresh 875 ml,29.900
2053,Kebutuhan Rumah,Perawatan & Pembersih,Peace Karbol Cairan Pembersih Lantai Sereh 650 ml,8.900
2054,Kebutuhan Rumah,Perawatan & Pembersih,Downy Pelembut & Pewangi Pakaian Floral Pink 550 ml,18.900
2055,Kebutuhan Rumah,Perawatan & Pembersih,Downy Pelembut & Pewangi Pakaian Mystique 875 ml,29.900
2056,Kebutuhan Rumah,Perawatan & Pembersih,Mr Muscle Cairan Pembersih Dapur Lemon Pump 500 ml,20.500
2057,Kebutuhan Rumah,Perawatan & Pembersih,Rinso Perfume Breeze Quick Wash Deterjen Cair 650 g,17.500
2058,Kebutuhan Rumah,Perawatan & Pembersih,Rinso SensiFresh Deterjen Bubuk Japanese Peach 1.4 kg,32.500
2059,Kebutuhan Rumah,Perawatan & Pembersih,Rinso Anti Noda Deterjen Cair Pure Refill 1.5 L,31.900
2060,Kebutuhan Rumah,Perawatan & Pembersih,Bagus Sibiru Tablet Pembersih Kloset Anti Bakteri 50 g,10.900
2061,Kebutuhan Rumah,Perawatan & Pembersih,Super Pell Cairan Pembersih Lantai Japanese Apple & Peony Refill 770 ml,10.900
2062,Kebutuhan Rumah,Perawatan & Pembersih,So Klin Cairan Pembersih Lantai Sereh & Geranium Refill 770 ml,9.900
2063,Kebutuhan Rumah,Perawatan & Pembersih,So Klin Twilight Pelembut & Pewangi Pakaian Glamorous Purple Refill 650 ml,10.900
2064,Kebutuhan Rumah,Perawatan & Pembersih,Molto Pure Pelembut & Pewangi Pakaian Bayi Soft & Gentle Refill 550 ml,15.900
2065,Kebutuhan Rumah,Perawatan & Pembersih,Molto Trika Pelicin dan Pewangi Pakaian Floral Bliss 300 ml,3.900
2066,Kebutuhan Rumah,Perawatan & Pembersih,Molto Pelembut & Pewangi Pakaian Gentle Fresh 765 ml,9.900
2067,Kebutuhan Rumah,Perawatan & Pembersih,Proclin Pemutih Pakaian Botol 500 ml,11.900
2068,Kebutuhan Rumah,Perawatan & Pembersih,So Klin Deterjen Cair White & Bright Refill 525 ml,8.900
2069,Kebutuhan Rumah,Perawatan & Pembersih,Yuri Porstex Cairan Pembersih Kamar Mandi Biru 700 ml,19.600
2070,Kebutuhan Rumah,Perawatan & Pembersih,Wizz Penghilang Noda Pakaian Cair Floral Fresh Refill 425 ml,14.900
2071,Kebutuhan Rumah,Perawatan & Pembersih,Ekonomi Sabun Cuci Piring Jeruk Nipis 670 g,6.500
2072,Kebutuhan Rumah,Perawatan & Pembersih,Attack Jaz1 Deterjen Cair Semerbak Cinta 700 g,19.100
2073,Kebutuhan Rumah,Perawatan & Pembersih,So Klin Deterjen Cair Korean Camellia Refill 525 ml,8.900
2074,Kebutuhan Rumah,Perawatan & Pembersih,Molto Trika Pelicin & Pewangi Pakaian Japanese Peach Refill 300 ml,3.900
2075,Kebutuhan Rumah,Perawatan & Pembersih,Molto Pelembut & Pewangi Pakaian Active Fresh Refill 765 ml,9.900
2076,Kebutuhan Rumah,Perawatan & Pembersih,Molto Parfum Boost Pelembut & Pewangi Pakaian Elegant French Raspberry Refill 550 ml,15.900
2077,Kebutuhan Rumah,Perawatan & Pembersih,So Klin Nature Series Deterjen Cair Provence Lavender Refill 525 ml,8.900
2078,Kebutuhan Rumah,Perawatan & Pembersih,Ekonomi Sabun Cuci Piring Siwak & Jeruk Limau 670 g,6.500
2079,Kebutuhan Rumah,Perawatan & Pembersih,Ekonomi Sabun Cuci Piring Nanas & Jeruk Nipis Anti Bau Refill 670 g,6.500
2080,Kebutuhan Rumah,Perawatan & Pembersih,So Klin Pewangi Pakaian Romantic Pink Refill 780 ml,8.900
2081,Kebutuhan Rumah,Perawatan & Pembersih,So Klin Pewangi Pakaian Comfort Blue Refill 780 ml,8.900
2082,Kebutuhan Rumah,Perawatan & Pembersih,Attack Jaz1 Deterjen Bubuk + Pelembut Pakaian Rose Berry 1.4 kg,29.900
2083,Kebutuhan Rumah,Perawatan & Pembersih,WPC Cairan Pembersih Kloset Original Botol 600 ml,15.900
2084,Kebutuhan Rumah,Perawatan & Pembersih,Ekonomi Natural Sabun Cuci Piring Jeruk Nipis & Lemon Botol 670 g,6.500
2085,Kebutuhan Rumah,Perawatan & Pembersih,Attack Jaz1 Deterjen Bubuk Semerbak Cinta 1.4 kg,29.900
2086,Kebutuhan Rumah,Perawatan & Pembersih,So Klin Deterjen Cair Hijab Cool 700 ml,13.900
2087,Kebutuhan Rumah,Perawatan & Pembersih,Ekonomi Power Liquid Sabun Cuci Piring Sereh & Jeruk Nipis Anti Bau 670 g,6.500
2088,Kebutuhan Rumah,Perawatan & Pembersih,Royale by So Klin Pelembut & Pewangi Pakaian Lavender Musk Refill 630 + 50 ml,13.900
2089,Kebutuhan Rumah,Perawatan & Pembersih,SoSoft Deterjen Cair Tumbuhan + Pelembut Pakaian Sweet Peony 700 ml,12.500
2090,Kebutuhan Rumah,Perawatan & Pembersih,Mama Lemon Sabun Cuci Piring Jeruk Nipis Refill 690 g,8.900
2091,Kebutuhan Rumah,Perawatan & Pembersih,So Klin Softergent Deterjen Bubuk + Pelembut Pakaian Magnolia Berries 1.44 kg,29.000
2092,Kebutuhan Rumah,Perawatan & Pembersih,So Klin Softergent Deterjen Bubuk + Pelembut Pakaian Peony & Rose 1.44 kg,29.000
2093,Kebutuhan Rumah,Perawatan & Pembersih,Royale by So Klin Pelembut & Pewangi Pakaian Sunny Day Refill 630 + 50 ml,13.900
2094,Kebutuhan Rumah,Perawatan & Pembersih,Royale by So Klin Pelembut & Pewangi Pakaian Purple Dawn Refill 650 ml,13.900
2095,Kebutuhan Rumah,Perawatan & Pembersih,Rinso SensiFresh Deterjen Cair Japanese Peach Refill 700 ml,12.400
2096,Kebutuhan Rumah,Perawatan & Pembersih,Mama Lime Sabun Cuci Piring Charcoal Refill 690 g,8.900
2097,Kebutuhan Rumah,Perawatan & Pembersih,Sayang Deterjen Bubuk Rose Refill 770 g,13.500
2098,Kebutuhan Rumah,Perawatan & Pembersih,SOS Cairan Pembersih Lantai Sereh Refill 675 ml,10.500
2099,Kebutuhan Rumah,Perawatan & Pembersih,Polytex Sabut Spons Pencuci Piring Regular 2 pcs,14.000
2100,Kebutuhan Rumah,Perawatan & Pembersih,Sayang Liquid Deterjen Cair Rose 510 ml,8.700
2101,Kebutuhan Rumah,Perawatan & Pembersih,Rinso SensiFresh Deterjen Bubuk Japanese Peach 700 g,18.800
2102,Kebutuhan Rumah,Perawatan & Pembersih,BuKrim SuperKlin Sensorial Deterjen Cair Jinhae Cherry Blossom 700 ml,
2103,Kebutuhan Rumah,Perawatan & Pembersih,SoKlin Pewangi Pakaian Tropical Summer 780 ml,
2104,Kebutuhan Rumah,Perawatan & Pembersih,So Klin Softergent Deterjen Bubuk + Pelembut Pakaian Velvet Orchid 720 g,
2105,Kebutuhan Rumah,Perawatan & Pembersih,Royale Pelembut Pakaian Matcha Blossom 600 ml,
2106,Kebutuhan Rumah,Perawatan & Pembersih,So Klin Softergent Deterjen Bubuk + Pelembut Pakaian Velvet Orchid 1.4 kg,
2107,Kebutuhan Rumah,Perawatan & Pembersih,Vixal Cairan Pembersih Kamar Mandi Kuat Harum 750 ml,13.900
2108,Kebutuhan Rumah,Perawatan & Pembersih,So Klin Pewangi Pakaian Active Sport Refill 780 ml,7.900
2109,Kebutuhan Rumah,Perawatan & Pembersih,Rinso SensiFresh Deterjen Bubuk Japanese Peach 2750 g,49.000
2110,Kebutuhan Rumah,Perawatan & Pembersih,Sunlight Power Higienis Sabun Cuci Piring Mandarin Orange Refill 600 ml,7.900
2111,Kebutuhan Rumah,Perawatan & Pembersih,Wipol Karbol Cairan Pembersih Lantai Lemon Refill 750 ml,12.900
2112,Kebutuhan Rumah,Perawatan & Pembersih,So Klin Deterjen Bubuk Eau de Parfum Fleurs Blanches No. 7 1.4 kg,29.000
2113,Kebutuhan Rumah,Perawatan & Pembersih,Royale by So Klin Pelembut & Pewangi Pakaian Sweet Floral Refill 630 + 50 ml,13.900
2114,Kebutuhan Rumah,Perawatan & Pembersih,Rinso Anti Noda Molto Deterjen Bubuk + Pelembut Pakaian Perfume Essence Refill 700 g,20.700
2115,Kebutuhan Rumah,Perawatan & Pembersih,Vanish White Penghilang Noda Pakaian Cair Refill 425 ml,24.900
2116,Kebutuhan Rumah,Perawatan & Pembersih,Harpic Cairan Pembersih Kamar Mandi Clean Citrus 450 ml,24.900
2117,Kebutuhan Rumah,Perawatan & Pembersih,Sunlight Sabun Cuci Piring Jeruk Nipis Refill 660 g,8.900
2118,Kebutuhan Rumah,Perawatan & Pembersih,Super Pell Cairan Pembersih Lantai Anti Minyak & Noda Sakura 740 ml,10.900
2119,Kebutuhan Rumah,Perawatan & Pembersih,Rinso Power Clean Quick Wash Deterjen Cair 650 g,17.500
2120,Kebutuhan Rumah,Perawatan & Pembersih,So Klin Liquid Nature Deterjen Cair Teh Hijau & Melati 700 ml,16.500
2121,Kebutuhan Rumah,Perawatan & Pembersih,Mama Lemon Sabun Cuci Piring Japanese Yuzu Jeruk Nipis Refill 690 g,8.900
2122,Kebutuhan Rumah,Perawatan & Pembersih,So Klin Softergent Deterjen Bubuk + Pelembut Pakaian Lavender & Lily 700 g,16.300
2123,Kebutuhan Rumah,Perawatan & Pembersih,Mama Lime Green Sabun Cuci Piring Jeruk Nipis dan Timun Refill 690 g,7.900
2124,Kebutuhan Rumah,Perawatan & Pembersih,SoSoft Deterjen Cair Tumbuhan Freesia & Pear 700 ml,12.500
2125,Kebutuhan Rumah,Perawatan & Pembersih,So Klin Cairan Pembersih Lantai Apple & Peony 770 ml,9.900
2126,Kebutuhan Rumah,Perawatan & Pembersih,Yuri Porstex Cairan Pembersih Kamar Mandi Biru 1 L,21.900
2127,Kebutuhan Rumah,Perawatan & Pembersih,BuKrim Oxyklin Deterjen Bubuk Violet Refill 700 g,11.900
2128,Kebutuhan Rumah,Perawatan & Pembersih,Attack Jaz1 Deterjen Cair Pesona Segar 700 g,19.100
2129,Kebutuhan Rumah,Perawatan & Pembersih,Attack Jaz1 Deterjen Bubuk + Pelembut Pakaian Purple Blossom 1.4 kg,29.900
2130,Kebutuhan Rumah,Perawatan & Pembersih,So Klin Deterjen Cair Violet Blossom Refill 700 ml,13.900
2131,Kebutuhan Rumah,Perawatan & Pembersih,So Klin Pewangi Pakaian Hijab Refreshing Green Refill 780 ml,8.900
2132,Kebutuhan Rumah,Perawatan & Pembersih,Attack Jaz1 Deterjen Bubuk Pesona Segar 1.4 kg,29.900
2133,Kebutuhan Rumah,Perawatan & Pembersih,Molto Pelembut & Pewangi Pakaian Sports Fresh Refill 765 ml,9.900
2134,Kebutuhan Rumah,Perawatan & Pembersih,So Klin Pewangi Pakaian Cotton Fantasy Refill 780 ml,8.900
2135,Kebutuhan Rumah,Perawatan & Pembersih,So Klin Softergent Deterjen Cair + Pelembut Pakaian Pink Refill 700 ml,13.900
2136,Kebutuhan Rumah,Perawatan & Pembersih,Molto Trika Pelicin & Pewangi Pakaian Pure Refill 300 ml,3.900
2137,Kebutuhan Rumah,Perawatan & Pembersih,So Klin Pewangi Pakaian Exotic Purple Refill 780 ml,8.900
2138,Kebutuhan Rumah,Perawatan & Pembersih,Molto Parfum + Protect Pelembut & Pewangi Pakaian Morning Fresh Refill 550 ml,15.900
2139,Kebutuhan Rumah,Perawatan & Pembersih,Molto Pelembut & Pewangi Pakaian Hijab Soft & Fresh Refill 765 ml,9.900
2140,Kebutuhan Rumah,Perawatan & Pembersih,"Downy Long Wear Pewangi, Pelicin & Pelembut Pakaian Midnight Opulence 500 ml",23.900
2141,Kebutuhan Rumah,Perawatan & Pembersih,Proclin Penghilang Noda Pakaian Putih & Warna Floral Bliss 400 ml,18.900
2142,Kebutuhan Rumah,Perawatan & Pembersih,"Downy Long Wear Pewangi, Pelicin & Pelembut Pakaian Sunshine Radiance 500 ml",23.900
2143,Kebutuhan Rumah,Perawatan & Pembersih,Daia Deterjen Bubuk + Pelembut Pakaian Romantic Pink 470 g,7.900
2144,Kebutuhan Rumah,Perawatan & Pembersih,Kispray Violet Pelicin & Pewangi Pakaian Botol 318 ml,16.500
2145,Kebutuhan Rumah,Perawatan & Pembersih,Wipol Karbol Cairan Pembersih Lantai Lemon Refill 720 g,13.500
2146,Kebutuhan Rumah,Perawatan & Pembersih,So Klin Deterjen Cair Japanese Sakura & Strawberry 525 ml,8.900
2147,Kebutuhan Rumah,Perawatan & Pembersih,So Klin Softergent Deterjen Bubuk + Pelembut Pakaian Velvet Orchid 1.4 kg,
2148,Kebutuhan Rumah,Perawatan & Pembersih,Downy Pelembut & Pewangi Pakaian Fresh Bouquet Refill 875 ml,
2149,Kebutuhan Rumah,Perawatan & Pembersih,So Klin Pewangi Pakaian Exotic Purple Refill 1.7 L,
2150,Kebutuhan Rumah,Perawatan & Pembersih,Supersol Karbol Cairan Pembersih Lantai Floral Mint Refill 720 g,
2151,Kebutuhan Rumah,Perawatan & Pembersih,Sunlight Biocare Nature Sabun Cuci Piring & Peralatan Bayi 870 g,
2152,Kebutuhan Rumah,Perawatan & Pembersih,Telepon Sabun Krim Serbaguna Lemon 170 g,
2153,Kebutuhan Rumah,Perawatan & Pembersih,So Klin Pewangi Pakaian Romantic Pink Refill 1.7 L,
2154,Kebutuhan Rumah,Perawatan & Pembersih,Wipol Karbol Cairan Pembersih Lantai Cemara Refill 750 ml,12.900
2155,Kebutuhan Rumah,Perawatan & Pembersih,Vixal Professional Pembersih Kamar Mandi Jerigen 2 L,33.900
2156,Kebutuhan Rumah,Perawatan & Pembersih,So Klin Pewangi Pakaian Cotton Fantasy Refill 1700 ml,19.900
2157,Kebutuhan Rumah,Perawatan & Pembersih,Harpic Power Plus Cairan Pembersih Kamar Mandi Original 750 ml,35.000
2158,Kebutuhan Rumah,Perawatan & Pembersih,SOS Karbol Cairan Pembersih Lantai Sereh Lemon Jerigen 3.5 L,45.500
2159,Kebutuhan Rumah,Perawatan & Pembersih,Bayclin Pemutih Pakaian Fresh 1 L,20.900
2160,Kebutuhan Rumah,Perawatan & Pembersih,Rinso SensiFresh Deterjen Cair Extra Lembut Refill 700 ml,12.400
2161,Kebutuhan Rumah,Perawatan & Pembersih,Bagus Sibiru Tablet Pembersih Kloset Anti Bakteri 2 x 50 g,20.900
2162,Kebutuhan Rumah,Perawatan & Pembersih,Downy Pelembut & Pewangi Pakaian Sunrise Fresh 1.35 L,54.000
2163,Kebutuhan Rumah,Perawatan & Pembersih,So Klin Bio-Matic Deterjen Cair + Pelembut Pakaian Mesin Cuci Flower Bloom Refill 1.45 L,36.500
2164,Kebutuhan Rumah,Perawatan & Pembersih,Bayclin Pemutih Pakaian Lemon 1 L,21.900
2165,Kebutuhan Rumah,Perawatan & Pembersih,Daia Deterjen Bubuk Floral Refill 4 kg,68.500
2166,Kebutuhan Rumah,Perawatan & Pembersih,Sunlight Sabun Cuci Piring Ekstra Lembut Refill 600 ml,7.900
2167,Kebutuhan Rumah,Perawatan & Pembersih,Bebek Cairan Pembersih Kloset Lemon Refill 450 ml,9.500
2168,Kebutuhan Rumah,Perawatan & Pembersih,So Klin Nature Series Deterjen Cair Provence Lavender Refill 1.6 L,29.900
2169,Kebutuhan Rumah,Perawatan & Pembersih,SOS Cairan Pembersih Lantai Apple Wonder Jerigen 3.5 L,38.900
2170,Kebutuhan Rumah,Perawatan & Pembersih,Yuri Porstex Cairan Pembersih Kamar Mandi Biru Jerigen 3.7 L,76.500
2171,Kebutuhan Rumah,Perawatan & Pembersih,Rinso Anti Noda Molto Deterjen Cair Perfume Essence Refill 2 x 700 ml,25.900
2172,Kebutuhan Rumah,Perawatan & Pembersih,Gentle Gen Deterjen Cair Silk Rose 700 g + Kilau Nipis Sabun Cuci Piring,16.000
2173,Kebutuhan Rumah,Perawatan & Pembersih,"Rapika Pelicin, Pewangi & Pelembut Pakaian Lavender Splash Refill 300 ml",5.200
2174,Kebutuhan Rumah,Perawatan & Pembersih,So Klin Deterjen Cair Scarlet Blossom Refill 700 ml,13.900
2175,Kebutuhan Rumah,Perawatan & Pembersih,Royale by So Klin Pelembut & Pewangi Pakaian Hot Summer Refill 650 ml,13.900
2176,Kebutuhan Rumah,Perawatan & Pembersih,Mama Lemon Sabun Cuci Piring Jeruk Nipis Refill 950 g,14.900
2177,Kebutuhan Rumah,Perawatan & Pembersih,Kiwi Polish Semir Sepatu Hitam 45 ml,32.500
2178,Kebutuhan Rumah,Perawatan & Pembersih,Mama Lemon Sabun Cuci Piring Jeruk Nipis Refill 1.5 kg,
2179,Kebutuhan Rumah,Perawatan & Pembersih,Telepon Sabun Krim Serbaguna Jeruk 200 g,
2180,Kebutuhan Rumah,Perawatan & Pembersih,Rinso Matic Deterjen Kapsul Sakura Blossom 189 g,27.500
2181,Kebutuhan Rumah,Perawatan & Pembersih,Proclin Penghilang Noda Pakaian Refill 800 ml,31.900
2182,Kebutuhan Rumah,Perawatan & Pembersih,Pledge Pembersih & Pengkilap Mebel Lemon Refill 410 ml,18.900
2183,Kebutuhan Rumah,Perawatan & Pembersih,Mr Muscle Gel Pembersih Kamar Mandi Fresh 36 ml,16.500
2184,Kebutuhan Rumah,Perawatan & Pembersih,"Rapika Pelicin, Pewangi & Pelembut Pakaian Japanese Sakura & Strawberry 300 ml",5.200
2185,Kebutuhan Rumah,Perawatan & Pembersih,Super Pell Cairan Pembersih Lantai Apple Jerigen 4 L,55.500
2186,Kebutuhan Rumah,Perawatan & Pembersih,So Klin Cairan Pembersih Lantai Citrus Garden Refill 1.45 L,15.500
2187,Kebutuhan Rumah,Perawatan & Pembersih,So Klin Bio-Matic Deterjen Cair + Pelembut Pakaian Mesin Cuci Fresh Scent Refill 1.45 L,36.500
2188,Kebutuhan Rumah,Perawatan & Pembersih,Downy Pelembut & Pewangi Pakaian Mystique Refill 1.35 L,54.000
2189,Kebutuhan Rumah,Perawatan & Pembersih,Bebek Bathroom Lavender Pembersih Kamar Mandi Refill 400 ml,10.900
2190,Kebutuhan Rumah,Perawatan & Pembersih,Wipol Professional Cairan Disinfektan Pembersih Lantai Jerigen 4.5 L,72.500
2191,Kebutuhan Rumah,Perawatan & Pembersih,Proclin Penghilang Noda Pakaian Aksi Putih 400 ml,16.900
2192,Kebutuhan Rumah,Perawatan & Pembersih,Super Pell Cairan Pembersih Lantai Japanese Apple & Peony Refill 2 x 770 ml,21.500
2193,Kebutuhan Rumah,Perawatan & Pembersih,So Klin Cairan Pembersih Lantai Floral Lavender Refill 1.6 L,19.900
2194,Kebutuhan Rumah,Perawatan & Pembersih,So Klin Bio-Matic Deterjen Bubuk + Pelembut Mesin Cuci Bukaan Atas 1.8 kg,33.900
2195,Kebutuhan Rumah,Perlengkapan Rumah,Kenmaster Gembok 2 pcs,31.600
2196,Kebutuhan Rumah,Perlengkapan Rumah,ABC Alkaline Baterai AA Millenium Power LR-06 2 pcs,22.400
2197,Kebutuhan Rumah,Perlengkapan Rumah,ABC Alkaline Baterai AAA Millenium Power LR-03 2 pcs,22.400
2198,Kebutuhan Rumah,Perlengkapan Rumah,Eveready Heavy Duty Baterai AA 1015 BP 4 pcs,14.800
2199,Kebutuhan Rumah,Perlengkapan Rumah,ABC Super Power Baterai AAA R-03 4 pcs,17.800
2200,Kebutuhan Rumah,Perlengkapan Rumah,Alfamart Kantong Sampah 45 x 50 cm 20 pcs,10.500
2201,Kebutuhan Rumah,Perlengkapan Rumah,Alfamart Kantong Sampah 60 x 80 cm 12 pcs,11.500
2202,Kebutuhan Rumah,Perlengkapan Rumah,Eveready Heavy Duty Baterai AAA 1012 BP 4 pcs,15.300
2203,Kebutuhan Rumah,Perlengkapan Rumah,Ecolink Lampu Bohlam LED Putih Cool Daylight 9 Watt,18.900
2204,Kebutuhan Rumah,Perlengkapan Rumah,ABC Baterai AA Biru R-6 4 pcs,17.200
2205,Kebutuhan Rumah,Perlengkapan Rumah,ABC Alkaline Baterai AA Millenium Power LR-06 4 pcs,39.900
2206,Kebutuhan Rumah,Perlengkapan Rumah,Shamu Lampu Bohlam LED 13 Watt,27.900
2207,Kebutuhan Rumah,Perlengkapan Rumah,ABC Baterai Super Power AA R-6 4 pcs,20.200
2208,Kebutuhan Rumah,Perlengkapan Rumah,Shamu Lampu Bohlam LED Putih 11 Watt,23.900
2209,Kebutuhan Rumah,Perlengkapan Rumah,ABC Alkaline Baterai AAA Millenium Power LR-03 4 pcs,39.900
2210,Kebutuhan Rumah,Perlengkapan Rumah,Alfamart Kantong Sampah 50 x 75 cm 8 pcs,15.400
2211,Kebutuhan Rumah,Perlengkapan Rumah,Energizer 2016 Baterai Lithium Bulat 3V E-CR2016 BP2 2 Pcs,23.800
2212,Kebutuhan Rumah,Perlengkapan Rumah,ABC Baterai Super Power R-20 Besar 2 pcs,35.200
2213,Kebutuhan Rumah,Perlengkapan Rumah,ABC Baterai Super Power Kotak 9 Volt,20.800
2214,Kebutuhan Rumah,Perlengkapan Rumah,Eveready Super Heavy Duty Baterai AA 1215 4 pcs,20.200
2215,Kebutuhan Rumah,Perlengkapan Rumah,ABC Alkaline Baterai 9V 6LR61,45.900
2216,Kebutuhan Rumah,Perlengkapan Rumah,Kenmaster Kabel Ties Nylon 15 cm,7.000
2217,Kebutuhan Rumah,Perlengkapan Rumah,Kenmaster Steker Adaptor Listrik L009,20.000
2218,Kebutuhan Rumah,Perlengkapan Rumah,Xander Gembok Pendek 40 mm,40.000
2219,Kebutuhan Rumah,Perlengkapan Rumah,Energizer Max Baterai AA 2 pcs,27.600
2220,Kebutuhan Rumah,Perlengkapan Rumah,Energizer Max Baterai AAA 2 pcs,27.600
2221,Kebutuhan Rumah,Perlengkapan Rumah,Philips MyCare Lampu Bohlam LED Putih 8 Watt,74.500
2222,Kebutuhan Rumah,Perlengkapan Rumah,Philips MyCare Lampu Bohlam LED Putih 6 Watt,63.800
2223,Kebutuhan Rumah,Perlengkapan Rumah,Philips LED Bright Lampu Bohlam LED Cool Daylight 11 Watt,89.900
2224,Kebutuhan Rumah,Perlengkapan Rumah,Shamu Lampu Bohlam LED 7 Watt,21.900
2225,Kebutuhan Rumah,Perlengkapan Rumah,Scorlines Payung Lipat Assorted,64.500
2226,Kebutuhan Rumah,Perlengkapan Rumah,Philips Essential Lampu Bohlam LED Putih E27 9 Watt,
2227,Kebutuhan Rumah,Perlengkapan Rumah,Shamu Lampu Bohlam LED 9 Watt,
2228,Kebutuhan Rumah,Perlengkapan Rumah,Ecolink Lampu Bohlam LED Putih Cool Daylight Multipack 9 Watt,
2229,Kebutuhan Rumah,Perlengkapan Rumah,Kenmaster Padlock Gembok Kode Angka 30 mm TSA KM 335,
2230,Kebutuhan Rumah,Perlengkapan Rumah,Kenmaster Gembok Pendek BL50L,
2231,Kebutuhan Rumah,Perlengkapan Rumah,Ecolink Lampu Bohlam LED Putih Cool Daylight Multipack 11 Watt,
2232,Kebutuhan Rumah,Perlengkapan Rumah,Ecolink Lampu Bohlam LED Putih Cool Daylight Multipack 5 Watt / 6 Watt,
2233,Kebutuhan Rumah,Perlengkapan Rumah,ABC Baterai R-6 Spesial 4 pcs,
2234,Kebutuhan Rumah,Perlengkapan Rumah,Tulasi Gopuram Dupa 1 Pack,
2235,Kebutuhan Rumah,Perlengkapan Rumah,Shamu Lampu Senter Rechargeable 4+1 LED SH-234 1 pcs,
2236,Kebutuhan Rumah,Perlengkapan Rumah,Philips Essential Lampu Bohlam LED Putih E27 11 Watt,
2237,Kebutuhan Rumah,Perlengkapan Rumah,Vion Gembok Kuning 20 mm,
2238,Kebutuhan Rumah,Perlengkapan Rumah,Harum Tulip Dupa 1 Pack,
2239,Kebutuhan Rumah,Perlengkapan Rumah,Kawi Gopala Dupa Sari Madu Cina 1 Pack,
2240,Kebutuhan Rumah,Perlengkapan Rumah,ABC Baterai Biru Besar R-20 2 pcs,
2241,Kebutuhan Rumah,Perlengkapan Rumah,ABC Baterai Super Power AA R-6 4 pcs,
2242,Kebutuhan Rumah,Perlengkapan Rumah,ABC Baterai Super Power R-20 Besar 2 pcs,
2243,Kebutuhan Rumah,Perlengkapan Rumah,Kenmaster Stop Kontak F1 4 Lubang 1.5 m,85.500
2244,Kebutuhan Rumah,Perlengkapan Rumah,Klin Pak Aluminium Foil Pembungkus Serbaguna Refill 8 m x 30 cm,23.000
2245,Kebutuhan Rumah,Perlengkapan Rumah,Hannochs Alfa Lampu Bohlam LED Multipack 6 Watt,40.700
2246,Kebutuhan Rumah,Perlengkapan Rumah,Mister Klinner Kantong Sampah Sedang 60 x 80 cm 12 pcs,23.900
2247,Kebutuhan Rumah,Perlengkapan Rumah,Mister Klinner Kantong Sampah Besar 80 x 100 cm 8 pcs,23.900
2248,Kebutuhan Rumah,Perlengkapan Rumah,Hannochs Lampu Bohlam New Tricolour 10 Watt,22.800
2249,Kebutuhan Rumah,Perlengkapan Rumah,Hannochs Lampu Bohlam LED Sensor 11 Watt,57.500
2250,Kebutuhan Rumah,Perlengkapan Rumah,Hannochs Genius Lampu Bohlam Emergency LED 6W,67.700
2251,Kebutuhan Rumah,Perlengkapan Rumah,Bagus Kantong Sampah Wangi Segar Premium dengan Tali S 45 x 50 cm 24 s,26.500
2252,Kebutuhan Rumah,Perlengkapan Rumah,Hannochs Supra Lampu Bohlam LED Cool Daylight 30 Watt,40.500
2253,Kebutuhan Rumah,Perlengkapan Rumah,Kenmaster Gembok Panjang BL50L 50 mm,31.900
2254,Kebutuhan Rumah,Perlengkapan Rumah,Kenmaster Set Obeng Jam 6 pcs,8.500
2255,Kebutuhan Rumah,Perlengkapan Rumah,Eveready Super Heavy Duty Baterai AAA 4 pcs,18.800
2256,Kebutuhan Rumah,Perlengkapan Rumah,Energizer 2025 Baterai Lithium Bulat 3V CR2025 2 pcs,26.200
2257,Kebutuhan Rumah,Perlengkapan Rumah,Eveready Senter LED Metal Light 1 pcs Assorted,59.900
2258,Kebutuhan Rumah,Perlengkapan Rumah,Energizer 2032 Baterai Lithium Bulat CR2032 2 pcs,28.000
2259,Kebutuhan Rumah,Perlengkapan Rumah,Energizer Max Baterai AA 4 pcs,44.600
2260,Kebutuhan Rumah,Perlengkapan Rumah,Ecolink Lampu Bohlam LED Putih Cool Daylight 11 Watt,27.500
2261,Kebutuhan Rumah,Perlengkapan Rumah,ABC Baterai Biru Besar R-20 2 pcs,21.200
2262,Kebutuhan Rumah,Perlengkapan Rumah,Energizer Max Baterai AAA 4 pcs,44.600
2263,Kebutuhan Rumah,Perlengkapan Rumah,Alfamart Lilin 8 pcs,17.500
2264,Kebutuhan Rumah,Perlengkapan Rumah,Philips Essential Lampu Bohlam LED Cool Daylight 13 W,81.900
2265,Kebutuhan Rumah,Perlengkapan Rumah,Alfamart Lilin Ulang Tahun 24 pcs,15.000
2266,Kebutuhan Rumah,Perlengkapan Rumah,ABC Baterai AAA R-03 Biru 4 pcs,
2267,Kebutuhan Rumah,Perlengkapan Rumah,ABC Baterai AA Biru R-6 4 pcs,
2268,Kebutuhan Rumah,Perlengkapan Rumah,Kenmaster Adaptor Listrik Travel Universal KM-931,34.500
2269,Kebutuhan Rumah,Perlengkapan Rumah,Skrineer Alas Hewan Multifungsi 20 pcs,59.900
2270,Kebutuhan Rumah,Perlengkapan Rumah,Mitsui Stop Kontak 4 Lubang + 3 Port USB MSC 154 1.6 m,75.900
2271,Kebutuhan Rumah,Perlengkapan Rumah,ABC Alkaline Baterai AAA Millenium Power LR-03 8 pcs + Case,52.900
2272,Kebutuhan Rumah,Perlengkapan Rumah,ABC Alkaline Baterai AA Millenium Power LR-06 8 pcs + Case,52.900
2273,Kebutuhan Rumah,Perlengkapan Rumah,Eveready Super Heavy Duty Baterai AA 1.5 V Hitam 12 pcs,42.900
2274,Kebutuhan Rumah,Perlengkapan Rumah,ABC Super Power Baterai R6 AA 12 pcs,38.900
2275,Kebutuhan Rumah,Perlengkapan Rumah,Prokleen Bubuk Pembersih Mesin Cuci 500 g,45.000
2276,Kebutuhan Rumah,Perlengkapan Rumah,Kenmaster Timbangan Koper Travel KM-169,40.900
2277,Kebutuhan Rumah,Perlengkapan Rumah,Hannochs Lampu Bohlam New LED Bluetooth 9 Watt,55.900
2278,Kebutuhan Rumah,Perlengkapan Rumah,ABC Super Power Baterai R3 AAA 12 pcs,30.900
2279,Kebutuhan Rumah,Perlengkapan Rumah,Hannochs Alfa Lampu Bohlam LED Multipack 10 Watt,60.000
2280,Kebutuhan Rumah,Perlengkapan Rumah,Hannochs Lampu Bohlam LED Click & Dim 10 Watt,22.800
2281,Kebutuhan Rumah,Tisu,Alfamart Tisu Wajah Winnie the Pooh / Lotso Assorted 200 s,7.900
2282,Kebutuhan Rumah,Tisu,Paseo Tisu Basah Anti Bakteri 25 s - Beli 1 Gratis 1,9.800
2283,Kebutuhan Rumah,Tisu,Nice Living Tisu Wajah Serbaguna 900 g,43.400
2284,Kebutuhan Rumah,Tisu,Multi Tisu Wajah 600 g,28.300
2285,Kebutuhan Rumah,Tisu,Alfamart Tisu Wajah 220 s,14.900
2286,Kebutuhan Rumah,Tisu,Multi Tisu Wajah 250 s,12.000
2287,Kebutuhan Rumah,Tisu,Nice Tisu Wajah 2 x 200 s,22.500
2288,Kebutuhan Rumah,Tisu,Paseo Smart Tisu Wajah 540 ply,19.700
2289,Kebutuhan Rumah,Tisu,Alfamart Tisu Dapur 2 Roll,19.900
2290,Kebutuhan Rumah,Tisu,Paseo Elegant Tisu Wajah 510 ply,20.300
2291,Kebutuhan Rumah,Tisu,Alfamart Tisu Wajah 900 s,44.900
2292,Kebutuhan Rumah,Tisu,Alfamart Tisu Wajah Albi Travel Pack 50 s,5.800
2293,Kebutuhan Rumah,Tisu,Multi Tisu Wajah 1000 g,48.400
2294,Kebutuhan Rumah,Tisu,Saniter Tisu Basah Anti Bakteri & Antiseptik Fresh Clean 50 s,10.900
2295,Kebutuhan Rumah,Tisu,Nice Tisu Wajah 250 s,14.200
2296,Kebutuhan Rumah,Tisu,Paseo Tisu Dapur Gulung 70 s,15.700
2297,Kebutuhan Rumah,Tisu,Alfamart Tisu Wajah 700 s,41.500
2298,Kebutuhan Rumah,Tisu,Alfamart Tisu Toilet Gulung 4 x 220 s,15.900
2299,Kebutuhan Rumah,Tisu,Tessa Tisu Wajah 2 x 200 s,25.000
2300,Kebutuhan Rumah,Tisu,Alfamart Tisu Wajah Bambu Premium BT21 200 s,8.500
2301,Kebutuhan Rumah,Tisu,Paseo Tisu Wajah Ultra Soft 40 s,7.700
2302,Kebutuhan Rumah,Tisu,Alfamart Tisu Basah Tangan dan Mulut Disney 20 s,6.900
2303,Kebutuhan Rumah,Tisu,Tessa Nature Tisu Wajah Tanpa Pewarna 120 s,15.900
2304,Kebutuhan Rumah,Tisu,Nuvo Family Tisu Basah Antiseptik Fresh 2 x 50 s,21.000
2305,Kebutuhan Rumah,Tisu,Nuvo Family Tisu Basah Nature Protect Anti Bakteri 2 x 25 s,7.900
2306,Kebutuhan Rumah,Tisu,Dettol Tisu Basah Anti Bakteri Original 10 s,15.700
2307,Kebutuhan Rumah,Tisu,Alfamart Tisu Wajah Disney 200 s,14.900
2308,Kebutuhan Rumah,Tisu,Alfamart Tisu Basah Anti Bakteri Disney 48 s,8.900
2309,Kebutuhan Rumah,Tisu,Alfamart Tisu Wajah Disney Premium 100 s,9.900
2310,Kebutuhan Rumah,Tisu,Alfamart Tisu Wajah Bambu Premium BT21 100 s,8.900
2311,Kebutuhan Rumah,Tisu,Nuvo Family Tisu Basah Antiseptik Original 50 s - Beli 1 Gratis 1,14.900
2312,Kebutuhan Rumah,Tisu,Alfamart Tisu Wajah Doraemon 70 s,6.200
2313,Kebutuhan Rumah,Tisu,Alfamart Tisu Wajah 180 s - Beli 2 Gratis 1,22.900
2314,Kebutuhan Rumah,Tisu,Paseo Elegant Tisu Wajah Travel Pack 150 ply,5.500
2315,Kebutuhan Rumah,Tisu,Alfamart Tisu Wajah 400 g,19.200
2316,Kebutuhan Rumah,Tisu,Tessa Tisu Wajah 260 s,16.400
2317,Kebutuhan Rumah,Tisu,Alfamart Tisu Wajah Sanrio 50 s 2 + 1 pcs Assorted,
2318,Kebutuhan Rumah,Tisu,Alfamart Tisu Basah Tangan dan Mulut Sanrio 20 s 2 + 1 pcs,
2319,Kebutuhan Rumah,Tisu,Nice Tisu Gantung 400 s,
2320,Kebutuhan Rumah,Tisu,Montiss Softpack Tisu Wajah 4 in 1 200 s,14.500
2321,Kebutuhan Rumah,Tisu,Montiss Softpack Tisu Wajah 2 x 200 s,12.900
2322,Kebutuhan Rumah,Tisu,Montiss Jumbo Pack Tisu Wajah Soft 1100 s,27.500
2323,Kebutuhan Rumah,Tisu,Montiss Softpack Tisu Wajah 150 s,4.900
2324,Kebutuhan Rumah,Tisu,Paseo Tisu Dapur Gulung 3 x 70 s,32.500
2325,Kebutuhan Rumah,Tisu,Dettol Tisu Basah Anti Bakteri Sensitive 50 s,29.900
2326,Kebutuhan Rumah,Tisu,Paseo Elegant Tisu Wajah Floral Edition 4 x 510 ply,65.900
2327,Kebutuhan Rumah,Tisu,Caris Tisu Toilet Bambu Bottom Pull 3ply 250 s,20.000
2328,Kebutuhan Rumah,Tisu,Caris Tisu Wajah Bambu Bottom Pull 3ply 300 s,16.900
2329,Kebutuhan Rumah,Tisu,Caris Tisu Wajah Bambu Buttom Pull 3ply Travel Pack 3 x 50 s,9.900
2330,Kebutuhan Rumah,Tisu,Tessa Tisu Toilet Gulung 8 x 300 s,54.500
2331,Kebutuhan Rumah,Tisu,Paseo Elegant Tisu Toilet Gulung 8 Roll,55.500
2332,Kebutuhan Rumah,Tisu,Tessa Tisu Dapur Gulung 3 x 70 s,33.500
2333,Kebutuhan Rumah,Tisu,Unitei Tisu Basah Anti Bakteri 40 s - Beli 1 Gratis 1,23.900
2334,Kebutuhan Rumah,Tisu,Alfamart Tisu Wajah Bambu Premium Mickey Mouse 150 s,14.900
2335,Kebutuhan Rumah,Tisu,Paseo Elegant Tisu Toilet Gulung 12 Roll,82.500
2336,Kebutuhan Rumah,Tisu,Tessa Nature Tisu Wajah Tanpa Pewarna 3 Ply 60 s,6.300
2337,Kebutuhan Rumah,Tisu,Tessa Nature Tisu Wajah Tanpa Pewarna 3 Ply 950 g,53.900
2338,Kebutuhan Rumah,Tisu,Tessa Nature Tisu Toilet Gulung Tanpa Pewarna 4 Ply 4 x 220 s,30.900
2339,Kebutuhan Rumah,Tisu,Paseo Duo Comfort Tisu Toilet Lipat Travel Pack 150 ply,5.500
2340,Kebutuhan Rumah,Tisu,Nice Tisu Toilet Gulung 10 Roll,37.900
2341,Kebutuhan Rumah,Tisu,Alfamart Tisu Wajah Bambu Premium Disney 100 s,8.900
2342,Kebutuhan Rumah,Tisu,Alfamart Tisu Wajah Bambu Premium BT21 50 s,6.200
2343,Kebutuhan Rumah,Tisu,Alfamart Tisu Basah Bambu 20 s,6.900
2344,Kebutuhan Rumah,Tisu,Alfamart Tisu Wajah One Piece 100s,
2345,Kebutuhan Rumah,Tisu,Alfamart Tisu Wajah Bambu Premium BT21 3 x 150 s,
2346,Kebutuhan Rumah,Tisu,Favour Tisu Wajah Gentle Touch 120 s,5.000
2347,Kebutuhan Rumah,Tisu,Paseo Duo Comfort Tisu Toilet Lipat 300 ply,10.500
2348,Kebutuhan Rumah,Tisu,Tessa Nature Tisu Dapur Gulung Tanpa Pewarna 2 x 100 s,27.000
2349,Kebutuhan Rumah,Tisu,Caris Tisu Dapur Bambu Bottom Pull 2ply 300 s,18.600
2350,Kebutuhan Rumah,Pengharum Ruangan & Anti Lembab,Alfamart Pengharum Ruangan Gantung Apel 50 g,10.000
2351,Kebutuhan Rumah,Pengharum Ruangan & Anti Lembab,Alfamart Kapur Barus Kamar Mandi Warna 5 pcs,19.900
2352,Kebutuhan Rumah,Pengharum Ruangan & Anti Lembab,Swallow Kamper Gantung Anti Lembap Orange 80 g,19.700
2353,Kebutuhan Rumah,Pengharum Ruangan & Anti Lembab,Swallow Kamper Gantung Anti Lembap 150 g,27.700
2354,Kebutuhan Rumah,Pengharum Ruangan & Anti Lembab,Swallow Kamper Bola Kamar Mandi Warna Wangi Bunga 3 pcs,15.900
2355,Kebutuhan Rumah,Pengharum Ruangan & Anti Lembab,Glade Pengharum Ruangan Gantung Ocean Escape 70 g,9.900
2356,Kebutuhan Rumah,Pengharum Ruangan & Anti Lembab,Alfamart Kamper Bola Kamar Mandi Teh Sultan 5 pcs,22.900
2357,Kebutuhan Rumah,Pengharum Ruangan & Anti Lembab,Glade Pengharum Ruangan Gantung Jasmine Tea 70 + 5 g,9.900
2358,Kebutuhan Rumah,Pengharum Ruangan & Anti Lembab,Swallow Kamper Bola Kamar Mandi Warna 5 pcs,31.800
2359,Kebutuhan Rumah,Pengharum Ruangan & Anti Lembab,Dahlia Kamper Ruangan Citronella 6 pcs,27.500
2360,Kebutuhan Rumah,Pengharum Ruangan & Anti Lembab,Dahlia Kamper Kamar Mandi Garden Lavender 5 pcs,23.900
2361,Kebutuhan Rumah,Pengharum Ruangan & Anti Lembab,Glade Pengharum Ruangan Gantung Exotic Flowers 70 g,9.900
2362,Kebutuhan Rumah,Pengharum Ruangan & Anti Lembab,Swallow Kamper Warna Anti Bau 150 g,17.500
2363,Kebutuhan Rumah,Pengharum Ruangan & Anti Lembab,Alfamart Pengharum Ruangan Gantung Teh Sultan 50 g,9.900
2364,Kebutuhan Rumah,Pengharum Ruangan & Anti Lembab,Alfamart Kamper Bola Kamar Mandi Kopi Sultan 5 pcs,22.900
2365,Kebutuhan Rumah,Pengharum Ruangan & Anti Lembab,Glade Pengharum Ruangan Kamar Mandi Gantung Fresh Lavender Mist 70 g,13.800
2366,Kebutuhan Rumah,Pengharum Ruangan & Anti Lembab,Swallow Kamper Bola Kamar Mandi Citronella 5 pcs,24.900
2367,Kebutuhan Rumah,Pengharum Ruangan & Anti Lembab,Swallow Kamper Anti Lembap Floral Fresh 6 pcs,25.400
2368,Kebutuhan Rumah,Pengharum Ruangan & Anti Lembab,Stella Pengharum Ruangan Otomatis Alat + Refill 160 ml,81.000
2369,Kebutuhan Rumah,Pengharum Ruangan & Anti Lembab,Glade Pengharum Ruangan Aerosol Peony & Berry Bliss 350 ml,24.900
2370,Kebutuhan Rumah,Pengharum Ruangan & Anti Lembab,Alfamart Pengharum Ruangan Gantung Orange 50 g,10.000
2371,Kebutuhan Rumah,Pengharum Ruangan & Anti Lembab,Alfamart Pengharum Ruangan Gantung Kopi Sultan 50 g,10.000
2372,Kebutuhan Rumah,Pengharum Ruangan & Anti Lembab,Swallow Kamper Lemari Anti Bau Putih 150 g,22.400
2373,Kebutuhan Rumah,Pengharum Ruangan & Anti Lembab,Stella Pengharum Ruangan Otomatis Japanese Sakura Refill 160 ml,35.900
2374,Kebutuhan Rumah,Pengharum Ruangan & Anti Lembab,Stella Pengharum Ruangan Gantung Caffe Latte 42 + 13 g,12.500
2375,Kebutuhan Rumah,Pengharum Ruangan & Anti Lembab,Stella Pengharum Ruangan Otomatis Green Fantasy Refill 160 ml,35.900
2376,Kebutuhan Rumah,Pengharum Ruangan & Anti Lembab,Stella Pengharum Ruangan Aerosol Secret Lavender 350 ml,28.900
2377,Kebutuhan Rumah,Pengharum Ruangan & Anti Lembab,Stella Pengharum Ruangan Otomatis Balinese Jasmine Sensation Refill 160 ml,35.900
2378,Kebutuhan Rumah,Pengharum Ruangan & Anti Lembab,Stella Pengharum Ruangan Otomatis Apple Fiesta Refill 160 ml,35.900
2379,Kebutuhan Rumah,Pengharum Ruangan & Anti Lembab,Stella Pengharum Ruangan Gantung Lavender 42 g,12.500
2380,Kebutuhan Rumah,Pengharum Ruangan & Anti Lembab,Stella Pengharum Ruangan Otomatis Wild Flower Refill 160 ml,35.900
2381,Kebutuhan Rumah,Pengharum Ruangan & Anti Lembab,Alfamart Kamper Bola Kamar Mandi Warna 5 pcs,22.900
2382,Kebutuhan Rumah,Pengharum Ruangan & Anti Lembab,Stella Pengharum Ruangan Vanilla 7 ml,23.700
2383,Kebutuhan Rumah,Pengharum Ruangan & Anti Lembab,Stella Pengharum Ruangan Aerosol Balinese Jasmine Sensation 350 ml,
2384,Kebutuhan Rumah,Pengharum Ruangan & Anti Lembab,Bagus Serap Air Refill 450 ml,12.900
2385,Kebutuhan Rumah,Pengharum Ruangan & Anti Lembab,BayFresh Pengharum Ruangan Gantung Strawberry Bubblegum 70 g,9.900
2386,Kebutuhan Rumah,Pengharum Ruangan & Anti Lembab,Bagus Fresh Pengharum Ruangan Gantung Teh Keraton Pouch 50 g,9.900
2387,Kebutuhan Rumah,Pengharum Ruangan & Anti Lembab,Stella Mini Pengharum Ruangan Otomatis Green Fantasy Refill 40 ml,25.500
2388,Kebutuhan Rumah,Pengharum Ruangan & Anti Lembab,Stella Mini Pengharum Ruangan Otomatis Caffe Latte Refill 40 ml,25.500
2389,Kebutuhan Rumah,Pengharum Ruangan & Anti Lembab,Bagus Serap Air 4 x 50 ml,26.900
2390,Kebutuhan Rumah,Pengharum Ruangan & Anti Lembab,Bagus Anti Bau Penghilang Bau Kamar Mandi 100 g,12.900
2391,Kebutuhan Rumah,Pengharum Ruangan & Anti Lembab,Bagus Gel Anti Bau Lemari Es 180 g,32.500
2392,Kebutuhan Rumah,Pengharum Ruangan & Anti Lembab,Bagus Gel Anti Bau Lemari & Rak 180 g,32.500
2393,Kebutuhan Rumah,Pengharum Ruangan & Anti Lembab,Bagus Anti Bau Mobil 100 g,12.900
2394,Kebutuhan Rumah,Pengharum Ruangan & Anti Lembab,Bayfresh Pengharum Ruangan Aerosol Strawberry Bubblegum 320 ml,17.500
2395,Kebutuhan Rumah,Pengharum Ruangan & Anti Lembab,BayFresh Pengharum Ruangan Aerosol Sakura Bloom 320 ml,17.500
2396,Kebutuhan Rumah,Pengharum Ruangan & Anti Lembab,Bagus Serap Air Anti Lembap Gantung 2 x 400 ml,37.900
2397,Kebutuhan Rumah,Pengharum Ruangan & Anti Lembab,Stella Pengharum Ruangan Aerosol Warm Verbena 350 ml,23.500
2398,Kebutuhan Rumah,Pengharum Ruangan & Anti Lembab,Stella Pengharum Ruangan Aerosol Royal Kenanga 350 ml,23.500
2399,Kebutuhan Rumah,Pengharum Ruangan & Anti Lembab,Bagus Fresh Pengharum Ruangan Gantung Cendana Pouch 50 g,9.900
2400,Kebutuhan Rumah,Pengharum Ruangan & Anti Lembab,Dahlia Reed Diffuser Pengharum Ruangan Cendana Padmasana 30 ml,39.900
2401,Kebutuhan Rumah,Pengharum Ruangan & Anti Lembab,Dahlia Pengharum Ruangan Otomatis Arum Dalu 225 ml,27.900
2402,Kebutuhan Rumah,Pengharum Ruangan & Anti Lembab,Pinkberry Reed Diffuser Pengharum Ruangan Gardenia Wishes 30 ml,52.900
2403,Kebutuhan Rumah,Pengharum Ruangan & Anti Lembab,Pinkberry Reed Diffuser Pengharum Ruangan Violet Garden 30 ml,52.900
2404,Kebutuhan Rumah,Pengharum Ruangan & Anti Lembab,Glade Pengharum Ruangan Aerosol Vanilla & Oud Wood 350 ml,27.000
2405,Kebutuhan Rumah,Pengharum Ruangan & Anti Lembab,Glade Pengharum Ruangan Otomatis Lavender Alat + Refill,79.500
2406,Kebutuhan Rumah,Pengharum Ruangan & Anti Lembab,BayFresh Reed Diffuser Pengharum Ruangan Sakura Bloom 30 ml,46.900
2407,Kebutuhan Rumah,Pengharum Ruangan & Anti Lembab,BayFresh Reed Diffuser Pengharum Ruangan Vanilla Bean 30 ml,46.900
2408,Kebutuhan Rumah,Pengharum Ruangan & Anti Lembab,BayFresh Reed Diffuser Pengharum Ruangan Sakura Bloom Refill 30 ml,31.500
2409,Kebutuhan Rumah,Pengharum Ruangan & Anti Lembab,BayFresh Reed Diffuser Pengharum Ruangan Yuzu Peach Refill 30 ml,31.500
2410,Kebutuhan Rumah,Pengharum Ruangan & Anti Lembab,Bagus Pengharum Ruangan Gantung Luwak Coffee,13.500
2411,Kebutuhan Rumah,Pengharum Ruangan & Anti Lembab,Fresly Pengharum Ruangan Aerosol Mountain Breeze 400 + 50 ml,19.900
2412,Kebutuhan Rumah,Pengharum Ruangan & Anti Lembab,Stella Pocket Pengharum Ruangan Kamar Mandi Gantung Purple Lily 10 g,10.200
2413,Kebutuhan Rumah,Pengharum Ruangan & Anti Lembab,Dahlia Pengharum Ruangan Gantung Teh Keraton 75 g,12.900
2414,Kebutuhan Rumah,Pengharum Ruangan & Anti Lembab,Dahlia Pengharum Ruangan Otomatis Teh Keraton 225 ml,29.400
2415,Kebutuhan Rumah,Pengharum Ruangan & Anti Lembab,Fresly Air Care Pengharum Ruangan Aerosol Tea Time Refill 225 ml,24.900
2416,Kebutuhan Rumah,Pengharum Ruangan & Anti Lembab,Alfamart Kamper Lemari 150 g,12.900
2417,Kebutuhan Rumah,Pengharum Ruangan & Anti Lembab,Stella Pocket Pengharum Ruangan Kamar Mandi Gantung Luxurious Flower 10 g,10.200
2418,Kebutuhan Rumah,Pengharum Ruangan & Anti Lembab,Stella Pocket Pengharum Ruangan Kamar Mandi Gantung Green Apple 10 g,10.200
2419,Kebutuhan Rumah,Pengharum Ruangan & Anti Lembab,Stella Pengharum Ruangan Gantung Balinese Jasmine Sensation 42 + 13 g,12.500
2420,Kebutuhan Rumah,Pengharum Ruangan & Anti Lembab,Stella Pengharum Ruangan Aerosol Japanese Sakura 350 ml,28.900
2421,Kebutuhan Rumah,Pengharum Ruangan & Anti Lembab,Stella Pengharum Ruangan Gantung Jeju Orange 42 g,12.500
2422,Kebutuhan Rumah,Pengharum Ruangan & Anti Lembab,Stella Pengharum Ruangan Aerosol Jeju Orange 350 ml,28.900
2423,Kebutuhan Rumah,Pengharum Ruangan & Anti Lembab,Stella Pengharum Ruangan Gantung Apple 42 g,12.500
2424,Kebutuhan Rumah,Pengharum Ruangan & Anti Lembab,Glade Refill Pengharum Ruangan Otomatis Ocean Escape 146 g,40.100
2425,Kebutuhan Rumah,Pengharum Ruangan & Anti Lembab,Alfamart Kamper Lemari 300 g,30.900
2426,Kebutuhan Rumah,Pengharum Ruangan & Anti Lembab,Stella Pengharum Ruangan Otomatis Alat + Refill Assorted 25 ml,25.900
2427,Kebutuhan Rumah,Pengharum Ruangan & Anti Lembab,Fresly Pengharum Ruangan Aerosol Fresh Morning 225 ml,24.900
2428,Kebutuhan Rumah,Pengharum Ruangan & Anti Lembab,Stella Pengharum Ruangan Otomatis Lavender Bloom Refill 25 ml,14.900
2429,Kebutuhan Rumah,Pengharum Ruangan & Anti Lembab,Swallow Kamper Lemari Anti Bau Putih 300 g,31.300
2430,Kebutuhan Rumah,Pengharum Ruangan & Anti Lembab,Glade Refill Pengharum Ruangan Otomatis Peony & Berry 146 g,
2431,Kebutuhan Rumah,Pengharum Ruangan & Anti Lembab,BayFresh Reed Diffuser Pengharum Ruangan Vanilla Bean Refill 30 ml,31.500
2432,Kebutuhan Rumah,Pengharum Ruangan & Anti Lembab,BayFresh Reed Diffuser Pengharum Ruangan Amber Lavender Refill 30 ml,31.500
2433,Kebutuhan Rumah,Pengharum Ruangan & Anti Lembab,Dahlia Pengharum Ruangan Otomatis Cendana Padmasana Refill 225 ml,29.900
2434,Kebutuhan Rumah,Pengharum Ruangan & Anti Lembab,Bayfresh Men Series Reed Diffuser Pengharum Ruangan Forest 30 ml,58.000
2435,Kebutuhan Rumah,Pengharum Ruangan & Anti Lembab,Bayfresh Men Series Reed Diffuser Pengharum Ruangan Midnight 30 ml,58.000
2436,Kebutuhan Rumah,Pengharum Ruangan & Anti Lembab,Bayfresh Traveling Series Reed Diffuser Pengharum Ruangan Japanese Matcha 30 ml,46.900
2437,Kebutuhan Rumah,Pengharum Ruangan & Anti Lembab,Bayfresh Traveling Series Reed Diffuser Pengharum Ruangan Korean Magnolia 30 ml,46.900
2438,Kebutuhan Rumah,Pengharum Ruangan & Anti Lembab,Bayfresh Traveling Series Reed Diffuser Pengharum Ruangan Java Tea 30 ml,46.900
2439,Kebutuhan Rumah,Pengharum Ruangan & Anti Lembab,Dahlia Reed Diffuser Pengharum Ruangan Teh Keraton 30 ml,43.900
2440,Kebutuhan Rumah,Pengharum Ruangan & Anti Lembab,Dahlia Reed Diffuser Pengharum Ruangan Cendana Padmasana Refill 30 ml,29.000
2441,Kebutuhan Rumah,Pengharum Ruangan & Anti Lembab,Glade Pengharum Ruangan Aerosol Jasmine Tea 350 ml,27.000
2442,Kebutuhan Rumah,Pengharum Ruangan & Anti Lembab,Glade Scented Gel Pengharum Ruangan Jasmine Tea 180 g,21.900
2443,Kebutuhan Rumah,Pengharum Ruangan & Anti Lembab,Dahlia Reed Diffuser Pengharum Ruangan Serai Kencana 30 ml,43.900
2444,Kebutuhan Rumah,Pengharum Ruangan & Anti Lembab,Dahlia Reed Diffuser Pengharum Ruangan Serai Kencana Refill 30 ml,29.000
2445,Kebutuhan Rumah,Pengharum Ruangan & Anti Lembab,BayFresh Pop Scent Pengharum Kamar Mandi Gantung Clean 10 g,6.900
2446,Kebutuhan Rumah,Pengharum Ruangan & Anti Lembab,Kaori Pengharum Ruangan Gel Spring Sakura 50 g + 15 g,8.000
2447,Kebutuhan Rumah,Pengharum Ruangan & Anti Lembab,BayFresh Pop Scent Pengharum Kamar Mandi Gantung Lovely 10 g,6.900
2448,Kebutuhan Rumah,Pengharum Ruangan & Anti Lembab,Kaori Pengharum Ruangan Gel Sweet Powder 50 g + 15 g,6.500
2449,Kebutuhan Rumah,Pengharum Ruangan & Anti Lembab,Bayfresh Pop Scent Pengharum Kamar Mandi Gantung Joy 10 g,6.900
2450,Kebutuhan Rumah,Pengharum Ruangan & Anti Lembab,Glade Pengharum Ruangan Gantung Elegant Vanilla & Oud Wood 70 g,10.500
2451,Kebutuhan Rumah,Pengharum Ruangan & Anti Lembab,Bagus Serap Air Box 450 ml,27.900
2452,Kebutuhan Rumah,Pengharum Ruangan & Anti Lembab,Kaori Pengharum Ruangan Aerosol Spring Sakura 240 ml,14.300
2453,Kebutuhan Rumah,Pengharum Ruangan & Anti Lembab,Kaori Pengharum Ruangan Aerosol Sweet Powder 240 ml,11.900
2454,Kebutuhan Rumah,Pengharum Ruangan & Anti Lembab,Dahlia Pengharum Ruangan Gantung Cendana Padmasana 75 g,10.500
2455,Kebutuhan Rumah,Pengharum Ruangan & Anti Lembab,Bagus Anti Bau Lemari 50 g,8.500
2456,Kebutuhan Rumah,Pengharum Ruangan & Anti Lembab,Dahlia Reed Diffuser Pengharum Ruangan Teh Keraton Refill 30 ml,27.000
2457,Kebutuhan Rumah,Pembasmi Hama & Serangga,Fumakilla Vape Plus Fumakilla Refill Obat Nyamuk Elektrik Fruity Fresh 45 ml,15.500
2458,Kebutuhan Rumah,Pembasmi Hama & Serangga,Fumakilla One Push Vape Obat Nyamuk Aerosol Purple Orchid 10 ml,19.900
2459,Kebutuhan Rumah,Pembasmi Hama & Serangga,Fumakilla Vape Premium Obat Nyamuk Bakar Jumbo 5 pcs,5.600
2460,Kebutuhan Rumah,Pembasmi Hama & Serangga,Baygon Obat Nyamuk Aerosol Citrus Fresh 400 ml,25.900
2461,Kebutuhan Rumah,Pembasmi Hama & Serangga,Baygon Coil Jumbo Max Obat Nyamuk Bakar Demam Berdarah Fresh Scent 5 pcs,4.900
2462,Kebutuhan Rumah,Pembasmi Hama & Serangga,HIT Mat Obat Nyamuk Elektrik Ekonomis,14.100
2463,Kebutuhan Rumah,Pembasmi Hama & Serangga,Baygon Max Obat Nyamuk Bakar Lavender Jumbo 5 pcs,5.300
2464,Kebutuhan Rumah,Pembasmi Hama & Serangga,HIT Mat Obat Nyamuk Elektrik 48 pcs,17.600
2465,Kebutuhan Rumah,Pembasmi Hama & Serangga,Baygon Obat Nyamuk Aerosol Silky Lavender 400 ml,33.500
2466,Kebutuhan Rumah,Pembasmi Hama & Serangga,Bagus Kapur Ajaib Anti Kecoa & Semut 12 x 3.5 g,21.500
2467,Kebutuhan Rumah,Pembasmi Hama & Serangga,HIT Mat Obat Nyamuk Elektrik 18 pcs,9.300
2468,Kebutuhan Rumah,Pembasmi Hama & Serangga,HIT Magic Expert Obat Nyamuk Bakar Floral Blossom 10 pcs,6.500
2469,Kebutuhan Rumah,Pembasmi Hama & Serangga,Baygon Obat Nyamuk Aerosol Flower Garden 200 ml,21.200
2470,Kebutuhan Rumah,Pembasmi Hama & Serangga,Fumakilla Vape Obat Nyamuk Cair Elektrik Sweet Powder Refill 45 ml,15.500
2471,Kebutuhan Rumah,Pembasmi Hama & Serangga,Baygon Max Obat Nyamuk Aerosol Cherry Berry Island 500 ml,31.900
2472,Kebutuhan Rumah,Pembasmi Hama & Serangga,Baygon Obat Nyamuk Aerosol Flower Garden 600 + 75 ml,32.900
2473,Kebutuhan Rumah,Pembasmi Hama & Serangga,Baygon Obat Nyamuk Aerosol Citrus Fresh 600 + 75 ml,32.900
2474,Kebutuhan Rumah,Pembasmi Hama & Serangga,Fumakilla Vape Obat Nyamuk Cair Elektrik Sakura Blossom Refill 45 ml,19.600
2475,Kebutuhan Rumah,Pembasmi Hama & Serangga,Vape Dora Lem Perangkap Tikus 1 pc,12.900
2476,Kebutuhan Rumah,Pembasmi Hama & Serangga,Fumakilla Vape Obat Nyamuk Cair Elektrik Fruity Fresh Refill 45 ml,16.900
2477,Kebutuhan Rumah,Pembasmi Hama & Serangga,Fumakilla One Push Vape Obat Nyamuk Aerosol Lemon 10 ml,25.500
2478,Kebutuhan Rumah,Pembasmi Hama & Serangga,Fumakilla Vape Plus Fumakilla Obat Nyamuk Elektrik Alat + Refill Fruity Fresh 45 ml,15.900
2479,Kebutuhan Rumah,Pembasmi Hama & Serangga,HIT Obat Nyamuk Aerosol Cotton Powder 600 ml,33.900
2480,Kebutuhan Rumah,Pembasmi Hama & Serangga,HIT Xpress Obat Nyamuk Cair Elektrik Pink Blossom Refill 35 ml,15.400
2481,Kebutuhan Rumah,Pembasmi Hama & Serangga,HIT Obat Nyamuk Aerosol Pink Blossom 400 ml,25.900
2482,Kebutuhan Rumah,Pembasmi Hama & Serangga,HIT Obat Nyamuk Aerosol Orange 600 ml,33.900
2483,Kebutuhan Rumah,Pembasmi Hama & Serangga,HIT Xpress Obat Nyamuk Cair Elektrik Apel Refill 35 ml,15.400
2484,Kebutuhan Rumah,Pembasmi Hama & Serangga,HIT Obat Nyamuk Aerosol Pink Blossom 600 ml,33.900
2485,Kebutuhan Rumah,Pembasmi Hama & Serangga,HIT Expert Obat Nyamuk Aerosol Fresh Citrus 600 ml,33.900
2486,Kebutuhan Rumah,Pembasmi Hama & Serangga,HIT Obat Nyamuk Aerosol Orange 180 ml,17.900
2487,Kebutuhan Rumah,Pembasmi Hama & Serangga,HIT Non Stop Obat Nyamuk Cair Elektrik Fresh Refill 35 ml,15.400
2488,Kebutuhan Rumah,Pembasmi Hama & Serangga,Bagus Lem Ajaib Perangkap Tikus,14.200
2489,Kebutuhan Rumah,Pembasmi Hama & Serangga,Baygon Obat Nyamuk Aerosol Japanese Peach 600 ml,32.900
2490,Kebutuhan Rumah,Pembasmi Hama & Serangga,HIT Obat Nyamuk Aerosol Lily Blossom 180 ml,17.900
2491,Kebutuhan Rumah,Pembasmi Hama & Serangga,HIT Obat Nyamuk Aerosol Lily Blossom 400 ml,25.900
2492,Kebutuhan Rumah,Pembasmi Hama & Serangga,HIT Obat Nyamuk Aerosol Lily Blossom 600 ml,33.900
2493,Kebutuhan Rumah,Pembasmi Hama & Serangga,Cap Gajah Lem Perangkap Tikus 70 g,15.600
2494,Kebutuhan Rumah,Pembasmi Hama & Serangga,Baygon Obat Nyamuk Aerosol Cherry Blossom 600 ml,32.900
2495,Kebutuhan Rumah,Pembasmi Hama & Serangga,HIT Obat Nyamuk Aerosol Japanese Sakura 600 ml,33.900
2496,Kebutuhan Rumah,Pembasmi Hama & Serangga,Fumakilla Vape Obat Nyamuk Cair Fruity Fresh Refill 45 ml,19.600
2497,Kebutuhan Rumah,Pembasmi Hama & Serangga,HIT Non Stop Obat Nyamuk Elektrik Ekonomis Alat + Refill,17.500
2498,Kebutuhan Rumah,Pembasmi Hama & Serangga,HIT Xpress Obat Nyamuk Cair Elektrik Apel Alat + Refill 35 ml,16.900
2499,Kebutuhan Rumah,Pembasmi Hama & Serangga,Fumakilla Vape Premium Obat Nyamuk Bakar Jumbo 5 Pcs,
2500,Kebutuhan Rumah,Pembasmi Hama & Serangga,Manguni Obat Nyamuk Bakar Jumbo Merah 5 pcs,
2501,Kebutuhan Rumah,Pembasmi Hama & Serangga,Manguni Obat Nyamuk Bakar Jumbo Hijau 5 pcs,
2502,Kebutuhan Rumah,Pembasmi Hama & Serangga,Baygon Obat Nyamuk Waterbased 500 ml,
2503,Kebutuhan Rumah,Pembasmi Hama & Serangga,HIT Obat Nyamuk Aerosol Lavender Breeze 600 ml,
2504,Kebutuhan Rumah,Pembasmi Hama & Serangga,HIT Obat Anti Kecoa Aerosol Fresh 150 ml,18.500
2505,Kebutuhan Rumah,Pembasmi Hama & Serangga,Fumakilla Vape Plus Obat Nyamuk Aerosol Orange Breeze 500 ml,24.900
2506,Kebutuhan Rumah,Pembasmi Hama & Serangga,Fumakilla One Push Vape Obat Nyamuk Aerosol Orange 10 ml,19.900
2507,Kebutuhan Rumah,Pembasmi Hama & Serangga,Baygon Obat Nyamuk Aerosol Silky Lavender 750 ml,54.500
2508,Kebutuhan Rumah,Pembasmi Hama & Serangga,Baygon Max Obat Nyamuk Aerosol Matcha Paradise 500 ml,29.900
2509,Kebutuhan Rumah,Pembasmi Hama & Serangga,HoyHoy Perangkap Kecoa 5 pcs,40.500
2510,Kebutuhan Rumah,Pembasmi Hama & Serangga,Hogasan Cairan Anti Serangga 200 ml,79.900
2511,Kebutuhan Rumah,Pembasmi Hama & Serangga,Baygon Obat Nyamuk Aerosol Citrus Fresh 750 ml,54.500
2512,Kebutuhan Rumah,Pembasmi Hama & Serangga,Baygon Obat Nyamuk Aerosol Flower Garden 750 ml,54.500
2513,Kebutuhan Rumah,Pembasmi Hama & Serangga,HIT Obat Nyamuk Aerosol Lily Blossom 750 ml,36.900
2514,Kebutuhan Rumah,Pembasmi Hama & Serangga,Baygon Obat Nyamuk Cair Elektrik Lavender Alat + Refill 22 ml,14.900
2515,Kebutuhan Rumah,Pembasmi Hama & Serangga,NoMos Obat Nyamuk Aerosol Elegant Lily 600 ml,27.900
2516,Kebutuhan Rumah,Pembasmi Hama & Serangga,NoMos Obat Nyamuk Aerosol Sweet Powder 600 ml,27.900
2517,Kebutuhan Rumah,Pembasmi Hama & Serangga,Fumakilla Vape Obat Nyamuk Aerosol Fruity Fresh 600 ml,33.900
2518,Kebutuhan Rumah,Pembasmi Hama & Serangga,Fumakilla Vape Obat Nyamuk Aerosol Sweet Powder Aroma 600 ml,33.900
2519,Kebutuhan Rumah,Pembasmi Hama & Serangga,Baygon Max Obat Nyamuk Aerosol Floral Fantasy 500 ml,31.900
2520,Kebutuhan Rumah,Pembasmi Hama & Serangga,Fumakilla Vape Obat Pembasmi Nyamuk Aerosol Milk Tea 600 ml,33.900
2521,Kebutuhan Rumah,Pembasmi Hama & Serangga,Fumakilla Vape Obat Nyamuk Floral Bubble Aerosol 600 ml,33.900
2522,Kebutuhan Rumah,Pembasmi Hama & Serangga,Fumakilla Vape Obat Nyamuk Semprot Fresh Orange 600 ml,33.900
2523,Kebutuhan Rumah,Pembasmi Hama & Serangga,Fumakilla Vape Obat Nyamuk Aerosol Candy Flower 600 ml,
2524,Kebutuhan Rumah,Pembasmi Hama & Serangga,HIT Obat Nyamuk Aerosol Orange 750 ml,36.900
2525,Makanan,Makanan Ringan,Wonhae Mini Bites Camilan Rasa Matcha Berry 30 g,11.400
2526,Makanan,Makanan Ringan,Qtela Keripik Singkong Barbekiu 175 g,18.200
2527,Makanan,Makanan Ringan,Delfi Take-it Wafer Dairy Milk 2 x 35 g,13.200
2528,Makanan,Makanan Ringan,Garuda Ting Ting Permen Kacang 125 g,13.500
2529,Makanan,Makanan Ringan,NyamNyam Popstix Cokelat 48 g,8.000
2530,Makanan,Makanan Ringan,KuSuka Keripik Singkong Balado 180 g,15.800
2531,Makanan,Makanan Ringan,Rebo Kuaci Biji Bunga Matahari Green Tea 120 g,17.600
2532,Makanan,Makanan Ringan,Paroti Brownie Crust Brownies Kering Choco Chips Pouch 43 g,8.900
2533,Makanan,Makanan Ringan,Ny. Lie Lie Kerupuk Palembang 150 g,12.700
2534,Makanan,Makanan Ringan,Super Zuper Permen Asam Assorted 125 g,11.600
2535,Makanan,Makanan Ringan,Yava YA'Bar Snack Bar Peanut Caramel 28 g,8.900
2536,Makanan,Makanan Ringan,Alfamart Kacang Atom Oven 150 g,19.200
2537,Makanan,Makanan Ringan,Khong Guan Malkist Abon Sapi 125 g,8.900
2538,Makanan,Makanan Ringan,Pringles Keripik Kentang Keju Cheesy Kaleng 42 g,14.700
2539,Makanan,Makanan Ringan,Yupi Permen Gummy Burger Mini 105 g,15.400
2540,Makanan,Makanan Ringan,KIS Permen Mint Anggur 75 g,8.700
2541,Makanan,Makanan Ringan,Fuzo Snack Kuaci Rasa Susu 140 g,14.500
2542,Makanan,Makanan Ringan,Delfi Treasures Cokelat Susu 30 g - Beli 1 Gratis 1,14.600
2543,Makanan,Makanan Ringan,Oreo Mini Biskuit Sandwich Cokelat 58.4 g,8.900
2544,Makanan,Makanan Ringan,SilverQueen Chunky Bar Cokelat Almond 26 g,11.100
2545,Makanan,Makanan Ringan,Alfamart Kacang Koro Kupas 130 g,11.000
2546,Makanan,Makanan Ringan,Roma Malkist Crackers Kelapa Kopyor 105 g,9.700
2547,Makanan,Makanan Ringan,Delfi Dairy Cokelat Susu Batang 40 g,11.900
2548,Makanan,Makanan Ringan,Khong Guan Crackers Krim 300 g,19.600
2549,Makanan,Makanan Ringan,Sugus Stick Permen Lunak Stroberi 30 g,5.000
2550,Makanan,Makanan Ringan,Dilan Kue Kering Cookies Choco Chip 69 g,9.500
2551,Makanan,Makanan Ringan,Slai O'lai Biskuit Selai Bluberi 192 g,13.600
2552,Makanan,Makanan Ringan,SilverQueen Cokelat Susu Batang Fruit & Nuts 22 g,11.100
2553,Makanan,Makanan Ringan,Pocky Crushed Fruits Biskuit Stik Blueberry Yogurt 38 g,13.100
2554,Makanan,Makanan Ringan,Chupa Chups Fun Mix Permen Jeli 90 g,16.600
2555,Makanan,Makanan Ringan,Oishi Rin-Bee Stik Keju 130 g,15.800
2556,Makanan,Makanan Ringan,Chupa Chups Big Babol Permen Karet Stik 5 pcs,3.800
2557,Makanan,Makanan Ringan,Nadasuka Keripik Usus Gurih 180 g,
2558,Makanan,Makanan Ringan,GRES Keripik Jamur Pouch 100 g,
2559,Makanan,Makanan Ringan,unidos Makaroni Lada Hitam 68 g,
2560,Makanan,Makanan Ringan,Real Food Camilan Freeze Dried Apple 18 g,
2561,Makanan,Makanan Ringan,Paroti Brownie Crust Brownies Kering Kacang Cashew Pouch 53 g,
2562,Makanan,Makanan Ringan,CemCem Popcorn Keju Bakar 75 g,
2563,Makanan,Makanan Ringan,Snek Ku Shoyuemi Camilan Mi Rumput Laut 70 g,
2564,Makanan,Makanan Ringan,Snek Ku Shoyuemi Camilan Mi Ayam 70 g,
2565,Makanan,Makanan Ringan,Mamee Smax Cheese Ring Ghost Pepper 40 g,
2566,Makanan,Makanan Ringan,Maicih Keripik Basreng Pedas 80 g,
2567,Makanan,Makanan Ringan,My Buddy Fruit Permen Donat 8 g,
2568,Makanan,Makanan Ringan,Pocky Biskuit Stik Summer Paradise Peach 29 g,
2569,Makanan,Makanan Ringan,Khong Guan Saltcheese Combociz Crackres Krim Keju 175 g,
2570,Makanan,Makanan Ringan,Happy Toy Permen Aneka Rasa 8 g,
2571,Makanan,Makanan Ringan,D'kah Snack Keripik Ubi Ungu Wijen Pouch 100 g,
2572,Makanan,Makanan Ringan,Lucky Banana King Keripik Pisang Pouch 75 g,
2573,Makanan,Makanan Ringan,Basranger Stik Basreng 100 g,
2574,Makanan,Makanan Ringan,DTry Bolu Kering 100 g,
2575,Makanan,Makanan Ringan,Yanti H Keripik Tempe 150 g,
2576,Makanan,Makanan Ringan,Kooti Keripik Jamur Ayam Bawang Pouch 70 g,
2577,Makanan,Makanan Ringan,Yuro Stik Keju Ulir Pouch 58 g,
2578,Makanan,Makanan Ringan,Sipulut Keripik Tortilla Original 45 g,
2579,Makanan,Makanan Ringan,Putri Home Cooking Sagon Bakar Original 100 g,
2580,Makanan,Makanan Ringan,Ubaey Keripik Tempe Original 100 g,
2581,Makanan,Makanan Ringan,Chitato Keripik Kentang Rasa Rendang Sapi 62 g,
2582,Makanan,Makanan Ringan,Pejoy Biskuit Stik Cokelat Italian Style Tiramisu 30 g,
2583,Makanan,Makanan Ringan,Nextar Choco Pie Keik Cokelat Isi Marshmallow 3 x 24 g,
2584,Makanan,Makanan Ringan,nabati Richoco Bites Wafer Krim Cokelat 115 g,12.000
2585,Makanan,Makanan Ringan,Mister Potato Keripik Kentang Sapi Panggang Kaleng 85 g,18.800
2586,Makanan,Makanan Ringan,Yupi Permen Gummy Bentuk Pizza 23 g,4.300
2587,Makanan,Makanan Ringan,Milkita Permen Susu Assorted 105 g,12.500
2588,Makanan,Makanan Ringan,CemCem Popcorn Karamel 55 g,8.200
2589,Makanan,Makanan Ringan,FRUTA GUMMY Permen Bervitamin 6 Mix Variants 45 g,5.300
2590,Makanan,Makanan Ringan,KitKat Original Cokelat Wafer Batang 4F 35 g,14.200
2591,Makanan,Makanan Ringan,Pringles Keripik Kentang Smokey Grilled Steak Kaleng 102 g,28.700
2592,Makanan,Makanan Ringan,Chupa Chups Big Babol Permen Karet Stick Tutti Frutti 5 pcs,3.800
2593,Makanan,Makanan Ringan,Milkita Permen Susu Lolipop Biru Assorted 3 x 8.5 g,5.700
2594,Makanan,Makanan Ringan,Francis Kacang Almond Panggang Asin Garam Laut 31 g,11.600
2595,Makanan,Makanan Ringan,Delfi Bar Bar Wafer Share Pack 80 g,12.900
2596,Makanan,Makanan Ringan,KOALA-LA Permen Gula Kapas Blueberi 10 g,5.900
2597,Makanan,Makanan Ringan,Ovaltine Cookies Cokelat Malt 130 g,16.800
2598,Makanan,Makanan Ringan,Chomp-Chomp Mallow Puff Marshmallow Bluberi 50 g,11.000
2599,Makanan,Makanan Ringan,M&M's Cokelat Susu isi Rice Crispy 30 g,13.800
2600,Makanan,Makanan Ringan,Mister Potato Keripik Kentang Rumput Laut Kaleng 85 g,18.800
2601,Makanan,Makanan Ringan,Alfamart Rumput Laut Panggang Pedas 2 x 4.5 g,11.900
2602,Makanan,Makanan Ringan,Piattos Snack Kentang Sambal Geprek 65 g,11.900
2603,Makanan,Makanan Ringan,Kinder Creamy Cokelat Krim Susu dengan Crispy Rice 19 g,10.100
2604,Makanan,Makanan Ringan,SilverQueen White Cokelat Batang Very Berry Yoghurt 22 g,13.600
2605,Makanan,Makanan Ringan,Alfamart Makaroni Panggang 200 g,18.200
2606,Makanan,Makanan Ringan,BonCabe Snack Kulit Pangsit Level 10 70 g,7.700
2607,Makanan,Makanan Ringan,Wonhae Cokelat Rasa Pistachio Choco Bites 30 g,16.900
2608,Makanan,Makanan Ringan,Soyjoy Snack Bar Cheese Danish 28 g,10.800
2609,Makanan,Makanan Ringan,Oishi Popcorn Cokelat 100 g,18.600
2610,Makanan,Makanan Ringan,Yupi Permen Gummy Fruit Cocktails 24 g,4.300
2611,Makanan,Makanan Ringan,Biskies Cheezy Crackers Keju 96 g,5.500
2612,Makanan,Makanan Ringan,Happydent Permen Cool White 24 g,9.200
2613,Makanan,Makanan Ringan,Wonhae Mini Bites Camilan Rasa Strawberry Cheesecake 30 g,11.400
2614,Makanan,Makanan Ringan,Paroti Brownies Kering Cokelat Keju Crust 43 g,8.900
2615,Makanan,Makanan Ringan,Strepsils Rasa Menthol Permen Tablet Hisap Pelega Tenggorokan 8 pcs,23.400
2616,Makanan,Makanan Ringan,Nissin Biskuit Butter Coconut 200 g,12.900
2617,Makanan,Makanan Ringan,Tango Wafer Cokelat Royal 99 g,12.200
2618,Makanan,Makanan Ringan,Khong Guan Saltcheese Crackers Keju Manis Pedas 200 g,11.500
2619,Makanan,Makanan Ringan,Lidi Geli Pedas 50 g,10.100
2620,Makanan,Makanan Ringan,Yupi Permen Gummy Aneka Rasa 93 g,15.400
2621,Makanan,Makanan Ringan,garuda Rosta Maxx Kacang Panggang Rasa Barbekiu & Rumput Laut 80 g,10.900
2622,Makanan,Makanan Ringan,Qtela Keripik Singkong Original 175 g,18.000
2623,Makanan,Makanan Ringan,Mr. hottest Maitos Tortilla Sambal Balado 140 g,12.200
2624,Makanan,Makanan Ringan,Milo Activ Biskuit Original Pouch 128 g,21.700
2625,Makanan,Makanan Ringan,Chocolito Cookies Mini Chocochips Original 2 x 19 g,7.000
2626,Makanan,Makanan Ringan,Hi Fruit Permen Gummy Buah Anggur Ungu 25 g,4.000
2627,Makanan,Makanan Ringan,Kokola Olezz Crackers Choco Party 100 g,8.600
2628,Makanan,Makanan Ringan,Choco Pie Keik Marshmallow 2 x 28 g,8.500
2629,Makanan,Makanan Ringan,Yeko Puding Jeli Cokelat 125 g,8.000
2630,Makanan,Makanan Ringan,Japota Keripik Kentang Sapi Panggang 68 g,8.900
2631,Makanan,Makanan Ringan,HAPPYDENT White Mint Permen 60 g,14.700
2632,Makanan,Makanan Ringan,Japota Keripik Kentang Umami Japanese Seaweed 68 g,8.900
2633,Makanan,Makanan Ringan,Potabee Keripik Kentang Ayam Bakar 65 g,8.900
2634,Makanan,Makanan Ringan,Mister Potato K-Razy Kick Keripik Kentang Pedas Asem 106 g,15.000
2635,Makanan,Makanan Ringan,Japota Keripik Kentang Original 68 g,8.900
2636,Makanan,Makanan Ringan,Garuda Crunchy Keripik Kentang Twister Rasa Barbekiu 60 g,8.400
2637,Makanan,Makanan Ringan,Lay's Wavy Keripik Kentang Rasa Daging Sapi Bakar 105 g,19.400
2638,Makanan,Makanan Ringan,Chuba Keripik Ubi Rasa Jagung Manis 45 g,8.900
2639,Makanan,Makanan Ringan,Taro Net Rumput Laut 115 g,16.100
2640,Makanan,Makanan Ringan,Richeese Keripik Kentang Waffle Rasa Rich Burger 54 g,
2641,Makanan,Makanan Ringan,Lemonilo Chimi Keripik Ubi Jagung Balado 41 g,10.000
2642,Makanan,Makanan Ringan,Dua Kelinci Tic Tac Kacang Pilus Rumput Laut 80 g,6.900
2643,Makanan,Makanan Ringan,Monde Shortbread Biskuit Rasa Mentega 115 g,11.900
2644,Makanan,Makanan Ringan,Momogi Makanan Ringan Stik Jagung Bakar 10 x 12 g,10.500
2645,Makanan,Makanan Ringan,Japota Keripik Kentang Rasa Nipis Pedas 68 g,8.900
2646,Makanan,Makanan Ringan,KrisBee Kentang Goreng 65 g,8.400
2647,Makanan,Makanan Ringan,Mr. hottest Maitos Tortilla Mi Goreng 125 g,11.900
2648,Makanan,Makanan Ringan,Japota Keripik Kentang Happy Honey Butter 68 g,8.900
2649,Makanan,Makanan Ringan,Richeese Keripik Kentang Waffle Rasa Classic Barbeque 54 g,9.500
2650,Makanan,Makanan Ringan,SilverQueen Cokelat Susu Batang Fruit & Nuts 52 g,21.100
2651,Makanan,Makanan Ringan,LOTTE Xylitol Permen Karet Jeruk Nipis Mint 26.1 g,9.700
2652,Makanan,Makanan Ringan,Lotte Xylitol Fresh Mint 26.1 g,9.600
2653,Makanan,Makanan Ringan,FOX'S Crystal Clear Permen Berries 90 g,9.300
2654,Makanan,Makanan Ringan,Chacha Minis Cokelat Susu Police 25 g,6.900
2655,Makanan,Makanan Ringan,Kokola Kukis Rasa Kelapa 218 g,10.700
2656,Makanan,Makanan Ringan,Fitbar Protein Bar Cokelat 25 g,10.900
2657,Makanan,Makanan Ringan,Dilan Biskuit Sandwich Fresh Pack 60 g,9.100
2658,Makanan,Makanan Ringan,Chacha Cokelat Susu 35 g,8.500
2659,Makanan,Makanan Ringan,PEZ Permen Assorted 17 g,31.900
2660,Makanan,Makanan Ringan,Hi Fruit Permen Gummy Buah Anggur Hijau 25 g,4.000
2661,Makanan,Makanan Ringan,Milkita Permen Milk Lolipop Assorted 108 g,14.400
2662,Makanan,Makanan Ringan,Chacha Minis Cokelat Susu 25 g,6.900
2663,Makanan,Makanan Ringan,Big Foot Himalaya Permen Salt Lemon 15 g,4.700
2664,Makanan,Makanan Ringan,Inaco Jeli Mini 25 pcs,15.300
2665,Makanan,Makanan Ringan,Blaster Neapolitan Permen Stroberi Vanila 100 g,9.600
2666,Makanan,Makanan Ringan,"Fruzz Permen Jeli Gummy Apel, Anggur & Melon 36 g",6.900
2667,Makanan,Makanan Ringan,Fox's Crystal Clear Permen Buah-buahan 90 g,9.300
2668,Makanan,Makanan Ringan,Woods' Peppermint Lozenges Permen Extra Strong Original 15 g,9.800
2669,Makanan,Makanan Ringan,Cannon Ball Permen Cokelat 40 g,5.600
2670,Makanan,Makanan Ringan,Hatari See Hong Puff Malkist Crackers Rasa Kelapa 245 g,10.300
2671,Makanan,Makanan Ringan,Relaxa Play Permen Gummy Dino 80 g,17.900
2672,Makanan,Makanan Ringan,Pejoy Biskuit Stik Cokelat 37 g,9.300
2673,Makanan,Makanan Ringan,Alpenliebe Eclairs Permen Cokelat Karamel 126 g,19.600
2674,Makanan,Makanan Ringan,Khong Guan Assorted Biskuit 300 g,21.800
2675,Makanan,Makanan Ringan,Khong Guan Saltcheese Combo Crackers + Wafer 10 x 17 g,15.600
2676,Makanan,Makanan Ringan,Potabee Keripik Kentang Bistik Sapi Wagyu 65 g,8.900
2677,Makanan,Makanan Ringan,Taro Net Kentang Barbekiu 115 g,16.100
2678,Makanan,Makanan Ringan,Mr. hottest Maitos Tortilla Barbekiu 140 g,12.200
2679,Makanan,Makanan Ringan,Chuba Keripik Ubi Rasa Madu 45 g,8.900
2680,Makanan,Makanan Ringan,Nissin Crackers Krispi Rasa Lemon 200 g,12.800
2681,Makanan,Makanan Ringan,Biskies Cheezy Crackers Barbekiu 96 g,5.500
2682,Makanan,Makanan Ringan,Cimory Eat Milk Puding Susu Rasa Marie Biskuit 80 g,6.600
2683,Makanan,Makanan Ringan,nabati Richeese Wafer Krim Keju 75 g,7.000
2684,Makanan,Makanan Ringan,Cimory Eat Milk Puding Susu Rasa Matcha 80 g,6.600
2685,Makanan,Makanan Ringan,Chocolito Cookies Mini Chocochips Rich Choco 2 x 19 g,7.000
2686,Makanan,Makanan Ringan,Milo Activ Biskuit Rasa Original 104 g,9.900
2687,Makanan,Makanan Ringan,Lucky Stick Biskuit Stick Cokelat Premium 35 g,10.100
2688,Makanan,Makanan Ringan,Cimory Eat Milk Puding Susu Rasa Cokelat Hazelnut 80 g,6.600
2689,Makanan,Makanan Ringan,Cimory Eat Milk Puding Susu Rasa Cokelat 80 g,6.600
2690,Makanan,Makanan Ringan,Wafello Wafer Karamel Mentega 95 g,10.300
2691,Makanan,Makanan Ringan,SilverQueen White Cokelat Very Berry Yoghurt 55 g,19.900
2692,Makanan,Makanan Ringan,Delfi Chic Choc Biskuit Cokelat 36 g,11.100
2693,Makanan,Makanan Ringan,LOTTE XYLITOL Permen Karet Bluberi Mint 55.1 g,19.300
2694,Makanan,Makanan Ringan,Chacha Cokelat Susu Kacang 35 g,8.500
2695,Makanan,Makanan Ringan,Garuda Kacang Rosta Jagung Bakar 95 g,11.000
2696,Makanan,Makanan Ringan,Chupa Chups Big Babol Permen Karet Tongue Painter 20 g,3.500
2697,Makanan,Makanan Ringan,Jetz Makanan Ringan Choco Fiesta 65 g,7.000
2698,Makanan,Makanan Ringan,Oishi Rin-Bee Stik Keju 60 g,8.700
2699,Makanan,Makanan Ringan,nabati Richoco Wafer Krim Cokelat 75 g,
2700,Makanan,Makanan Ringan,Chupa Chups Permen Jeli Sour Crazy Raffe Stroberi Vanila 30 g,
2701,Makanan,Makanan Ringan,Tango Brownies Krispi Cokelat Mini Bites 5 x 20 g,22.500
2702,Makanan,Makanan Ringan,Relaxa Permen Wangi Assorted Tropical Fruit 150 g,12.500
2703,Makanan,Makanan Ringan,Momogi Fun Snack 120 g,13.000
2704,Makanan,Makanan Ringan,Tong Garden Kacang Telur Rasa Wijen Pedas 45 g,7.900
2705,Makanan,Makanan Ringan,Oishi Rin-Bee Stik Keju 60 g,8.700
2706,Makanan,Makanan Ringan,Nissin Walens Sus Kering Isi Cokelat 100 g,11.500
2707,Makanan,Makanan Ringan,Tao Kae Noi Big Sheet Crispy Seaweed Klasik 3.2 g,5.800
2708,Makanan,Makanan Ringan,Nextar Brownies Cookies Cokelat 8 x 11.25 g,9.800
2709,Makanan,Makanan Ringan,Roma Sari Gandum Biskuit 149 g,10.500
2710,Makanan,Makanan Ringan,Alfamart Kentang Goreng 62 g,6.000
2711,Makanan,Makanan Ringan,Chitato Keripik Kentang Sapi Panggang 65 g,12.400
2712,Makanan,Makanan Ringan,Fitbar Snack Bar Fruits Delight 20 g,6.000
2713,Makanan,Makanan Ringan,Lay's Keripik Kentang Rasa Rumput Laut 45 g,10.200
2714,Makanan,Makanan Ringan,Chitato Lite Keripik Kentang Rumput Laut 68 g,12.200
2715,Makanan,Makanan Ringan,SMax Ring Camilan Rasa Keju 40 g,5.800
2716,Makanan,Makanan Ringan,Gemez Enaak Snack Mi Premium 22 g,2.000
2717,Makanan,Makanan Ringan,SilverQueen Cokelat Susu Batang Cashew 52 g,18.200
2718,Makanan,Makanan Ringan,Chiki Twist Makanan Ringan Jagung Bakar 75 g,7.200
2719,Makanan,Makanan Ringan,Happy Tos Keripik Tortilla Original 140 g,11.600
2720,Makanan,Makanan Ringan,Paroti Malkist Crackers 102 g,6.200
2721,Makanan,Makanan Ringan,Piattos Snack Kentang Sapi Panggang 35 g,6.700
2722,Makanan,Makanan Ringan,Cheetos Makanan Ringan Rasa Jagung Bakar Keju 60 g,7.500
2723,Makanan,Makanan Ringan,SilverQueen Cokelat Susu Batang Almond 52 g,13.500
2724,Makanan,Makanan Ringan,French Fries 2000 Kentang Goreng 24 g,4.500
2725,Makanan,Makanan Ringan,Cheetos Makanan Ringan Rasa Keju 60 g,7.700
2726,Makanan,Makanan Ringan,Bella Mr. P Cokelat Batang Honey Roasted Cashew Nut 45 g,10.400
2727,Makanan,Makanan Ringan,Monde Serena Snack Gold 60 g,5.400
2728,Makanan,Makanan Ringan,Oishi Kraker Udang Pedas Makanan Ringan 60 g,8.700
2729,Makanan,Makanan Ringan,Roma Biskuit Kelapa 300 g,12.000
2730,Makanan,Makanan Ringan,Fitbar Snack Bar Choco Delight 20 g,6.000
2731,Makanan,Makanan Ringan,Happy Tos Keripik Tortilla Jagung Bakar 55 g,5.300
2732,Makanan,Makanan Ringan,SilverQueen Chunky Bar Cokelat Cashew 82 g,26.500
2733,Makanan,Makanan Ringan,Munchy's Lexus Biskuit Sandwich Krim Cokelat 76 g,9.900
2734,Makanan,Makanan Ringan,Taro Net Rumput Laut 62 g,9.200
2735,Makanan,Makanan Ringan,Tos Tos Keripik Tortilla Jagung Bakar 140 g,12.300
2736,Makanan,Makanan Ringan,Chitato Lite Keripik Kentang Rumput Laut 115 g,17.800
2737,Makanan,Makanan Ringan,Chiki Balls Makanan Ringan Crafty Cheese 50 g,7.200
2738,Makanan,Makanan Ringan,Oishi Poppy Pop Jagung Bakar 60 g,8.700
2739,Makanan,Makanan Ringan,Good Time Cookies Double Cokelat 72 g,9.900
2740,Makanan,Makanan Ringan,Potabee Keripik Kentang Rumput Laut Panggang 65 g,8.900
2741,Makanan,Makanan Ringan,Tango Wafer Long Susu Vanila 100 g,6.900
2742,Makanan,Makanan Ringan,Floaty Camilan Original Rasa Bawang 60 g,10.200
2743,Makanan,Makanan Ringan,Gery Snack Bantal Cokelat 75 g,9.500
2744,Makanan,Makanan Ringan,Pocky Biskuit Stik Stroberi 39 g,9.800
2745,Makanan,Makanan Ringan,Hatari See Hong Puff Malkist Crackers 245 g,10.200
2746,Makanan,Makanan Ringan,Chupa Chups Permen Lolipop Krim Calcivita 10.5 g,2.300
2747,Makanan,Makanan Ringan,Lay's Wavy Keripik Kentang Rasa Daging Sapi Bakar 45 g,10.200
2748,Makanan,Makanan Ringan,Lemonilo Brownies Krispi Cokelat 33 g,13.700
2749,Makanan,Makanan Ringan,Beng-Beng Share It Wafer Rice Crispy Cokelat 10 x 8 g,16.900
2750,Makanan,Makanan Ringan,KuSuka Keripik Ubi Madu 42 g,9.200
2751,Makanan,Makanan Ringan,Regal Biskuit Marie Superior 120 g,13.800
2752,Makanan,Makanan Ringan,Chiki Puffs Makanan Ringan Cheddar Cheese 60 g,7.200
2753,Makanan,Makanan Ringan,Biskuat Biskuit Cokelat 106.4 g,7.900
2754,Makanan,Makanan Ringan,Alfamart Big Nori Camilan Rumput Laut Goreng Original 3.2 g,5.200
2755,Makanan,Makanan Ringan,Pocky Biskuit Stik Cokelat 40 g,9.800
2756,Makanan,Makanan Ringan,Tao Kae Noi Seasoned Laver Nori Rasa Original 2 x 4 g,17.000
2757,Makanan,Makanan Ringan,Monde Biskuit Egg Drops 110 g,10.000
2758,Makanan,Makanan Ringan,Lemonilo Camilan Brownies Crunchy Cokelat 18 g,5.500
2759,Makanan,Makanan Ringan,Dua Kelinci Tic Tac Pilus Sapi Panggang 80 g,7.600
2760,Makanan,Makanan Ringan,Khong Guan Mini Biskuit Assorted Merah Kaleng 650 g,55.900
2761,Makanan,Makanan Ringan,Nissin Wafer Cokelat Kaleng 570 g,47.900
2762,Makanan,Makanan Ringan,Monde Cookies Mentega Biru Kaleng 454 g,72.400
2763,Makanan,Makanan Ringan,Khong Guan Biskuit Assorted Merah Kaleng 1.6 kg,106.500
2764,Makanan,Makanan Ringan,Yupi Gummy Candies Stroberi Kiss Toples 240 g,26.500
2765,Makanan,Makanan Ringan,Chacha Cokelat Susu 20 g,6.300
2766,Makanan,Makanan Ringan,Pringles Keripik Kentang Original 102 g,28.700
2767,Makanan,Makanan Ringan,Roma Malkist Abon Crackers 105 g,10.100
2768,Makanan,Makanan Ringan,Lemonilo Chimi Keripik Ubi Jagung Bakar 41 g,10.000
2769,Makanan,Makanan Ringan,Wonhae Milk Bites Camilan Rasa Cokelat Pisang 60 g,9.400
2770,Makanan,Makanan Ringan,Oreo Biskuit Sandwich Vanila 140 g,11.900
2771,Makanan,Makanan Ringan,Oreo Babymonster Biskuit Sandwich Marshmallow Creme 2 x 110.4 g,10.000
2772,Makanan,Makanan Ringan,Roma Sari Gandum Biskuit Sandwich Susu & Cokelat 108 g,12.200
2773,Makanan,Makanan Ringan,Oreo Babymonster Biskuit Sandwich Original 105 g,10.500
2774,Makanan,Makanan Ringan,SilverQueen Cokelat Susu Batang Cashew 22 g,10.300
2775,Makanan,Makanan Ringan,Nissin Crackers Krispi 250 g,12.800
2776,Makanan,Makanan Ringan,Fitbar Snack Bar Tiramisu Delight 20 g,6.000
2777,Makanan,Makanan Ringan,Nextar Choco Pie Keik Cokelat Isi Marshmallow 6 x 24 g,18.200
2778,Makanan,Makanan Ringan,Dua Kelinci Sukro Kacang Atom Barbekiu 95 g,8.900
2779,Makanan,Makanan Ringan,SilverQueen Chunky Bar Cokelat Cashew 26 g,10.900
2780,Makanan,Makanan Ringan,Alfamart Popcorn Karamel 75 g,10.900
2781,Makanan,Makanan Ringan,Taro Net Cheesy Mexican Jalapeno 60 g,9.000
2782,Makanan,Makanan Ringan,Selamat Wafer Krim Cokelat 128 g,16.800
2783,Makanan,Makanan Ringan,Brio Go! Potato Biskuit Kentang Original 56 g,6.100
2784,Makanan,Makanan Ringan,Roma Malkist Crackers 105 g,10.100
2785,Makanan,Makanan Ringan,nabati Richeese Bites Wafer Krim Keju 135 g,11.900
2786,Makanan,Makanan Ringan,Delfi Big Thunder Cookie Bar Cokelat 36 g,9.200
2787,Makanan,Makanan Ringan,KuSuka Keripik Ubi Barbeque 42 g,9.200
2788,Makanan,Makanan Ringan,Nextar Nastar Cookies Selai Nanas 8 x 11.25 g,9.800
2789,Makanan,Makanan Ringan,Potabee Keripik Kentang Barbekiu Pedas 65 g,8.900
2790,Makanan,Makanan Ringan,Fox's Permen Gummy Emoti Pops Love & Angry 35 g,4.900
2791,Makanan,Makanan Ringan,Fox's Permen Gummy Emoti Pops Happy & Sad 35 g,4.900
2792,Makanan,Makanan Ringan,WONG COCO My Jelly Assorted 15 x 14 g,9.100
2793,Makanan,Makanan Ringan,Alfamart Kacang Almond 65 g,17.900
2794,Makanan,Makanan Ringan,Piattos Snack Kentang Sapi Panggang 65 g,11.900
2795,Makanan,Makanan Ringan,Oreo Space Dunk Biskuit Sandwich Ice Cream 105 g,10.500
2796,Makanan,Makanan Ringan,Yupi Permen Gummy Neon Stix 45 g,4.900
2797,Makanan,Makanan Ringan,Happy Tos Keripik Tortilla Hijau 140 g,13.700
2798,Makanan,Makanan Ringan,NyamNyam Bubble Puff Cokelat 18 g,5.200
2799,Makanan,Makanan Ringan,Biskuat Bites Biskuit Cokelat 35 g,5.200
2800,Makanan,Makanan Ringan,Chitato Keripik Kentang Keju 65 g,12.400
2801,Makanan,Makanan Ringan,Joa-Yo Rumput Laut Korea Ekstra Besar 5 g,4.900
2802,Makanan,Makanan Ringan,Pocky Biskuit Stik Matcha 33 g,9.800
2803,Makanan,Makanan Ringan,Yupi Permen Gummy Baby Bears 45 g,4.900
2804,Makanan,Makanan Ringan,Japota Keripik Kentang Madu Mentega 120 g,16.200
2805,Makanan,Makanan Ringan,SilverQueen Cokelat Susu Batang Almond 22 g,10.300
2806,Makanan,Makanan Ringan,Oreo Mini Biskuit Sandwich Original 58.4 g,8.900
2807,Makanan,Makanan Ringan,Taro Net Rumput Laut 32 g,5.200
2808,Makanan,Makanan Ringan,Alfamart Rumput Laut Panggang Original 2 x 4.5 g,11.900
2809,Makanan,Makanan Ringan,Alfamart Twiscorn Snack Jagung Bakar 65 g,5.900
2810,Makanan,Makanan Ringan,Doritos Makanan Ringan Rasa Jagung Bakar 120 g,13.100
2811,Makanan,Makanan Ringan,Chuba Keripik Singkong Sambal Balado 125 g,13.300
2812,Makanan,Makanan Ringan,SIDOMUNCUL Tolak Angin Herbal Peppermint Lozenges Permen Pelega Tenggorokan 5 pcs,4.000
2813,Makanan,Makanan Ringan,Tricks Biskuit Kentang Rasa Original 4 x 15 g,7.200
2814,Makanan,Makanan Ringan,TINI WINI BITI Biskuit Stroberi 38 g,7.000
2815,Makanan,Makanan Ringan,Yupi Permen Gummy Stroberi Kiss 45 g,4.900
2816,Makanan,Makanan Ringan,garuda Rosta Kacang Panggang Rasa Bawang 95 g,11.200
2817,Makanan,Makanan Ringan,Nabati Siip Bite Snack Rasa Cokelat 85 g,22.500
2818,Makanan,Makanan Ringan,Oreo Babymonster Biskuit Sandwich Marshmallow Creme 110.4 g,5.000
2819,Makanan,Makanan Ringan,Gizzi Milk Wafer Selection Kaleng Assorted 240 g,24.200
2820,Makanan,Makanan Ringan,Bibigo Camilan Rumput Laut Rasa Original 2 x 4 g,11.200
2821,Makanan,Makanan Ringan,Fox's Crystal Clear Permen Berries Kaleng 170 g,24.900
2822,Makanan,Makanan Ringan,Fox's Crystal Clear Permen Buah-buahan Kaleng 170 g,24.900
2823,Makanan,Makanan Ringan,Milo Cube Snack Cokelat 67.5 g,14.500
2824,Makanan,Makanan Ringan,Good Time Family Selection Cookies Rasa Cokelat 159 g,13.900
2825,Makanan,Makanan Ringan,Kobe BonCabe Makaroni Krispi Level 15 135 g,11.400
2826,Makanan,Makanan Ringan,Amero Rice Bites Krekers Beras Cokelat 65 g,8.900
2827,Makanan,Makanan Ringan,Paroti Roti Soes Snack Cokelat 72 g,12.900
2828,Makanan,Makanan Ringan,Biskies Crackers Sandwich Biskuit Cheese 96 g,9.200
2829,Makanan,Makanan Ringan,Qtela Keripik Tempe Cabai Rawit 55 g,8.800
2830,Makanan,Makanan Ringan,Roma Biskuit Kelapa Fresh Pack 138 g,9.800
2831,Makanan,Makanan Ringan,nabati Richoco Bites Wafer Krim Cokelat Box 135 g,11.900
2832,Makanan,Makanan Ringan,Monde Cookies Mentega 150 g,24.800
2833,Makanan,Makanan Ringan,Chupa Chups Panda Bears Permen Jeli 45 g,3.900
2834,Makanan,Makanan Ringan,nabati Richeese Wafer Krim Keju 110 g,7.200
2835,Makanan,Makanan Ringan,Mister Potato Keripik Kentang Original Kaleng 85 g,18.800
2836,Makanan,Makanan Ringan,Garuda Ocorn Snack Rasa Sea Salt 84 g,12.200
2837,Makanan,Makanan Ringan,Chocolatos Rich Wafer Roll Isi Krim Cokelat Berlapis Cokelat 54 g,9.700
2838,Makanan,Makanan Ringan,Regal Biskuit Marie Superior 230 g,25.500
2839,Makanan,Makanan Ringan,Chiki Twist Camilan Jagung Bakar 120 g,10.500
2840,Makanan,Makanan Ringan,Piattos Snack Kentang Sapi Panggang 115 g,16.300
2841,Makanan,Makanan Ringan,Taro Net Kentang Barbekiu 62 g,9.200
2842,Makanan,Makanan Ringan,SilverQueen Chunky Bar Cokelat Almond 82 g,26.500
2843,Makanan,Makanan Ringan,Biskies Sandwich Crackers Biskuit Cokelat 96 g,9.200
2844,Makanan,Makanan Ringan,Nissin Wafer Cokelat 110 g,9.900
2845,Makanan,Makanan Ringan,Lay's Keripik Kentang Rasa Rumput Laut 64 g,14.100
2846,Makanan,Makanan Ringan,nabati Richeese Bites Wafer Krim Keju 115 g,12.200
2847,Makanan,Makanan Ringan,Chitato Keripik Kentang Beef Mala 65 g,12.200
2848,Makanan,Makanan Ringan,Potabee Keripik Kentang Sapi Panggang Barbekiu 65 g,9.100
2849,Makanan,Makanan Ringan,Oreo Space Dunk Biskuit Sandwich Cokelat 105 g,10.500
2850,Makanan,Makanan Ringan,Doritos Makanan Ringan Rasa Jagung Bakar 55 g,7.800
2851,Makanan,Makanan Ringan,Oishi Sponge Crunch Cokelat 100 g,15.000
2852,Makanan,Makanan Ringan,Fitbar Multigrain Bar Keju Delight 20 g,6.000
2853,Makanan,Makanan Ringan,Dua Kelinci Sukro Kacang Oven Bawang 95 g,8.900
2854,Makanan,Makanan Ringan,Dua Kelinci Tic Tac Pilus Mix 80 g,7.600
2855,Makanan,Makanan Ringan,Alfamart Pilus Keju 150 g,15.900
2856,Makanan,Makanan Ringan,Twister Minis Wafer Roll Black Vanilla 70 g,7.900
2857,Makanan,Makanan Ringan,Cheetos Makanan Ringan Rasa Jagung Bakar Keju 120 g,13.100
2858,Makanan,Makanan Ringan,Alfamart Makaroni Ulir Pedas 150 g,14.600
2859,Makanan,Makanan Ringan,Nextar Choco Pie Keik Stroberi Isi Marshmallow 6 x 26 g,17.900
2860,Makanan,Makanan Ringan,ASTOR Wafer Stick Double Cokelat 40 g,8.100
2861,Makanan,Makanan Ringan,Brio Go Potato Biskuit Kentang Box 104 g,10.100
2862,Makanan,Makanan Ringan,Cheetos Makanan Ringan Rasa Keju 120 g,13.100
2863,Makanan,Makanan Ringan,Wonhae Topokki Snack Creamy Rose 80 g,10.700
2864,Makanan,Makanan Ringan,TINI WINI BITI Biskuit Cokelat 38 g,7.000
2865,Makanan,Makanan Ringan,Tos Tos Keripik Tortilla Nacho Cheese 130 g,12.300
2866,Makanan,Makanan Ringan,Delfi Orion K Rice Crackers Beras Rumput Laut Pouch 47.4 g,12.500
2867,Makanan,Makanan Ringan,KuSuka Keripik Singkong Barbekiu 60 g,7.200
2868,Makanan,Makanan Ringan,Monde Bourbon Biskuit Gandum Cokelat 140 g,11.900
2869,Makanan,Makanan Ringan,Floaty Snack Bantal Rasa Terserah 60 g,10.000
2870,Makanan,Makanan Ringan,Alfamart Basreng Stik Pedas 120 g,15.000
2871,Makanan,Makanan Ringan,Tango Wafer Sassy Stroberi 100 g,6.900
2872,Makanan,Makanan Ringan,Snickers Cokelat Batang 51 g,14.700
2873,Makanan,Makanan Ringan,A.T.B Biskuit Marie Susu 180 g,7.700
2874,Makanan,Makanan Ringan,Chiki Popcorn Camilan Salted Caramel 72 g,14.900
2875,Makanan,Makanan Ringan,Khong Guan Saltcheese Crackers 200 g,11.500
2876,Makanan,Makanan Ringan,Oishi Sponge Crunch Ubi 100 g,15.000
2877,Makanan,Makanan Ringan,Amero Rice Bites Krekers Beras Sapi Panggang 65 g,8.900
2878,Makanan,Makanan Ringan,Chupa Chups Cool Cola Permen Jeli 45 g,3.900
2879,Makanan,Makanan Ringan,Monde Serena Egg Rolls 70 g,14.600
2880,Makanan,Makanan Ringan,Paroti Malkist Cackers Salut Krim Cokelat 105 g,8.700
2881,Makanan,Makanan Ringan,Biskuat Biskuit Original 106.4 g,7.900
2882,Makanan,Makanan Ringan,Hello Panda Biskuit Stroberi 42 g,9.300
2883,Makanan,Makanan Ringan,Hello Panda Biskuit Krim Cokelat 42 g,9.300
2884,Makanan,Makanan Ringan,Regal Biskuit Marie Kaleng 550 g,56.500
2885,Makanan,Makanan Ringan,Inaco Jeli Mini 15 pcs,9.400
2886,Makanan,Makanan Ringan,NyamNyam Fantasy Stik Cokelat 25 g,5.200
2887,Makanan,Makanan Ringan,Relaxa Permen Wangi Barley Mint 108 g,8.300
2888,Makanan,Makanan Ringan,Pringles Snack Keripik Kentang Salt & Seaweed 102 g,28.300
2889,Makanan,Makanan Ringan,Hello Panda Biskuit Rasa Cookies & Cream 42 g,9.300
2890,Makanan,Makanan Ringan,Tic Tic Stik Renyah Rasa Bawang 70 g,8.400
2891,Makanan,Makanan Ringan,French Fries 2000 Kentang Goreng Pedas Level 3 128 g,15.900
2892,Makanan,Makanan Ringan,Alfamart Kerupuk Seblak Pedas 150 g,14.800
2893,Makanan,Makanan Ringan,Dilan Cokelat Crunchy Karamel Mini Pack 85 g,10.900
2894,Makanan,Makanan Ringan,Oreo Space Dunk Biskuit Sandwich Stroberi 105 g,10.500
2895,Makanan,Makanan Ringan,Astor Wafer Stick Cokelat Double 150 g,21.500
2896,Makanan,Makanan Ringan,Pocky Biskuit Stik Susu Vanila 39 g,9.800
2897,Makanan,Makanan Ringan,garuda Kacang Atom Original 100 g,11.100
2898,Makanan,Makanan Ringan,Khong Guan Malkist Crackers Superco 138 g,8.900
2899,Makanan,Makanan Ringan,Wong Coco Puding Mini 168 g,8.900
2900,Makanan,Makanan Ringan,Monde Genji Biskuit Pai Original 70 g,13.600
2901,Makanan,Makanan Ringan,Biskies Sandwich Biskuit Oat Gandum Kurma 108 g,10.100
2902,Makanan,Makanan Ringan,Nextar Choco Pie Keik Stroberi Isi Marshmallow 3 x 26 g,8.900
2903,Makanan,Makanan Ringan,Imperial Creme Biskuit Bluberi & Krim 108 g,8.900
2904,Makanan,Makanan Ringan,Cho Cho Wafer Roll Cokelat Meses Cup 15 g,3.700
2905,Makanan,Makanan Ringan,Hatari Biskuit Krim Kacang 225 g,12.200
2906,Makanan,Makanan Ringan,nabati Richoco Wafer Krim Cokelat 110 g,7.200
2907,Makanan,Makanan Ringan,Tao Kae Noi Big Sheet Rumput Laut Krispi Pedas 3.2 g,5.800
2908,Makanan,Makanan Ringan,Chitato Keripik Kentang Indomie Goreng 65 g,12.400
2909,Makanan,Makanan Ringan,Dua Kelinci Tic Tac Kacang Pilus Mie Goreng 80 g,7.600
2910,Makanan,Makanan Ringan,Qtela Keripik Tempe Original 55 g,8.800
2911,Makanan,Makanan Ringan,Piattos Snack Kentang Oseng Mercon 69 g,11.700
2912,Makanan,Makanan Ringan,KOPIKO Permen Kopi 105 g,11.200
2913,Makanan,Makanan Ringan,Suki Stik Ayam Kecap 85 g,9.400
2914,Makanan,Makanan Ringan,Hello Panda Biskuit Krim Double Cokelat 42 g,9.300
2915,Makanan,Makanan Ringan,Mari Cafe Permen Kopi Rasa Cappuccino 35 g,7.300
2916,Makanan,Makanan Ringan,Monde Piebis Biskuit Almond 190 g,12.300
2917,Makanan,Makanan Ringan,Beng-Beng Wafer Rice Crispy Cokelat 3 x 20 g,10.200
2918,Makanan,Makanan Ringan,KuSuka Keripik Ubi Keju Balado 42 g,8.900
2919,Makanan,Makanan Ringan,Tricks Biskuit Kentang Rasa Ramyeon Keju 4 x 15 g,7.200
2920,Makanan,Makanan Ringan,Ritz Sandwich Crackers Cokelat 91 g,10.100
2921,Makanan,Makanan Ringan,Roma Malkist Crackers Cokelat Belgian Style 90 g,10.300
2922,Makanan,Makanan Ringan,Alfamart Kacang Campur 150 g,15.900
2923,Makanan,Makanan Ringan,Selamat Wafer Sandwich Cokelat Double 128 g,16.600
2924,Makanan,Makanan Ringan,Taro Net Mix Teriyaki Barbekiu 65 g,9.200
2925,Makanan,Makanan Ringan,Alfamart Twiscorn Snack Jagung Balado 65 g,5.900
2926,Makanan,Makanan Ringan,Tropicana Slim Cookies Keju Hokkaido Sachet 20 g,6.700
2927,Makanan,Makanan Ringan,SilverQueen Bites Cokelat Susu Almond 30 g,12.200
2928,Makanan,Makanan Ringan,Oishi Pillows Ubi 100 g,13.500
2929,Makanan,Makanan Ringan,Pocky Biskuit Stik Susu Cokelat 39 g,9.500
2930,Makanan,Makanan Ringan,Japota Keripik Kentang Umami Japanese Seaweed 115 g,16.200
2931,Makanan,Makanan Ringan,Slai O'lai Biskuit Selai Stroberi 128 g,8.800
2932,Makanan,Makanan Ringan,Twister Minis Wafer Roll Cokelat 70 g,7.900
2933,Makanan,Makanan Ringan,Oishi Popcorn Karamel 100 g,18.600
2934,Makanan,Makanan Ringan,Regal Biskuit Marie Cokelat Belgia 64 g,12.600
2935,Makanan,Makanan Ringan,Tango Wafer Long Cokelat 100 g,6.900
2936,Makanan,Makanan Ringan,Chitato Keripik Kentang Sapi Panggang 35 g,7.500
2937,Makanan,Makanan Ringan,Finna Pars Kerupuk Udang Rumput Laut 40 g,7.200
2938,Makanan,Makanan Ringan,Unibis Bon Bon Biskuit Krim Cokelat 191 g,7.900
2939,Makanan,Makanan Ringan,Munchy's Lexus Biskuit Sandwich Krim Keju 190 g,29.900
2940,Makanan,Makanan Ringan,Delbi's Lovy Assorted Cookies Coffeeccino & Chocobutter 280 g,21.000
2941,Makanan,Makanan Ringan,Gery Saluut Crackers Malkist Matcha Latte 100 g,7.500
2942,Makanan,Makanan Ringan,Cho Cho Wafer Roll Cokelat Vanila Cup 15 g,3.700
2943,Makanan,Makanan Ringan,Inaco Assorted Dessert Jeli & Puding Gift Box 600 g,22.500
2944,Makanan,Makanan Ringan,Choki Choki Pasta Cokelat Chococashew 36 g,5.900
2945,Makanan,Makanan Ringan,Beng-Beng Maxx Wafer Rice Crispy Cokelat 32 g,6.700
2946,Makanan,Makanan Ringan,Pringles Keripik Kentang Original Kaleng 102 g + 42 g,27.500
2947,Makanan,Makanan Ringan,Biskies Sandwich Crackers Biskuit Vanilla 108 g,9.200
2948,Makanan,Makanan Ringan,Chocolatos Delight Wafer Roll Cokelat 90 g,13.400
2949,Makanan,Makanan Ringan,Ovaltine Wafer Malty Bites Pouch 100 g,13.600
2950,Makanan,Makanan Ringan,KuSuka Keripik Singkong Rumput Laut 60 g,7.200
2951,Makanan,Makanan Ringan,Lay's Wavy Keripik Kentang Rasa Daging Sapi Bakar 64 g,14.100
2952,Makanan,Makanan Ringan,MintZ Permen Chewy Peppermint 99 g,8.900
2953,Makanan,Makanan Ringan,Delfi Take-it Big Wafer Cokelat 2 x 33 g,12.900
2954,Makanan,Makanan Ringan,Taro Net Kentang Barbekiu 32 g,5.200
2955,Makanan,Makanan Ringan,Garuda Pilus Mi Goreng 85 g,5.800
2956,Makanan,Makanan Ringan,Kinder Joy Cokelat Krispi dengan Kejutan Girls 20 g,18.200
2957,Makanan,Makanan Ringan,Delfi Maltitos Biskuit Malt Crunch Cokelat 26 g,7.900
2958,Makanan,Makanan Ringan,Pocky Biskuit Stik Double Cokelat 39 g,9.800
2959,Makanan,Makanan Ringan,Imperial Creme Biskuit Krim Assorted 21 x 8 g,15.900
2960,Makanan,Makanan Ringan,Pringles Keripik Kentang Sour Cream & Onion Kaleng 102 g,28.700
2961,Makanan,Makanan Ringan,Kata Oma Telur Gabus Rasa Gula Aren 50 g,10.000
2962,Makanan,Makanan Ringan,Nissin Walens Sus Krim Bluberi 100 g,11.500
2963,Makanan,Makanan Ringan,HEXOS Permen Mint 8 x 2.5 g,4.300
2964,Makanan,Makanan Ringan,Alfamart Kuaci Original 150 g,15.600
2965,Makanan,Makanan Ringan,Milkita Bites Permen Susu 24 g,4.500
2966,Makanan,Makanan Ringan,Gizzi Wafer Cokelat Susu 122 g,9.900
2967,Makanan,Makanan Ringan,Pocky Biskuit Stik Cookies & Cream 40 g,9.800
2968,Makanan,Makanan Ringan,Brio Go! Potato Biskuit Kentang Barbekiu 49 g,5.800
2969,Makanan,Makanan Ringan,Kata Oma Telur Gabus Rasa Keju 50 g,10.000
2970,Makanan,Makanan Ringan,CHOCO PIE Marshmallow Soft Cake 6 x 28 g,15.600
2971,Makanan,Makanan Ringan,Milkita Milky Snack Bar Original 15 g,4.400
2972,Makanan,Makanan Ringan,Potabee Keripik Kentang Sapi Panggang Barbekiu 120 g,16.200
2973,Makanan,Makanan Ringan,Better Biskuit Sandwich Fun Bites Krim Vanila 100 g,11.200
2974,Makanan,Makanan Ringan,Snickers Cokelat Batang 35 g,10.200
2975,Makanan,Makanan Ringan,Selamat Sandwich Wafer Black Vanilla 128 g,16.800
2976,Makanan,Makanan Ringan,Deka Mini Wafer Bites Ube 72 g,7.500
2977,Makanan,Makanan Ringan,Yupi WIld Safari Permen Jeli Aneka Rasa 44 g,4.900
2978,Makanan,Makanan Ringan,Rebo Kuaci Biji Bunga Matahari Original 120 g,17.600
2979,Makanan,Makanan Ringan,Tao Kae Noi Seasoned Laver Nori Rasa Pedas 2 x 4 g,17.000
2980,Makanan,Makanan Ringan,Better Fun Bites Biskuit Sandwich Cokelat Vanila Pouch 100 g,13.500
2981,Makanan,Makanan Ringan,Gery Saluut Malkist Crackers Keju 100 g,7.500
2982,Makanan,Makanan Ringan,Happy Tos Keripik Tortilla Pedas 140 g,11.600
2983,Makanan,Makanan Ringan,Pringles Keripik Kentang Keju Cheesy Kaleng 102 g,28.700
2984,Makanan,Makanan Ringan,Happy Tos Keripik Tortilla Jagung Bakar 140 g,13.600
2985,Makanan,Makanan Ringan,Roma Biskuit Sandwich Cokelat 157 g,10.800
2986,Makanan,Makanan Ringan,Superstar Wafer Full Cokelat 75 g,9.700
2987,Makanan,Makanan Ringan,Roma Biskuit Kelapa Krim Cokelat 186 g,14.900
2988,Makanan,Makanan Ringan,Chupa Chups Permen Lolipop Big Babol Gum 15 g,2.900
2989,Makanan,Makanan Ringan,Qtela Keripik Singkong Barbekiu 60 g,7.800
2990,Makanan,Makanan Ringan,PARAGO Milk Chewy Candy Permen Lunak Susu 108 g,8.900
2991,Makanan,Makanan Ringan,Mentos Fresh Action by Golia Permen Rasa Mint 84 g,6.500
2992,Makanan,Makanan Ringan,Khong Guan Wafer Cokelat Klasik 350 g,28.300
2993,Makanan,Makanan Ringan,mentos Permen Rainbow Roll 37 g,4.800
2994,Makanan,Makanan Ringan,garuda Rosta Kacang Panggang Pedas 70 g,11.200
2995,Makanan,Makanan Ringan,Alfamart Makaroni Extra Pedas 200 g,16.500
2996,Makanan,Makanan Ringan,Tango Brownies Crispy Rasa Cokelat Pouch 35 g,8.900
2997,Makanan,Makanan Ringan,NyamNyam Fantasy Stick Stroberi 25 g,5.200
2998,Makanan,Makanan Ringan,Lay's Wavy Keripik Kentang Rasa Rumput Laut Pedas 64 g,13.900
2999,Makanan,Makanan Ringan,Wong Coco My Jelly Star Toples 25 x 14 g,19.500
3000,Makanan,Makanan Ringan,Lotte Choco Pie Keik Cokelat Isi Marshmallow 12 x 28 g,20.900
3001,Makanan,Makanan Ringan,Delbi's Sunday Biskuit Special Sandwich 155.2 g,17.000
3002,Makanan,Makanan Ringan,Cadbury Dairy Milk Cokelat Susu Chunks 18 x 4.5 g,28.700
3003,Makanan,Makanan Ringan,Get Git Wafer Cokelat 102 g,7.600
3004,Makanan,Makanan Ringan,Delbis Delica Kukis Choco Dip 152 g,17.000
3005,Makanan,Makanan Ringan,garuda Kacang Atom Pedas 100 g,11.300
3006,Makanan,Makanan Ringan,Alfamart Pang-Pang Manis 150 g,12.500
3007,Makanan,Makanan Ringan,Qtela Keripik Singkong Balado 60 g,7.800
3008,Makanan,Makanan Ringan,Mister Potato Keripik Kentang Hitam Ghost Pepper Rasa Pedas Kaleng 40 g,13.700
3009,Makanan,Makanan Ringan,Alfamart Stik Talas 120 g,14.900
3010,Makanan,Makanan Ringan,Yupi Permen Gummy Little Star 45 g,4.900
3011,Makanan,Makanan Ringan,Nissin Lemonia Cookies 130 g,9.500
3012,Makanan,Makanan Ringan,TOP X-tra Large Wafer Rice Crispy Cokelat 32 g,3.900
3013,Makanan,Makanan Ringan,Chitato Keripik Kentang Ayam Bumbu 65 g,12.400
3014,Makanan,Makanan Ringan,Oishi Popcorn Belgian Butter Cheese 100 g,18.600
3015,Makanan,Makanan Ringan,Unibis See Hong Puff Malkist Crackers 247 g,8.900
3016,Makanan,Makanan Ringan,Khong Guan Saltcheese Combo Crackers + Wafer 175 g,12.700
3017,Makanan,Makanan Ringan,Cadbury Dairy Milk Cokelat Susu 22 g,10.200
3018,Makanan,Makanan Ringan,Jetz Makanan Ringan Tortilla Jagung Bakar 140 g,10.500
3019,Makanan,Makanan Ringan,Piattos Snack Kentang Rumput Laut Jumbo Pack 115 g,16.000
3020,Makanan,Makanan Ringan,KIS Permen Mint Cherry 75 g,8.700
3021,Makanan,Makanan Ringan,Sugus Stick Permen Lunak Blackcurrant 30 g,5.000
3022,Makanan,Makanan Ringan,Lemonilo Chimi Keripik Ubi Jagung Bakar 85 g,16.500
3023,Makanan,Makanan Ringan,KuSuka Keripik Singkong Barbekiu 180 g,15.900
3024,Makanan,Makanan Ringan,Ritz Sandwich Crackers Keju 91 g,10.100
3025,Makanan,Makanan Ringan,SilverQueen Chunky Bar White Cokelat Cashew 82 g,29.500
3026,Makanan,Makanan Ringan,Yupi Permen Gummy Bentuk Mi 23 g,4.300
3027,Makanan,Makanan Ringan,Chomp-Chomp Mallow Plain Marshmallow 50 g,8.900
3028,Makanan,Makanan Ringan,KuSuka Keripik Singkong Original 180 g,15.900
3029,Makanan,Makanan Ringan,Pringles Keripik Kentang Keju Cheesy Kaleng 102 g + 42 g,27.500
3030,Makanan,Makanan Ringan,Lemonilo Brownies Keju Krispi 33 g,13.700
3031,Makanan,Makanan Ringan,SilverQueen Bites Cokelat Susu Cashew 30 g,12.200
3032,Makanan,Makanan Ringan,NyamNyam Choco Vanilla 25 g (Re-packing Moo Milky Vanilla 25 g),5.200
3033,Makanan,Makanan Ringan,WONHAE Snack Banana Milk Bites 60 g,9.400
3034,Makanan,Makanan Ringan,Wafello Wafer Cokelat Blast 97.6 g,10.300
3035,Makanan,Makanan Ringan,Good Time Cookies Klasik 72 g,9.900
3036,Makanan,Makanan Ringan,Wonhae Topokki Snack Cheese Buldak 80 g,8.500
3037,Makanan,Makanan Ringan,Biskuat Bites Biskuit Original 35 g,5.300
3038,Makanan,Makanan Ringan,Soyjoy Snack Bar Almond & Cokelat 30 g,10.800
3039,Makanan,Makanan Ringan,Twistko Jagung Bakar 70 g,8.500
3040,Makanan,Makanan Ringan,Potabee Keripik Kentang Rumput Laut Panggang Sharing Pack 120 g,16.200
3041,Makanan,Makanan Ringan,Oishi Suky Suky Udang Manis Pedas 60 g,8.700
3042,Makanan,Makanan Ringan,Piattos Snack Kentang Sambal Geprek 115 g,16.300
3043,Makanan,Makanan Ringan,Dark Wonder Smooth Cokelat Hitam Almond Panggang 4 x 10 g,22.100
3044,Makanan,Makanan Ringan,Serena Togo Biskuit Cokelat 128 g,9.700
3045,Makanan,Makanan Ringan,Bumifood Quick Bites Camilan Stik Kepiitng 50 g,8.300
3046,Makanan,Makanan Ringan,Wong Coco Puding Mangga 120 g,4.800
3047,Makanan,Makanan Ringan,Kinder Joy Cokelat Krispi dengan Kejutan Boys 20 g,18.200
3048,Makanan,Makanan Ringan,Chomp-Chomp Mallow Puff Marshmallow Stroberi 50 g,11.000
3049,Makanan,Makanan Ringan,Munchy's Lexus Biskuit Sandwich Krim Cokelat 190 g,29.900
3050,Makanan,Makanan Ringan,Jagoan Neon Permen Lolipop Aneka Rasa 3 x 9 g,4.400
3051,Makanan,Makanan Ringan,Alfamart Pang-Pang Jagung Bakar 150 g,11.900
3052,Makanan,Makanan Ringan,Roma Sari Gandum Biskuit Sandwich Peanut Butter 108 g,12.200
3053,Makanan,Makanan Ringan,"Joa-Yo Rumput Laut Korea Pedas Ekstra Besar 4,8 g",4.900
3054,Makanan,Makanan Ringan,Yupi Permen Gummy Stroberi Kiss 110 g,12.900
3055,Makanan,Makanan Ringan,SilverQueen White Cokelat Green Tea Matcha 22 g,13.600
3056,Makanan,Makanan Ringan,Mari Cafe Permen Kopi Rasa Espresso 35 g,7.300
3057,Makanan,Makanan Ringan,Oishi Sponge Crunch Stroberi 100 g,15.000
3058,Makanan,Makanan Ringan,Oishi Popcorn Balado 100 g,18.000
3059,Makanan,Makanan Ringan,Alfamart Kacang Mede 60 g,16.500
3060,Makanan,Makanan Ringan,SilverQueen Chunky Minis Cokelat Cashew 80 g,30.900
3061,Makanan,Makanan Ringan,SilverQueen Chunky Cupid Love Cokelat 3 x 26 g,31.900
3062,Makanan,Makanan Ringan,Inaco Jeli Mini Rasa Jus Bucket 50 x 15 g,26.900
3063,Makanan,Makanan Ringan,Alfamart Yupi Albi 40 g,3.500
3064,Makanan,Makanan Ringan,Delfi Nockers Cokelat Nougat Rasa Caramel 2 x 35 g,12.100
3065,Makanan,Makanan Ringan,SilverQueen Chunky Minis Cokelat Cashew 80 g,30.900
3066,Makanan,Makanan Ringan,Mom's Recipe Silky Pudding Instan Taro 110 g,13.600
3067,Makanan,Makanan Ringan,mentos Permen Mint Roll 37 g,4.800
3068,Makanan,Makanan Ringan,Chupa Chups Permen Lolipop Melody Pops 15 g,4.100
3069,Makanan,Makanan Ringan,Alfamart Basreng Pedas 120 g,14.900
3070,Makanan,Makanan Ringan,Joa-Yo Rumput Laut Korea Roasted Original 4.5 g,5.900
3071,Makanan,Makanan Ringan,Nissin Walens Sus Krim Keju 100 g,13.200
3072,Makanan,Makanan Ringan,Gery Saluut Malkist Crackers Cokelat Kelapa 105 g,9.300
3073,Makanan,Makanan Ringan,mentos Fruit Permen Bag 108 g,9.000
3074,Makanan,Makanan Ringan,Piattos Snack Kentang Rumput Laut 65 g,11.900
3075,Makanan,Makanan Ringan,Maxicorn Keripik Tortila Barbekiu 130 g,12.200
3076,Makanan,Makanan Ringan,Qtela Keripik Singkong Balado 175 g,18.200
3077,Makanan,Makanan Ringan,Yupi Permen Gummy Exotic Mango 45 g,4.900
3078,Makanan,Makanan Ringan,Bumifood Quick Bites Camilan Tofu Ikan 60 g,8.300
3079,Makanan,Makanan Ringan,Alfamart Kacang Bawang 100 g,16.000
3080,Makanan,Makanan Ringan,Wonhae Gummy Cokelat Truffle Mixed Fruit 32 g,14.800
3081,Makanan,Makanan Ringan,KOALA-LA Permen Gula Kapas Stroberi 10 g,5.900
3082,Makanan,Makanan Ringan,Chuba Keripik Singkong Barbekiu 125 g,13.300
3083,Makanan,Makanan Ringan,KitKat Original Cokelat Wafer Batang 2F 17 g,7.100
3084,Makanan,Makanan Ringan,French Fries 2000 Kentang Goreng Pedas Level 3 60 g,7.900
3085,Makanan,Makanan Ringan,Dua Kelinci Kacang Kulit Garing 180 g,21.800
3086,Makanan,Makanan Ringan,Kobe BonCabe Makaroni Krispi Keju Nacho 135 g,11.400
3087,Makanan,Makanan Ringan,Milkita Milky Pudding Yogurt Susu 85 g,10.000
3088,Makanan,Makanan Ringan,CemCem Corn Shots Cokelat 55 g,6.700
3089,Makanan,Makanan Ringan,Milkita Milky Pudding Yogurt Stroberi 85 g,10.000
3090,Makanan,Makanan Ringan,Pringles Keripik Kentang Sour Cream & Onion Kaleng 102 g + 42 g,27.500
3091,Makanan,Makanan Ringan,garuda Kacang Kulit 180 g,22.500
3092,Makanan,Makanan Ringan,mentos Permen Mint Bag 108 g,9.100
3093,Makanan,Makanan Ringan,Cadbury Dairy Milk Cokelat Susu Cashew Nut 85 g,27.200
3094,Makanan,Makanan Ringan,Maxicorn Keripik Tortila Jagung Bakar 130 g,12.200
3095,Makanan,Makanan Ringan,Cadbury Dairy Milk Cokelat Susu 85 g,27.400
3096,Makanan,Makanan Ringan,Bumifood Quick Bites Camilan Odeng 60 g,8.300
3097,Makanan,Makanan Ringan,NyamNyam Smiley Biskuit Sandwich Cokelat 45 g,9.000
3098,Makanan,Makanan Ringan,NyamNyam Biskuit Stik Krim Cokelat Pisang 25 g,5.200
3099,Makanan,Makanan Ringan,Kinder Bueno Cokelat Susu Hazelnut 43 g,21.500
3100,Makanan,Makanan Ringan,AIM Biskuits Crackers Roasted Corn 180 g,14.100
3101,Makanan,Makanan Ringan,Chuba Keripik Singkong Rasa Keju 125 g,13.000
3102,Makanan,Makanan Ringan,Chitato Keripik Kentang Sapi Bumbu Bakar 65 g,12.400
3103,Makanan,Makanan Ringan,Lemonilo Brownies Krispi Stroberi Keju 33 g,13.700
3104,Makanan,Makanan Ringan,Yava YA'Bar Snack Bar Cokelat 28 g,5.900
3105,Makanan,Makanan Ringan,Chomp-Chomp Mallow Puff Marshmallow Peach 50 g,11.000
3106,Makanan,Makanan Ringan,Roma Biskuit Krim Kelapa 174 g,14.800
3107,Makanan,Makanan Ringan,Soyjoy Snack Bar Mochachoco Cashew 30 g,10.800
3108,Makanan,Makanan Ringan,Wonhae Permen Gummy Yogurt Original 48 g,9.500
3109,Makanan,Makanan Ringan,Pocky Biskuit Stik Cokelat Share Pack 7 x 20 g,27.900
3110,Makanan,Makanan Ringan,Tamarin Permen Sari Asam 81 g,10.300
3111,Makanan,Makanan Ringan,Roma Arden Cookies Cokelat Splendid 80 g,11.000
3112,Makanan,Makanan Ringan,KIS Permen Mint Apple Peach 75 g,8.700
3113,Makanan,Makanan Ringan,Lotte Choco Pie Keik Stroberi Isi Marshmallow 6 x 28 g,15.600
3114,Makanan,Makanan Ringan,Oreo Biskuit Sandwich Dark & White Chocolate 105 g,10.900
3115,Makanan,Makanan Ringan,Chiki Balls Makanan Ringan Cheeky Chicken 50 g,7.200
3116,Makanan,Makanan Ringan,Wonhae Camilan Topokki Keju Truffle Mayo 80 g,10.500
3117,Makanan,Makanan Ringan,Roma Biskuit Marie Gold 220 g,24.300
3118,Makanan,Makanan Ringan,Fisherman's Friend Permen Bebas Gula Spearmint 22 g,17.900
3119,Makanan,Makanan Ringan,Strepsils Soothing Lemon Madu Permen Pelega Tenggorokan 8 pcs,23.400
3120,Makanan,Makanan Ringan,Chitato Lite Keripik Kentang Ayam Bawang 65 g,
3121,Makanan,Makanan Ringan,Cadbury Dairy Milk Cokelat Susu Oreo 58.5 g,22.400
3122,Makanan,Makanan Ringan,Barbie Choco Snack Biskuit Assorted 45 g,3.500
3123,Makanan,Makanan Ringan,Cadbury Dairy Milk Cokelat Susu Aerasi Bubbly 46 g,17.500
3124,Makanan,Makanan Ringan,Mayasi Festive Treats Kacang Jepang Mixed Flavor 20 x 7 g,12.000
3125,Makanan,Makanan Ringan,Chupa Chups Big Babol Permen Karet Stik Rasa Bluberi 5 pcs,3.800
3126,Makanan,Makanan Ringan,Delfi Take It Share Pack Wafer Cokelat 56 g,17.900
3127,Makanan,Makanan Ringan,Tango Waffle Hazelnut Cokelat 3 x 25 g,8.500
3128,Makanan,Makanan Ringan,Gingerbon Permen Jahe Original 125 g,10.200
3129,Makanan,Makanan Ringan,Chupa Chups Sour Bites Permen Jeli Aneka Buah 56 g,12.000
3130,Makanan,Makanan Ringan,Milkita Permen Susu Lolipop Pink Assorted 3 x 8.5 g,5.700
3131,Makanan,Makanan Ringan,Monde Egg Rolls Original 110 g,19.900
3132,Makanan,Makanan Ringan,Frutivit Jeli Stik Bervitamin Aneka Rasa 3 x 20 g,4.700
3133,Makanan,Makanan Ringan,Alfamart Keripik Aneka Umbi 45 g,10.800
3134,Makanan,Makanan Ringan,Mentos Permen Feeling Berry Good Roll 37.8 g,4.800
3135,Makanan,Makanan Ringan,"Oreo Mini Biskuit Sandwich Stroberi 58,4 g",8.900
3136,Makanan,Makanan Ringan,Kinder Joy Cokelat Krispi dengan Kejutan DC Comics 20 g,18.100
3137,Makanan,Makanan Ringan,Gofress Lite Permen Strip Rasa Icy Melon 24 s,12.500
3138,Makanan,Makanan Ringan,Nissin Wafer Cokelat 325 g,24.000
3139,Makanan,Makanan Ringan,Chupa Chups Ocean Fun Permen Jeli 90 g,16.600
3140,Makanan,Makanan Ringan,Pocky Crushed Nuts Biskuit Stik Almond Dark Cokelat 25 g,13.100
3141,Makanan,Makanan Ringan,M&M's Cokelat Susu isi Kacang 37 g,13.800
3142,Makanan,Makanan Ringan,Yupi Permen Gummy Asam O'ringo 45 g,4.900
3143,Makanan,Makanan Ringan,MintZ Permen Chewy Duomint 99 g,8.900
3144,Makanan,Makanan Ringan,Oishi Crackers Udang Pedas 130 g,15.600
3145,Makanan,Makanan Ringan,Good Time Choco Dip Cookies Chocochips 71 g,10.900
3146,Makanan,Makanan Ringan,Good Time Cookies Kopi 72 g,9.900
3147,Makanan,Makanan Ringan,Oishi Poppy Pop Jagung Bakar 130 g,15.800
3148,Makanan,Makanan Ringan,L-Men Protein Bar Cokelat 22 g,14.200
3149,Makanan,Makanan Ringan,SilverQueen White Cokelat Green Tea Matcha 52 g,25.700
3150,Makanan,Makanan Ringan,Oreo Biskuit Sandwich Red Velvet 105 g,11.700
3151,Makanan,Makanan Ringan,Chupa Chups Sour Belt Permen Jeli Aneka Buah 7 g,2.800
3152,Makanan,Makanan Ringan,UBM Crackers Malkist Square Puff 350 g,16.400
3153,Makanan,Makanan Ringan,Kalpa Wafer Cokelat Share It Pouch 10 x 9 g,15.700
3154,Makanan,Makanan Ringan,Tango Wafer Susu Vanila 99 g,12.200
3155,Makanan,Makanan Ringan,Alfamart Popcorn Keju 65 gr,11.500
3156,Makanan,Makanan Ringan,TINI WINI BITI Biskuit Rainbow 57 g,10.000
3157,Makanan,Makanan Ringan,Ritz Crackers Original 100 g,7.400
3158,Makanan,Makanan Ringan,Tini Wini Biti Whizpy Biskuit Cokelat Susu 22 g,3.800
3159,Makanan,Makanan Ringan,Milkita Milky Snack Bar Cokelat Susu 15 g,4.400
3160,Makanan,Makanan Ringan,garuda Crunchy O'corn Roasted Jagung Bakar 84 g,12.200
3161,Makanan,Makanan Ringan,Roma Krim Crackers 107 g,10.000
3162,Makanan,Makanan Ringan,HAPPYDENT White Mint Permen Karet 14 g,5.200
3163,Makanan,Makanan Ringan,Yupi Permen Gummy Calci Bean 70 g,12.500
3164,Makanan,Makanan Ringan,Pringles Keripik Kentang Original Kaleng 66 g,22.800
3165,Makanan,Makanan Ringan,Chupa Chups Ropes Permen Jeli Manis Asam Assorted 24 g,5.900
3166,Makanan,Makanan Ringan,Rebo Kuaci Biji Bunga Matahari Milk 120 g,17.600
3167,Makanan,Makanan Ringan,Soyjoy Snack Bar Stroberi 30 g,10.800
3168,Makanan,Makanan Ringan,Alfamart Marshmallow Sanrio Kuromi 60 g,8.500
3169,Makanan,Makanan Ringan,Nabati Siip Bite Snack Rasa Cokelat 57 g,7.700
3170,Makanan,Makanan Ringan,Mister Potato Keripik Kentang Original Kaleng 35 g,11.700
3171,Makanan,Makanan Ringan,UBM Crackers Krim 350 g,12.900
3172,Makanan,Makanan Ringan,CemCem Popcornz Rasa Cokelat 55 g,8.200
3173,Makanan,Makanan Ringan,Kellogg's Granola Mix Berries 40 g,
3174,Makanan,Makanan Ringan,Momogi Makanan Ringan Stik Cokelat 10 x 12 g,10.500
3175,Makanan,Makanan Ringan,Munchy's Lexus Cookies Dark Cokelat 189 g,23.900
3176,Makanan,Makanan Ringan,Oops Star Crackers Rasa Mi Goreng 40 g,4.500
3177,Makanan,Makanan Ringan,Iyes Kacang Tanah Panggang Rasa Bawang 125 g,9.900
3178,Makanan,Makanan Ringan,Oatbits Biskuit Oat Cokelat Pisang 110 g,6.900
3179,Makanan,Makanan Ringan,Chiki Twist Makanan Ringan Jagung Bakar Pedas Manis 65 g,4.500
3180,Makanan,Makanan Ringan,Chomp-chomp Marshmallow Plain 200 g,27.000
3181,Makanan,Makanan Ringan,Oatbits Biskuit Oat Kismis 110 g,6.900
3182,Makanan,Makanan Ringan,Dua Kelinci Kacang Campur 60 g,8.500
3183,Makanan,Makanan Ringan,NISSIN Wafer Choco Lava 160 g,11.900
3184,Makanan,Makanan Ringan,Chuba Keripik Singkong Rasa Balado 125 g,11.500
3185,Makanan,Makanan Ringan,Roma Malkist Crackers Cokelat Kelapa 95 g,10.200
3186,Makanan,Makanan Ringan,Dua Kelinci Kacang Kulit Bawang 180 g,25.800
3187,Makanan,Makanan Ringan,Yupi Permen Gummy Bolicious Blackberry 40 g,8.000
3188,Makanan,Makanan Ringan,Twistko Jagung Bakar 145 g,16.200
3189,Makanan,Makanan Ringan,Dua Kelinci Kacang Kulit Sangrai 180 g,22.300
3190,Makanan,Makanan Ringan,Dua Kelinci Kacang Kulit Garing 75 g,9.200
3191,Makanan,Makanan Ringan,Ferrero Rocher Cokelat 3 x 12.5 g,30.100
3192,Makanan,Makanan Ringan,Youka Permen Jeli Roll Aneka Rasa 32 g,4.400
3193,Makanan,Makanan Ringan,Tango Walut Wafer Cokelat Belgian Box 75 g,9.100
3194,Makanan,Makanan Ringan,garuda Kacang Rosta Panggang Rasa Wagyu Beef 95 g,11.000
3195,Makanan,Makanan Ringan,Nissin Biskuit Kelapa Ijo 280 g,12.700
3196,Makanan,Makanan Ringan,Alfamart Jagung Marning 150 g,12.900
3197,Makanan,Makanan Ringan,HAPPYDENT X-pert Permen Peppermint 56 g,19.900
3198,Makanan,Makanan Ringan,Fisherman's Friend Permen Bebas Gula Blackcurrant 22 g,17.900
3199,Makanan,Makanan Ringan,Tic Tic Stik Renyah Rasa Bawang Saos Sambal 65 g,
3200,Makanan,Makanan Ringan,Sang Kepok Keripik Pisang Cokelat 80 g,
3201,Makanan,Makanan Ringan,Probitas Bolu Panggang Gula Aren Toples 325 g,
3202,Makanan,Makanan Ringan,Probitas Bolu Panggang Vanila Toples 325 g,
3203,Makanan,Makanan Ringan,Bika Crackers Rasa Udang 70 g,
3204,Makanan,Makanan Ringan,Naraya Oat Cookies Cokelat Chips 150 g,
3205,Makanan,Makanan Ringan,Manda Keripik Beling Original 110 g,
3206,Makanan,Makanan Ringan,Naraya Salted Chese Cookies 90 g,
3207,Makanan,Makanan Ringan,Naraya Cokelat Rasa Truffle Hazelnut 92 g,
3208,Makanan,Makanan Ringan,Naraya Naraball Wafer Salut Cokelat 80 g,
3209,Makanan,Makanan Ringan,Bika Keripik Rasa Sotong 70 g,
3210,Makanan,Makanan Ringan,Apollo Wafer Krim Susu 12 x 12 g,
3211,Makanan,Makanan Ringan,Pak Dj Keripik Pisang 150 g,
3212,Makanan,Makanan Ringan,Manda Keripik Beling Nyebelin 110 g,
3213,Makanan,Makanan Ringan,Spring Food Kacang Bawang 175 g,
3214,Makanan,Makanan Ringan,Naraya Permen Jelly Rasa Jeruk 200 g,
3215,Makanan,Makanan Ringan,Diasweet Fiberwafer Camilan Wafer Royal Vanila 180 g,
3216,Makanan,Makanan Ringan,Muruku Snack Rasa Ikan 270 g,
3217,Makanan,Makanan Ringan,Qtela Keripik Singkong Original 60 g,
3218,Makanan,Makanan Ringan,nabati White Wafer 127 g,
3219,Makanan,Makanan Ringan,Erildya Seblak Kering Pedas 85 g,
3220,Makanan,Makanan Ringan,Hj. Ati Kacang Jaruk 250 g,
3221,Makanan,Makanan Ringan,Mr. Acan Kerupuk Acan Pedas Manis 80 g,
3222,Makanan,Makanan Ringan,Tiara Kacang Telor Pedas 200 g,
3223,Makanan,Makanan Ringan,Adila Snack Ciput Ubi 150 g,
3224,Makanan,Makanan Ringan,Gundul Keripik Mandai Balado Pouch 50 g,
3225,Makanan,Makanan Ringan,Rahayu Super Kacang Asin 100 g,
3226,Makanan,Makanan Ringan,Bu Nani Kacang Bumbu Original 250 g,
3227,Makanan,Makanan Ringan,Golden Permen Pelega Tenggorokan Jeruk 12 pcs,
3228,Makanan,Makanan Ringan,Tiga Berlian Camilan Rangginang 100 g,
3229,Makanan,Makanan Ringan,Fitela Keripik Pisang Original 100 g,
3230,Makanan,Makanan Ringan,GGS Permen Khas Gorontalo Tamalate Gula Soba 150 g,
3231,Makanan,Makanan Ringan,Dahlia Go Keripik Pisang Keju 100 g,
3232,Makanan,Makanan Ringan,Wawu Cemilan Khas Nusantara Rempeyek Ikan Cakalang 100 g,
3233,Makanan,Makanan Ringan,Cahaya Syajaril Camilan Tradisional Kacang Intip 80 g,
3234,Makanan,Makanan Ringan,Yusniar Keripik Pisang 100 g,
3235,Makanan,Makanan Ringan,Doyan Ngemil Camilan Tradisional Pisang Gosong 100 g,
3236,Makanan,Makanan Ringan,Banacito Camilan Keripik Panggang Pisang 80 g,
3237,Makanan,Makanan Ringan,Asli Kerupuk Ikan Tenggiri 110 g,
3238,Makanan,Makanan Ringan,Alfamart Kacang Kulit Original 250 g,
3239,Makanan,Makanan Ringan,Aneka Kerupuk Keong Bawang 100 g,
3240,Makanan,Makanan Ringan,Alfamart Pang Pang Manis 200 g,
3241,Makanan,Makanan Ringan,Alfamart Kerupuk Tahu 50 g,
3242,Makanan,Makanan Ringan,WRP Everyday Deli Chips Keripik Salt & Pepper 40 g,14.900
3243,Makanan,Makanan Ringan,Oatside Sereal Bar Oat Rasa Cokelat 18 g,6.500
3244,Makanan,Makanan Ringan,Dua Kelinci Camilan Assorted Pack 12 pcs,17.500
3245,Makanan,Makanan Ringan,Chomp-Chomp Mallow Es Krim Marshmallow Anggur 50 g,8.900
3246,Makanan,Makanan Ringan,Chomp-Chomp Mallow Es Krim Marshmallow Stroberi 50 g,8.900
3247,Makanan,Makanan Ringan,Chomp-Chomp Mallow Permen Marshmallow Twist Long Stick 50 g,8.900
3248,Makanan,Makanan Ringan,Chomp-Chomp Mallow Bebek Marshmallow 50 g,8.900
3249,Makanan,Makanan Ringan,Chomp-Chomp Koin Cokelat Strip 36 g,11.500
3250,Makanan,Makanan Ringan,UHA Kororo Permen Jeli Anggur 40 g,13.400
3251,Makanan,Makanan Ringan,Ayam Snack Kacang Telor 135 g,
3252,Makanan,Makanan Ringan,Bibigo Camilan Rumput Laut Rasa Barbekiu 2 x 4 g,
3253,Makanan,Makanan Ringan,801 Kerupuk Palembang Keriting 75 g,
3254,Makanan,Makanan Ringan,Gajah Kacang Atom 140 g,
3255,Makanan,Makanan Ringan,Alfamart Kerupuk Jengkol Pedas 90 g,
3256,Makanan,Makanan Ringan,Alfamart Makaroni Pedas 125 g,
3257,Makanan,Makanan Ringan,Robbani Klanting Getuk 125 g,
3258,Makanan,Makanan Ringan,Ny. Lie Lie Kerupuk Palembang Keriting 150 g,
3259,Makanan,Makanan Ringan,Spirit Kerupuk Bawang Pedas 160 g,
3260,Makanan,Makanan Ringan,Alfamart Lanting 200 g,
3261,Makanan,Makanan Ringan,Bledugh Kacang Atom 400 g,
3262,Makanan,Makanan Ringan,Kacang Ayam Kerupuk Bawang Pedas 225 g,
3263,Makanan,Makanan Ringan,Bibigo Camilan Rumput Laut Rasa Spicy 2 x 4 g,
3264,Makanan,Makanan Ringan,Chiki Balls Makanan Ringan Curious Choco 50 g,
3265,Makanan,Makanan Ringan,Probitas Choco Puff 350 g,
3266,Makanan,Makanan Ringan,Unibis Shortcake Biskuit Cokelat 225 g,
3267,Makanan,Makanan Ringan,Zico Kacang Shanghai 250 g,
3268,Makanan,Makanan Ringan,Cap Ayam Dua Kacang Telur 225 g,
3269,Makanan,Makanan Ringan,Orong Orong 41 Snack Original 100 g,
3270,Makanan,Makanan Ringan,Potato Snack Crispy Balado 200 g,
3271,Makanan,Makanan Ringan,Cap Payung Keripik Singkong Jumbo 200 g,
3272,Makanan,Makanan Ringan,Aulia Snack Keripik Tusuk Gigi 150 g,
3273,Makanan,Makanan Ringan,Zico Kacang Telur 200 g,
3274,Makanan,Makanan Ringan,Banyumusi Kerupuk Palembang Ikan Tenggiri 100 g,
3275,Makanan,Makanan Ringan,Cap Ayam Dua Kacang Disco 450 g,
3276,Makanan,Makanan Ringan,Unibis Coco Puff Biskuit Cokelat 260 g,
3277,Makanan,Makanan Ringan,Alfamart Sumpia Udang 250 g,
3278,Makanan,Makanan Ringan,Unibis Biskuit Cream Crackers 265 g,
3279,Makanan,Makanan Ringan,Banyumusi Kerupuk Palembang Mawar 100 g,
3280,Makanan,Makanan Ringan,Yeye Popcorn Assorted 150 g,
3281,Makanan,Makanan Ringan,Efrata Stik Keju Spesial 100 g,
3282,Makanan,Makanan Ringan,R&R Keripik Kembang Tahu 200 g,
3283,Makanan,Makanan Ringan,Naraya Kuaci 100 g,
3284,Makanan,Makanan Ringan,Orong Orong 41 Snack Pedas 100 g,
3285,Makanan,Makanan Ringan,Raja Patin Kerupuk Kulit Ikan Patin Pouch 100 g,
3286,Makanan,Makanan Ringan,Matahari Kacang Original Khas Bali 250 g,
3287,Makanan,Makanan Ringan,Cap Salam Keripik Singkong Balado 100 g,
3288,Makanan,Makanan Ringan,Kribow Keripik Brownis Cokelat 115 g,
3289,Makanan,Makanan Ringan,Rizky Kerupuk Kemplang Panggang 200 g,
3290,Makanan,Makanan Ringan,Cap Salam Keripik Singkong Balado 400 g,
3291,Makanan,Makanan Ringan,Naraya Muruku Snack Otak-ku Ikan 60 g,
3292,Makanan,Makanan Ringan,Cap Ayam Dua Kacang Telor 450 g,
3293,Makanan,Makanan Ringan,Rizky Kerupuk Kemplang Goreng 220 g,
3294,Makanan,Makanan Ringan,Cleave Kacang Tore 200 g,
3295,Makanan,Makanan Ringan,Potato Snack Crispy Original 200 g,
3296,Makanan,Makanan Ringan,Banyumusi Kerupuk Palembang Kemplang 150 g,
3297,Makanan,Makanan Ringan,JLO Jelly Permen Fried Egg 20 g,
3298,Makanan,Makanan Ringan,Potato-Q Keripik Kentang Rasa Korean BBQ 50 g,
3299,Makanan,Makanan Ringan,Sunpride Lyfe Cavendish Keripik Pisang Sapi Panggang Barbekiu 55 g,
3300,Makanan,Makanan Ringan,Agung Sari Sale Pisang 325 g,
3301,Makanan,Makanan Ringan,Flipper Keciput Makanan Ringan 200 g,
3302,Makanan,Makanan Ringan,Pamma Keripik Sayur Pouch 45 g,18.900
3303,Makanan,Makanan Ringan,Pringles Snack Keripik Kentang Hot & Spicy 102 g,19.000
3304,Makanan,Makanan Ringan,Wong Coco Puding Es Teler 120 g,3.900
3305,Makanan,Makanan Ringan,UHA Kororo Permen Jeli Anggur 40 g,13.400
3306,Makanan,Makanan Ringan,Tong Garden Kacang Party Snack 40 g,8.500
3307,Makanan,Makanan Ringan,Tong Garden Kacang Salted Cashew Nuts 40 g,19.200
3308,Makanan,Makanan Ringan,Cho Cho Joy Wafer Snack Egg Jumbo 40 g,20.500
3309,Makanan,Makanan Ringan,Tong Garden Kacang Kulit Shandong 60 g,5.500
3310,Makanan,Makanan Ringan,UHA Kororo Permen Jeli Peach 40 g,11.900
3311,Makanan,Makanan Ringan,Agung Sari Sale Pisang 325 g,
3312,Makanan,Makanan Ringan,Flipper Keciput Makanan Ringan 200 g,
3313,Makanan,Makanan Ringan,Flipper Keripik Singkong Madura Pedas Manis 250 g,
3314,Makanan,Makanan Ringan,Ming Stik Tahu 100 g,
3315,Makanan,Makanan Ringan,DDN Kerupuk Udang 10 pcs,
3316,Makanan,Makanan Ringan,Hana Gemblong Ubi Ungu 150 g,
3317,Makanan,Makanan Ringan,Indah Rasa Stik Ketan Manis 200 g,
3318,Makanan,Makanan Ringan,Indah Rasa Stik Ketan Gurih 200 g,
3319,Makanan,Makanan Ringan,Mekar Abadi Criping Pisang 150 g,
3320,Makanan,Makanan Ringan,Mekar Abadi Emping Jagung 150 g,
3321,Makanan,Makanan Ringan,Asppoba Keciput 150 g,
3322,Makanan,Makanan Ringan,Prabu Kerupuk Ikan Tenggiri 200 g,
3323,Makanan,Makanan Ringan,Prabu Makaroni Rujak 220 g,
3324,Makanan,Makanan Ringan,Prabu Jetset Keju 100 g,
3325,Makanan,Makanan Ringan,Rizki Monggreng Klanting 170 g,
3326,Makanan,Makanan Ringan,Jempol Keripik Tempe Sagu Pouch 100 g,
3327,Makanan,Makanan Ringan,Ulam Sari Makaroni Renyah 100 g,
3328,Makanan,Makanan Ringan,Dua Lombok Seblak 70 g,
3329,Makanan,Makanan Ringan,Buynana Keripik Pisang Cokelat Pouch 100 g,
3330,Makanan,Makanan Ringan,Maira Macaron Crispy 45 g,
3331,Makanan,Makanan Ringan,Prabu Pilus Pedas 100 g,
3332,Makanan,Makanan Ringan,Boss Emuh Kerupuk Sangrai 100 g,
3333,Makanan,Makanan Ringan,Angsa Opak Cabe Besar 150 g,
3334,Makanan,Makanan Ringan,Azzuri Keripik Gonggong Pouch 100 g,
3335,Makanan,Makanan Ringan,Bagus Snack Marie Wijen 185 g,
3336,Makanan,Makanan Ringan,Pringles Snack Keripik Kentang Barbeque Kaleng 102 g,19.000
3337,Makanan,Makanan Ringan,Fisherman's FriendS Choco Mentho Permen Jeruk Bebas Gula 22 g,17.900
3338,Makanan,Makanan Ringan,Kata Oma Telur Gabus Rasa Padang Balado 50 g,8.900
3339,Makanan,Makanan Ringan,Momogi Long Stik Rumput Laut 10 x 12 g,10.500
3340,Makanan,Makanan Ringan,Tong Garden Kacang Kuaci Salted Sunflower 30 g,5.500
3341,Makanan,Makanan Ringan,Tong Garden Party Snack Kacang Campur 185 g,19.900
3342,Makanan,Makanan Ringan,Pororo Choco Stick Cookie Cokelat Box 54 g,23.000
3343,Makanan,Makanan Ringan,Monde Potato Boro Cookies Kentang Green 100 g,9.900
3344,Makanan,Makanan Ringan,Monde Serena Egg Rolls Cokelat 168 g,22.900
3345,Makanan,Makanan Ringan,Evyna Keripik Jamur Krispi Pizza 140 g,34.500
3346,Makanan,Makanan Ringan,Evyna Keripik Jamur Krispi Roastbeef 140 g,34.900
3347,Makanan,Makanan Ringan,Evyna Emping Keripik Melinjo Pedas Manis Khas Minang 60 g,27.900
3348,Makanan,Makanan Ringan,Evyna Emping Keripik Melinjo Jagung Manis Keju 60 g,27.900
3349,Makanan,Makanan Ringan,Evyna Snack Gabus Kentang Original 120 g,31.500
3350,Makanan,Makanan Ringan,Yava Granola Snack Tropical Fruits 125 g,21.900
3351,Makanan,Makanan Ringan,L-Men Protein Crunch Rasa Daging Barbekiu 20 g,13.900
3352,Makanan,Makanan Ringan,Tong Garden SUN GIFT Soft & Chewy Kranberry Kering 110 g,30.900
3353,Makanan,Makanan Ringan,Tong Garden SUN GIFT Soft & Chewy Kismis Jumbo Medley 120 g,30.900
3354,Makanan,Makanan Ringan,Yava Granola Bites Snack Coconut Banana 125 g,20.900
3355,Makanan,Makanan Ringan,Wong Coco Pudding Blueberry Yogurt Fat Free 120 g,3.900
3356,Makanan,Makanan Ringan,ZIPLONG Permen Eucalyptus Mint Bag 100 g,8.500
3357,Makanan,Makanan Ringan,Monde Genji Biskuit Raisin Pie 95 g,15.500
3358,Makanan,Makanan Ringan,Monde Genji Biskuit Strawberry Pie 95 g,15.500
3359,Makanan,Makanan Ringan,Khong Guan Cizzring Kukis Keju 135 g,10.900
3360,Makanan,Makanan Ringan,Monde Collon Biskuit Krim Vanila 40 g,6.000
3361,Makanan,Makanan Ringan,Monde Pola Snack Rasa Kentang 50 g,7.500
3362,Makanan,Makanan Ringan,Pororo Choco Biskuit Stik Kacang Box 54 g,23.000
3363,Makanan,Makanan Ringan,Evyna Makaroni Keju Smoked Wagyu 45 g,23.900
3364,Makanan,Makanan Ringan,Evyna Makaroni Keju Super Rich 45 g,23.900
3365,Makanan,Makanan Ringan,Chupa Chups Permen Sour Belt 1 Meter 50 g,11.500
3366,Makanan,Makanan Ringan,Qtela Keripik Tempe Orek Pouch 100 g,23.800
3367,Makanan,Makanan Ringan,Pocky Biskuit Stik Rasa Rose 31 g,12.900
3368,Makanan,Makanan Ringan,Lay's Stax Keripik Kentang Rasa Original 100 g,25.000
3369,Makanan,Makanan Ringan,French Fries 2000 Kentang Goreng Party Pack 192 g,21.000
3370,Makanan,Makanan Ringan,Snickers Cokelat Batang 70 g,14.900
3371,Makanan,Makanan Ringan,Holygood Camilan Aromanis 125 g,
3372,Makanan,Makanan Ringan,Ibu Roktal Baby Fish Camilan Ikan Original 115 g,
3373,Makanan,Makanan Ringan,Jawara Camilan Keripik Pisang Original 100 g,
3374,Makanan,Makanan Ringan,Ning Nong Camilan Kembang Goyang 35 g,
3375,Makanan,Makanan Ringan,RHR Camilan Kerupuk Jengkol 87 g,
3376,Makanan,Makanan Ringan,Banana Chips Keripik Pisang Cokelat 80 g,
3377,Makanan,Makanan Ringan,Shafa Brownies Kering Chocochips 70 g,
3378,Makanan,Makanan Ringan,Madame Mbois Brownies Tempe Kue Kering 70 g,
3379,Makanan,Makanan Ringan,Rezkia Sanjoyo Keripik Paru 70 g,
3380,Makanan,Makanan Ringan,Ana Rasa Sagon Kelapa 200 g,
3381,Makanan,Makanan Ringan,Mamah Ratna Camilan Basreng Balado 100 g,
3382,Makanan,Makanan Ringan,Arinda Kerupuk Telur Asin Pedas 50 g,
3383,Makanan,Makanan Ringan,MakJuara Camilan Makaroni Keju Original 150 g,
3384,Makanan,Makanan Ringan,Aldrik Camilan Sale Pisang 120 g,
3385,Makanan,Makanan Ringan,Azora Egg Ball Kue Cokelat Bola 60 g,
3386,Makanan,Makanan Ringan,Bima Keripik Patin Krispi 80 g,
3387,Makanan,Makanan Ringan,D'Anin Keripik Ikan Lele 100 g,
3388,Makanan,Makanan Ringan,Serena Snack Crackers Rasa Ayam 210 g,13.900
3389,Makanan,Makanan Ringan,Parago Permen Lunak Rasa Cokelat 54 g,5.500
3390,Makanan,Makanan Ringan,Parago Permen Lunak Rasa Anggur 54 g,5.500
3391,Makanan,Makanan Ringan,Parago Permen Lunak Rasa Stroberi 54 g,5.500
3392,Makanan,Makanan Ringan,Mayasi Cashew Rasa Honey Butter Pouch 100 g,28.900
3393,Makanan,Makanan Ringan,Mayasi Cashew Rasa Jagung Bakar Pouch 100 g,28.900
3394,Makanan,Makanan Ringan,Mayasi Cashew Rasa Salted Karamel Pouch 100 g,28.900
3395,Makanan,Makanan Ringan,Pamma Keripik Buah Pouch 45 g,24.900
3396,Makanan,Makanan Ringan,Pamma Keripik Stroberi Pouch 45 g,25.900
3397,Makanan,Makanan Ringan,Pamma Makaroni Crunch Rasa Mie Goreng 100 g,9.900
3398,Makanan,Makanan Ringan,Cassa Artisan Chips Camilan Keripik Singkong Rasa Barbekiu 120 g,20.000
3399,Makanan,Makanan Ringan,Cassa Artisan Chips Camilan Keripik Singkong Rasa Ayam Pedas 120 g,20.000
3400,Makanan,Makanan Ringan,Kongbap Rice Crackers Rasa Madu Mentega 50 g,9.400
3401,Makanan,Makanan Ringan,Kongbap Rice Crackers Rasa Keju 50 g,9.400
3402,Makanan,Makanan Ringan,Kongbap Rice Crackers Rasa Ayam Bawang 50 g,9.400
3403,Makanan,Makanan Ringan,Kongbap Rice Crackers Rasa Rumput Laut 50 g,9.400
3404,Makanan,Makanan Ringan,Kongbap Rice Crackers Rasa Barbeque 50 g,9.400
3405,Makanan,Makanan Ringan,Francis Nutties Camilan Kacang With Super 8 Mix 31 g,11.500
3406,Makanan,Makanan Ringan,Francis Nutties Camilan Kacang With Berry Mix 31 g,11.500
3407,Makanan,Makanan Ringan,Pamma Keripik Bawang Onion Crunch 20 g,12.500
3408,Makanan,Makanan Ringan,Pamma Keripik Buah Naga 45 g,29.900
3409,Makanan,Makanan Ringan,Pamma Keripik Buah Peach 45 g,29.900
3410,Makanan,Makanan Ringan,Inaco Puding Hokkaido Melon 120 g,5.000
3411,Makanan,Makanan Ringan,Siumang Camilan Mi Lidi Rasa Cokelat 130 g,14.900
3412,Makanan,Makanan Ringan,Siumang Camilan Mi Lidi Rasa Barbekiu 130 g,14.900
3413,Makanan,Makanan Ringan,Tango Emoji Biskuit Rasa Cokelat 140 g,17.500
3414,Makanan,Makanan Ringan,Kata Oma Telur Gabus Rasa Jagung Bakar 50 g,8.900
3415,Makanan,Makanan Ringan,Mayasi Kacang Mede Panggang Salut Tepung Ala Kentucky Pouch 35 g,10.500
3416,Makanan,Makanan Ringan,Pamma Stik Talas Sambal Ebi Pedas 50 g,14.500
3417,Makanan,Makanan Ringan,Pamma Stik Talas Rumput Laut Panggang 50 g,14.500
3418,Makanan,Makanan Ringan,Pamma Keripik Talas Himalayan Salt 50 g,9.900
3419,Makanan,Makanan Ringan,Pamma Keripik Talas Tom Yum 50 g,9.900
3420,Makanan,Makanan Ringan,Delicyo Kentang Goreng Rasa Truffle 38 g,8.500
3421,Makanan,Makanan Ringan,Delicyo Kentang Goreng Rasa Pedas Daun Jeruk 38 g,8.500
3422,Makanan,Makanan Ringan,Delicyo Kentang Goreng Rasa Keju 38 g,8.500
3423,Makanan,Makanan Ringan,Delicyo Gurizpy Rasa Pedas Daun Jeruk 38 g,8.500
3424,Makanan,Makanan Ringan,Delicyo Crobites French Chocolate 38 g,10.000
3425,Makanan,Makanan Ringan,Cadbury Dairy Milk Mini Bars Cokelat Susu Oreo 80.5 g,25.900
3426,Makanan,Makanan Ringan,Mr. P Kacang Camilan Kacang Panggang Madu 80 g,16.300
3427,Makanan,Makanan Ringan,Chitato Keripik Kentang Sapi Panggang 168 g,28.300
3428,Makanan,Makanan Ringan,Frozz Permen Bluberi Mint 14 g,9.800
3429,Makanan,Makanan Ringan,HAPPYDENT White Mint Botol 52.8 g,17.900
3430,Makanan,Makanan Ringan,Strepsils Original Permen Pelega Tenggorokan 8 pcs,23.400
3431,Makanan,Makanan Ringan,Strepsils Permen Pelega Tenggorokan Bebas Gula 8 pcs,25.500
3432,Makanan,Makanan Ringan,Chacha Minis Cokelat Susu dengan Mainan 12.5 g,19.900
3433,Makanan,Makanan Ringan,Cho Cho Wafer Cokelat Meises 35 g,8.800
3434,Makanan,Makanan Ringan,Tong Garden Kacang Salted Pistachios 35 g,21.700
3435,Makanan,Makanan Ringan,Tong Garden Kacang Salted Almonds 35 g,21.700
3436,Makanan,Makanan Ringan,Alfamart Kacang Bandung 190 g,17.500
3437,Makanan,Makanan Ringan,Haribo Goldbears Permen Jeli 80 g,20.000
3438,Makanan,Makanan Ringan,Haribo Happy-Cola Permen Jeli Rasa Cola 80 g,20.000
3439,Makanan,Makanan Ringan,Haribo Starmix Permen Jeli 80 g,20.000
3440,Makanan,Makanan Ringan,Lotte Pepero Biskuit Stik Almond 32 g,17.400
3441,Makanan,Makanan Ringan,Chupa Chups Filifolly Permen Karet Tutti Frutti 11 g,5.600
3442,Makanan,Makanan Ringan,JLO Chococup Cokelat Telur Disney 25 g - Assorted,13.000
3443,Makanan,Makanan Ringan,JLO Chococup Cokelat Telur Avengers 25 g,13.000
3444,Makanan,Makanan Ringan,Strepsils Extra Strong Permen Pelega Tenggorokan 8 pcs,23.400
3445,Makanan,Makanan Ringan,Cadbury Dairy Milk Cokelat Susu Lickables 20 g,17.600
3446,Makanan,Makanan Ringan,Chomp-Chomp Mallow Hati Marshmallow 50 g,10.000
3447,Makanan,Makanan Ringan,Tong Garden Sunflower Kuaci Salted Egg 120 g,20.000
3448,Makanan,Makanan Ringan,Chomp-Chomp Mallow Semangka Marshmallow 50 g,10.000
3449,Makanan,Makanan Ringan,Chupa Chups Big Babol Permen Karet Stick Tutti Frutti & Blueberry 2 x 20 g,8.000
3450,Makanan,Makanan Ringan,Yupi Permen Gummy Sweet Artifact 77 g,13.000
3451,Makanan,Makanan Ringan,Amos 4D Permen Jeli 3D Bentuk Balok 72 g,18.000
3452,Makanan,Makanan Ringan,Amos 4D Permen Jeli 3D Bentuk Balok 40 g,10.900
3453,Makanan,Makanan Ringan,Chupa Chups Permen Lolipop Surprises Assorted 12 g,14.300
3454,Makanan,Makanan Ringan,Alfamart Emping Manis Pedas 175 g,22.000
3455,Makanan,Makanan Ringan,Qtela Keripik Singkong Ayam Lada Hitam 100 g,14.000
3456,Makanan,Makanan Ringan,Al Qorni Sumpia Ebi Original 100 g,
3457,Makanan,Makanan Ringan,Kribo Krispi Brownies Rasa Mangga Keju 80 g,
3458,Makanan,Makanan Ringan,Zefano Choco Fine Rasa Stoberi 85 g,
3459,Makanan,Makanan Ringan,Hai Sus Soes Cokelat Mini 70 g,
3460,Makanan,Makanan Ringan,Delicyo Kentang Goreng Rasa Keju 38 g,8.500
3461,Makanan,Makanan Ringan,Delicyo Gurizpy Rasa Pedas Daun Jeruk 38 g,8.500
3462,Makanan,Makanan Ringan,Delicyo Crobites French Chocolate 38 g,10.000
3463,Makanan,Makanan Ringan,Munchy's Biskuit Kraker Krim 300 g,25.900
3464,Makanan,Makanan Ringan,Munchy's Biskuit Kraker Sayuran 380 g,25.900
3465,Makanan,Makanan Ringan,Munchy's Biskuit Gandum Rasa Dark Cokelat 208 g,29.900
3466,Makanan,Makanan Ringan,Munchy's Biskuit Gandum Rasa Stroberi dan Blackcurrant 208 g,29.900
3467,Makanan,Makanan Ringan,Krobe Kerupuk Udang Rumput Laut 70 g,14.900
3468,Makanan,Makanan Ringan,Tong Garden Kacang Honey Almonds 35 g,18.500
3469,Makanan,Makanan Ringan,Tong Garden Kacang Kuaci Honey Sunflower Kernels 35 g,8.900
3470,Makanan,Makanan Ringan,meiji Yan Yan Biskuit Stroberi Cup 40 g,9.900
3471,Makanan,Makanan Ringan,Oatbits Biskuit Oat Yogurt Stroberi 110 g,6.900
3472,Makanan,Makanan Ringan,Diasweet Fiberwafer Camilan Wafer Rasa Cokelat 180 g,26.900
3473,Makanan,Makanan Ringan,Roma Biskuit Sandwich Peanut Butter 157 g,10.700
3474,Makanan,Makanan Ringan,Lovy Cookies Chocobutter 12 x 27 g,28.000
3475,Makanan,Makanan Ringan,JLO Fizlepop Lollipop Avengers 15 g,4.900
3476,Makanan,Makanan Ringan,Tropicana Slim Cookies Keju Hokkaido 100 g,28.900
3477,Makanan,Makanan Ringan,Pororo Ice Cone Snack Stroberi Box 54 g,35.500
3478,Makanan,Makanan Ringan,Lucky Stick Family Pack Cokelat 120 g,19.000
3479,Makanan,Makanan Ringan,Lucky Stick Family Pack Stroberi 120 g,19.000
3480,Makanan,Makanan Ringan,Tong Garden Organic Snack Kacang Chesnuts 120 g,23.900
3481,Makanan,Makanan Ringan,Oriental Cheese Balls 60 g,12.500
3482,Makanan,Makanan Ringan,Oriental Green Pea Snack 60 g,12.500
3483,Makanan,Makanan Ringan,Oriental Ring Cheese 60 g,12.500
3484,Makanan,Makanan Ringan,Chung Jung One Camilan Rumput Laut 9 x 4.5 g,60.900
3485,Makanan,Makanan Ringan,Lotte Pepero Biskuit Stik White Cookie 32 g,17.400
3486,Makanan,Makanan Ringan,Alfamart Permen Gummy Rasa Aneka Buah 40 g,4.500
3487,Makanan,Makanan Ringan,Chupa Chups Bubblegum Play Tennis Permen Karet Nanas 20 g,4.700
3488,Makanan,Makanan Ringan,Thalasa Keripik Talas Jagung Bakar 55 g,9.800
3489,Makanan,Makanan Ringan,Amos 4D Permen Jeli 3D Bentuk Arithmetic Games Rasa Buah 72 g,18.000
3490,Makanan,Makanan Ringan,Amos 4D Permen Jeli 3D Buah-buahan Robot 72 g,18.000
3491,Makanan,Makanan Ringan,Dua Kelinci Tato Tato Snack Kentang Flame Beef 60 g,9.200
3492,Makanan,Makanan Ringan,Fruzz Ball Permen Chewy Rasa Buah 25.5 g,3.900
3493,Makanan,Makanan Ringan,Chomp-Chomp Marshmallow Rainbow 21 g,5.100
3494,Makanan,Makanan Ringan,Sweet Fun Permen Mainan Rasa Buah 2 g,30.900
3495,Makanan,Makanan Ringan,Pororo Biskuit Stik Cokelat Shooting Star 54 g,24.900
3496,Makanan,Makanan Ringan,Chomp-Chomp Marshmallow Sandwich 21 g,5.000
3497,Makanan,Makanan Ringan,Biskies Sandwich Biskuit Oat Gandum Susu 135 g,18.900
3498,Makanan,Makanan Ringan,Mister Potato Keripik Kentang Hitam Ghost Pepper Rasa Buldak Cheese 40 g,13.500
3499,Makanan,Makanan Ringan,Mister Potato Keripik Kentang Hitam Ghost Pepper Rasa Carbonara 40 g,13.500
3500,Makanan,Makanan Ringan,Amos Peelz Permen Jeli Rasa Buah Mangga 65 g,20.900
3501,Makanan,Makanan Ringan,JLO Permen Apel Stoberi 38 g,12.900
3502,Makanan,Makanan Ringan,Padjajaran Permen Jahe 100 g,13.500
3503,Makanan,Makanan Ringan,Amos Peelz Permen Jeli Rasa Buah Leci 65 g,20.900
3504,Makanan,Makanan Ringan,Delfi Take-It Ovaltine Cokelat Susu Wafer 4F 35 g,15.000
3505,Makanan,Makanan Ringan,Tango Brownies Crispy Rasa Susu 35 g,8.900
3506,Makanan,Makanan Ringan,Alfamart Keripik Buah Nangka 50 g,18.500
3507,Makanan,Makanan Ringan,Francis Kacang Almond Panggang 31 g,14.500
3508,Makanan,Makanan Ringan,"JLO Permen Jeli Gummy Peeling Leci, Anggur & Peach 40 g",9.900
3509,Makanan,Makanan Ringan,Bean Spot Kue Macaron 6 pcs,16.000
3510,Makanan,Makanan Ringan,Amos 4D Permen Jeli Buah Peach 65 g,18.000
3511,Makanan,Makanan Ringan,JLO Gummy Bites Permen Jeli 100 g,18.900
3512,Makanan,Makanan Ringan,Amos 4D Permen Jeli 3D Bentuk Dino 72 g,18.000
3513,Makanan,Makanan Ringan,Paroti Semprong Sweet Roll Wijen Box 38 g,6.500
3514,Makanan,Makanan Ringan,Sunpride Lyfe Keripik Pisang Garam & Bawang 55 g,10.600
3515,Makanan,Makanan Ringan,Yupi Permen Gummy Mango Kiss 111 g,11.000
3516,Makanan,Makanan Ringan,Krobe Keripik Singkong Original 70 g,14.900
3517,Makanan,Makanan Ringan,Verkade Speculaas Kue Kering Rasa Rempah-Rempah 200 g,19.900
3518,Makanan,Makanan Ringan,Verkade Kokos Kue Kering Kelapa 150 g,19.900
3519,Makanan,Makanan Ringan,Verkade Kue Kering Lemon 150 g,19.900
3520,Makanan,Makanan Ringan,Tong Garden Kacang Honey Peanuts 50 g,8.900
3521,Makanan,Makanan Ringan,Bontea Green Permen Rasa Green Tea Isi Lemon 135 g,8.900
3522,Makanan,Makanan Ringan,Ferrero Rocher Cokelat 200 g,135.000
3523,Makanan,Makanan Ringan,Meiji Yan Yan Biskuit Krim Cokelat Cup 40 g,9.900
3524,Makanan,Makanan Ringan,Lotte Koala's March Biskuit Isi Krim Cokelat 37 g,7.900
3525,Makanan,Makanan Ringan,Kapal Api Permen Rasa Kopi Hitam 125 g,9.000
3526,Makanan,Makanan Ringan,Tao Kae Noi Crispy Seaweed Tom Yum Goong 15 g,17.900
3527,Makanan,Makanan Ringan,Lotte Koala's March Biskuit Isi Krim Stroberi 37 g,7.900
3528,Makanan,Makanan Ringan,Julie's Le-mond Biskuit Sandwich 170 g,34.900
3529,Makanan,Makanan Ringan,Tao Kae Noi Tempura Seaweed Spicy 25 g,16.900
3530,Makanan,Makanan Ringan,Tao Kae Noi Tempura Seaweed Original 25 g,16.900
3531,Makanan,Makanan Ringan,Lotte Toppo Biskuit Stik Pretzel Cokelat Vanila 40 g,8.000
3532,Makanan,Makanan Ringan,HARIBO Worms Permen Lunak Jeli Rasa Buah 80 g,16.900
3533,Makanan,Makanan Ringan,Oatbits Oat 8 Biskuit Havermout Kacang Hijau 142.5 g,17.500
3534,Makanan,Makanan Ringan,Julie's Biskuit Sandwich Keju 168 g,34.900
3535,Makanan,Makanan Ringan,Miaow-Miaow Camilan Keripik Udang 50 g,12.900
3536,Makanan,Makanan Ringan,Miaow-Miaow Camilan Kacang Polong Hijau 50 g,12.900
3537,Makanan,Makanan Ringan,Miaow-Miaow Camilan Cheese Rings 50 g,12.900
3538,Makanan,Makanan Ringan,Tao Kae Noi Crispy Seaweed Japanese Sauce 32 g,27.900
3539,Makanan,Makanan Ringan,Lotte Toppo Biskuit Stik Pretzel Cocoa Cokelat 40 g,8.000
3540,Makanan,Makanan Ringan,HARIBO Chamallows Permen Pink & White 70 g,16.900
3541,Makanan,Makanan Ringan,Melting Sweet Permen Rasa Jahe Pouch 125 g,8.500
3542,Makanan,Makanan Ringan,Melting Sweet Permen Rasa Leci Pouch 125 g,8.500
3543,Makanan,Makanan Ringan,Melting Sweet Permen Rasa Kelapa Pouch 125 g,8.500
3544,Makanan,Makanan Ringan,Poetri Bali Kacang Bawang Original 75 g,11.900
3545,Makanan,Makanan Ringan,Melting Sweet Permen Rasa Jahe Pouch 125 g,8.500
3546,Makanan,Makanan Ringan,Melting Sweet Permen Rasa Leci Pouch 125 g,8.500
3547,Makanan,Makanan Ringan,Melting Sweet Permen Rasa Kelapa Pouch 125 g,8.500
3548,Makanan,Makanan Ringan,Poetri Bali Kacang Bawang Original 75 g,11.900
3549,Makanan,Makanan Ringan,Poetri Bali Kacang Asin 75 g,11.900
3550,Makanan,Makanan Ringan,Pororo Ice Cone Snack Cokelat Box 54 g,35.500
3551,Makanan,Makanan Ringan,nutella B-ready Wafer Hazelnut Cokelat 6 x 22 g,52.000
3552,Makanan,Makanan Ringan,Inaco Mini Pudding Aneka Rasa 10 x 15 g,6.500
3553,Makanan,Makanan Ringan,Miaow-Miaow Camilan Keripik Ayam 50 g,12.900
3554,Makanan,Makanan Ringan,Diabetasol Nulife Camilan Wafer Cokelat 2 x 50 g,22.000
3555,Makanan,Makanan Ringan,Wafello Italian Bites Wafer Rasa Karamel Butter Pouch 95 g,11.500
3556,Makanan,Makanan Ringan,Wafello Italian Bites Wafer Rasa Cokelat Pouch 97.5 g,11.500
3557,Makanan,Makanan Ringan,Laverland Crunch Seaweed Sea Salt 9 x 4.5 g,60.900
3558,Makanan,Makanan Ringan,Yava Kacang Mede Wild-Harvested Sweet & Spicy 35 g,17.900
3559,Makanan,Makanan Ringan,Yava Kacang Mede Wild-Harvested Sea Salt 32 g,17.900
3560,Makanan,Makanan Ringan,Yava Kacang Mede Wild-Harvested Panggang 35 g,17.900
3561,Makanan,Makanan Ringan,Lotte Koala's March Biskuit Isi Krim Susu Vanila 37 g,7.900
3562,Makanan,Makanan Ringan,Oops Pops Crackers Rasa Keju Cheesy 80 g,8.900
3563,Makanan,Makanan Ringan,Geli Chips Basreng Pedas Pouch 65 g,10.900
3564,Makanan,Makanan Ringan,Yava Kacang Mede Wild-Harvested Kakao 32 g,17.900
3565,Makanan,Makanan Ringan,Yava Kacang Mede Wild-Harvested Garlic Pepper 32 g,17.900
3566,Makanan,Makanan Ringan,Yava Krispi Puffs Cacao 35 g,8.900
3567,Makanan,Makanan Ringan,Cucu Mini Mallow Marshmallow Rasa Stroberi & Apel 120 g,12.500
3568,Makanan,Makanan Ringan,Pamma Makaroni Crunch Rasa Saus Cabe Thailand 100 g,14.900
3569,Makanan,Makanan Ringan,HARIBO Peaches Permen Lunak Jeli Peach 80 g,16.900
3570,Makanan,Makanan Ringan,Kartika Toast Puffies Soes Cream Choco 72 g,10.900
3571,Makanan,Makanan Ringan,Kartika Toast Soes Keju Krim Puffy 72 g,10.900
3572,Makanan,Makanan Ringan,Parago Permen Lunak Rasa Matcha 81 g,12.500
3573,Makanan,Makanan Ringan,Potato-Q Keripik Kentang Rasa Sosis Mexico 50 g,5.900
3574,Makanan,Makanan Ringan,TeJahe Permen Jahe Rasa Sekoteng 100 g,7.500
3575,Makanan,Makanan Ringan,Oreo Mini Biskuit Sandwich Cokelat 10 x 20.4 g,20.900
3576,Makanan,Makanan Ringan,Oreo Mini Biskuit Sandwich Stroberi 10 x 20.4 g,20.900
3577,Makanan,Makanan Ringan,Nextar Star Richoco Biskuit Double Krim Cokelat 84 g,9.500
3578,Makanan,Makanan Ringan,nabati Time Break Richoco Wafer Cokelat 64 g,5.900
3579,Makanan,Makanan Ringan,Jagoan Neon Permen Buah Lidah Berwarna 125 g,9.900
3580,Makanan,Makanan Ringan,nabati Ahh Snack Korean Goguma 10 x 3 g,6.900
3581,Makanan,Makanan Ringan,Skinnie Power Puffs Camilan Lit Chicken Barbekiu 50 g,10.900
3582,Makanan,Makanan Ringan,Poetri Bali Kacang Bawang Pedas 75 g,11.900
3583,Makanan,Makanan Ringan,Poetri Bali Kacang Medan Original 75 g,11.900
3584,Makanan,Makanan Ringan,Tao Kae Noi Big Sheet Crispy Seaweed Japanese Sauce Box 12 x 3.2 g,59.900
3585,Makanan,Makanan Ringan,Tao Kae Noi Big Sheet Crispy Seaweed Spicy Box 12 x 3.2 g,58.900
3586,Makanan,Makanan Ringan,Tao Kae Noi Big Roll Grilled Seaweed Classic Box 12 x 3 g,71.900
3587,Makanan,Makanan Ringan,Tao Kae Noi Big Roll Grilled Seaweed Spicy Box 12 x 3 g,71.900
3588,Makanan,Makanan Ringan,Tao Kae Noi Big Roll Grilled Seaweed Spicy Squid Box 12 x 3 g,69.900
3589,Makanan,Makanan Ringan,KuSuka Ubi Mix Keripik Ubi Original 40 g,7.900
3590,Makanan,Makanan Ringan,Choki Choki Stix Biskuit Stik Cokelat Box 48 g,6.500
3591,Makanan,Makanan Ringan,Oops Star Crackers Rasa Daebak Chicken 40 g,4.500
3592,Makanan,Makanan Ringan,Tong Garden Kacang Telur Rasa Barbekiu 45 g,7.900
3593,Makanan,Makanan Ringan,Cucu Love Mallow Marshmallow Rasa Krim Stroberi 100 g,12.500
3594,Makanan,Makanan Ringan,JGT Biskuit Sandwich Rasa Keju Box 80 g,16.000
3595,Makanan,Makanan Ringan,JGT Biskuit Sandwich Rasa Lemon Box 80 g,16.000
3596,Makanan,Makanan Ringan,JGT Crackers Mentega Rasa Timun Box 85 g,16.000
3597,Makanan,Makanan Ringan,JGT Crackers Mentega Rasa Daun Bawang Box 85 g,16.000
3598,Makanan,Makanan Ringan,Lotte Toppo Biskuit Stik Pretzel Stroberi Vanila 40 g,8.000
3599,Makanan,Makanan Ringan,PoiPoi Camilan Anak Milky Melon 25 g,21.000
3600,Makanan,Makanan Ringan,PoiPoi Camilan Anak Beef & Cheese 25 g,21.000
3601,Makanan,Makanan Ringan,Laverland Crunch Camilan Rumput Laut Cheese 9 x 4.5 g,64.900
3602,Makanan,Makanan Ringan,Rasa Juara Krezzpy Basreng Jangar Pedas Daun Jeruk Pouch 120 g,19.500
3603,Makanan,Makanan Ringan,Rasa Juara Krezzpy Basreng Santai Gurih Daun Jeruk Pouch 120 g,19.500
3604,Makanan,Makanan Ringan,Cadbury Dairy Milk Cokelat Susu 382 g,109.900
3605,Makanan,Makanan Ringan,Parago Permen Lunak Rasa Jeruk 54 g,5.500
3606,Makanan,Makanan Ringan,Maicih Keripik Singkong Level 5 100 g,20.500
3607,Makanan,Makanan Ringan,Mamee Monster Snack Mi Rasa Barbekiu 8 x 25 g,17.900
3608,Makanan,Makanan Ringan,Mamee Monster Snack Mi Rasa Ayam 8 x 25 g,17.900
3609,Makanan,Makanan Ringan,Tempenation Keripik Tempe Rasa Original 65 g,16.900
3610,Makanan,Makanan Ringan,Tempenation Keripik Tempe Rasa Balado 65 g,16.900
3611,Makanan,Makanan Ringan,Tempenation Keripik Tempe Rasa Pedas Balado 65 g,16.900
3612,Makanan,Makanan Ringan,Tempenation Keripik Gethuk Original 85 g,16.900
3613,Makanan,Makanan Ringan,Tempenation Keripik Gethuk Balado 85 g,16.900
3614,Makanan,Makanan Ringan,Enon Cokelat Susu Putih Bentuk Rusa 33 g,15.900
3615,Makanan,Makanan Ringan,Enon Cokelat Susu Bentuk Kucing Rasa Green Tea 33 g,15.900
3616,Makanan,Makanan Ringan,Enon Cokelat Susu Bentuk Kelinci Rasa Stroberi 33 g,15.900
3617,Makanan,Makanan Ringan,Shinmai Camilan Crackers Tasty Seaweed 52 g,13.500
3618,Makanan,Makanan Ringan,Shinmai Camilan Crackers Original 60 g,13.500
3619,Makanan,Makanan Ringan,Shinmai Camilan Crackers Corn Cheezy 50 g,13.500
3620,Makanan,Makanan Ringan,Delfi Orion K Rice Crackers Beras Keju Pouch 100.8 g,21.900
3621,Makanan,Makanan Ringan,Kylafood Basreng Pedas daun Jeruk 80 g,13.500
3622,Makanan,Makanan Ringan,Kylafood Basreng Original daun Jeruk 80 g,13.500
3623,Makanan,Makanan Ringan,Bumil Granola Snack Bar Yogurt Berry 26 g,13.900
3624,Makanan,Makanan Ringan,Cremona Crisp Malt Cokelat Krim Hazelnut Wafer Chocolate Bola Hati 37.5 g,21.900
3625,Makanan,Makanan Ringan,Cremona Crisp Malt Cokelat Krim Hazelnut Wafer Dark Chocolate 36 g,15.900
3626,Makanan,Makanan Ringan,Cremona Crisp Malt Cokelat Krim Strawberry Wafer Chocolate 36 g,15.900
3627,Makanan,Makanan Ringan,Nims Crispy Choco Cup Cokelat Starberry 60 g,21.900
3628,Makanan,Makanan Ringan,Nims Crispy Choco Cup Cokelat Mini Choco Crunch 60 g,21.900
3629,Makanan,Makanan Ringan,Cassa Artisan Chips Camilan Keripik Singkong Rasa Truffle 60 g,9.900
3630,Makanan,Makanan Ringan,Cassa Artisan Chips Camilan Keripik Singkong Rasa Barbekiu 60 g,9.900
3631,Makanan,Makanan Ringan,Cassa Artisan Chips Camilan Keripik Singkong Rasa Ayam Pedas 60 g,9.900
3632,Makanan,Makanan Ringan,Cassa Artisan Chips Camilan Keripik Singkong Rasa Mala Pedas 60 g,9.900
3633,Makanan,Makanan Ringan,Joa-Yo Camilan Rumput Laut Korea 12 x 4 g,28.900
3634,Makanan,Makanan Ringan,Enon Cokelat Susu Bentuk Harimau 33 g,15.900
3635,Makanan,Makanan Ringan,Superstar Snaps Wafer Cokelat Box 12 x 28 g,32.900
3636,Makanan,Makanan Ringan,Kopiko Permen Bebas Gula 75 g,15.900
3637,Makanan,Makanan Ringan,Aceh Teri Nasi Kriuk Rasa Original Sachet 40 g,19.000
3638,Makanan,Makanan Ringan,Aceh Teri Nasi Kriuk Rasa Rumput Laut Sachet 40 g,19.000
3639,Makanan,Makanan Ringan,Aceh Teri Nasi Kriuk Rasa Balado Sachet 40 g,19.000
3640,Makanan,Makanan Ringan,Aceh Teri Nasi Kriuk Rasa Barbeque Sachet 40 g,19.000
3641,Makanan,Makanan Ringan,Mister Brondong Popcorn Karamel Asin 80 g,15.900
3642,Makanan,Makanan Ringan,Mister Brondong Popcorn Cokelat Lava 80 g,15.900
3643,Makanan,Makanan Ringan,Geli Chips Makaraoni Pipa Pedas 65 g,10.900
3644,Makanan,Makanan Ringan,Geli Chips Makaraoni Pipa Double Pedas 65 g,10.900
3645,Makanan,Makanan Ringan,7Cosia Squeeze Jelly Rasa Bluberi & Stroberi 130 ml,12.900
3646,Makanan,Makanan Ringan,7Cosia Squeeze Jelly Rasa Lemon & Mangga 130 ml,12.900
3647,Makanan,Makanan Ringan,Milkita Milky Snack Bar Original Box 5 x 15 g,22.900
3648,Makanan,Makanan Ringan,Joa-Yo Rumput Laut Korea Pedas Pack 12 X 3 g,28.900
3649,Makanan,Makanan Ringan,"Lianggui Permen Music Lollipop Candy Apel 13,5 g",30.900
3650,Makanan,Makanan Ringan,"Lianggui Permen Music Lollipop Candy Anggur 13,5 g",30.900
3651,Makanan,Makanan Ringan,"Lianggui Permen Music Lollipop Candy Stroberi 13,5 g",30.900
3652,Makanan,Makanan Ringan,Julie's Charm Biskuit Sandwich Cokelat Double 86 g,21.500
3653,Makanan,Makanan Ringan,Julie's Charm Biskuit Sandwich Tiramisu 86 g,21.500
3654,Makanan,Makanan Ringan,Cheetos Party Pack Snack isi 5 pcs,24.900
3655,Makanan,Makanan Ringan,Lotus Biscoff Biskuit Sandwich Vanila 110 g,29.900
3656,Makanan,Makanan Ringan,Lotus Biscoff Biskuit Sandwich Cokelat Susu 110 g,29.900
3657,Makanan,Makanan Ringan,Lotus Biscoff Biskuit Sandwich Krim Biscoff 110 g,29.900
3658,Makanan,Makanan Ringan,Snickers Nougat Kacang Karamel Bersalut Cokelat 12 x 20 g,59.900
3659,Makanan,Makanan Ringan,Kylafood Makaroni Kriuk Original Daun Jeruk 50 g,13.500
3660,Makanan,Makanan Ringan,Kylafood Makaroni Kriuk Pedas Daun Jeruk 50 g,13.500
3661,Makanan,Makanan Ringan,P'Nuteri Kacang Atom Teri 68 g,11.500
3662,Makanan,Makanan Ringan,P'Nuteri Kacang Atom Nori 68 g,11.500
3663,Makanan,Makanan Ringan,Bento Camilan Seafood Original 20 g,15.900
3664,Makanan,Makanan Ringan,Bento Camilan Seafood Sweet & Spicy 20 g,15.900
3665,Makanan,Makanan Ringan,GuriBee Rumput Laut 65 g,7.900
3666,Makanan,Makanan Ringan,Cadbury Dairy Milk Cokelat Susu Black Forest 52 g,13.500
3667,Makanan,Makanan Ringan,Cadbury Dairy Milk Cokelat Susu Fruit & Nut 52 g,13.500
3668,Makanan,Makanan Ringan,Cadbury Dairy Milk Cokelat Susu Cashew Nut 52 g,13.500
3669,Makanan,Makanan Ringan,Fuzo Snack Kuaci Rasa Original 140 g,14.500
3670,Makanan,Makanan Ringan,Milo Sereal Bar Cokelat Snack 23.5 g,9.000
3671,Makanan,Makanan Ringan,Roma Malkist Crackers Keju Manis 90 g,10.200
3672,Makanan,Makanan Ringan,TINI WINI BITI Whizpy Biskuit Bubble Gum 22 g,3.800
3673,Makanan,Makanan Ringan,LOTTE XYLITOL Permen Karet Cool Mint 55.1 g,19.300
3674,Makanan,Makanan Ringan,Fisherman's Friend Permen Lemon Bebas Gula 22 g,17.900
3675,Makanan,Makanan Ringan,Happydent Cool White Permen Karet Rasa Citrus Mint/Sweet Mint 28 g,9.000
3676,Makanan,Makanan Ringan,Pocky Crushed Nuts Biskuit Stik Almond Cokelat Susu 25 g,13.100
3677,Makanan,Makanan Ringan,Soyjoy Snack Bar Raisin Almond 30 g,10.800
3678,Makanan,Makanan Ringan,nabati Wafer Goguma 110 g,7.200
3679,Makanan,Makanan Ringan,GuriBee Barbekiu Balado 65 g,7.900
3680,Makanan,Makanan Ringan,Chitato Keripik Kentang Sapi Panggang 115 g,17.800
3681,Makanan,Makanan Ringan,Mister Potato Keripik Kentang Hitam Ghost Pepper Rasa Pedas Barbekiu Kaleng 40 g,13.700
3682,Makanan,Makanan Ringan,Tango Wafer Susu Vanila 133 g,15.300
3683,Makanan,Makanan Ringan,Pringles Keripik Kentang Sour Cream & Onion Kaleng 42 g,14.700
3684,Makanan,Makanan Ringan,mentos Permen Anggur Roll 37 g,4.800
3685,Makanan,Makanan Ringan,Alfamart Kacang Koro Kulit 150 g,15.500
3686,Makanan,Makanan Ringan,MamaSuka Rumput Laut Panggang 2 x 4.5 g,17.200
3687,Makanan,Makanan Ringan,MamaSuka Rumput Laut Sapi Panggang Korea 2 x 4.5 g,17.200
3688,Makanan,Makanan Ringan,MamaSuka Rumput Laut Ayam Ghost Pepper 2 x 4.5 g,17.200
3689,Makanan,Makanan Ringan,Regal Biskuit Marie Spesial 230 g,29.900
3690,Makanan,Makanan Ringan,Lay's Keripik Kentang Rasa Rumput Laut 105 g,19.400
3691,Makanan,Makanan Ringan,KitKat Chunky Original Snack Cokelat Wafer Batang 38 g,15.200
3692,Makanan,Makanan Ringan,GuriBee Keju Krispi 65 g,7.900
3693,Makanan,Makanan Ringan,Pringles Keripik Kentang Keju Cheesy Kaleng 66 g,22.800
3694,Makanan,Makanan Ringan,Yupi Permen Gummy Fangs Aneka Rasa 90 g,12.800
3695,Makanan,Makanan Ringan,Cucu Mega Mallow Marshmallow Rasa Vanila 100 g,15.000
3696,Makanan,Makanan Ringan,Alfamart Kacang Telur Medan Premium 150 g,13.500
3697,Makanan,Makanan Ringan,Richeese Keripik Kentang Waffle Rasa Fire Wings 54 g,9.500
3698,Makanan,Makanan Ringan,Oishi Panchos Keripik Jagung Sapi Panggang 145 g,13.400
3699,Makanan,Makanan Ringan,Soyjoy Snack Bar Tropical Cranberries 30 g,10.800
3700,Makanan,Makanan Ringan,garuda Kacang Kulit 370 g,39.400
3701,Makanan,Makanan Ringan,Frozz Permen Cherry Mint 14 g,9.700
3702,Makanan,Makanan Ringan,KOPIKO Blister Permen Kopi 32 g,8.200
3703,Makanan,Makanan Ringan,Strepsils Vitamin C Permen Pelega Tenggorokan 8 pcs,23.400
3704,Makanan,Makanan Ringan,Ango Kemplang Panggang 10 pcs,
3705,Makanan,Makanan Ringan,Alfamart Basreng Pedas 120 g,
3706,Makanan,Makanan Ringan,Alfamart Emping Manis Pedas 175 g,
3707,Makanan,Makanan Ringan,Kiss Delicias Permen Gummy Green Grape 50 g,14.500
3708,Makanan,Makanan Ringan,Kiss Delicias Permen Gummy Peach 50 g,14.500
3709,Makanan,Makanan Ringan,Julie's Biskuit Sandwich Selai Kacang 180 g,34.900
3710,Makanan,Makanan Ringan,Ny. Siok Kerupuk Udang Oval Mentah 500 g,184.900
3711,Makanan,Makanan Ringan,Tong Garden Kacang Salted Cashew Mixed Macadamias 35 g,19.900
3712,Makanan,Makanan Ringan,Bin Bin Rice Crackers Original 75 g,15.900
3713,Makanan,Makanan Ringan,Taro Tempe Keripik Rasa Sambal Matah 50 g,7.500
3714,Makanan,Makanan Ringan,Cadbury Dairy Milk Cokelat Susu Hazelnut 52 g,13.500
3715,Makanan,Makanan Ringan,KrisBee Krunchy Jagung Bakar Mentega 75 g,4.500
3716,Makanan,Makanan Ringan,NISSIN Gabin Biskuit Original 140 g,6.000
3717,Makanan,Makanan Ringan,Ricola Original Swiss Herb Permen Bebas Gula 40 g,23.500
3718,Makanan,Makanan Ringan,Dark Wonder Smooth Cokelat Hitam Almond Panggang Spesial Pack 2 x 56 g,22.100
3719,Makanan,Makanan Ringan,Kobe Bon Cabe Camilan Mi Krispi Rasa Mi Goreng Mawut Level 15 64 g,4.000
3720,Makanan,Makanan Ringan,Mayasi Festival Crispy Crepes Kaleng 125 g,12.000
3721,Makanan,Makanan Ringan,Oops Keripik Singkong Sea Salt 60 g,6.000
3722,Makanan,Makanan Ringan,Dua Kelinci Usagi Puff Gandum Karamel Pouch 80 g,11.900
3723,Makanan,Makanan Ringan,nabati Ahh Richeese Snack Keju 10 x 3 g,7.900
3724,Makanan,Makanan Ringan,Astor Wafer Stick Matcha 40 g,6.500
3725,Makanan,Makanan Ringan,Milo Activ Biskuit Krim Susu 104 g,9.900
3726,Makanan,Makanan Ringan,Dua Kelinci Kacang Kulit Garing 370 g,38.900
3727,Makanan,Makanan Ringan,Momogi Mini Stik Roasted Corn 70 g,9.200
3728,Makanan,Makanan Ringan,Lucky Stick Biskuit Stik Stroberi Premium 35 g,10.100
3729,Makanan,Makanan Ringan,Tango Wafer Cokelat 133 g,15.400
3730,Makanan,Makanan Ringan,Chitato Lite Keripik Kentang Rumput Laut Aburi 65 g,12.200
3731,Makanan,Makanan Ringan,KuSuka Keripik Singkong Ayam Lada Hitam 180 g,15.900
3732,Makanan,Makanan Ringan,Yupi Permen Gummy Breakfast 92 g,15.400
3733,Makanan,Makanan Ringan,SilverQueen Crispy Cokelat Susu Cashew Rice Crispies 50 g,20.800
3734,Makanan,Makanan Ringan,Ricola Swiss Alpine Herbs Permen Lemon Mint Bebas Gula 40 g,23.500
3735,Makanan,Makanan Ringan,Milo Activ Biskuit Rasa Cokelat 96 g,9.900
3736,Makanan,Makanan Ringan,CemCem Stik Rasa Balado 60 g,7.500
3737,Makanan,Makanan Ringan,Alfamart Jamur Krispi 50 g,16.300
3738,Makanan,Makanan Ringan,Yupi Permen Gummy Bolicious Stroberi 40 g,8.000
3739,Makanan,Makanan Ringan,MamaSuka Rumput Laut Pedas 2 x 4.5 g,17.200
3740,Makanan,Makanan Ringan,Yupi Permen Gummy Big Burger 32 g,5.000
3741,Makanan,Makanan Ringan,Cho Cho Wafer Cokelat Stroberi 35 g,8.800
3742,Makanan,Makanan Ringan,Chacha Surprise Toy Cokelat Susu Assorted 2 x 17 g,17.600
3743,Makanan,Makanan Ringan,Alfamart Keripik Balado Ante 200 g,14.500
3744,Makanan,Makanan Ringan,Dua Kelinci Sukro Kacang Atom Original 95 g,8.900
3745,Makanan,Makanan Ringan,French Fries 2000 Kentang Goreng 130 g,15.900
3746,Makanan,Makanan Ringan,Tao Kae Noi Rumput Laut Krispi Original 15 g,22.300
3747,Makanan,Makanan Ringan,Fisherman's Friend Permen Extra Strong Original 22 g,17.900
3748,Makanan,Makanan Ringan,Dua Kelinci Sukro Kacang Oven Jagung Bakar 95 g,8.900
3749,Makanan,Makanan Ringan,KuSuka Keripik Singkong Rasa Truffle 160 g,15.900
3750,Makanan,Makanan Ringan,7+ Bar Sereal Yoghurt Berry 22 g,6.900
3751,Makanan,Makanan Ringan,Unibis Mega Ring Tartlet Cokelat 120 g,13.600
3752,Makanan,Makanan Ringan,CemCem Stik Rasa Ayam Bawang 60 g,7.500
3753,Makanan,Makanan Ringan,Alfamart Popcorn Karamel 75 g,12.900
3754,Makanan,Makanan Ringan,Alfamart Kacang Kulit 180 g,18.500
3755,Makanan,Makanan Ringan,KuSuka Keripik Singkong Keju Bakar 60 g,5.500
3756,Makanan,Makanan Ringan,Tango Waffle Cookiez & Cream 3 x 25 g,8.300
3757,Makanan,Makanan Ringan,Hello Panda Biskuit Krim Cokelat & Stroberi Share Pack 6 x 25 g,23.900
3758,Makanan,Makanan Ringan,"Super Zuper Permen Asam Stroberi, Jeruk, Lemon 5 x 2.5 g",4.500
3759,Makanan,Makanan Ringan,Gery Sereal Cokelat 100 g,10.500
3760,Makanan,Makanan Ringan,Amos 4D Permen Jeli 3D Buah Stroberi 65 g,9.400
3761,Makanan,Makanan Ringan,Woods' Permen Peppermint Lozenges Lemon Vitamin C 15 g,10.700
3762,Makanan,Makanan Ringan,Chitato Lite Keripik Kentang Keju Kaleng 110 g,19.900
3763,Makanan,Makanan Ringan,Alfamart Kerupuk Palembang Spesial 50 g,
3764,Makanan,Makanan Ringan,Tao Kae Noi Big Sheet Crispy Seaweed Mayo Bawang Pedas 3.2 g,
3765,Makanan,Makanan Ringan,Rebo Kuaci Biji Bunga Matahari Keju 120 g,14.900
3766,Makanan,Makanan Ringan,Pamma Keripik Basreng Sambal Cabe Merah Daun Jeruk 60 g,9.100
3767,Makanan,Makanan Ringan,Nabati Siip Bite Snack Rasa Keju 62 g,5.900
3768,Makanan,Makanan Ringan,Munchy's Lexus Biskuit Sandwich Selai Kacang 190 g,23.900
3769,Makanan,Makanan Ringan,Grandville Gimi Crunch Rumput Laut Original 25 g,17.900
3770,Makanan,Makanan Ringan,Grandville Gimi Crunch Rumput Laut Keju 25 g,17.900
3771,Makanan,Makanan Ringan,Ritz Crackers Original 300 g,17.900
3772,Makanan,Makanan Ringan,Nissin Biskuit Mentega Kelapa Kaleng 650 g,32.400
3773,Makanan,Makanan Ringan,NISSIN Wafer Kacang 100 g,6.900
3774,Makanan,Makanan Ringan,Momogi Makanan Ringan Stik Keju 10 x 12 g,10.500
3775,Makanan,Makanan Ringan,Cadbury Dairy Milk Cokelat Susu Cashew Nut 22 g,9.100
3776,Makanan,Makanan Ringan,Nabati Siip Bite Snack Rasa Jagung Bakar 57 g,5.900
3777,Makanan,Makanan Ringan,Oops Keripik Singkong Balado 60 g,5.900
3778,Makanan,Makanan Ringan,Dua Kelinci Kacang Sukro Oven Pedas 95 g,6.900
3779,Makanan,Makanan Ringan,Mie Kremezz Camilan Rasa Mie Goreng Party Pack 3 x 30 g,8.500
3780,Makanan,Makanan Ringan,Pororo Rumput Laut 2 x 5 g,18.600
3781,Makanan,Makanan Ringan,Bonkopi Permen Kopi Caffe Latte 165 g,12.500
3782,Makanan,Makanan Ringan,Astor Wafer Stick Vanilla Shake 40 g,6.500
3783,Makanan,Makanan Ringan,Oatside Sereal Bar Oat Rasa Stroberi White Chocolate 18 g,6.500
3784,Makanan,Makanan Ringan,TeJahe Permen Jahe Merah 100 g,7.500
3785,Makanan,Makanan Ringan,Chitato Lite Keripik Kentang Keju Kaleng 110 g,19.900
3786,Makanan,Makanan Ringan,Lidi Geli Barbekiu 50 g,10.100
3787,Makanan,Makanan Ringan,CemCem Stik Rasa Keju 60 g,7.500
3788,Makanan,Makanan Ringan,Chitato Lite Keripik Kentang Original Kaleng 110 g,19.900
3789,Makanan,Makanan Ringan,Frozz Permen Barley Mint 14 g,9.700
3790,Makanan,Makanan Ringan,Cho Cho Wafer Cokelat Rice Crispy 29 g,8.600
3791,Makanan,Makanan Ringan,beng-beng Nuts Wafer Karamel Almond 35 g,10.800
3792,Makanan,Makanan Ringan,Frozz Permen Anggur MInt 14 g,9.600
3793,Makanan,Makanan Ringan,Glico Pocky Crushed Fruits Biskuit Stroberi Peach Yogurt 38 g,12.900
3794,Makanan,Makanan Ringan,Lay's Wavy Keripik Kentang Rasa Rumput Laut Pedas 105 g,19.400
3795,Makanan,Makanan Ringan,Yupi Jumbo Permen Gummy Korean Barbeque 70 g,14.900
3796,Makanan,Makanan Ringan,Alfamart Kemplang Bangka 5 pcs,11.500
3797,Makanan,Makanan Ringan,Biskies Black Biskuit Cokelat Creme 72 g,7.100
3798,Makanan,Makanan Ringan,Biskies Black Biskuit Milky Vanila 72 g,7.100
3799,Makanan,Makanan Ringan,Pringles Keripik Kentang Sour Cream & Onion Kaleng 66 g,22.800
3800,Makanan,Makanan Ringan,nutella B-ready Wafer Hazelnut Cokelat 22 g,12.000
3801,Makanan,Makanan Ringan,Alfamart Kacang Sangrai 180 g,18.100
3802,Makanan,Makanan Ringan,Yupi Permen Gummy Big Frank 32 g,5.300
3803,Makanan,Makanan Ringan,7+ Bar Sereal Cocoa Chia 22 g,6.900
3804,Makanan,Makanan Ringan,garuda Pilus Rendang Sapi 80 g,5.800
3805,Makanan,Makanan Ringan,Yeko Jelly Pudding Stroberi 125 g,8.000
3806,Makanan,Makanan Ringan,Lay's Stax Keripik Kentang Rasa Original 70 g,24.000
3807,Makanan,Makanan Ringan,KitKat Cokelat Red 2F Wafer Batang 6 x 17 g,35.200
3808,Makanan,Makanan Ringan,Gofress Lite Permen Strip Rasa Minty Peach 24 s,12.500
3809,Makanan,Makanan Ringan,Fisherman's Friend Permen Sugar Free Mint 22 g,17.900
3810,Makanan,Makanan Ringan,Tic Tic Stik Renyah Rasa Bawang 135 g,15.900
3811,Makanan,Makanan Ringan,Wong Coco Puding Jambu 120 g,4.800
3812,Makanan,Makanan Ringan,Relaxa Play Permen Gummy BoboiBoy 40 g,4.500
3813,Makanan,Makanan Ringan,French Fries 2000 Kentang Goreng 62 g,7.900
3814,Makanan,Makanan Ringan,Chomp-Chomp Marshmallow Rainbow 200 g,27.000
3815,Makanan,Makanan Ringan,mentos Permen Roll Fruit 37 g,4.800
3816,Makanan,Makanan Ringan,Cadbury Dairy Milk Cokelat Susu 52 g,14.500
3817,Makanan,Makanan Ringan,Chomp-Chomp Mallow Twist Marshmallow 50 g,10.000
3818,Makanan,Makanan Ringan,Alfamart Kerupuk Kulit Khas Isma Pedas 40 g,15.500
3819,Makanan,Makanan Ringan,Oishi Panchos Keripik Jagung Pedas 140 g,13.400
3820,Makanan,Makanan Ringan,Strepsils Cool + Vit C Permen Jeruk Pelega Tenggorokan,37.700
3821,Makanan,Makanan Ringan,Alfamart Kacang Atom Pedas 150 g,
3822,Makanan,Makanan Ringan,Alfamart Kacang Telur 150 g,
3823,Makanan,Makanan Ringan,Alfamart Kerupuk Tenggiri Pedas 100 g,
3824,Makanan,Makanan Ringan,Potato-Q Keripik Kentang Rasa Rumput Laut 50 g,
3825,Makanan,Makanan Ringan,Astor Wafer Stick Vanilla Shake 40 g,6.500
3826,Makanan,Makanan Ringan,Oatside Sereal Bar Oat Rasa Stroberi White Chocolate 18 g,6.500
3827,Makanan,Makanan Ringan,TeJahe Permen Jahe Merah 100 g,7.500
3828,Makanan,Makanan Ringan,Chomp-Chomp Mallow Pink & White Marshmallow 50 g,10.000
3829,Makanan,Makanan Ringan,Khong Guan Wafer Stik Rasa Vanila 500 g,28.900
3830,Makanan,Makanan Ringan,Rebo Kuaci Biji Bunga Matahari Kelapa 120 g,14.900
3831,Makanan,Makanan Ringan,Kobe Bon Crispy Camilan Mi Krispi Rasa Mi Goreng Spesial Level 0 64 g,4.000
3832,Makanan,Makanan Ringan,WRP Everyday Deli Chips Keripik Mix Fruit 40 g,23.900
3833,Makanan,Makanan Ringan,"Inaco Puding Nusantara Kombinasi Rasa Buah Mangga, Markisa & Yogurt 3 x 120 g",10.000
3834,Makanan,Makanan Ringan,TeJahe Permen Rasa Jahe Original 100 g,7.500
3835,Makanan,Makanan Ringan,Choki Choki Pasta Cokelat Surprise 6 x 4 g,14.900
3836,Makanan,Makanan Ringan,Pamma Keripik Basreng Cabe Ijo Ala Minangkabau 60 g,9.100
3837,Makanan,Makanan Ringan,Fisherman's Friend Permen Mentho Cokelat Bebas Gula Mint 22 g,17.900
3838,Makanan,Makanan Ringan,Dua Kelinci Roni Makaroni Krispi Jagung Bakar 135 g,8.900
3839,Makanan,Makanan Ringan,Pocky Biskuit Stik Cokelat Kaleng 4 x 40 g,39.900
3840,Makanan,Makanan Ringan,"Antangin Herbal Permen Rasa Jahe, Mint, Madu Bag 100 g",7.500
3841,Makanan,Makanan Ringan,NISSIN Gabin Biskuit Keju 140 g,6.000
3842,Makanan,Makanan Ringan,Oatbits Biskuit Oat Vitafruit 110 g,6.900
3843,Makanan,Makanan Ringan,Pocky Biskuit Stik Cokelat 3 x 47 g,19.000
3844,Makanan,Makanan Ringan,Lay's Stax Keripik Kentang Rasa Sour Cream & Onion 70 g,24.000
3845,Makanan,Makanan Ringan,Alfamart Kerupuk Kulit Khas Isma Pedas 40 g,15.500
3846,Makanan,Makanan Ringan,Oishi Panchos Keripik Jagung Pedas 140 g,13.400
3847,Makanan,Makanan Ringan,Strepsils Cool + Vit C Permen Jeruk Pelega Tenggorokan,37.700
3848,Makanan,Makanan Ringan,Pringles Keripik Kentang Original Kaleng 42 g,14.700
3849,Makanan,Makanan Ringan,Milo Nuggets Snack Cokelat 25 g,13.900
3850,Makanan,Makanan Ringan,Oishi Pillows Cokelat 100 g,13.500
3851,Makanan,Makanan Ringan,Cadbury Dairy Milk Cokelat Susu Crisp It 52 g,18.500
3852,Makanan,Makanan Ringan,Milo Cokelat Batang Snack 15 g,5.800
3853,Makanan,Makanan Ringan,CemCem Stik Jagung Rasa Sapi Panggang 60 g,7.500
3854,Makanan,Makanan Ringan,Deka Mini Wafer Bites Cokelat 72 g,7.500
3855,Makanan,Makanan Ringan,Chiki Balls Keju Crafty 200 g,23.600
3856,Makanan,Makanan Ringan,Gofress Permen Peppermint 24 s,15.100
3857,Makanan,Makanan Ringan,M&M's Cokelat Susu isi Kacang 3 x 37 g,25.900
3858,Makanan,Makanan Ringan,CemCem Corn Shots Ayam Goreng 55 g,6.700
3859,Makanan,Makanan Ringan,Kopiko Blister Permen Bebas Gula 32 g,12.200
3860,Makanan,Makanan Ringan,Pagoda Permen Pastiles Green Rasa Jeruk 35 g,11.800
3861,Makanan,Makanan Ringan,Alfamart Kerupuk Kulit Asli Khas ISMA 40 g,15.500
3862,Makanan,Makanan Ringan,Alfamart Kerupuk Tenggiri Pedas 100 g,
3863,Makanan,Makanan Ringan,Potato-Q Keripik Kentang Rasa Rumput Laut 50 g,
3864,Makanan,Makanan Ringan,Pocky Biskuit Stik Cokelat 3 x 47 g,19.000
3865,Makanan,Makanan Ringan,Lay's Stax Keripik Kentang Rasa Sour Cream & Onion 70 g,24.000
3866,Makanan,Makanan Ringan,Finna Pars Kerupuk Udang Barbekiu 40 g,6.900
3867,Makanan,Makanan Ringan,Wong Coco Puding Mangga 3 x 120 g,12.000
3868,Makanan,Makanan Ringan,Delfi Orion K Rice Crackers Beras Manis Pouch 64.8 g,11.500
3869,Makanan,Makanan Ringan,KuSuka Ubi Mix Keripik Ubi Honey 40 g,7.900
3870,Makanan,Makanan Ringan,Inaco Konnyaku Jelly Mix Flavor 12 pcs,7.900
3871,Makanan,Makanan Ringan,SMax Party Camilan Rasa Keju 100 g,10.900
3872,Makanan,Makanan Ringan,Dua Kelinci Roni Makaroni Krispi Ekstra Pedas 135 g,8.900
3873,Makanan,Makanan Ringan,TOP Wafer Krim Rasa Cokelat 280 g,11.900
3874,Makanan,Makanan Ringan,TeJahe Permen Jahe Rasa Bandrek 100 g,7.500
3875,Makanan,Makanan Ringan,Oatside Sereal Bar Oat Rasa Selai Kacang 18 g,6.500
3876,Makanan,Makanan Ringan,Monde Bourbon Biskuit Krim Cokelat Kaleng 500 g,26.000
3877,Makanan,Makanan Instan,Indomie Premium Collection Mie Instan Goreng Korean K-Rose 85 g,6.100
3878,Makanan,Makanan Instan,Samyang Stew Ramen Ayam Pedas 145 g,22.300
3879,Makanan,Makanan Instan,Nissin Ramen Mi Instan Rasa Miso Ala Hokkaido 106 g,11.000
3880,Makanan,Makanan Instan,Samyang Mi Instan Ramen Buldak Krim Karbonara Ayam Pedas 140 g,20.300
3881,Makanan,Makanan Instan,Indomie Mi Instan Goreng Aceh 90 g,3.400
3882,Makanan,Makanan Instan,Indomie Hype Abis Mi Instan Goreng Ayam Geprek 85 g,3.400
3883,Makanan,Makanan Instan,Indomie Mi Instan Goreng Rendang 91 g,3.400
3884,Makanan,Makanan Instan,Indomie Mi Instan Goreng 84 g,3.300
3885,Makanan,Makanan Instan,Indomie Mi Instan Kari Ayam 70 g,3.400
3886,Makanan,Makanan Instan,Nissin Ramen Mi Instan Rasa Bawang Panggang Ala Kyushu 106 g,11.000
3887,Makanan,Makanan Instan,Ramen Yes Mi Instan Goreng Chicken Yakitori 84 g,2.600
3888,Makanan,Makanan Instan,La Fonte Spageti 225 g,7.900
3889,Makanan,Makanan Instan,Wow Spageti Instan Aglio Olio 75 g,3.500
3890,Makanan,Makanan Instan,Nongshim Shin Ramyun Noodle Mushroom 120 g,9.900
3891,Makanan,Makanan Instan,Sedaap Mi Instan Cup Rawit Bingit Kari Mercon 79 g,5.500
3892,Makanan,Makanan Instan,Sedaap Mi Instan Soto Madura 70 g,2.800
3893,Makanan,Makanan Instan,Sedaap Tasty Mi Instan Bakmi Ayam 129 g,6.400
3894,Makanan,Makanan Instan,Sedaap Baked Mi Instan Goreng 87 g,2.600
3895,Makanan,Makanan Instan,Royco Sup Krim Instan Kepiting Jagung 44 g,11.000
3896,Makanan,Makanan Instan,Sedaap Mi Instan Goreng Ayam Krispi 88 g,2.900
3897,Makanan,Makanan Instan,Samyang Mi Instan Ramen Ayam Pedas Buldak Cheese 140 g,21.200
3898,Makanan,Makanan Instan,Samyang Mi Instan Ramen Ayam Pedas Original 140 g,19.700
3899,Makanan,Makanan Instan,Gaga Mi Goreng Instan Indonesia Original 88 g,3.600
3900,Makanan,Makanan Instan,Sedaap Mi Instan Cup Rawit Bingit Bakso Bleduk 77 g,5.500
3901,Makanan,Makanan Instan,Sukses's Isi 2 Mi Instan Goreng Ayam Kecap 129 g,4.300
3902,Makanan,Makanan Instan,Sedaap Mi Instan Cup Soto 81 g,5.500
3903,Makanan,Makanan Instan,Sedaap Mi Instan Goreng Selection Cup Korean Ayam Pedas 81 g,4.500
3904,Makanan,Makanan Instan,Sukses's Isi 2 Mi Instan Goreng Rendang 132 g,4.300
3905,Makanan,Makanan Instan,Sedaap Mi Instan Cup Kari Spesial 81 g,5.500
3906,Makanan,Makanan Instan,Wow Spageti Instan Bolognese 76 g,3.500
3907,Makanan,Makanan Instan,Nissin Cup Noodles Kaldu Sapi Cup 62 g,8.100
3908,Makanan,Makanan Instan,Sukses's Isi 2 Mi Instan Goreng Ayam Kremees 133 g,4.300
3909,Makanan,Makanan Instan,Sedaap Mi Instan Goreng isi 5 x 90 g,13.400
3910,Makanan,Makanan Instan,Samyang Mi Instan Ramen Ayam Pedas Buldak Ekstra Pedas 140 g,21.200
3911,Makanan,Makanan Instan,Sedaap Mi Instan Rebus Selection Cup Laksa Pedas 86 g,5.500
3912,Makanan,Makanan Instan,Gaga 100 Ekstra Pedas Mie Instan Kuah Jalapeno 75 g,3.900
3913,Makanan,Makanan Instan,Gaga 100 Ekstra Pedas Mie Instan Goreng Jalapeno 85 g,3.900
3914,Makanan,Makanan Instan,Ramen Yes Mi Instan Kuah Hakata Chicken 88 g,2.600
3915,Makanan,Makanan Instan,Sedaap Mi Baso Spesial 77g,2.800
3916,Makanan,Makanan Instan,Sedaap Tasty Bakmi Yakiniku Daging 115 g,6.300
3917,Makanan,Makanan Instan,Omoide Tsukune Sate Bakso Ayam Rasa Original 55 g,8.900
3918,Makanan,Makanan Instan,Sedaap Mi Instan Cup Mi Goreng 81 g,4.500
3919,Makanan,Makanan Instan,Sedaap Mi Instan Cup Ayam Jerit 75 g,5.500
3920,Makanan,Makanan Instan,Sukses's Isi 2 Mi Instan Goreng Aceh 140 g,4.300
3921,Makanan,Makanan Instan,Samyang Mi Instan Ramen Original 120 g,12.800
3922,Makanan,Makanan Instan,Samyang Mi Instan Ramen Kari Ayam Pedas Buldak 140 g,17.400
3923,Makanan,Makanan Instan,Indomie Mi Instan Soto Mie 70 g,3.200
3924,Makanan,Makanan Instan,Indomie Mi Instan Ayam Bawang 69 g,3.200
3925,Makanan,Makanan Instan,MAMA Instant Pad Thai Instant Noodle 70 g,
3926,Makanan,Makanan Instan,MAMA Shrimp Tom Yum Flavour Instant Noodle 90 g,
3927,Makanan,Makanan Instan,MAMA Shrimp Creamy Tom Yum Flavour Instant Noodle 90 g,
3928,Makanan,Makanan Instan,Indomie Mi Instan Kari Ayam 5 x 72 g,
3929,Makanan,Makanan Instan,Indomie Mi Instan Kari Ayam 69 g,
3930,Makanan,Makanan Instan,Indomie Mi Instan Goreng Cakalang 82 g,
3931,Makanan,Makanan Instan,Indomie Mi Instan Goreng 80 g,
3932,Makanan,Makanan Instan,Gaga Mi Goreng Instan Spesial 75 g,2.500
3933,Makanan,Makanan Instan,Pop Mie Mi Instan Cup Goreng 12 x 43 g - Karton,38.500
3934,Makanan,Makanan Instan,Pop Mie Mi Instan Cup Soto Ayam 12 x 39 g - Karton,38.500
3935,Makanan,Makanan Instan,Pop Mie Mi Instan Cup Ayam Bawang 12 x 40 g - Karton,38.500
3936,Makanan,Makanan Instan,Arirang Bulgogi Rice Vermicelli Bihun Instan Goreng Bulgogi Sapi 70 g,11.000
3937,Makanan,Makanan Instan,Indomie Mi Instan Rasa Rawon Pedas Mercon 75 g,3.300
3938,Makanan,Makanan Instan,Pop Mie Mi Instan Premium Tori Miso Japanese Ramen Cup 77 g,6.500
3939,Makanan,Makanan Instan,Pop Mie Mi Instan Cup Baso Granat 77 g,5.900
3940,Makanan,Makanan Instan,Pop Mie Mi Instan Cup Goreng Pedes Gledeek Ayam Pedas 75 g,5.900
3941,Makanan,Makanan Instan,Super Bubur Instan Ayam 45 g,4.200
3942,Makanan,Makanan Instan,Indomie Premium Collection Mie Instan Tori Kara Ayam Pedas 89 g,6.300
3943,Makanan,Makanan Instan,Bihunku Bihun Instan Ayam Bawang 55 g,3.600
3944,Makanan,Makanan Instan,Indomie Mi Instan Goreng Jumbo 129 g,4.400
3945,Makanan,Makanan Instan,Indomie Hype Abis Mi Instan Nyemek Bangladesh Kari 80 g,3.200
3946,Makanan,Makanan Instan,Indomie Mi Instan Soto Koya Pedas Dower 76 g,3.300
3947,Makanan,Makanan Instan,Indomie Mi Instan Ayam Spesial 68 g,3.300
3948,Makanan,Makanan Instan,Pop Mie Mi Instan Cup Kuah Pedes Dower Ayam Pedas 75 g,5.900
3949,Makanan,Makanan Instan,Sedaap Mi Instan Selection Singapore Laksa Pedas 83 g,3.000
3950,Makanan,Makanan Instan,Sedaap Mi Instan Ayam Bawang 70 g,3.000
3951,Makanan,Makanan Instan,Sedaap Mi Instan Kari Spesial 75 g,3.000
3952,Makanan,Makanan Instan,Indomie Mi Instan Goreng Jumbo Rendang 120 g,4.400
3953,Makanan,Makanan Instan,Sedaap Mi Instan Soto 75 g,3.100
3954,Makanan,Makanan Instan,Indomie Mi Instan Kaldu Ayam 72 g,3.300
3955,Makanan,Makanan Instan,Sedaap Mi Instan Goreng 90 g,3.100
3956,Makanan,Makanan Instan,Indomie Mi Instan Goreng Jumbo Ayam Panggang 127 g,4.400
3957,Makanan,Makanan Instan,Indomie Mi Instan Soto Banjar Limau Kuit 75 g,3.400
3958,Makanan,Makanan Instan,Sedaap Mi Instan Rebus khas Korean Pedas 77 g,3.000
3959,Makanan,Makanan Instan,Indomie Mi Instan Soto Spesial 75 g,3.300
3960,Makanan,Makanan Instan,Bihunku Bihun Instan Soto 55 g,3.600
3961,Makanan,Makanan Instan,Indomie Mi Instan Soto Koya Nagih 76 g,3.300
3962,Makanan,Makanan Instan,Sedaap Mi Kuah Kari Ayam 72 g,3.000
3963,Makanan,Makanan Instan,Indomie Mi Instan Premium Tori Miso Jepang Ramen 86 g,6.300
3964,Makanan,Makanan Instan,Bihunku Bihun Instan Bakso Sapi 55 g,3.600
3965,Makanan,Makanan Instan,Pop Mie Mi Instan Cup Kari Lava 79 g,5.900
3966,Makanan,Makanan Instan,Gekikara Ramen Mi Instan Hot Mushroom 109 g,6.900
3967,Makanan,Makanan Instan,Bihunku Bihun Instan Goreng 60 g,4.200
3968,Makanan,Makanan Instan,Indomie Hype Abis Mi Instan Seblak Hot Jeletot 75 g,3.200
3969,Makanan,Makanan Instan,Pop Spageti Instan Carbonara Pedas 84 g,3.500
3970,Makanan,Makanan Instan,Super Bubur Instan Kuah Soto 46 g,4.000
3971,Makanan,Makanan Instan,Sedaap Tasty Mi Instan Ayam Saus Teriyaki 120 g,5.500
3972,Makanan,Makanan Instan,Bihunku Bihun Instan Asam Pedas 55 g,3.600
3973,Makanan,Makanan Instan,Pop Spageti Instan Bolognese Pedas 84 g,3.500
3974,Makanan,Makanan Instan,Wonhae Topokki Kids Rasa Carbonara Instan 80 g,8.900
3975,Makanan,Makanan Instan,Super Bubur Instan Kuah Kari 46 g,4.000
3976,Makanan,Makanan Instan,Gekikara Ramen Mi Instan Goreng Ayam Pedas 118 g,6.900
3977,Makanan,Makanan Instan,La Fonte Pronto Mac and Cheese 63 g,6.500
3978,Makanan,Makanan Instan,Indomie Mi Instan Spicy Ramyeon 83 g,6.300
3979,Makanan,Makanan Instan,Indomie Mi Instan Soto Lamongan 80 g,3.300
3980,Makanan,Makanan Instan,Sarimi Isi 2 Mi Instan Goreng Ayam Kecap 126 g,4.300
3981,Makanan,Makanan Instan,Mujigae Wonhae Mi Instan Black Fried Ramyun 125 g,10.200
3982,Makanan,Makanan Instan,Alfamart Ramen Seirock-Ya Jepang Mi Instan Toripaitan Ramen Ekstrim 114 g,13.900
3983,Makanan,Makanan Instan,Pop Mie Snek Time Mi Instan Cup Goreng 43 g,
3984,Makanan,Makanan Instan,Pop Mie Snek Time Mi Instan Cup Ayam Bawang 40 g,
3985,Makanan,Makanan Instan,Pop Mie Snek Time Mi Instan Cup Baso 38 g,
3986,Makanan,Makanan Instan,Pop Mie Snek Time Mi Instan Cup Soto Ayam 39 g,
3987,Makanan,Makanan Instan,Indomie Mi Instan Empal Gentong 75 g,
3988,Makanan,Makanan Instan,Indomie Mi Instan Mi Kocok Bandung 75 g,
3989,Makanan,Makanan Instan,Indomie Mi Instan Coto Makassar 75 g,
3990,Makanan,Makanan Instan,Indomie Mi Instan Soto Medan 70 g,
3991,Makanan,Makanan Instan,SuperMi Mi Instan Sup Sayuran 65 g,
3992,Makanan,Makanan Instan,Indomie Mi Instan Mi Celor 75 g,
3993,Makanan,Makanan Instan,Indomie Mi Instan Goreng 5 x 85 g,16.500
3994,Makanan,Makanan Instan,Gaga Mi Instan Kuah Soto Segaar 70 g,2.500
3995,Makanan,Makanan Instan,Indomie Mi Instan Soto Mie 5 x 70 g,16.000
3996,Makanan,Makanan Instan,Super Bihun Instan Kuah Ayam 51 g,6.000
3997,Makanan,Makanan Instan,La Fonte Spageti Saus Bolognese 117 g,7.800
3998,Makanan,Makanan Instan,Gaga 100 Extra Pedas Mie Instan Cup Kuah Jalapeno 75 g,6.900
3999,Makanan,Makanan Instan,Alfamart Mi Instan Cup Mala Pedas 80 g,8.500
4000,Makanan,Makanan Instan,Samyang Mi Instan Ramen Ayam Pedas Buldak Carbonara 130 g,26.700
4001,Makanan,Makanan Instan,Indomie Mi Instan Goreng Fiery Chikin 94 g,6.100
4002,Makanan,Makanan Instan,Burung Layang Terbang Kwetiau Goreng Instan 85 g,6.200
4003,Makanan,Makanan Instan,Samyang Mi Instan Goreng Buldak K-Rose Ayam Pedas 140 g,20.000
4004,Makanan,Makanan Instan,Sedaap Tasty Mi Instan Bakmi Ayam Geprek Matah 124 g,5.500
4005,Makanan,Makanan Instan,MamaSuka Sup Krim Ayam 55 g,10.300
4006,Makanan,Makanan Instan,Samyang Mi Instan Ramen Ayam Pedas Buldak Quattro Cheese 145 g,20.400
4007,Makanan,Makanan Instan,Bean Spot Bakso Kuah Nampool,13.000
4008,Makanan,Makanan Instan,Indomie Hype Abis Mi Instan Nyemek Jogja Rendang 84 g,3.200
4009,Makanan,Makanan Instan,Mujigae Topokki 170 g,21.200
4010,Makanan,Makanan Instan,Nongshim Mi Kuah Instan Neoguri Udon 120 g,13.400
4011,Makanan,Makanan Instan,Mujigae Spicy Topokki 170 g,21.200
4012,Makanan,Makanan Instan,Lemonilo Mi Instan Goreng Pedas Korea 68 g,7.200
4013,Makanan,Makanan Instan,Lemonilo Mi Instan Goreng 65 g,7.200
4014,Makanan,Makanan Instan,Nongshim Shin Ramyun Gourmet Mi Goreng Pedas 131 g,14.900
4015,Makanan,Makanan Instan,Jolly Time Popcorn Fun Mania 100 g,35.000
4016,Makanan,Makanan Instan,Jolly Time Popcorn Blast O Butter 100 g,35.000
4017,Makanan,Makanan Instan,Jolly Time Popcorn Big Cheez 100 g,35.000
4018,Makanan,Makanan Instan,Paldo Mi Instan Volcano Kari Ayam 140 g,23.900
4019,Makanan,Makanan Instan,Ommason Teokbokki Instan Korea 180 g,14.900
4020,Makanan,Makanan Instan,Wonhae Rose Ramyun Mi Instan Goreng Saus Krim Rose 97 g,10.200
4021,Makanan,Makanan Instan,Bean Spot Family Food Nasi Kare Ayam Box 320 g,39.000
4022,Makanan,Makanan Instan,Bean Spot Family Food Nasi Rendang Daging Box 320 g,39.000
4023,Makanan,Makanan Instan,Indomie Mi Instan Soto Banjar 69 g,
4024,Makanan,Makanan Instan,Pop Mie Mi Instan Cup Tori Kara 70 g,
4025,Makanan,Makanan Instan,SuperMi Mi Instan Ayam Bawang 75 g,
4026,Makanan,Makanan Instan,Indomie Mi Instan Ayam Bawang 5 x 69 g,
4027,Makanan,Makanan Instan,Sarimi Mi Instan Baso Sapi 70 g,
4028,Makanan,Makanan Instan,Indomie Mi Instan Rasa Cakalang 75 g,
4029,Makanan,Makanan Instan,San Remo Pasta Spageti 500 g,
4030,Makanan,Makanan Instan,Gaga 100 Ekstra Pedas Mi Instan Goreng Lada Hitam 85 g,3.400
4031,Makanan,Makanan Instan,MamaSuka Topokki Original 132 g,17.900
4032,Makanan,Makanan Instan,Pop Mie Mi Instan Cup Goreng Fiery Chikin 74 g,4.900
4033,Makanan,Makanan Instan,Pop Mie Mi Instan Cup Baso 12 x 28 g - Karton,38.500
4034,Makanan,Makanan Instan,Nissin UFO Mi Goreng Instan Kari Pedas Cup 88 g,7.900
4035,Makanan,Makanan Instan,Sun Bell Tuna Chili Sauce 185 g,19.900
4036,Makanan,Makanan Instan,Sun Bell Tuna Bumbu Nasi Goreng 185 g,24.500
4037,Makanan,Makanan Instan,Sun Bell Tuna Chunk in Vegetable Oil 185 g,24.500
4038,Makanan,Makanan Instan,Nissin Mi Kuah Instan Kaldu Ayam Jepang Cup 62 g,7.000
4039,Makanan,Makanan Instan,Nissin UFO Mi Goreng Instan Saus Jepang Cup 88 g,7.900
4040,Makanan,Makanan Instan,Green Valley Mac and Cheese 200 g,25.500
4041,Makanan,Makanan Instan,Yava Granola Snack Chocolate Banana 125 g,21.900
4042,Makanan,Makanan Instan,MamaSuka Topokki Spicy Cheese 105 g,9.500
4043,Makanan,Makanan Instan,MamaSuka Topokki Rose Carbonara 105 g,9.500
4044,Makanan,Makanan Instan,Makaroniku Makaroni Instan Elbow Box 200 g,12.900
4045,Makanan,Makanan Instan,San Remo Pasta Mac and Cheese 120 g,27.000
4046,Makanan,Makanan Instan,San Remo Pasta & Saus Rasa Four Cheese 120 g,27.000
4047,Makanan,Makanan Instan,Nongshim Mi Kuah Instan Claypot Ramyun 120 g,14.900
4048,Makanan,Makanan Instan,Nongshim Ramyun Udang 120 g,14.900
4049,Makanan,Makanan Instan,MamaSuka Sup Krim Instan Jagung 55 g,8.900
4050,Makanan,Makanan Instan,SAN REMO Lasagna Instan 250 g,31.900
4051,Makanan,Makanan Instan,Nongshim Mi Kuah Instan Kimchi Ramyun Cup 117 g,21.900
4052,Makanan,Makanan Instan,Burung Layang Terbang Miesoa Mi Kuah Ayam Bawang 65 g,5.900
4053,Makanan,Makanan Instan,Burung Layang Terbang Mie Goreng Spesial 95 g,4.900
4054,Makanan,Makanan Instan,San Remo Pasta Instan Spageti 500 g,24.900
4055,Makanan,Makanan Instan,Arirang Bone Marrow Rice Noodle Kwetiau Instan Kuah Sumsum 70 g,11.000
4056,Makanan,Makanan Instan,Wong Coco Sweet Corn 425 gr,14.500
4057,Makanan,Makanan Instan,Bean Spot Family Food Nasi Daging Lada Hitam Box 320 g,39.000
4058,Makanan,Makanan Instan,Jolly Time Popcorn Fun Mania 43 g,19.500
4059,Makanan,Makanan Instan,Jolly Time Popcorn Blast O Butter 43 g,19.500
4060,Makanan,Makanan Instan,Jolly Time Popcorn Big Cheez 43 g,19.500
4061,Makanan,Makanan Instan,Paldo Hwa Ramyun Mi Instan Pedas 120 g,20.500
4062,Makanan,Makanan Instan,Paldo Jjajangmen Instan 200 g,26.700
4063,Makanan,Makanan Instan,Pop Mie Lapeer Time Mi Instan Cup Bakso 75 g,5.900
4064,Makanan,Makanan Instan,Sedaap Mi Instan Soto 5 x 75 g,13.000
4065,Makanan,Makanan Instan,Pop Mie Mi Lapeer Time Instan Cup Ayam 75 g,5.900
4066,Makanan,Makanan Instan,Nissin Irvins Mi Instan Rasa Telur Asin Pedas 117 g,11.900
4067,Makanan,Makanan Instan,Pop Mie Lapeer Time Mi Instan Cup Kari Ayam 75 g,5.900
4068,Makanan,Makanan Instan,Sedaap Mi Instan Goreng Selection Korean Ayam Pedas 87 g,3.200
4069,Makanan,Makanan Instan,Gekikara Ramen Mi Instan Goreng Carbonara Pedas Cup 104 g,15.700
4070,Makanan,Makanan Instan,Nissin Irvins Mi Instan Rasa Telur Asin 117 g,11.900
4071,Makanan,Makanan Instan,Pop Mie Mi Instan Cup Goreng 80 g,6.200
4072,Makanan,Makanan Instan,Sedaap Mi Instan Ayam Bawang 5 x 71 g,13.000
4073,Makanan,Makanan Instan,Sedaap Mi Instan Korean Keju Buldak 86 g,3.200
4074,Makanan,Makanan Instan,Wow Spageti Instan Carbonara 80 g,3.500
4075,Makanan,Makanan Instan,Indomie Mi Instan Goreng 5 x 80 g,
4076,Makanan,Makanan Instan,SAN REMO Pasta Fusilli 500 g,26.500
4077,Makanan,Makanan Instan,SAN REMO Pasta Fettuccine 500 g,24.900
4078,Makanan,Makanan Instan,San Remo La Pasta Jamur & Herb 120 g,27.000
4079,Makanan,Makanan Instan,Arirang Mie Instan Korea Soup Sumsum 110 g,15.900
4080,Makanan,Makanan Instan,Arirang Tasty Chicken Mie Instan Korea Goreng Ayam 130 g,15.900
4081,Makanan,Makanan Instan,Arirang Ekstra Pedas Mie Instan Goreng Pedas 130 g,15.900
4082,Makanan,Makanan Instan,Nissin Mi Ramen Kuah Instan Kari Jepang 100 g,7.000
4083,Makanan,Makanan Instan,Chee-Bhot Cuanki Instan Pedas Cup 65 g,16.900
4084,Makanan,Makanan Instan,Mommy Seblak Basah Instan Original Cup 100 g,14.900
4085,Makanan,Makanan Instan,MamaSuka Sup Krim Instan Sayur & Bawang 55 g,8.900
4086,Makanan,Makanan Instan,Nongshim Potato Mi Instan Sup 110 g,15.500
4087,Makanan,Makanan Instan,Crystal of The Sea Bubuk Ikan Teri Nasi 20 g,43.500
4088,Makanan,Makanan Instan,Crystal of The Sea Bubuk Udang 20 g,37.000
4089,Makanan,Makanan Instan,Crystal of The Sea Ikan Teri Nasi 80 g,52.500
4090,Makanan,Makanan Instan,Crystal of the Sea Dried Ebi 80 g,54.500
4091,Makanan,Makanan Instan,Tropicana Slim Mie Shirataki Instan Rasa Mie Goreng Istimewa 71 g,22.900
4092,Makanan,Makanan Instan,Arirang Curry Rice Vermicelli Bihun Instan Kuah Kari 73 g,11.000
4093,Makanan,Makanan Instan,Gaga 100 Extra Pedas Mie Instan Cup Kuah Soto 75 g,5.900
4094,Makanan,Makanan Instan,Best Wok Mi Instan Goreng Original 85 g,4.000
4095,Makanan,Makanan Instan,Best Wok Mi Instan Goreng Rasa Pedas 80 g,4.000
4096,Makanan,Makanan Instan,Best Wok Mi Instan Goreng Rasa Korean Spicy Cheese 73 g,4.500
4097,Makanan,Makanan Instan,Best Wok Mi Instan Goreng Rasa Xtra Hot Xtra Spicy 75 g,4.000
4098,Makanan,Makanan Instan,Green Valley Mac and Cheese Quattro Formaggi 200 g,28.900
4099,Makanan,Makanan Instan,Cancimen Cuanki Ramen Instan Seblak Pedas Cup 90 g,14.900
4100,Makanan,Makanan Instan,Arirang Mi Instan Kuah Spicy Kimchi 120 g,15.900
4101,Makanan,Makanan Instan,Rasa Juara Seblak Instan Original 130 g,19.900
4102,Makanan,Makanan Instan,Rasa Juara Cuanki Instan Ayam Bawang 100 g,19.900
4103,Makanan,Makanan Instan,Rasa Juara Seblak Instan Cup Original 60 g,16.500
4104,Makanan,Makanan Instan,Rasa Juara Batagor Kuah Instan Cup 55 g,16.500
4105,Makanan,Makanan Instan,Arirang Bone Marrow Rice Noodle Kwetiau Instan Kuah Sumsum Cup 160 g,58.500
4106,Makanan,Makanan Instan,Arirang Budae Jjigae Mie Instan Kuah Sup Daging Cup 240 g,58.500
4107,Makanan,Makanan Instan,Arirang Korean Beef Curry Mie Instan Kuah Kari Daging Sapi Cup 375 g,58.500
4108,Makanan,Makanan Instan,Best Wok Mi Instan Goreng Rasa Thai Chilli Lime 75 g,4.000
4109,Makanan,Makanan Instan,Green Valley Mac and Cheese Black Truffle 200 g,31.900
4110,Makanan,Makanan Instan,Macs Ready Mac and Cheese Makaroni dan Keju Siap Saji 150 g,22.900
4111,Makanan,Makanan Instan,Samyang Mi Instan Ramen Korean Kimchi 120 g,17.900
4112,Makanan,Makanan Instan,Nissin Cup Noodles Kaldu Seafood 58 g,7.900
4113,Makanan,Makanan Instan,Gelifood Seblak Mie Kuah Jontor 70 g,13.900
4114,Makanan,Makanan Instan,Gelifood Seblak Mie Kuah Keju Jontor 70 g,13.900
4115,Makanan,Makanan Instan,Momogi Signature Mi Instan Goreng Jagung Bakar 115 g,13.500
4116,Makanan,Makanan Instan,Momogi Signature Mi Instan Sup Kari Keju 110 g,13.500
4117,Makanan,Makanan Instan,Sedaap Mi Instan Korean Keju Buldak 86 g,3.200
4118,Makanan,Makanan Instan,Wow Spageti Instan Carbonara 80 g,3.500
4119,Makanan,Makanan Instan,Pop Mie Lapeer Time Mi Instan Cup Soto Ayam 75 g,5.900
4120,Makanan,Makanan Instan,Gekikara Ramen Mi Instan Goreng Carbonara Pedas 120 g,6.900
4121,Makanan,Makanan Instan,Mujigae Oden Otak-otak Ikan Khas Korea 65 g,9.900
4122,Makanan,Makanan Instan,Omoide Mi Udon Saus Carbonara 200 g,18.200
4123,Makanan,Makanan Instan,Sedaap Mi Instan Ayam Jerit Rawit 77 g,3.000
4124,Makanan,Makanan Instan,Gekikara Ramen Mi Instan Goreng Ayam Pedas Cup 100 g,15.700
4125,Makanan,Makanan Instan,MamaSuka Topokki Creamy 133 g,19.700
4126,Makanan,Makanan Instan,Sedaap Mi Instan Goreng Ala Chef Devina 93 g,3.200
4127,Makanan,Makanan Instan,Sedaap Mi Instan Goreng Ayam Bakar Limau 89 g,3.200
4128,Makanan,Makanan Instan,Kimbo Kitchen Bubur Ayam Pouch 250 g,11.000
4129,Makanan,Makanan Instan,Wonhae Cheese Ramyun Mi Instan Keju khas Korea 90 g,14.100
4130,Makanan,Makanan Instan,Mujigae Mi Instan Rapokki Pedas 260 g,19.900
4131,Makanan,Makanan Instan,Nongshim Mi Goreng Instan Toomba 137 g,18.200
4132,Makanan,Makanan Instan,La Fonte Pasta Chifferi Rigati 450 g,16.900
4133,Makanan,Makanan Instan,Omoide Mi Udon Sup Kake Dashi 150 g,15.100
4134,Makanan,Makanan Instan,Migelas Protevit Mi Instan Ayam Bawang 6 x 30 g,10.900
4135,Makanan,Makanan Instan,La Fonte Pasta Fettuccine 450 g,17.900
4136,Makanan,Makanan Instan,La Fonte Pasta Lasagna 230 g,21.900
4137,Makanan,"Roti, Selai, & Sereal",Nestle Koko Krunch Sereal Box 300 g,35.200
4138,Makanan,"Roti, Selai, & Sereal",Sari Roti Sandwich Isi Cokelat 46 g,6.000
4139,Makanan,"Roti, Selai, & Sereal",Alfamart Selai Cokelat 150 g,16.900
4140,Makanan,"Roti, Selai, & Sereal",Paroti Roti Bluder Isi Cokelat Doraemon 50 g,7.500
4141,Makanan,"Roti, Selai, & Sereal",Skippy Selai Kacang Creamy 170 g,30.800
4142,Makanan,"Roti, Selai, & Sereal",Nestle Sereal Honey Stars Pouch 70 g,13.400
4143,Makanan,"Roti, Selai, & Sereal",Naraya Oat Choco Sereal Cokelat 90 g,14.100
4144,Makanan,"Roti, Selai, & Sereal",Sari Kue by Sari Roti Dorayaki Stroberi 50 g,6.000
4145,Makanan,"Roti, Selai, & Sereal",Sari Kue by Sari Roti Dorayaki Martabak 53 g,6.000
4146,Makanan,"Roti, Selai, & Sereal",MyRoti Roti Sandwich Srikaya 46 g,4.500
4147,Makanan,"Roti, Selai, & Sereal",Quaker 3 in 1 Minuman Sereal Oat Cokelat Bag 8 x 28 g,23.700
4148,Makanan,"Roti, Selai, & Sereal",Simba Choco Chips Sereal Cup Susu Coklat 34 g,9.500
4149,Makanan,"Roti, Selai, & Sereal",Oreo Soft Cake Cokelat Vanila 6 x 16 g,20.100
4150,Makanan,"Roti, Selai, & Sereal",MyRoti Roti Sandwich Margarin Manis 46 g,4.500
4151,Makanan,"Roti, Selai, & Sereal",Kellogg's Froot Loops Sereal 55 g,11.700
4152,Makanan,"Roti, Selai, & Sereal",Morin Selai Cokelat Kacang 150 g,28.800
4153,Makanan,"Roti, Selai, & Sereal",Madurasa Madu Original Sachet 12 s,11.900
4154,Makanan,"Roti, Selai, & Sereal",Paroti Steamed Cheese Cake Banana 60 g,7.000
4155,Makanan,"Roti, Selai, & Sereal",Paroti Ring Cake Keju 40 g,5.500
4156,Makanan,"Roti, Selai, & Sereal",Alfamart Selai Stroberi 225 g,20.900
4157,Makanan,"Roti, Selai, & Sereal",Nestle Koko Krunch Sereal Box 150 g,25.100
4158,Makanan,"Roti, Selai, & Sereal",Quaker Oatmeal Instan 800 g,55.100
4159,Makanan,"Roti, Selai, & Sereal",MyRoti Roti Danish Keju 200 g,16.500
4160,Makanan,"Roti, Selai, & Sereal",Ceres Spread Selai Choco Double Hazelnut 350 g,54.100
4161,Makanan,"Roti, Selai, & Sereal",Ceres Hagelslag Cokelat Meses Klasik 140 g,26.100
4162,Makanan,"Roti, Selai, & Sereal",Tresno Joyo Madu TJ Jahe Merah Mint Botol 150 g,24.900
4163,Makanan,"Roti, Selai, & Sereal",Bean Spot Roti Babka Cokelat Kacang,9.000
4164,Makanan,"Roti, Selai, & Sereal",Sari Roti Tawar Soft Rasa Susu Jumbo 540 g,17.500
4165,Makanan,"Roti, Selai, & Sereal",Nestle Koko Krunch Sereal Bag 70 g,11.000
4166,Makanan,"Roti, Selai, & Sereal",Sari Roti Tawar Jumbo 555 g,18.000
4167,Makanan,"Roti, Selai, & Sereal",Sari Roti Klasik Kasur Krim Messes 185 g,11.500
4168,Makanan,"Roti, Selai, & Sereal",Sari Roti Tawar 370 g,14.000
4169,Makanan,"Roti, Selai, & Sereal",Sari Roti Sobek Cokelat 204 g,17.000
4170,Makanan,"Roti, Selai, & Sereal",Sari Roti Sobek Cokelat Keju 214 g,17.000
4171,Makanan,"Roti, Selai, & Sereal",Sari Roti Tawar Kupas 200 g,18.000
4172,Makanan,"Roti, Selai, & Sereal",Ceres Hagelslag Cokelat Meses Klasik 80 g,16.500
4173,Makanan,"Roti, Selai, & Sereal",Nestle Trix Sereal Rasa Buah Cup 30 g,10.200
4174,Makanan,"Roti, Selai, & Sereal",Nestle Koko Krunch Sereal Cup 30 g,7.900
4175,Makanan,"Roti, Selai, & Sereal",La Terrase Roti Tawar 350 g,
4176,Makanan,"Roti, Selai, & Sereal",Royal Bakery Roti Sobek Cokelat Keju 350 g,
4177,Makanan,"Roti, Selai, & Sereal",Bean Spot Roti Danish Cheese 55 g,
4178,Makanan,"Roti, Selai, & Sereal",La Terrase Roti Kacang Merah 80 g,
4179,Makanan,"Roti, Selai, & Sereal",Bean Spot Roti Keju Susu,
4180,Makanan,"Roti, Selai, & Sereal",Ceres Spread Selai Choco Hazelnut & Milk 350 g,
4181,Makanan,"Roti, Selai, & Sereal",Sari Roti Sandwich Gandum Krim Keju 46 g,
4182,Makanan,"Roti, Selai, & Sereal",Nestle Milo Sereal Active Go 150 g,
4183,Makanan,"Roti, Selai, & Sereal",Nusantara Madu Super Botol 250 ml,
4184,Makanan,"Roti, Selai, & Sereal",Nestle Sereal Honey Stars Box 150 g,
4185,Makanan,"Roti, Selai, & Sereal",MyRoti Roti Steam Cake Rasa Putu Pandan 71 g,9.500
4186,Makanan,"Roti, Selai, & Sereal",Sari Roti Sandwich Rasa Pandan Isi Selai Sarikaya 49 g,6.000
4187,Makanan,"Roti, Selai, & Sereal",Sari Roti Kasur Susu 162 g,11.500
4188,Makanan,"Roti, Selai, & Sereal",Aice Mooochii Kue Mochi Rasa Kacang Merah 32 g,5.000
4189,Makanan,"Roti, Selai, & Sereal",Sari Kue by Sari Roti Cheese Cake Original 55 g,9.500
4190,Makanan,"Roti, Selai, & Sereal",Sari Roti Sandwich Choco Blast 45 g,6.000
4191,Makanan,"Roti, Selai, & Sereal",Quaker 3 in 1 Minuman Sereal Oat Vanila Bag 8 x 28 g,23.700
4192,Makanan,"Roti, Selai, & Sereal",Sari Roti Sisir Mentega 155 g,11.000
4193,Makanan,"Roti, Selai, & Sereal",Kartika Toast Hampers Kue Kering Isi 5 pcs,159.900
4194,Makanan,"Roti, Selai, & Sereal",Quaker Quick Cook Oatmeal 800 g,52.900
4195,Makanan,"Roti, Selai, & Sereal",Paroti Roti Sisir Mentega 80 g,8.000
4196,Makanan,"Roti, Selai, & Sereal",Sari Roti Tawar Milky Soft 360 g,14.000
4197,Makanan,"Roti, Selai, & Sereal",MyRoti Roti Tawar Klasik 15 s,16.000
4198,Makanan,"Roti, Selai, & Sereal",Paroti Roti Pisang Coklat 70 g,6.000
4199,Makanan,"Roti, Selai, & Sereal",5Days Roti Croissant Isi Fla Keju 60 g,7.300
4200,Makanan,"Roti, Selai, & Sereal",Energen Minuman Sereal Cokelat 10 x 30 g,29.100
4201,Makanan,"Roti, Selai, & Sereal",Nestle Milo Sereal Cup 30 g,7.900
4202,Makanan,"Roti, Selai, & Sereal",Energen Minuman Sereal Vanilla 10 x 29 g,27.100
4203,Makanan,"Roti, Selai, & Sereal",MyRoti Roti Pie Isi Keju 67 g,7.500
4204,Makanan,"Roti, Selai, & Sereal",MyRoti Roti Tawar Lembut Premium 6 s,15.000
4205,Makanan,"Roti, Selai, & Sereal",Alfamart Meses Doraemon Susu 90 g,9.900
4206,Makanan,"Roti, Selai, & Sereal",5Days Roti Croissant Isi Pasta Cokelat 60 g,5.800
4207,Makanan,"Roti, Selai, & Sereal",Ceres Spread Selai Choco Hazelnut 180 g,24.900
4208,Makanan,"Roti, Selai, & Sereal",Sari Roti ZuperrCreamy Sandwich Isi Krim Stroberi 43 g,5.000
4209,Makanan,"Roti, Selai, & Sereal",Sari Kue by Sari Roti Waffle Rasa Original 35 g,5.000
4210,Makanan,"Roti, Selai, & Sereal",MyRoti Roti Sobek Cokelat Keju 225 g,16.500
4211,Makanan,"Roti, Selai, & Sereal",Quaker Oatmeal Instan 200 g,14.900
4212,Makanan,"Roti, Selai, & Sereal",Simba Choco Chips Sereal Cokelat 45 g,8.500
4213,Makanan,"Roti, Selai, & Sereal",Pia 100 Kue Pia Cokelat & Kacang Hijau 138 g,12.900
4214,Makanan,"Roti, Selai, & Sereal",Sari Kue by Sari Roti Dorayaki Cokelat 55 g,6.000
4215,Makanan,"Roti, Selai, & Sereal",5Days Croissant Mini Creamy Cokelat 128 g,15.000
4216,Makanan,"Roti, Selai, & Sereal",Paroti Roti Isi Krim Meses Doraemon 40 g,3.500
4217,Makanan,"Roti, Selai, & Sereal",Sari Roti Sandwich Isi Krim Keju 49 g,6.000
4218,Makanan,"Roti, Selai, & Sereal",Sari Roti Kasur Keju 180 g,14.000
4219,Makanan,"Roti, Selai, & Sereal",Sari Roti Isi Cokelat Keju 55 g,5.000
4220,Makanan,"Roti, Selai, & Sereal",Paroti Roti Krim Meses 200 g,13.500
4221,Makanan,"Roti, Selai, & Sereal",Bean Spot Roti Cokelat Keju,9.000
4222,Makanan,"Roti, Selai, & Sereal",Sari Roti Isi Cokelat 55 g,5.000
4223,Makanan,"Roti, Selai, & Sereal",MyRoti Roti Sandwich Keju 46 g,4.500
4224,Makanan,"Roti, Selai, & Sereal",Sari Roti ZuperrCreamy Sandwich Isi Krim Cokelat 45 g,5.000
4225,Makanan,"Roti, Selai, & Sereal",Sari Roti Tawar Gandum 350 g,22.000
4226,Makanan,"Roti, Selai, & Sereal",5Days Roti Croissant Isi Selai Mixed Berries 60 g,5.800
4227,Makanan,"Roti, Selai, & Sereal",Sari Roti Sobek Cokelat Sarikaya 214 g,18.000
4228,Makanan,"Roti, Selai, & Sereal",MyRoti Roti Pie Isi Cokelat 67 g,7.500
4229,Makanan,"Roti, Selai, & Sereal",Sari Roti Sobek Duo Cokelat 72 g,8.000
4230,Makanan,"Roti, Selai, & Sereal",Paroti Roti Bagelen Keju 78 g,17.900
4231,Makanan,"Roti, Selai, & Sereal",Paroti Roti Sisir Keju 35 g,4.000
4232,Makanan,"Roti, Selai, & Sereal",Paroti Roti Sisir Mentega 140 g,11.000
4233,Makanan,"Roti, Selai, & Sereal",Alfamart Selai Stroberi 150 g,11.500
4234,Makanan,"Roti, Selai, & Sereal",Kellogg's Coco Fills Sereal Gandum isi Cokelat Box 150 g,28.400
4235,Makanan,"Roti, Selai, & Sereal",Sari Roti Kasur Klasik Krim Cokelat 200 g,16.000
4236,Makanan,"Roti, Selai, & Sereal",5Days Roti Croissant Isi Fla Cokelat Pisang 60 g,7.300
4237,Makanan,"Roti, Selai, & Sereal",MyRoti Roti Sandwich Cokelat 46 g,4.500
4238,Makanan,"Roti, Selai, & Sereal",Alfamart Meses Doraemon Klasik 90 g,9.900
4239,Makanan,"Roti, Selai, & Sereal",Ceres Cokelat Meses Susu 80 g,16.500
4240,Makanan,"Roti, Selai, & Sereal",Paroti Roti Isi Krim Meses 40 g,3.500
4241,Makanan,"Roti, Selai, & Sereal",nutella Hazelnut Cocoa Spread 200 g,53.600
4242,Makanan,"Roti, Selai, & Sereal",Paroti Steam Cake Double Choco 35 g,3.500
4243,Makanan,"Roti, Selai, & Sereal",Kartika Toast Cookies Almond 51 g,10.000
4244,Makanan,"Roti, Selai, & Sereal",Sari Choco Selai Cokelat 150 g,24.000
4245,Makanan,"Roti, Selai, & Sereal",Kellogg's Froot Loops Sereal 150 g,20.100
4246,Makanan,"Roti, Selai, & Sereal",Simba Choco Chips Sereal Cup Susu Putih 34 g,9.500
4247,Makanan,"Roti, Selai, & Sereal",Paroti Roti Bagelen Vanila 72 g,17.500
4248,Makanan,"Roti, Selai, & Sereal",MyRoti Roti Sobek Cokelat 225 g,16.500
4249,Makanan,"Roti, Selai, & Sereal",MyRoti Roti Tawar Funwari Gandum 15 s,24.000
4250,Makanan,"Roti, Selai, & Sereal",Paroti Kue Dorayaki Rasa Cokelat 65 g,6.000
4251,Makanan,"Roti, Selai, & Sereal",Sari Roti Tawar Klasik 360 g,12.500
4252,Makanan,"Roti, Selai, & Sereal",Sari Roti ZuperrCreamy Isi Krim Keju 55 g,5.000
4253,Makanan,"Roti, Selai, & Sereal",Paroti Roti Gulung Isi Selai Cokelat 60 g,6.500
4254,Makanan,"Roti, Selai, & Sereal",Sari Roti Tawar Double Soft 360 g,19.000
4255,Makanan,"Roti, Selai, & Sereal",Sari Roti ZuperrCreamy Isi Krim Cokelat 55 g,5.000
4256,Makanan,"Roti, Selai, & Sereal",MyRoti Roti Tawar Gandum 10 s,20.000
4257,Makanan,"Roti, Selai, & Sereal",Tresno Joyo Madu TJ Murni Botol 150 g,28.700
4258,Makanan,"Roti, Selai, & Sereal",Ceres Cokelat Meses Festive Warna Warni 80 g,16.500
4259,Makanan,"Roti, Selai, & Sereal",MyRoti Roti Steam Cake Rasa Keju 80 g,9.500
4260,Makanan,"Roti, Selai, & Sereal",Uray Madu Murni Alami 150 g,21.500
4261,Makanan,"Roti, Selai, & Sereal",Energen Minuman Sereal Kacang Hijau 10 x 30 g,29.100
4262,Makanan,"Roti, Selai, & Sereal",Nestle Trix Sereal Rasa Buah Box 150 g,15.200
4263,Makanan,"Roti, Selai, & Sereal",Sari Roti Sobek Duo Cokelat Keju 72 g,8.500
4264,Makanan,"Roti, Selai, & Sereal",Naraya Oat Choco Sereal Original 90 g,14.100
4265,Makanan,"Roti, Selai, & Sereal",Aice Mooochii Kue Mochi Rasa Cokelat 32 g,5.000
4266,Makanan,"Roti, Selai, & Sereal",MyRoti Roti Steam Cake Rasa Cokelat 80 g,9.500
4267,Makanan,"Roti, Selai, & Sereal",Paroti Roti Soes Snack Stroberi 72 g,12.900
4268,Makanan,"Roti, Selai, & Sereal",MyRoti Roti Steam Cake Rasa Cokelat Keju 71 g,9.500
4269,Makanan,"Roti, Selai, & Sereal",Tresno Joyo Madu TJ Kurma Botol 150 g,19.300
4270,Makanan,"Roti, Selai, & Sereal",Energen Champion Minuman Sereal Bubuk Cokelat Sachet 10 x 24 g,19.900
4271,Makanan,"Roti, Selai, & Sereal",Goldenfil Selai Choco Crunchy 350 g,36.100
4272,Makanan,"Roti, Selai, & Sereal",Champion Minuman Serbuk Cokelat Bag 4 x 24 g,10.900
4273,Makanan,"Roti, Selai, & Sereal",Morin Selai Kaya 170 g,23.300
4274,Makanan,"Roti, Selai, & Sereal",Alfamart Selai Kacang 120 g,21.000
4275,Makanan,"Roti, Selai, & Sereal",Morin Selai Stroberi 170 g,27.300
4276,Makanan,"Roti, Selai, & Sereal",Paroti Roti Bluder isi Keju Doraemon 50 g,8.000
4277,Makanan,"Roti, Selai, & Sereal",MyRoti Roti Sobek Cokelat Susu 225 g,16.500
4278,Makanan,"Roti, Selai, & Sereal",Sari Kue Dorayaki Pandan Srikaya 53 g,6.000
4279,Makanan,"Roti, Selai, & Sereal",Simba Choco Chips Sereal Cokelat 150 g,18.900
4280,Makanan,"Roti, Selai, & Sereal",Simba Choco Chips Sereal Cup Susu Stroberi 34 g,9.500
4281,Makanan,"Roti, Selai, & Sereal",Morin Selai Kacang Creamy 150 g,26.800
4282,Makanan,"Roti, Selai, & Sereal",Paroti Roti Kukus Cheese Cake 60 g,
4283,Makanan,"Roti, Selai, & Sereal",Arla Cheesy Spread Keju Oles 140 g,
4284,Makanan,"Roti, Selai, & Sereal",Bean Spot Roti Abon,
4285,Makanan,"Roti, Selai, & Sereal",Bean Spot Roti Danish Chocolate 55 g,
4286,Makanan,"Roti, Selai, & Sereal",Bean Spot Roti Pizza Cheezy Cheese,
4287,Makanan,"Roti, Selai, & Sereal",Bean Spot Roti Cinnamon Roll 90 g,
4288,Makanan,"Roti, Selai, & Sereal",Bean Spot Roti Pizza Pepperoni,
4289,Makanan,"Roti, Selai, & Sereal",MyRoti Roti Tawar Daily 10 s,
4290,Makanan,"Roti, Selai, & Sereal",Bean Spot Roti Moka,
4291,Makanan,"Roti, Selai, & Sereal",Bean Spot Roti Pandan Skrikaya,
4292,Makanan,"Roti, Selai, & Sereal",Bean Spot Roti Sosis Pedas,
4293,Makanan,"Roti, Selai, & Sereal",Diarra Madu Akasia Murni Botol 150 g,
4294,Makanan,"Roti, Selai, & Sereal",Bean Spot Roti Ayam,
4295,Makanan,"Roti, Selai, & Sereal",Bean Spot Bapao AYam Teriyaki,
4296,Makanan,"Roti, Selai, & Sereal",Vanessa Roti Manis Cream Keju,
4297,Makanan,"Roti, Selai, & Sereal",Sedap Jaya Roti Manis Rokey 150 g,
4298,Makanan,"Roti, Selai, & Sereal",Mekar Bakery Roti Krim Meses 300 g,
4299,Makanan,"Roti, Selai, & Sereal",Vanessa Roti Manis Pisang Coklat,
4300,Makanan,"Roti, Selai, & Sereal",Vanessa Roti Sandwich White Cokelat 35 g,
4301,Makanan,"Roti, Selai, & Sereal",Vanessa Roti Sandwich Cokelat 35 g,
4302,Makanan,"Roti, Selai, & Sereal",Carmel Roti Isi Susu Vanila 60 g,
4303,Makanan,"Roti, Selai, & Sereal",Sedap Jaya Roti Manis Broncheese 120 g,
4304,Makanan,"Roti, Selai, & Sereal",Top Baker Roti Pocket Sandwich Cokelat 50 g,
4305,Makanan,"Roti, Selai, & Sereal",Mekar Bakery Roti Srikaya 260 g,
4306,Makanan,"Roti, Selai, & Sereal",Top Baker Roti Pocket Sandwich Kacang 50 g,
4307,Makanan,"Roti, Selai, & Sereal",Bean Spot Roti Cokelat Pisang,
4308,Makanan,"Roti, Selai, & Sereal",Mekar Bakery Roti Sisir Cokelat 280 g,
4309,Makanan,"Roti, Selai, & Sereal",Win Win Roti Tawar Manis 330 g,
4310,Makanan,"Roti, Selai, & Sereal",Win Win Roti Tawar Jumbo Manis 600 g,
4311,Makanan,"Roti, Selai, & Sereal",Energen Minuman Sereal Kacang Hijau 20 x 30 g,
4312,Makanan,"Roti, Selai, & Sereal",MyRoti Roti Danish Cokelat 200 g,16.500
4313,Makanan,"Roti, Selai, & Sereal",Kartika Toast Hampers Kue Kering Mini Isi 3 pcs,64.500
4314,Makanan,"Roti, Selai, & Sereal",Puck Keju Oles Krim Jar 140 g,34.400
4315,Makanan,"Roti, Selai, & Sereal",Oreo Soft Cake Cokelat Vanila 3 x 16 g,11.400
4316,Makanan,"Roti, Selai, & Sereal",Kartika Toast Hampers Kue Kering Isi 3 pcs,89.900
4317,Makanan,"Roti, Selai, & Sereal",Win Win Roti Sobek 3 Rasa 325 g,
4318,Makanan,"Roti, Selai, & Sereal",Bean Spot Roti Maxbun Pandan,
4319,Makanan,"Roti, Selai, & Sereal",Win Win Roti Spesial Cokelat Keju 160 g,
4320,Makanan,"Roti, Selai, & Sereal",Win Win Roti Sobek Keju 350 g,
4321,Makanan,"Roti, Selai, & Sereal",Bean Spot Roti Pizza Keju,
4322,Makanan,"Roti, Selai, & Sereal",Bean Spot Roti Pisang Cokelat,
4323,Makanan,"Roti, Selai, & Sereal",Bean Spot Roti Krim Susu,
4324,Makanan,"Roti, Selai, & Sereal",Bean Spot Roti Pizza Chicken Bellpepper,
4325,Makanan,"Roti, Selai, & Sereal",Mekar Bakery Roti Konde Cokelat 330 g,
4326,Makanan,"Roti, Selai, & Sereal",Win Win Roti Sobek Cokelat 350 g,
4327,Makanan,"Roti, Selai, & Sereal",Mekar Bakery Roti Keju 260 g,
4328,Makanan,"Roti, Selai, & Sereal",MyRoti Roti Sandwich Nanas 46 g,
4329,Makanan,"Roti, Selai, & Sereal",Ankin Kuraiba Kue 80 g,
4330,Makanan,"Roti, Selai, & Sereal",Ta Ijah Kue Kering Pica Pia 85 g,
4331,Makanan,"Roti, Selai, & Sereal",Gut Cookies Kue Cokelat 85 g,
4332,Makanan,"Roti, Selai, & Sereal",Top Baker Roti Japanese Steamed Cake Original 60 g,
4333,Makanan,"Roti, Selai, & Sereal",Vanessa Roti Keju Coklat,
4334,Makanan,"Roti, Selai, & Sereal",Vanessa Roti Keju Susu,
4335,Makanan,"Roti, Selai, & Sereal",Carmel Roti Krim Meses Kacang 200 g,
4336,Makanan,"Roti, Selai, & Sereal",Citra Sari Wangi Kue Pia Kacang Hijau 9 pcs,
4337,Makanan,"Roti, Selai, & Sereal",Mekar Bakery Roti Tawar Kupas 340 g,
4338,Makanan,"Roti, Selai, & Sereal",Prambaru Roti Tawar Sandwich,
4339,Makanan,"Roti, Selai, & Sereal",Royal Bakery Roti Tawar Kupas 400 g,
4340,Makanan,"Roti, Selai, & Sereal",Paroti Roti Tawar Panjang 350 g,
4341,Makanan,"Roti, Selai, & Sereal",Top Baker Roti Tawar Kulit Sandwich 550 g,
4342,Makanan,"Roti, Selai, & Sereal",Vanessa Roti Tawar Kupas,
4343,Makanan,"Roti, Selai, & Sereal",Paparotti Selai Srikaya Cup 180 g,
4344,Makanan,"Roti, Selai, & Sereal",Carmel Mooncake Kacang Hijau 60 g,
4345,Makanan,"Roti, Selai, & Sereal",Morning Bakery Roti Tawar Kulit,
4346,Makanan,"Roti, Selai, & Sereal",Top Baker Roti Kentang Isi Cokelat 280 g,
4347,Makanan,"Roti, Selai, & Sereal",Top Baker Roti Cokelat Bun 270 g,
4348,Makanan,"Roti, Selai, & Sereal",Probitas Roti Bagelen 220 g,
4349,Makanan,"Roti, Selai, & Sereal",Royal Bakery Roti Tawar 21 s,
4350,Makanan,"Roti, Selai, & Sereal",Carmel Roti Panjang Isi Cokelat 60 g,
4351,Makanan,"Roti, Selai, & Sereal",bean SPOT Jajanan Pasar Pie Susu,
4352,Makanan,"Roti, Selai, & Sereal",Top Baker Roti Ketang Isi Custard 280 g,
4353,Makanan,"Roti, Selai, & Sereal",Prambaru Roti Tawar Kecil,
4354,Makanan,"Roti, Selai, & Sereal",Top Baker Roti Tawar Susu Kalsium Tinggi 400 g,
4355,Makanan,"Roti, Selai, & Sereal",Sedap Jaya Roti Manis Cokelat Keju 98 g,
4356,Makanan,"Roti, Selai, & Sereal",Vanessa Roti Tawar Pandan,
4357,Makanan,"Roti, Selai, & Sereal",Royal Bakery Roti Sobek Cokelat Talas 350 g,
4358,Makanan,"Roti, Selai, & Sereal",Vanessa Roti Tawar Gandum,
4359,Makanan,"Roti, Selai, & Sereal",Top Baker Roti Gulung Cokelat 55 g,
4360,Makanan,"Roti, Selai, & Sereal",Vanessa Roti Tawar Kulit,
4361,Makanan,"Roti, Selai, & Sereal",Royal Bakery Roti Sobek Cokelat Black Forest 350 g,
4362,Makanan,"Roti, Selai, & Sereal",Morning Bakery Roti Tawar Kupas Pandan 290 g,
4363,Makanan,"Roti, Selai, & Sereal",Vanessa Roti Creamball isi Krim Meses,
4364,Makanan,"Roti, Selai, & Sereal",Morning Bakery Roti Kasur Kaya Pandan,
4365,Makanan,"Roti, Selai, & Sereal",Carmel Roti Krim Meses Choco 200 g,
4366,Makanan,"Roti, Selai, & Sereal",Morning Bakery Roti Coffee Boy 210 g,
4367,Makanan,"Roti, Selai, & Sereal",Prambaru Roti Semir Mocca,
4368,Makanan,"Roti, Selai, & Sereal",Morning Bakery Roti Sobek Coklat 210 g,
4369,Makanan,"Roti, Selai, & Sereal",Top Baker Roti Kaya Bun 270 g,
4370,Makanan,"Roti, Selai, & Sereal",Mekar Bakery Roti Isi Kelapa 220 g,
4371,Makanan,"Roti, Selai, & Sereal",Top Baker Roti Kentang Gulung Bluberi 55 g,
4372,Makanan,"Roti, Selai, & Sereal",Top Baker Roti Japanese Steamed Cake Cokelat 60 g,
4373,Makanan,"Roti, Selai, & Sereal",Sedap Jaya Roti Manis 4 Rasa 220 g,
4374,Makanan,"Roti, Selai, & Sereal",Carmel Roti Sisir Mentega 70 g,
4375,Makanan,"Roti, Selai, & Sereal",Top Baker Roti Japanese Steamed Cake Pandan 60 g,
4376,Makanan,"Roti, Selai, & Sereal",Carmel Krim Meses Choco 80 g,
4377,Makanan,"Roti, Selai, & Sereal",Flora Madu Hutan Tropis Botol 350 ml,51.500
4378,Makanan,"Roti, Selai, & Sereal",Sari Kue Lapis Bamkuhen Cokelat 45 g,10.500
4379,Makanan,"Roti, Selai, & Sereal",Tresno Joyo Madu TJ Panas Dalam Botol 150 g,34.200
4380,Makanan,"Roti, Selai, & Sereal",MyRoti Roti Danish Cokelat 60 g,7.500
4381,Makanan,"Roti, Selai, & Sereal",MY ROTI Roll Funwari Roti Keju 67 g,6.000
4382,Makanan,"Roti, Selai, & Sereal",Bean Spot Roti Keju Manis,9.000
4383,Makanan,"Roti, Selai, & Sereal",Bean Spot Roti Baso Ayam,9.000
4384,Makanan,"Roti, Selai, & Sereal",Carmel Roti Sisir Mentega 140 g,
4385,Makanan,"Roti, Selai, & Sereal",Bean Spot Roti Pisang Cokelat,
4386,Makanan,"Roti, Selai, & Sereal",Vanessa Roti Lima Rasa,
4387,Makanan,"Roti, Selai, & Sereal",Top Baker Roti Gulung Jagung 55 g,
4388,Makanan,"Roti, Selai, & Sereal",Sedap Jaya Roti Manis 2 Rasa Besar 290 g,
4389,Makanan,"Roti, Selai, & Sereal",Mekar Bakery Roti Tawar Panjang 380 g,
4390,Makanan,"Roti, Selai, & Sereal",Bean Spot Pizza Sosis,
4391,Makanan,"Roti, Selai, & Sereal",Prambaru Roti Semir Special,
4392,Makanan,"Roti, Selai, & Sereal",Sedap Jaya Roti Manis 2 Rasa Meses 270 g,
4393,Makanan,"Roti, Selai, & Sereal",Mekar Bakery Roti Tawar Susu 350 g,
4394,Makanan,"Roti, Selai, & Sereal",Carmel Kompiang Roti Sobek Cokelat 200 g,
4395,Makanan,"Roti, Selai, & Sereal",Sedap Jaya Roti Tawar Susu Spesial 540 g,
4396,Makanan,"Roti, Selai, & Sereal",Carmel Mooncake Cokelat 60 g,
4397,Makanan,"Roti, Selai, & Sereal",Asppoba Bolu Kreezz 130 g,
4398,Makanan,"Roti, Selai, & Sereal",Asppoba Bolu Munyes 12 pcs,
4399,Makanan,"Roti, Selai, & Sereal",Goldenfil Choco Crunchy Topping 1 kg,67.900
4400,Makanan,"Roti, Selai, & Sereal",Nestle Milo Sereal Active Go 300 g,39.000
4401,Makanan,"Roti, Selai, & Sereal",Kellogg's Sereal Corn Flakes 500 g,46.500
4402,Makanan,"Roti, Selai, & Sereal",Simba Sereal Choco Chips Stroberi 150 g,17.500
4403,Makanan,"Roti, Selai, & Sereal",Simba Makura Sereal Isi Krim Coklat Pouch 80 g,9.500
4404,Makanan,"Roti, Selai, & Sereal",Kellogg's Sereal Granola Dark Chocolate Pouch 220 g,42.900
4405,Makanan,"Roti, Selai, & Sereal",Kellogg's Sereal Granola Mixed Berries Pouch 220 g,42.900
4406,Makanan,"Roti, Selai, & Sereal",Morin Selai Topping Stroberi 300 g,21.900
4407,Makanan,"Roti, Selai, & Sereal",Morin Selai Topping Cokelat 300 g,25.900
4408,Makanan,"Roti, Selai, & Sereal",Kitkat Sereal Cokelat Box 330 g,49.900
4409,Makanan,"Roti, Selai, & Sereal",Madurasa Madu Jahe Merah Lemon 160 g,19.500
4410,Makanan,"Roti, Selai, & Sereal",Francis Granola Walnut & Cranberry 45 g,9.400
4411,Makanan,"Roti, Selai, & Sereal",Francis Granola Mix Fruit Crunchy 45 g,9.400
4412,Makanan,"Roti, Selai, & Sereal",Madurasa Madu Rasa Jeruk Nipis Box 12 sachet,11.900
4413,Makanan,"Roti, Selai, & Sereal",MyRoti Roti Isi Krim Susu 58 g,5.000
4414,Makanan,"Roti, Selai, & Sereal",Bean Spot Roti Original Choco Cheese Bun,10.000
4415,Makanan,"Roti, Selai, & Sereal",Pondan Sirup Maple Sachet 12 x 40 ml,39.900
4416,Makanan,"Roti, Selai, & Sereal",Tong Garden Crunchy Selai Peanut Butter 340 g,39.900
4417,Makanan,"Roti, Selai, & Sereal",Tong Garden Selai Peanut Butter Unsweetened Crunchy 340 g,42.900
4418,Makanan,"Roti, Selai, & Sereal",Madu Enak Murni Botol 910 g,104.900
4419,Makanan,"Roti, Selai, & Sereal",Madu Enak Sachet Original 12 s,9.900
4420,Makanan,"Roti, Selai, & Sereal",Quaker Oatmeal Instan 1.2 kg,67.000
4421,Makanan,"Roti, Selai, & Sereal",Sari Roti Croissant Isi Cokelat 70 g,12.000
4422,Makanan,"Roti, Selai, & Sereal",Ceres Hagelslag Festive Cokelat Meses Warna Warni 140 g,24.500
4423,Makanan,"Roti, Selai, & Sereal",Morin Selai Nanas 170 g,19.900
4424,Makanan,"Roti, Selai, & Sereal",Energen Minuman Sereal Cokelat 20 x 34 g,49.900
4425,Makanan,"Roti, Selai, & Sereal",Energen Minuman Sereal Vanila 20 x 32 g,49.900
4426,Makanan,"Roti, Selai, & Sereal",Morin Selai Pandan Kaya 170 g,21.000
4427,Makanan,"Roti, Selai, & Sereal",Tropicana Slim Selai Stroberi Dengan Biji Chia 375 g,87.900
4428,Makanan,"Roti, Selai, & Sereal",Simba Choco Chips Sereal Cokelat 220 g,26.900
4429,Makanan,"Roti, Selai, & Sereal",Ceres Hagelslag Cokelat Meses Susu 140 g,24.500
4430,Makanan,"Roti, Selai, & Sereal",Madurasa Madu Murni Botol 910 g,112.500
4431,Makanan,"Roti, Selai, & Sereal",Kojima Korma Jinten Madu Botol 140 ml,25.000
4432,Makanan,"Roti, Selai, & Sereal",Tropicana Slim Topping Madu Bebas Gula 350 ml,77.500
4433,Makanan,"Roti, Selai, & Sereal",Quick Fresh Madu Asli Toples 500 g,50.900
4434,Makanan,"Roti, Selai, & Sereal",Tropicana Slim Selai Cokelat 300 g,111.900
4435,Makanan,"Roti, Selai, & Sereal",Madu Enak Stik Anggur 20 pcs,14.900
4436,Makanan,"Roti, Selai, & Sereal",Noccio Selai Kacang Creamy 340 g,44.900
4437,Makanan,"Roti, Selai, & Sereal",Aice Mooochii Kue Mochi Rasa Wijen Hitam 32 g,5.000
4438,Makanan,"Roti, Selai, & Sereal",Madurasa Madu Original Botol 150 g,18.500
4439,Makanan,"Roti, Selai, & Sereal",MyRoti Roti Gulung Danish Rasa Tripel Keju 60 g,7.500
4440,Makanan,"Roti, Selai, & Sereal",Paroti Roti Isi Krim Messes 200 g,16.000
4441,Makanan,"Roti, Selai, & Sereal",Tresno Joyo Sari Kurma TJ Botol 250 ml,23.300
4442,Makanan,"Roti, Selai, & Sereal",Baked ID Kue Palm Cheese 53 g,10.900
4443,Makanan,"Roti, Selai, & Sereal",Tresno Joyo Madu TJ Lemon Botol 150 g,30.100
4444,Makanan,"Roti, Selai, & Sereal",MyRoti Roti Pie Isi Matcha 67 g,7.500
4445,Makanan,"Roti, Selai, & Sereal",Nusantara Madu Murni Botol 250 ml,56.800
4446,Makanan,"Roti, Selai, & Sereal",Aice Mooochii Kue Mochi Rasa Kacang Merah 32 g,5.000
4447,Makanan,"Roti, Selai, & Sereal",DelfiOrion Custas Soft Cup Cake 138 g,24.200
4448,Makanan,"Roti, Selai, & Sereal",5Days Roti Croissant Isi Selai Srikaya Pandan 60 g,7.300
4449,Makanan,"Roti, Selai, & Sereal",Sari Kue Lapis Bamkuhen 45 g,10.500
4450,Makanan,"Roti, Selai, & Sereal",Nadesha Kue Gambang 10 pcs,10.300
4451,Makanan,"Roti, Selai, & Sereal",Ovomaltine Crunchy Cream 230 g,72.400
4452,Makanan,"Roti, Selai, & Sereal",MyRoti Roti Sobek 2 Cokelat 115 g,8.500
4453,Makanan,"Roti, Selai, & Sereal",Tresno Joyo Madu TJ Murni Botol 500 g,77.900
4454,Makanan,"Roti, Selai, & Sereal",MyRoti Roti Steam Cake Rasa Red Velvet Isi Keju 71 g,9.500
4455,Makanan,"Roti, Selai, & Sereal",MyRoti Funwari Roti Gulung Cokelat 67 g,6.000
4456,Makanan,"Roti, Selai, & Sereal",MyRoti Soft Cake Rasa Keju 75 g,9.500
4457,Makanan,"Roti, Selai, & Sereal",MyRoti Roti Tawar Funwari 8 s,15.000
4458,Makanan,"Roti, Selai, & Sereal",Sari Roti Tawar Kupas Jumbo 300 g,21.000
4459,Makanan,"Roti, Selai, & Sereal",Bean Spot Roti Ayam Mayo,9.000
4460,Makanan,"Roti, Selai, & Sereal",Simba Magic Rainbow Sereal Rasa Buah Box 150 g,
4461,Makanan,"Roti, Selai, & Sereal",Sedap Jaya Roti Tawar Kasino 445 g,
4462,Makanan,"Roti, Selai, & Sereal",Sari Roti Sandwich Isi Selai Kacang 49 g,
4463,Makanan,"Roti, Selai, & Sereal",Prambaru Roti Tawar Special,
4464,Makanan,"Roti, Selai, & Sereal",Morning Bakery Roti Tawar Kupas Putih,
4465,Makanan,"Roti, Selai, & Sereal",Sedap Jaya Roti Tawar Susu Spesial 540 g,
4466,Makanan,"Roti, Selai, & Sereal",Amanda Bitliz Roti Bagelen Original 70 g,16.000
4467,Makanan,"Roti, Selai, & Sereal",Amanda Bitliz Roti Bagelen Rasa Keju 70 g,16.000
4468,Makanan,"Roti, Selai, & Sereal",Lean Lab Selai Matcha Bubuk 120 g,39.900
4469,Makanan,"Roti, Selai, & Sereal",Lean Lab Selai Cokelat Bubuk 120 g,39.900
4470,Makanan,"Roti, Selai, & Sereal",Lean Lab Selai Hazelnut Bubuk 120 g,39.900
4471,Makanan,"Roti, Selai, & Sereal",Lotus Selai Biscoff Crunchy 380 g,89.900
4472,Makanan,"Roti, Selai, & Sereal",Lotus Selai Biscoff Smooth 400 g,89.900
4473,Makanan,"Roti, Selai, & Sereal",Tropicana Slim Selai Matcha 300 g,111.900
4474,Makanan,"Roti, Selai, & Sereal",Morin Selai Kaya Khas Medan 330 g,42.500
4475,Makanan,"Roti, Selai, & Sereal",Amanda Kukis Black Brownies dengan Keju & Almond 60 g,17.000
4476,Makanan,"Roti, Selai, & Sereal",Amanda Creem Paf Kue Soes Kering isi Cokelat 70 g,17.000
4477,Makanan,"Roti, Selai, & Sereal",Madurasa Madu Murni Botol 150 g,20.400
4478,Makanan,"Roti, Selai, & Sereal",MyRoti Roti Steam Cake Rasa Stroberi Cokelat Isi Cokelat 71 g,9.500
4479,Makanan,"Roti, Selai, & Sereal",Aice Mooochii Kue Mochi Rasa Wijen Hitam 32 g,5.000
4480,Makanan,"Roti, Selai, & Sereal",Molagi Roti Croissant Bites Sea Salt dan Karamel 25 g,37.000
4481,Makanan,"Roti, Selai, & Sereal",Sari Roti Tawar Pandan 370 g,18.000
4482,Makanan,"Roti, Selai, & Sereal",Simba Choco Chips Sereal Cokelat 300 g,28.700
4483,Makanan,"Roti, Selai, & Sereal",Kartika Toast Hampers Kue Kering isi 4 pcs,119.900
4484,Makanan,"Roti, Selai, & Sereal",Nestle Sereal Gold Corn Flakes Box 150 g,17.500
4485,Makanan,"Roti, Selai, & Sereal",Molagi Roti Croissant Bites Truffle dan Keju 25 g,37.000
4486,Makanan,"Roti, Selai, & Sereal",Nestle Sereal Honey Stars Box 300 g,36.500
4487,Makanan,"Roti, Selai, & Sereal",MyRoti Roti Steam Cake Rasa Pisang 80 g,9.500
4488,Makanan,"Roti, Selai, & Sereal",Aice Mooochii Kue Mochi Rasa Cokelat 32 g,5.000
4489,Makanan,"Roti, Selai, & Sereal",Kartika Toast Hampers Kue Kering Isi 5 pcs,159.900
4490,Minuman,Minuman Ringan,E+ Air Mineral Botol 500 ml,7.500
4491,Minuman,Minuman Ringan,Ultra Teh Kotak Mangga 300 ml,4.400
4492,Minuman,Minuman Ringan,Kara Sari Kelapa Rasa Leci 220 ml,5.900
4493,Minuman,Minuman Ringan,Fruit Tea Minuman Teh Freeze 500 ml,7.600
4494,Minuman,Minuman Ringan,Pocari Sweat Minuman Isotonik Botol 2 L,19.400
4495,Minuman,Minuman Ringan,Volt Zink Minuman Energi Soda Buah Tropis 200 ml,4.000
4496,Minuman,Minuman Ringan,hemaviton C1000 Jeruk Kaleng 330 ml,5.600
4497,Minuman,Minuman Ringan,Frestea Minuman Teh Rasa Melati Botol 1.5 L,17.300
4498,Minuman,Minuman Ringan,Del Monte Boba Teh Susu Taro Kaleng 240 ml,7.900
4499,Minuman,Minuman Ringan,Le Minerale Air Mineral Galon 15 L,22.000
4500,Minuman,Minuman Ringan,Mogu Mogu Minuman Nata De Coco Rasa Anggur 320 ml,9.400
4501,Minuman,Minuman Ringan,Super O2 Sportivo Air Mineral Botol 600 ml,12.200
4502,Minuman,Minuman Ringan,Green Sands Minuman Karbonasi Lime & Apple Kaleng 330 ml,8.900
4503,Minuman,Minuman Ringan,Sinde Larutan Penyegar Cap Badak 350 ml,8.400
4504,Minuman,Minuman Ringan,Nipis Madu Minuman Soda Lime 330 ml,4.700
4505,Minuman,Minuman Ringan,Good Day Minuman Kopi Tiramisu Bliss 250 ml,7.700
4506,Minuman,Minuman Ringan,Mogu Mogu Minuman Nata De Coco Rasa Melon 320 ml,9.400
4507,Minuman,Minuman Ringan,Fanta Zero Minuman Soda Rasa Stroberi Bebas Gula Botol 390 ml,6.300
4508,Minuman,Minuman Ringan,Mogu Mogu Minuman Nata De Coco Rasa Mangga 320 ml,9.400
4509,Minuman,Minuman Ringan,Coca Cola Zero Minuman Soda Rasa Kola FIFA World Cup 2026 330 ml,7.200
4510,Minuman,Minuman Ringan,Pocari Sweat Minuman Isotonik Botol 500 ml,8.400
4511,Minuman,Minuman Ringan,You C1000 Minuman Isotonik Air Jeruk 500 ml,9.200
4512,Minuman,Minuman Ringan,Starbucks Doubleshot Minuman Kopi Espresso Latte Kaleng 220 ml,15.400
4513,Minuman,Minuman Ringan,Chi Forest Sparkling Water Peach Botol 480 ml,9.500
4514,Minuman,Minuman Ringan,Pocari Sweat Ion Water Minuman Isotonik Rendah Kalori Botol 350 ml,7.500
4515,Minuman,Minuman Ringan,Red Bull Kratingdaeng Minuman Energi Gold Kaleng 250 ml,9.100
4516,Minuman,Minuman Ringan,Regen Minuman Sehat Bebas Gula Semangka 300 ml,7.600
4517,Minuman,Minuman Ringan,Pocari Sweat Minuman Isotonik Kaleng 330 ml,7.000
4518,Minuman,Minuman Ringan,Chi Forest Sparkling Water Grape Delight Botol 480 ml,9.500
4519,Minuman,Minuman Ringan,You C1000 Minuman Vitamin C Mango 140 ml,7.900
4520,Minuman,Minuman Ringan,Extra Joss Ultimate Minuman Energi Kaleng 250 ml,7.000
4521,Minuman,Minuman Ringan,Regen Minuman Sehat Bebas Gula Lemon Jeruk Nipis 300 ml,7.600
4522,Minuman,Minuman Ringan,Regen Minuman Sehat Bebas Gula Apel 300 ml,7.600
4523,Minuman,Minuman Ringan,Coca-Cola Zero Sugar Minuman Soda Rasa Kola Bebas Gula Botol 1 L,10.600
4524,Minuman,Minuman Ringan,Aqua Air Mineral Galon (Isi Ulang) 19 L - Medan (F),
4525,Minuman,Minuman Ringan,Tirta Merapi Air Mineral Pet 330 ml,
4526,Minuman,Minuman Ringan,Grand Air Mineral Galon (Isi Ulang) 19 L,
4527,Minuman,Minuman Ringan,Ake Galon Air Mineral (Kosong) 19 L,
4528,Minuman,Minuman Ringan,Ake Air Mineral Galon (Isi Ulang) 19 L,
4529,Minuman,Minuman Ringan,Dmax Air Mineral Pet 330 ml,
4530,Minuman,Minuman Ringan,Grand Galon Air Mineral (Kosong) 19 L,
4531,Minuman,Minuman Ringan,Bolesa Galon Air Mineral (Kosong) 19 L,
4532,Minuman,Minuman Ringan,Fin Air Mineral Botol 600 ml,
4533,Minuman,Minuman Ringan,Buavita Mini Jus Buah Asli Jeruk 125 ml,
4534,Minuman,Minuman Ringan,Cleo Air Mineral Galon (Isi Ulang) 19 L (A),
4535,Minuman,Minuman Ringan,Grand Air Mineral Galon (Isi Ulang) 19 L,
4536,Minuman,Minuman Ringan,Vit Air Mineral Galon (Isi Ulang) 19 L - Palangkaraya,
4537,Minuman,Minuman Ringan,Aqua Air Mineral Cup 220 ml - Karton,
4538,Minuman,Minuman Ringan,Pasqua Air Mineral Galon (Isi Ulang) 19 L,
4539,Minuman,Minuman Ringan,Sanford Air Mineral Pet Botol 600 ml,
4540,Minuman,Minuman Ringan,Le Minerale Air Mineral Botol 24 x 330 ml - Karton,50.900
4541,Minuman,Minuman Ringan,Wong Coco Nata De Coco Rasa Cocopandan 800 g,16.500
4542,Minuman,Minuman Ringan,Prima Air Mineral 24 x 600 ml - Karton,41.900
4543,Minuman,Minuman Ringan,DayDay Minuman Sarang Burung 300 ml,6.300
4544,Minuman,Minuman Ringan,Yeo's Minuman Penyegar Rasa Kundur Kaleng 300 ml,7.500
4545,Minuman,Minuman Ringan,kara Sari Kelapa Coco Pandan Pouch 360 g,8.500
4546,Minuman,Minuman Ringan,Prima Air Mineral 24 x 330 ml - Karton,34.900
4547,Minuman,Minuman Ringan,Cocodee Minuman Air Kelapa 200 ml,8.000
4548,Minuman,Minuman Ringan,Aqua Air Mineral Cube 220 ml - Karton,33.600
4549,Minuman,Minuman Ringan,Teh Pucuk Harum Rendah Gula 350 ml,4.200
4550,Minuman,Minuman Ringan,Teh Pucuk Harum Melati 350 ml,4.000
4551,Minuman,Minuman Ringan,Pristine 8.6+ Air Mineral Botol 400 ml,4.400
4552,Minuman,Minuman Ringan,Sprite Zero Minuman Soda Rasa Lemon Jeruk Nipis Bebas Gula Botol 1 L,10.600
4553,Minuman,Minuman Ringan,Ichi Ocha Minuman Teh Hijau 350 ml,3.500
4554,Minuman,Minuman Ringan,Tehbotol Sosro Minuman Teh Original 1 L,11.200
4555,Minuman,Minuman Ringan,Le Minerale Air Mineral Galon 5 L,16.200
4556,Minuman,Minuman Ringan,Aqua Air Mineral Botol 330 ml,3.500
4557,Minuman,Minuman Ringan,Tehbotol Sosro Minuman Teh Original 250 ml,3.800
4558,Minuman,Minuman Ringan,Ultra Teh Kotak Melati 300 ml,4.600
4559,Minuman,Minuman Ringan,Vit Air Mineral Galon (Isi Ulang) 19 L,17.100
4560,Minuman,Minuman Ringan,Sinde Larutan Penyegar Cap Badak 500 ml,8.400
4561,Minuman,Minuman Ringan,Alfamart Air Mineral Disney Pet Botol 600 ml,3.800
4562,Minuman,Minuman Ringan,Pristine 8.6+ Air Mineral Botol 1500 ml,11.500
4563,Minuman,Minuman Ringan,Kiranti Minuman Sehat Datang Bulan 150 ml,7.600
4564,Minuman,Minuman Ringan,Alfamart Air Mineral Karton 24 x 220 ml,21.900
4565,Minuman,Minuman Ringan,Cap Kaki Tiga Larutan Penyegar Leci Kaleng 320 ml,8.000
4566,Minuman,Minuman Ringan,Floridina Minuman Jeruk 350 ml,3.700
4567,Minuman,Minuman Ringan,Cap Kaki Tiga Larutan Penyegar 500 ml,9.600
4568,Minuman,Minuman Ringan,Isoplus Minuman Isotonik Coco 350 ml,2.900
4569,Minuman,Minuman Ringan,Amo Minuman Berkarbonasi Susu Soda Dreamy Strawberry Pet 200 ml,4.500
4570,Minuman,Minuman Ringan,NutriSari Jambu Biji Minuman Jambu Vitamin C 200 ml,8.500
4571,Minuman,Minuman Ringan,You C1000 Minuman Isotonik Lemon Water 500 ml,9.200
4572,Minuman,Minuman Ringan,Adem Sari Ching Ku Sparkling Herbal Lemon 320 ml,10.100
4573,Minuman,Minuman Ringan,Cap Kaki Tiga Cooltopia Larutan Penyegar Lemon Lime Kaleng 320 ml,8.000
4574,Minuman,Minuman Ringan,Cap Kaki Tiga Larutan Penyegar Jambu Kaleng 320 ml,8.000
4575,Minuman,Minuman Ringan,ABC Minuman Kopi Susu 200 ml,4.300
4576,Minuman,Minuman Ringan,Tehbotol Sosro Minuman Teh Original 350 ml,4.500
4577,Minuman,Minuman Ringan,Le Minerale Air Mineral Botol 330 ml,3.700
4578,Minuman,Minuman Ringan,Cap Kaki Tiga Anak Larutan Penyegar Leci Kaleng 238 ml,7.400
4579,Minuman,Minuman Ringan,Sprite Original Minuman Soda Rasa Lemon Jeruk Nipis Botol 390 ml,6.800
4580,Minuman,Minuman Ringan,NU Minuman Teh Yogurt Pet 450 ml,7.200
4581,Minuman,Minuman Ringan,Cap Kaki Tiga Cooltopia Larutan Penyegar Melon Orange 320 ml,7.700
4582,Minuman,Minuman Ringan,Coca-Cola Original Minuman Soda Rasa Kola Botol 390 ml,6.500
4583,Minuman,Minuman Ringan,Pino Ice Cup Bag 6 x 50 g,7.900
4584,Minuman,Minuman Ringan,Vit Air Mineral Botol 550 ml,3.200
4585,Minuman,Minuman Ringan,S-tee Minuman Teh Melati 390 ml,3.700
4586,Minuman,Minuman Ringan,Hydro Coco Minuman Air Kelapa Original 500 ml,16.300
4587,Minuman,Minuman Ringan,Alfamart Air Mineral 48 x 220 ml - Karton,21.900
4588,Minuman,Minuman Ringan,Buavita Minuman Sari Buah Jambu 245 ml,9.700
4589,Minuman,Minuman Ringan,Good Day Minuman Kopi Originale Cappuccino 250 ml,8.000
4590,Minuman,Minuman Ringan,ABC Minuman Sari Kacang Hijau 250 ml,5.800
4591,Minuman,Minuman Ringan,NU Minuman Teh Tarik Pet 330 ml,8.200
4592,Minuman,Minuman Ringan,Cap Kaki Tiga Larutan Penyegar Jeruk Kaleng 320 ml,7.900
4593,Minuman,Minuman Ringan,Cap Panda Minuman Cincau Kaleng 310 ml,5.900
4594,Minuman,Minuman Ringan,NU Green Tea Madu 450 ml,7.200
4595,Minuman,Minuman Ringan,Teh Pucuk Harum Melati 250 ml,3.800
4596,Minuman,Minuman Ringan,Grand Air Mineral Galon (Isi Ulang) 19 L,
4597,Minuman,Minuman Ringan,AlfaOne Air Mineral Galon (Isi Ulang) 19 L,
4598,Minuman,Minuman Ringan,Sanford Air Mineral Galon (Isi Ulang) 19 L,
4599,Minuman,Minuman Ringan,Aqua Air Mineral Galon (Isi Ulang) 19 L (A),
4600,Minuman,Minuman Ringan,Kara Nata De Coco 1 kg,21.100
4601,Minuman,Minuman Ringan,Wong Coco Nata De Coco Sari Kelapa Rasa Cocopandan Pouch 360 g,8.400
4602,Minuman,Minuman Ringan,Inaco Nata de Coco dalam Sirup Rasa Vanila 1 kg,17.500
4603,Minuman,Minuman Ringan,Cleo Air Mineral Botol 24 x 220 ml,21.500
4604,Minuman,Minuman Ringan,Aquviva Air Mineral Botol Pack 12 x 250 ml,12.000
4605,Minuman,Minuman Ringan,Hydro Coco Minuman Air Kelapa Original 1 L,25.700
4606,Minuman,Minuman Ringan,Teh Pucuk Harum Melati 250 ml,3.800
4607,Minuman,Minuman Ringan,Vit Air Mineral Cup 48 x 200 ml - Karton,36.300
4608,Minuman,Minuman Ringan,Minute Maid Pulpy Minuman Jus Buah Rasa Jeruk Botol 1 L,16.000
4609,Minuman,Minuman Ringan,Sunpride Jus Buah Nanas Apel Kaleng 220 ml,8.900
4610,Minuman,Minuman Ringan,Nescafe Caramel Macchiato Kopi Kaleng 220 ml,7.800
4611,Minuman,Minuman Ringan,Amo Minuman Berkarbonasi Susu Soda Fizzy Easy Original Pet 200 ml,4.500
4612,Minuman,Minuman Ringan,Sinde Larutan Penyegar Cap Badak Lemon 320 ml,8.700
4613,Minuman,Minuman Ringan,Kiranti Sehat Datang Bulan Jus Jeruk 150 ml,8.500
4614,Minuman,Minuman Ringan,Prima Air Mineral Botol 600 ml,3.300
4615,Minuman,Minuman Ringan,Big Cola Minuman Karbonasi 1 L,9.800
4616,Minuman,Minuman Ringan,Adem Sari Ching Ku Lemon Botol 350 ml,10.100
4617,Minuman,Minuman Ringan,Pocari Sweat Minuman Isotonik Botol 900 ml,14.000
4618,Minuman,Minuman Ringan,Big Stroberi Minuman Karbonasi 1 L,9.500
4619,Minuman,Minuman Ringan,Nescafe Latte Kopi Kaleng 220 ml,8.000
4620,Minuman,Minuman Ringan,Aqua Air Mineral Galon (Kosong) 19 L,33.000
4621,Minuman,Minuman Ringan,Yakult Minuman Susu Fermentasi Rasa Mangga 5 x 65 ml,12.200
4622,Minuman,Minuman Ringan,Ultra Sari Kacang Ijo 250 ml,6.000
4623,Minuman,Minuman Ringan,Frestea Minuman Teh Rasa Blackcurrant Botol 500 ml,7.000
4624,Minuman,Minuman Ringan,Nescafe Cappuccino Kopi Kaleng 220 ml,7.800
4625,Minuman,Minuman Ringan,Teh Lemon Madu Minuman Teh 350 ml,3.500
4626,Minuman,Minuman Ringan,Buavita Jus Buah Asli Mangga 245 ml,9.800
4627,Minuman,Minuman Ringan,Cap Panda Minuman Cincau + Selasih Kaleng 310 ml,5.900
4628,Minuman,Minuman Ringan,Fruit Tea Minuman Teh Blackcurrant 250 ml,3.800
4629,Minuman,Minuman Ringan,Pocari Sweat Minuman Isotonik Botol 350 ml,7.500
4630,Minuman,Minuman Ringan,NU Minuman Teh Yogurt Berry Crush Pet 450 ml,6.900
4631,Minuman,Minuman Ringan,Big Lemon Lime Minuman Karbonasi 1 L,9.700
4632,Minuman,Minuman Ringan,Cap Panda Minuman Cincau Hijau Kaleng 310 ml,5.900
4633,Minuman,Minuman Ringan,Tebs Sparkling Teh Minuman Soda Mix Fruit 500 ml,8.600
4634,Minuman,Minuman Ringan,Alfamart Air Mineral Disney Flip Top 450 ml,3.900
4635,Minuman,Minuman Ringan,Adem Sari Ching Ku Madu Lemon 350 ml,10.100
4636,Minuman,Minuman Ringan,Frestea Minuman Teh Rasa Apel Botol 500 ml,7.300
4637,Minuman,Minuman Ringan,Cap Kaki Tiga Cooltopia Larutan Penyegar Yuzu Pomelo Kaleng 320 ml,7.700
4638,Minuman,Minuman Ringan,Nescafe Kitkat Minuman Kopi Latte 220 ml,10.900
4639,Minuman,Minuman Ringan,NU Minuman Es Teh Leci Pet 450 ml,7.200
4640,Minuman,Minuman Ringan,Fibe Mini Botol 100 ml,7.800
4641,Minuman,Minuman Ringan,Fruit Tea Minuman Teh Blackcurrant 350 ml,4.500
4642,Minuman,Minuman Ringan,Cap Kaki Tiga Anak Larutan Penyegar Stroberi Kaleng 238 ml,7.400
4643,Minuman,Minuman Ringan,Alfamart Air Mineral Botol 600 ml,2.000
4644,Minuman,Minuman Ringan,Frestea Minuman Teh Green Tea Madu 500 ml,7.300
4645,Minuman,Minuman Ringan,Mogu Mogu Minuman Nata De Coco Rasa Leci 320 ml,9.400
4646,Minuman,Minuman Ringan,Kopi Kenangan Hanya Untukmu Caffe Latte 200 ml,7.700
4647,Minuman,Minuman Ringan,Caffino Delizio Oat Cappuccino Minuman Kopi Botol 200 ml,6.400
4648,Minuman,Minuman Ringan,Fit Me Up Relax Minuman Karbonasi Peach dengan Chamomile 160 ml,7.900
4649,Minuman,Minuman Ringan,Aqua Air Mineral Galon (Isi Ulang) 19 L (B),
4650,Minuman,Minuman Ringan,Sprite Zero Minuman Soda Rasa Lemon Jeruk Nipis Bebas Gula Can 250 ml,
4651,Minuman,Minuman Ringan,Sprite Original Minuman Soda Rasa Lemon Jeruk Nipis Kaleng 250 ml,
4652,Minuman,Minuman Ringan,Ron 88 Air Mineral Galon (Isi Ulang) 19 L - Bandung,
4653,Minuman,Minuman Ringan,Narmada Air Mineral Galon (Isi Ulang) 19 L,
4654,Minuman,Minuman Ringan,Coca-Cola Original Minuman Soda Rasa Kola Kaleng 250 ml,6.700
4655,Minuman,Minuman Ringan,Yakult Light Minuman Susu Fermentasi 5 x 65 ml,14.500
4656,Minuman,Minuman Ringan,Pristine 8.6+ Air Mineral Botol 600 ml,4.900
4657,Minuman,Minuman Ringan,Ron 88 Air Mineral Botol 24 x 200 ml,1.500
4658,Minuman,Minuman Ringan,Inaco Nata de Coco Crispy Potongan Besar 1 kg,19.300
4659,Minuman,Minuman Ringan,Inaco Nata de Coco dalam Sirup Rasa Cocopandan Pouch 360 g,5.900
4660,Minuman,Minuman Ringan,Ron 88 Air Mineral Botol 24 x 380 ml - Karton,2.300
4661,Minuman,Minuman Ringan,Crystalin Air Mineral Botol Pack 12 x 1500 ml,52.000
4662,Minuman,Minuman Ringan,Crystalin Air Mineral Botol Pack 24 x 600 ml,42.000
4663,Minuman,Minuman Ringan,Frestea Minuman Teh Rasa Apel Botol 1.5 L,17.300
4664,Minuman,Minuman Ringan,Fanta Minuman Soda Rasa Stroberi Botol 390 ml,6.300
4665,Minuman,Minuman Ringan,Ichitan Thai Minuman Teh Hijau Susu Pet 300 ml,9.500
4666,Minuman,Minuman Ringan,Naraya Minuman Kedelai Botol 320 ml,8.300
4667,Minuman,Minuman Ringan,Aqua Air Mineral Cup 48 x 200 ml - Karton,46.500
4668,Minuman,Minuman Ringan,Kratingdaeng Super Minuman Energi Botol 150 ml,7.500
4669,Minuman,Minuman Ringan,Kopi Kenangan Minuman Kopi Japanese Matcha Espresso 220 ml,7.700
4670,Minuman,Minuman Ringan,Nestle Pure Life Air Mineral Botol 600 ml,3.700
4671,Minuman,Minuman Ringan,Sprite Zero Minuman Soda Rasa Lemon Jeruk Nipis Bebas Gula Botol 390 ml,6.300
4672,Minuman,Minuman Ringan,Tehbotol Sosro Minuman Teh Rendah Gula 350 ml,4.500
4673,Minuman,Minuman Ringan,Hydro Coco Vita-D Minuman Air Kelapa 330 ml,12.900
4674,Minuman,Minuman Ringan,Mogu Mogu Minuman Nata De Coco Rasa Kelapa 320 ml,9.400
4675,Minuman,Minuman Ringan,Mizone Minuman Isotonik Cocoboost 500 ml,7.200
4676,Minuman,Minuman Ringan,NU Minuman Matcha Lattea 330 ml,8.200
4677,Minuman,Minuman Ringan,NU Minuman Teh Choco Hazeltea Pet 330 ml,8.200
4678,Minuman,Minuman Ringan,NU Minuman Teh Susu 330 ml,8.200
4679,Minuman,Minuman Ringan,Mizone Mood Up Minuman Isotonik Cranberry 500 ml,7.200
4680,Minuman,Minuman Ringan,Good Day Minuman Kopi Avocado Delight 250 ml,7.700
4681,Minuman,Minuman Ringan,hemaviton C1000 Jeruk Rendah Gula Kaleng 330 ml,5.600
4682,Minuman,Minuman Ringan,Ultra Teh Kotak Blackcurrant 200 ml,4.700
4683,Minuman,Minuman Ringan,Fruit Tea Minuman Teh Blackcurrant 500 ml,7.600
4684,Minuman,Minuman Ringan,A&W Minuman Soda Rasa Sarsaparila Kaleng 250 ml,7.000
4685,Minuman,Minuman Ringan,Coca-Cola Zero Sugar Minuman Soda Rasa Kola Bebas Gula Kaleng 250 ml,7.000
4686,Minuman,Minuman Ringan,Nescafe Kopi Rasa Gula Aren Kaleng 220 ml,7.800
4687,Minuman,Minuman Ringan,Coca-Cola Original Minuman Soda Rasa Kola Botol 250 ml,4.100
4688,Minuman,Minuman Ringan,Buavita Jus Buah Asli Leci 245 ml,9.800
4689,Minuman,Minuman Ringan,Cap Kaki Tiga Larutan Penyegar 350 ml,8.000
4690,Minuman,Minuman Ringan,Nescafe Minuman Es Kopi Hitam 220 ml,8.000
4691,Minuman,Minuman Ringan,Sunpride Jus Buah Nanas Kaleng 220 ml,8.900
4692,Minuman,Minuman Ringan,Buavita Minuman Sari Buah Korean Muscat Grape 245 ml,10.500
4693,Minuman,Minuman Ringan,Buavita Minuman Sari Buah Korean Strawberry 245 ml,10.500
4694,Minuman,Minuman Ringan,Polaris Cafenergy Minuman Soda Kopi Cream Kaleng 330 ml,5.000
4695,Minuman,Minuman Ringan,Aqua Air Mineral Galon (Isi Ulang) 19 L,24.100
4696,Minuman,Minuman Ringan,Nescafe Minuman Kopi Krim 180 ml,5.700
4697,Minuman,Minuman Ringan,Golda Minuman Kopi Dolce Latte Pet 200 ml,4.400
4698,Minuman,Minuman Ringan,Coca-Cola Zero Sugar Minuman Soda Kola Vanila Bebas Gula 390 ml,6.300
4699,Minuman,Minuman Ringan,Pocari Sweat Ion Water Minuman Isotonik Rendah Kalori Botol 500 ml,8.700
4700,Minuman,Minuman Ringan,Kopi Kenangan Hanya Untukmu Minuman Kopi Cheese Latte 220 ml,7.700
4701,Minuman,Minuman Ringan,Good Day Minuman Kopi Funtastic Mocacinno 250 ml,7.700
4702,Minuman,Minuman Ringan,Tehbotol Sosro Minuman Teh Tawar 350 ml,4.300
4703,Minuman,Minuman Ringan,Buavita Jus Jeruk 245 ml,9.800
4704,Minuman,Minuman Ringan,Sprite Original Minuman Soda Rasa Lemon Jeruk Nipis Botol 250 ml,4.100
4705,Minuman,Minuman Ringan,Coca-Cola Zero Sugar Minuman Soda Rasa Kola Bebas Gula Botol 390 ml,6.300
4706,Minuman,Minuman Ringan,Fanta Minuman Soda Rasa Anggur Botol 390 ml,6.300
4707,Minuman,Minuman Ringan,Fruit Tea Minuman Teh Apel 350 ml,4.500
4708,Minuman,Minuman Ringan,Sanford Air Mineral Pet Botol 1.5 L,
4709,Minuman,Minuman Ringan,Kusuma Siiplah Minuman Sari Buah Apel Leci 32 x 120 ml,
4710,Minuman,Minuman Ringan,Mindy Air Mineral Galon (Isi Ulang) 19 L,
4711,Minuman,Minuman Ringan,Club Air Mineral Galon (Isi Ulang) 19 L,
4712,Minuman,Minuman Ringan,Amidis Air Minum yang Dimasak Botol Pack 24 x 220 ml,22.000
4713,Minuman,Minuman Ringan,Pristine 8.6+ Air Mineral 24 x 400 ml - Karton,60.000
4714,Minuman,Minuman Ringan,Big Minuman Karbonasi Rasa Nipis Madu Pet 1 L,9.500
4715,Minuman,Minuman Ringan,Wong Coco Dugan Nata De Coco Rasa Cocopandan 1 kg,21.000
4716,Minuman,Minuman Ringan,Regen Minuman Sehat Bebas Gula Peach 300 ml,7.000
4717,Minuman,Minuman Ringan,Crystalin Air Mineral Botol Pack 24 x 330 ml,41.000
4718,Minuman,Minuman Ringan,Inaco Nata de Coco dalam Sirup Rasa Vanila Pouch 360 g,5.900
4719,Minuman,Minuman Ringan,Ultra Teh Kotak Leci 300 ml,4.400
4720,Minuman,Minuman Ringan,Tehbotol Sosro Minuman Teh Original 24 x 200 ml - Karton,55.000
4721,Minuman,Minuman Ringan,Alfamart Air Mineral Disney Pet Botol 330 ml,3.000
4722,Minuman,Minuman Ringan,Regen Minuman Sehat Bebas Gula Leci 300 ml,7.000
4723,Minuman,Minuman Ringan,Buavita Jus Buah Asli Apel 250 ml,9.800
4724,Minuman,Minuman Ringan,Mogu Mogu Minuman Nata De Coco Rasa Stroberi 320 ml,9.400
4725,Minuman,Minuman Ringan,Aqua Air Mineral Sport Cap Botol 750 ml,7.800
4726,Minuman,Minuman Ringan,Caffino Delizio Milky Espresso Minuman Kopi Botol 200 ml,6.400
4727,Minuman,Minuman Ringan,Nestle Pure Life Air Mineral Botol 1.5 L,6.700
4728,Minuman,Minuman Ringan,Fruit Tea Minuman Teh Rasa Apel 250 ml,3.800
4729,Minuman,Minuman Ringan,SidoMuncul Minuman Kunyit Asam Pet 150 ml,7.200
4730,Minuman,Minuman Ringan,Isoplus Minuman Isotonik Botol 350 ml,2.900
4731,Minuman,Minuman Ringan,Fruit Tea Minuman Teh Apel 500 ml,7.600
4732,Minuman,Minuman Ringan,Alang Sari Cool Minuman Jeruk Nipis 300 ml,5.900
4733,Minuman,Minuman Ringan,Pororo Minuman Rasa Bluberi Botol 235 ml,15.000
4734,Minuman,Minuman Ringan,Aqua Life Air Mineral Botol 1.1 L,11.000
4735,Minuman,Minuman Ringan,Mogu Mogu Minuman Nata De Coco Rasa Blackcurrant 320 ml,9.400
4736,Minuman,Minuman Ringan,Yakult Minuman Susu Fermentasi 5 x 65 ml,11.600
4737,Minuman,Minuman Ringan,NU Green Tea Original Pet 330 ml,4.800
4738,Minuman,Minuman Ringan,Tehbotol Sosro Minuman Teh Original 300 ml,3.800
4739,Minuman,Minuman Ringan,Ultra Sari Kacang Ijo 150 ml,4.200
4740,Minuman,Minuman Ringan,Chi Forest Sparkling Water Bamboo Grapefruit Botol 480 ml,9.500
4741,Minuman,Minuman Ringan,NU Minuman Matcha Lattea 225 ml,6.200
4742,Minuman,Minuman Ringan,Chi Forest Sparkling Water Leci Botol 480 ml,9.500
4743,Minuman,Minuman Ringan,Buavita Minuman Sari Buah Jambu 1000 ml,33.200
4744,Minuman,Minuman Ringan,Nescafe Minuman Kopi Oat Latte Kaleng 220 ml,7.500
4745,Minuman,Minuman Ringan,L-Men 2 Go Kopi Cappuccino Protein Rendah Lemak 190 ml,15.900
4746,Minuman,Minuman Ringan,Minute Maid Pulpy Minuman Jus Buah Rasa Jeruk Botol 300 ml,6.900
4747,Minuman,Minuman Ringan,Ichitan Thai Coco Pet 300 ml,7.500
4748,Minuman,Minuman Ringan,Del Monte Boba Red Velvet Kaleng 240 ml,7.900
4749,Minuman,Minuman Ringan,NU Green Tea Madu Pet 330 ml,5.000
4750,Minuman,Minuman Ringan,Groovy Root Brew Minuman Karbonasi Sarsaparila Kaleng 330 ml,8.100
4751,Minuman,Minuman Ringan,Chi Forest Minuman Teh Yuzu Botol 450 ml,8.500
4752,Minuman,Minuman Ringan,Ultra Teh Kotak Lemon 200 ml,4.400
4753,Minuman,Minuman Ringan,Pororo Minuman Rasa Stroberi Botol 235 ml,15.000
4754,Minuman,Minuman Ringan,hemaviton C1000 Lemon Kaleng 330 ml,5.600
4755,Minuman,Minuman Ringan,You C1000 Minuman Vitamin C Apple 140 ml,7.900
4756,Minuman,Minuman Ringan,Green Sands Minuman Karbonasi Lime & Apple Kaleng 250 ml,6.700
4757,Minuman,Minuman Ringan,Hydro Coco Minuman Air Kelapa Original 250 ml,9.000
4758,Minuman,Minuman Ringan,Bintang Zero Minuman Berkarbonasi 330 ml,9.500
4759,Minuman,Minuman Ringan,Green Sands Minuman Karbonasi Lemon & Grape Kaleng 250 ml,6.700
4760,Minuman,Minuman Ringan,You C1000 Minuman Vitamin C Lemon 140 ml,7.900
4761,Minuman,Minuman Ringan,Kopi Kenangan Hanya Untukmu Indonesiano Kopi Hitam Original Pet 200 ml,7.700
4762,Minuman,Minuman Ringan,Tebs Sparkling Teh Minuman Soda Mix Fruit 330 ml,6.200
4763,Minuman,Minuman Ringan,Nescafe Minuman Es Kopi Cafe Latte Kaleng 220 ml,11.500
4764,Minuman,Minuman Ringan,Frestea Minuman Teh Rasa Blackcurrant 1.5 L,17.000
4765,Minuman,Minuman Ringan,Ichitan Thai Milk Tea Pet 300 ml,9.500
4766,Minuman,Minuman Ringan,Luwak White Koffie Original Pet 220 ml,6.000
4767,Minuman,Minuman Ringan,Wong Coco Nata De Coco Minuman Sari Kelapa Rasa Leci 220 g,5.500
4768,Minuman,Minuman Ringan,Boneva Air Mineral Galon (Isi Ulang) 19 L,
4769,Minuman,Minuman Ringan,"Aqua Air Mineral Galon (Isi Ulang) 19 L - Manado, Palembang, Medan (C)",
4770,Minuman,Minuman Ringan,Lasegar Minuman Penyegar Leci Kaleng 320 ml,
4771,Minuman,Minuman Ringan,Alfamart Air Mineral Botol 535 ml,
4772,Minuman,Minuman Ringan,Powerade Minuman Isotonik Active Blue 400 ml,
4773,Minuman,Minuman Ringan,Powerade Minuman Isotonik Ion Rush 400 ml,
4774,Minuman,Minuman Ringan,Yeo's Minuman Bunga Krisantemum 250 ml,5.500
4775,Minuman,Minuman Ringan,Buavita Jus Buah Asli Mangga 1 L,15.000
4776,Minuman,Minuman Ringan,S-tee Minuman Teh Melati Kotak 24 x 200 ml - Karton,48.500
4777,Minuman,Minuman Ringan,Wong Coco Aloe Vera Minuman Lidah Buaya Rasa Lemon Bucket 1 kg,20.000
4778,Minuman,Minuman Ringan,Yeo's Minuman Sari Kedelai Kaleng 300 ml,7.500
4779,Minuman,Minuman Ringan,Amidis Air Minum yang Dimasak Galon 5 L,15.000
4780,Minuman,Minuman Ringan,Yeo's Minuman Jeli Sarang Burung Kaleng 300 ml,7.500
4781,Minuman,Minuman Ringan,Sunpride Jus Buah Nanas Mangga Kaleng 220 ml,8.500
4782,Minuman,Minuman Ringan,Wong Lo Kat Liang Teh Kaleng 310 ml,6.300
4783,Minuman,Minuman Ringan,Sunpride Jus Buah Nanas Jambu Kaleng 220 ml,8.900
4784,Minuman,Minuman Ringan,Hydro Coco Minuman Kopi Coco Latte Kaleng 220 ml,10.900
4785,Minuman,Minuman Ringan,Fanta Minuman Soda Rasa Jeruk Botol 1 L,10.600
4786,Minuman,Minuman Ringan,Kapal Api Signature Original Kopi Hitam Pet 200 ml,5.000
4787,Minuman,Minuman Ringan,Fanta Minuman Soda Rasa Stroberi Botol 1L,10.800
4788,Minuman,Minuman Ringan,Nescafe Minuman Es Kopi Original Kaleng 220 ml,11.500
4789,Minuman,Minuman Ringan,Alfa Air Mineral Clairine 8+ Pet Botol 450 ml,5.200
4790,Minuman,Minuman Ringan,NEO Hormoviton Pasak Bumi Minuman Stamina Pria Anggur 150 ml,6.800
4791,Minuman,Minuman Ringan,Oronamin C Minuman Vitamin Botol 120 ml,7.200
4792,Minuman,Minuman Ringan,Javana Minuman Teh Melati 350 ml,3.500
4793,Minuman,Minuman Ringan,Coca-Cola Original Minuman Soda Rasa Kola Botol 1 L,10.800
4794,Minuman,Minuman Ringan,Lasegar Twist Minuman Penyegar Leci Lemon 320 ml,8.300
4795,Minuman,Minuman Ringan,Kratingdaeng Minuman Energi Botol 150 ml,6.700
4796,Minuman,Minuman Ringan,Crystalin Air Mineral Pet Botol 1.5 L,5.500
4797,Minuman,Minuman Ringan,Nescafe Minuman Es Kopi Moka Kaleng 220 ml,11.500
4798,Minuman,Minuman Ringan,Vit Air Mineral Botol 1.5 L,6.500
4799,Minuman,Minuman Ringan,Starbucks Doubleshot Minuman Kopi Caramel Kaleng 220 ml,15.200
4800,Minuman,Minuman Ringan,Sprite Original Minuman Soda Rasa Lemon Jeruk Nipis Botol 1 L,10.600
4801,Minuman,Minuman Ringan,Javana Minuman Teh Gula Batu 350 ml,3.500
4802,Minuman,Minuman Ringan,Teh Gelas Original 350 ml,2.800
4803,Minuman,Minuman Ringan,Lasegar Minuman Penyegar Jeruk Nipis 320 ml,8.300
4804,Minuman,Minuman Ringan,Kiranti Sehat Datang Bulan Leci Botol 150 ml,8.700
4805,Minuman,Minuman Ringan,Lasegar Twist Minuman Penyegar Jeruk Lemon 320 ml,8.300
4806,Minuman,Minuman Ringan,Kapal Api Signature Strong Kopi Hitam Pet 200 ml,5.000
4807,Minuman,Minuman Ringan,Daxu Air Mineral Pet 600 ml,
4808,Minuman,Minuman Ringan,Fruit Tea Minuman Teh Stroberi Botol 350 ml,
4809,Minuman,Minuman Ringan,For 3 Air Mineral Galon (Isi Ulang) 19 L (J),
4810,Minuman,Minuman Ringan,Club Air Mineral Galon (Isi Ulang) 19 L (C),
4811,Minuman,Minuman Ringan,BW Air Mineral Pet Botol 600 ml,
4812,Minuman,Minuman Ringan,HS68 Galon Air Mineral (Kosong) 19 L,
4813,Minuman,Minuman Ringan,drinho Chrysanthemum Tea Kaleng 300 ml,
4814,Minuman,Minuman Ringan,Tirmas Air Mineral Cup 48 x 240 ml,
4815,Minuman,Minuman Ringan,ITO EN Minuman Teh Hijau Melati Tanpa Gula Botol 500 ml,
4816,Minuman,Minuman Ringan,Prima Air Mineral Pet Botol 1500 ml,
4817,Minuman,Minuman Ringan,Naraya Minuman Cincau Kaleng 300 ml,
4818,Minuman,Minuman Ringan,SMS Galon Air Mineral (Kosong) 19 L,
4819,Minuman,Minuman Ringan,Semongkat Galon Air Mineral (Kosong) 19 L,
4820,Minuman,Minuman Ringan,Starway Minuman Susu Kedelai 310 ml,
4821,Minuman,Minuman Ringan,For 3 Air Mineral Galon (Isi Ulang) 19 L (I),
4822,Minuman,Minuman Ringan,Al Qodiri Air MIneral Pet 600 ml,
4823,Minuman,Minuman Ringan,Aqua Air Mineral Galon (Isi Ulang) 19 L - Medan (I),
4824,Minuman,Minuman Ringan,Tirmas Galon Air Mineral (Kosong) 19 L,
4825,Minuman,Minuman Ringan,Viz Air Mineral Botol 600 ml,
4826,Minuman,Minuman Ringan,Tirkana Galon Air Mineral (Kosong) 19 L,
4827,Minuman,Minuman Ringan,Ultra Teh Kotak Rasa Melati 500 ml,
4828,Minuman,Minuman Ringan,For 3 Air Mineral Galon (Isi Ulang) 19 L (F),
4829,Minuman,Minuman Ringan,Viz Air Mineral 48 x 220 ml - Karton,
4830,Minuman,Minuman Ringan,AlfaOne Air Mineral Galon (Isi Ulang) 19 L (A),
4831,Minuman,Minuman Ringan,Bolesa Galon Air Mineral (Isi Ulang) 19 L,
4832,Minuman,Minuman Ringan,Aqua Air Mineral Galon (Kosong) 19 L,
4833,Minuman,Minuman Ringan,Bio Ite Sui Galon Air Mineral (Kosong) 19 L,
4834,Minuman,Minuman Ringan,For 3 Air Mineral Galon (Isi Ulang) 19 L (D),
4835,Minuman,Minuman Ringan,Cap Kaki Tiga Larutan Penyegar Melon Kaleng 320 ml,
4836,Minuman,Minuman Ringan,Cocobit Splash Coco Minuman Rasa Kelapa 350 ml,
4837,Minuman,Minuman Ringan,For 3 Air Mineral Galon (Isi Ulang) 19 L (E),
4838,Minuman,Minuman Ringan,HS68 Air Mineral Galon (Isi Ulang) 19 L (A),
4839,Minuman,Minuman Ringan,For 3 Air Mineral Galon (Isi Ulang) 19 L,
4840,Minuman,Minuman Ringan,Ultra Teh Kotak Melati 1000 ml,9.900
4841,Minuman,Minuman Ringan,Ichitan Thai Milk Kopi Pet 300 ml,9.500
4842,Minuman,Minuman Ringan,Bean Spot Es Leci Hitam 16 oz,15.000
4843,Minuman,Minuman Ringan,Mindy Galon Air Mineral (Kosong) 19 L,
4844,Minuman,Minuman Ringan,Cap Panda Minuman Sarang Burung Kaleng 310 ml,
4845,Minuman,Minuman Ringan,Sanford Air Mineral Galon (Isi Ulang) 19 L (A),
4846,Minuman,Minuman Ringan,Le Minerale Air Mineral Galon B 15 L,
4847,Minuman,Minuman Ringan,Aqua Air Mineral Botol 1 L,
4848,Minuman,Minuman Ringan,Cleo Galon Air Mineral (Kosong) 19 L,
4849,Minuman,Minuman Ringan,"Aqua Air Mineral Galon (Isi Ulang) 19 L - Palembang, Medan (E)",
4850,Minuman,Minuman Ringan,Pasqua Air Mineral Galon (Isi Ulang) 19 L (B),
4851,Minuman,Minuman Ringan,Semongkat Air Mineral Galon (Isi Ulang) 19 L,
4852,Minuman,Minuman Ringan,Pasqua Air Mineral Galon (Isi Ulang) 19 L (A),
4853,Minuman,Minuman Ringan,Polaris Mixenergy Minuman Soda Water 330 ml,
4854,Minuman,Minuman Ringan,Le Minerale Air Mineral Galon A 15 L,
4855,Minuman,Minuman Ringan,Cleo Air Mineral Galon (Isi Ulang) 19 L,
4856,Minuman,Minuman Ringan,Ron 88 Galon Air Mineral (Kosong) 19 L - Bandung,
4857,Minuman,Minuman Ringan,AlfaOne Air Mineral Galon (Isi Ulang) 19 L (C),
4858,Minuman,Minuman Ringan,For 3 Air Mineral Galon (Isi Ulang) 19 L (H),
4859,Minuman,Minuman Ringan,Pokka Minuman Teh Hijau Melati 450 ml,
4860,Minuman,Minuman Ringan,AlfaOne Galon Air Mineral (Kosong) 19 L,
4861,Minuman,Minuman Ringan,Grand Galon Air Mineral (Kosong) 19 L,
4862,Minuman,Minuman Ringan,For 3 Air Mineral Galon (Isi Ulang) 19 L (B),
4863,Minuman,Minuman Ringan,"Aqua Air Mineral Galon (Isi Ulang) 19 L - Palembang, Medan (D)",
4864,Minuman,Minuman Ringan,For 3 Air Mineral Galon (Isi Ulang) 19 L (C),
4865,Minuman,Minuman Ringan,Club Galon Air Mineral (Kosong) 19 L,
4866,Minuman,Minuman Ringan,ITO EN Oi Ocha Minuman Teh Hijau Tanpa Gula Botol 500 ml,
4867,Minuman,Minuman Ringan,Sanford Galon Air Mineral (Kosong) 19 L,
4868,Minuman,Minuman Ringan,HS68 Air Mineral Galon (Isi Ulang) 19 L,
4869,Minuman,Minuman Ringan,Club Air Mineral Galon (Isi Ulang) 19 L (A),
4870,Minuman,Minuman Ringan,Narmada Air Mineral Botol 600 ml,
4871,Minuman,Minuman Ringan,Cleo Air Mineral 12 x 1 L,
4872,Minuman,Minuman Ringan,Mountoya Air Mineral Pet Botol 600 ml,
4873,Minuman,Minuman Ringan,Boneva Galon Air Mineral (Kosong) 19 L,
4874,Minuman,Minuman Ringan,Pasqua Galon Air Mineral (Kosong) 19 L,
4875,Minuman,Minuman Ringan,For 3 Air Mineral Galon (Isi Ulang) 19 L (G),
4876,Minuman,Minuman Ringan,Bio Ite Sui Air Mineral Galon (Isi Ulang) 19 L,
4877,Minuman,Minuman Ringan,Aqua Air Mineral Galon (Isi Ulang) 19 L - Medan (H),
4878,Minuman,Minuman Ringan,Narmada Galon Air Mineral (Kosong) 19 L,
4879,Minuman,Minuman Ringan,Tirkana Air Mineral Galon (Isi Ulang) 19 L,
4880,Minuman,Minuman Ringan,Alfamart Air Mineral 48 x 240 ml,
4881,Minuman,Minuman Ringan,Pristine 8.6+ Galon Air Mineral (Kosong) 19 L,
4882,Minuman,Minuman Ringan,Sanford Air Mineral 48 x 220 ml,
4883,Minuman,Minuman Ringan,Coca-Cola Original Minuman Soda Kola Kaleng - Karton 24 x 250 ml,109.000
4884,Minuman,Minuman Ringan,Sprite Original Minuman Soda Lemon Jeruk Nipis Kaleng - Karton 24 x 250 ml,109.000
4885,Minuman,Minuman Ringan,Fanta Minuman Soda Stroberi Kaleng - Karton 24 x 250 ml,109.000
4886,Minuman,Minuman Ringan,Coca-Cola Zero Sugar Minuman Soda Rasa Kola Karton 24 x 250 ml,109.000
4887,Minuman,Minuman Ringan,X'Tragin Minuman Serbuk Es Kunyit Asam + Madu 5 x 23 g,15.000
4888,Minuman,Minuman Ringan,Sunquick Jus Sari Buah Lemon 300 ml,28.900
4889,Minuman,Minuman Ringan,Sunquick Jus Sari Buah Jeruk 300 ml,28.900
4890,Minuman,Minuman Ringan,Buavita Jus Apel 1 L,23.000
4891,Minuman,Minuman Ringan,Sunquick Jus Sari Buah Jeruk Mandarin 300 ml,28.900
4892,Minuman,Minuman Ringan,ABC Jus Jambu 250 ml,8.000
4893,Minuman,Minuman Ringan,ABC Jus Mangga 250 ml,8.000
4894,Minuman,Minuman Ringan,Schweppes Minuman Karbonasi Air Soda Kaleng 250 ml,6.500
4895,Minuman,Minuman Ringan,Inaco Minuman Jeli Rasa Blackcurrant 135 g,3.500
4896,Minuman,Minuman Ringan,Inaco Minuman Jeli Rasa Mangga 135 g,3.500
4897,Minuman,Minuman Ringan,Inaco Minuman Jeli Rasa Stroberi 135 g,3.500
4898,Minuman,Minuman Ringan,Wakely Cold Brew Coffee Oat Latte Minuman Kopi Susu Gandum 230 ml,25.000
4899,Minuman,Minuman Ringan,Foxbud Coffee Minuman Kopi Oat Aren Latte 240 ml,15.900
4900,Minuman,Minuman Ringan,Foxbud Coffee Minuman Kopi Oat Caramel Macchiato 240 ml,15.900
4901,Minuman,Minuman Ringan,Foxbud Coffee Minuman Kopi Oat Cappuccino 240 ml,15.900
4902,Minuman,Minuman Ringan,Coca Cola Original Minuman Soda Rasa Kola FIFA World Cup 2026 330 ml,7.300
4903,Minuman,Minuman Ringan,Frestea Minuman Teh Hijau Rasa Madu Botol 350 ml,4.900
4904,Minuman,Minuman Ringan,Frestea Minuman Teh Rasa Markisa Botol 350 ml,4.800
4905,Minuman,Minuman Ringan,Pororo Minuman Peach Botol 235 ml,15.000
4906,Minuman,Minuman Ringan,Bonteh Teh Manis 330 ml,3.600
4907,Minuman,Minuman Ringan,NutriSari Squeezed Orange Minuman Jeruk Peras Vitamin C 200 ml,8.800
4908,Minuman,Minuman Ringan,NU Minuman Choco Hazeltea 225 ml,6.200
4909,Minuman,Minuman Ringan,Ichitan Green Tea Rasa Blackcurrant Pet 280 ml,5.200
4910,Minuman,Minuman Ringan,Ichitan Green Tea Rasa Apel Pet 280 ml,5.200
4911,Minuman,Minuman Ringan,Ichitan Green Tea Rasa Honey Lemon Pet 280 ml,5.200
4912,Minuman,Minuman Ringan,Bean Spot Es Thai Tea Machiato 16 oz,18.000
4913,Minuman,Minuman Ringan,Fruit Tea Minuman Teh X-Treme 500 ml,7.600
4914,Minuman,Minuman Ringan,Aqua Air Mineral Botol 600 ml,4.000
4915,Minuman,Minuman Ringan,Aqua Air Mineral Botol 1.5 L,7.000
4916,Minuman,Minuman Ringan,Del Monte Boba Kopi Karamel Keju Kaleng 240 ml,7.900
4917,Minuman,Minuman Ringan,Nescafe Minuman Es Kopi Hitam 4 x 220 ml,
4918,Minuman,Minuman Ringan,Pristine 8.6+ Galon Air Mineral (Isi Ulang) 19 L,
4919,Minuman,Minuman Ringan,Wakely Hojicha Latte Minuman Teh Hijau Susu 230 ml,25.000
4920,Minuman,Minuman Ringan,Polaris Minuman Soda Bitter Lemon 330 ml,8.000
4921,Minuman,Minuman Ringan,Polaris Minuman Soda Ginger Ale 330 ml,8.000
4922,Minuman,Minuman Ringan,Cleo Air Mineral Galon 5 L,15.500
4923,Minuman,Minuman Ringan,Regen Minuman Sehat Bebas Gula Peach 12 x 300 ml,82.000
4924,Minuman,Minuman Ringan,Regen Minuman Sehat Bebas Gula Leci 12 x 300 ml,82.000
4925,Minuman,Minuman Ringan,Nescafe Cappuccino Kopi Kaleng 4 x 220 ml,27.000
4926,Minuman,Minuman Ringan,Wong Coco Aloe Vera Minuman Lidah Buaya Rasa Anggur Low Sugar Pouch 280 g,7.500
4927,Minuman,Minuman Ringan,Pokka Minuman Teh Leci 450 ml,5.500
4928,Minuman,Minuman Ringan,acaraki Golden Sparkling Kunyit Asam Minuman Soda Kaleng 320 ml,12.500
4929,Minuman,Minuman Ringan,Frestea Minuman Teh Rasa Lemon 350 ml,4.800
4930,Minuman,Minuman Ringan,Nestle Pure Life Air Mineral Galon 15 L,23.500
4931,Minuman,Minuman Ringan,Pokka Minuman Teh Oolong 300 ml,8.500
4932,Minuman,Minuman Ringan,Cap Panda Teh Herbal Liang Kaleng 310 ml,7.000
4933,Minuman,Minuman Ringan,Pokka Minuman Teh Hijau Melati 300 ml,8.500
4934,Minuman,Minuman Ringan,Pokka Minuman Teh Hijau Melati Botol 450 ml,8.900
4935,Minuman,Minuman Ringan,Pokka Minuman Teh Oolong Botol 450 ml,9.000
4936,Minuman,Minuman Ringan,ITO EN Oi Ocha Minuman Teh Hijau Tanpa Gula Hojicha Botol 500 ml,9.500
4937,Minuman,Minuman Ringan,Ultra Teh Kotak Teh Melati Rendah Gula 24 x 300 ml - Karton,92.000
4938,Minuman,Minuman Ringan,Tropicana Slim Collagen Shot Minuman Tinggi Serat Peach Blossom 190 ml,9.500
4939,Minuman,Minuman Ringan,Ultra Teh Kotak Melati Rendah Gula 750 ml,9.900
4940,Minuman,Minuman Ringan,Kuas Minuman Kunyit Asam Original 250 ml,10.900
4941,Minuman,Minuman Ringan,Kuas Minuman Kunyit Asam Lemon 250 ml,10.900
4942,Minuman,Minuman Ringan,WRP Active Fibby Minuman Serat 7 x 15 g,85.900
4943,Minuman,Minuman Ringan,Fit Me Up Active Minuman Karbonasi Rasa Jeruk dengan Bunga Krisan 160 ml,8.500
4944,Minuman,Minuman Ringan,Fit Me Up Focus Minuman Karbonasi Rasa Kiwi dengan Daun Kelor 160 ml,8.500
4945,Minuman,Minuman Ringan,Fit Me Up Uplift Minuman Karbonasi Rasa Bluberi dan Bunga Telang 160 ml,8.500
4946,Minuman,Minuman Ringan,Pokka Minuman Teh Hijau Tanpa Gula Houjicha Botol 500 ml,12.000
4947,Minuman,Minuman Ringan,Pokka Minuman Teh Hijau Tanpa Gula Sencha Botol 500 ml,12.000
4948,Minuman,Minuman Ringan,Pokka Minuman Teh Hijau Madu Botol 450 ml,5.500
4949,Minuman,Minuman Ringan,Wakely Oat Choco Drink Minuman Susu Gandum Rasa Cokelat dan Garam Himalaya 230 ml,20.200
4950,Minuman,Minuman Ringan,NutriSari Jeruk Madu Minuman Jeruk Peras Vitamin C 200 ml,8.000
4951,Minuman,Minuman Ringan,Joy Tea Minuman Teh Oolong Tawar Pet 350 ml,7.500
4952,Minuman,Minuman Ringan,Fruit Tea Minuman Teh Blackcurrant 24 x 250 ml - Karton,73.900
4953,Minuman,Minuman Ringan,Teh Pucuk Harum Rendah Gula 24 x 350 ml - Karton,89.000
4954,Minuman,Minuman Ringan,Yeo's Minuman Rasa Lemon Tea 250 ml,5.500
4955,Minuman,Minuman Ringan,Tropicana Slim Gula Jawa Bebas Gula Cair 350 ml,75.900
4956,Minuman,Minuman Ringan,Chi Forest Minuman Teh Peach Botol 450 ml,8.500
4957,Minuman,Minuman Ringan,Inaco Nata de Coco dengan Selasih Rasa Stroberi 1 kg,16.500
4958,Minuman,Minuman Ringan,Del Monte Boba Kopi Karamel Keju Kaleng 240 ml,7.900
4959,Minuman,Minuman Ringan,You C1000 Minuman Vitamin C Jeruk 140 ml,7.900
4960,Minuman,Minuman Ringan,Kopiko 78C Minuman Kopi Latte Pet 240 ml,9.000
4961,Minuman,Minuman Ringan,IF Minuman Air Kelapa Murni Pet 350 ml,15.000
4962,Minuman,Minuman Ringan,"Vit Air Mineral Galon (Kosong) 19 L - Jawa, Bali, Sumatera, Banjarmasin, Makassar",33.000
4963,Minuman,Minuman Ringan,Hemaviton Minuman Energi 150 ml,5.300
4964,Minuman,Minuman Ringan,Aquviva Air Mineral 1600 ml,6.600
4965,Minuman,Minuman Ringan,Kopi Kenangan Hanya Untukmu Minuman Kopi Mantancino 220 ml,10.100
4966,Minuman,Minuman Ringan,Kopi Kenangan Hanya Untukmu Minuman Kopi Black Aren 220 ml,10.100
4967,Minuman,Minuman Ringan,Alfamart Air Mineral Botol 1.5 L,4.500
4968,Minuman,Minuman Ringan,Good Day Minuman Kopi Groovy Cookies 250 ml,6.700
4969,Minuman,Minuman Ringan,Mizone Activ Minuman Isotonik Lemon Leci 500 ml,7.200
4970,Minuman,Minuman Ringan,Cleo Air Mineral 1 L,3.900
4971,Minuman,Minuman Ringan,ABC Minuman Kopi Chocomalt Pet 200 ml,4.300
4972,Minuman,Minuman Ringan,Red Bull Minuman Energi Kaleng 250 ml,26.800
4973,Minuman,Minuman Ringan,Golda Minuman Kopi Cappucino Pet 200 ml,4.400
4974,Minuman,Minuman Ringan,Adem Sari Ching Ku Lemon 320 ml,10.100
4975,Minuman,Minuman Ringan,Ichitan Thai Mangga Kelapa Pet 300 ml,9.500
4976,Minuman,Minuman Ringan,Fruit Tea Minuman Teh Lemon 350 ml,4.500
4977,Minuman,Minuman Ringan,Sinde Larutan Penyegar Cap Badak Melon 320 ml,7.500
4978,Minuman,Minuman Ringan,Sinde Larutan Penyegar Cap Badak Jambu 320 ml,7.500
4979,Minuman,Minuman Ringan,Sinde Larutan Penyegar Cap Badak Rasa Jeruk 320 ml,7.500
4980,Minuman,Minuman Ringan,Floridina Coco Minuman Jeruk Florida 350 ml,3.700
4981,Minuman,Minuman Ringan,Tehbotol Sosro Minuman Teh Original 450 ml,7.200
4982,Minuman,Minuman Ringan,S-tee Minuman Teh Melati 200 ml,2.700
4983,Minuman,Minuman Ringan,Fruit Tea Minuman Teh Markisa 350 ml,4.500
4984,Minuman,Minuman Ringan,Teh Pucuk Harum Melati 1.3 L,10.900
4985,Minuman,Minuman Ringan,Teh Pucuk Harum Melati 500 ml,5.500
4986,Minuman,Minuman Ringan,Teh Pucuk Harum Rendah Gula 500 ml,5.500
4987,Minuman,Minuman Ringan,Big Minuman Karbonasi Rasa Nipis Madu Pet 350 ml,3.600
4988,Minuman,Minuman Ringan,Prima Rasa Minuman Fruit Cocktail Cup 220 ml,9.500
4989,Minuman,Minuman Ringan,Sinde Larutan Penyegar Cap Badak Leci 320 ml,7.500
4990,Minuman,Minuman Ringan,Aquviva Air Mineral 700 ml,3.000
4991,Minuman,Minuman Ringan,Ichitan Thai Milk Kopi Salted Caramel Pet 300 ml,9.500
4992,Minuman,Minuman Ringan,Sprite Original Minuman Soda Rasa Lemon Jeruk Nipis Botol 1.5 L,16.200
4993,Minuman,Minuman Ringan,Le Minerale Air Mineral Botol 1.5 L,7.100
4994,Minuman,Minuman Ringan,Kopi Kenangan Minuman Kopi Mocha Mint Espresso 220 ml,7.400
4995,Minuman,Minuman Ringan,Lasegar Minuman Penyegar Jambu Kaleng 320 ml,
4996,Minuman,Minuman Ringan,SMS Air Mineral Galon (Isi Ulang) 19 L,
4997,Minuman,Minuman Ringan,Alfamart Air Mineral Botol 1.5 L,
4998,Minuman,Minuman Ringan,Aqua Air Mineral Galon (Isi Ulang) 19 L - Medan (G),
4999,Minuman,Minuman Ringan,Teh Cap Poci Seduh Jasmine Kuning 40 g,
5000,Minuman,Minuman Ringan,Narmada Air Mineral 48 x 220 ml,
5001,Minuman,Minuman Ringan,Vit Air Mineral Galon (Isi Ulang) 19 L A,
5002,Minuman,Minuman Ringan,You C1000 Minuman Vitamin C Jeruk 6 x 140 ml,35.900
5003,Minuman,Minuman Ringan,Kara Nata de Coco Kemasan Ember 1 kg,18.900
5004,Minuman,Minuman Ringan,ABC Minuman Asam Jawa 250 ml,5.000
5005,Minuman,Minuman Ringan,Kiranti Pegal Linu Botol 120 ml,6.500
5006,Minuman,Minuman Ringan,Sunpride Jus Buah Nanas Markisa Kaleng 220 ml,8.500
5007,Minuman,Minuman Ringan,Ultra Teh Kotak Teh Melati 24 x 300 ml - Karton,92.000
5008,Minuman,Minuman Ringan,Sprite Waterlymon Minuman Soda Rasa Lemon Jeruk Nipis Botol 425 ml,5.300
5009,Minuman,Minuman Ringan,Yeo's Minuman Penyegar Rasa Leci Kaleng 300 ml,7.500
5010,Minuman,Minuman Ringan,Inaco Minuman Lidah Buaya Rasa Buah Peach 280 g,6.500
5011,Minuman,Minuman Ringan,Prima Air Mineral Botol Pack 20 x 220 ml,23.900
5012,Minuman,Minuman Ringan,Prima Rasa Cocktail Buah-Buahan 1 L,15.000
5013,Minuman,Minuman Ringan,Amidis Air Minum yang Dimasak Botol 24 x 600 ml - Karton,46.000
5014,Minuman,Minuman Ringan,Schweppes Botanical Minuman Soda Rasa Tonik Kaleng 250 ml,6.500
5015,Minuman,Minuman Ringan,Inaco Minuman Lidah Buaya Rasa Buah Leci 280 g,6.500
5016,Minuman,Minuman Ringan,Polaris Minuman Soda Sarsaparilla 330 ml,5.000
5017,Minuman,Minuman Ringan,M-150 Minuman Energi 150 ml,6.000
5018,Minuman,Minuman Ringan,Ichitan Minuman Teh Susu Keju Pet 300 ml,9.500
5019,Minuman,Minuman Ringan,Crystalin Air Mineral Botol 600 ml,2.900
5020,Minuman,Minuman Ringan,Kopi Kenangan Minuman Kopi Cappuccino Double Espresso 220 ml,10.800
5021,Minuman,Minuman Ringan,Kopi Kenangan Hanya Untukmu Minuman Kopi Avocuddle 220 ml,10.100
5022,Minuman,Minuman Ringan,Bean Spot Es Thai Tea 16 oz,15.000
5023,Minuman,Minuman Ringan,Pororo Minuman Rasa Mangga Botol 235 ml,15.000
5024,Minuman,Minuman Ringan,Le Minerale Air Mineral Botol 600 ml,4.000
5025,Minuman,Minuman Ringan,Jiwater Air Mineral Pet Botol 500 ml,3.800
5026,Minuman,Minuman Ringan,Frestea Minuman Teh Rasa Apel Botol 350 ml,4.900
5027,Minuman,Minuman Ringan,AlfaOne Air Mineral Galon (Isi Ulang) 19 L (B),
5028,Minuman,Minuman Ringan,Tirmas Air Mineral Galon (Isi Ulang) 19 L,
5029,Minuman,Minuman Ringan,Vit Air Mineral Galon (Isi Ulang) 19 L - Kotawaringin Timur,
5030,Minuman,Minuman Ringan,Fanta Minuman Soda Rasa Stroberi Botol 1.5 L,16.200
5031,Minuman,Minuman Ringan,Inaco Nata de Coco dengan Selasih Rasa Jeruk 1 kg,16.500
5032,Minuman,Minuman Ringan,Teh Pucuk Harum Jasmine 24 x 350 ml - Karton,89.000
5033,Minuman,Minuman Ringan,Fanta Minuman Soda Rasa Fruit Punch Botol 1.5 L,16.200
5034,Minuman,Minuman Ringan,F&N Sarsi Minuman Soda Rasa Sarsaparilla Kaleng 325 ml,7.300
5035,Minuman,Minuman Ringan,You C1000 Minuman Vitamin C Lemon 6 x 140 ml,35.900
5036,Minuman,Minuman Ringan,Buavita Jus Buah Asli Jeruk 1 L,23.000
5037,Minuman,Minuman Ringan,Kopiko Lucky Day Minuman Kopi Pet 180 ml,8.700
5038,Minuman,Produk Olahan Susu,Mujigae Susu Cair Rasa Semangka Botol 250 ml,11.200
5039,Minuman,Produk Olahan Susu,Mujigae Susu Cair Rasa Pisang 250 ml,11.200
5040,Minuman,Produk Olahan Susu,Cimory Yogurt Bites Almond & Dates 120 g,8.800
5041,Minuman,Produk Olahan Susu,Tayo Susu Cokelat Malt 250 ml,9.200
5042,Minuman,Produk Olahan Susu,Kin Bulgarian Yogurt Slurp Bluberi 45 g,2.900
5043,Minuman,Produk Olahan Susu,Frisian Flag Nutribrain Susu UHT Cair Plain Kotak 180 ml,4.900
5044,Minuman,Produk Olahan Susu,Mujigae Extra Creamy Susu Cair Rasa Pisang 250 ml,10.900
5045,Minuman,Produk Olahan Susu,Ichitan Signature Choco Minuman Cokelat Hitam 300 ml,11.300
5046,Minuman,Produk Olahan Susu,Milo Pro Minuman Susu Kotak UHT Cokelat Protein 225 ml,10.500
5047,Minuman,Produk Olahan Susu,Cimory Yogurt Stik Rasa Original 40 g,3.300
5048,Minuman,Produk Olahan Susu,Indomilk Kids Yogurt Rasa Stroberi Pouch 70 g,5.900
5049,Minuman,Produk Olahan Susu,Cimory Yogurt Stik Rasa Bluberi 40 g,3.300
5050,Minuman,Produk Olahan Susu,Cimory Minuman Yogurt Bluberi 240 ml,9.400
5051,Minuman,Produk Olahan Susu,Cimory Yogurt Bites Stroberi 120 g,8.800
5052,Minuman,Produk Olahan Susu,Cimory Yogurt Stik Anggur Kyoho 40 g,3.000
5053,Minuman,Produk Olahan Susu,Cimory Yogurt Bites Berry Blend 120 g,8.800
5054,Minuman,Produk Olahan Susu,Cimory Yogurt Stik Rasa Ketan Mangga 40 g,3.300
5055,Minuman,Produk Olahan Susu,Cimory Yogurt Bites Bluberi 120 g,8.500
5056,Minuman,Produk Olahan Susu,Cimory Yogurt Stik Rasa Stroberi 40 g,3.300
5057,Minuman,Produk Olahan Susu,Cimory Minuman Yogurt Original 240 ml,9.400
5058,Minuman,Produk Olahan Susu,Cimory Yogurt Bites Stroberi Mangga 120 g,8.800
5059,Minuman,Produk Olahan Susu,Cimory Minuman Yogurt Mixed Berry 240 ml,9.400
5060,Minuman,Produk Olahan Susu,Cimory Yogurt Bites Stroberi Leci 120 g,8.800
5061,Minuman,Produk Olahan Susu,Indomilk Kids Yogurt Rasa Bluberi Pouch 70 g,5.900
5062,Minuman,Produk Olahan Susu,Cimory Yogurt Stik Jeruk 40 g,3.000
5063,Minuman,Produk Olahan Susu,Cimory Yogurt Stik Rasa Brown Sugar 40 g,3.300
5064,Minuman,Produk Olahan Susu,Diabetasol Susu Bubuk Dewasa Vanila 170 g,36.700
5065,Minuman,Produk Olahan Susu,S-26 Procal Gold Tahap 3 Susu Pertumbuhan Anak 1-3 Tahun Vanila 350 g,125.900
5066,Minuman,Produk Olahan Susu,HiLo Protein Chocofit Susu Cair Kotak 190 ml,15.200
5067,Minuman,Produk Olahan Susu,Frisian Flag Krimer Kental Manis Putih 535 g,14.900
5068,Minuman,Produk Olahan Susu,Indomilk Kids Susu UHT Cokelat Kotak 115 ml,3.400
5069,Minuman,Produk Olahan Susu,Ultra Milk Susu UHT Stroberi Kotak 200 ml,7.000
5070,Minuman,Produk Olahan Susu,Cimory Yogurt Squeeze Original 120 g,8.500
5071,Minuman,Produk Olahan Susu,Nestle Goodnes Kurma Ajwa Madinah Susu Steril Kaleng 189 ml,10.200
5072,Minuman,Produk Olahan Susu,Indomilk Krimer Kental Manis Putih 6 x 37 g,8.700
5073,Minuman,Produk Olahan Susu,Indomilk Kids Susu UHT Stroberi Kotak 115 ml,3.400
5074,Minuman,Produk Olahan Susu,Greenfields Susu UHT Full Cream Kotak 950 ml,26.000
5075,Minuman,Produk Olahan Susu,So Good Susu Cair Steril Kaleng 189 ml,9.200
5076,Minuman,Produk Olahan Susu,Oatside Susu Oat Cair Cokelat Kotak 200 ml,8.900
5077,Minuman,Produk Olahan Susu,Ultra Mimi Kids Susu UHT Full Cream Kotak 125 ml,4.800
5078,Minuman,Produk Olahan Susu,Milku Susu UHT Cair Cokelat Premium Botol 200 ml,3.200
5079,Minuman,Produk Olahan Susu,Cimory Yogurt Squeeze Madu 120 g,
5080,Minuman,Produk Olahan Susu,Ultra Milk Susu UHT Moka Kotak 250 ml,
5081,Minuman,Produk Olahan Susu,Ensure Gold Susu Nutrisi Dewasa Vanila 380 g,
5082,Minuman,Produk Olahan Susu,V-SOY Susu Kedelai Cair Multi Grain Kotak 1000 ml,31.900
5083,Minuman,Produk Olahan Susu,Oatside Susu Oat Cair Caramel Macchiato 200 ml,8.900
5084,Minuman,Produk Olahan Susu,Greenfields Susu UHT Full Cream Kotak 32 X 200 ml - Karton,190.000
5085,Minuman,Produk Olahan Susu,Ultra Milk Susu UHT Rendah Lemak Cokelat Kotak 1 L,26.200
5086,Minuman,Produk Olahan Susu,Frisian Flag Susu UHT Low Fat Belgian Cokelat Kotak 225 ml,8.400
5087,Minuman,Produk Olahan Susu,Indomilk Kids Susu UHT Full Cream Tanpa Tambahan Gula Kotak 40 x 115 ml - Karton,105.900
5088,Minuman,Produk Olahan Susu,Frisian Flag Nutribrain Susu UHT Cair Cokelat Kotak 180 ml,4.900
5089,Minuman,Produk Olahan Susu,Diamond Susu UHT Full Cream Kotak 40 x 125 ml - Karton,133.000
5090,Minuman,Produk Olahan Susu,Almond Breeze Susu Cair Vanila 946 ml,46.000
5091,Minuman,Produk Olahan Susu,Almond Breeze Susu Almond Cair Vanilla Kotak 180 ml,14.000
5092,Minuman,Produk Olahan Susu,Lactasoy Susu Kacang Kedelai UHT Rasa Original 250 ml,7.500
5093,Minuman,Produk Olahan Susu,WRP Active Body Shape Minuman Tinggi Protein & Kalsium Red Berries 180 g,122.900
5094,Minuman,Produk Olahan Susu,Arla Organic Full Cream UHT Milk Kotak 200 g,12.000
5095,Minuman,Produk Olahan Susu,Greenfields Susu UHT Full Cream Kotak 40 x 105 ml - Karton,129.000
5096,Minuman,Produk Olahan Susu,Tiga Sapi Susu Evaporasi 500 g,15.900
5097,Minuman,Produk Olahan Susu,Frisian Flag Susu UHT Full Cream Kotak 225 ml,7.300
5098,Minuman,Produk Olahan Susu,Ultra Mimi Kids Susu UHT Cokelat Kotak 125 ml,4.800
5099,Minuman,Produk Olahan Susu,Ultra Milk Susu UHT Full Cream Kotak 1 L,23.200
5100,Minuman,Produk Olahan Susu,Milk Life Susu UHT Bebas Laktosa Original 200 ml,3.900
5101,Minuman,Produk Olahan Susu,Frisian Flag Nutribrain Susu UHT Cair Stroberi Kotak 6 x 110 ml,16.500
5102,Minuman,Produk Olahan Susu,Cimory Susu UHT Matcha 250 ml,7.800
5103,Minuman,Produk Olahan Susu,Ultra Milk Susu UHT Coklat Kotak 1 L,23.200
5104,Minuman,Produk Olahan Susu,Oatside Susu Oat Cair Barista Blend 200 ml,8.900
5105,Minuman,Produk Olahan Susu,Greenfields Susu UHT Full Cream Kotak 105 ml,4.200
5106,Minuman,Produk Olahan Susu,Frisian Flag Nutribrain Susu UHT Cair Cokelat Kotak 6 x 110 ml,16.500
5107,Minuman,Produk Olahan Susu,Frisian Flag Susu UHT Cokelat Kotak 225 ml,7.100
5108,Minuman,Produk Olahan Susu,Ultra Milk Susu UHT Coklat Kotak 200 ml,6.900
5109,Minuman,Produk Olahan Susu,Frisian Flag Nutribrain Susu UHT Cair Plain Kotak 6 x 110 ml,16.500
5110,Minuman,Produk Olahan Susu,Frisian Flag Susu UHT Full Cream Kotak 946 ml,18.900
5111,Minuman,Produk Olahan Susu,Nestle Dancow FortiGro Cokelat Susu UHT Kotak 110 ml,3.800
5112,Minuman,Produk Olahan Susu,Frisian Flag Susu UHT Stroberi Kotak 225 ml,7.100
5113,Minuman,Produk Olahan Susu,Cap Enaak Krimer Kental Manis Putih Pouch 535 g,17.400
5114,Minuman,Produk Olahan Susu,Ultra Milk Susu UHT Full Cream Kotak 250 ml,8.600
5115,Minuman,Produk Olahan Susu,Milku Susu UHT Cair Original Botol 200 ml,3.200
5116,Minuman,Produk Olahan Susu,V-SOY Soya Bean Milk Susu Kacang Kedelai Kotak 200 ml,9.000
5117,Minuman,Produk Olahan Susu,Ultra Milk Susu UHT Coklat Kotak 250 ml,8.500
5118,Minuman,Produk Olahan Susu,Frisian Flag Krimer Kental Manis Putih 240 g,10.300
5119,Minuman,Produk Olahan Susu,Ultra Mimi Kids Susu UHT Stroberi Kotak 125 ml,4.800
5120,Minuman,Produk Olahan Susu,Frisian Flag Susu UHT Cokelat Kotak 946 ml,18.900
5121,Minuman,Produk Olahan Susu,Cimory Minuman Yogurt Tanpa Gula Tambahan Stroberi & Mangga 240 ml,7.600
5122,Minuman,Produk Olahan Susu,Nutrive Benecol Blackcurrant Tanpa Gula 100 ml,9.700
5123,Minuman,Produk Olahan Susu,Biokul To Go Yogurt Rasa Mixberry with Nata de Coco Pouch 80 g,6.900
5124,Minuman,Produk Olahan Susu,Frisian Flag Krimer Kental Manis Putih 370 g,12.300
5125,Minuman,Produk Olahan Susu,Cimory Susu UHT Biskuit Marie 250 ml,7.800
5126,Minuman,Produk Olahan Susu,Frisian Flag Susu UHT Coconut Delight Kotak 946 ml,18.900
5127,Minuman,Produk Olahan Susu,Ultra Milk Susu UHT Coklat Kotak 125 ml,4.800
5128,Minuman,Produk Olahan Susu,Nestle Goodnes Kurma & Madu Habbatussauda Susu Steril Kaleng 189 ml,10.200
5129,Minuman,Produk Olahan Susu,Kin Bulgarian Yogurt Original Smooth & Creamy 45 g,2.900
5130,Minuman,Produk Olahan Susu,Cimory Susu UHT Cokelat 250 ml,7.800
5131,Minuman,Produk Olahan Susu,Ultra Milk Susu UHT Stroberi Kotak 750 ml,18.600
5132,Minuman,Produk Olahan Susu,Ultra Milk Susu UHT Karamel Kotak 200 ml,7.000
5133,Minuman,Produk Olahan Susu,Cimory Minuman Yogurt Tanpa Gula Tambahan Blueberry 240 ml,7.600
5134,Minuman,Produk Olahan Susu,Carnation Susu Masakan Evaporasi Kaleng 405 g,18.900
5135,Minuman,Produk Olahan Susu,Cimory Susu UHT Tanpa Gula Tambahan Cokelat 225 ml,7.500
5136,Minuman,Produk Olahan Susu,Cimory Susu UHT Tanpa Gula Tambahan Matcha 225 ml,7.500
5137,Minuman,Produk Olahan Susu,Cimory Susu UHT Bebas Laktosa Kotak 250 ml,7.800
5138,Minuman,Produk Olahan Susu,Frisian Flag Krimer Kental Manis Cokelat 240 g,10.300
5139,Minuman,Produk Olahan Susu,Tropicana Slim Almond Drink Chocolicious Kotak 190 ml,11.800
5140,Minuman,Produk Olahan Susu,Cimory Minuman Yogurt Tanpa Gula Tambahan Stroberi 240 ml,7.600
5141,Minuman,Produk Olahan Susu,KitKat Minuman Cokelat Kaleng 220 ml,12.200
5142,Minuman,Produk Olahan Susu,Frisian Flag Susu UHT Coconut Delight Kotak 225 ml,8.400
5143,Minuman,Produk Olahan Susu,Carnation Krimer Kental Manis 365 g,11.400
5144,Minuman,Produk Olahan Susu,Biokul To Go Yogurt Marshmallow with Nata de Coco Pouch 80 g,6.900
5145,Minuman,Produk Olahan Susu,OATSIDE Susu Oat Cair Barista Blend Kotak 1 L,31.900
5146,Minuman,Produk Olahan Susu,Indomilk Krimer Kental Manis Putih 370 g,11.000
5147,Minuman,Produk Olahan Susu,Ultra Milk Susu UHT Stroberi Kotak 125 ml,4.800
5148,Minuman,Produk Olahan Susu,Cimory Susu UHT Thai Tea 250 ml,7.800
5149,Minuman,Produk Olahan Susu,Cimory Susu UHT Tanpa Gula Tambahan Almond 225 ml,7.500
5150,Minuman,Produk Olahan Susu,Oatside Susu Oat Cair Kopi 200 ml,8.900
5151,Minuman,Produk Olahan Susu,Frisian Flag Krimer Kental Manis Putih 6 x 37 g,9.200
5152,Minuman,Produk Olahan Susu,Ultra Milk Susu UHT Taro Kotak 200 ml,7.000
5153,Minuman,Produk Olahan Susu,Cimory Yogurt Squeeze Ketan Mangga 120 g,8.500
5154,Minuman,Produk Olahan Susu,Frisian Flag Susu UHT Low Fat French Vanilla Kotak 225 ml,8.400
5155,Minuman,Produk Olahan Susu,Biokul To Go Yogurt Rasa Leci with Nata de Coco Pouch 80 g,6.900
5156,Minuman,Produk Olahan Susu,Real Good Susu UHT Sereal Cokelat 125 ml,3.300
5157,Minuman,Produk Olahan Susu,SunBay Susu Evaporasi Kaleng 380 g,16.200
5158,Minuman,Produk Olahan Susu,HiLo UHT Susu Cair Cokelat 200 ml,9.900
5159,Minuman,Produk Olahan Susu,Ultra Milk Susu UHT Full Cream Kotak 750 ml,18.800
5160,Minuman,Produk Olahan Susu,Milo UHT Activ-Go Cokelat Pack Kotak 4 x 110 ml,13.200
5161,Minuman,Produk Olahan Susu,Milo Activ-Go Minuman Susu Cokelat Original Kaleng 220 ml,11.500
5162,Minuman,Produk Olahan Susu,Cimory Susu UHT Cokelat Hazelnut Kotak 250 ml,7.800
5163,Minuman,Produk Olahan Susu,Cimory Minuman Yogurt Tanpa Gula Tambahan Tropical Fruits 240 ml,7.600
5164,Minuman,Produk Olahan Susu,Ultra Milk Susu UHT Stroberi Kotak 250 ml,8.600
5165,Minuman,Produk Olahan Susu,Milo Minuman Ekstra Cokelat Kaleng 220 ml,11.500
5166,Minuman,Produk Olahan Susu,Nutrive Benecol Leci Tanpa Gula 100 ml,9.400
5167,Minuman,Produk Olahan Susu,Cimory Susu UHT Cokelat Cashew Kotak 250 ml,7.800
5168,Minuman,Produk Olahan Susu,Greenfields Susu UHT Full Cream Kotak 250 ml,9.200
5169,Minuman,Produk Olahan Susu,Indomilk Krimer Kental Manis Swiss Choco 6 x 37 g,8.500
5170,Minuman,Produk Olahan Susu,Omela Krimer Kental Manis 370 g,11.000
5171,Minuman,Produk Olahan Susu,Greenfields Susu UHT Stroberi Kotak 250 ml,8.500
5172,Minuman,Produk Olahan Susu,heavenly blush Yogurt Greek Klasik 200 ml,19.000
5173,Minuman,Produk Olahan Susu,Nestle Dancow FortiGro Cokelat Susu UHT Kotak 4 x 110 ml,9.900
5174,Minuman,Produk Olahan Susu,Milku Susu UHT Cair Stroberi Botol 200 ml,3.200
5175,Minuman,Produk Olahan Susu,Frisian Flag Krimer Kental Manis Full Cream Gold 370 g,18.600
5176,Minuman,Produk Olahan Susu,Greenfields Susu UHT Less Sugar Cokelat 250 ml,8.500
5177,Minuman,Produk Olahan Susu,Kin Bulgarian Yogurt Original Pet 200 ml,8.800
5178,Minuman,Produk Olahan Susu,Cimory Susu UHT Milk Tea 250 ml,7.800
5179,Minuman,Produk Olahan Susu,Oatside Susu Oat Cair Cokelat with Straw Kotak 200 ml,6.200
5180,Minuman,Produk Olahan Susu,Nutrive Benecol Stroberi Tanpa Gula 100 ml,9.300
5181,Minuman,Produk Olahan Susu,vidoran Xmart Kids Susu UHT Cokelat Kotak 110 ml,2.800
5182,Minuman,Produk Olahan Susu,Milo Minuman Susu Cokelat Cool Kaleng 220 ml,11.500
5183,Minuman,Produk Olahan Susu,Frisian Flag Krimer Kental Manis Gula Aren 240 g,9.900
5184,Minuman,Produk Olahan Susu,Cimory Susu UHT Malt Cokelat Kotak 250 ml,7.800
5185,Minuman,Produk Olahan Susu,Nutrive Benecol Rasa Jeruk Botol 100 ml,9.400
5186,Minuman,Produk Olahan Susu,Greenfields Susu UHT Stroberi Kotak 105 ml,3.900
5187,Minuman,Produk Olahan Susu,Milku Susu UHT Cair Marie Biskuit Botol 200 ml,3.200
5188,Minuman,Produk Olahan Susu,Cimory Yogurt Squeeze Stroberi 120 g,8.500
5189,Minuman,Produk Olahan Susu,Cimory Susu UHT Cokelat Tiramisu 250 ml,7.800
5190,Minuman,Produk Olahan Susu,Cimory Susu UHT Tanpa Gula Tambahan Marie Biscuit 225 ml,7.500
5191,Minuman,Produk Olahan Susu,Greenfields Susu UHT Less Sugar Cokelat Kotak 105 ml,4.200
5192,Minuman,Produk Olahan Susu,Milo Nutri Up Minuman Cokelat Kaleng 220 ml,11.500
5193,Minuman,Produk Olahan Susu,Cimory Yogurt Squeeze Brown Sugar 120 g,8.500
5194,Minuman,Produk Olahan Susu,Alfamart Mujigae Susu Cair Rasa Melon Botol 250 ml,9.500
5195,Minuman,Produk Olahan Susu,Milo UHT Activ-Go Cokelat Pack Kotak 4 x 180 ml,19.500
5196,Minuman,Produk Olahan Susu,Nutriboost Minuman Susu Rasa Stroberi Botol 300 ml,7.700
5197,Minuman,Produk Olahan Susu,Cimory Susu UHT Cokelat Kotak 125 ml,3.900
5198,Minuman,Produk Olahan Susu,Ultra Milk Susu UHT Rendah Lemak Cokelat Kotak 250 ml,9.300
5199,Minuman,Produk Olahan Susu,Greenfields Fresh Milk Kotak 320 ml,12.500
5200,Minuman,Produk Olahan Susu,Kin Bulgarian Yogurt Black Smooth & Creamy 45 g,3.800
5201,Minuman,Produk Olahan Susu,Cimory Susu UHT Cokelat Almond Kotak 250 ml,7.800
5202,Minuman,Produk Olahan Susu,Frisian Flag Krimer Kental Manis Cokelat 6 x 37 g,9.200
5203,Minuman,Produk Olahan Susu,Ultra Milk Susu UHT Cokelat Kotak 750 ml,18.700
5204,Minuman,Produk Olahan Susu,V-Soy Multi-Grain Susu Kacang Kedelai 300 ml,14.800
5205,Minuman,Produk Olahan Susu,Cap Enaak Krimer Kental Manis Cokelat Belgia Pouch 535 g,17.400
5206,Minuman,Produk Olahan Susu,Olatte Minuman Susu Peach Kaleng 240 ml,9.400
5207,Minuman,Produk Olahan Susu,Frisian Flag Krimer Kental Manis Full Cream Gold Pouch 240 g,
5208,Minuman,Produk Olahan Susu,Indomilk Busan Susu Cair UHT Vanila 180 ml,5.000
5209,Minuman,Produk Olahan Susu,Ultra Mimi Kids Susu UHT Full Cream Kotak 40 x 125 ml - Karton,146.900
5210,Minuman,Produk Olahan Susu,Indomilk Korean Susu Cair UHT Stroberi 180 ml,5.000
5211,Minuman,Produk Olahan Susu,Ultra Milk Susu UHT Full Cream Kotak 40 x 125 ml - Karton,149.900
5212,Minuman,Produk Olahan Susu,Cap Nona Krimer Kental Manis Putih Kaleng 365 g,10.000
5213,Minuman,Produk Olahan Susu,Greenfields Susu UHT Less Sugar Cokelat Kotak 40 x 105 ml - Karton,129.000
5214,Minuman,Produk Olahan Susu,Greenfields Susu UHT Stroberi Kotak 40 x 105 ml - Karton,129.000
5215,Minuman,Produk Olahan Susu,Milo UHT Activ-Go Cokelat Kotak 36 x 110 ml - Karton,99.000
5216,Minuman,Produk Olahan Susu,Ultra Mimi Kids Susu UHT Cokelat Kotak 40 x 125 ml - Karton,146.900
5217,Minuman,Produk Olahan Susu,Cimory Yogurt Squeeze Bluberi 120 g,8.500
5218,Minuman,Produk Olahan Susu,Ichitan Pink Milk Minuman Susu Thai Pink 300 ml,9.500
5219,Minuman,Produk Olahan Susu,Pororo Minuman Rasa Susu Botol 235 ml,15.000
5220,Minuman,Produk Olahan Susu,Frisian Flag Krimer Kental Manis Putih 490 g,16.400
5221,Minuman,Produk Olahan Susu,Ichitan Candy Cloud Milk Minuman Susu Cotton Candy 300 ml,9.500
5222,Minuman,Produk Olahan Susu,Ultra Milk Susu UHT Moka Kotak 750 ml,18.700
5223,Minuman,Produk Olahan Susu,Milk Life Susu UHT Milkshake Rasa Cookies & Cream 200 ml,6.900
5224,Minuman,Produk Olahan Susu,Mujigae Susu Cair Rasa Pisang Stroberi Botol 250 ml,11.200
5225,Minuman,Produk Olahan Susu,Mujigae Susu Cair Rasa Pisang Cokelat 250 ml,11.200
5226,Minuman,Produk Olahan Susu,Frisian Flag Energo+ Susu Segar Rasa Matcha 225 ml,8.400
5227,Minuman,Produk Olahan Susu,Kin Bulgarian Yogurt Black Special Edition Pet 200 ml,8.800
5228,Minuman,Produk Olahan Susu,Vidoran Xmart Kids Susu UHT Cokelat Kotak 175 ml,5.300
5229,Minuman,Produk Olahan Susu,Ultra Milk Susu UHT Blueberry Blast Kotak 200 ml,6.700
5230,Minuman,Produk Olahan Susu,Mujigae Susu Cair Rasa Cheese Cake 250 ml,11.200
5231,Minuman,Produk Olahan Susu,Bebelac Susu Formula Cair Rasa Cokelat Kotak 165 ml,8.500
5232,Minuman,Produk Olahan Susu,Diamond Milk Susu UHT Full Cream Kotak 1 L,23.000
5233,Minuman,Produk Olahan Susu,Diamond Susu UHT Marshmallow Kotak 200 ml,5.900
5234,Minuman,Produk Olahan Susu,INDOMILK Kids Susu UHT Cokelat Kotak 6 x 115 ml,17.900
5235,Minuman,Produk Olahan Susu,Brookfarm Susu Almond Rasa Original 200 ml,8.900
5236,Minuman,Produk Olahan Susu,Bebelac Susu Formula Cair Rasa Plain Kotak 165 ml,8.500
5237,Minuman,Produk Olahan Susu,HiLo Teen Susu Bubuk Vanila Caramel 250 g,48.700
5238,Minuman,Produk Olahan Susu,Bebelac Susu Formula Cair Rasa Cokelat Kotak 105 ml,5.400
5239,Minuman,Produk Olahan Susu,Frisian Flag Nutribrain Susu UHT Cair Plain Kotak 110 ml,3.700
5240,Minuman,Produk Olahan Susu,Indomilk Seoul Susu UHT Pisang Kotak 180 ml,4.800
5241,Minuman,Produk Olahan Susu,Tropicana Slim Almond Drink Banana Delight Kotak 190 ml,11.800
5242,Minuman,Produk Olahan Susu,Brookfarm Susu Almond Rasa Dark Chocolate 200 ml,8.900
5243,Minuman,Produk Olahan Susu,Ichitan Susu Gula Aren Pet 300 ml,9.500
5244,Minuman,Produk Olahan Susu,Oatside Susu Oat Cair Kopi Kotak 1 L,32.300
5245,Minuman,Produk Olahan Susu,Anlene Gold 5X Susu Bubuk Dewasa Cokelat 230 g,46.900
5246,Minuman,Produk Olahan Susu,Bebelac Susu Formula Cair Rasa Plain Kotak 105 ml,5.400
5247,Minuman,Produk Olahan Susu,Ovaltine 3 in 1 Minuman Bubuk Susu Cokelat 594 g,63.700
5248,Minuman,Produk Olahan Susu,Etawalin Susu Kambing Bubuk Box 200 g,87.500
5249,Minuman,Produk Olahan Susu,Ovaltine Classic Minuman Cokelat Malt 280 g,33.500
5250,Minuman,Produk Olahan Susu,Etawaku Platinum Susu Kambing Bubuk Original 200 g,81.500
5251,Minuman,Produk Olahan Susu,L-Men 2 Go Whey Protein Cokelat Rendah Lemak 200 ml,15.500
5252,Minuman,Produk Olahan Susu,Cimory Minuman Yogurt Mix Fruits 240 ml,9.400
5253,Minuman,Produk Olahan Susu,Cimory Minuman Yogurt Stroberi 240 ml,9.400
5254,Minuman,Produk Olahan Susu,Entrasol O'live Susu Cair Steril Ekstrak Buah Zaitun Kaleng 180 ml,10.000
5255,Minuman,Produk Olahan Susu,Indomilk Susu Cair Rasa Stroberi 190 ml,4.200
5256,Minuman,Produk Olahan Susu,Binggrae Susu UHT Pisang Kotak 200 ml,20.200
5257,Minuman,Produk Olahan Susu,Indomilk Krimer Kental Manis Putih Pouch 260 g,8.500
5258,Minuman,Produk Olahan Susu,Anlene Actifit 3X Susu Bubuk Dewasa Cokelat 230 g,29.700
5259,Minuman,Produk Olahan Susu,Anlene Gold 5X Susu Bubuk Dewasa Vanila 230 g,46.900
5260,Minuman,Produk Olahan Susu,Carnation Krimer Kental Manis Sachet 6 x 38 g,8.800
5261,Minuman,Produk Olahan Susu,Bear Brand Gold Susu Steril Malt Kaleng 140 ml,10.800
5262,Minuman,Produk Olahan Susu,Indomilk Susu Cair Rasa Cokelat 190 ml,4.200
5263,Minuman,Produk Olahan Susu,Anlene Gold 5X Susu Bubuk Dewasa Vanila 560 g,103.900
5264,Minuman,Produk Olahan Susu,Diamond Susu UHT Full Cream Kotak 200 ml,5.900
5265,Minuman,Produk Olahan Susu,Diamond Susu UHT Bubble Gum Kotak 200 ml,6.100
5266,Minuman,Produk Olahan Susu,Frisian Flag Nutribrain Susu UHT Cair Cokelat Kotak 110 ml,4.000
5267,Minuman,Produk Olahan Susu,Indomilk Kids Susu UHT Full Cream Tanpa Tambahan Gula Kotak 115 ml,3.400
5268,Minuman,Produk Olahan Susu,Brookfarm Susu Almond Rasa Salted Caramel 200 ml,8.900
5269,Minuman,Produk Olahan Susu,Entrasol Platinum Susu Bubuk Nutrisi Dewasa Vanila 800 g,
5270,Minuman,Produk Olahan Susu,Entrasol Gold Susu Bubuk Nutrisi Dewasa Vanila 560 g,
5271,Minuman,Produk Olahan Susu,Ensure Gold Susu Bubuk Nutrisi Dewasa Cokelat Kaleng 800 g,
5272,Minuman,Produk Olahan Susu,Anlene Gold 5X Susu Bubuk Dewasa Vanila 825 g,
5273,Minuman,Produk Olahan Susu,Frisian Flag Nutribrain Susu UHT Cair Plain 36 x 110 ml - Karton,95.000
5274,Minuman,Produk Olahan Susu,Indomilk Susu Cair Rasa Bluberi 190 ml,4.000
5275,Minuman,Produk Olahan Susu,Ultra Milk Susu UHT Coklat Kotak 40 x 125 ml - Karton,149.900
5276,Minuman,Produk Olahan Susu,Indomilk Kids Susu UHT Cokelat Rendah Gula Kotak 115 ml,3.400
5277,Minuman,Produk Olahan Susu,Indomilk Kids Susu UHT Stroberi Kotak 6 x 115 ml,17.900
5278,Minuman,Produk Olahan Susu,Kin Bulgarian Yogurt Mangga Pet 200 ml,8.800
5279,Minuman,Produk Olahan Susu,Kun Minuman Susu UHT Chocomalt Nata de Coco 100 ml,4.000
5280,Minuman,Produk Olahan Susu,Frisian Flag Susu Bubuk Full Cream 800 g,98.200
5281,Minuman,Produk Olahan Susu,Kin Bulgarian Yogurt Crazy Rich / Mixed Berries A2 200 ml,10.000
5282,Minuman,Produk Olahan Susu,Tropicana Slim Minuman Susu Bubuk Diabetx 150 g,41.400
5283,Minuman,Produk Olahan Susu,Cimory Yogurt Squeeze Taro Ungu 120 g,
5284,Minuman,Produk Olahan Susu,Greenfields Cheese Mozarella 200 g,
5285,Minuman,Produk Olahan Susu,Arummi Susu Kacang Mede Cair Barista Kotak 1 L,
5286,Minuman,Produk Olahan Susu,Arummi Susu Kacang Mede Cair Original Kotak 1 L,
5287,Minuman,Produk Olahan Susu,Cimory Susu UHT Bluberi 250 ml,
5288,Minuman,Produk Olahan Susu,Indomilk Japanese Susu Cair UHT Matcha 180 ml,
5289,Minuman,Produk Olahan Susu,Sunbay Susu Kedelai Original 320 ml,
5290,Minuman,Produk Olahan Susu,Greenfields Susu Malt Less Sugar Cokelat Kotak 320 ml,
5291,Minuman,Produk Olahan Susu,Baa..guss Krimer Kental Manis 505 g,
5292,Minuman,Produk Olahan Susu,Ultra Milk Susu UHT Rendah Lemak Kotak 250 ml,
5293,Minuman,Produk Olahan Susu,Greenfields Fresh Milk Kotak 950 ml,
5294,Minuman,Produk Olahan Susu,Frisian Flag Energo+ Susu Segar Rasa Mixed Berries 225 ml,
5295,Minuman,Produk Olahan Susu,Ichitan Susu Cair Melon 300 ml,
5296,Minuman,Produk Olahan Susu,Hometown Greek Yogurt Sunpride Crystal Guava 100 g,
5297,Minuman,Produk Olahan Susu,Hometown Greek Yogurt Sunpride Honi Pineapple 100 g,
5298,Minuman,Produk Olahan Susu,"HiLo Active Susu Bubuk Tinggi Protein Rasa Berry Fitshake 8 x 33,5 g",130.500
5299,Minuman,Produk Olahan Susu,Entrasol Platinum Susu Bubuk Tinggi Protein Dewasa Cokelat 400 g,109.900
5300,Minuman,Produk Olahan Susu,L-Men Platinum Protein Tinggi Rasa Choco Latte 231 g,118.500
5301,Minuman,Produk Olahan Susu,Almond Breeze Susu Cair Cokelat Kotak 946 ml,46.000
5302,Minuman,Produk Olahan Susu,Almond Breeze Susu Cair Original Kotak 946 ml,46.000
5303,Minuman,Produk Olahan Susu,HiLo Active Susu Bubuk Tinggi Kalsium Cokelat 1 kg,150.000
5304,Minuman,Produk Olahan Susu,HiLo Teen Susu Bubuk Cokelat 1 kg,179.000
5305,Minuman,Produk Olahan Susu,Oatly Susu Oat Cair Barista Kotak 1 L,40.900
5306,Minuman,Produk Olahan Susu,Oatly Susu Oat Cair Cokelat Kotak 1 L,40.900
5307,Minuman,Produk Olahan Susu,Lactasoy Susu Kacang Kedelai UHT Rasa Original 1 L,26.900
5308,Minuman,Produk Olahan Susu,Lactasoy Susu Kacang Kedelai UHT Rasa Cokelat 1 L,25.900
5309,Minuman,Produk Olahan Susu,Lactasoy Susu Kacang Kedelai UHT Rasa Cokelat 250 ml,7.000
5310,Minuman,Produk Olahan Susu,Lactasoy Susu Kacang Kedelai UHT Unsweetened 250 ml,7.000
5311,Minuman,Produk Olahan Susu,Lactogrow Susu UHT Madu Vanila Kotak 36 x 135 ml - Karton,175.000
5312,Minuman,Produk Olahan Susu,Morinaga chil-go Susu Cair Steril Vanila 36 x 130 ml - Karton,165.900
5313,Minuman,Produk Olahan Susu,Morinaga chil-go Susu Cair Steril Stroberi 36 x 130 ml - Karton,165.900
5314,Minuman,Produk Olahan Susu,Morinaga chil-go Susu Cair Steril Cokelat 36 x 130 ml - Karton,165.900
5315,Minuman,Produk Olahan Susu,Diamond Susu UHT Cokelat Kotak 40 x 125 ml - Karton,133.000
5316,Minuman,Produk Olahan Susu,Diamond Susu UHT Stroberi Kotak 40 x 125 ml - Karton,133.000
5317,Minuman,Produk Olahan Susu,HiLo Teen Susu Bubuk Tinggi Protein Rasa Original 10 x 33 g,85.000
5318,Minuman,Produk Olahan Susu,Milo Pro Minuman Susu Bubuk Cokelat Protein 250 g,52.900
5319,Minuman,Produk Olahan Susu,Bebelac Susu Formula Cair Rasa Plain Kotak 24 x 165 ml - Karton,169.900
5320,Minuman,Produk Olahan Susu,Bebelac Susu Formula Cair Rasa Cokelat Kotak 24 x 165 ml - Karton,169.900
5321,Minuman,Produk Olahan Susu,Lactasoy Susu Kacang Kedelai UHT Collagen 250 ml,8.000
5322,Minuman,Produk Olahan Susu,Lactasoy Susu Kacang Kedelai UHT Original 500 ml,15.000
5323,Minuman,Produk Olahan Susu,Lactasoy Susu Kacang Kedelai UHT Tinggi Kalsium 500 ml,15.000
5324,Minuman,Produk Olahan Susu,Lactasoy Susu Kacang Kedelai UHT Rasa Black Sesame 250 ml,8.000
5325,Minuman,Produk Olahan Susu,Lactasoy Susu Kacang Kedelai UHT Tanpa Pemanis 1 L,28.900
5326,Minuman,Produk Olahan Susu,Indomilk Kids Yogurt Original 70 g,6.500
5327,Minuman,Produk Olahan Susu,Indomilk Kids Yogurt Banana Berries 70 g,6.500
5328,Minuman,Produk Olahan Susu,V-SOY Susu Kedelai Cair Original Kotak 1 L,31.900
5329,Minuman,Produk Olahan Susu,Greenfields Susu UHT Less Sugar Cokelat 950 ml,23.900
5330,Minuman,Produk Olahan Susu,Anlene Gold 5X Susu Bubuk Dewasa Vanila 170 g,37.200
5331,Minuman,Produk Olahan Susu,Oatside Susu Oat Cair Cokelat Kotak 1 L,29.000
5332,Minuman,Produk Olahan Susu,WRP Active Body Shape Minuman Tinggi Protein & Kalsium Chococino 234 g,199.000
5333,Minuman,Produk Olahan Susu,L-Men Lose Weight Protein Whey Rasa Sereal Cokelat 300 g,152.500
5334,Minuman,Produk Olahan Susu,HiLo Gold Vanila Susu Bubuk Tinggi Kalsium 500 g,90.900
5335,Minuman,Produk Olahan Susu,HiLo School Susu Bubuk Tinggi Kalsium Rasa Cokelat 500 g,90.000
5336,Minuman,Produk Olahan Susu,WRP Lose Weight Meal Replacement Susu Bubuk Cokelat 324 g,197.900
5337,Minuman,Produk Olahan Susu,Kin Yogurt Slurp XL Mangga 80 g,7.300
5338,Minuman,Produk Olahan Susu,Greenfields Susu UHT Rendah Lemak Kotak 950 ml,30.100
5339,Minuman,Produk Olahan Susu,Alfamart Mujigae Susu Pisang Karamel 250 ml,9.500
5340,Minuman,Produk Olahan Susu,Indomilk Krimer Kental Manis Swiss Choco Pouch 535 g,17.900
5341,Minuman,Produk Olahan Susu,Indomilk Krimer Kental Manis Putih 535 g,17.900
5342,Minuman,Produk Olahan Susu,Collagena Susu Cair Kolagen Steril Kaleng 189 ml,12.800
5343,Minuman,Produk Olahan Susu,Frisian Flag Susu UHT Low Fat Californian Strawberry Kotak 225 ml,8.300
5344,Minuman,Produk Olahan Susu,Indomilk Susu UHT Full Cream Cokelat Kotak 950 ml,17.900
5345,Minuman,Produk Olahan Susu,Milo Nutriactive Minuman Multigrain Sereal Cokelat UHT Kotak 180 ml,7.100
5346,Minuman,Produk Olahan Susu,Milo Activ-Go Minuman Susu Cokelat UHT Kotak 180 ml,6.200
5347,Minuman,Produk Olahan Susu,Anlene Gold 5X Susu Bubuk Dewasa Cokelat 560 g,103.900
5348,Minuman,Produk Olahan Susu,Kin Bulgarian Yogurt Bluberi Pet 200 ml,8.800
5349,Minuman,Produk Olahan Susu,Nutriboost Minuman Susu Rasa Jeruk Botol 300 ml,7.700
5350,Minuman,Produk Olahan Susu,Bear Brand Collagen Vitamin C Susu Steril Kaleng 189 ml,11.300
5351,Minuman,Produk Olahan Susu,HiLo Platinum Cokelat Swiss 12 x 35 g,87.700
5352,Minuman,Produk Olahan Susu,Anlene Actifit 3X Susu Bubuk Dewasa Vanila 560 g,
5353,Minuman,Produk Olahan Susu,Milo Nutriactive Minuman Multigrain Cokelat Pisang UHT Kotak 180 ml,
5354,Minuman,Produk Olahan Susu,WRP Lose Weight Meal Replacement Susu Bubuk Stroberi 324 g,197.900
5355,Minuman,Produk Olahan Susu,Ultra Cap Sapi Krimer Kental Manis Kaleng 375 g,14.500
5356,Minuman,Produk Olahan Susu,WRP Lose Weight Meal Replacement Susu Bubuk Kopi 324 g,197.900
5357,Minuman,Produk Olahan Susu,WRP On The Go Tinggi Serat Susu Rendah Lemak Rasa Kopi 200 ml,22.000
5358,Minuman,Produk Olahan Susu,WRP On The Go Tinggi Serat Susu Rendah Lemak Stroberi 200 ml,22.000
5359,Minuman,Produk Olahan Susu,WRP Susu Rendah Lemak Rasa Cokelat 60 g,25.900
5360,Minuman,Produk Olahan Susu,Almond Breeze Susu Almond Cair Original Kotak 180 ml,13.900
5361,Minuman,Produk Olahan Susu,Almond Breeze Susu Almond Cair Cokelat Kotak 180 ml,14.000
5362,Minuman,Produk Olahan Susu,Greenfields Susu UHT Stroberi Kotak 32 X 200 ml - Karton,190.000
5363,Minuman,Produk Olahan Susu,Tropicana Slim Susu Rendah Lemak Vanila 500 g,95.000
5364,Minuman,Produk Olahan Susu,Greenfields Susu UHT Less Sugar Cokelat 32 x 200 ml - Karton,190.000
5365,Minuman,Produk Olahan Susu,Ultra Milk Susu UHT Stroberi Kotak 40 x 125 ml - Karton,149.900
5366,Minuman,Produk Olahan Susu,Ultra Cap Sapi Krimer Kental Manis Cokelat Kaleng 375 g,14.000
5367,Minuman,Produk Olahan Susu,Tropicana Slim Oat Drink Japanese Cantaloupe Melon Kotak 190 ml,9.500
5368,Minuman,Produk Olahan Susu,Oatside Susu Oat Cair Cokelat with Straw Kotak 3 x 200 ml,17.900
5369,Minuman,Produk Olahan Susu,Almond Breeze Susu Almond Cair Latte Kotak 180 ml,14.000
5370,Minuman,Produk Olahan Susu,Almond Breeze Susu Almond Cair Unsweetened Kotak 180 ml,14.000
5371,Minuman,Produk Olahan Susu,Milk Life Susu UHT Milkshake Stroberi 40 x 115 ml - Karton,110.000
5372,Minuman,Produk Olahan Susu,AMH Susu Bubuk Kambing Etawa Rasa Original 230 g,22.900
5373,Minuman,Produk Olahan Susu,Ultra Milk Susu Cair UHT Organik Kotak 750 ml,23.900
5374,Minuman,Produk Olahan Susu,HiLo Teen Susu Bubuk Vanilla Karamel 500 g,95.000
5375,Minuman,Produk Olahan Susu,Tropicana Slim Minuman Kolagen 8000 mg Stroberi 200 g,189.900
5376,Minuman,Produk Olahan Susu,WRP Susu Rendah Lemak Rasa Vanila 60 g,25.900
5377,Minuman,Produk Olahan Susu,Oat Daily Minuman Oat Cair Barista Edition Kotak 1 L,42.900
5378,Minuman,Produk Olahan Susu,HiLo Protein Berryfit Susu Cair Kotak 190 ml,13.000
5379,Minuman,Produk Olahan Susu,Collagena Susu Cair Kolagen Steril Kaleng 6 x 189 ml - Karton,77.900
5380,Minuman,Produk Olahan Susu,Tujuh Kurma Susu Steril Kurma Kotak 6 x 189 ml - Karton,72.900
5381,Minuman,Produk Olahan Susu,Quick Fresh Krimer Kental Manis Putih 380 g,18.000
5382,Minuman,Produk Olahan Susu,Arummi Susu Cair Cashew Klasik 200 ml,9.000
5383,Minuman,Produk Olahan Susu,Diamond Susu UHT Rich Rasa Plain 1 L,25.900
5384,Minuman,Produk Olahan Susu,Yeo's Minuman Soya Immuno Original 250 ml,6.900
5385,Minuman,Produk Olahan Susu,Yeo's Minuman Soya Immuno Cokelat 250 ml,6.900
5386,Minuman,Produk Olahan Susu,Arummi Susu Cair Cashew Barista 200 ml,9.000
5387,Minuman,Produk Olahan Susu,Arummi Susu Cair Cashew Cokelat 200 ml,9.000
5388,Minuman,Produk Olahan Susu,WRP Lose Weight Meal Replacement Susu Bubuk Green tea 324 g,197.900
5389,Minuman,Produk Olahan Susu,WRP Lose Weight Meal Replacement Susu Bubuk Sereal Cokelat 324 g,197.900
5390,Minuman,Produk Olahan Susu,Zee Susu UHT Tinggi Protein Cokelat Swiss 185 ml,7.500
5391,Minuman,Produk Olahan Susu,Milo 3in1 Activ-Go Susu Bubuk Cokelat Instant Bag 990 g,88.500
5392,Minuman,Produk Olahan Susu,Indomilk Kids Susu UHT Cokelat Rendah Gula Kotak 40 x 115 ml - Karton,105.900
5393,Minuman,Produk Olahan Susu,V-SOY Susu Kedelai Cair Golden Grain Kotak 1 L,35.000
5394,Minuman,Produk Olahan Susu,Nestle Dancow FortiGro Rasa Stroberi Susu Kotak UHT 36 x 110 ml - Karton,119.000
5395,Minuman,Produk Olahan Susu,Dancow MilkyShake Rasa Cookies & Cream Susu Kotak UHT 36 x 180 ml - Karton,229.000
5396,Minuman,Produk Olahan Susu,Nestle Dancow FortiGro Rasa Cokelat Susu Kotak UHT 36 x 110 ml - Karton,119.000
5397,Minuman,Produk Olahan Susu,Entrasol Gold Susu Bubuk Nutrisi Dewasa Vanila 170 g,41.100
5398,Minuman,Produk Olahan Susu,HiLo Teen Susu Protein Cokelat 250 g,41.500
5399,Minuman,Produk Olahan Susu,Frisian Flag Krimer Kental Manis Cokelat 535 g,14.900
5400,Minuman,Produk Olahan Susu,Kin Bulgarian Yogurt Slim Berries Pet 200 ml,8.800
5401,Minuman,Produk Olahan Susu,Kin Bulgarian Yogurt Stroberi Pet 200 ml,8.800
5402,Minuman,Produk Olahan Susu,Oatside Susu Oat Cair Barista Blend with Straw Kotak 200 ml,6.200
5403,Minuman,Produk Olahan Susu,Olatte Minuman Susu Rasa Stroberi Kaleng 240 ml,9.400
5404,Minuman,Produk Olahan Susu,Bear Brand Susu Steril Kaleng 189 ml,10.900
5405,Minuman,Produk Olahan Susu,Kin Yogurt Slurp XL Bluberi 80 g,7.300
5406,Minuman,Produk Olahan Susu,Olatte Minuman Susu Rasa Pear Kaleng 240 ml,9.400
5407,Minuman,Produk Olahan Susu,Tiga Sapi Krimer Kental Manis 490 g,13.000
5408,Minuman,Produk Olahan Susu,Ichitan Susu Cair Stroberi Korea 300 ml,9.800
5409,Minuman,Produk Olahan Susu,Anlene Gold 5X Susu Bubuk Dewasa Original 230 g,46.900
5410,Minuman,Produk Olahan Susu,Tujuh Kurma Susu Steril Kurma Kotak 189 ml,8.900
5411,Minuman,Produk Olahan Susu,Ultra Milk Susu UHT Full Cream Kotak 200 ml,7.000
5412,Minuman,Produk Olahan Susu,Ichitan Susu Cair Pisang Korea 300 ml,9.800
5413,Minuman,Produk Olahan Susu,Kun Minuman Susu UHT Chocomalt Nata de Coco 170 ml,6.500
5414,Minuman,Produk Olahan Susu,Indomilk Susu UHT Full Cream Kotak 950 ml,17.900
5415,Minuman,Produk Olahan Susu,Anlene Gold 5X Susu Bubuk Dewasa Original 560 g,103.900
5416,Minuman,Produk Olahan Susu,Ensure Gold Susu Bubuk Nutrisi Dewasa Vanila Kaleng 800 g,
5417,Minuman,Produk Olahan Susu,Diabetasol Susu Bubuk Dewasa Vanila 570 g,
5418,Minuman,Produk Olahan Susu,Anlene Gold 5X Susu Bubuk Dewasa Original 825 g,
5419,Minuman,Produk Olahan Susu,Dancow MilkyShake Rasa Choco Hazelnut Susu Kotak UHT 36 x 180 ml - Karton,229.000
5420,Minuman,Produk Olahan Susu,Diabetasol Vita Digest Susu Bubuk Dewasa Cappucino 570 g,160.900
5421,Minuman,Produk Olahan Susu,Diabetasol Vita Digest Susu Bubuk Dewasa Cokelat 950 g,245.900
5422,Minuman,Produk Olahan Susu,Frisian Flag Nutribrain Susu UHT Cair Cokelat 36 x 110 ml - Karton,95.000
5423,Minuman,Produk Olahan Susu,Oatside Susu Oat Cair Barista Blend with Straw Kotak 3 x 200 ml,17.900
5424,Minuman,Produk Olahan Susu,Cimory Susu UHT Cokelat Almond Kotak 750 ml,13.900
5425,Minuman,Produk Olahan Susu,Diabetasol Vita Digest Susu Bubuk Dewasa Vanila 950 g,245.900
5426,Minuman,Produk Olahan Susu,Vidoran Xmart Kids Susu UHT Cokelat Kotak 40 x 110 ml - Karton,96.900
5427,Minuman,Produk Olahan Susu,Ultra Mimi Kids Susu UHT Stroberi Kotak 40 x 125 ml - Karton,146.900
5428,Minuman,Produk Olahan Susu,Milo Activ-Go Susu Bubuk Cokelat Instant Bag 990 g,88.500
5429,Minuman,Produk Olahan Susu,Milk Life Susu UHT Classic Chocolate 40 x 115 ml - Karton,110.000
5430,Minuman,Produk Olahan Susu,Zee Susu UHT Tinggi Protein Stroberi 185 ml,7.500
5431,Minuman,Produk Olahan Susu,Ultra Milk Susu UHT Rendah Lemak Kotak 1 L,23.900
5432,Minuman,Produk Olahan Susu,Cimory Susu UHT Cokelat Kotak 750 ml,13.900
5433,Minuman,Produk Olahan Susu,Brookfarm Susu Almond Rasa Matcha 200 ml,8.500
5434,Minuman,Produk Olahan Susu,HiLo Teen Susu UHT Cokelat 200 ml,7.900
5435,Minuman,Produk Olahan Susu,V-Soy Susu Kedelai Bebas Gula 4 x 200 ml,29.900
5436,Minuman,Produk Olahan Susu,V-Soy Susu Kedelai Cair Rendah Gula 1 L,31.900
5437,Minuman,Produk Olahan Susu,Bear Brand Susu Steril Kaleng 30 x 189 ml - Karton,289.000
5438,Minuman,Produk Olahan Susu,Frisian Flag Nutribrain Susu UHT Cair Stroberi 36 x 110 ml - Karton,95.000
5439,Minuman,Produk Olahan Susu,V-Soy Susu Kedelai Rasa Cokelat 4 x 200 ml,29.900
5440,Minuman,Produk Olahan Susu,Milk Life Susu UHT Creamy Vanilla 40 x 115 ml - Karton,110.000
5441,Minuman,Produk Olahan Susu,Milo 3in1 Activ-Go Susu Bubuk Cokelat Instant Pouch 400 g,37.000
5442,Minuman,Produk Olahan Susu,Nestle Dancow FortiGro Rasa Vanila Susu Kotak UHT 36 x 110 ml - Karton,119.000
5443,Minuman,Produk Olahan Susu,Wong Coco Puding Blueberry Yogurt 3 x 120 g,11.900
5444,Minuman,Produk Olahan Susu,Diamond Susu UHT All Purpose Milk Plain 1 L,19.900
5445,Minuman,Produk Olahan Susu,Kin Bulgarian Yogurt Slurp Stroberi 45 g,3.800
5446,Minuman,Produk Olahan Susu,Frisian Flag Krimer Kental Manis Hokkaido Cheese Pouch 240 g,9.200
5447,Minuman,Produk Olahan Susu,Vidoran Xmart Kids Susu UHT Cokelat Kotak 24 x 175 ml - Karton,87.900
5448,Minuman,Produk Olahan Susu,Anlene Gold 5X Susu Bubuk Dewasa Cokelat 825 g,136.800
5449,Minuman,Produk Olahan Susu,Ultra Mimi Kids Susu UHT Vanila Kotak 40 x 125 ml - Karton,146.900
5450,Minuman,Minuman Instan,SIDOMUNCUL Kunyit Asam Minuman Kesehatan Melancarkan Haid Sachet 5 x 25 g,12.300
5451,Minuman,Minuman Instan,SariWangi Teh Celup Melati 25 Kantung Celup,10.900
5452,Minuman,Minuman Instan,MaxCreamer Box 500 g,50.700
5453,Minuman,Minuman Instan,Kapal Api Kopi Gula Aren 10 x 23 g,21.100
5454,Minuman,Minuman Instan,ABC Squash Delight Sirup Jeruk Florida 425 ml,13.900
5455,Minuman,Minuman Instan,Nescafe Kopi Klasik Sachet 10 x 2 g,14.400
5456,Minuman,Minuman Instan,Kapal Api Kopi Bubuk Instan Special 150 g,26.100
5457,Minuman,Minuman Instan,SOSRO Teh Celup Hitam 30 Kantung Celup,7.900
5458,Minuman,Minuman Instan,Poci Teh Hitam Celup Vanila 25 x 2 g,7.500
5459,Minuman,Minuman Instan,Nescafe Ice Roast Kopi Instan Americano Bag 10 x 2 g,14.400
5460,Minuman,Minuman Instan,SariWangi Teh Celup Hitam Asli 50 s,10.900
5461,Minuman,Minuman Instan,TONG TJI Teh Celup Melati 25 Kantung Celup,13.100
5462,Minuman,Minuman Instan,Teh Cap Botol Teh Hijau Celup 25 pcs,7.600
5463,Minuman,Minuman Instan,Nescafe Kopi Klasik Bubuk Bag 45 g,22.200
5464,Minuman,Minuman Instan,Poci Teh Hitam Celup Teh Asli 25 x 2 g,7.500
5465,Minuman,Minuman Instan,Kapal Api Kopi Special 20 x 6 g,20.900
5466,Minuman,Minuman Instan,TOP Coffee Kopi Gula Aren Tubruk Legitzz Sachet 9 x 27 g,10.500
5467,Minuman,Minuman Instan,Luwak White Koffie Original 9 x 20 g,18.800
5468,Minuman,Minuman Instan,Good Day Kopi Instan Latte Butterscotch 10 x 22 g,18.900
5469,Minuman,Minuman Instan,ABC Kopi Susu Gula Aren 9 x 27 g,13.400
5470,Minuman,Minuman Instan,INDOCAFE Coffeemix Kopi 3 in 1 Sachet 10 x 20 g,20.100
5471,Minuman,Minuman Instan,SOSRO Teh Celup Hitam 50 Kantung Celup,12.600
5472,Minuman,Minuman Instan,Good Day Kopi Instan Latte Original 10 x 22 g,18.900
5473,Minuman,Minuman Instan,ABC Kopi Susu Instan 10 x 30 g,15.900
5474,Minuman,Minuman Instan,Pikopi Kopi Instan Gula Aren 9 x 22 g,11.400
5475,Minuman,Minuman Instan,Juara Kopi Bubuk 200 g,
5476,Minuman,Minuman Instan,LBS Serbat Jahe 6s,
5477,Minuman,Minuman Instan,Nescafe Kopi Klasik Bubuk 100 g,
5478,Minuman,Minuman Instan,Luwak White Koffie 20 x 20 g,
5479,Minuman,Minuman Instan,ABC Special Grade Sirup Melon 460 ml,
5480,Minuman,Minuman Instan,Sarang Tawon Sirup Markisa Botol 430 ml,28.300
5481,Minuman,Minuman Instan,TOP Coffee Kopi Cappuccino Sachet 12+6 x 25 g,19.900
5482,Minuman,Minuman Instan,Kepala Djenggot Teh Merah 50 g,6.500
5483,Minuman,Minuman Instan,TOP Coffee Kopi Gula Aren Sachet 12+6 x 22 g,19.900
5484,Minuman,Minuman Instan,ChekHup 3 in 1 Ipoh White Coffee Original 12 x 40 g,110.900
5485,Minuman,Minuman Instan,ChekHup Kokoo 3 in 1 Minuman Cokelat Hazelnut 12 x 40 g,102.900
5486,Minuman,Minuman Instan,Excelso Kopi Bubuk Arabica Gold 200 g,59.900
5487,Minuman,Minuman Instan,Tropicana Slim Minuman Kopi Avocado Sachet 4 x 14 g,20.900
5488,Minuman,Minuman Instan,Torabika Duo Kopi Instan + Gula Sachet 10 x 25 g,21.900
5489,Minuman,Minuman Instan,TORABIKA Tora Susu Kopi Instan Full Cream Sachet 10 x 31 g,21.900
5490,Minuman,Minuman Instan,Indocafe White Kopi Krim Instan Box 10 x 12 g,24.500
5491,Minuman,Minuman Instan,ChekHup 2 in 1 Ipoh White Coffee & Krimer 12 x 30 g,110.900
5492,Minuman,Minuman Instan,Kapal Api Kopi Bubuk Luwak Blend 200 g,118.500
5493,Minuman,Minuman Instan,Tropicana Slim Minuman Cafe Latte 10x14 g,34.000
5494,Minuman,Minuman Instan,Tropicana Slim Minuman White Coffee Sachet 4 x 15 g,23.000
5495,Minuman,Minuman Instan,Indocafe Coffeemix Kopi Instan Rich & Strong 5 x 27 g,14.900
5496,Minuman,Minuman Instan,Torabika Cappuccino Kopi Instan Bubuk Sachet 30 x 25 g,72.900
5497,Minuman,Minuman Instan,Tropicana Slim Minuman Serbuk Kopi Krimer French Butter Souffle 60 g,19.500
5498,Minuman,Minuman Instan,ChekHup 3 in 1 Ipoh White Coffee Rich 12 x 40 g,110.900
5499,Minuman,Minuman Instan,X'Tragin Kopi Jahe Gingseng 5 Sachet,18.500
5500,Minuman,Minuman Instan,Tropicana Slim Minuman Bubuk Cokelat Salted Caramel Cocoa 60 g,20.900
5501,Minuman,Minuman Instan,Kapal Api Morning Blend Kopi 200 g,55.900
5502,Minuman,Minuman Instan,Marjan Boudoin Sirup Melon Botol 460 ml,26.900
5503,Minuman,Minuman Instan,Marjan Boudoin Sirup Cocopandan Botol 460 ml,27.400
5504,Minuman,Minuman Instan,Marjan Squash Sirup Jeruk 400 ml,14.500
5505,Minuman,Minuman Instan,Marjan Squash Sirup Leci 400 ml,14.500
5506,Minuman,Minuman Instan,ABC Squash Delight Sirup Leci 425 ml,13.400
5507,Minuman,Minuman Instan,Marjan Boudoin Sirup Leci Botol 460 ml,26.900
5508,Minuman,Minuman Instan,ABC Special Grade Sirup Cocopandan 460 ml,30.400
5509,Minuman,Minuman Instan,Marjan Squash Sirup Sirsak 400 ml,12.500
5510,Minuman,Minuman Instan,MaxTea Tarikk 5 x 25 g,15.200
5511,Minuman,Minuman Instan,FresCo Kopi Cappuccino 6+3 x 25 g,13.500
5512,Minuman,Minuman Instan,Gadjah Kopi Tubruk Asli Instan 138 g,22.300
5513,Minuman,Minuman Instan,Kapal Api Mantap Kopi Instan + Gula 8 x 25 g,14.100
5514,Minuman,Minuman Instan,AMH Jahe Merah Super 5 x 20 g,6.000
5515,Minuman,Minuman Instan,Cap BANGAU Sirup Rasa Pisang Ambon Botol 620 ml,26.900
5516,Minuman,Minuman Instan,Anget Sari Minuman Serbuk Susu Jahe 5 x 28 g,9.300
5517,Minuman,Minuman Instan,Good Day Kopi Freeze Hazelnut Macchiato Sachet 5 x 30 g,15.200
5518,Minuman,Minuman Instan,Gadjah Kopi Tubruk Asli Instan 60 g,10.600
5519,Minuman,Minuman Instan,Kapal Api Kopi Bubuk Instan Special 90 g,15.800
5520,Minuman,Minuman Instan,Teh Cap Botol Tubruk Hijau 40 g,4.400
5521,Minuman,Minuman Instan,Tong Tji Teh Super Ekstra Harum 80 g,9.700
5522,Minuman,Minuman Instan,Tong Tji Teh Seduh Wangi Premium 10 x 9 g,12.200
5523,Minuman,Minuman Instan,KURNIA Specie Sirup Limonade Siroop Raspberry Botol 600 ml,27.000
5524,Minuman,Minuman Instan,Kapal Api Special Kopi Bubuk 350 g,53.400
5525,Minuman,Minuman Instan,Adem Sari Minuman Penyejuk 5 x 7 g,20.300
5526,Minuman,Minuman Instan,Kapal Api One Kopi + Gula Bubuk 10 x 23 g,17.400
5527,Minuman,Minuman Instan,Torabika Creamy Latte 10 x 20 g,22.400
5528,Minuman,Minuman Instan,Tong Tji Teh Celup Amplop Jasmine 25 Kantung Celup,17.000
5529,Minuman,Minuman Instan,TORABIKA Cappuccino Kopi Instan 10 x 25 g,28.200
5530,Minuman,Minuman Instan,Teh Gopek Slawi 80 g,10.000
5531,Minuman,Minuman Instan,2Tang Teh Celup Melati 25 Kantung Celup,9.600
5532,Minuman,Minuman Instan,Gadjah Kopi Tubruk Manis Instan 10 x 23 g,20.200
5533,Minuman,Minuman Instan,Pikopi Kopi Instan 3 in 1 KopiMix 9 x 20 g,12.100
5534,Minuman,Minuman Instan,Good Day Kopi Instan 3 in 1 Chococinno 10 x 20 g,16.900
5535,Minuman,Minuman Instan,NEO Coffee Kopi Moccachino 3 in 1 Sachet 9 x 20 g,10.600
5536,Minuman,Minuman Instan,Top Coffee Kopi Instan Mokachinno Double Shot 9 x 22 g,14.400
5537,Minuman,Minuman Instan,Luwak Kopi Murni Premium 2 x 100 g,19.600
5538,Minuman,Minuman Instan,TOP Coffee Kopi Susu 3 in 1 Instan Sachet 10 x 31 g,15.700
5539,Minuman,Minuman Instan,NutriSari Jeruk Peras Minuman Buah Vitamin C 5 x 14 g,12.700
5540,Minuman,Minuman Instan,Good Day Kopi Instan 3 in 1 Mocacinno 10 x 20 g,16.900
5541,Minuman,Minuman Instan,CHOCODRINK Minuman Instan Belgian Cokelat 4 + 2 x 28 g,8.100
5542,Minuman,Minuman Instan,TOP Coffee Kopi Gula Aren Sachet 9 x 22 g,14.500
5543,Minuman,Minuman Instan,NutriSari Blackcurrant Tea Minuman Serbuk 10 x 11 g,13.500
5544,Minuman,Minuman Instan,Prendjak Teh Celup Wangi 25 s,7.000
5545,Minuman,Minuman Instan,Luwak Kopi Bubuk Murni Premium 9 x 6.5 g,9.500
5546,Minuman,Minuman Instan,NEO Coffee 3 in 1 Kopi Tiramisu Sachet 9 x 20 g,10.600
5547,Minuman,Minuman Instan,Kapal Api Kopi Bubuk Instan Special Mix 10 x 23 g,16.500
5548,Minuman,Minuman Instan,SariWangi Teh Celup Hitam Asli 30 x 1.85 g,9.100
5549,Minuman,Minuman Instan,Good Day Kopi Instan 3 in 1 Latte Vanila 10 x 20 g,16.500
5550,Minuman,Minuman Instan,Kapal Api Kopi Hitam 350 g,37.500
5551,Minuman,Minuman Instan,TOP Coffee Kopi Cappuccino Sachet 6+3 x 25 g,13.800
5552,Minuman,Minuman Instan,Luwak White Koffie Premium Less Sugar 9 s,16.500
5553,Minuman,Minuman Instan,Fres Elegance Sirup Frambozen Botol 625 ml,
5554,Minuman,Minuman Instan,Gomer Minuman Tradisional Jahe Merah Gula Aren Murni 100 g,
5555,Minuman,Minuman Instan,Banyuatis Kopi 200 g,
5556,Minuman,Minuman Instan,TOOSI Coffee Kopi Plaga Bali Brown Blend 200 g,
5557,Minuman,Minuman Instan,Gayo Land Coffe Arabica 100 g,
5558,Minuman,Minuman Instan,Banyuatis Kopi 100 g,
5559,Minuman,Minuman Instan,Cap AAA Kopi Bubuk 100 g,
5560,Minuman,Minuman Instan,Aming Kopi Bubuk Pontianak 200 g,
5561,Minuman,Minuman Instan,Naga Teh Celup Wangi 25 s,
5562,Minuman,Minuman Instan,Cap Anak Jempol Kopi Bubuk 250 g,
5563,Minuman,Minuman Instan,Singa Kopi Bubuk Robusta 180 g,
5564,Minuman,Minuman Instan,TJAMPOLAY Sirup Pisang Susu Botol 630 ml,
5565,Minuman,Minuman Instan,Intra Jahe Wangi Box 5 x 25 g,
5566,Minuman,Minuman Instan,Kapal Tanker Kopi Bubuk 150 g,
5567,Minuman,Minuman Instan,Marjan Squash Sirup Fruit Punch 400 ml,12.500
5568,Minuman,Minuman Instan,Marjan Squash Sirup Nanas 400 ml,12.500
5569,Minuman,Minuman Instan,Marjan Boudoin Sirup Moka Botol 460 ml,23.900
5570,Minuman,Minuman Instan,Es Teh Poci Pandan Vanila + Selasih 120 g,7.900
5571,Minuman,Minuman Instan,Mustika Ratu Slimming Tea Celup 15 s,34.200
5572,Minuman,Minuman Instan,SIDOMUNCUL ESTE EMJE Ginseng Minuman Tradisional Menghangatkan Tubuh Sachet 5 x 30 g,23.500
5573,Minuman,Minuman Instan,X'Tragin Minuman Serbuk Jahe Merah 5 x 20 g,15.700
5574,Minuman,Minuman Instan,X'Tragin Bandrek Plus Minuman Serbuk Jahe Merah 5 x 19 g,14.700
5575,Minuman,Minuman Instan,Wonhae DIY Cafe Minuman Instan Rasa Blue Lemonade 180 ml,9.500
5576,Minuman,Minuman Instan,Wonhae DIY Cafe Minuman Instan Rasa Peach Lemonade 180 ml,9.500
5577,Minuman,Minuman Instan,Wonhae DIY Cafe Minuman Instan Rasa Pineapple Lemonade 180 ml,9.500
5578,Minuman,Minuman Instan,Pororo Minuman Bebas Gula Rasa Susu 235 ml,14.700
5579,Minuman,Minuman Instan,Pororo Minuman Bebas Gula Rasa Strawberry 235 ml,14.700
5580,Minuman,Minuman Instan,Pororo Minuman Bebas Gula Rasa Blueberry 235 ml,14.700
5581,Minuman,Minuman Instan,Keluarga Kopi Murni Bubuk 125 g,
5582,Minuman,Minuman Instan,Gunung Satria Teh Celup Melati 25 s,
5583,Minuman,Minuman Instan,ABC Kopi Bubuk Bali 210 g,
5584,Minuman,Minuman Instan,Setia Bali Kopi Bubuk 200 g,
5585,Minuman,Minuman Instan,Upet Teh Hijau Melati 60 g,
5586,Minuman,Minuman Instan,SariWangi Teh Celup Mawar 25 Kantung Celup,
5587,Minuman,Minuman Instan,Kupu-Kupu Bola Dunia Kopi Bubuk Bali 200 g,
5588,Minuman,Minuman Instan,Pohon Pinang Sirup Marquisa Botol 600ml,
5589,Minuman,Minuman Instan,Kayu Aro Teh Celup 25 s,
5590,Minuman,Minuman Instan,AAA Kopi Bubuk Bag 100 g,
5591,Minuman,Minuman Instan,Teh Bendera Tubruk 50 g,
5592,Minuman,Minuman Instan,Sosro Teh Celup 2 in 1 Bag 5 x 18 g,
5593,Minuman,Minuman Instan,Nescafe Kopi Kental 6 x 36 g,
5594,Minuman,Minuman Instan,Huang Gong Minuman Penyegar Serbuk Chrysanthemum Granule 10 x 20 g,23.500
5595,Minuman,Minuman Instan,Excelso Kopi Bubuk Java Arabica 200 g,59.900
5596,Minuman,Minuman Instan,Excelso Kopi Bubuk Kalosi Toraja 200 g,65.000
5597,Minuman,Minuman Instan,Kepala Djenggot Jahe Wangi Ginger Tea 200 g,19.900
5598,Minuman,Minuman Instan,Excelso Assorted Single Serving Kopi Bubuk Sachet 10 x 10 g,31.000
5599,Minuman,Minuman Instan,Nescafe Gold Kopi Instan Rich & Smooth Toples 100 g,115.000
5600,Minuman,Minuman Instan,SariWangi Minuman Serbuk Teh Matcha Latte 5 x 22 g,23.500
5601,Minuman,Minuman Instan,SariWangi Minuman Serbuk Teh Earl Grey Milk Tea 5 x 22 g,23.500
5602,Minuman,Minuman Instan,Bonteh Minuman Serbuk Teh Tarik 10 x 25 g,22.000
5603,Minuman,Minuman Instan,Bonteh Minuman Serbuk Teh Matcha Creamy Latte 10 x 25 g,22.000
5604,Minuman,Minuman Instan,ChekHup Teh Tarik 3 in 1 Heritage Milk Tea 12 x 40 g,102.900
5605,Minuman,Minuman Instan,Tong Tji Teh Tarik Sachet 3 s,9.900
5606,Minuman,Minuman Instan,Tong Tji Teh Matcha 3 s,11.500
5607,Minuman,Minuman Instan,NutriSari Minuman Serbuk Instan Jeruk Manis Box 500 g,41.900
5608,Minuman,Minuman Instan,Tropicana Slim Sirup Jeruk 750 ml,34.900
5609,Minuman,Minuman Instan,Tropicana Slim Sirup Cocopandan 750 ml,34.900
5610,Minuman,Minuman Instan,MaxTea Teh Lemon Instan Box 30 x 25 g,46.900
5611,Minuman,Minuman Instan,WRP Diet Tea Minuman Teh Penurun Berat Badan 10 x 2.5 g,77.900
5612,Minuman,Minuman Instan,Tong Tji Teh Celup Jeruk Purut 20 s,17.500
5613,Minuman,Minuman Instan,Tong Tji Teh Celup Seduh Super 250 g,23.900
5614,Minuman,Minuman Instan,Tong Tji Teh Celup Hijau 25 s x 50 g,26.500
5615,Minuman,Minuman Instan,Tong Tji Teh Lemongrass Sachet 3 s,9.900
5616,Minuman,Minuman Instan,Tong Tji Teh Jahe Sachet 3 s,9.900
5617,Minuman,Minuman Instan,Sweet Kokona Drink Chocolate 175 g,20.900
5618,Minuman,Minuman Instan,Tropicana Slim Minuman Mint Cocoa 60 g,20.900
5619,Minuman,Minuman Instan,Tropicana Slim Minuman Serbuk Instan Jeruk Manis 10 x 6 g,25.500
5620,Minuman,Minuman Instan,Tropicana Slim Minuman Cokelat Serbuk Instan Jeruk 4 x 15 gr,21.000
5621,Minuman,Minuman Instan,Tropicana Slim Sirup Leci Botol 750 ml,34.900
5622,Minuman,Minuman Instan,Tropicana Slim 7 Fruits Fiber Daily Minuman Serbuk Mix Berries Box 180 g,125.000
5623,Minuman,Minuman Instan,Gadjah Kopi Tubruk Drip Indonesia Blend 5 x 7.5 g,30.900
5624,Minuman,Minuman Instan,Gadjah Kopi Tubruk Drip Arabica Mandailing 5 x 7.5 g,39.000
5625,Minuman,Minuman Instan,Sweet Kokona Drink Chocolate Less Sugar 132 g,20.900
5626,Minuman,Minuman Instan,K-Mild Decaf Latte Kopi Instan Dekafein 5 x 20 g,23.900
5627,Minuman,Minuman Instan,Zenlatte Minuman Serbuk Teh Matcha 10 x 22 g,32.500
5628,Minuman,Minuman Instan,Zenlatte Minuman Serbuk Thai Tea 10 x 22 g,32.500
5629,Minuman,Minuman Instan,Zenlatte Minuman Serbuk Brown Sugar Milk Tea 10 x 22 g,32.500
5630,Minuman,Minuman Instan,NutriSari American Sweet Orange Minuman Buah Vitamin C 10 x 14 g,20.400
5631,Minuman,Minuman Instan,Good Day Kopi Instan Cappuccino 10 x 25 g,25.700
5632,Minuman,Minuman Instan,Kapal Api Special Kopi Bubuk 250 g,43.000
5633,Minuman,Minuman Instan,SIDOMUNCUL Jahe Wangi Minuman Tradisional Menghangatkan Tubuh 5 x 25 g,9.300
5634,Minuman,Minuman Instan,FresCo Kopi Instan Kopi + Gula 8 x 23 g,8.200
5635,Minuman,Minuman Instan,Luwak Kopi Gula Bag 5 + 2 x 23 g,8.500
5636,Minuman,Minuman Instan,SIDOMUNCUL Susu Jahe Minuman Menghangatkan Badan 10 x 27 g,23.500
5637,Minuman,Minuman Instan,Kepala Djenggot Teh Hijau Celup 25 pcs,15.300
5638,Minuman,Minuman Instan,Es Teh Poci Teh Tarik Gula Aren 125 g,10.000
5639,Minuman,Minuman Instan,Gunung Satria Teh Celup Wangi 25 s,
5640,Minuman,Minuman Instan,SariMurni Teh Hitam Celup 25 Kantong,
5641,Minuman,Minuman Instan,Fres Sirup Rasa Frambozen Botol 625 ml,
5642,Minuman,Minuman Instan,Zenlatte Minuman Serbuk Teh Tarik 10 x 22 g,32.500
5643,Minuman,Minuman Instan,Zenlatte Minuman Serbuk Teh Earl Grey 10 x 22 g,32.500
5644,Minuman,Minuman Instan,Kepala Djenggot Teh Melati 50 g,8.000
5645,Minuman,Minuman Instan,Marjan Boudoin Sirup Vanila Botol 460 ml,23.900
5646,Minuman,Minuman Instan,Excelso Kopi Bubuk Robusta Gold 200 g,45.000
5647,Minuman,Minuman Instan,SariWangi Teh Celup Hitam Kurma & Madu 25 pcs,8.000
5648,Minuman,Minuman Instan,DHT Sirup Pisang Ambon Botol 620 ml,29.000
5649,Minuman,Minuman Instan,Ellenka Rich Creme Krimer Nabati Non Dairy 500 g,35.000
5650,Minuman,Minuman Instan,MaxTea Teh Tarik Instan Box 30 x 25 g,74.900
5651,Minuman,Minuman Instan,Indocafe Cappuccino Bag 10 x 25 g,26.900
5652,Produk Segar & Beku,Makanan Siap Saji,So Nice Sosis Siap Makan Sapi 480 g,26.800
5653,Produk Segar & Beku,Makanan Siap Saji,Bean Spot Cancimen Cuanki Ramen Ekstra Pedas Cup 75 g - Ready To Eat,16.000
5654,Produk Segar & Beku,Makanan Siap Saji,Bean Spot Onigiri Ayam Suwir MC Deli,12.000
5655,Produk Segar & Beku,Makanan Siap Saji,Bean Spot Ciomy Cuanki Ayam Keju Pedas 40 g - Ready to eat,23.000
5656,Produk Segar & Beku,Makanan Siap Saji,Bean Spot Onigiri Rendang Cabe Ijo MC Deli,12.000
5657,Produk Segar & Beku,Makanan Siap Saji,Sozzis Sosis Siap Makan Sapi 75 g,8.500
5658,Produk Segar & Beku,Makanan Siap Saji,Sozzis Sosis Siap Makan Ayam 75 g,7.500
5659,Produk Segar & Beku,Makanan Siap Saji,So Nice Sosis Premium Keju 60 g,8.500
5660,Produk Segar & Beku,Makanan Siap Saji,So Nice Sosis Premium Original 60 g,8.500
5661,Produk Segar & Beku,Makanan Siap Saji,So Nice Sosis Premium Pedas 60 g,8.500
5662,Produk Segar & Beku,Makanan Siap Saji,So Nice Sosis Premium Smoked Bratwurst 60 g,8.500
5663,Produk Segar & Beku,Makanan Siap Saji,Fiesta Ready to Go Sosis Daging Ayam Cheesy Melt 65 g,8.900
5664,Produk Segar & Beku,Makanan Siap Saji,So Good Sosis Jepang Keju Saus Pedas 55 g,9.100
5665,Produk Segar & Beku,Makanan Siap Saji,So Good Sosis Korea Buldak 58 g,9.100
5666,Produk Segar & Beku,Makanan Siap Saji,Fiesta Ready to Go Sosis Ayam Cheesy Lava 60 g,9.500
5667,Produk Segar & Beku,Makanan Siap Saji,Fiesta Ready to Go Siomay Ayam 54 g,8.600
5668,Produk Segar & Beku,Makanan Siap Saji,Kanzler Singles Sosis Sapi & Ayam Gochujang 60 g,9.000
5669,Produk Segar & Beku,Makanan Siap Saji,Kanzler Singles Sosis Sapi & Ayam Original 65 g,9.000
5670,Produk Segar & Beku,Makanan Siap Saji,Fiesta Ready to Go Sosis Ayam dan Sapi Original 65 g,8.900
5671,Produk Segar & Beku,Makanan Siap Saji,Fiesta Ready to Go Sosis Ayam Spicy Korean 60 g,8.900
5672,Produk Segar & Beku,Makanan Siap Saji,Kanzler Singles Sosis Sapi & Ayam Mini 65 g,9.000
5673,Produk Segar & Beku,Makanan Siap Saji,Fiesta Ready to Go Bakso Daging Ayam Keju 60 g,8.900
5674,Produk Segar & Beku,Makanan Siap Saji,Bean Spot Roti Keju Susu 65 g,
5675,Produk Segar & Beku,Makanan Siap Saji,Bean Spot Pizza Kotak,
5676,Produk Segar & Beku,Makanan Siap Saji,Bean Spot Roti Polo Kopi,
5677,Produk Segar & Beku,Makanan Siap Saji,Bean Spot Roti Cokelat Susu 78 g,
5678,Produk Segar & Beku,Makanan Siap Saji,Bean Spot Fried Chicken Sambal Matah,
5679,Produk Segar & Beku,Makanan Siap Saji,Bean Spot Bapao Asin Ayam Original,
5680,Produk Segar & Beku,Makanan Siap Saji,Bean Spot Bapao Kacang Merah,
5681,Produk Segar & Beku,Makanan Siap Saji,Bean Spot Onigiri Beef Teriyaki,
5682,Produk Segar & Beku,Makanan Siap Saji,Bean Spot Jajanan Pasar Pie Susu Cokelat Keju,
5683,Produk Segar & Beku,Makanan Siap Saji,Bean Spot Roti Cokelat Kacang 70 g,
5684,Produk Segar & Beku,Makanan Siap Saji,Bean Spot Roti Keju Gula 55 g,
5685,Produk Segar & Beku,Makanan Siap Saji,Bean Spot Roti Susu 60 g,
5686,Produk Segar & Beku,Makanan Siap Saji,Bean Spot Onigiri Tuna Mayo,
5687,Produk Segar & Beku,Makanan Siap Saji,Bean Spot Kue Pelangi,
5688,Produk Segar & Beku,Makanan Siap Saji,Bean Spot Zaretta Ceres Cokelat,
5689,Produk Segar & Beku,Makanan Siap Saji,Bean Spot Roti Goreng Cokelat,
5690,Produk Segar & Beku,Makanan Siap Saji,Bean Spot Combo Nasi Ayam Dada / Paha Atas Sambal Matah,
5691,Produk Segar & Beku,Makanan Siap Saji,Bean Spot Combo Nasi Ayam Dada / Paha Atas Sambal Bawang,
5692,Produk Segar & Beku,Makanan Siap Saji,Bean Spot Paket Nasi Ayam Kalasan Sambal Bawang,
5693,Produk Segar & Beku,Makanan Siap Saji,Bean Spot Laukita Nasi Goreng Rawit,
5694,Produk Segar & Beku,Makanan Siap Saji,Bean Spot Paket Nasi Ayam Kalasan Sambal Matah,
5695,Produk Segar & Beku,Makanan Siap Saji,Bean Spot Panini Peanut Butter,
5696,Produk Segar & Beku,Makanan Siap Saji,Bean Spot Panini Smoke Beef & Cheese,
5697,Produk Segar & Beku,Makanan Siap Saji,Bean Spot Brownies Espresso,
5698,Produk Segar & Beku,Makanan Siap Saji,Bean Spot Brownies Cokelat,
5699,Produk Segar & Beku,Makanan Siap Saji,Bean Spot Cake Banana,
5700,Produk Segar & Beku,Makanan Siap Saji,Bean Spot Tape Goreng Stick - Ready to Eat,
5701,Produk Segar & Beku,Makanan Siap Saji,Bean Spot Chicken Burger With Cheese,
5702,Produk Segar & Beku,Makanan Siap Saji,Bean Spot Beef Burger With Cheese,
5703,Produk Segar & Beku,Makanan Siap Saji,Bean Spot Fried Chicken Sambal Bawang,
5704,Produk Segar & Beku,Makanan Siap Saji,Bean Spot Paket Nasi Ayam Sambal Matah,
5705,Produk Segar & Beku,Makanan Siap Saji,Bean Spot Paket Nasi Ayam Sambal Bawang,
5706,Produk Segar & Beku,Makanan Siap Saji,Bean Spot Onigiri Daging Teriyaki,
5707,Produk Segar & Beku,Makanan Siap Saji,Bean Spot Roti Zaretta Selai Kacang Kismis,
5708,Produk Segar & Beku,Makanan Siap Saji,Bean Spot Onigiri Ayam Teriyaki,
5709,Produk Segar & Beku,Makanan Siap Saji,Bean Spot Telur Ayam Rebus,
5710,Produk Segar & Beku,Makanan Siap Saji,Kimbo Bratwurst Sosis Sapi 60 g,7.900
5711,Produk Segar & Beku,Makanan Siap Saji,Kimbo Probites Sosis Sapi & Ayam Keju Amerika 60 g,9.200
5712,Produk Segar & Beku,Makanan Siap Saji,Kanzler Singles Bakso Gochujang 55 g,9.000
5713,Produk Segar & Beku,Makanan Siap Saji,Fiesta Ready to Go Bakso Daging Ayam Saus Barbekiu 60 g,8.900
5714,Produk Segar & Beku,Makanan Siap Saji,Fiesta Ready to Go Bakso Sapi Chessy Lava 55 g,9.500
5715,Produk Segar & Beku,Makanan Siap Saji,Kanzler Bakso Original 48 g,8.900
5716,Produk Segar & Beku,Makanan Siap Saji,Fiesta Ready to Go Sosis Ayam Hot Lava 60 g,9.500
5717,Produk Segar & Beku,Makanan Siap Saji,Sozzis Fill-O Sosis Siap Makan Ayam Saus Keju 45 g,4.100
5718,Produk Segar & Beku,Makanan Siap Saji,Kanzler Singles Sosis Sapi & Ayam Tom Yum 60 g,8.900
5719,Produk Segar & Beku,Makanan Siap Saji,Kanzler Bakso Keju 48 g,8.900
5720,Produk Segar & Beku,Makanan Siap Saji,So Good Sosis Korea Keju Buldak 58 g,9.100
5721,Produk Segar & Beku,Makanan Siap Saji,Fiesta Ready to Go Sosis Ayam Hickory Barbeque Lava 60 g,9.500
5722,Produk Segar & Beku,Makanan Siap Saji,Fiesta Ready to Go Sosis Ayam Mentai Lava 60 g,9.500
5723,Produk Segar & Beku,Makanan Siap Saji,So Good Sosis Jepang Saus Pedas 55 g,9.400
5724,Produk Segar & Beku,Makanan Siap Saji,Bean Spot Onigiri MC Deli Spicy Salmon,12.000
5725,Produk Segar & Beku,Makanan Siap Saji,Fiesta Ready to Go Bakso Sapi dan Ayam Mentai Lava 55 g,9.500
5726,Produk Segar & Beku,Makanan Siap Saji,Bean Spot Onigiri MC Deli Salmon Mayo,12.000
5727,Produk Segar & Beku,Makanan Siap Saji,Kanzler Singles Sosis Sapi & Ayam Pedas 65 g,9.000
5728,Produk Segar & Beku,Makanan Siap Saji,Bean Spot Onigiri Ayam Pedas MC Deli,12.000
5729,Produk Segar & Beku,Makanan Siap Saji,Bean Spot Onigiri MC Deli Tuna Mayo,12.000
5730,Produk Segar & Beku,Makanan Siap Saji,Bean Spot Cancimen Batagor Kuah Instan Cup 75 g - Ready To Eat,16.000
5731,Produk Segar & Beku,Makanan Siap Saji,Kanzler Singles Sosis Sapi & Ayam Keju 65 g,9.000
5732,Produk Segar & Beku,Makanan Siap Saji,Kanzler Bakso Pedas 48 g,9.000
5733,Produk Segar & Beku,Makanan Siap Saji,Bean Spot Sosis Bakar,
5734,Produk Segar & Beku,Makanan Siap Saji,So Nice Sosis Siap Makan Ayam 480 g,
5735,Produk Segar & Beku,Makanan Siap Saji,Bean Spot Sosis Bakar Keju,
5736,Produk Segar & Beku,Makanan Siap Saji,Bean Spot Nasi Putih 200 g,
5737,Produk Segar & Beku,Makanan Siap Saji,Bean Spot Gorengan Risoles Ayam,
5738,Produk Segar & Beku,Makanan Siap Saji,Bean Spot Roti Zaretta Blueberry,
5739,Produk Segar & Beku,Makanan Siap Saji,Bean Spot Bolen Cokelat,
5740,Produk Segar & Beku,Makanan Siap Saji,Bean Spot Bolen Keju,
5741,Produk Segar & Beku,Makanan Siap Saji,Bean Spot Roti Zaretta Sarikaya,
5742,Produk Segar & Beku,Makanan Siap Saji,Bean Spot Roti Abon Sapi,
5743,Produk Segar & Beku,Makanan Siap Saji,Bean Spot Roti Polo Cokelat,
5744,Produk Segar & Beku,Makanan Siap Saji,Bean Spot Sosis Bakar,
5745,Produk Segar & Beku,Makanan Siap Saji,Bean Spot Onigiri Rendang Sapi,
5746,Produk Segar & Beku,Makanan Siap Saji,Bean Spot Roti Pisang Cokelat,
5747,Produk Segar & Beku,Makanan Siap Saji,Bean Spot Bapao Ayam Blackpepper,
5748,Produk Segar & Beku,Makanan Siap Saji,Bean Spot Donat Wins Assorted,
5749,Produk Segar & Beku,Makanan Siap Saji,Bean Spot Bapao Pandan Srikaya,
5750,Produk Segar & Beku,Makanan Siap Saji,Bean Spot Bapao Kelapa Besar,
5751,Produk Segar & Beku,Makanan Siap Saji,Bean Spot Lemper Rendang Ayam,
5752,Produk Segar & Beku,Makanan Siap Saji,Bean Spot Roti Sosis Floss Roll,
5753,Produk Segar & Beku,Makanan Siap Saji,Bean Spot Bapao Kacang Hijau,
5754,Produk Segar & Beku,Makanan Siap Saji,Bean Spot Choco Cheese Fountain,
5755,Produk Segar & Beku,Makanan Siap Saji,Bean Spot Roti Mocca Bun,
5756,Produk Segar & Beku,Makanan Siap Saji,Bean Spot Roti Waston Abon Ayam,
5757,Produk Segar & Beku,Makanan Siap Saji,Bean Spot Donut Single,
5758,Produk Segar & Beku,Makanan Siap Saji,Bean Spot Siomay Ikan Ayam Udang,
5759,Produk Segar & Beku,Makanan Siap Saji,Bean Spot Bapao Kacang Hijau Besar,
5760,Produk Segar & Beku,Makanan Siap Saji,Bean Spot Roti Chicken Floss Braide,
5761,Produk Segar & Beku,Makanan Siap Saji,Bean Spot Batagor Bakso Seafood,
5762,Produk Segar & Beku,Makanan Siap Saji,Bean Spot Siomay Ikan Ayam,
5763,Produk Segar & Beku,Makanan Siap Saji,Bean Spot Otak-otak Singapore,
5764,Produk Segar & Beku,Makanan Siap Saji,Bean Spot Roti Spicy Chicken Floss Roll,
5765,Produk Segar & Beku,Makanan Siap Saji,Bean Spot Roti Chocotine Boat,
5766,Produk Segar & Beku,Makanan Siap Saji,Bean Spot Roti Choco Cheese Frozen,
5767,Produk Segar & Beku,Makanan Siap Saji,Bean Spot Onigiri Chicken Curry,
5768,Produk Segar & Beku,Makanan Siap Saji,Bean Spot Onigiri Beef,
5769,Produk Segar & Beku,Makanan Siap Saji,Bean Spot Roti Almond Blueberry,
5770,Produk Segar & Beku,Makanan Siap Saji,Bean Spot Bapao Keju,
5771,Produk Segar & Beku,Makanan Siap Saji,Bean Spot Gorengan Tahu Pedas,6.000
5772,Produk Segar & Beku,Makanan Siap Saji,Bean Spot Lemper Ayam Suwir,
5773,Produk Segar & Beku,Makanan Siap Saji,Bean Spot Banana Choco Bun,
5774,Produk Segar & Beku,Makanan Siap Saji,Bean Spot Combo Nasi Ayam Penyet Opor Dada/Paha Atas Sambal Matah,
5775,Produk Segar & Beku,Makanan Siap Saji,Bean Spot Combo Nasi Ayam Penyet Opor Dada/Paha Atas Sambal Bawang,
5776,Produk Segar & Beku,Makanan Siap Saji,Bean Spot Combo Nasi Ayam Penyet Opor Sayap/Paha Bawah Sambal Bawang,
5777,Produk Segar & Beku,Makanan Siap Saji,Bean Spot Bapao Taro Besar,
5778,Produk Segar & Beku,Makanan Siap Saji,Bean Spot Bapao Ayam,
5779,Produk Segar & Beku,Makanan Siap Saji,Bean Spot Elevate Roti Sosis Pizza,
5780,Produk Segar & Beku,Makanan Siap Saji,Bean Spot Gorengan Martabak Sayur,
5781,Produk Segar & Beku,Makanan Siap Saji,Bean Spot Elevate Roti Bluder Keju,
5782,Produk Segar & Beku,Makanan Siap Saji,Bean Spot Lumpia Goreng,
5783,Produk Segar & Beku,Makanan Siap Saji,Bean Spot Onigiri Abon Sapi Pedas,
5784,Produk Segar & Beku,Makanan Siap Saji,Bean Spot Onigiri Ayam Mayo,
5785,Produk Segar & Beku,Makanan Siap Saji,Bean Spot Roti Pisang Keju,
5786,Produk Segar & Beku,Makanan Siap Saji,Bean Spot Elevate Roti Pisang Cokelat Keju,
5787,Produk Segar & Beku,Makanan Siap Saji,Bean Spot Roti Pineapple Bun Frozen,
5788,Produk Segar & Beku,Makanan Siap Saji,Bean Spot Otak-otak Bakar 3 pcs,
5789,Produk Segar & Beku,Makanan Siap Saji,Bean Spot Onigiri Ebi Floss,
5790,Produk Segar & Beku,Makanan Siap Saji,Bean Spot Onigiri Ayam Pedas,
5791,Produk Segar & Beku,Makanan Siap Saji,Bean Spot Bapao Stroberi,
5792,Produk Segar & Beku,Makanan Siap Saji,Bean Spot Gorengan Martabak Ayam,
5793,Produk Segar & Beku,Makanan Siap Saji,Bean Spot Roti Sosis Pedas,
5794,Produk Segar & Beku,Makanan Siap Saji,Bean Spot Onigiri Tuna Mayo,
5795,Produk Segar & Beku,Makanan Siap Saji,Bean Spot Onigiri Chicken Teriyaki,
5796,Produk Segar & Beku,Makanan Siap Saji,Bean Spot Roti Choco Melt Frozen,
5797,Produk Segar & Beku,Makanan Siap Saji,Bean Spot Sosis Mayo,
5798,Produk Segar & Beku,Makanan Siap Saji,Bean Spot Arem Arem,
5799,Produk Segar & Beku,Makanan Siap Saji,Bean Spot Kue Swiss Roll,
5800,Produk Segar & Beku,Makanan Siap Saji,Bean Spot Bapao Cokelat,
5801,Produk Segar & Beku,Makanan Siap Saji,Bean Spot Pempek Cerewet 4 pcs,
5802,Produk Segar & Beku,Makanan Siap Saji,Bean Spot Roti Egg Chicken Floss Roll,
5803,Produk Segar & Beku,Makanan Siap Saji,Bean Spot Bapao,
5804,Produk Segar & Beku,Makanan Siap Saji,Bean Spot Pempek Campur 4 pcs,
5805,Produk Segar & Beku,Makanan Siap Saji,Bean Spot Elevate Roti Abon Cakalang,
5806,Produk Segar & Beku,Makanan Siap Saji,Bean Spot Onigiri Tuna Pedas,
5807,Produk Segar & Beku,Makanan Siap Saji,Bean Spot Siomay 4 pcs,
5808,Produk Segar & Beku,Makanan Siap Saji,Bean Spot Sosis,
5809,Produk Segar & Beku,Makanan Siap Saji,Bean Spot Bapao Srikaya,
5810,Produk Segar & Beku,Makanan Siap Saji,Bean Spot Onigiri Tuna,
5811,Produk Segar & Beku,Makanan Siap Saji,Bean Spot Roti Cokelat,
5812,Produk Segar & Beku,Makanan Siap Saji,Bean Spot Pizza Kotak,
5813,Produk Segar & Beku,Makanan Siap Saji,Bean Spot Chicken Floss Bun,
5814,Produk Segar & Beku,Makanan Siap Saji,Bean Spot Siomay Ikan Ayam Udang,
5815,Produk Segar & Beku,Makanan Siap Saji,Bean Spot Roti Zaretta Strussel Cokelat,
5816,Produk Segar & Beku,Makanan Siap Saji,Bean Spot Roti Keju Manis,
5817,Produk Segar & Beku,Makanan Siap Saji,Bean Spot Elevate Roti Abon Sapi,
5818,Produk Segar & Beku,Makanan Siap Saji,Bean Spot Roti Choco Fountain Bun,
5819,Produk Segar & Beku,Makanan Siap Saji,Bean Spot Roti Milky Cheese Frozen,
5820,Produk Segar & Beku,Makanan Siap Saji,Bean Spot Bapao Kacang Hijau,
5821,Produk Segar & Beku,Makanan Siap Saji,Bean Spot Risol Sweet Corn,
5822,Produk Segar & Beku,Makanan Siap Saji,Bean Spot Risol Pedas Teriyaki Mayo,
5823,Produk Segar & Beku,Makanan Siap Saji,Bean Spot Danish Chocolate,
5824,Produk Segar & Beku,Makanan Siap Saji,Bean Spot Croissant,
5825,Produk Segar & Beku,Makanan Siap Saji,Bean Spot Batagor Tahu Baso Seafood,
5826,Produk Segar & Beku,Makanan Siap Saji,Bean Spot Siomay Ikan Ayam,
5827,Produk Segar & Beku,Makanan Siap Saji,Bean Spot Bapao Ayam Besar,
5828,Produk Segar & Beku,Makanan Siap Saji,Bean Spot Combo Nasi Ayam Penyet Opor Sayap/Paha Bawah Sambal Matah,
5829,Produk Segar & Beku,Makanan Siap Saji,Bean Spot Bapao Cokelat Besar,
5830,Produk Segar & Beku,Makanan Siap Saji,Bean Spot Roti Polo Cokelat,
5831,Produk Segar & Beku,Makanan Siap Saji,Bean Spot Sosis Bakar,
5832,Produk Segar & Beku,Makanan Siap Saji,Bean Spot Grissini Sweet,8.900
5833,Produk Segar & Beku,Makanan Siap Saji,Bean Spot Grissini Salty,8.900
5834,Produk Segar & Beku,Makanan Siap Saji,Bean Spot Nasindo Nasi Soto Pouch 85 g - Ready To Eat,8.000
5835,Produk Segar & Beku,Makanan Siap Saji,Forestly Minuman Serbuk Cokelat Hazelnut 27 g,13.000
5836,Produk Segar & Beku,Makanan Siap Saji,Kimbo Probites Sosis Korean Hot & Spicy 60 g,9.200
5837,Produk Segar & Beku,Makanan Siap Saji,Bean Spot Roti Pisang Cokelat,
5838,Produk Segar & Beku,Makanan Siap Saji,Bean Spot Bapao Cokelat,
5839,Produk Segar & Beku,Makanan Siap Saji,Bean Spot Bapao Kacang Merah,
5840,Produk Segar & Beku,Makanan Siap Saji,Bean Spot Risol Jamur Mozarella,
5841,Produk Segar & Beku,Makanan Siap Saji,Bean Spot Roti Cokelat Keju Jadoel,
5842,Produk Segar & Beku,Makanan Siap Saji,Bean Spot Pizza Sosis,
5843,Produk Segar & Beku,Makanan Siap Saji,Bean Spot Roti Original Cokelat Keju,
5844,Produk Segar & Beku,Makanan Siap Saji,Bean Spot Telur Ayam Rebus (A),
5845,Produk Segar & Beku,Makanan Siap Saji,Bean Spot Bapao Ayam Kecap,
5846,Produk Segar & Beku,Makanan Siap Saji,Bean Spot Roti Cokelat Keju Jadoel,
5847,Produk Segar & Beku,Makanan Siap Saji,Bean Spot Risol Ayam Jamur,
5848,Produk Segar & Beku,Makanan Siap Saji,Bean Spot Bapao Kacang Hijau,
5849,Produk Segar & Beku,Makanan Siap Saji,Bean Spot Roti Choco Cheese Bun,
5850,Produk Segar & Beku,Makanan Siap Saji,Bean Spot Bapao Ayam Panggang,
5851,Produk Segar & Beku,Makanan Siap Saji,Bean Spot Gorengan Risoles Sayur,
5852,Produk Segar & Beku,Makanan Siap Saji,Bean Spot Roti Polo Cokelat,
5853,Produk Segar & Beku,Makanan Siap Saji,Bean Spot Choco Cheese Bun,
5854,Produk Segar & Beku,Makanan Siap Saji,Bean Spot Roti Pisang Cokelat,
5855,Produk Segar & Beku,Makanan Siap Saji,Bean Spot Dimsum Mix Isi 4 pcs,
5856,Produk Segar & Beku,Makanan Siap Saji,Bean Spot Roti Polo Cokelat,
5857,Produk Segar & Beku,Makanan Siap Saji,Bean Spot Roti Cokelat Keju Jadoel,
5858,Produk Segar & Beku,Makanan Siap Saji,Bean Spot Gorengan Risoles Krim Mayo,
5859,Produk Segar & Beku,Makanan Siap Saji,Bean Spot Tahu Walik,
5860,Produk Segar & Beku,Makanan Siap Saji,Bean Spot Tahu Bakso,
5861,Produk Segar & Beku,Makanan Siap Saji,Bean Spot Roti Waston Abon Ayam Gulung,
5862,Produk Segar & Beku,Makanan Siap Saji,Bean Spot Roti Abon,
5863,Produk Segar & Beku,Makanan Siap Saji,Bean Spot Pizza Sosis,
5864,Produk Segar & Beku,Makanan Siap Saji,Bean Spot Otak-otak Singapore,
5865,Produk Segar & Beku,Makanan Siap Saji,Yuuka Food Teri Krispi Original 30 g,16.900
5866,Produk Segar & Beku,Makanan Siap Saji,Yuuka Food Teri Krispi Barbekiu 30 g,14.900
5867,Produk Segar & Beku,Makanan Siap Saji,Bean Spot Roti Polo Cokelat,9.500
5868,Produk Segar & Beku,Makanan Siap Saji,Bean Spot Roti Pizza Sosis,9.000
5869,Produk Segar & Beku,Makanan Siap Saji,Bean Spot Bread Pisang Cokelat,9.000
5870,Produk Segar & Beku,Makanan Siap Saji,Bean Spot Sosis Solo,6.000
5871,Produk Segar & Beku,Makanan Siap Saji,Bean Spot Gorengan Pastel,6.500
5872,Produk Segar & Beku,Makanan Siap Saji,Bean Spot Gorengan Risoles Smoked Beef,6.000
5873,Produk Segar & Beku,Makanan Siap Saji,Bean Spot Gorengan Martabak,6.000
5874,Produk Segar & Beku,Makanan Siap Saji,Bean Spot Pisang Cokelat,6.000
5875,Produk Segar & Beku,Makanan Siap Saji,Bean Spot Sosis Bakar,10.000
5876,Produk Segar & Beku,Makanan Siap Saji,Bean Spot Lumpia Goreng Pedas,5.500
5877,Produk Segar & Beku,Makanan Siap Saji,Bean Spot Gorengan Samosa Pedas,6.000
5878,Produk Segar & Beku,Makanan Siap Saji,Bean Spot Roti Cokelat Keju Jadoel,7.500
5879,Produk Segar & Beku,Makanan Siap Saji,Bean Spot Gorengan Martabak,6.000
5880,Produk Segar & Beku,Makanan Siap Saji,Bean Spot Gorengan Pastel,6.000
5881,Produk Segar & Beku,Makanan Siap Saji,Bean Spot Gorengan Risoles Smokebeef,6.000
5882,Produk Segar & Beku,Makanan Siap Saji,Bean Spot Gorengan Samosa Pedas,6.000
5883,Produk Segar & Beku,Makanan Siap Saji,Bean Spot Gorengan Tahu Pedas,6.000
5884,Produk Segar & Beku,Makanan Siap Saji,Bean Spot Bakso Bakar,8.000
5885,Produk Segar & Beku,Makanan Siap Saji,Bean Spot Pisang Molen,6.000
5886,Produk Segar & Beku,Makanan Siap Saji,Bean Spot Pisang Crunchy,5.000
5887,Produk Segar & Beku,Makanan Siap Saji,Bean Spot Roti Goreng Cokelat Keju,7.500
5888,Produk Segar & Beku,Makanan Siap Saji,Bean Spot Roti Goreng Sosis,8.500
5889,Produk Segar & Beku,Makanan Siap Saji,Bean Spot Roti Long John Cokelat,8.500
5890,Produk Segar & Beku,Makanan Siap Saji,Bean Spot Risol Bolognese,6.500
5891,Produk Segar & Beku,Makanan Siap Saji,Bean Spot Risol Mac n Cheese,6.500
5892,Produk Segar & Beku,Makanan Siap Saji,Bean Spot Family Food Nasi Ayam Rica Box 320 g,39.000
5893,Produk Segar & Beku,Makanan Siap Saji,Bean Spot Family Food Nasi Kuning Ayam Cabai Hijau Rica Box 320 g,39.000
5894,Produk Segar & Beku,Makanan Siap Saji,Bean Spot Nasi Goreng Cakalang Kecombrang,15.000
5895,Produk Segar & Beku,Makanan Siap Saji,Bean Spot Nasi Goreng Ayam Cabe Ijo,15.000
5896,Produk Segar & Beku,Makanan Siap Saji,Bean Spot Nasi Goreng Kampung,15.000
5897,Produk Segar & Beku,Makanan Siap Saji,Bean Spot Sosis Bakar Original Kimbo,11.500
5898,Produk Segar & Beku,Makanan Siap Saji,Bean Spot Kyla Batagor Kuah Cup 80 g - Ready To Eat,20.000
5899,Produk Segar & Beku,Makanan Siap Saji,Bean Spot Kimbo Bakso Pentol,8.900
5900,Produk Segar & Beku,Makanan Siap Saji,Bean Spot Ciomy Cuanki Ayam Pedas 40 g - Ready to eat,22.000
5901,Produk Segar & Beku,Makanan Siap Saji,Bean Spot Sosis Bakar Keju Kimbo,11.500
5902,Produk Segar & Beku,Makanan Siap Saji,Bean Spot Nasindo Nasi Goreng Pouch 85 g - Ready To Eat,8.000
5903,Produk Segar & Beku,Makanan Siap Saji,Bean Spot Kyla Seblak Cup 90 g - Ready To Eat,18.000
5904,Produk Segar & Beku,Makanan Siap Saji,Bean Spot Sosis Bakar Pedas Kimbo,11.500
5905,Produk Segar & Beku,Makanan Siap Saji,MamaSuka Jongga Fermentasi Sayur Kimchi Instan Original 50 g,11.500
5906,Produk Segar & Beku,Makanan Siap Saji,Nasgul Nasi Gulung Siap Makan Tongseng Sapi 80 g,13.900
5907,Produk Segar & Beku,Makanan Siap Saji,Nasgul Nasi Gulung Siap Makan Rendang Sapi 80 g,13.900
5908,Produk Segar & Beku,Makanan Siap Saji,Nasgul Nasi Gulung Siap Makan Beef Bulgogi 80 gr,13.900
5909,Produk Segar & Beku,Makanan Siap Saji,Nasgul Nasi Gulung Siap Makan Sambal Teri 80 g,13.900
5910,Produk Segar & Beku,Makanan Siap Saji,MamaSuka Jongga Fermentasi Sayur Kimchi Instan Pedas 50 g,11.500
5911,Produk Segar & Beku,Minuman Siap Saji,Bean Spot Es Hazelnut Latte 16 oz,15.000
5912,Produk Segar & Beku,Minuman Siap Saji,Bean Spot Es Matcha Latte 16 oz,18.000
5913,Produk Segar & Beku,Minuman Siap Saji,Bean Spot Es Kopi Cappuccino,15.000
5914,Produk Segar & Beku,Minuman Siap Saji,Bean Spot Es Kopi Susu 16 oz,15.000
5915,Produk Segar & Beku,Minuman Siap Saji,bean SPOT Kopi Djadoel 16 oz,15.000
5916,Produk Segar & Beku,Minuman Siap Saji,Bean Spot Es Kopi Shake Cheese Espresso,15.000
5917,Produk Segar & Beku,Minuman Siap Saji,bean SPOT Es Teh Manis,5.000
5918,Produk Segar & Beku,Minuman Siap Saji,Bean Spot Es Salted Caramel Latte16 oz,15.000
5919,Produk Segar & Beku,Minuman Siap Saji,Bean Spot Es Kopi Mocha Latte 16 oz,15.000
5920,Produk Segar & Beku,Minuman Siap Saji,Bean Spot Es Kopi Latte Gula Jawa,15.000
5921,Produk Segar & Beku,Minuman Siap Saji,Bean Spot Es Kopi Caffe Latte,15.000
5922,Produk Segar & Beku,Minuman Siap Saji,Bean Spot Es Kopi Americano,15.000
5923,Produk Segar & Beku,Minuman Siap Saji,Bean Spot Es Cokelat Keju Macchiato 16 oz,15.000
5924,Produk Segar & Beku,Minuman Siap Saji,bean SPOT Iced Cokelat Hazelnut 16 oz,15.000
5925,Produk Segar & Beku,Minuman Siap Saji,Bean Spot Kopi Panas Caffe Mocha 8 oz,15.000
5926,Produk Segar & Beku,Minuman Siap Saji,Forestly Minuman Serbuk Cokelat Vanila 27 g,13.000
5927,Produk Segar & Beku,Minuman Siap Saji,Forestly Minuman Serbuk Latte Teh Hijau 27 g,15.000
5928,Produk Segar & Beku,Minuman Siap Saji,Alfamart Kopi Papua Cup 10 g,10.000
5929,Produk Segar & Beku,Minuman Siap Saji,Alfamart Kopi Sumatra Cup 10 g,10.000
5930,Produk Segar & Beku,Minuman Siap Saji,Alfamart Kopi Toraja Cup 10 g,10.000
5931,Produk Segar & Beku,Minuman Siap Saji,Bean Spot Buavita Kopi Glowing 16 oz,18.000
5932,Produk Segar & Beku,Minuman Siap Saji,Bean Spot Buavita Milkshake Glowing 16 oz,25.000
5933,Produk Segar & Beku,Minuman Siap Saji,Bean Spot Iced Quaker Choco Oat Vanila 16 oz,15.000
5934,Produk Segar & Beku,Minuman Siap Saji,Bean Spot Iced Quaker Choco Cheese Oat Machiato 16 oz,20.000
5935,Produk Segar & Beku,Minuman Siap Saji,bean SPOT Es Teh Leci,10.000
5936,Produk Segar & Beku,Minuman Siap Saji,Bean Spot Es Japanese Blossom,12.000
5937,Produk Segar & Beku,Minuman Siap Saji,Bean Spot Es Kopi Hitam Japanese Blossom,18.000
5938,Produk Segar & Beku,Minuman Siap Saji,Bean Spot Es Quaker Choco Berry Kalcer 16 oz,25.000
5939,Produk Segar & Beku,Minuman Siap Saji,Bean Spot Es Quaker Dubai Kalcer 16 oz,25.000
5940,Produk Segar & Beku,Minuman Siap Saji,Bean Spot Es Kopi Hitam Strawberry Hokkaido Cheese,18.000
5941,Produk Segar & Beku,Minuman Siap Saji,Bean Spot Es Strawberry Hokkaido Cheese,18.000
5942,Produk Segar & Beku,Minuman Siap Saji,Bean Spot Es Mango Latte 16 oz,18.000
5943,Produk Segar & Beku,Minuman Siap Saji,Bean Spot Es Green Tea Mango 16 oz,20.000
5944,Produk Segar & Beku,Minuman Siap Saji,Bean Spot Es Coconut Mango 16 oz,20.000
5945,Produk Segar & Beku,Minuman Siap Saji,Alfamart Kopi Aceh Cup 8 oz,10.000
5946,Produk Segar & Beku,Minuman Siap Saji,Alfamart Kopi Bali Cup 8 oz,10.000
5947,Produk Segar & Beku,Minuman Siap Saji,bean SPOT Iced Cokelat Vanilla 16 oz,15.000
5948,Produk Segar & Beku,Minuman Siap Saji,Bean Spot Es Green Tea Latte 16 oz,18.000
5949,Produk Segar & Beku,Minuman Siap Saji,Bean Spot Es Frappucino,
5950,Produk Segar & Beku,Minuman Siap Saji,Bean Spot Es Hydro Coco Cloud Matcha 16 oz,
5951,Produk Segar & Beku,Minuman Siap Saji,Bean Spot Es Hydro Coco Mango Sticky Rice 16 oz,
5952,Produk Segar & Beku,Minuman Siap Saji,Bean Spot Es Hydro Coco Grapecanno 16OZ,
5953,Produk Segar & Beku,Minuman Siap Saji,Bean Spot Es Matcha Frappe,
5954,Produk Segar & Beku,Minuman Siap Saji,Bean Spot Es Choco Frappe,
5955,Produk Segar & Beku,Makanan Segar,Alfamart Telur Ayam Negeri,2.600
5956,Produk Segar & Beku,Makanan Segar,Alfamart Telur Ayam Kampung 6 pcs,4.700
5957,Produk Segar & Beku,Makanan Segar,Alfamart Telur Ayam Kampung Arab Merah 4 pcs,5.500
5958,Produk Segar & Beku,Makanan Segar,Gado Telur Bebek Asin 55 g,11.900
5959,Produk Segar & Beku,Makanan Segar,Sunpride Nanas Honi,
5960,Produk Segar & Beku,Makanan Segar,Kiwi Zespri Green Pack 2 pcs,
5961,Produk Segar & Beku,Makanan Segar,CF Buah Segar Jambu Kristal Pack,
5962,Produk Segar & Beku,Makanan Segar,Alfamart Telur Ayam Negeri 10 pcs,
5963,Produk Segar & Beku,Makanan Segar,Alfamart Telur Ayam Negeri 10 pcs,
5964,Produk Segar & Beku,Makanan Segar,Alfamart Telur Ayam Negeri (Happy Egg) 10 pcs,
5965,Produk Segar & Beku,Makanan Segar,Alfamart Telur Ayam Negeri 10 pcs,
5966,Produk Segar & Beku,Makanan Segar,Alfamart Telur Ayam Negeri 10 pcs,
5967,Produk Segar & Beku,Makanan Segar,Alfamart Telur Ayam Negeri Omega 6 pcs,
5968,Produk Segar & Beku,Makanan Segar,Alfamart Telur Ayam Omega (Well Egg) 10 pcs,
5969,Produk Segar & Beku,Makanan Segar,Sunny Farm Telur Ayam 10 pcs,
5970,Produk Segar & Beku,Makanan Segar,Alfamart Telur Ayam Negeri 10 pcs,
5971,Produk Segar & Beku,Makanan Segar,Alfamart Telur Ayam 10 pcs,
5972,Produk Segar & Beku,Makanan Segar,Frui! Buah Pisang Baby 5 pcs,
5973,Produk Segar & Beku,Makanan Segar,Palm' Frutt Buah Kurma 250 g,
5974,Produk Segar & Beku,Makanan Segar,Buah Pear Century Pack 2 pcs,
5975,Produk Segar & Beku,Makanan Segar,Alfamart Bazar Telur Ayam Negeri (Umur Konsumsi 2 Hari),
5976,Produk Segar & Beku,Makanan Segar,Daging Ayam Broiler Utuh 800-900 g,
5977,Produk Segar & Beku,Makanan Segar,Daging Ayam Kampung Potong 8 600-700 g,
5978,Produk Segar & Beku,Makanan Segar,Dada Ayam Boneless Frozen 450-500 g,
5979,Produk Segar & Beku,Makanan Segar,Paha Ayam Boneless 450-500 g,
5980,Produk Segar & Beku,Makanan Segar,Sayap Ayam Middle Wing 450-500 g,
5981,Produk Segar & Beku,Makanan Segar,Sayap Ayam Wing Stick 450-500 g,
5982,Produk Segar & Beku,Makanan Segar,Buah Naga Merah 0.9-1.1 kg,
5983,Produk Segar & Beku,Makanan Segar,Buah Pisang Mini 300-450 g,
5984,Produk Segar & Beku,Makanan Segar,Buah Pepaya California 1-1.5 kg,
5985,Produk Segar & Beku,Makanan Segar,Buah Semangka Merah 3-4 kg,
5986,Produk Segar & Beku,Makanan Segar,Apel Fuji 450-550 g,
5987,Produk Segar & Beku,Makanan Segar,Buah Jeruk Sunkist Navel 0.9-1.1 kg,
5988,Produk Segar & Beku,Makanan Segar,Buah Lemon Lokal 400-500 g,
5989,Produk Segar & Beku,Makanan Segar,Lengkeng 450-500 g,
5990,Produk Segar & Beku,Makanan Segar,Daging Ayam Dada Giling 250-275 g,
5991,Produk Segar & Beku,Makanan Segar,Tahu Ayam Kong Kee 140 g,
5992,Produk Segar & Beku,Makanan Segar,Tahu Kims Kuning 500 g,
5993,Produk Segar & Beku,Makanan Segar,Tempe Daun 350 g,
5994,Produk Segar & Beku,Makanan Segar,Tempe Kita Ekonomis 250 g,
5995,Produk Segar & Beku,Makanan Segar,Bawang Bombay 400-500 g,
5996,Produk Segar & Beku,Makanan Segar,Bawang Merah Brebes 250-260 g,
5997,Produk Segar & Beku,Makanan Segar,Cabai Merah Besar 150-160 g,
5998,Produk Segar & Beku,Makanan Segar,Cabai Merah Keriting 150-160 g,
5999,Produk Segar & Beku,Makanan Segar,Cabai Rawit Hijau 150-160 g,
6000,Produk Segar & Beku,Makanan Segar,Cabai Rawit Merah 150-160 g,
6001,Produk Segar & Beku,Makanan Segar,Jahe 90-100 g,
6002,Produk Segar & Beku,Makanan Segar,Kemiri 90-100 g,
6003,Produk Segar & Beku,Makanan Segar,Kencur 90-100 g,
6004,Produk Segar & Beku,Makanan Segar,Kentang Dieng AB 0.9-1 kg,
6005,Produk Segar & Beku,Makanan Segar,Kunyit 90-100 g,
6006,Produk Segar & Beku,Makanan Segar,Sayur Baby Buncis Kenya 230-250 g,
6007,Produk Segar & Beku,Makanan Segar,Sayur Bayam Hijau 230-250 g,
6008,Produk Segar & Beku,Makanan Segar,Sayur Daun Pandan 50 g,
6009,Produk Segar & Beku,Makanan Segar,Jagung Manis Kulit 700-800 g,
6010,Produk Segar & Beku,Makanan Segar,Jamur Kuping 200-250 g,
6011,Produk Segar & Beku,Makanan Segar,Jeruk Nipis 230-250 g,
6012,Produk Segar & Beku,Makanan Segar,Sayur Kacang Panjang 230-250 g,
6013,Produk Segar & Beku,Makanan Segar,Sayur Kangkung 230-250 g,
6014,Produk Segar & Beku,Makanan Segar,Labu Siam Besar 450-550 g,
6015,Produk Segar & Beku,Makanan Segar,Sayur Selada 300-400 g,
6016,Produk Segar & Beku,Makanan Segar,Sayur Selada Romaine 250-350 g,
6017,Produk Segar & Beku,Makanan Segar,Sayur Sawi Hijau 230-250 g,
6018,Produk Segar & Beku,Makanan Segar,Sayur Selada Hijau Keriting 200-250 g,
6019,Produk Segar & Beku,Makanan Segar,Sayur Sereh 90-100 g,
6020,Produk Segar & Beku,Makanan Segar,Singkong 900-1000 g,
6021,Produk Segar & Beku,Makanan Segar,Sayur Terong Ungu 450-500 g,
6022,Produk Segar & Beku,Makanan Segar,Tomat Merah 450-500 g,
6023,Produk Segar & Beku,Makanan Segar,Sayur Baby Wortel 450-500 g,
6024,Produk Segar & Beku,Makanan Segar,Sayur Brokoli 450-500 g,
6025,Produk Segar & Beku,Makanan Segar,Sayur Daun Jeruk 10 g,
6026,Produk Segar & Beku,Makanan Segar,Sayur Daun Salam 10 g,
6027,Produk Segar & Beku,Makanan Segar,Kacang Edamame 500 g,
6028,Produk Segar & Beku,Makanan Segar,Jamur Champignon 250 g,
6029,Produk Segar & Beku,Makanan Segar,Sayur Wortel Brastagi 400-500 g,
6030,Produk Segar & Beku,Makanan Segar,Mangga Harum Manis 0.9-1.1 kg,
6031,Produk Segar & Beku,Makanan Segar,Buah Jambu Kristal 400-500 g,
6032,Produk Segar & Beku,Makanan Segar,Sayur Daun Bawang 140-160 g,
6033,Produk Segar & Beku,Makanan Segar,Bawang Putih 250-260 g,
6034,Produk Segar & Beku,Makanan Segar,Sayur Pakcoy 200-250 g,
6035,Produk Segar & Beku,Makanan Segar,Alfamart Telur Asin 1 pcs,
6036,Produk Segar & Beku,Makanan Segar,Buah Pisang Cavendish 450-550 g,
6037,Produk Segar & Beku,Makanan Segar,Daging Ayam Fillet 450-500 g,
6038,Produk Segar & Beku,Makanan Beku,Daging Sapi Slice Shabu-Shabu 250 g,
6039,Produk Segar & Beku,Makanan Beku,Daging Sapi Sengkel 500 g,
6040,Produk Segar & Beku,Makanan Beku,Daging Sapi Slice Australia 250 g,
6041,Produk Segar & Beku,Makanan Beku,Daging Sapi Giling 250 g,
6042,Produk Segar & Beku,Makanan Beku,Daging Sapi Lokal Potong Sup 500 g,
6043,Produk Segar & Beku,Makanan Beku,So Good Stik Ayam Original 200 g,
6044,Produk Segar & Beku,Makanan Beku,Belfoods Favorite Stik Naget Ayam 250 g,
6045,Produk Segar & Beku,Makanan Beku,Champ Naget Ayam Crunchy 450 g,
6046,Produk Segar & Beku,Makanan Beku,belfoods Sosis Ayam 200 g,
6047,Produk Segar & Beku,Makanan Beku,Champ Naget Ayam 450 g,
6048,Produk Segar & Beku,Makanan Beku,Mitraku Bakso Seafood Mix 250 g,
6049,Produk Segar & Beku,Makanan Beku,So Good Naget Ayam Alphabet 400 g,
6050,Produk Segar & Beku,Makanan Beku,Golden Farm Kentang Goreng Shoestring 1 kg,
6051,Produk Segar & Beku,Makanan Beku,So Good Stik Ayam Premium Original 400 g,
6052,Produk Segar & Beku,Makanan Beku,BenFarm Ayam Madu Wings 400 g,
6053,Produk Segar & Beku,Makanan Beku,Belfoods Naget Ayam Be The Star Pizza 450 g,
6054,Produk Segar & Beku,Makanan Beku,So Good Naget Ayam Dino Bites Original 400 g,
6055,Produk Segar & Beku,Makanan Beku,So Good Spicy Wing 400 g,
6056,Produk Segar & Beku,Makanan Beku,So Good Stik Ayam Krispi 400 g,
6057,Produk Segar & Beku,Makanan Beku,So Good Naget Ayam Original 400 g,
6058,Produk Segar & Beku,Makanan Beku,So Good Naget Ayam Mac and Cheese 400 g,
6059,Produk Segar & Beku,Makanan Beku,Kimbo Heppiii Bakso Sapi 325 g,
6060,Produk Segar & Beku,Makanan Beku,Fiesta Karage Daging Paha Ayam 400 g,
6061,Produk Segar & Beku,Makanan Beku,So Good Paha & Dada Ayam Siap Olah 1 kg,
6062,Produk Segar & Beku,Makanan Beku,BenFarm Naget Ayam Premium 400 g,
6063,Produk Segar & Beku,Makanan Beku,BenFarm Ayam Popcorn Pedas 400 g,
6064,Produk Segar & Beku,Makanan Beku,BenFarm Frankfurter Sosis Keju 300 g,
6065,Produk Segar & Beku,Makanan Beku,So Good Naget Ayam Krispi 400 g,
6066,Produk Segar & Beku,Makanan Beku,BenFarm Karage Ayam 400 g,
6067,Produk Segar & Beku,Makanan Beku,Golden Farm French Fries Crinkle Cut 500 g,
6068,Produk Segar & Beku,Makanan Beku,Golden Farm Kentang Goreng Coated 500 g,
6069,Produk Segar & Beku,Makanan Beku,Golden Farm Kentang Goreng Straight Cut 500 g,
6070,Produk Segar & Beku,Makanan Beku,Champ Sosis Ayam 500 g,
6071,Produk Segar & Beku,Makanan Beku,So Nice Naget Ayam Sedaaap! 500 g,
6072,Produk Segar & Beku,Makanan Beku,Fiesta Kentang Goreng Shoestring 500 g,
6073,Produk Segar & Beku,Makanan Beku,Champ Naget Ayam 225 g,
6074,Produk Segar & Beku,Makanan Beku,Kanzler Naget Ayam Krispi 450 g,
6075,Produk Segar & Beku,Makanan Beku,So Nice Sosis Ayam Sedaaap! 375 g,
6076,Produk Segar & Beku,Makanan Beku,Kanzler Sosis Original Coktail 250 g,
6077,Produk Segar & Beku,Makanan Beku,Benfarm Crispy Mac and Cheese Bites 180 g,
6078,Produk Segar & Beku,Makanan Beku,Sumber Selera Bakso SB Daging Sapi & Ayam Serbaguna 25 pcs,
6079,Produk Segar & Beku,Makanan Beku,belfoods Favorite Naget Ayam 500 g,
6080,Produk Segar & Beku,Makanan Beku,Fiesta Naget Ayam Bubble Krispi 400 g,
6081,Produk Segar & Beku,Makanan Beku,Kanzler Stik Naget Ayam Krispi 450 g,
6082,Produk Segar & Beku,Makanan Beku,Kanzler Naget Ayam Original 450 g,
6083,Produk Segar & Beku,Makanan Beku,BenFarm Spicy Wings Ayam 400 g,
6084,Produk Segar & Beku,Makanan Beku,BenFarm Stik Naget Ayam 300 g,
6085,Produk Segar & Beku,Makanan Beku,Belfoods Naget Ayam Corn Flakes 450 g,
6086,Produk Segar & Beku,Makanan Beku,belfoods Naget Ayam Crunchy 500 g,
6087,Produk Segar & Beku,Makanan Beku,Kanzler Naget Ayam Krispi Pedas 450 g,
6088,Produk Segar & Beku,Makanan Beku,Akumo Naget Ayam 500 g,
6089,Produk Segar & Beku,Makanan Beku,So Good Naget Ayam Pedas Krispi 400 g,
6090,Produk Segar & Beku,Makanan Beku,Bernardi Bakso Daging Sapi 150 g,
6091,Produk Segar & Beku,Makanan Beku,Champ Stik Naget Ayam 250 g,
6092,Produk Segar & Beku,Makanan Beku,Champ Naget Ayam bentuk ABC 500 g,
6093,Produk Segar & Beku,Makanan Beku,belfoods Ayam Goreng Korea Gangnam Chicken 200 g,
6094,Produk Segar & Beku,Makanan Beku,Fiesta Kentang Goreng Beku Butter Coated 500 g,
6095,Produk Segar & Beku,Makanan Beku,FIESTA Pop Bites With Thousand Island 500 g,
6096,Produk Segar & Beku,Makanan Beku,So Good Naget Ayam Animal Pizza 400 g,
6097,Produk Segar & Beku,Makanan Beku,Cedea Steamboat Set 300 g,
6098,Produk Segar & Beku,Makanan Beku,Cedea Eomuk Bar Korean Spicy 65 g,5.900
6099,Produk Segar & Beku,Makanan Beku,Cedea Eomuk Bar Cheese Tasty 65 g,5.900
6100,Produk Segar & Beku,Makanan Beku,belfoods Spicy Wings 500 g,
6101,Produk Segar & Beku,Makanan Beku,BenFarm Stik Naget Ayam 400 g,
6102,Produk Segar & Beku,Makanan Beku,Belfoods Bakso Premium Bonanza 180 g,
6103,Produk Segar & Beku,Makanan Beku,Udang Jerbung Utuh Value Pack 200-250 g,
6104,Produk Segar & Beku,Makanan Beku,Udang Vaname Kupas 200-250 g,
6105,Produk Segar & Beku,Makanan Beku,Daging Sapi Import Giling Reguler Value Pack 250 g,
6106,Produk Segar & Beku,Makanan Beku,Daging Sapi Karubi Shabu Australia 250-275 g,
6107,Produk Segar & Beku,Makanan Beku,Daging Sapi US Shortplate 250-275 g,
6108,Produk Segar & Beku,Makanan Beku,Ikan Dori Fillet 200-250 g,
6109,Produk Segar & Beku,Makanan Beku,Golden Farm Potato Naget Kentang Goreng Beku 750 g,
6110,Produk Segar & Beku,Makanan Beku,Cedea Dumpling Ikan Rasa Ayam 200 g,
6111,Produk Segar & Beku,Makanan Beku,CEDEA Crab Stick 250 g,
6112,Produk Segar & Beku,Makanan Beku,Bumifood Fish and Chips 200 g,
6113,Produk Segar & Beku,Makanan Beku,BumiFood Gyoza Ayam 200 g,
6114,Produk Segar & Beku,Makanan Beku,belfoods Favorite Chicken Nugget 250 g,
6115,Produk Segar & Beku,Makanan Beku,Champ Naget Ayam Stikie 225 g,
6116,Produk Segar & Beku,Makanan Beku,Cedea Salmon Ball 200 g,
6117,Produk Segar & Beku,Makanan Beku,Fiesta Rice Bites Keju Italia 400 g,
6118,Produk Segar & Beku,Makanan Beku,Fiesta Rice Bites Keju Yakiniku 400 g,
6119,Produk Segar & Beku,Makanan Beku,Fiesta Naget Ayam 200 g,
6120,Produk Segar & Beku,Makanan Beku,Ebinoya Udang Lapis Roti 10 pcs,
6121,Produk Segar & Beku,Makanan Beku,Royal by belfoods Naget Ayam Drummies 470 g,
6122,Produk Segar & Beku,Makanan Beku,belfoods Naget Ayam Stik Crunchy 450 g,
6123,Produk Segar & Beku,Makanan Beku,Belfoods Favorite Stik Naget Ayam 500 g,
6124,Produk Segar & Beku,Makanan Beku,Just Fry Kentang Goreng Shoestring 900 g,
6125,Produk Segar & Beku,Makanan Beku,Cedea Dumpling Ikan Rasa Keju 200 g,
6126,Produk Segar & Beku,Makanan Beku,So Good Karage Ayam Original 400 g,
6127,Produk Segar & Beku,Makanan Beku,BenFarm Frankfurter Sosis Ayam 300 g,
6128,Produk Segar & Beku,Makanan Beku,Royal by belfoods Frankfurter Daging 200 g,
6129,Produk Segar & Beku,Makanan Beku,Fiesta Naget Ayam Stikie 400 g,
6130,Produk Segar & Beku,Makanan Beku,Fiesta Naget Ayam 400 g,
6131,Produk Segar & Beku,Makanan Beku,Fiesta Ayam Spicy Wing 400 g,
6132,Produk Segar & Beku,Makanan Beku,Belfoods Sosis Ayam Cocktail 400 g,
6133,Produk Segar & Beku,Makanan Beku,belfoods Royal Naget Ayam 470 g,
6134,Produk Segar & Beku,Makanan Beku,Cedea Steamboat Tomyum 300 g,
6135,Produk Segar & Beku,Es Krim,Glico Wings Haku Es Krim Bluberi Cheesecake Cup 110 ml,10.200
6136,Produk Segar & Beku,Es Krim,Campina Concerto Es Krim Icownic Black Moon 80 ml,8.400
6137,Produk Segar & Beku,Es Krim,Wall's Cornetto Es Krim Yogurt Berry 108 ml,11.500
6138,Produk Segar & Beku,Es Krim,Glico Frost Bite Es Krim Cookies Cream 60 ml,6.000
6139,Produk Segar & Beku,Es Krim,Glico Wings Haku Es Krim Monaka Vanila & Cokelat Krispi 100 ml,6.000
6140,Produk Segar & Beku,Es Krim,Glico Wings Haku Es Krim Almond Classic Deluxe Cup 110 ml,11.900
6141,Produk Segar & Beku,Es Krim,Glico Wings Haku Es Krim Monaka Stroberi & Cokelat Krispi 100 ml,6.000
6142,Produk Segar & Beku,Es Krim,Glico Wings Frostbite Es Krim Crunchy Potato Bites Stik 75 ml,5.500
6143,Produk Segar & Beku,Es Krim,Wall's Magnum Es Krim Stroberi Panna 80 ml,20.800
6144,Produk Segar & Beku,Es Krim,Campina Hula Hula Es Krim Durian 90 ml,16.300
6145,Produk Segar & Beku,Es Krim,Wall's Populaire Es Krim Stroberi Vanila 90 ml,5.900
6146,Produk Segar & Beku,Es Krim,Campina Hula Hula Es Krim Kacang Hijau 45 ml,5.000
6147,Produk Segar & Beku,Es Krim,Wall's Cornetto Es Krim Black & White 80 ml,6.700
6148,Produk Segar & Beku,Es Krim,Wall's Paddle pop Es Krim Rainbow 50 ml,4.100
6149,Produk Segar & Beku,Es Krim,Glico Wings Frostbite Es Krim Mochi Cookies & Cream 45 ml,3.800
6150,Produk Segar & Beku,Es Krim,Glico Wings Frostbite Es Krim Mochi Choco Lava 46 ml,3.800
6151,Produk Segar & Beku,Es Krim,Wall's Cornetto Es Krim Crunchy Milky Berry 80 ml,6.600
6152,Produk Segar & Beku,Es Krim,Wall's Cornetto Es Krim Disc Oreo 110 ml,13.800
6153,Produk Segar & Beku,Es Krim,Wall's Magnum Es Krim Vanila Klasik 80 ml,19.100
6154,Produk Segar & Beku,Es Krim,Campina Es Krim Cookie Creamy Stick 55 ml,4.600
6155,Produk Segar & Beku,Es Krim,Campina Concerto Es Krim Midi Cookie Creamy 80 ml,6.500
6156,Produk Segar & Beku,Es Krim,Wall's Cornetto Es Krim Cokelat Silverqueen 108 ml,15.600
6157,Produk Segar & Beku,Es Krim,Wall's Upin Ipin Es Krim Fruity Tower 66 ml,4.500
6158,Produk Segar & Beku,Es Krim,Campina Concerto Es Krim Midi Stroberi Chunk 80 ml,6.500
6159,Produk Segar & Beku,Es Krim,Wall's Populaire Es Krim Fruity Mango 90 ml,5.900
6160,Produk Segar & Beku,Es Krim,Wall's Feast Pop Es Krim Vanila & Karamel 64 ml,10.500
6161,Produk Segar & Beku,Es Krim,Wall's Cornetto Es Krim Choco Brownie 108 ml,11.000
6162,Produk Segar & Beku,Es Krim,Campina Hula Hula Es Krim Alpukat 45 ml,5.000
6163,Produk Segar & Beku,Es Krim,Campina Hula Hula Es Krim Tape Ketan Hitam 45 ml,5.300
6164,Produk Segar & Beku,Es Krim,Glico Wings Frostbite Es Krim Yakoo dengan Jeli Stroberi 60 ml,3.600
6165,Produk Segar & Beku,Es Krim,Wall's Magnum Es Krim Matcha Crumble 80 ml,20.800
6166,Produk Segar & Beku,Es Krim,Glico Wings Frostbite Es Krim Mochi Pandan Srikaya 46 ml,3.500
6167,Produk Segar & Beku,Es Krim,Wall's Es Krim Oreo Cookies & Cream 90 ml,9.200
6168,Produk Segar & Beku,Es Krim,Glico Wings Frostbite Es Krim Kopi Jelly Gula Aren Stik 60 ml,4.500
6169,Produk Segar & Beku,Es Krim,Wall's Oreo Es Krim Stik 80 ml,10.500
6170,Produk Segar & Beku,Es Krim,Wall's Paddle Pop Es Krim Jelly Stroberi 60 ml,4.700
6171,Produk Segar & Beku,Es Krim,Glico Wings Haku Es Krim Monaka Matcha 180 ml,14.800
6172,Produk Segar & Beku,Es Krim,Campina Hula Hula Es Krim Tape Ketan Hitam 45 ml,5.500
6173,Produk Segar & Beku,Es Krim,Wall's Feast Pop Es Krim Stroberi Yogurt 4 x 16 ml,10.500
6174,Produk Segar & Beku,Es Krim,Wall's Cornetto Es Krim Disc Cokelat Hazelnut 108 ml,13.500
6175,Produk Segar & Beku,Es Krim,Campina Hula Hula Es Krim Kacang Hijau 45 ml,5.300
6176,Produk Segar & Beku,Es Krim,Wall's Magnum Es Krim Mango Yoghurt Parfait 80 ml,20.800
6177,Produk Segar & Beku,Es Krim,Wall's Feast Max Es Krim Vanila 65 ml,6.700
6178,Produk Segar & Beku,Es Krim,Wall's Magnum Es Krim Vanila Almond 80 ml,19.100
6179,Produk Segar & Beku,Es Krim,Glico Wings Frostbite Es Krim Boba Milk Tea Stik 60 ml,4.800
6180,Produk Segar & Beku,Es Krim,Glico Wings Frost Bite Es Krim Cookies and Cream Cup 90 ml,6.000
6181,Produk Segar & Beku,Es Krim,Wall's Feast Xtra Max Max Es Krim Cokelat 73 ml,9.000
6182,Produk Segar & Beku,Es Krim,Wall's Feast Max Es Krim Cokelat 65 ml,6.700
6183,Produk Segar & Beku,Es Krim,Campina Seoul Es Krim Rasa Leci Yogurt 55 ml,
6184,Produk Segar & Beku,Es Krim,Joyday Es Krim Sandwich Rasa Tiramisu 100 ml,
6185,Produk Segar & Beku,Es Krim,Joyday Es Krim Dolce Creme Vanilla 90 ml,
6186,Produk Segar & Beku,Es Krim,Aice Es Krim Mochi Cokelat 45 g,
6187,Produk Segar & Beku,Es Krim,Joyday Es Krim Sandwich Rasa Vanila Berry 100 ml,
6188,Produk Segar & Beku,Es Krim,Aice Es Krim Cokelat Krispi 60 g,
6189,Produk Segar & Beku,Es Krim,Campina SpongeBob Squarepants Es Krim Fantastic Choco Banana Stick 70 ml,6.500
6190,Produk Segar & Beku,Es Krim,Glico Wings Frostbite Es Krim Cokelat Double Crunchy Stik 70 ml,6.000
6191,Produk Segar & Beku,Es Krim,Wall's Es Krim 3 in 1 Extra Creamy Neopolitana 350 ml,25.000
6192,Produk Segar & Beku,Es Krim,Wall's Cornetto Es Krim Disc Cokelat 108 ml,11.500
6193,Produk Segar & Beku,Es Krim,Campina Concerto Es Krim Midi Stroberi Chunk 80 ml,6.800
6194,Produk Segar & Beku,Es Krim,Wall's Paddle Pop Es Krim Banana Race 42 ml,5.800
6195,Produk Segar & Beku,Es Krim,Wall's Solero Es Krim Lava Berries 65 ml,8.000
6196,Produk Segar & Beku,Es Krim,Wall's Es Krim Ice Ball Anggur 69 ml,10.500
6197,Produk Segar & Beku,Es Krim,Glico Wings Haku Es Krim Monaka Vanila 180 ml,14.800
6198,Produk Segar & Beku,Es Krim,Glico Wings Frost Bite Es Krim Cokelat Vanila Cup 85 ml,5.900
6199,Produk Segar & Beku,Es Krim,Campina SpongeBob Squarepants Es Krim Fantastic Choco Banana Stick 70 ml,6.000
6200,Produk Segar & Beku,Es Krim,Wall's Es Krim Ice Ball Guava Stroberi 69 ml,10.500
6201,Produk Segar & Beku,Es Krim,Wall's Shaky Shake Es Krim Cokelat 140 ml,11.000
6202,Produk Segar & Beku,Es Krim,Wall's Cornetto Es Krim Apple Crumb 108 ml,10.800
6203,Produk Segar & Beku,Es Krim,Wall's Cornetto Es Krim Mini Oreo Vanila 12 x 28 ml,37.000
6204,Produk Segar & Beku,Es Krim,Campina Hula Hula Es Krim Alpukat 45 ml,5.300
6205,Produk Segar & Beku,Es Krim,Wall's Populaire Es Krim Cokelat Vanila 90 ml,5.800
6206,Produk Segar & Beku,Es Krim,Campina SpongeBob Squarepants Es Krim Fantastic Choco Banana Cup 80 ml,6.400
6207,Produk Segar & Beku,Es Krim,Campina Es Krim Kacang Cashew 90 ml,12.500
6208,Produk Segar & Beku,Es Krim,Kiko Stik Es Aneka Rasa Assorted 10 pcs,8.800
6209,Produk Segar & Beku,Es Krim,Campina SpongeBob Squarepants Es Krim Fantastic Choco Banana 80 ml,6.300
6210,Produk Segar & Beku,Es Krim,Campina Es Krim Cheese Cake Stroberi Cup 90 ml,13.200
6211,Produk Segar & Beku,Es Krim,Wall's Calippo Star Wars Es Krim Stroberi 100 ml,10.400
6212,Produk Segar & Beku,Es Krim,Wall's Magnum Cafe Au Lait Rasa Kopi Susu 80 ml,20.100
6213,Produk Segar & Beku,Es Krim,Campina Fruitzy Es Krim Rasa Apel 90 ml,5.400
6214,Produk Segar & Beku,Es Krim,Joyday Es Krim Neapolitan Cup 160 ml,
6215,Produk Segar & Beku,Es Krim,Joyday Es Krim Susu Rasa Cokelat Vanila Double Scoop 100 ml,
6216,Produk Segar & Beku,Es Krim,Joyday Es Krim Double Scoop Stroberi Vanila Cup 100 ml,
6217,Produk Segar & Beku,Es Krim,Aice Histeria Es Krim Vanila 70 ml,
6218,Produk Segar & Beku,Es Krim,Campina Es Krim O'Cheesecake Cup 90 ml,
6219,Produk Segar & Beku,Es Krim,Aice Histeria Es Krim Peach 70 ml,
6220,Produk Segar & Beku,Es Krim,Haagen-Dazs Es Krim Vanila Cup 75 ml,
6221,Produk Segar & Beku,Es Krim,Haagen-Dazs Es Krim Stroberi Cup 75 ml,
6222,Produk Segar & Beku,Es Krim,Haagen-Dazs Es Krim Cookies & Cream Cup 75 ml,
6223,Produk Segar & Beku,Es Krim,Joyday Es Krim Grande Scoop Cokelat Vanila Cup 290 ml,
6224,Produk Segar & Beku,Es Krim,Aice Es Krim Sandwich Cookies Panda 6 x 45 ml,
6225,Produk Segar & Beku,Es Krim,Joyday Es Krim Twist Cone Chocolate & Forest Berry 133 ml,
6226,Produk Segar & Beku,Es Krim,Glico Wings Haku Es Krim Almond Classic Deluxe Stick 90 ml,
6227,Produk Segar & Beku,Es Krim,Wall's Cornetto Es Krim Stroberi Matcha 108 ml,
6228,Produk Segar & Beku,Es Krim,Kaluli Es Krim Light Yummy Rasa Yogurt 130 ml,
6229,Produk Segar & Beku,Es Krim,Joyday Es Krim Strawberry Sweet Crunchy 70 ml,
6230,Produk Segar & Beku,Es Krim,Aice Mochi Es Krim Pisang 45 g,
6231,Produk Segar & Beku,Es Krim,Campina Es Krim Kacang Cashew 90 ml,
6232,Produk Segar & Beku,Es Krim,Aice Es Krim Stroberi Krispi 90 ml,
6233,Produk Segar & Beku,Es Krim,Campina Es Krim Rasa Stroberi Jeruk Nipis 90 ml,
6234,Produk Segar & Beku,Es Krim,Joyday Es Krim Crunchy Cokelat Malt 65 ml,
6235,Produk Segar & Beku,Es Krim,Joyday Es Krim Crunchy Cokelat Bluberi 65 ml,
6236,Produk Segar & Beku,Es Krim,Joyday Es Krim Mulberry Red Velvet 60 g,
6237,Produk Segar & Beku,Es Krim,Joyday Premice Es Krim Almond Caramel 90 ml,
6238,Produk Segar & Beku,Es Krim,Joyday Premice Es Krim Matcha 90 ml,
6239,Produk Segar & Beku,Es Krim,Campina Concerto Es Krim Midi Cookie Creamy 80 ml,6.800
6240,Produk Segar & Beku,Es Krim,"Wall's Upin Ipin Es Krim Semangka, Jeruk, Nanas 60 ml",4.800
6241,Produk Segar & Beku,Es Krim,Wall's Oreo Mini Es Krim Oreo Vanila 6 x 45 ml,24.500
6242,Produk Segar & Beku,Es Krim,Wall's Es Krim Avocado Brownie 350 ml,29.900
6243,Produk Segar & Beku,Es Krim,Wall's Es Krim Matcha Stroberi 350 ml,29.900
6244,Produk Segar & Beku,Es Krim,Wall's Cornetto Es Krim Mini Disc Cokelat & Tiramisu 12 x 28 ml,37.500
6245,Produk Segar & Beku,Es Krim,Wall's Feast Double Es Krim Coklat 75 ml,8.100
6246,Produk Segar & Beku,Es Krim,Campina Es Krim Heart Crunchy Stroberi Vanila 88 ml,6.500
6247,Produk Segar & Beku,Es Krim,Wall's Paddle Pop Es Krim Choco Lava 50 ml,4.100
6248,Produk Segar & Beku,Es Krim,Glico Wings Haku Es Krim Tiramisu Cup 110 ml,10.200
6249,Produk Segar & Beku,Es Krim,Wall's Paddle Pop Es Krim Mochi Cokelat Vanila 45 ml,3.400
6250,Produk Segar & Beku,Es Krim,Wong Coco Es Bon Bon Cokelat Stroberi 5 x 85 g,8.900
6251,Produk Segar & Beku,Es Krim,Wall's Magnum Es Krim Cokelat Luxe 80 ml,20.200
6252,Produk Segar & Beku,Es Krim,Wall's Cornetto White Cokelat & Keju Susu 134 ml,13.700
6253,Produk Segar & Beku,Es Krim,Campina Tropicana Es Krim Cokelat Double Crunchy 65 ml,6.900
6254,Produk Segar & Beku,Es Krim,Wall's Magnum Mini Es Krim Almond Stroberi Panna 6 x 45 ml,55.500
6255,Produk Segar & Beku,Es Krim,Wall's Calippo Pokemon Es Krim Stroberi Nanas 100 ml,10.500
6256,Produk Segar & Beku,Es Krim,Wall's Calippo Pokemon Es Krim Peach Mangga 100 ml,10.500
6257,Produk Segar & Beku,Es Krim,Campina Happy Cow Es Krim Vanila Cup 85 ml,9.200
6258,Produk Segar & Beku,Es Krim,Glico Frost Bite Es Krim Coconut Shake 60 ml,4.800
6259,Produk Segar & Beku,Es Krim,Campina Tropicana Es Krim Cokelat Vanila 65 ml,6.900
6260,Produk Segar & Beku,Es Krim,Campina Concerto Es Krim Choco Passion 110 ml,11.000
6261,Produk Segar & Beku,Es Krim,Campina Frozen Es Krim Vanila Cotton Candy 55 ml,6.300
6262,Produk Segar & Beku,Es Krim,Campina Fruitzy Es Krim Rasa Apel 90 ml,5.100
6263,Produk Segar & Beku,Es Krim,Campina Es Krim Cookie Creamy 350 ml,27.000
6264,Produk Segar & Beku,Es Krim,Campina Es Krim Heart Crunchy Stroberi Vanila 88 ml,6.200
6265,Produk Segar & Beku,Es Krim,Campina Frozen Es Krim Vanila Cotton Candy 55 ml,6.000
6266,Produk Segar & Beku,Es Krim,Campina Es Krim Neapolitan 350 ml,27.000
6267,Produk Segar & Beku,Es Krim,Campina Hula Hula Es Krim Kacang Hijau Maxx 65 ml,6.500
6268,Produk Segar & Beku,Es Krim,Campina Hula Hula Es Krim Durian 90 ml,16.000
6269,Produk Segar & Beku,Es Krim,Campina Es Krim Korea Anggur Hijau Shine Muscat 55 ml,4.600
6270,Produk Segar & Beku,Es Krim,Campina Es Krim Rainbow Pops 60 ml,5.400
6271,Produk Segar & Beku,Es Krim,Campina Concerto Es Krim Choco Passion 110 ml,11.200
6272,Produk Segar & Beku,Es Krim,Campina Fruitzy Es Krim Rasa Apel 90 ml,5.400
6273,Produk Segar & Beku,Es Krim,Kaluli Es Krim Choco Master Stik 60 ml,
6274,Produk Segar & Beku,Es Krim,Joyday Es Krim Double Scoop Kelapa Mangga Cup 100 ml,
6275,Produk Segar & Beku,Es Krim,Aice Es Krim Cokelat Almond Klasik 90 ml,
6276,Produk Segar & Beku,Es Krim,Joyday Es Krim Crunchy Vanila Cookies 65 ml,
6277,Produk Segar & Beku,Es Krim,Joyday Es Krim Cokelat Lava Crunchy 65 ml,
6278,Produk Segar & Beku,Es Krim,Campina Happy Cow Es Krim Vanila Cup 85 ml,
6279,Produk Segar & Beku,Es Krim,Aice Crispy Balls Es Krim Cokelat Malt 65 ml,
6280,Produk Segar & Beku,Es Krim,Joyday Es Krim Dolce Creme Black Forrest 90 ml,
6281,Produk Segar & Beku,Es Krim,Aice Es Krim Sundae Cokelat 100 ml,
6282,Produk Segar & Beku,Es Krim,Wong Coco Es Bon Bon Fruity Aneka Rasa 5 x 85 g,8.500
6283,Produk Segar & Beku,Es Krim,"7Cosia Es Lolipop Indulge Time Rasa Cola, Yogurt, Peach 8 x 82 g",8.900
6284,Produk Segar & Beku,Es Krim,Wong Coco Bonbon Stik Es Rasa Buah 5 x 85 ml,8.000
6285,Produk Segar & Beku,Es Krim,Wall's Es Krim Tropical Delight 350 ml,24.500
6286,Produk Segar & Beku,Es Krim,Wall's Twister Es Krim Leci Anggur 55 ml,4.500
6287,Produk Segar & Beku,Es Krim,Campina Patrick Es Krim Stroberi Cokelat Vanila 65 ml,6.200
6288,Produk Segar & Beku,Es Krim,Wall's Solero Es Krim Mangga 65 ml,5.600
6289,Produk Segar & Beku,Es Krim,Wall's Cornetto Es Krim Stroberi & Vanila 80 ml,6.700
6290,Produk Segar & Beku,Makanan Kemasan,Botan Sarden Mackerel Saus Tomat Kaleng 425 g,42.500
6291,Produk Segar & Beku,Makanan Kemasan,Pronas Kornet Daging 340 g,43.800
6292,Produk Segar & Beku,Makanan Kemasan,ABC Sarden Saus Tomat 425 g,29.500
6293,Produk Segar & Beku,Makanan Kemasan,Asahi Sarden Pedas Kaleng 155 g,11.700
6294,Produk Segar & Beku,Makanan Kemasan,ABC Sarden Saus Ekstra Pedas 425 g,29.500
6295,Produk Segar & Beku,Makanan Kemasan,ABC Sarden Saus Cabai 425 g,29.500
6296,Produk Segar & Beku,Makanan Kemasan,Asahi Sarden Tomat Kaleng 155 g,11.700
6297,Produk Segar & Beku,Makanan Kemasan,ABC Sarden Saus Ekstra Pedas 155 g,10.900
6298,Produk Segar & Beku,Makanan Kemasan,Belfoods Royal Ready to Go Sosis Ayam Nami Pedas 55 g,8.600
6299,Produk Segar & Beku,Makanan Kemasan,ABC Sarden Saus Cabai 155 g,10.900
6300,Produk Segar & Beku,Makanan Kemasan,Belfoods Royal Ready to Go Sosis Daging Daegu Original 55 g,8.300
6301,Produk Segar & Beku,Makanan Kemasan,Maya Sarden Kaleng 155 g,12.500
6302,Produk Segar & Beku,Makanan Kemasan,Kornetku Kornet Sapi Sachet 50 g,6.700
6303,Produk Segar & Beku,Makanan Kemasan,Pronas Kornet Daging Klasik 50 g,8.500
6304,Produk Segar & Beku,Makanan Kemasan,Pronas Kornetku Kornet Beef 200 g,22.400
6305,Produk Segar & Beku,Makanan Kemasan,Maya Sarden Kaleng 425 g,29.000
6306,Produk Segar & Beku,Makanan Kemasan,Botan Sarden Saus Tomat Kaleng 155 g,11.400
6307,Produk Segar & Beku,Makanan Kemasan,Botan Sarden Mackerel Saus Tomat Kaleng 155 g,15.900
6308,Produk Segar & Beku,Makanan Kemasan,Fiesta Seafood Makarel Saus Cabai Kaleng 425 g,23.500
6309,Produk Segar & Beku,Makanan Kemasan,Belfoods Royal Ready to Go Sosis Ayam Jeju Keju 55 g,8.600
6310,Produk Segar & Beku,Makanan Kemasan,mili Lychee in Heavy Syrup 565 g,
6311,Produk Segar & Beku,Makanan Kemasan,mili Longans in Heavy Syrup 565 g,
6312,Produk Segar & Beku,Makanan Kemasan,TKS Ikan Tuna Sambal Rica-Rica 180 g,
6313,Produk Segar & Beku,Makanan Kemasan,TKS Ikan Tuna Sambal Woku 180 g,
6314,Produk Segar & Beku,Makanan Kemasan,Fiesta Seafood Sarden Saus Cabai Kaleng 155 g,10.700
6315,Produk Segar & Beku,Makanan Kemasan,Sunpride Buah Nanas Irisan dalam Sirup Pekat Kaleng 567 g,16.500
6316,Produk Segar & Beku,Makanan Kemasan,Sunpride Tropical Fruit Salad Buah Kaleng dalam Sirup 825 gr,19.900
6317,Produk Segar & Beku,Makanan Kemasan,Imperial Buah Kaleng Jeruk Mandarin Dalam Sirup 312 g,17.200
6318,Produk Segar & Beku,Makanan Kemasan,Imperial Buah Kaleng Peach Halves dalam Sirup 425 g,20.200
6319,Produk Segar & Beku,Makanan Kemasan,Pronas Kornet Daging Sapi dengan Jamur Kaleng 340 g,36.500
6320,Produk Segar & Beku,Makanan Kemasan,Pronas Daging Ayam Luncheon Kaleng 340 g,36.500
6321,Produk Segar & Beku,Makanan Kemasan,Imperial Leci Buah Kaleng dalam Sirup 565 g,36.900
6322,Produk Segar & Beku,Makanan Kemasan,Ikps Buah Kaleng Jeruk Mandarin Dalam Sirup 425 g,20.900
6323,Produk Segar & Beku,Makanan Kemasan,Ikps Buah Kaleng Yellow Peach Halves Dalam Sirup 425 g,20.900
6324,Produk Segar & Beku,Makanan Kemasan,Ikps Buah Kaleng Leci Dalam Sirup 567 g,35.000
6325,Produk Segar & Beku,Makanan Kemasan,Ikps Buah Kaleng Longan Dalam Sirup 567 g,37.000
6326,Produk Segar & Beku,Makanan Kemasan,Phra Phrom Buah Kaleng Longan Dalam Sirup 567 g,37.000
6327,Personal Care,Peralatan Rias & Tata Rambut,Alfamart Gunting Kuku Besar,19.900
6328,Personal Care,Peralatan Rias & Tata Rambut,Trendy Gunting Kuku TD-622E,22.700
6329,Personal Care,Peralatan Rias & Tata Rambut,Alfamart BT21 Spons Makeup,17.900
6330,Personal Care,Peralatan Rias & Tata Rambut,Alfamart Sisir Tangle Brush Assorted,34.900
6331,Personal Care,Peralatan Rias & Tata Rambut,Alfamart Jarum Pentul Peniti 80 pcs,17.900
6332,Personal Care,Peralatan Rias & Tata Rambut,Trendy Sisir Vitex V-5 inches,5.600
6333,Personal Care,Peralatan Rias & Tata Rambut,Disney Minnie Mouse Pengering Rambut Assorted,
6334,Personal Care,Peralatan Rias & Tata Rambut,Alfamart Disney Sisir Assorted,
6335,Personal Care,Peralatan Rias & Tata Rambut,Sanrio Sisir Rambut Anak A224 Assorted 1 pcs,
6336,Personal Care,Peralatan Rias & Tata Rambut,Alfamart Sanrio Sisir Rambut Glossy Assorted,
6337,Personal Care,Peralatan Rias & Tata Rambut,Disney Frozen Sisir Assorted,16.900
6338,Personal Care,Peralatan Rias & Tata Rambut,Disney Princess Sisir Assorted,16.900
6339,Personal Care,Peralatan Rias & Tata Rambut,Disney Princess Sisir Assorted,19.900
6340,Personal Care,Peralatan Rias & Tata Rambut,Disney Lotso Sisir D224 Assorted,20.900
6341,Personal Care,Peralatan Rias & Tata Rambut,Scorlines Spons Makeup Bulat 1 pcs,10.900
6342,Personal Care,Peralatan Rias & Tata Rambut,Scorlines Spons Makeup 2 pcs,11.900
6343,Personal Care,Peralatan Rias & Tata Rambut,Alfamart BT21 Nail Gunting Kuku,22.500
6344,Personal Care,Peralatan Rias & Tata Rambut,Sanrio Sisir Anak A124 Assorted,37.900
6345,Personal Care,Peralatan Rias & Tata Rambut,Alfamart Disney Sisir D225 Assorted,37.900
6346,Personal Care,Peralatan Rias & Tata Rambut,The Wet Brush Sisir Mini Hitam,77.900
6347,Personal Care,Peralatan Rias & Tata Rambut,The Wet Brush Sisir Mini Pink,77.900
6348,Personal Care,Peralatan Rias & Tata Rambut,The Wet Brush Disney Glitter Ball Sisir Mini Ariel,109.000
6349,Personal Care,Peralatan Rias & Tata Rambut,The Wet Brush Disney Glitter Ball Sisir Mini Aurora,109.000
6350,Personal Care,Peralatan Rias & Tata Rambut,The Wet Brush Disney Glitter Ball Sisir Mini Belle,109.000
6351,Personal Care,Peralatan Rias & Tata Rambut,The Wet Brush Disney Glitter Ball Sisir Mini Cinderella,109.000
6352,Personal Care,Peralatan Rias & Tata Rambut,The Wet Brush Disney Glitter Ball Sisir Mini Jasmine,109.000
6353,Personal Care,Peralatan Rias & Tata Rambut,The Wet Brush Disney Glitter Ball Sisir Mini Rapunzel,109.000
6354,Personal Care,Peralatan Rias & Tata Rambut,The Wet Brush Hello Kitty & Friends Sisir Cinnamoroll,165.900
6355,Personal Care,Peralatan Rias & Tata Rambut,The Wet Brush Hello Kitty & Friends Sisir Kuromi,165.900
6356,Personal Care,Peralatan Rias & Tata Rambut,Trendy Hi-Comb Sisir HC-164-1,12.100
6357,Personal Care,Perawatan Tubuh,Biore Guard Sabun Mandi Cair Refresh Lemongrass Anti Bakteri 100 ml,15.000
6358,Personal Care,Perawatan Tubuh,Vaseline Gluta-Hya Serum Tubuh Dewy Radiance 180 ml,48.900
6359,Personal Care,Perawatan Tubuh,Citra Perfect Bright Lotion Pelembap Tubuh Bengkoang 210 ml,24.500
6360,Personal Care,Perawatan Tubuh,Resik-V Pembersih Kewanitaan Daun Sirih Aroma Anggrek 90 ml,9.900
6361,Personal Care,Perawatan Tubuh,Dettol Anti Bakteri Sabun Mandi Batang Lasting Fresh 100 g,9.200
6362,Personal Care,Perawatan Tubuh,Alfamart Sabun Cuci Tangan Strawberry Pump 410 ml,15.900
6363,Personal Care,Perawatan Tubuh,Vaseline Healthy Bright Soft + Glow Serum Pelembap Tubuh SPF 20 180 ml,39.500
6364,Personal Care,Perawatan Tubuh,Shinzu'i Skin Lightening Sabun Mandi Batang Matsu 80 g,6.300
6365,Personal Care,Perawatan Tubuh,Purbasari Minyak Zaitun 150 ml,28.500
6366,Personal Care,Perawatan Tubuh,Dettol Anti Bakteri Sabun Mandi Batang Cool 100 g,9.200
6367,Personal Care,Perawatan Tubuh,Biore Floral Spa Sabun Mandi Cair Refill 400 ml,19.900
6368,Personal Care,Perawatan Tubuh,Lactacyd Pembersih Kewanitaan Odor Fresh 60 ml,38.500
6369,Personal Care,Perawatan Tubuh,Vaseline Healthy Bright UV Extra Brightening Lotion Pelembap Tubuh GlutaGlow 100 ml,21.900
6370,Personal Care,Perawatan Tubuh,Giv White Collection Sabun Mandi Cair Goat's Milk & Almond Oil Refill 400 ml,20.700
6371,Personal Care,Perawatan Tubuh,Giv White Collection Sabun Mandi Cair Mulberry & Collagen Refill 400 ml,20.700
6372,Personal Care,Perawatan Tubuh,Posh Deodoran Roll On Wanita Hijab Chic Refreshing Green 50 ml,9.900
6373,Personal Care,Perawatan Tubuh,Giv White Collection Sabun Mandi Cair Sakura & Pearl Refill 400 ml,20.200
6374,Personal Care,Perawatan Tubuh,Alfamart Sabun Cuci Tangan Strawberry Refill 375 ml,7.900
6375,Personal Care,Perawatan Tubuh,Giv White Hijab Sabun Mandi Cair Oud & Glutacinamide 400 ml,20.700
6376,Personal Care,Perawatan Tubuh,Alfamart Sabun Mandi Cair Fresh & Protect Biru Refill 400 ml,10.900
6377,Personal Care,Perawatan Tubuh,Alfamart Sabun Cuci Tangan Refill Green Tea Refill 375 ml,10.000
6378,Personal Care,Perawatan Tubuh,Alfamart Sabun Mandi Cair Clean & Care Hijau Refill 400 ml,10.900
6379,Personal Care,Perawatan Tubuh,Biore Guard Sabun Mandi Cair Refresh Lemongrass Anti Bakteri 400 ml,19.900
6380,Personal Care,Perawatan Tubuh,Biore Sabun Mandi Cair Relaxing Aromatic Refill 400 ml,19.900
6381,Personal Care,Perawatan Tubuh,Gillette Simply Venus Alat Cukur Wanita Basic 2 pcs,22.000
6382,Personal Care,Perawatan Tubuh,Posh Deodoran Roll On Wanita Whitening 50 ml,9.900
6383,Personal Care,Perawatan Tubuh,Giv Hijab Collection Sabun Mandi Cair Tin & Zaitun Refill 400 ml,16.300
6384,Personal Care,Perawatan Tubuh,Giv White Hijab Sabun Mandi Cair Shafron & Niacinamide Refill 400 ml,20.700
6385,Personal Care,Perawatan Tubuh,Giv White Smooth & Flawless Sabun Mandi Cair Sakura & Pearl Refill 825 ml,40.900
6386,Personal Care,Perawatan Tubuh,Marina UV White Lotion Pelembap Tubuh E Collagen Asta 185 ml,7.900
6387,Personal Care,Perawatan Tubuh,Posh Deodoran Roll On Wanita Anti Stain 50 ml,9.900
6388,Personal Care,Perawatan Tubuh,Purbasari Lulur Mandi Pengantin Brightening + Bengkoang 500 g,34.500
6389,Personal Care,Perawatan Tubuh,Biore Guard Sabun Mandi Cair Refresh Lemongrass Anti Bakteri 725 ml,31.900
6390,Personal Care,Perawatan Tubuh,Souji Sabun Cuci Tangan Anti Bakteri Chamomile Refill 375 ml,11.200
6391,Personal Care,Perawatan Tubuh,Vaseline Gluta-Hya Serum Tubuh Flawless Bright 180 ml,48.900
6392,Personal Care,Perawatan Tubuh,Shinzu'i Skin Lightening Sabun Mandi Batang Kirei 80 g,6.300
6393,Personal Care,Perawatan Tubuh,Giv Beauty Sabun Mandi Cair Glamour Passion Flower 800 ml,40.900
6394,Personal Care,Perawatan Tubuh,Biore Sabun Mandi Cair Pure Mild Refill 400 ml,19.900
6395,Personal Care,Perawatan Tubuh,Biore Sabun Mandi Cair Pure Mild 725 ml,31.900
6396,Personal Care,Perawatan Tubuh,Asepso Sabun Mandi Batang Antiseptik 80 g,12.800
6397,Personal Care,Perawatan Tubuh,Biore Bright Sabun Mandi Cair White Scrub Refill 380 ml,19.900
6398,Personal Care,Perawatan Tubuh,Biore Bright Sabun Mandi Cair Lovely Sakura Refill 400 ml,19.900
6399,Personal Care,Perawatan Tubuh,Shinzu'i Skin Lightening Sabun Mandi Batang Kirei 3 x 100 g,19.800
6400,Personal Care,Perawatan Tubuh,Nivea Sun Protect & Bronze Lotion Tanning Pelembap Tubuh 200 ml,
6401,Personal Care,Perawatan Tubuh,Bali Dancer Minyak Pijat Frangipani 150 ml,
6402,Personal Care,Perawatan Tubuh,Biodef Sabun Mandi Cair Mint + Sea Salt Refill 400 ml,
6403,Personal Care,Perawatan Tubuh,Biodef Natural Protection Sabun Mandi Cair Mint + Green Tea Refill 400 ml,
6404,Personal Care,Perawatan Tubuh,Vaseline Superfood Serum Pelembap Tubuh Cranberry 200 ml,
6405,Personal Care,Perawatan Tubuh,Nivea Sun Protect & Moisture Sunscreen Tubuh SPF 30 75 ml,
6406,Personal Care,Perawatan Tubuh,K-Natural White Sabun Mandi Cair Jeju Lemon Refill 400 ml,15.900
6407,Personal Care,Perawatan Tubuh,Emeron Lovely Natural Lotion Pelembap Tubuh Deep Caring Green Tea 400 ml,8.900
6408,Personal Care,Perawatan Tubuh,Emeron Lovely Natural Lotion Pelembap Tubuh Intense Moisturizing 400 ml,8.900
6409,Personal Care,Perawatan Tubuh,Dove Deeply Nourishing Sabun Mandi Cair Refill 800 ml,37.900
6410,Personal Care,Perawatan Tubuh,Dove Sensitive Relief Sabun Mandi Cair Refill 400 ml,17.900
6411,Personal Care,Perawatan Tubuh,Lifebuoy Sabun Mandi Cair Anti Bakteri Mild Care 500 g,35.000
6412,Personal Care,Perawatan Tubuh,K-Natural White Sabun Mandi Cair Sparkling Magnolia Pump 500 ml,25.000
6413,Personal Care,Perawatan Tubuh,Schick Intuition Exacta 2 Alat Cukur Wanita Sensitive 3 pcs,16.000
6414,Personal Care,Perawatan Tubuh,Gendes Sweet Aromatic Pembersih Kewanitaan Foam Vanilla 55 ml,50.000
6415,Personal Care,Perawatan Tubuh,Natur-E Lotion Pelembap Tubuh Daily Nourishing Moisturizing 245 ml,12.500
6416,Personal Care,Perawatan Tubuh,Emeron Lovely Natural Lotion Pelembap Tubuh Nourishing 400 ml,8.900
6417,Personal Care,Perawatan Tubuh,Vaseline Healthy Bright UV Extra Brightening Lotion Pelembap Tubuh GlutaGlow 200 ml,35.500
6418,Personal Care,Perawatan Tubuh,Souji Sabun Cuci Tangan Anti Bakteri Japanese Peach Refill 375 ml,11.400
6419,Personal Care,Perawatan Tubuh,Biore Sabun Mandi Cair Relaxing Aromatic 100 ml,15.000
6420,Personal Care,Perawatan Tubuh,Purbasari Lotion Tubuh Jinten Hitam Habbatus Sauda 200 ml,16.900
6421,Personal Care,Perawatan Tubuh,Biore Guard Sabun Mandi Cair Cool Peppermint Anti Bakteri 400 ml,19.900
6422,Personal Care,Perawatan Tubuh,Lux Botanicals Sabun Mandi Batang Soft Rose 3 x 100 g,14.900
6423,Personal Care,Perawatan Tubuh,Vaseline Repairing Jeli Petroleum Original 50 ml,36.900
6424,Personal Care,Perawatan Tubuh,Purbasari Minyak Zaitun Mawar 150 ml,24.900
6425,Personal Care,Perawatan Tubuh,JF Sulfur Sabun Mandi Batang Keluarga Anti Bakteri 90 g,18.800
6426,Personal Care,Perawatan Tubuh,Shinzu'i Skin Lightening Sabun Mandi Batang Matsu 3 x 100 g,19.800
6427,Personal Care,Perawatan Tubuh,Shinzu'i Skin Lightening Sabun Mandi Batang Sakura 3 x 100 g,19.800
6428,Personal Care,Perawatan Tubuh,Souji Sabun Cuci Tangan Anti Bakteri Chamomile Pump 410 ml,20.900
6429,Personal Care,Perawatan Tubuh,Caladine Bedak Gatal Original 100 g,26.500
6430,Personal Care,Perawatan Tubuh,Purbasari Lulur Mandi Bengkoang + Whitening 200 g,20.900
6431,Personal Care,Perawatan Tubuh,Sumber Ayu Pembersih Kewanitaan Natural Orchid 110 ml,11.600
6432,Personal Care,Perawatan Tubuh,Vaseline Intensive Care Lotion Pelembap Tubuh Aloe Soothe 200 ml,36.000
6433,Personal Care,Perawatan Tubuh,Veet Krim Penghilang Bulu Kulit Sensitif 60 g,63.500
6434,Personal Care,Perawatan Tubuh,Nivea Sun Protect & Moisture Sunscreen Tubuh SPF 50 75 ml,
6435,Personal Care,Perawatan Tubuh,Skin Fruit Sabun Mandi Batang Watermelon Glow 90 g,
6436,Personal Care,Perawatan Tubuh,Sekar Jagat Lulur Tradisional Milk 100 g,
6437,Personal Care,Perawatan Tubuh,Sekar Jagat Lulur Tradisional Bengkoang 100 g,
6438,Personal Care,Perawatan Tubuh,Herborist Pelembap Tubuh Frangipani Tube 80 g,
6439,Personal Care,Perawatan Tubuh,Sekar Jagat Lulur Tradisional Avocado 100 g,
6440,Personal Care,Perawatan Tubuh,Biore Sabun Mandi Cair Relaxing Aromatic Refill 800 ml,
6441,Personal Care,Perawatan Tubuh,Biore Guard Sabun Mandi Cair Refresh Lemongrass Anti Bakteri 800 ml,
6442,Personal Care,Perawatan Tubuh,Vaseline Serum Pelembap Tubuh SPF 50+ Daily Sun Refreshing Tube 170 ml,
6443,Personal Care,Perawatan Tubuh,Marina Natural Serum Pelembap Tubuh Nutri Serum 475 ml,
6444,Personal Care,Perawatan Tubuh,Shinzu'i Skin Lightening Sabun Mandi Cair Matsu Refill 725 g,27.900
6445,Personal Care,Perawatan Tubuh,Dove Deodoran Serum Roll On 3% Niacinamide + 10x Vitamin C&E 45 ml,19.000
6446,Personal Care,Perawatan Tubuh,K-Natural White Sabun Mandi Cair Aloe Vera Refill 400 ml,15.900
6447,Personal Care,Perawatan Tubuh,Lux Hijab Series Sabun Mandi Cair Lavender & Chamomile Refill 380 g,15.000
6448,Personal Care,Perawatan Tubuh,Giv White Smooth & Glow Sabun Mandi Cair Mulberry & Collagen 800 ml,29.900
6449,Personal Care,Perawatan Tubuh,Nuvo Family Sabun Mandi Cair Ungu Relax & Protect Refill 400 ml,15.500
6450,Personal Care,Perawatan Tubuh,Palmolive Sabun Mandi Cair Milk & Honey Refill 400 ml,32.000
6451,Personal Care,Perawatan Tubuh,Lifebuoy Skin Solutions Sabun Mandi Cair Yoghurt & Oats 380 g,19.000
6452,Personal Care,Perawatan Tubuh,Gillette Venus Alat Cukur Wanita Smooth Sensitive + Refill,77.000
6453,Personal Care,Perawatan Tubuh,Gillette Venus Alat Cukur Wanita Comfortglide White Tea + Refill,99.000
6454,Personal Care,Perawatan Tubuh,Schick Silk Effects Plus Alat Cukur Wanita Original,65.000
6455,Personal Care,Perawatan Tubuh,Palmolive Naturals Sabun Mandi Cair Orchid Refill 400 ml,27.000
6456,Personal Care,Perawatan Tubuh,Palmolive Aroma Sensations Sabun Mandi Cair Sensual Refill 450 ml,32.000
6457,Personal Care,Perawatan Tubuh,Palmolive Aroma Sensations Sabun Mandi Cair Morning Tonic Refill 450 ml,32.000
6458,Personal Care,Perawatan Tubuh,Palmolive Aroma Sensations Sabun Mandi Cair Sensual 750 ml,69.000
6459,Personal Care,Perawatan Tubuh,Palmolive Sabun Mandi Cair Morning Tonic Pump 750 ml,69.000
6460,Personal Care,Perawatan Tubuh,Palmolive Naturals Sabun Mandi Cair Orchid Pump 1 L,79.000
6461,Personal Care,Perawatan Tubuh,Palmolive Naturals Sabun Mandi Cair Susu & Madu Pump 1 L,79.000
6462,Personal Care,Perawatan Tubuh,Original Source Sabun Mandi Creamy Vanilla & Raspberry 1 L,85.000
6463,Personal Care,Perawatan Tubuh,Original Source Sabun Mandi Gel Tingly Mint & Tea Tree 250 ml,35.000
6464,Personal Care,Perawatan Tubuh,Ovale Minyak Zaitun Tubuh 100 ml,30.900
6465,Personal Care,Perawatan Tubuh,Lux Botanicals Sabun Mandi Cair Soft Rose 580 ml,39.900
6466,Personal Care,Perawatan Tubuh,Betadine Tisu Pembersih Kewanitaan Gentle Protection Immortelle 10 s,9.500
6467,Personal Care,Perawatan Tubuh,Dove Deeply Nourishing Sabun Mandi Cair Pump 550 ml,45.000
6468,Personal Care,Perawatan Tubuh,Betadine Pembersih Kewanitaan Foam Lemon Verbena 100 ml,47.000
6469,Personal Care,Perawatan Tubuh,Betadine Pembersih Kewanitaan Foam Immortelle 100 ml,47.000
6470,Personal Care,Perawatan Tubuh,Betadine Pembersih Kewanitaan Firming Floral 110 ml,12.000
6471,Personal Care,Perawatan Tubuh,Dove Deeply Nourishing Sabun Mandi Cair Botol 1 L,72.000
6472,Personal Care,Perawatan Tubuh,Prokleen Sabun Cuci Tangan Strawberry Daydream Jerigen 5 L,69.900
6473,Personal Care,Perawatan Tubuh,Prokleen Sabun Cuci Tangan Green Tea Jerigen 5 L,69.900
6474,Personal Care,Perawatan Tubuh,Aveeno Lotion Moisturizer Pelembap Tubuh Colloidal Oatmeal Pump 354 ml,169.000
6475,Personal Care,Perawatan Tubuh,Aveeno Lotion Moisturizer Pelembap Tubuh Skin Relief Triple Oat Pump 354 ml,239.000
6476,Personal Care,Perawatan Tubuh,Aveeno Lotion Moisturizer Pelembap Tubuh Shooting & Calming Pump 354 ml,169.000
6477,Personal Care,Perawatan Tubuh,Vaseline Gluta-Hya Serum Tubuh Pro-Age Restore Collagen 200 ml,54.900
6478,Personal Care,Perawatan Tubuh,Glad2Glow Pomegranate Serum Wajah 10% Niacinamide Power Bright 17 ml,38.000
6479,Personal Care,Perawatan Tubuh,Slavina Lotion Pelembap Tubuh Spill The Night 200 ml,45.000
6480,Personal Care,Perawatan Tubuh,Slavina Lotion Pelembap Tubuh Red Opium 200 ml,45.000
6481,Personal Care,Perawatan Tubuh,Slavina Lotion Pelembap Tubuh Shooting Stars 200 ml,45.000
6482,Personal Care,Perawatan Tubuh,Vaseline Gluta-Hya Serum Tubuh Smoothing Perfector 200 ml,54.900
6483,Personal Care,Perawatan Tubuh,Hanasui Lotion Pelembap Tubuh Milky Pump 240 ml,
6484,Personal Care,Perawatan Tubuh,Aveeno Lotion Moisturizer Pelembap Tubuh Shooting & Calming Pump 354 ml,169.000
6485,Personal Care,Perawatan Tubuh,Dettol Sabun Mandi Cair Fresh Anti Bakteri Refill 720 g,39.900
6486,Personal Care,Perawatan Tubuh,Dettol Sabun Mandi Cair Lasting Fresh Anti Bakteri Refill 720 g,39.900
6487,Personal Care,Perawatan Tubuh,Kahf Sabun Mandi Cair Pria Acne & Relaxing Botol 200 ml,24.000
6488,Personal Care,Perawatan Tubuh,Kahf Sabun Mandi Cair Pria Brightening & Cooling Botol 200 ml,25.000
6489,Personal Care,Perawatan Tubuh,Aveeno Sabun Mandi Cair Daily Moisturizing Botol 354 ml,119.900
6490,Personal Care,Perawatan Tubuh,Aveeno Sabun Mandi Cair Skin Relief Botol 354 ml,145.000
6491,Personal Care,Perawatan Tubuh,Aveeno Sabun Mandi Cair Soothing & Calming Botol 354 ml,119.900
6492,Personal Care,Perawatan Tubuh,Dettol Sabun Mandi Cair Original Anti Bakteri Pump 500 g,57.900
6493,Personal Care,Perawatan Tubuh,Dettol Sabun Mandi Cair Cool Anti Bakteri Pump 500 g,57.900
6494,Personal Care,Perawatan Tubuh,Dettol Sabun Mandi Cair Fresh Anti Bakteri Pump 500 g,57.900
6495,Personal Care,Perawatan Tubuh,Pigeon Teens Serum Pelembap Tubuh Remaja Calm Fairy 100 ml,27.900
6496,Personal Care,Perawatan Tubuh,Lavojoy Let It Glow Serum Pelembap Tubuh Instant Tone Up SPF 20 180 ml,61.500
6497,Personal Care,Perawatan Tubuh,Yuri Sabun Cuci Tangan Grape Jerigen 3.7 L,120.900
6498,Personal Care,Perawatan Tubuh,Yuri Sabun Cuci Tangan Strawberry Jerigen 3.7 L,120.900
6499,Personal Care,Perawatan Tubuh,Lux Botanicals Bright Bluebell Sabun Mandi Cair Niacinamide Pouch 380 g,19.000
6500,Personal Care,Perawatan Tubuh,Lady Speed Stick Deodoran Orchard Blossom 45 g,49.000
6501,Personal Care,Perawatan Tubuh,Lady Speed Deodoran Stik Powder Fresh 39.6 g,49.000
6502,Personal Care,Perawatan Tubuh,Lady Speed Deodoran Stik Wild Freesia 45 g,49.000
6503,Personal Care,Perawatan Tubuh,Biore Serum Sabun Mandi Cair Pampering Almond Oil & Freesia 380 ml,28.000
6504,Personal Care,Perawatan Tubuh,Biore Serum Sabun Mandi Cair Rejuvenating Tsubaki Oil & Magnolia 380 ml,28.000
6505,Personal Care,Perawatan Tubuh,Biore Serum Sabun Mandi Cair Rejuvenating Tsubaki Oil & Magnolia 550 ml,65.000
6506,Personal Care,Perawatan Tubuh,Biore Guard Sabun Cuci Tangan Foam Anti Bakteri Sweet Berry 250 ml,23.000
6507,Personal Care,Perawatan Tubuh,Biore Guard Sabun Cuci Tangan Foam Anti Bakteri Fresh Lemon 250 ml,23.000
6508,Personal Care,Perawatan Tubuh,Secret Clean Propolis Pembersih Kewanitaan Spray Romantic Love 8 ml,13.900
6509,Personal Care,Perawatan Tubuh,Secret Clean Propolis Pembersih Kewanitaan Spray Happy Day 8 ml,13.900
6510,Personal Care,Perawatan Tubuh,Secret Clean Propolis Pembersih Kewanitaan Spray Fresh 8 ml,13.900
6511,Personal Care,Perawatan Tubuh,Citra Perfect Bright UV Lotion Pelembap Tubuh Bengkoang 380 ml,35.000
6512,Personal Care,Perawatan Tubuh,Citra Radiant Glow UV Lotion Pelembap Tubuh Pearl 380 ml,35.000
6513,Personal Care,Perawatan Tubuh,Biore Guard Sabun Cuci Tangan Foam Anti Bakteri Fruity Refill 250 ml,17.000
6514,Personal Care,Perawatan Tubuh,Biore Guard Sabun Cuci Tangan Foam Anti Bakteri Fresh Refill 250 ml,17.000
6515,Personal Care,Perawatan Tubuh,Vaseline Gluta-Hya Serum Burst Sunscreen Tubuh SPF 50 200 ml,95.000
6516,Personal Care,Perawatan Tubuh,Mustika Ratu Body Butter Pelembab Tubuh Papaya 200 g,42.500
6517,Personal Care,Perawatan Tubuh,Mustika Ratu Scrub Tubuh Papaya 200 g,39.500
6518,Personal Care,Perawatan Tubuh,Gendes Sweet Aromatic Pembersih Kewanitaan Foam Bubblegum 55 ml,50.000
6519,Personal Care,Perawatan Tubuh,Gendes Sweet Aromatic Pembersih Kewanitaan Spray Vanilla 23 ml,43.000
6520,Personal Care,Perawatan Tubuh,Gendes Sweet Aromatic Pembersih Kewanitaan Spray Bubblegum 23 ml,43.000
6521,Personal Care,Perawatan Tubuh,Lux Hijab Series Sabun Mandi Cair Lavender & Chamomile Refill 800 ml,29.000
6522,Personal Care,Perawatan Tubuh,Lux Botanicals Sabun Mandi Cair Bright Bluebell 580 ml,33.900
6523,Personal Care,Perawatan Tubuh,Axe Deodoran Pria Emerald Sage Spray 135 ml,26.900
6524,Personal Care,Perawatan Tubuh,Lux Botanicals Sabun Mandi Cair Magical Orchid 500 g,35.900
6525,Personal Care,Perawatan Tubuh,Slavina Lotion Pelembap Tubuh First Kiss 350 ml,57.000
6526,Personal Care,Perawatan Tubuh,Slavina Lotion Pelembap Tubuh Red Opium 350 ml,57.000
6527,Personal Care,Perawatan Tubuh,Slavina Lotion Pelembap Tubuh Spill The Night 350 ml,57.000
6528,Personal Care,Perawatan Tubuh,Filmore Pharma Best Friend Tisu Basah Pembersih Kewanitaan 10 s,16.900
6529,Personal Care,Perawatan Tubuh,Giv Sabun Mandi Cair Elegance White Flower & Vanilla Refill 400 ml,15.500
6530,Personal Care,Perawatan Tubuh,White Garden Sabun Mandi Cair Pure Goat's Milk & Pearl Refill 450 ml,29.500
6531,Personal Care,Perawatan Tubuh,White Garden Sabun Mandi Cair Lavender Chamomile & Goat's Milk Refill 450 ml,29.500
6532,Personal Care,Perawatan Tubuh,Ginza Skin Vitamin Booster Body Serum Bright Up Moist 180 ml,29.000
6533,Personal Care,Perawatan Tubuh,Ginza Skin Vitamin Booster Body Serum Barrier Care Peptides 180 ml,29.000
6534,Personal Care,Perawatan Tubuh,Rexona Shower Clean Brightening Deodorant Spray 135 ml,30.900
6535,Personal Care,Perawatan Tubuh,Rexona Men Sport Defense Deodorant Spray 135 ml,30.900
6536,Personal Care,Perawatan Tubuh,Glad2Glow Serum Pelembap Tubuh Tropical Velvet Moist & Smooth 300 ml,59.000
6537,Personal Care,Perawatan Tubuh,Lifebuoy FIFA Limited Edition Sabun Mandi Cair Menthol Kick Assorted 360 g,18.900
6538,Personal Care,Perawatan Tubuh,Vaseline Healthy Bright Sunscreen Serum Tubuh Gluta Vitamin SPF 30 180 ml,59.500
6539,Personal Care,Perawatan Tubuh,Lifebuoy Sabun Cuci Tangan Anti Bakteri Total 10 Pump 200 ml,24.500
6540,Personal Care,Perawatan Tubuh,Vaseline Gluta-Hya Serum Tubuh Overnight Radiance Repair Tube 200 ml,69.500
6541,Personal Care,Perawatan Tubuh,Vaseline Gluta-Hya Serum Tubuh Flawless Bright 100 ml,32.900
6542,Personal Care,Perawatan Tubuh,Glad2Glow Serum Pelembap Tubuh Tropical Velvet Moist & Smooth 180 ml,40.900
6543,Personal Care,Perawatan Tubuh,Glad2Glow Overnight Bright Serum Tubuh Creamy Berry 180 ml,40.900
6544,Personal Care,Perawatan Tubuh,Mustika Ratu Minyak Zaitun Restful Night 150 + 25 ml,30.900
6545,Personal Care,Perawatan Tubuh,Sumber Ayu Pembersih Kewanitaan Daun Sirih Clear White 90 ml,28.000
6546,Personal Care,Perawatan Tubuh,Nivea Derma Control Defend Deodoran Roll On Wanita 50 ml,28.200
6547,Personal Care,Perawatan Tubuh,Dove Deodoran Roll On Ultimate Repair 40 ml,8.500
6548,Personal Care,Perawatan Tubuh,Lifebuoy Skin Solutions Sabun Mandi Cair Tin & Zaitun 380 g,22.900
6549,Personal Care,Perawatan Tubuh,Nivea Derma Control Deodoran Roll On Pria Defend 50 ml,26.200
6550,Personal Care,Perawatan Tubuh,K-Natural White Sabun Mandi Cair Sparkling Magnolia Refill 400 ml,15.900
6551,Personal Care,Perawatan Tubuh,Nuvo Family Sabun Mandi Batang Anti Bakteri Cool Protect 4 x 100 g,14.900
6552,Personal Care,Perawatan Tubuh,Nuvo Family Sabun Mandi Cair Anti Bakteri Total Protect Refill 800 ml,41.400
6553,Personal Care,Perawatan Tubuh,Glad2Glow Serum Pelembap Tubuh Creamy Berry Overnight 300 ml,59.000
6554,Personal Care,Perawatan Tubuh,LUX Skin Science Sabun Mandi Cair Sandalwood 360 g,17.000
6555,Personal Care,Perawatan Tubuh,Shinzu'i Skin Lightening Sabun Mandi Cair Sakura Refill 1.5 L,60.900
6556,Personal Care,Perawatan Tubuh,Yuri Sabun Cuci Tangan Apple Refill 375 ml,18.500
6557,Personal Care,Perawatan Tubuh,Bee Brand Soap Sabun Mandi Batang Sandal Wood Savona 80 g,7.500
6558,Personal Care,Perawatan Tubuh,Bee Brand Soap Sabun Mandi Batang Sandal Wood Savona 125 g,11.000
6559,Personal Care,Perawatan Tubuh,Vaseline Gluta-Hya Serum Tubuh Dewy Radiance 200 ml,63.500
6560,Personal Care,Perawatan Tubuh,Herborist Juice For Skin Serum Tubuh Ekstrak Jeruk & Wortel 180 ml,32.500
6561,Personal Care,Perawatan Tubuh,Spume Sabun Cuci Tangan Strawberry Jerigen 5 L,65.000
6562,Personal Care,Perawatan Tubuh,Prokleen Sabun Cuci Tangan Japanese Green Tea Refill 800 ml,15.500
6563,Personal Care,Perawatan Tubuh,Prokleen Sabun Cuci Tangan Green Apple Breeze Refill 800 ml,15.500
6564,Personal Care,Perawatan Tubuh,Yuri Sabun Cuci Tangan Grape Pump 410 ml,30.500
6565,Personal Care,Perawatan Tubuh,Yuri Sabun Cuci Tangan Strawberry Pump 410 ml,30.500
6566,Personal Care,Perawatan Tubuh,Yuri Sabun Cuci Tangan Apple Pump 410 ml,30.500
6567,Personal Care,Perawatan Tubuh,Nivea Intensive Moisture Lotion Pelembap Tubuh Kulit Kering Pump 380 ml,73.900
6568,Personal Care,Perawatan Tubuh,Nivea Extra Bright Lotion Pelembap Tubuh Radiant & Smooth Pump 380 ml,67.900
6569,Personal Care,Perawatan Tubuh,Nivea Extra Bright Lotion Pelembap Tubuh Repair & Protect Pump 380 ml,70.000
6570,Personal Care,Perawatan Tubuh,Prokleen Sabun Cuci Tangan Strawberry Refill 800 ml,15.500
6571,Personal Care,Perawatan Tubuh,Prokleen Sabun Cuci Tangan Fresh Lemon Refill 800 ml,15.500
6572,Personal Care,Perawatan Tubuh,Azarine BT21 Serum Sunscreen Tubuh SPF 50 Sweet Treats Baby Tube 100 ml,65.000
6573,Personal Care,Perawatan Tubuh,Azarine BT21 Serum Sunscreen Tubuh SPF 50 Young & Free Tube 100 ml,61.900
6574,Personal Care,Perawatan Tubuh,Azarine BT21 Serum Sunscreen Tubuh SPF 50 Sun O'Clock Tube 100 ml,61.900
6575,Personal Care,Perawatan Tubuh,Deorex Body Odorizer Spray Non Fragrance 60 ml,59.900
6576,Personal Care,Perawatan Tubuh,Deorex Body Odorizer Spray Musk 60 ml,65.000
6577,Personal Care,Perawatan Tubuh,Cetaphil Ultra Gentle Sabun Mandi Cair Botol 500 ml,115.000
6578,Personal Care,Perawatan Tubuh,Scarlett Fragrance Brightening Lotion Pelembap Tubuh Charming 300 ml,65.000
6579,Personal Care,Perawatan Tubuh,Scarlett Fragrance Brightening Lotion Pelembap Tubuh Jolly 300 ml,65.000
6580,Personal Care,Perawatan Tubuh,Scarlett Fragrance Brightening Lotion Pelembap Tubuh Romansa 300 ml,65.000
6581,Personal Care,Perawatan Tubuh,Scarlett Fragrance Brightening Lotion Pelembap Tubuh Freshy 300 ml,65.000
6582,Personal Care,Perawatan Tubuh,Deorex Body Odorizer Spray Pria 60 ml,65.000
6583,Personal Care,Perawatan Tubuh,Deorex Body Odorizer Spray Extra Whitening 60 ml,69.900
6584,Personal Care,Perawatan Tubuh,Deorex DryMax Deodoran Roll On Original 30 ml,85.000
6585,Personal Care,Perawatan Tubuh,Felinz Wax Strip Penghilang Bulu Tubuh Korean Strawberry 6 s,37.500
6586,Personal Care,Perawatan Tubuh,Felinz Wax Strip Penghilang Bulu Wajah Vita-C 10 pcs,30.500
6587,Personal Care,Perawatan Tubuh,Nivea Extra Bright 10 Super Vitamin Serum Pelembap Tubuh SPF 15 320 ml,95.000
6588,Personal Care,Perawatan Tubuh,Nivea Extra Bright Deodoran Spray Radiant & Smooth 150 ml,57.900
6589,Personal Care,Perawatan Tubuh,Nivea Men Deodoran Spray Cool Kick Extra Dry 150 ml,57.900
6590,Personal Care,Perawatan Tubuh,Filmore Pharma Spritz Sister Pembersih Kewanitaan Spray 50 ml,75.000
6591,Personal Care,Perawatan Tubuh,Rexona Women Deodoran Spray Seluruh Tubuh Frozen English Pear 150 ml,67.000
6592,Personal Care,Perawatan Tubuh,Yoona Gentle Pembersih Kewanitaan Sensitive 50 ml,56.500
6593,Personal Care,Perawatan Tubuh,Shinzu'i Skin Lightening Sabun Mandi Cair Kirei Refill 725 ml x 2 pcs,59.000
6594,Personal Care,Perawatan Tubuh,Garden of Na'eem Sabun Mandi Cair Taifi Rose + Midnight Gardenia 480 ml,41.900
6595,Personal Care,Perawatan Tubuh,Rexona Deodoran Lotion Wanita Free Spirit 45 g,5.000
6596,Personal Care,Perawatan Tubuh,Rexona Deodoran Roll On Wanita Advanced Smooth 45 ml,8.500
6597,Personal Care,Perawatan Tubuh,Lervia Sabun Mandi Cair Milk & Avocado Botol 250 g,15.400
6598,Personal Care,Perawatan Tubuh,Harmony Fruity Sabun Mandi Batang Grape Sparkling 70 g,3.400
6599,Personal Care,Perawatan Tubuh,Lervia Sabun Mandi Cair Milk Refill 400 g,17.900
6600,Personal Care,Perawatan Tubuh,Nuvo Family Sabun Mandi Batang Anti Bakteri Total Protect 4 x 100 g,14.900
6601,Personal Care,Perawatan Tubuh,Nuvo Family Sabun Mandi Cair Anti Bakteri Fresh Protect Refill 800 ml,41.400
6602,Personal Care,Perawatan Tubuh,Nuvo Family Sabun Mandi Cair Anti Bakteri Mild Protect Refill 400 ml,20.700
6603,Personal Care,Perawatan Tubuh,Fres & Natural Dessert Collection Sabun Mandi Cair Berry Macaron Refill 400 ml,20.700
6604,Personal Care,Perawatan Tubuh,Nuvo Family Sabun Mandi Cair Anti Bakteri Total Protect Refill 400 ml,20.700
6605,Personal Care,Perawatan Tubuh,Purbasari Lulur Mandi Sakura Glow 200 g,15.900
6606,Personal Care,Perawatan Tubuh,Shinzu'i Skin Lightening Scrub Tubuh Pencerah Kulit Sakura 200 g,17.900
6607,Personal Care,Perawatan Tubuh,Herborist Lotion Pelembap Tubuh Natural Olive 200 ml,33.000
6608,Personal Care,Perawatan Tubuh,Herborist Juice for Skin Serum Pelembap Tubuh Apple & Broccoli Tube 180 ml,30.200
6609,Personal Care,Perawatan Tubuh,Mustika Ratu Lotion Tubuh Javanese Jasmine 200 g,35.500
6610,Personal Care,Perawatan Tubuh,Emeron Lovely White UV Glowy Bright Lotion Pelembap Tubuh Jeju Orange 500 ml,18.000
6611,Personal Care,Perawatan Tubuh,Mustika Ratu Minyak Zaitun 75 ml,29.500
6612,Personal Care,Perawatan Tubuh,Scarlett Fragrance Brightening Serum Tubuh Purple Kiss 170 ml,39.900
6613,Personal Care,Perawatan Tubuh,Herborist Lulur Tradisional Bali Milk 100 g,21.500
6614,Personal Care,Perawatan Tubuh,Fres & Natural Dessert Collection Sabun Mandi Cair Pink Cupcake Refill 400 ml,20.700
6615,Personal Care,Perawatan Tubuh,Nuvo Family Sabun Mandi Cair Cool Protect 400 ml,20.200
6616,Personal Care,Perawatan Tubuh,Nuvo Family Sabun Mandi Batang Mild Protect 4 x 100 g,14.900
6617,Personal Care,Perawatan Tubuh,Sumber Ayu Pembersih Kewanitaan Daun Sirih Pearly White 90 ml,27.400
6618,Personal Care,Perawatan Tubuh,K-Natural White Sabun Mandi Cair Cotton Flower Refill 400 ml,15.900
6619,Personal Care,Perawatan Tubuh,Casablanca Deodoran Roll On Romantic Pink 50 ml,16.200
6620,Personal Care,Perawatan Tubuh,Casablanca Deodoran Roll On Pure White 50 ml,13.000
6621,Personal Care,Perawatan Tubuh,Harmony Fruity Sabun Mandi Batang Orange Satsuma 70 g,3.400
6622,Personal Care,Perawatan Tubuh,Lervia Sabun Mandi Cair Milk & Honey Botol 250 g,15.400
6623,Personal Care,Perawatan Tubuh,Garden of Na'eem Sabun Mandi Cair Royal Jasmine Refill 400 g,14.900
6624,Personal Care,Perawatan Tubuh,Zen Antibacterial Sabun Mandi Batang Japanese Red Shiso with Sandalwood 4 x 60 g,13.900
6625,Personal Care,Perawatan Tubuh,Nuvo Family Sabun Mandi Batang Anti Bakteri Fresh Protect 4 x 100 g,14.900
6626,Personal Care,Perawatan Tubuh,Lifebuoy Sabun Mandi Cair Anti Bakteri Mild Care 800 g,36.900
6627,Personal Care,Perawatan Tubuh,Rexona Women Deodoran Lotion Seluruh Tubuh Frozen English Pear 50 ml,29.500
6628,Personal Care,Perawatan Tubuh,Lifebuoy Sabun Mandi Cair Anti Bakteri Lemon Fresh 400 g,20.900
6629,Personal Care,Perawatan Tubuh,Giv White Sabun Mandi Batang Bengkoang & Yoghurt 3 x 100 g,11.300
6630,Personal Care,Perawatan Tubuh,Dettol Sabun Batang Skincare Anti Bakteri 3 x 100 g,27.500
6631,Personal Care,Perawatan Tubuh,Dettol Sabun Mandi Cair Fresh Anti Bakteri Refill 370 g,33.400
6632,Personal Care,Perawatan Tubuh,Dettol Anti Bakteri Sabun Mandi Batang Re-Energize 3 x 100 g,26.800
6633,Personal Care,Perawatan Tubuh,Dettol Sabun Mandi Cair Cool Anti Bakteri Refill 370 g,33.400
6634,Personal Care,Perawatan Tubuh,Nuvo Family Sabun Mandi Cair Anti Bakteri Minyak Zaitun Refill 400 ml,20.200
6635,Personal Care,Perawatan Tubuh,Dettol Anti Bakteri Sabun Mandi Batang Lasting Fresh 3 x 100 g,26.800
6636,Personal Care,Perawatan Tubuh,Lux Botanicals Sabun Mandi Cair Soft Rose Refill 380 g,25.500
6637,Personal Care,Perawatan Tubuh,Lifebuoy Sabun Mandi Batang Anti Bakteri Total 10 4 x 100 g,19.900
6638,Personal Care,Perawatan Tubuh,Lifebuoy Sabun Mandi Batang Anti Bakteri Lemon Fresh 4 x 100 g,19.900
6639,Personal Care,Perawatan Tubuh,Lifebuoy Sabun Mandi Cair Anti Bakteri Total 10 400 g,20.900
6640,Personal Care,Perawatan Tubuh,Lux Skin Science Sabun Mandi Cair Freesia Fragrance Refill 360 g,29.900
6641,Personal Care,Perawatan Tubuh,Lux Botanicals Sabun Mandi Cair Magical Orchid Refill 380 g,25.500
6642,Personal Care,Perawatan Tubuh,Secret Clean Propolis Pembersih Kewanitaan 100 ml,21.500
6643,Personal Care,Perawatan Tubuh,Lux Botanicals Sabun Mandi Cair Magical Orchid Refill 800 g,34.900
6644,Personal Care,Perawatan Tubuh,Rexona Deodoran Roll On Wanita Dreamy White 40 ml,18.000
6645,Personal Care,Perawatan Tubuh,Lifebuoy Sabun Mandi Cair Anti Bakteri Mild Care 100 g,18.400
6646,Personal Care,Perawatan Tubuh,Lifebuoy Sabun Mandi Cair Green Tea & Aloe Vera 380 g,22.900
6647,Personal Care,Perawatan Tubuh,Citra Extra Moist & Bright Lotion Pelembap Tubuh Avocado 210 ml,22.900
6648,Personal Care,Perawatan Tubuh,Vaseline Healthy Bright Serum Tubuh Hijab Protect Gluta Vitamin SPF 20 180 ml,39.500
6649,Personal Care,Perawatan Tubuh,Rexona Deodoran Roll On Wanita Powder Dry 45 ml,23.000
6650,Personal Care,Perawatan Tubuh,Nivea Extra Bright Lotion Pelembap Tubuh Instant Glow 190 ml,40.500
6651,Personal Care,Perawatan Tubuh,Nivea Extra Bright Serum Pelembap Tubuh Vitamin Super C+ SPF 50 170 ml,84.500
6652,Personal Care,Perawatan Tubuh,Lux Botanicals Sabun Mandi Cair Soft Rose Botol 100 g,5.500
6653,Personal Care,Perawatan Tubuh,Nivea Black & White Invisible Clear Deodoran Roll On 50 ml,27.400
6654,Personal Care,Perawatan Tubuh,Rexona Men Garuda Edition Deodoran Roll On Dry Defender 40 ml,22.500
6655,Personal Care,Perawatan Tubuh,Nivea Sun After Sun Moisture Cools & Soothers Pelembap Tubuh Spray 200 ml,
6656,Personal Care,Perawatan Tubuh,Dove Moisture Renew Sabun Mandi Cair 400 ml,
6657,Personal Care,Perawatan Tubuh,Nivea Black & White Invisible Clear Deodoran Roll On 50 ml,27.400
6658,Personal Care,Perawatan Tubuh,Rexona Men Garuda Edition Deodoran Roll On Dry Defender 40 ml,22.500
6659,Personal Care,Perawatan Tubuh,Nivea Extra Bright Lotion Pelembap & Pencerah Tubuh Vitamin C & E 180 ml,49.500
6660,Personal Care,Perawatan Tubuh,Rexona Deodoran Roll On Wanita Advanced Brightening 45 ml,29.000
6661,Personal Care,Perawatan Tubuh,Shinzu'i Skin Lightening Sabun Mandi Cair Sakura Refill 380 g,28.000
6662,Personal Care,Perawatan Tubuh,Scarlett Fragrance Brightening Lotion Tubuh Jolly Mood Booster 180 ml,36.900
6663,Personal Care,Perawatan Tubuh,Lifebuoy Sabun Mandi Cair Anti Bakteri Mild Care 400 g,20.900
6664,Personal Care,Perawatan Tubuh,Shinzu'i Skin Lightening Sabun Mandi Cair Kirei Pump 480 g,56.000
6665,Personal Care,Perawatan Tubuh,Shinzu'i Skin Lightening Sabun Mandi Cair Sakura Refill 725 g,47.400
6666,Personal Care,Perawatan Tubuh,Shinzu'i Skin Lightening Sabun Mandi Cair Kirei Refill 725 g,47.400
6667,Personal Care,Perawatan Tubuh,Shinzu'i Skin Lightening Sabun Mandi Cair Kirei Refill 380 g,27.500
6668,Personal Care,Perawatan Tubuh,Shinzu'i Skin Lightening Sabun Mandi Cair Matsu Refill 380 g,28.000
6669,Personal Care,Perawatan Tubuh,Lifebuoy Sabun Mandi Cair Anti Bakteri Cool Fresh 400 g,20.900
6670,Personal Care,Perawatan Tubuh,Dove Pampering Care Sabun Mandi Cair Shea Butter & Vanila Refill 400 ml,24.900
6671,Personal Care,Perawatan Tubuh,Lifebuoy Sabun Mandi Batang Anti Bakteri Total 10 4 x 60 g,14.900
6672,Personal Care,Perawatan Tubuh,Lifebuoy Skin Solutions Sabun Mandi Cair Japanese Shiso & Mineral Clay 380 g,22.900
6673,Personal Care,Perawatan Tubuh,Lifebuoy Sabun Mandi Batang Anti Bakteri Mild Care 4 x 100 g,19.900
6674,Personal Care,Perawatan Tubuh,Rexona Deodoran Roll On Wanita Glowing Bright Teen 40 ml,17.500
6675,Personal Care,Perawatan Tubuh,Rexona Deodoran Roll On Wanita Free Spirit 45 ml,23.000
6676,Personal Care,Perawatan Tubuh,Fresh Living by FreshCare Minyak Zaitun 50 ml,10.500
6677,Personal Care,Perawatan Tubuh,Citra Radiant Glow Lotion Pelembap Tubuh Pearl 210 ml,24.500
6678,Personal Care,Perawatan Tubuh,Emeron Lovely White UV Lotion Pelembap Tubuh Nutrient Bright Milk + Almond Oil 500 ml,18.000
6679,Personal Care,Perawatan Tubuh,Marina UV White Lotion Pelembap Tubuh Ekstra SPF 30 185 ml,18.000
6680,Personal Care,Perawatan Tubuh,Marina UV White Lotion Pelembap Tubuh Healthy & Glow 460 ml,19.800
6681,Personal Care,Perawatan Tubuh,Scarlett Overnight Bright Boost Serum Tubuh Dreamy 170 ml,41.900
6682,Personal Care,Perawatan Tubuh,Purbasari Lulur Mandi Coffee Milk 200 g,15.900
6683,Personal Care,Perawatan Tubuh,Citra Bright Sparkle Serum Pelembap Tubuh Berry Blush 180 ml,22.500
6684,Personal Care,Perawatan Tubuh,Herborist Natural Balinese Scrub Tubuh Stroberi 100 g,21.500
6685,Personal Care,Perawatan Tubuh,Nivea Pearl & Beauty Deodoran Roll On Wanita 50 ml,28.400
6686,Personal Care,Perawatan Tubuh,Shinzu'i Skin Lightening Sabun Mandi Batang Myori 80 g,6.300
6687,Personal Care,Perawatan Tubuh,Purbasari Goji Glow Sabun Pembersih Kewanitaan 100 ml,18.900
6688,Personal Care,Perawatan Tubuh,Purbasari Pembersih Kewanitaan Natural 60 ml,10.000
6689,Personal Care,Perawatan Tubuh,Purbasari Cybright Whitening Serum Pelembap Tubuh Tube 180 ml,25.900
6690,Personal Care,Perawatan Tubuh,Purbasari Gluta-Hya Serum Pelembap Tubuh Tube 180 ml,28.900
6691,Personal Care,Perawatan Tubuh,Scarlett Overnight Bright Boost Serum Tubuh Garden of Whisper 170 ml,41.900
6692,Personal Care,Perawatan Tubuh,Marina Natural Lotion Pelembap Tubuh Rich Moisturizing 190 ml,9.400
6693,Personal Care,Perawatan Tubuh,Emeron Lovely White UV Insta Bright Lotion Pelembap Tubuh White Pearl 500 ml,18.000
6694,Personal Care,Perawatan Tubuh,White Inc Alpha Glowhite Lotion Tubuh Mencerahkan 180 ml,29.900
6695,Personal Care,Perawatan Tubuh,Shinzu'i Skin Lightening Scrub Tubuh Pencerah Kulit Matsu 200 g,17.900
6696,Personal Care,Perawatan Tubuh,Shinzu'i Skin Lightening Scrub Tubuh Pencerah Kulit Kirei 200 g,17.900
6697,Personal Care,Perawatan Tubuh,Shinzu'i Skin Lightening Lotion Pelembap Tubuh & Pencerah Kirei 210 ml,29.500
6698,Personal Care,Perawatan Tubuh,Emina UV Water Gel Sunscreen SPF 50 PA++++ 25 ml,38.900
6699,Personal Care,Perawatan Tubuh,Zen Antibacterial Sabun Mandi Batang Japanese Red Shiso Juniper Berries 4 x 60 g,13.900
6700,Personal Care,Perawatan Tubuh,Zen Antibacterial Sabun Mandi Cair Japanese Red Shiso Sandalwood Refill 380 g,15.900
6701,Personal Care,Perawatan Tubuh,Zen Antibacterial Sabun Mandi Cair Japanese Red Shiso Sandalwood Refill 800 g,31.900
6702,Personal Care,Perawatan Tubuh,Zen Antibacterial Sabun Mandi Batang Japanese Red Shiso & Pure Tea Tree 4 x 60 g,13.900
6703,Personal Care,Perawatan Tubuh,Zen Antibacterial Sabun Mandi Cair Japanese Red Shiso Juniper Berries Refill 380 g,15.900
6704,Personal Care,Perawatan Tubuh,Resik-V Khasiat Manjakani Pembersih Kewanitaan 90 ml,20.000
6705,Personal Care,Perawatan Tubuh,Lavojoy Let It Glow Serum Pelembap Tubuh Skin Brightening 180 ml,39.900
6706,Personal Care,Perawatan Tubuh,Kojic Plankton Scrub Wajah dan Tubuh 150 g,35.900
6707,Personal Care,Perawatan Tubuh,Natur-e White Brightening Serum Tubuh 180 ml,38.900
6708,Personal Care,Perawatan Tubuh,Nivea Deodoran Roll On Wanita Hijab Bright & Fresh 50 ml,28.200
6709,Personal Care,Perawatan Tubuh,Nivea Extra Bright Radiant & Smooth Deodoran Roll On Wanita 50 ml,28.400
6710,Personal Care,Perawatan Tubuh,Nivea Deodoran Roll On Wanita Hijab Soft Bright & Shaveless 50 ml,28.200
6711,Personal Care,Perawatan Tubuh,Rexona Deodoran Roll On Wanita Invisible Dry 45 ml,23.000
6712,Personal Care,Perawatan Tubuh,Rexona Men Garuda Edition Deodoran Roll On Fresh Strike 40 ml,22.500
6713,Personal Care,Perawatan Tubuh,Nivea Extra Bright Serum Pelembap Tubuh SPF 15 Care & Protect Tube 180 ml,24.900
6714,Personal Care,Perawatan Tubuh,Vaseline Repairing Jeli Petroleum Original 100 ml,37.000
6715,Personal Care,Perawatan Tubuh,Lervia Sabun Mandi Cair Milk Avocado & Kojic Refill 400 g,17.900
6716,Personal Care,Perawatan Tubuh,Lifebuoy Sabun Mandi Cair Anti Bakteri Total 10 Edisi Merah Putih 100 ml,5.500
6717,Personal Care,Perawatan Tubuh,Nivea Extra Bright Serum Eksfoliasi Tubuh Vitamin C & AHA 170 ml,42.500
6718,Personal Care,Perawatan Tubuh,Resik-V Khasiat Manjakani Pembersih Kewanitaan Mencerahkan 90 ml,22.000
6719,Personal Care,Perawatan Tubuh,Mustika Ratu Minyak Zaitun 175 ml,38.800
6720,Personal Care,Perawatan Tubuh,Giv Sabun Mandi Batang Damask Rose Cherry Blossom 3 x 100 g,11.300
6721,Personal Care,Perawatan Tubuh,Lifebuoy Sabun Mandi Cair Anti Bakteri Total 10 100 g,18.400
6722,Personal Care,Perawatan Tubuh,Lifebuoy FIFA Limited Edition Sabun Mandi Cair Menthol Kick Assorted 85 g,9.500
6723,Personal Care,Perawatan Tubuh,Dove Deodoran Serum Roll On 3% Niacinamide + 10X Collagen 45 ml,29.500
6724,Personal Care,Perawatan Tubuh,Lux Botanicals Sabun Mandi Cair Sakura Bloom Refill 800 g,34.900
6725,Personal Care,Perawatan Tubuh,Lifebuoy Sabun Mandi Batang Anti Bakteri Total 10 100 g,5.900
6726,Personal Care,Perawatan Tubuh,RDL Papaya Sabun Wajah Brightening 135 g,33.900
6727,Personal Care,Perawatan Tubuh,Lifebuoy Sabun Mandi Batang Anti Bakteri Mild Care 4 x 60 g,14.900
6728,Personal Care,Perawatan Tubuh,Lifebuoy Sabun Mandi Cair Anti Bakteri Total 10 800 g,36.900
6729,Personal Care,Perawatan Tubuh,Lifebuoy FIFA Limited Edition Sabun Mandi Cair Menthol Kick Assorted 500 g,44.900
6730,Personal Care,Perawatan Tubuh,Nivea Extra Bright Serum Tubuh Super Vitamin Youth Perfect 170 ml,50.500
6731,Personal Care,Perawatan Tubuh,Marina UV White Lotion Pelembap Tubuh Healthy & Glow 185 ml,7.900
6732,Personal Care,Perawatan Tubuh,Veet Krim Penghilang Bulu 60 g,54.900
6733,Personal Care,Perawatan Tubuh,Vaseline Healty Bright Lotion Pelembap Tubuh Fresh & Cooling Bright 200 ml,35.500
6734,Personal Care,Perawatan Tubuh,Yuri Sabun Cuci Tangan Strawberry Refill 375 ml,22.400
6735,Personal Care,Perawatan Tubuh,Garden of Na'eem Sabun Mandi Cair Taifi Rose Refill 400 g,14.900
6736,Personal Care,Perawatan Tubuh,Lifebuoy 3 in 1 Antibakteri 380 ml,22.900
6737,Personal Care,Perawatan Tubuh,Lux Skin Science Sabun Mandi Cair Spring Bloom Fragrance Refill 360 g,29.900
6738,Personal Care,Perawatan Tubuh,Pinkberry Serum Pelembap Tubuh Milk Brightening Tube 180 ml,36.900
6739,Personal Care,Perawatan Tubuh,Herborist Minyak Zaitun 150 ml,35.400
6740,Personal Care,Perawatan Tubuh,Lifebuoy Sabun Mandi Cair Anti Bakteri Lemon Fresh 800 g,36.900
6741,Personal Care,Perawatan Tubuh,Herocyn Bedak Obat untuk Kulit 85 g,17.500
6742,Personal Care,Perawatan Tubuh,Herborist Scrub Tubuh Sea Salt & Volcanic Mud 200 g,19.500
6743,Personal Care,Perawatan Tubuh,Purbasari Lulur Mandi Putih 200 g,20.900
6744,Personal Care,Perawatan Tubuh,Nivea Extra Bright Serum Pelembap Tubuh 10 Super Vitamin SPF 15 170 ml,31.900
6745,Personal Care,Perawatan Tubuh,Natur-E Active Beauty Lotion Pelembap Tubuh Protect & Glow / Nourishing Revitalizing 245 ml,28.900
6746,Personal Care,Perawatan Tubuh,Biore Sabun Mandi Cair Relaxing Aromatic Refill 725 ml,31.900
6747,Personal Care,Perawatan Tubuh,Glad2Glow Serum Pelembap Tubuh Niacinamide Bright 180 ml,37.900
6748,Personal Care,Perawatan Tubuh,Scarlett Whitening Intense Brightening Serum Tubuh 5% AHA BHA PHA 120 ml,29.900
6749,Personal Care,Perawatan Tubuh,Scarlett Fragrance Brightening Lotion Tubuh Charming Mood Booster 180 ml,36.900
6750,Personal Care,Perawatan Tubuh,Kojic Plankton Sabun Mandi Batang Bright & Glow 90 g,27.900
6751,Personal Care,Perawatan Tubuh,Citra Radiant Fresh Serum Pelembap Tubuh Citrus Blossom 180 ml,22.500
6752,Personal Care,Perawatan Tubuh,Scarlett Fragrance Brightening Serum Tubuh Velvet Rouge 170 ml,41.900
6753,Personal Care,Perawatan Tubuh,Nivea Intensive Moisture Lotion Pelembap Tubuh Kulit Kering 190 ml,22.500
6754,Personal Care,Perawatan Tubuh,Lifebuoy Sabun Mandi Cair Anti Bakteri Total 10 500 g,49.900
6755,Personal Care,Perawatan Tubuh,Glad2Glow Serum Pelembap Tubuh Retinol Bright 180 ml,37.900
6756,Personal Care,Perawatan Tubuh,Lifebuoy Sabun Mandi Cair Anti Bakteri Cool Fresh 800 g,
6757,Personal Care,Perawatan Tubuh,Lifebuoy Sabun Mandi Cair Green Tea & Aloe Vera 800 g,29.900
6758,Personal Care,Perawatan Tubuh,Zen Antibacterial Sabun Mandi Cair Japanese Red Shiso Juniper Berries Refill 800 g,27.900
6759,Personal Care,Perawatan Tubuh,Nuvo Sabun Mandi Cair Nature Protect Refill 400 ml,15.500
6760,Personal Care,Perawatan Tubuh,Giv White Sabun Mandi Cair Bengkoang & Yoghurt Refill 400 ml,15.500
6761,Personal Care,Perawatan Tubuh,Lifebuoy Sabun Mandi Batang Anti Bakteri Total 10 Edisi Merah Putih 100 g,2.500
6762,Personal Care,Perawatan Tubuh,Zen Antibacterial Sabun Mandi Cair Japanese Red Shiso Tea Tree Refill 800 g,27.900
6763,Personal Care,Perawatan Tubuh,Lux Botanicals Sabun Mandi Cair Soft Rose Pouch 800 g,35.000
6764,Personal Care,Perawatan Tubuh,K-Natural White Sabun Mandi Cair Cotton Flower Pump 500 ml,25.000
6765,Personal Care,Perawatan Tubuh,Vaseline Lotion Pelembap Tubuh SPF 24 Brightening Protection Pump 400 ml,52.000
6766,Personal Care,Perawatan Tubuh,Dove Women Ultimate Repair Deodorant Spray Fresh Lily 135 ml,30.000
6767,Personal Care,Perawatan Tubuh,Lux Botanicals Sabun Mandi Cair Velvet Jasmine Refill 800 g,35.000
6768,Personal Care,Perawatan Tubuh,Lifebuoy Sabun Mandi Cair Anti Bakteri Lemon Fresh 800 g x 2 pcs,59.000
6769,Personal Care,Perawatan Tubuh,Emeron Lovely White UV Nature Bright Lotion Pelembap Tubuh Bengkoang 500 ml,13.900
6770,Personal Care,Perawatan Tubuh,Biore Serum Sabun Mandi Cair Pampering Almond Oil & Freesia 550 ml,65.000
6771,Personal Care,Perawatan Tubuh,Biore Pure Mild Sabun Mandi Cair Refill 800 ml,31.900
6772,Personal Care,Perawatan Tubuh,Morris Sabun Mandi Cair Anti Bakteri & Brightening Refill 450 ml,13.500
6773,Personal Care,Perawatan Tubuh,Morris Sabun Mandi Cair Double Anti Bakteri Refill 450 ml,13.500
6774,Personal Care,Perawatan Tubuh,Lux Botanicals Sabun Mandi Cair Sakura Bloom Refill 380 g,19.000
6775,Personal Care,Perawatan Tubuh,Zen Antibacterial Sabun Mandi Cair Japanese Red Shiso Sea Salt Refill 800 g,27.900
6776,Personal Care,Perawatan Tubuh,Lifebuoy Sabun Mandi Cair Anti Bakteri Mild Care 800 g x 2 pcs,59.000
6777,Personal Care,Perawatan Tubuh,Purbasari White Glow Serum Pelembap Tubuh Tube 180 ml,29.500
6778,Personal Care,Perawatan Tubuh,K-Natural White Sabun Mandi Cair Aloe Vera Pump 500 ml,25.000
6779,Personal Care,Perawatan Tubuh,Emeron Lovely White UV Lotion Tubuh Radiant Bright 500 ml,13.900
6780,Personal Care,Perawatan Tubuh,Lifebuoy Sabun Mandi Cair Anti Bakteri Total 10 800 g x 2 pcs,59.000
6781,Personal Care,Perawatan Tubuh,Yuri Sabun Cuci Tangan Grape Refill 375 ml,18.500
6782,Personal Care,Perawatan Tubuh,Fres & Natural BT21 Sabun Mandi Cair Yellow In Luv Refill 400 ml,15.500
6783,Personal Care,Perawatan Tubuh,Betadine Pembersih Kewanitaan 60 ml,30.000
6784,Personal Care,Perawatan Tubuh,Lifebuoy Skin Solutions Sabun Mandi Cair Japanese Shiso & Mineral Clay 800 g,39.000
6785,Personal Care,Perawatan Tubuh,Nivea Extra Bright Serum Pelembap Tubuh Instant Glow Tube 180 ml,34.000
6786,Personal Care,Perawatan Tubuh,Dettol Sabun Mandi Cair Original Anti Bakteri Refill 720 g,39.900
6787,Personal Care,Perawatan Pria,Barber Daily Pembersih Wajah Pria Kulit Berminyak & Anti Jerawat 100 ml,33.900
6788,Personal Care,Perawatan Pria,Kahf Deodoran Roll On Pria Cooling Power 45 ml,25.900
6789,Personal Care,Perawatan Pria,Kahf Deodoran Roll On Pria Extra Dry 45 ml,28.900
6790,Personal Care,Perawatan Pria,Gillette Blue 2 Flexi Alat Cukur 1 pcs,11.800
6791,Personal Care,Perawatan Pria,Casablanca Deodoran Roll On Pria Ambitious Blue 50 ml,15.200
6792,Personal Care,Perawatan Pria,Clear Sampo Anti Ketombe Pria Menthol Fresh Active Botol 160 ml,21.900
6793,Personal Care,Perawatan Pria,Gillette Blue II Plus Alat Cukur 1 pcs,12.200
6794,Personal Care,Perawatan Pria,Kahf Energizing & Brightening Pembersih Wajah untuk Kulit Kusam 100 ml,45.900
6795,Personal Care,Perawatan Pria,Casablanca Deodoran Roll On Pria Dynamic Black 50 ml,15.200
6796,Personal Care,Perawatan Pria,Alfamart Alat Cukur 1 pcs,9.800
6797,Personal Care,Perawatan Pria,Kahf Oil & Acne Care Pembersih Wajah Anti minyak & Jerawat 100 ml,45.900
6798,Personal Care,Perawatan Pria,Barber Daily Pembersih Wajah Bright Radiance 100 ml,33.900
6799,Personal Care,Perawatan Pria,Garnier Men Acno Fight Pembersih Wajah Foam Scrub Anti Jerawat 100 ml,43.900
6800,Personal Care,Perawatan Pria,Barber Daily Shaver Six Blade Razor Alat Cukur 1 pcs,11.900
6801,Personal Care,Perawatan Pria,Gillette Goal II Alat Cukur 2 pcs,19.000
6802,Personal Care,Perawatan Pria,Kahf Bright Revitalizing AminoGel Gel Pembersih Wajah Pria 100 ml,47.500
6803,Personal Care,Perawatan Pria,Garnier Men Acno Fight Pembersih Wajah Foam Scrub Anti Jerawat 50 ml,32.000
6804,Personal Care,Perawatan Pria,Garnier Men Oil Control Pembersih Wajah 3 in 1 Charcoal 50 ml,31.500
6805,Personal Care,Perawatan Pria,Garnier Men Acno Fight Pembersih Wajah Gel Acne Calming Gentle 100 ml,43.900
6806,Personal Care,Perawatan Pria,Gillette Blue 3 Flexi Pro Alat Cukur Pria,24.000
6807,Personal Care,Perawatan Pria,Barber Daily Moisturizer Wajah Bright Radiance 30 ml,33.500
6808,Personal Care,Perawatan Pria,Gillette Goal Super Platinum Pisau Silet Cukur Merah 5 pcs,20.900
6809,Personal Care,Perawatan Pria,Gillette Krim Cukur Foam Lemon Lime 175 g,54.900
6810,Personal Care,Perawatan Pria,Gillette Flexi Blue 3 Alat Cukur Pria Comfort 2 Pcs,37.300
6811,Personal Care,Perawatan Pria,Gillette Vector Alat Cukur 1 pcs,28.900
6812,Personal Care,Perawatan Pria,Gillette Goal II Alat Cukur 3 + 1 pcs,24.700
6813,Personal Care,Perawatan Pria,Gillette Blue 3 Flexi Pro Mata Pisau Cukur Refill 2 pcs,30.900
6814,Personal Care,Perawatan Pria,Barber Daily Deodoran Roll On Power Shield 50 ml,21.900
6815,Personal Care,Perawatan Pria,Clear Sampo Pria Anti Ketombe & Rambut Rontok 160 ml,38.500
6816,Personal Care,Perawatan Pria,Fyne Pembersih Wajah Pria Acne Care + Oil Clear 100 ml,29.900
6817,Personal Care,Perawatan Pria,Ms Glow For Men Hydra Boost Pembersih Wajah 100 ml,30.900
6818,Personal Care,Perawatan Pria,Nivea Men Deodoran Deep Roll On 50 ml,25.700
6819,Personal Care,Perawatan Pria,Next Prime Men Pembersih Wajah Pria Brightening 100 g,39.900
6820,Personal Care,Perawatan Pria,Axe Deodoran Pria Blue Lavender Spray 135 ml,44.500
6821,Personal Care,Perawatan Pria,Himalaya Herbals Men Pembersih Wajah Intense Oil Clear Lemon 100 ml,
6822,Personal Care,Perawatan Pria,Kahf Deodoran Roll On Pria Clean Fresh 45 ml,
6823,Personal Care,Perawatan Pria,Gillette Mach3 Fresh Mata Pisau Cukur Refill 2 pcs,73.000
6824,Personal Care,Perawatan Pria,Gillette Mach3 Fresh Alat Cukur 1 pcs,55.000
6825,Personal Care,Perawatan Pria,Schick Exacta 2 Reguler Alat Cukur Pria Hanger Biru 1 pcs,12.000
6826,Personal Care,Perawatan Pria,Schick Xtreme 3 Men Alat Cukur Pria Disposible 2 + 1 pcs,29.000
6827,Personal Care,Perawatan Pria,Schick Exacta 2 System Kit Alat Cukur Pria Kit 1 pcs + 2 Refill,29.000
6828,Personal Care,Perawatan Pria,Schick Exacta 2 System Alat Cukur Pria Refill 2 pcs,16.000
6829,Personal Care,Perawatan Pria,Zinc Sampo Anti Ketombe Pria Active Cool Menthol Botol 340 ml,32.900
6830,Personal Care,Perawatan Pria,Marlboro Pomade Penata Rambut Water Based Soft 100 g,27.900
6831,Personal Care,Perawatan Pria,Marlboro Pomade Penata Rambut Water Based Strong 100 g,27.900
6832,Personal Care,Perawatan Pria,Himalaya Herbals Men Pembersih Wajah Power Glow Licorice 100 ml,30.000
6833,Personal Care,Perawatan Pria,Schick Quattro Titanium Kit Alat Cukur Pria Kit 1 pcs + 2 Refill,55.000
6834,Personal Care,Perawatan Pria,Elvicto Acne Fight Serum Wajah Pria untuk Kulit Berjerawat 20 ml,79.000
6835,Personal Care,Perawatan Pria,Elvicto Sunscreen Wajah Pria Expert SPF 50 30 g,69.500
6836,Personal Care,Perawatan Pria,Elvicto Deep Bright Pembersih Wajah Pria 100 ml,25.000
6837,Personal Care,Perawatan Pria,Elvicto Pembersih Wajah Pria Anti Jerawat 100 ml,25.000
6838,Personal Care,Perawatan Pria,Garnier Men Acno Fight Pembersih Wajah Foam Scrub Anti Jerawat 150 ml,43.900
6839,Personal Care,Perawatan Pria,Elvicto Pembersih Wajah Pria Bright Scrub 100 ml,25.000
6840,Personal Care,Perawatan Pria,Pond's Men Pembersih Wajar Pria Icy Scrub 100 g,31.000
6841,Personal Care,Perawatan Pria,Nivea Men Extra Bright Pembersih Wajah Scrub Vitamin C & HYA 100 ml,39.000
6842,Personal Care,Perawatan Pria,Nivea Men Deep Acne Oil Clear Pembersih Wajah Scrub 100 ml,39.000
6843,Personal Care,Perawatan Pria,Rexona Men FIFA Limited Edition Deodoran Pria Ice Cool Spray 135 ml,49.900
6844,Personal Care,Perawatan Pria,Cetaphil Gentle Skin Pembersih Wajah & Tubuh 500 ml,279.900
6845,Personal Care,Perawatan Pria,Rexona Deodoran Roll On Pria Ultra Recharge 45 ml,6.500
6846,Personal Care,Perawatan Pria,Axe Deodoran Pria Aqua Bergamot Spray 135 ml,13.000
6847,Personal Care,Perawatan Pria,Zinc Sampo Anti Ketombe Pria Active Cool Tea Tree Botol 170 ml,25.800
6848,Personal Care,Perawatan Pria,Rexona Deodoran Roll On Pria Ice Cool 45 ml,22.500
6849,Personal Care,Perawatan Pria,Nivea Men Deodoran Roll On Cool Kick Extra Dry 50 ml,25.700
6850,Personal Care,Perawatan Pria,Rexona Deodoran Roll On Pria Sport Defence 45 ml,22.500
6851,Personal Care,Perawatan Pria,Nivea Men Deodoran Roll On Cool Kick Freezy Green 50 ml,25.200
6852,Personal Care,Perawatan Pria,Pond's Men Pembersih Wajah Foam untuk Kulit Kusam & Berminyak 100 g,43.900
6853,Personal Care,Perawatan Pria,Pond's Men Pembersih Wajah Foam Anti Jerawat 100 g,44.400
6854,Personal Care,Perawatan Pria,Next Prime Men Pembersih Wajah Pria Acne Care 100 g,39.900
6855,Personal Care,Perawatan Pria,Nivea Men Extra Bright Foam Pembersih Wajah Pria Mencerahkan 100 ml,44.700
6856,Personal Care,Perawatan Pria,Next Prime Men Pembersih Wajah Pria Deep Clean 100 g,39.900
6857,Personal Care,Perawatan Pria,Rexona Deodoran Roll On Pria Invisible Dry 45 ml,22.500
6858,Personal Care,Perawatan Pria,Nivea Men Black & White Invisible Original Deodoran Roll On 50 ml,25.700
6859,Personal Care,Perawatan Pria,Garnier Men Turbo Bright Pembersih Wajah Duo Foam untuk Noda Hitam 100 ml,44.400
6860,Personal Care,Perawatan Pria,Fyne Sunscreen Wajah Pria Proshield Aqua Barrier SPF 30 30 ml,30.900
6861,Personal Care,Perawatan Pria,Garnier Men Oil Control Pembersih Wajah Super Duo Foam untuk Kulit Berminyak 100 ml,44.300
6862,Personal Care,Perawatan Pria,Gillette Blue 3 Flexi Alat Cukur 1 pcs,16.800
6863,Personal Care,Perawatan Pria,Gillette Flexi 3 Blue Free Fire Alat Cukur 3 pcs,41.000
6864,Personal Care,Perawatan Pria,Gillette Blue 3 Alat Cukur 1 pcs,26.900
6865,Personal Care,Perawatan Pria,Men's Biore Pembersih Wajah Foam Gentle Bright Expert 100 g,36.500
6866,Personal Care,Perawatan Pria,Men's Biore Pembersih Wajah Scrub Oil Clear Extra Cool 100 g,36.500
6867,Personal Care,Perawatan Pria,Morris Men's Care Pembersih Wajah untuk Kulit Berminyak & Berjerawat 100 ml,26.500
6868,Personal Care,Perawatan Pria,Men's Biore Pembersih Wajah Scrub Cool Oil Clear 100 g,37.000
6869,Personal Care,Perawatan Pria,Ms Glow For Men Acnotion Pembersih Wajah Anti Jerawat 100 ml,34.900
6870,Personal Care,Perawatan Pria,Fyne Pembersih Wajah Pria Bright Up + Oil Control 100 ml,29.900
6871,Personal Care,Perawatan Pria,Alfamart Alat Cukur One Piece Buy 2 Get 1 Free,18.400
6872,Personal Care,Perawatan Pria,Gillette Blue 2 Flexi Alat Cukur 3 + 1 pcs,37.300
6873,Personal Care,Perawatan Pria,Pond's Men Scrub Pembersih & Pencerah Wajah 100 g,43.900
6874,Personal Care,Perawatan Pria,Nivea Men Extra Bright Pembersih Wajah Mud Foam 100 ml,44.900
6875,Personal Care,Perawatan Pria,Kahf Acne & Pore Cleanse Pembersih Wajah Anti Jerawat Scrub 100 ml,46.500
6876,Personal Care,Perawatan Pria,Garnier Men Oil Control Icy Scrub Pembersih Wajah Anti Komedo 100 ml,43.900
6877,Personal Care,Perawatan Pria,Men's Biore Pembersih Wajah Scrub Bright Expert 100 g,37.000
6878,Personal Care,Perawatan Pria,Glad2Glow Pembersih Wajah Deep Pore Clean 70 ml,37.900
6879,Personal Care,Perawatan Pria,Kahf Sunscreen Moisturizer Wajah Pria Triple Protection SPF 30 30 ml,46.500
6880,Personal Care,Perawatan Pria,Kahf Acne Care AminoGel Gel Pembersih Wajah Pria 100 ml,47.500
6881,Personal Care,Perawatan Pria,Garnier Men Acno Fight Pembersih Wajah Foam Anti Blemishes Wasabi 100 ml,44.400
6882,Personal Care,Perawatan Pria,Axe Deodoran Pria Dark Temptation Spray 135 ml,35.500
6883,Personal Care,Perawatan Pria,Hose x One Piece Sunscreen Wajah Pria SPF 50 30 ml,36.200
6884,Personal Care,Perawatan Pria,Kahf Pembersih Wajah Mencerahkan untuk Noda Hitam 100 ml,46.500
6885,Personal Care,Perawatan Pria,Rexona Deodoran Roll On Pria Natural Fresh Lime Cool 45 ml,28.500
6886,Personal Care,Perawatan Pria,Gillette Vector Mata Pisau Cukur Refill 2 pcs,29.000
6887,Personal Care,Perawatan Pria,Total Care Men Bright Intense Scrub Pembersih Wajah Pria 100 ml,32.000
6888,Personal Care,Perawatan Pria,Garnier Men Oil Control Pembersih Wajah 3 in 1 Charcoal Anti Komedo 100 ml,44.400
6889,Personal Care,Perawatan Pria,Posh Deodoran Roll On Pria Active Cool 50 ml,9.900
6890,Personal Care,Perawatan Pria,Posh Deodoran Roll On Pria Active Sport 50 ml,9.900
6891,Personal Care,Perawatan Pria,Barber Daily Pembersih Wajah untuk Kulit Ultra Sensitif 100 ml,39.500
6892,Personal Care,Perawatan Pria,Ms Glow For Men Ultra Bright Pembersih Wajah Kulit Kusam 100 ml,35.900
6893,Personal Care,Perawatan Pria,Men's Biore Pembersih Wajah Acne Skincare 100 g,37.000
6894,Personal Care,Perawatan Rambut,Makarizo Hair Energy Creambath Rambut Kering & Rusak Ekstrak Royal Jelly 100 ml,23.900
6895,Personal Care,Perawatan Rambut,Sunsilk Sampo Anti Ketombe & Silky Botol 160 ml,18.900
6896,Personal Care,Perawatan Rambut,Makarizo Hair Energy Vitaglitz Serum Rambut Aloe Melon 6 pcs,15.200
6897,Personal Care,Perawatan Rambut,Ellips Vitamin Rambut Hair Repair 6 pcs,17.400
6898,Personal Care,Perawatan Rambut,Makarizo Hair Energy Sampo Rambut Rusak & Kering Royal Jelly Botol 170 ml,29.200
6899,Personal Care,Perawatan Rambut,Makarizo Hair Energy Creambath Rambut Rontok Ekstrak Aloe & Melon 100 ml,23.900
6900,Personal Care,Perawatan Rambut,Ellips Vitamin Rambut Hair Repair 15 pcs,27.500
6901,Personal Care,Perawatan Rambut,L'Oreal Paris Elseve Sampo Anti Rambut Rontok 200 ml,34.900
6902,Personal Care,Perawatan Rambut,NYU Pewarna Rambut Hitam 2 x 30 ml,29.400
6903,Personal Care,Perawatan Rambut,Makarizo Hair Energy Easy Colourz Pewarna Rambut Cokelat Muda 26 ml,11.800
6904,Personal Care,Perawatan Rambut,Makarizo Hair Energy Fibertherapy Masker Rambut Royal Jelly Extract 30 g,9.500
6905,Personal Care,Perawatan Rambut,Makarizo Hair Energy Fibertherapy Masker Rambut Aloe & Melon Extract 30 g,9.500
6906,Personal Care,Perawatan Rambut,L'Oreal Paris Elseve Sampo Hyaluron Pure 200 ml,34.900
6907,Personal Care,Perawatan Rambut,Makarizo Hair Energy Scentsations Parfum Rambut Morning Dew 100 ml,32.400
6908,Personal Care,Perawatan Rambut,Gatsby Pomade Penata Rambut Quick & Grease Spray 150 ml,37.000
6909,Personal Care,Perawatan Rambut,Sunsilk Sampo Silky Smooth Botol 320 ml,36.900
6910,Personal Care,Perawatan Rambut,Sunsilk Sampo Glossy Black Botol 160 ml,18.900
6911,Personal Care,Perawatan Rambut,Sunsilk Sampo Hijab Anti Ketombe & Menthol Dingin Botol 160 ml,18.900
6912,Personal Care,Perawatan Rambut,Makarizo Hair Energy Sampo Rambut Rontok Ekstrak Melon & Aloe Botol 170 ml,29.200
6913,Personal Care,Perawatan Rambut,Sunsilk Kondisioner Rambut Silky Smooth 160 ml,18.900
6914,Personal Care,Perawatan Rambut,Clear Sampo Anti Ketombe Menthol Segar Botol 160 ml,21.900
6915,Personal Care,Perawatan Rambut,Clear Sampo Anti Ketombe & Rambut Rontok Botol 160 ml,21.900
6916,Personal Care,Perawatan Rambut,CBD Collagen Repair Masker Rambut Rusak Sachet 30 + 5 g,11.200
6917,Personal Care,Perawatan Rambut,Sunsilk Sampo Anti Ketombe & Silky Botol 320 ml,25.000
6918,Personal Care,Perawatan Rambut,Makarizo Hair Energy Vitaglitz Serum Rambut Royal Jelly 6 pcs,15.200
6919,Personal Care,Perawatan Rambut,Clear Sampo Anti Ketombe Perawatan Komplit Botol 160 ml,21.900
6920,Personal Care,Perawatan Rambut,CBD Keratin Pro Masker Rambut Sachet 30 + 5 g,10.500
6921,Personal Care,Perawatan Rambut,Makarizo Advisor Masker Rambut Kering dan Rusak Sachet 30 ml,9.900
6922,Personal Care,Perawatan Rambut,Sunsilk Sampo Glossy Black Botol 320 ml,36.900
6923,Personal Care,Perawatan Rambut,Makarizo Hair Energy Sampo Anti Ketombe Citrus Tea 170 ml,29.200
6924,Personal Care,Perawatan Rambut,Miranda Pewarna Rambut Decoloring Bleaching 30 ml,18.900
6925,Personal Care,Perawatan Rambut,Makarizo Hair Energy Scentsations Parfum Rambut Amber Wood 100 ml,32.400
6926,Personal Care,Perawatan Rambut,Pantene Miracles Biotin Strength Kondisioner Rambut Rontok 150 ml,32.900
6927,Personal Care,Perawatan Rambut,Makarizo Advisor Tonik Rambut 60 ml,35.000
6928,Personal Care,Perawatan Rambut,Pantene Hijab Sampo Rambut Rontok 160 ml,20.900
6929,Personal Care,Perawatan Rambut,Ellips Vitamin Rambut Smooth & Silky 6 pcs,17.400
6930,Personal Care,Perawatan Rambut,Makarizo Salon Daily Professional Sampo 200 ml,40.500
6931,Personal Care,Perawatan Rambut,L'Oreal Paris Elseve Sampo Glycolic Gloss 200 ml,34.900
6932,Personal Care,Perawatan Rambut,L'Oreal Paris Elseve Kondisioner Glycolic Gloss 175 ml,34.900
6933,Personal Care,Perawatan Rambut,Serasoft Serum Sampo Smooth & Shine Botol 170 ml,18.400
6934,Personal Care,Perawatan Rambut,Pantene Sampo Perawatan Rambut Rontok Botol 110 ml,19.900
6935,Personal Care,Perawatan Rambut,Rejoice Sampo Anti Ketombe Botol 150 ml,14.500
6936,Personal Care,Perawatan Rambut,Rejoice Sampo Rich Halus Lembut Botol 340 ml,37.900
6937,Personal Care,Perawatan Rambut,Pantene Miracles Collagen Repair Kondisioner Rambut Rusak 70 ml,18.900
6938,Personal Care,Perawatan Rambut,Pantene Kondisioner Tanpa Bilas Pro-V Perfec+ On 40 ml,13.900
6939,Personal Care,Perawatan Rambut,Pantene Miracles Kondisioner Keratin Glow 70 ml,18.900
6940,Personal Care,Perawatan Rambut,Pantene Sampo Anti Ketombe Botol 110 ml,19.900
6941,Personal Care,Perawatan Rambut,Emeron Damage Care Vitamin Rambut Rusak 6 pcs,10.900
6942,Personal Care,Perawatan Rambut,"Emeron Soft & Smooth Vitamin Rambut Halus, Lembut & Berkilau 6 pcs",8.900
6943,Personal Care,Perawatan Rambut,Serasoft Serum Sampo Perawatan Rambut Rontok Botol 170 ml,18.400
6944,Personal Care,Perawatan Rambut,Head & Shoulders Sampo Anti Ketombe Menthol Dingin Botol 110 ml,21.900
6945,Personal Care,Perawatan Rambut,Rejoice Sampo Rich Halus Lembut 150 ml,19.900
6946,Personal Care,Perawatan Rambut,Pantene Miracles Biotin Strength Kondisioner Rambut Rontok 70 ml,18.900
6947,Personal Care,Perawatan Rambut,Pantene Kondisioner Perawatan Rambut Halus & Lembut 160 ml,27.900
6948,Personal Care,Perawatan Rambut,Head & Shoulders Sampo Anti Ketombe Lemon Segar Botol 160 ml,28.900
6949,Personal Care,Perawatan Rambut,Tresemme Scalp Care Sampo Anti Ketombe & Rambut Rontok Botol 170 ml,31.700
6950,Personal Care,Perawatan Rambut,Pantene Kondisioner Perawatan Rambut Rontok 160 ml,27.900
6951,Personal Care,Perawatan Rambut,Clear Sampo Anti Ketombe Complete Soft Care TinyTAN Botol 160 ml,
6952,Personal Care,Perawatan Rambut,L'Oreal Paris Elseve Kondisioner Anti Rambut Rontok 175 ml,
6953,Personal Care,Perawatan Rambut,Selsun Gold Sampo Anti Ketombe Botol 120 ml,42.000
6954,Personal Care,Perawatan Rambut,Head & Shoulders Sampo Anti Ketombe & Anti Bakteri Bersih & Harum Botol 160 ml,28.900
6955,Personal Care,Perawatan Rambut,Sunsilk Power Shot Creambath Rambut Silky Smooth Sachet 30 g,8.900
6956,Personal Care,Perawatan Rambut,Excello Pewarna Rambut Golden Brown 2 x 20 ml,9.900
6957,Personal Care,Perawatan Rambut,Garnier Ultra Color Pewarna Rambut Ash Blonde 30 ml,19.900
6958,Personal Care,Perawatan Rambut,Tresemme Keratin Smooth Masker Rambut 30 g,8.500
6959,Personal Care,Perawatan Rambut,Tresemme Sampo Keratin Smooth Botol 170 ml,32.700
6960,Personal Care,Perawatan Rambut,Lifebuoy Sampo Anti Ketombe 170 ml,18.200
6961,Personal Care,Perawatan Rambut,Garnier Express Cream Pewarna Rambut 3 Coklat Kehitaman 20 ml,19.900
6962,Personal Care,Perawatan Rambut,Gatsby Fiber Pomade Penata Rambut Glossy 80 g,37.400
6963,Personal Care,Perawatan Rambut,Bellagio Homme Pomade Penata Rambut Timeless Elegance Extreme Hold Light 80 g,26.500
6964,Personal Care,Perawatan Rambut,Gatsby Clay Penata Rambut Balm 75 g,37.000
6965,Personal Care,Perawatan Rambut,Garnier Ultra Color Pewarna Rambut 7.3 Golden Brown 30 g,19.900
6966,Personal Care,Perawatan Rambut,Pantene Sampo Perawatan Rambut Rontok 160 ml,27.900
6967,Personal Care,Perawatan Rambut,NYU Henna Sampo Pewarna Rambut Natural Black Sachet 20 ml,12.500
6968,Personal Care,Perawatan Rambut,Head & Shoulders Sampo Anti Ketombe Lembut & Halus Botol 160 ml,28.900
6969,Personal Care,Perawatan Rambut,Pantene Sampo Perawatan Rambut Halus & Lembut Botol 130 ml,27.900
6970,Personal Care,Perawatan Rambut,Garnier Ultra Color Pewarna Rambut True Blue 30 ml,19.900
6971,Personal Care,Perawatan Rambut,Head & Shoulders Sampo Anti Ketombe Perawatan Kulit Kepala Anti Gatal Botol 160 ml,28.900
6972,Personal Care,Perawatan Rambut,NYU Henna Sampo Pewarna Rambut Blue Black Sachet 20 ml,12.500
6973,Personal Care,Perawatan Rambut,NYU Henna Sampo Pewarna Rambut Natural Brown Sachet 20 ml,12.500
6974,Personal Care,Perawatan Rambut,Pantene Sampo Rambut Hitam Glow Botol 160 ml,27.900
6975,Personal Care,Perawatan Rambut,Gatsby Water Gloss Gel Penata Rambut Hyper Solid 75 g,13.300
6976,Personal Care,Perawatan Rambut,Serasoft Serum Sampo Anti Ketombe Botol 170 ml,18.400
6977,Personal Care,Perawatan Rambut,Serasoft Serum Sampo Perawatan Rambut Rontok Botol 340 ml,47.200
6978,Personal Care,Perawatan Rambut,Garnier Express Cream Pewarna Rambut 01 Hitam Alami 20 g,19.900
6979,Personal Care,Perawatan Rambut,Makarizo Hair Energy Scentsations Parfum Rambut White Musk 100 ml,32.400
6980,Personal Care,Perawatan Rambut,Sunsilk Vitamin & Parfum Rambut 100 ml,26.900
6981,Personal Care,Perawatan Rambut,Lifebuoy Sampo Activ-Power Serum Kuat & Berkilau Botol 170 ml,18.200
6982,Personal Care,Perawatan Rambut,Miranda Pewarna Rambut Natural Black 30 ml,19.400
6983,Personal Care,Perawatan Rambut,CBD Keratin Pro Kondisioner Daily 250 ml,
6984,Personal Care,Perawatan Rambut,Lab On Hair Scalp Spray Tonik Rambut Anti Rontok 160 ml,
6985,Personal Care,Perawatan Rambut,Lab On Hair Ampoule Serum Rambut Anti Rontok 60 ml,
6986,Personal Care,Perawatan Rambut,Zinc Sampo Anti Ketombe & Perawatan Rambut Rontok Japanese Ginseng 170 ml,
6987,Personal Care,Perawatan Rambut,Sunsilk Sampo Glossy Black Botol 70 ml,
6988,Personal Care,Perawatan Rambut,Dove Sampo Serum Perawatan Rambut Rusak Botol 290 ml,
6989,Personal Care,Perawatan Rambut,Selsun Yellow Sampo Anti Ketombe Botol 100 ml,
6990,Personal Care,Perawatan Rambut,Clear Sampo Anti Ketombe Menthol Segar Botol 70 ml,
6991,Personal Care,Perawatan Rambut,Herbal Essences Kondisioner White Strawberry & Mint 400 ml,
6992,Personal Care,Perawatan Rambut,Herbal Essences Sampo White Strawberry & Mint Botol 400 ml,
6993,Personal Care,Perawatan Rambut,Head & Shoulders Sampo Anti Ketombe & Anti Bakteri Bersih & Harum Botol 300 ml,38.900
6994,Personal Care,Perawatan Rambut,L'Oreal Paris Elseve Hyaluron Moisture Sampo Melembabkan 280 ml,65.000
6995,Personal Care,Perawatan Rambut,L'Oreal Paris Elseve Total Repair 5 Sampo Rambut Rusak 280 ml,60.000
6996,Personal Care,Perawatan Rambut,L'Oreal Paris Elseve Sampo Anti Rambut Rontok 280 ml,60.000
6997,Personal Care,Perawatan Rambut,L'Oreal Paris Elseve Color Protect Sampo Rambut Diwarnai 280 ml,60.000
6998,Personal Care,Perawatan Rambut,L'Oreal Paris Elseve Hyaluron Pure Sampo Purifying 280 ml,65.000
6999,Personal Care,Perawatan Rambut,L'Oreal Paris Elseve Hyaluron Krim Malam Moisturizer Rambut 150 ml,60.000
7000,Personal Care,Perawatan Rambut,Pantene Sampo Perawatan Rambut Rontok Pump 900 ml,135.000
7001,Personal Care,Perawatan Rambut,Palmolive Sampo + Kondisioner Intensive Moisture Coconut Cream Botol 180 ml,29.000
7002,Personal Care,Perawatan Rambut,Pantene Sampo Anti Ketombe Pump 900 ml,135.000
7003,Personal Care,Perawatan Rambut,Head & Shoulders Sampo Anti Ketombe Menthol Dingin Pump 680 ml,103.500
7004,Personal Care,Perawatan Rambut,Head & Shoulders Sampo Anti Ketombe Lemon Segar 680 ml,103.500
7005,Personal Care,Perawatan Rambut,Rejoice Sampo Rich Halus Lembut Pump 600 ml,72.000
7006,Personal Care,Perawatan Rambut,Pantene Sampo Rambut Hitam Glow Pump 400 ml,52.000
7007,Personal Care,Perawatan Rambut,Herbal Essences Kondisioner Argan Oil of Morocco 400 ml,79.000
7008,Personal Care,Perawatan Rambut,L'Oreal Paris Elseve Extraordinary Oil Serum Rambut Gold 100 ml,119.000
7009,Personal Care,Perawatan Rambut,Head & Shoulders Sampo Anti Bakteri Bersih & Harum Pump 400 ml,53.900
7010,Personal Care,Perawatan Rambut,Zinc Sampo Anti Ketombe Clean Active Sea Salt Botol 340 ml,30.900
7011,Personal Care,Perawatan Rambut,Garnier Ultra Color Pewarna Rambut 7.3 Golden Brown 55 ml,49.900
7012,Personal Care,Perawatan Rambut,Garnier Creme Riche Pewarna Rambut 6.64 Merah Berry 55 ml,49.900
7013,Personal Care,Perawatan Rambut,Garnier Creme Riche Pewarna Rambut 5.32 Coklat Caramel 55 ml,49.900
7014,Personal Care,Perawatan Rambut,Gatsby Pomade Penata Rambut Perfect Rise 75 g,31.500
7015,Personal Care,Perawatan Rambut,Selsun Blue Sampo Anti ketombe Botol 120 ml,
7016,Personal Care,Perawatan Rambut,Garnier Creme Riche Pewarna Rambut 3 Coklat Gelap 55 ml,49.900
7017,Personal Care,Perawatan Rambut,Clear Sampo Anti Ketombe Menthol Segar Pump 1.2 L,113.000
7018,Personal Care,Perawatan Rambut,Clear Sampo Anti Ketombe Perawatan Komplit Pump 1.2 L,113.000
7019,Personal Care,Perawatan Rambut,Pantene Miracles Biotin Strength Kondisioner Rambut Rontok 300 ml,49.000
7020,Personal Care,Perawatan Rambut,Pantene Miracles Collage Repair Kondisioner Rambut Rusak 300 ml,49.000
7021,Personal Care,Perawatan Rambut,Palmolive Sampo + Kondisioner Anti Ketombe 180 ml,29.000
7022,Personal Care,Perawatan Rambut,Palmolive Naturals Sampo + Kondisioner Ultra Smooth Aloe Vera 180 ml,29.000
7023,Personal Care,Perawatan Rambut,L'Oreal Paris Elseve Hyaluron Moisture Kondisioner Melembapkan 265 ml,65.000
7024,Personal Care,Perawatan Rambut,L'Oreal Paris Elseve Hyaluron Pure Kondisioner Rehydrating 265 ml,65.000
7025,Personal Care,Perawatan Rambut,Sunsilk Power Shot Creambath Rambut Silky Smooth 180 g,39.000
7026,Personal Care,Perawatan Rambut,Sunsilk Power Shot Creambath Rambut Silky Gloss 180 g,39.000
7027,Personal Care,Perawatan Rambut,Sunsilk Power Shot Creambath Rambut Silky Gloss Sachet 30 g,6.000
7028,Personal Care,Perawatan Rambut,Sunsilk Vitamin & Parfum Rambut Silky Volume 100 ml,23.000
7029,Personal Care,Perawatan Rambut,Sunsilk Super Serum Rambut Silky Smooth 45 ml,49.900
7030,Personal Care,Perawatan Rambut,Sunsilk Super Serum Rambut Glossy Black 45 ml,49.900
7031,Personal Care,Perawatan Rambut,Lifebuoy Sampo Serum Ginseng Perawatan Rambut Rontok 680 ml,59.900
7032,Personal Care,Perawatan Rambut,Clear Scalp Tonik Rambut Anti Ketombe Pro 75 ml,49.900
7033,Personal Care,Perawatan Rambut,Sunsilk Sampo Glossy Black Botol 900 ml,69.000
7034,Personal Care,Perawatan Rambut,Ellips Dry Shampoo Fruity 50 ml,30.500
7035,Personal Care,Perawatan Rambut,Makarizo Hair Energy Fibertherapy Creambath Masker Rambut Ginseng Extract 500 ml,65.000
7036,Personal Care,Perawatan Rambut,Tresemme Keratin Smooth Masker Rambut 180 ml,72.000
7037,Personal Care,Perawatan Rambut,Tresemme Keratin Smooth Spray Pelindung Rambut dari Panas 236 ml,115.000
7038,Personal Care,Perawatan Rambut,Ellips Dry Shampoo Blossom 50 ml,30.500
7039,Personal Care,Perawatan Rambut,Ellips Vitamin Rambut Hair Repair 50 s,79.900
7040,Personal Care,Perawatan Rambut,Zinc Sampo Anti Ketombe Soft Care Almond Botol 340 ml,32.900
7041,Personal Care,Perawatan Rambut,Zinc Sampo Anti Ketombe Black Shine Urang Aring Botol 340 ml,32.900
7042,Personal Care,Perawatan Rambut,Zinc Sampo Anti Ketombe & Perawatan Rambut Rontok Japanese Ginseng 340 ml,32.900
7043,Personal Care,Perawatan Rambut,Natur Tonik Rambut Ekstrak Aloe Vera 90 ml,32.000
7044,Personal Care,Perawatan Rambut,Tresemme Sampo Keratin Smooth Refill 900 ml,103.000
7045,Personal Care,Perawatan Rambut,Emeron Sampo Perawatan Rambut Rontok Aloe Vera & Ginseng Botol 340 ml,26.900
7046,Personal Care,Perawatan Rambut,Emeron Soft & Smooth Sampo Lembut & Berkilau Botol 340 ml,26.900
7047,Personal Care,Perawatan Rambut,Emeron Sampo Anti Ketombe Botol 340 ml,26.900
7048,Personal Care,Perawatan Rambut,Emeron Sampo Hitam Berkilau Urang Aring Botol 340 ml,26.900
7049,Personal Care,Perawatan Rambut,Miranda Keratin Sampo Smoothing & Anti Frizzing Botol 200 ml,29.000
7050,Personal Care,Perawatan Rambut,Miranda Keratin Protein Kondisioner Smoothing & Anti Frizzing 200 ml,29.000
7051,Personal Care,Perawatan Rambut,Miranda Keratin Protein Spray Penutrisi Rambut 100 ml,23.000
7052,Personal Care,Perawatan Rambut,Liese Pewarna Rambut Creamy Bubble Milk Tea Brown 108 g,99.000
7053,Personal Care,Perawatan Rambut,Liese Pewarna Rambut Creamy Bubble Dark Chocolat 108 g,99.000
7054,Personal Care,Perawatan Rambut,Liese Pewarna Rambut Creamy Bubble Mint Ash 108 g,99.000
7055,Personal Care,Perawatan Rambut,Liese Pewarna Rambut Creamy Bubble Rose Tea Brown 108 g,99.000
7056,Personal Care,Perawatan Rambut,Liese Pewarna Rambut Creamy Bubble Midnight Ash 108 g,99.000
7057,Personal Care,Perawatan Rambut,Liese Pewarna Rambut Creamy Bubble Berry Pink 108 g,99.000
7058,Personal Care,Perawatan Rambut,lavojoy Hold Me Tight Pro Scalp Essence Rambut Anti Rontok 60 ml,99.900
7059,Personal Care,Perawatan Rambut,Lavojoy Hold Me Tight Pro Sampo Rambut Anti Rontok Pump 280 ml,99.900
7060,Personal Care,Perawatan Rambut,CBD Color Shield Sampo untuk Rambut Diwarnai 250 ml,39.000
7061,Personal Care,Perawatan Rambut,CBD Keratin Pro Masker Rambut Daily 250 ml,55.000
7062,Personal Care,Perawatan Rambut,CBD Keratin Pro Vitamin Rambut Daily Spray 100 ml,55.000
7063,Personal Care,Perawatan Rambut,CBD Color Shield Kondisioner untuk Rambut Diwarnai 250 ml,39.000
7064,Personal Care,Perawatan Rambut,CBD Color Shield Masker Rambut Diwarnai 250 ml,55.000
7065,Personal Care,Perawatan Rambut,Mustika Ratu Sampo Bayam Perawatan Rambut Rontok 1 L,85.900
7066,Personal Care,Perawatan Rambut,Mustika Ratu Sampo Bayam Perawatan Rambut Rontok 175 ml,21.000
7067,Personal Care,Perawatan Rambut,Mustika Ratu Sampo Merang Perawatan Rambut Anti Ketombe 175 ml,21.000
7068,Personal Care,Perawatan Rambut,Mustika Ratu Sampo Daun Waru Perawatan Rambut Kering & Rusak 175 ml,21.000
7069,Personal Care,Perawatan Rambut,Mustika Ratu Sampo Daun Landep Perawatan Rambut Berkilau & Sehat 175 ml,21.000
7070,Personal Care,Perawatan Rambut,Mustika Ratu Sampo Teh Hijau Perawatan Rambut Lepek & Anti Polusi 175 ml,21.000
7071,Personal Care,Perawatan Rambut,Makarizo Hair Energy Scentsations Parfum Rambut It's Litchi Tea Time 100 mL,36.500
7072,Personal Care,Perawatan Rambut,Tresemme Bond Repair Serum Rambut Rontok & Patah 100 ml,115.000
7073,Personal Care,Perawatan Rambut,Tresemme Keratin Smooth Serum Rambut Kusut & Kering 100 ml,115.000
7074,Personal Care,Perawatan Rambut,Sasha Professional Pewarna Rambut Copper Golden Blonde 30 g,13.200
7075,Personal Care,Perawatan Rambut,Tancho Pewarna Rambut Natural Black 40 ml,23.500
7076,Personal Care,Perawatan Rambut,Gatsby Styling Wax Power & Spikes 75 g,25.000
7077,Personal Care,Perawatan Rambut,Head & Shoulders Sampo Anti Ketombe Menthol Dingin Botol 70 ml,20.400
7078,Personal Care,Perawatan Rambut,Makarizo Hair Energy Sampo Rambut Rontok Ekstrak Melon & Aloe Botol 330 ml,50.800
7079,Personal Care,Perawatan Rambut,Shantos Romeo Pomade Penata Rambut 75 g,36.000
7080,Personal Care,Perawatan Rambut,Nonimagic Sampo Pewarna Rambut Hitam 2 x 20 ml,26.400
7081,Personal Care,Perawatan Rambut,Makarizo Hair Energy Easy Straight Krim Pelurus Rambut Medium 120 ml,43.000
7082,Personal Care,Perawatan Rambut,Felice Sampo Pewarna Rambut Hitam Sachet 30 ml,10.300
7083,Personal Care,Perawatan Rambut,Morris Pomade Penata Rambut Premium 80 g,37.400
7084,Personal Care,Perawatan Rambut,Ellips Vitamin Parfum Rambut Fragrance Booster Fresh & Smooth 100 ml,31.000
7085,Personal Care,Perawatan Rambut,Gatsby Powder Clay Penata Rambut Unbreakable Smooth 20 g,50.400
7086,Personal Care,Perawatan Rambut,Gatsby Krim Penata Rambut Balm 75 g,37.000
7087,Personal Care,Perawatan Rambut,Kahf Sleek Classy Pomade Rambut Water Based 70 g,45.000
7088,Personal Care,Perawatan Rambut,Morris Fiber Wax Pomade Penata Rambut Extreme Hold 80 g,40.000
7089,Personal Care,Perawatan Rambut,Sunsilk Sampo Silky Smooth 110 ml,17.900
7090,Personal Care,Perawatan Rambut,Clear Sampo Anti Ketombe Menthol Segar 110 ml,22.900
7091,Personal Care,Perawatan Rambut,Barber Daily Pomade Penata Rambut Strong Compound 75 ml,32.900
7092,Personal Care,Perawatan Rambut,Alfamart Makarizo Hair Energy Scentsations Parfum Rambut Assorted 60 ml,17.900
7093,Personal Care,Perawatan Rambut,Pantene Miracles Collagen Repair Sampo Rambut Rusak 145 ml,34.900
7094,Personal Care,Perawatan Rambut,Pantene Miracles Biotin Strenght Sampo Rambut Rontok 145 ml,34.900
7095,Personal Care,Perawatan Rambut,Tresemme Bond Repair Sampo Anti Rambut Rontok Pump 670 ml,90.000
7096,Personal Care,Perawatan Rambut,Natur Sampo Perawatan Rambut Rontok Ekstrak Ginseng 270 ml,42.000
7097,Personal Care,Perawatan Rambut,Natur Sampo Penumbuh Rambut Ekstrak Aloe Vera 270 ml,42.000
7098,Personal Care,Perawatan Rambut,Kahf Bedak Penata Rambut Pria Volumized Suave 10 g,59.000
7099,Personal Care,Perawatan Rambut,Zinc Sampo Anti Ketombe Cool Booster Mint 340 ml,32.900
7100,Personal Care,Perawatan Rambut,Zinc Sampo Anti Ketombe Active Fresh Lemon Mint Pump 680 ml,49.900
7101,Personal Care,Perawatan Rambut,Emeron Sampo Hitam Berkilau Urang Aring Pump 450 ml,34.900
7102,Personal Care,Perawatan Rambut,Serasoft Serum Sampo Anti Ketombe Botol 340 ml,30.900
7103,Personal Care,Perawatan Rambut,Serasoft Serum Sampo Smooth & Shine Botol 340 ml,30.900
7104,Personal Care,Perawatan Rambut,Dove Micellar Sampo Rambut Rontok & Kulit Kepala Berminyak 290 ml,35.000
7105,Personal Care,Perawatan Rambut,Dove Hyaluron Sampo Rambut Rontok & Kulit Kepala Sensitif 290 ml,35.000
7106,Personal Care,Perawatan Rambut,Dove Biotin Sampo Rambut Rontok & Kulit Kepala Kering 290 ml,35.000
7107,Personal Care,Perawatan Rambut,L'Oreal Paris Elseve Hyaluron Pure Sampo Purifying 400 ml,77.000
7108,Personal Care,Perawatan Rambut,L'Oreal Paris Elseve Total Repair 5 Kondisioner Rambut Rusak 265 ml,59.000
7109,Personal Care,Perawatan Rambut,L'Oreal Paris Elseve Kondisioner Anti Rambut Rontok 265 ml,59.000
7110,Personal Care,Perawatan Rambut,L'Oreal Paris Elseve Hyaluron Moisture Sampo Melembabkan 400 ml,77.000
7111,Personal Care,Perawatan Rambut,Sunsilk Sampo Silky Smooth Pouch 900 ml,105.000
7112,Personal Care,Perawatan Rambut,Lifebuoy Sampo Anti Ketombe Lemon Dingin 340 ml,46.900
7113,Personal Care,Perawatan Rambut,Natur Kondisioner Ginseng & Olive Oil 165 ml,33.900
7114,Personal Care,Perawatan Rambut,Makarizo Hair Energy Sampo Rambut Rusak & Kering Royal Jelly Botol 330 ml,39.900
7115,Personal Care,Perawatan Rambut,Erhair Hairgrow Sampo Rambut Kuat & Tebal Botol 100 ml,73.900
7116,Personal Care,Perawatan Rambut,Rudy Hadisuwarno Tonik Rambut Ekstrak Ginseng Anti Rontok 220 ml,86.500
7117,Personal Care,Perawatan Rambut,Rudy Hadisuwarno Cosmetics Serum Penumbuh Rambut 6 x 9 ml,125.000
7118,Personal Care,Perawatan Rambut,Makarizo Advisor Vitamin Rambut Hair Recovery Vitamax 50 ml,49.900
7119,Personal Care,Perawatan Rambut,Makarizo Advisor Tonik Rambut 145 ml,59.000
7120,Personal Care,Perawatan Rambut,Natur Kondisioner Olive Oil dan Aloe Vera 165 ml,33.900
7121,Personal Care,Perawatan Rambut,Makarizo Hair Energy Scentsations Parfum Rambut Ocean Breeze 100 ml,25.900
7122,Personal Care,Perawatan Rambut,Makarizo Hair Energy Fibertherapy Masker Rambut Royal Jelly Extract 500 ml,85.000
7123,Personal Care,Perawatan Rambut,Makarizo Hair Energy Fibertherapy Masker Rambut Aloe & Melon Extract 500 g,85.000
7124,Personal Care,Perawatan Rambut,Erhair Scalperfect Sampo Anti Ketombe Botol 370 ml,189.000
7125,Personal Care,Perawatan Rambut,CBD Collagen Repair Sampo untuk Rambut Rusak 250 ml,42.900
7126,Personal Care,Perawatan Rambut,CBD Collagen Repair Kondisioner untuk Rambut Rusak 250 ml,42.900
7127,Personal Care,Perawatan Rambut,CBD Collagen Repair Serum Oil untuk Rambut Rusak 100 ml,65.000
7128,Personal Care,Perawatan Rambut,Sariayu Frizzy Hair Natural Sampo Rambut Kering & Kusut 170 ml,27.500
7129,Personal Care,Perawatan Rambut,CBD Collagen Repair Masker Rambut Rusak 250 ml,59.900
7130,Personal Care,Perawatan Rambut,Wonderlux Spray Setter Hair Spray Extra Hold 150 ml,70.900
7131,Personal Care,Perawatan Rambut,CBD Bio+ Peptide Complex Tonik Rambut Rontok 100 ml,55.000
7132,Personal Care,Perawatan Rambut,CBD Bio+ Peptide Complex Masker Rambut Rontok 500 g,95.500
7133,Personal Care,Perawatan Rambut,CBD Bio+ Peptide Complex Kondisioner Rambut Rontok 250 ml,45.000
7134,Personal Care,Perawatan Rambut,Clear Sampo Anti Ketombe Menthol Segar Botol 300 ml,39.900
7135,Personal Care,Perawatan Rambut,Zinc Sampo Anti Ketombe Hijab Mawar & Zaitun Perawatan Rambut Rontok Botol 170 ml,25.500
7136,Personal Care,Perawatan Rambut,Miranda Pewarna Rambut Ash Blonde 30 ml,19.400
7137,Personal Care,Perawatan Rambut,Natur Sampo Alami Ginseng Botol 140 ml,32.500
7138,Personal Care,Perawatan Rambut,Zinc Sampo Anti Ketombe Refreshing Cool Green Tea Mint Botol 340 ml,43.600
7139,Personal Care,Perawatan Rambut,Head & Shoulders 2 In 1 Sampo + Kondisioner Selembut Sutera Anti Ketombe 160 ml,32.900
7140,Personal Care,Perawatan Rambut,Rejoice Rich Halus Lembut Kondisioner Rambut 150 ml,19.900
7141,Personal Care,Perawatan Rambut,Tresemme Kondisioner Keratin Smooth 170 ml,34.400
7142,Personal Care,Perawatan Rambut,Head & Shoulders Sampo Perawatan Rambut Rontok 160 ml,28.900
7143,Personal Care,Perawatan Rambut,Pantene Miracles Masker Rambut Intensive Bond Repair 300 ml,95.500
7144,Personal Care,Perawatan Rambut,Pantene Miracle Oil Vitamin Rambut Repair & Protect 90 ml,121.900
7145,Personal Care,Perawatan Rambut,Pantene Sampo Anti Ketombe Botol 160 ml,27.900
7146,Personal Care,Perawatan Rambut,Rejoice Sampo Rich Halus Lembut Korean Lavender Botol 150 ml,19.900
7147,Personal Care,Perawatan Rambut,Head & Shoulders Sampo Anti Ketombe Sub Zero Sensation Botol 160 ml,31.500
7148,Personal Care,Perawatan Rambut,Head & Shoulders Sampo Anti Ketombe Menthol Dingin 160 ml - Mobile Legend,22.900
7149,Personal Care,Perawatan Rambut,Dove Biotin Sampo Rambut Rontok & Kulit Kepala Kering 115 ml,23.500
7150,Personal Care,Perawatan Rambut,Garnier Ultra Color Pewarna Rambut 6.62 Cranberry Red 20 ml,19.900
7151,Personal Care,Perawatan Rambut,Garnier Creme Riche Pewarna Rambut 5.32 Coklat Caramel 20 ml,19.900
7152,Personal Care,Perawatan Rambut,Zinc Sampo Anti Ketombe Active Fresh Lemon Botol 170 ml,25.500
7153,Personal Care,Perawatan Rambut,Zinc Sampo Anti Ketombe Cool Booster Mint 170 ml,25.800
7154,Personal Care,Perawatan Rambut,NYU Pewarna Rambut Natural Brown 30 ml,20.800
7155,Personal Care,Perawatan Rambut,Zinc Sampo Anti Ketombe Refreshing Cool Green Tea Mint Botol 170 ml,25.800
7156,Personal Care,Perawatan Rambut,Miranda Pewarna Rambut Smokey Ash 30 ml,19.400
7157,Personal Care,Perawatan Rambut,Bellagio Homme Clay Penata Rambut Mega Hold 90 g,28.800
7158,Personal Care,Perawatan Rambut,Pantene Sampo Rambut Rusak Botol 160 ml,21.800
7159,Personal Care,Perawatan Rambut,Head & Shoulders Sampo Anti Ketombe Menthol Dingin Botol 300 ml,49.900
7160,Personal Care,Perawatan Rambut,Head & Shoulders Sampo Anti Ketombe Menthol Dingin Botol 160 ml,28.900
7161,Personal Care,Perawatan Rambut,Head & Shoulders 2 in 1 Sampo + Kondisioner Anti Ketombe Menthol Dingin 160 ml,32.900
7162,Personal Care,Perawatan Rambut,Garnier Color Naturals Ultra Color Pewarna Rambut Cool Ash 30 g,19.900
7163,Personal Care,Perawatan Rambut,Dove Biotin Tonik Rambut Rontok & Kulit Kepala Kering 40 ml,41.200
7164,Personal Care,Perawatan Rambut,Dove Micellar Sampo Rambut Rontok & Kulit Kepala Berminyak 155 ml,23.500
7165,Personal Care,Perawatan Rambut,Pantene Hijab Sampo Anti Ketombe Botol 160 ml,19.900
7166,Personal Care,Perawatan Rambut,Gatsby Krim Penata Rambut Normal 125 g,17.500
7167,Personal Care,Perawatan Rambut,Lifebuoy Sampo Anti Ketombe 340 ml,29.900
7168,Personal Care,Perawatan Rambut,L'Oreal Paris Elseve Extraordinary Oil Serum Rambut Gold 30 ml,56.500
7169,Personal Care,Perawatan Rambut,Garnier Men Sampo Pewarna Rambut Hitam 20 ml,19.900
7170,Personal Care,Perawatan Rambut,Miranda Pewarna Rambut Decoloring Bleaching 30 ml,19.400
7171,Personal Care,Perawatan Rambut,Pinkberry Parfum Rambut & Tubuh Rose Better 100 ml,27.000
7172,Personal Care,Perawatan Rambut,Ellips Vitamin Parfum Rambut Fragrance Booster Mist Me Up 50 ml,14.300
7173,Personal Care,Perawatan Rambut,Sunsilk Sampo Silky Smooth Botol 160 ml,18.900
7174,Personal Care,Perawatan Rambut,Makarizo Hair Energy Scentsations Parfum Rambut Cherry Blossom 100 ml,32.400
7175,Personal Care,Perawatan Rambut,Ellips Serum Rambut Ultra Treatment 48 ml,36.900
7176,Personal Care,Perawatan Rambut,Pantene Miracles Collagen Repair Kondisioner Rambut Rusak 150 ml,32.900
7177,Personal Care,Perawatan Rambut,Lifebuoy Sampo Anti Ketombe 70 + 20 ml,14.500
7178,Personal Care,Perawatan Rambut,Head & Shoulders Sampo Anti Ketombe Menthol Dingin Pump 400 ml,72.900
7179,Personal Care,Perawatan Rambut,Ellips Vitamin Rambut Shiny Black 6 pcs,17.400
7180,Personal Care,Perawatan Rambut,Dove Biotin Conditioner Rambut Rontok & Kulit Kepala Kering 135 ml,29.400
7181,Personal Care,Perawatan Rambut,Head & Shoulders Sampo Anti Ketombe Lemon Segar Botol 300 ml,49.900
7182,Personal Care,Perawatan Rambut,Pinkberry Parfum Rambut & Tubuh Spring Souffle 100 ml,
7183,Personal Care,Perawatan Rambut,CBD Keratin Pro Sampo Daily 250 ml,
7184,Personal Care,Perawatan Rambut,CBD Bio+ Peptide Complex Sampo Rambut Rontok 250 ml,45.000
7185,Personal Care,Perawatan Rambut,CBD Bio+ Peptide Roller Serum Rambut Rontok 10 ml,28.500
7186,Personal Care,Perawatan Rambut,Dove Biotin Creambath Rambut Rontok & Kulit Kepala Kering 300 g,89.000
7187,Personal Care,Perawatan Rambut,Clear Sampo Anti Ketombe Menthol Segar Pump 400 ml,73.400
7188,Personal Care,Perawatan Rambut,Head & Shoulders Sampo Anti Ketombe Lemon Segar Botol 160 ml - Mobile Legend,22.900
7189,Personal Care,Perawatan Rambut,Selsun Blue 5 Leaves Hair Sampo Anti ketombe Botol 120 ml,49.000
7190,Personal Care,Perawatan Rambut,Zinc Sampo Anti Ketombe Refreshing Cool Green Tea Mint 450 ml,36.500
7191,Personal Care,Perawatan Rambut,Sunsilk Sampo Silky Smooth Botol 900 ml,69.000
7192,Personal Care,Perawatan Rambut,Garnier Ultra Color Pewarna Rambut Radiant Blueberry 30 ml,19.900
7193,Personal Care,Perawatan Rambut,Tresemme Scalp Care Sampo Anti Ketombe & Rambut Rontok Pump 850 ml,90.000
7194,Personal Care,Perawatan Rambut,Zinc Sampo Anti Ketombe Active Fresh Lemon Mint Botol 340 ml,43.600
7195,Personal Care,Perawatan Rambut,Clear Sampo Anti Ketombe Perawatan Komplit Botol 300 ml,39.900
7196,Personal Care,Perawatan Rambut,Pantene Sampo Perawatan Rambut Rontok Pump 400 ml,69.900
7197,Personal Care,Perawatan Rambut,Pinkberry Parfum Rambut & Tubuh Evening Tea 100 ml,26.500
7198,Personal Care,Perawatan Rambut,Pantene Sampo Perawatan Rambut Rontok Botol 290 ml,48.900
7199,Personal Care,Perawatan Rambut,Sunsilk Vitamin & Parfum Rambut Silky Gloss 100 ml,26.900
7200,Personal Care,Perawatan Rambut,Ellips Vitamin Rambut Hair Treatment 6 pcs,17.400
7201,Personal Care,Perawatan Rambut,Emeron BT21 Sampo Anti Rambut Rontok Botol 200 ml,19.500
7202,Personal Care,Perawatan Rambut,Emeron BT21 Sampo Anti Ketombe Botol 200 ml,19.500
7203,Personal Care,Perawatan Rambut,Emeron Sampo Perawatan Rambut Rontok Botol 170 ml,16.200
7204,Personal Care,Perawatan Rambut,Emeron Hijab Clean & Fresh Sampo Tea Tree Oil 170 ml,16.200
7205,Personal Care,Perawatan Rambut,Emeron Sampo Hitam Berkilau Urang Aring Botol 170 ml,15.900
7206,Personal Care,Perawatan Rambut,Gatsby Pomade Penata Rambut Supreme Grease 75 g,31.500
7207,Personal Care,Perawatan Rambut,Pantene Sampo Anti Ketombe Pump 400 ml,69.900
7208,Personal Care,Perawatan Rambut,Gatsby Water Gloss Gel Penata Rambut Hyper Solid 150 g,23.000
7209,Personal Care,Perawatan Rambut,Garnier Men Sampo Pewarna Rambut Cokelat 20 ml,19.900
7210,Personal Care,Perawatan Rambut,Onyx Serum Rambut Styling & Pelindung Rambut dari Panas 65 ml,48.000
7211,Personal Care,Perawatan Rambut,Gatsby Fiber Clay Penata Rambut Matte 80 g,37.400
7212,Personal Care,Perawatan Rambut,Mustika Ratu Tonik Penyubur Rambut 175 ml,45.400
7213,Personal Care,Perawatan Rambut,Cultusia Sampo Pewarna Rambut Hitam Sachet 25 ml,12.900
7214,Personal Care,Perawatan Rambut,Pantene Sampo Anti Ketombe Botol 290 ml,48.900
7215,Personal Care,Perawatan Rambut,Pantene Miracles Masker Treatment Rambut Repair Intensive Shot 4 pcs,34.900
7216,Personal Care,Perawatan Rambut,Bellagio Homme Pomade Penata Rambut Modern Luxe Extreme Hold Natural 80 g,26.500
7217,Personal Care,Perawatan Rambut,Head & Shoulders Sampo Anti Ketombe Halus & Lembut Pump 400 ml,70.900
7218,Personal Care,Perawatan Rambut,Sunsilk Sampo Anti Ketombe & Silky Botol 650 ml,53.000
7219,Personal Care,Perawatan Rambut,Sunsilk Sampo Silky Smooth Botol 650 ml,53.000
7220,Personal Care,Perawatan Rambut,Clear Sampo Anti Ketombe Menthol Segar Pump 660 ml,64.000
7221,Personal Care,Perawatan Rambut,Sunsilk Sampo Glossy Black Botol 650 ml,53.000
7222,Personal Care,Perawatan Rambut,Tresemme Sampo Keratin Smooth Pump 670 ml,77.500
7223,Personal Care,Perawatan Rambut,Zinc Sampo Anti Ketombe Refreshing Cool Green Tea Mint Pump 680 ml,49.900
7224,Personal Care,Perawatan Rambut,Lifebuoy Sampo Anti Ketombe Menthol Dingin Botol 680 ml,49.000
7225,Personal Care,Perawatan Rambut,Dove Niacinamide Sampo Rambut Rontok & Kulit Kepala Berketombe 290 ml,35.000
7226,Personal Care,Perawatan Wajah,Glad2Glow Moisturizer Pelembap & Pencerah Wajah Pomegranate 30 g,44.500
7227,Personal Care,Perawatan Wajah,Pond's Micellar Water Activated Charcoal Pembersih Makeup Kulit Berminyak 100 ml,15.500
7228,Personal Care,Perawatan Wajah,Emina Bright Glow Water Gel Moisturizer Wajah Niacinamide 30 g,43.900
7229,Personal Care,Perawatan Wajah,Pond's Age Miracle Krim Pagi Pelembap Wajah Anti Aging 10 g,42.400
7230,Personal Care,Perawatan Wajah,Azarine Hydrasoothe Sunscreen Wajah Gel SPF 45 PA++++ 30 ml,39.000
7231,Personal Care,Perawatan Wajah,Emina Bright Stuff Pembersih Wajah Niacinamide + Oxy Ceramide 100 ml,35.500
7232,Personal Care,Perawatan Wajah,Alfamart Cotton Buds Kosmetik 100 s,8.200
7233,Personal Care,Perawatan Wajah,Ovale 2 in 1 Lotion Pembersih Makeup Perfect Luminous 200 ml,34.500
7234,Personal Care,Perawatan Wajah,Glow & Lovely Derma Glow Krim Pelembap Wajah Multivitamin 23 g,26.000
7235,Personal Care,Perawatan Wajah,BDL Brightening Pembersih Wajah Pepaya 100 g,26.900
7236,Personal Care,Perawatan Wajah,Glad2Glow Micellar Water Pembersih Makeup Brightening 130 ml,26.900
7237,Personal Care,Perawatan Wajah,Hanasui Collagen Water Sunscreen Wajah SPF 50 30 ml,32.900
7238,Personal Care,Perawatan Wajah,Emina Sun Battle Bright Glow Sunscreen Wajah SPF 35 50 ml,33.900
7239,Personal Care,Perawatan Wajah,Glad2Glow Cherry Blossom Micellar Water Pembersih Makeup 300 ml,46.900
7240,Personal Care,Perawatan Wajah,Selection Kapas Wajah 35 g,7.500
7241,Personal Care,Perawatan Wajah,Alfamart Kapas Wajah 50 g,10.900
7242,Personal Care,Perawatan Wajah,Alfamart Cotton Buds Reguler Refill 100 pcs,6.800
7243,Personal Care,Perawatan Wajah,Alfamart Cotton Buds Spiral Doraemon 100 s,9.200
7244,Personal Care,Perawatan Wajah,Glow & Lovely Pembersih Wajah Foam untuk Kulit Kusam Multivitamin 100 g,36.500
7245,Personal Care,Perawatan Wajah,Kojiesan Skin Lightening Sabun Mandi Batang Pencerah Wajah & Tubuh Hydromoist 65 g,22.500
7246,Personal Care,Perawatan Wajah,Selection Cotton Buds Stik Ulir 180 pcs,13.900
7247,Personal Care,Perawatan Wajah,Glow & Lovely Derma Glow Krim Pelembap Wajah Multivitamin 46 g,49.500
7248,Personal Care,Perawatan Wajah,Glow & Lovely Ultimate UV Duo Sunscreen Wajah SPF 35 40 g,38.500
7249,Personal Care,Perawatan Wajah,Selection Kapas Wajah Bulat 80 pcs,18.200
7250,Personal Care,Perawatan Wajah,Glow & Lovely Pembersih Wajah Foam untuk Kulit Kusam Vitamin C 100 g,36.500
7251,Personal Care,Perawatan Wajah,Wardah Symradiance 399 + Niacinamide Gel Moisturizer Wajah 30 g,48.800
7252,Personal Care,Perawatan Wajah,Pigeon Teens Pembersih Wajah Foam Tube 100 ml,25.900
7253,Personal Care,Perawatan Wajah,Pond's Bright Miracle Krim Pagi Pelembap Wajah Niasorcinol 20 g,36.700
7254,Personal Care,Perawatan Wajah,Pond's Age Miracle Krim Malam Pelembap Wajah Anti Aging 10 g,45.900
7255,Personal Care,Perawatan Wajah,Nourish AcnePlast Patch Jerawat Pink 12 pcs,19.500
7256,Personal Care,Perawatan Wajah,Glad2Glow Gel Pembersih Wajah Ceramide Ph Rendah Bluberi 70 ml,40.900
7257,Personal Care,Perawatan Wajah,Garnier Micellar Water Pembersih Makeup untuk Kulit Sensitif 50 ml,24.900
7258,Personal Care,Perawatan Wajah,Selection Special Kapas Wajah Lapis Tipis 175 pcs,19.700
7259,Personal Care,Perawatan Wajah,Glad2Glow Serum Pembersih Wajah Niacinamide 70 g,37.900
7260,Personal Care,Perawatan Wajah,Pond's Age Miracle Hexyl Retinol Whip Krim Pelembap Wajah Ultimate Youth Anti Aging 20 g,
7261,Personal Care,Perawatan Wajah,Cetaphil Pembersih Wajah Creamy Bright Healthy Radiance 100 ml,
7262,Personal Care,Perawatan Wajah,Cetaphil Gentle Skin Pembersih Wajah & Tubuh 250 ml,
7263,Personal Care,Perawatan Wajah,Hanasui Flawless Glow 10 Krim Malam Pelembap Wajah 15 g,
7264,Personal Care,Perawatan Wajah,Rojukiss Serum Wajah Anti Jerawat Korean Tea Tree Bija 30 ml,
7265,Personal Care,Perawatan Wajah,Hanasui Masker Pencerah Wajah Peel Off Naturgo 60 g,
7266,Personal Care,Perawatan Wajah,Banana Boat Sport Sunscreen Wajah Spray SPF 110 170 g,
7267,Personal Care,Perawatan Wajah,Senka Perfect White Clay Pembersih Wajah Foam 50 g,
7268,Personal Care,Perawatan Wajah,Senka Perfect Whip Pembersih Wajah Foam Fresh 50 g,
7269,Personal Care,Perawatan Wajah,Y.O.U Acne Plus Masker Wajah Lembaran Anti Jerawat 5 x 25 g,
7270,Personal Care,Perawatan Wajah,Natur-e Pembersih Wajah untuk Kulit Kusam 50 ml,
7271,Personal Care,Perawatan Wajah,Mediheal Masker Wajah Lembaran Anti Jerawat Teatree Essential 24 ml,
7272,Personal Care,Perawatan Wajah,Glad2Glow Yuja Symwhite 377 Moisturizer Pelembap Wajah untuk Noda Hitam 30 g,
7273,Personal Care,Perawatan Wajah,Nivea Micellar Water Pembersih Makeup Soothing 125 ml,
7274,Personal Care,Perawatan Wajah,Viva Whitening Krim Wajah 40 g,
7275,Personal Care,Perawatan Wajah,Pond's Bright Miracle Serum Wajah Malam Niasorcinol 14 g,21.900
7276,Personal Care,Perawatan Wajah,Hada Labo Shirojyun Pembersih Wajah untuk Kulit Kusam 100 g,39.000
7277,Personal Care,Perawatan Wajah,Glow & Lovely Bright UV Duo Sunscreen Wajah SPF 35 20 g - skincare,15.000
7278,Personal Care,Perawatan Wajah,Hada Labo Gokujyun Pembersih Wajah Foam untuk Kulit Kering 100 g,37.000
7279,Personal Care,Perawatan Wajah,Pond's Bright Miracle Serum Wajah Pagi Niasorcinol 14 g,19.500
7280,Personal Care,Perawatan Wajah,L'Oreal Paris Glycolic Bright Pembersih Wajah Foam 50 ml,33.000
7281,Personal Care,Perawatan Wajah,Garnier Bright Complete Booster Serum Pencerah Wajah 30X Vit C 15 ml,65.000
7282,Personal Care,Perawatan Wajah,Garnier Bright Complete Serum Malam Pencerah Wajah Pure Vit C 15 ml,70.000
7283,Personal Care,Perawatan Wajah,Garnier Micellar Water Pembersih Makeup Salicylic BHA 400 ml,69.000
7284,Personal Care,Perawatan Wajah,Paket Olay Regenerist Krim Pagi Pelembap Wajah Anti Aging + Krim Malam Retinol 24,359.000
7285,Personal Care,Perawatan Wajah,Paket Olay Total Effects 7 in 1 Krim Pagi Pelembap Wajah SPF 15 + Krim Malam,185.000
7286,Personal Care,Perawatan Wajah,Sariayu Acne Care Pembersih Wajah Foam Anti Jerawat 75 g,23.500
7287,Personal Care,Perawatan Wajah,Citra Pearly White Moisturizer Pelembap Wajah 40 g,55.500
7288,Personal Care,Perawatan Wajah,Garnier Micellar Water in Oil Pembersih Makeup Waterproof 125 ml,61.500
7289,Personal Care,Perawatan Wajah,Nivea Pelembap Bibir Original 4.8 g,26.900
7290,Personal Care,Perawatan Wajah,Emina Bright Stuff Pembersih Wajah Prebiotic Anti Jerawat 50 ml,20.900
7291,Personal Care,Perawatan Wajah,Kojiesan Dream White Sabun Mandi Batang Wajah & Tubuh Anti Aging 65 g,19.900
7292,Personal Care,Perawatan Wajah,Skin Aqua UV Whitening Milk Sunscreen Wajah & Tubuh SPF 50 40 g,59.500
7293,Personal Care,Perawatan Wajah,Paket Olay Regenerist Krim Pagi Pelembap Wajah + Pembersih Wajah Anti Aging,259.000
7294,Personal Care,Perawatan Wajah,L'Oreal Paris Glycolic Bright Pembersih Wajah Foam 100 ml,59.900
7295,Personal Care,Perawatan Wajah,L'Oreal Paris UV Defender Protector Invisible Fluid Sunscreen Wajah SPF 50 30 ml,69.900
7296,Personal Care,Perawatan Wajah,Emina Cica Triacid Acne Clear Moisturizer Wajah Water Gel 30 g,35.000
7297,Personal Care,Perawatan Wajah,Emina Pelembab Wajah Bio-Retinol + 3% Hydra Amino 30 g,35.000
7298,Personal Care,Perawatan Wajah,Carasun Solar Smart UV Light Sunscreen Wajah SPF 50 30 g,29.500
7299,Personal Care,Perawatan Wajah,Ariul The Perfect Refresh Your Day Tisu Basah Pembersih Makeup 20 s,19.000
7300,Personal Care,Perawatan Wajah,Pond's Age Miracle Krim Pagi Pelembap Wajah Ultimate Youth Anti Aging SPF 18 50 g,145.000
7301,Personal Care,Perawatan Wajah,Emina Bright Stuff Gel Pelembap Wajah Tone Up 20 ml,22.500
7302,Personal Care,Perawatan Wajah,Pond's Bright Miracle Krim Pelembap Wajah SPF 30 20 g,19.500
7303,Personal Care,Perawatan Wajah,Pure Paw Paw Ointment Pelembap Bibir Multifungsi Original 25 g,59.000
7304,Personal Care,Perawatan Wajah,Wardah Acnederm Toner Wajah Anti Komedo 100 ml,29.500
7305,Personal Care,Perawatan Wajah,Wardah Acnederm Moisturizer Malam Pelembap Wajah 40 ml,37.000
7306,Personal Care,Perawatan Wajah,Wardah Acnederm Moisturizer Pagi Pelembap Wajah SPF 15 40 ml,35.000
7307,Personal Care,Perawatan Wajah,Wardah Crystal Secret Serum Pencerah Wajah Untuk Noda Hitam 20 ml,89.000
7308,Personal Care,Perawatan Wajah,Wardah Crystal Secret Krim Malam Pencerah Wajah Tube 15 ml,49.000
7309,Personal Care,Perawatan Wajah,Wardah Crystal Secret Essence Wajah Pure Treatment 50 ml,77.000
7310,Personal Care,Perawatan Wajah,Wardah Acnederm Acne Spot Treatment Gel Obat Jerawat 15 g,25.000
7311,Personal Care,Perawatan Wajah,Hanasui Masker Wajah Peel Off Egg White 80 g,15.000
7312,Personal Care,Perawatan Wajah,Safi Age Defy Krim Pagi Pelembap Wajah SPF 25 Ekstrak Gold & Silk Protein 25 g,54.000
7313,Personal Care,Perawatan Wajah,Safi Age Defy Krim Malam Pelembap Wajah Ekstrak Gold & Silk Protein 25 g,59.000
7314,Personal Care,Perawatan Wajah,Safi Acne Expert Pembersih Wajah Whipped Foam untuk Kulit Berminyak 100 g,23.900
7315,Personal Care,Perawatan Wajah,Safi Acne Expert Pembersih Wajah Clarifying 2 in 1 150 ml,36.000
7316,Personal Care,Perawatan Wajah,Safi Naturals Micellar Water Pembersih Makeup Ekstrak Daun Neem 200 ml,31.000
7317,Personal Care,Perawatan Wajah,Pond's Age Miracle Ultimate Youth Serum Wajah Anti Aging 30 g,165.000
7318,Personal Care,Perawatan Wajah,Pigeon Teens Moisturizer Pelembap Wajah Remaja 50 ml,32.900
7319,Personal Care,Perawatan Wajah,Hanasui Micellar Water Kolagen Pembersih Makeup Triple Action 100 ml,25.000
7320,Personal Care,Perawatan Wajah,Skintific 5X Ceramide Gel Moisturizer Pelembap Wajah Barrier Repair 30 g,148.100
7321,Personal Care,Perawatan Wajah,Skintific 5X Ceramide Serum Sunscreen Wajah SPF 50 30 ml,105.800
7322,Personal Care,Perawatan Wajah,Skintific MSH Niacinamide Gel Moisturizer Pelembap Wajah Brightening 30 g,148.100
7323,Personal Care,Perawatan Wajah,Skintific 10% Niacinamide Serum Wajah Brightening 20 ml,149.000
7324,Personal Care,Perawatan Wajah,Skintific 5X Ceramide Paket Perawatan Wajah Barrier Repair 4 pcs,159.000
7325,Personal Care,Perawatan Wajah,Skintific Masker Wajah Clay Anti Pores & Jerawat Mugwort Stik 40 g,94.000
7326,Personal Care,Perawatan Wajah,Skintific 5X Ceramide Toner Wajah Soothing 80 ml,123.000
7327,Personal Care,Perawatan Wajah,Skintific 2% Salicylic Acid Serum Wajah Anti Jerawat 20 ml,148.100
7328,Personal Care,Perawatan Wajah,Pinkberry Skin Concern Serum Pencerah Wajah 15 ml,31.600
7329,Personal Care,Perawatan Wajah,Pinkberry Skin Concern Serum Wajah Anti Jerawat 15 ml,31.600
7330,Personal Care,Perawatan Wajah,Skin Aqua Tone Up UV Essence Sunscreen Wajah SPF 50 PA++++ 40 ml,59.000
7331,Personal Care,Perawatan Wajah,Acnes Natural Care Pembersih Wajah untuk Kulit Berminyak Tube 100 g,25.000
7332,Personal Care,Perawatan Wajah,Acnes Natural Care Pembersih Wajah Deep Pore Cleanser 100 g,25.000
7333,Personal Care,Perawatan Wajah,Acnes Treatment Series Sealing Jell Obat Jerawat 9 g,17.000
7334,Personal Care,Perawatan Wajah,Acnes Treatment Series Toner Wajah Mini Roll On,21.000
7335,Personal Care,Perawatan Wajah,Skintific 5% Panthenol Water Gel Pelembap Wajah Kulit Berjerawat 45 g,135.000
7336,Personal Care,Perawatan Wajah,Skintific All Day Light Sunscreen Mist Wajah SPF 50 120 ml,95.000
7337,Personal Care,Perawatan Wajah,Himalaya Purifying Pembersih Wajah Foam Neem 150 ml,49.000
7338,Personal Care,Perawatan Wajah,Himalaya Pembersih Wajah untuk Kulit Kering Aloe Vera Tube 100 ml,27.000
7339,Personal Care,Perawatan Wajah,Himalaya Pelembap Bibir 10 g,21.000
7340,Personal Care,Perawatan Wajah,MegRhythm Masker Mata Steam Lavender 5 s,39.000
7341,Personal Care,Perawatan Wajah,MegRhythm Masker Mata Steam Chamomile 5 s,39.000
7342,Personal Care,Perawatan Wajah,OMG Oh My Glow Sunscreen Wajah Bright Booster SPF 50 25 ml,25.000
7343,Personal Care,Perawatan Wajah,Implora 8+ Ceramide Gel Moisturizer Pelembap Wajah Kulit Kering 50 ml,33.000
7344,Personal Care,Perawatan Wajah,Implora 8+ Ceramide Gel Moisturizer Pelembap Wajah Kulit Kering Refill 50 ml,15.000
7345,Personal Care,Perawatan Wajah,Pond's Age Miracle Krim Malam Pelembap Wajah Ultimate Youth Anti Aging 50 g,145.000
7346,Personal Care,Perawatan Wajah,Facetology Triple Care Sunscreen Wajah Kulit Kering & Kusam SPF 40 40 ml,74.900
7347,Personal Care,Perawatan Wajah,The Originote Pembersih Wajah Cicamide Low pH 150 ml,42.900
7348,Personal Care,Perawatan Wajah,Pond's UV Miracle Bright Sunscreen Wajah Gel SPF 50 15 g,29.000
7349,Personal Care,Perawatan Wajah,Garnier Super UV Cooling Watergel Sunscreen Wajah SPF 35 20 ml,42.000
7350,Personal Care,Perawatan Wajah,Pond's UV Protect Sunscreen Serum Wajah Tekstur Pekat SPF 50 30 g,95.000
7351,Personal Care,Perawatan Wajah,Pigeon Teens Jelly Glow Masker Tidur 30 g,31.900
7352,Personal Care,Perawatan Wajah,Pigeon Teens Acne Ranger Serum Wajah Anti Jerawat Remaja 20 ml,29.900
7353,Personal Care,Perawatan Wajah,Pigeon Teens Hydra Squad Serum Pelembap Wajah Remaja 20 ml,29.900
7354,Personal Care,Perawatan Wajah,Biore UV Fresh Look Sunscreen Wajah Kulit Berminyak SPF 50 30 g,24.900
7355,Personal Care,Perawatan Wajah,Pond's Bright Miracle Serum Wajah Niasorcinol 30 g,69.900
7356,Personal Care,Perawatan Wajah,Senka Perfect Whip Pembersih Wajah Foam Anti Jerawat 100 g,59.000
7357,Personal Care,Perawatan Wajah,Senka Perfect Whip Pembersih Wajah Foam Fuji Sakura 100 g,44.900
7358,Personal Care,Perawatan Wajah,Senka Perfect Whip Pembersih Wajah Foam White Clay 120 g,49.000
7359,Personal Care,Perawatan Wajah,Senka Perfect Whip Pembersih Wajah Foam Collagen in 120 g,65.500
7360,Personal Care,Perawatan Wajah,Y.O.U Radiance Glow Serum Wajah Vitamin C & Niacinamide 20 ml,71.900
7361,Personal Care,Perawatan Wajah,Y.O.U Radiance Glow Pembersih Wajah Vitamin C & Niacinamide 100 g,35.500
7362,Personal Care,Perawatan Wajah,Wardah Tranexamic Alpha Arbutin Gel Moisturizer Wajah untuk Noda Hitam 30 g,97.000
7363,Personal Care,Perawatan Wajah,NPure Cica Beat The Sun Sunscreen Wajah Matte SPF 50 35 ml,74.500
7364,Personal Care,Perawatan Wajah,NPure Cica Beat The Sun Sunscreen Wajah Glow SPF 50 35 ml,74.500
7365,Personal Care,Perawatan Wajah,Skintific Alaska Volcano Masker Wajah Clay Stick 40 g,107.000
7366,Personal Care,Perawatan Wajah,NPure Centella Asiatica Toner Wajah Anti Jerawat 150 ml,99.000
7367,Personal Care,Perawatan Wajah,NPure Centella Asiatica Pembersih Wajah Anti Jerawat 100 ml,85.000
7368,Personal Care,Perawatan Wajah,Npure Noni Probiotics Gel Pembersih Wajah Hypoallergenic 50 ml,37.000
7369,Personal Care,Perawatan Wajah,NPure Cica Acne Clear Pad Eksfoliasi Wajah Anti Jerawat Travel 5 + 2 s,20.500
7370,Personal Care,Perawatan Wajah,Cosrx Gel Pembersih Wajah Low pH Good Morning 50 ml,55.000
7371,Personal Care,Perawatan Wajah,Glad2Glow Exfo Smooth Peeling Gel Wajah 50 g,40.000
7372,Personal Care,Perawatan Wajah,Banana Boat Simply Protect Aqua Long Wearing Sunscreen Tubuh SPF 50 50 ml,87.000
7373,Personal Care,Perawatan Wajah,Wardah Cica Complex + Panthenol Ceramide Gel Moisturizer Wajah 30 g,95.000
7374,Personal Care,Perawatan Wajah,Skintific Niacinamide Bright Boost Masker Wajah Clay Stick 40 g,90.700
7375,Personal Care,Perawatan Wajah,Derma Angel Patch Jerawat Ultra Thin Pagi & Malam 18 pcs,33.000
7376,Personal Care,Perawatan Wajah,Pigeon Teens Poreless Warrior Serum Wajah Pori Besar & Berminyak 20 ml,29.900
7377,Personal Care,Perawatan Wajah,Pigeon Teens X-Foliate Army Serum Wajah Eksfoliasi 20 ml,29.900
7378,Personal Care,Perawatan Wajah,Pigeon Teens Calm Fairy Serum Wajah Kulit Kemerahan 20 ml,29.900
7379,Personal Care,Perawatan Wajah,Pigeon Teens Bright Heroes Micellar Water Pembersih Wajah 100 ml,22.900
7380,Personal Care,Perawatan Wajah,Somethinc Copy Paste Tinted Sunscreen SPF 40 W01 Bijoux 50 ml,145.000
7381,Personal Care,Perawatan Wajah,Somethinc Copy Paste Tinted Sunscreen SPF 40 N01 Nina 50 ml,145.000
7382,Personal Care,Perawatan Wajah,Emina GloRad+ Serum Wajah Water-sphere 20 ml,80.000
7383,Personal Care,Perawatan Wajah,Emina GloRad+ Pembersih Wajah & Makeup Amino Fusion 100 ml,50.900
7384,Personal Care,Perawatan Wajah,Emina GloRad+ Serum Mata Eye Wake Up Roller 15 ml,67.000
7385,Personal Care,Perawatan Wajah,Skintific Matte Fit Serum Sunscreen Wajah SPF 50 50 g,126.500
7386,Personal Care,Perawatan Wajah,Skintific 12% AHA BHA PHA LHA Serum Peeling Wajah 30 ml,123.000
7387,Personal Care,Perawatan Wajah,Skintific Lock The Look Setting Spray Wajah 80 ml,123.500
7388,Personal Care,Perawatan Wajah,Skintific Retinol Skin Renewal Serum Wajah 20 ml,149.000
7389,Personal Care,Perawatan Wajah,Skintific Retinol Skin Renewal Moisturizer Pelembap Wajah 30 g,149.000
7390,Personal Care,Perawatan Wajah,Himalaya Brightening Vitamin C Serum Wajah Orange 15 ml,40.000
7391,Personal Care,Perawatan Wajah,Himalaya Turmeric Serum Wajah untuk Noda Hitam 15 ml,40.000
7392,Personal Care,Perawatan Wajah,Himalaya Turmeric Pembersih Wajah untuk Noda Hitam 100 ml,30.000
7393,Personal Care,Perawatan Wajah,Freeman Hydrating Masker Wajah Gel Krim Glacier Water + Pink Peony 175 ml,45.000
7394,Personal Care,Perawatan Wajah,Freeman Anti-Stress Masker Wajah Clay Dead Sea Minerals 175 ml,45.000
7395,Personal Care,Perawatan Wajah,Pigeon Teens Bright Heroes Pelembap Wajah 50 ml,31.900
7396,Personal Care,Perawatan Wajah,Pond's UV Miracle Sunscreen Wajah Bright SPF 35 25 g,25.000
7397,Personal Care,Perawatan Wajah,Pond's UV Miracle Sunscreen Wajah Bright SPF 50 25 g,49.000
7398,Personal Care,Perawatan Wajah,Wardah UV Shield Tone Up Sunscreen Wajah SPF 50 30 ml,69.000
7399,Personal Care,Perawatan Wajah,Wardah UV Shield Physical Sunscreen Serum Wajah SPF 50 30 ml,69.000
7400,Personal Care,Perawatan Wajah,Wardah Vitamin C + Adenosine Radiant Charge Gel Moisturizer Wajah 30 g,91.000
7401,Personal Care,Perawatan Wajah,Wardah Lip Rescue Jelly Balm Pelembap Bibir Dusty Rose 7 g,42.500
7402,Personal Care,Perawatan Wajah,NPure Cica Acne Care Complex Masker Wajah Lembaran Anti Jerawat 28 g,17.900
7403,Personal Care,Perawatan Wajah,NPure Cica Beat The Sun Sunscreen Wajah Spray SPF 50 50 ml,74.500
7404,Personal Care,Perawatan Wajah,NPure Sheet Mask Noni Probiotics Masker Wajah Lembaran Hypoallergenic 20 g,17.900
7405,Personal Care,Perawatan Wajah,NPure Licorice Potion of Light Serum Wajah Bright & Glow 20 ml,85.000
7406,Personal Care,Perawatan Wajah,Garnier Bright Complete Booster Serum Pencerah Wajah 30X Vit C 8 ml,31.500
7407,Personal Care,Perawatan Wajah,Emina Barrier Water Gel Moisturizer Wajah Ceramide 30 g,43.900
7408,Personal Care,Perawatan Wajah,Facetology Triple Care Sunscreen Wajah Kulit Berminyak & Jerawat SPF 40 40 ml,69.900
7409,Personal Care,Perawatan Wajah,Pond's UV Miracle Sunscreen Wajah Hydrate SPF 50 PA++++ 15 g,20.700
7410,Personal Care,Perawatan Wajah,Pond's Hydra Miracle Ultra Light Biome Pelembab Wajah Cera Hyamino 15 g,34.900
7411,Personal Care,Perawatan Wajah,Kojiesan Pembersih Wajah Pencerah Kulit HydroMoist 50 g,39.900
7412,Personal Care,Perawatan Wajah,Glad2Glow Jeju Tangerine Vita C Power Bright Glow Moisturizer Pelembab Wajah 30 g,37.900
7413,Personal Care,Perawatan Wajah,Glad2Glow Madagascar Centella Light Cleansing Oil Pembersih Wajah 100 ml,58.900
7414,Personal Care,Perawatan Wajah,Glad2Glow Pembersih Wajah Low pH 5.5 70 ml,37.900
7415,Personal Care,Perawatan Wajah,Glad2Glow Pembersih Wajah Matcha Anti Jerawat 80 g,43.900
7416,Personal Care,Perawatan Wajah,Glad2Glow Micellar Water Pembersih Makeup Pore Clearing 130 ml,26.900
7417,Personal Care,Perawatan Wajah,Glad2Glow Pembersih Wajah Glycolic Acid 70 g,37.900
7418,Personal Care,Perawatan Wajah,Nivea Pelembap Bibir Caring Color Rose 4.8 g,31.900
7419,Personal Care,Perawatan Wajah,Nivea Soft Krim Moisturizer Jar 50 ml,21.500
7420,Personal Care,Perawatan Wajah,Clean & Clear Kertas Minyak Wajah 60 s,41.000
7421,Personal Care,Perawatan Wajah,JF Sulfur Pembersih Wajah Foam Anti Jerawat Tube 70 g,27.500
7422,Personal Care,Perawatan Wajah,Glow & Lovely Krim Pencerah Wajah + Bedak Multivitamin 20 g,29.900
7423,Personal Care,Perawatan Wajah,Wardah UV Shield Sunscreen Serum Wajah Collagen Peptide SPF 50 30 ml,67.000
7424,Personal Care,Perawatan Wajah,Pond's Bright Miracle Whip Collagen Niasorcinol Pembersih Wajah Foam 100 g,37.100
7425,Personal Care,Perawatan Wajah,Somethinc Pembersih Wajah Gentle Jelly Ph Rendah 40 ml,50.500
7426,Personal Care,Perawatan Wajah,The Originote Sunscreen Wajah Ceramella SPF 50 Tube 50 g,48.500
7427,Personal Care,Perawatan Wajah,Glad2Glow Masker Wajah Clay Anti Jerawat Mugwort Stik 25 g,47.000
7428,Personal Care,Perawatan Wajah,Vaseline Lip Care Pelembab Bibir Warna Mellow Rose 3 g,59.900
7429,Personal Care,Perawatan Wajah,The Originote Mugwort B3 Masker Wajah Clay Stik 40 g,43.900
7430,Personal Care,Perawatan Wajah,Glad2Glow Masker Wajah Clay Volcano Stik 25 g,47.000
7431,Personal Care,Perawatan Wajah,Glad2glow Serum Wajah Peach Retinol 17 ml,40.900
7432,Personal Care,Perawatan Wajah,Glad2Glow Masker Pencerah Wajah Clay Pomegranate Stik 25 g,47.000
7433,Personal Care,Perawatan Wajah,Glad2glow AHA BHA PHA Serum Peeling Wajah 15 ml,51.500
7434,Personal Care,Perawatan Wajah,Glad2glow Perfect Vita C Pembersih Wajah Bright Glow 80 g,43.900
7435,Personal Care,Perawatan Wajah,Alfamart Kapas Kecantikan Sanrio 150 s,16.900
7436,Personal Care,Perawatan Wajah,NPure Licorice Potion of Light Serum Wajah Bright & Glow 20 ml,85.000
7437,Personal Care,Perawatan Wajah,NPure Licorice Masker Wajah Lembaran Bright & Glow 30 g,17.900
7438,Personal Care,Perawatan Wajah,NPure Licorice Bright & Glow Pad Eksfoliasi Wajah Travel Pack 5 + 2 pcs,19.900
7439,Personal Care,Perawatan Wajah,Pond's Bright Miracle Ultra Light Biome Pelembab Wajah Niasorcinol 50 g,97.000
7440,Personal Care,Perawatan Wajah,Pond's Hydra Miracle Ultra Light Biome Pelembab Wajah Cera Hyamino 50 g,97.000
7441,Personal Care,Perawatan Wajah,Wardah Perfect Bright Tone Up Micellar Water Pembersih Makeup 400 ml,99.000
7442,Personal Care,Perawatan Wajah,Wardah Acnederm Micellar Water Pembersih Makeup Kulit Berjerawat 400 ml,99.000
7443,Personal Care,Perawatan Wajah,Labore BiomeRepair Barrier Revive Krim Pelembap Wajah 50 ml,179.000
7444,Personal Care,Perawatan Wajah,Labore GentleBiome Pembersih Wajah Kulit Sensitif 100 ml,82.500
7445,Personal Care,Perawatan Wajah,Pond's UV Miracle Sunscreen Wajah Gel Hydrate SPF 50 25 g,39.000
7446,Personal Care,Perawatan Wajah,Light+ by Wardah Serum Moisturizer Wajah HPR Retinoid Bright + Acne 28 g,36.900
7447,Personal Care,Perawatan Wajah,OMG Oh My Glow Pembersih Wajah Bright Booster 100 ml,21.000
7448,Personal Care,Perawatan Wajah,OMG Oh My Glow HydraPower Micellar Water Pembersih Makeup 300 ml,42.000
7449,Personal Care,Perawatan Wajah,OMG Oh My Glow Gel Moisturizer Wajah 5% Niacinamide 45 g,33.000
7450,Personal Care,Perawatan Wajah,OMG Oh My Glow Gel Moisturizer Wajah Calming 2% Cica-B5 45 g,33.000
7451,Personal Care,Perawatan Wajah,Glad2Glow 3D Acid Acne Moisturizer Wajah Kiwi 30 g,40.000
7452,Personal Care,Perawatan Wajah,Glad2Glow Serum Pelembap Bibir Strawberry Glaze 7 g,49.000
7453,Personal Care,Perawatan Wajah,Glad2Glow Serum Pelembap Bibir Berry Soda 7 g,49.000
7454,Personal Care,Perawatan Wajah,Glad2Glow Juicy Serum Pelembap Bibir Mixberry 5.5 g,40.000
7455,Personal Care,Perawatan Wajah,Glad2Glow Double Bright Krim Pagi Pelembap Wajah 30 g,77.000
7456,Personal Care,Perawatan Wajah,Glad2Glow Centella Gel Moisturizer Pelembap Wajah Anti Jerawat 100 g,59.000
7457,Personal Care,Perawatan Wajah,Glad2Glow Acne Toner Pad Eksfoliasi Wajah Centella Salicylic Acid 30 s,59.000
7458,Personal Care,Perawatan Wajah,Char Mi Cotton Buds Lancip Makeup 80 s,8.900
7459,Personal Care,Perawatan Wajah,Vaseline Lip Therapy Pelembap Bibir Original 4.8 g,32.500
7460,Personal Care,Perawatan Wajah,Erha Acneact Acne Spot Gel Obat Jerawat 10 g,59.000
7461,Personal Care,Perawatan Wajah,Erha Acneact Pembersih Wajah Scrub Anti Jerawat Tube 60 ml,95.000
7462,Personal Care,Perawatan Wajah,Pond's Age Miracle Ultimate Youth Serum Wajah Anti Aging Sachet 7 g,19.400
7463,Personal Care,Perawatan Wajah,Hanasui Power Bright Serum Wajah untuk Noda Hitam 20 ml,29.000
7464,Personal Care,Perawatan Wajah,Hanasui Power Barrier Serum Wajah 20 ml,29.000
7465,Personal Care,Perawatan Wajah,Azarine Hydramax C Sunscreen Wajah Gel SPF 50 40 ml,61.900
7466,Personal Care,Perawatan Wajah,Garnier Sakura Glow Pembersih Wajah Low pH Niacinamide 100 ml,39.900
7467,Personal Care,Perawatan Wajah,Garnier Bright Complete Pembersih Wajah Low Ph Vitamin C 100 ml,39.900
7468,Personal Care,Perawatan Wajah,Scora Phytobright Gentle Low pH Pembersih Wajah Kulit Sensitif 75 g,38.800
7469,Personal Care,Perawatan Wajah,Derma Angel Patch Jerawat Salicylic Acid Pagi 6 + 3 pcs,19.000
7470,Personal Care,Perawatan Wajah,Scora Bright Me Up Sunscreen Wajah SPF 40 30 g,39.900
7471,Personal Care,Perawatan Wajah,Glow & Lovely Bright Serum Sunscreen Wajah UV Duo SPF 50 30 ml,43.500
7472,Personal Care,Perawatan Wajah,Himalaya Purifying Pembersih Wajah Neem Tube 100 ml,26.900
7473,Personal Care,Perawatan Wajah,Hanasui Power Serum Wajah Retinol Expert 20 ml,36.900
7474,Personal Care,Perawatan Wajah,Senka Perfect Whip Pembersih Wajah Foam Beauty 120 g,57.900
7475,Personal Care,Perawatan Wajah,Ms Glow For Men Dual Cream Pelembap Wajah 30 + 30 g,48.000
7476,Personal Care,Perawatan Wajah,Hanasui Vit C + Collagen Serum Pengencang Wajah 20 ml,23.900
7477,Personal Care,Perawatan Wajah,Hanasui Collagen Water Sunscreen Wajah SPF 30 30 ml,27.500
7478,Personal Care,Perawatan Wajah,Hanasui Calm & Clear Micellar Water Pembersih Makeup 300 ml,44.500
7479,Personal Care,Perawatan Wajah,Garnier Bright Complete Pembersih Wajah Vitamin C 50 ml,27.000
7480,Personal Care,Perawatan Wajah,Garnier Micellar Water Pembersih Makeup Air Mawar 125 ml,29.900
7481,Personal Care,Perawatan Wajah,Acnes Natural Care Pembersih Wajah Complete White 50 g,17.500
7482,Personal Care,Perawatan Wajah,Hada Labo Shirojyun Pembersih Wajah untuk Kulit Kusam 50 g,25.900
7483,Personal Care,Perawatan Wajah,Lip Ice Sheer Color Pelembap Bibir Stroberi 2 g,25.900
7484,Personal Care,Perawatan Wajah,Derma Angel Patch Jerawat Salicylic Acid Pagi 6 pcs,19.000
7485,Personal Care,Perawatan Wajah,Acnol Lotion Obat Jerawat 10 ml,21.500
7486,Personal Care,Perawatan Wajah,Vienna Pad Kolagen Mata Revitalizing 4 s,21.500
7487,Personal Care,Perawatan Wajah,Nivea Sun Extra Protect Aura Sunscreen Serum Pencerah Wajah SPF 50+ PA+++ 30 ml,65.000
7488,Personal Care,Perawatan Wajah,Safi Ultimate Bright Toner & Pembersih Wajah Purifying 150 ml,54.100
7489,Personal Care,Perawatan Wajah,Erha Truwhite Pembersih Wajah untuk Kulit Kusam 90 ml,95.000
7490,Personal Care,Perawatan Wajah,Implora Peeling Serum Eksfoliasi Wajah 20 ml,36.000
7491,Personal Care,Perawatan Wajah,Safi White Pembersih Wajah Anti Jerawat 50 g,19.900
7492,Personal Care,Perawatan Wajah,Somethinc Holyshield UV Watery Gel Sunscreen Wajah SPF 50 15 ml,50.900
7493,Personal Care,Perawatan Wajah,Somethinc Pembersih Wajah Gentle Jelly Ph Rendah 100 ml,127.900
7494,Personal Care,Perawatan Wajah,Hanasui Power Post Acne Serum Wajah Bekas Jerawat 20 ml,29.000
7495,Personal Care,Perawatan Wajah,Hanasui Power Serum Wajah Anti Jerawat 20 ml,29.000
7496,Personal Care,Perawatan Wajah,Kye Patch Jerawat Bening Tea Tree Infusion 36 s,30.500
7497,Personal Care,Perawatan Wajah,Kye Kapas Pembersih Makeup Watermelon Blueberry Glow 15 s,16.900
7498,Personal Care,Perawatan Wajah,Azarine Serum Obat Jerawat 20 ml,25.000
7499,Personal Care,Perawatan Wajah,Nivea MicellAir Pembersih Makeup Anti Jerawat & Kulit Sensitif 400 ml,95.000
7500,Personal Care,Perawatan Wajah,Nivea MicellAir Pembersih Makeup & Pencerah Wajah Pearl Bright 400 ml,95.000
7501,Personal Care,Perawatan Wajah,Skintific Symwhite 377 Serum Wajah untuk Noda Hitam 20 ml,169.000
7502,Personal Care,Perawatan Wajah,Azarine Moisture Sepiwhite Serum Wajah Niacinamide 5% 20 ml,53.900
7503,Personal Care,Perawatan Wajah,Erha Acneact Pembersih Wajah untuk Kulit Berminyak & Berjerawat Tube 100 ml,85.000
7504,Personal Care,Perawatan Wajah,Erha Skinsitive Pembersih Wajah untuk Kulit Sensitif Ultracalm Tube 80 g,89.000
7505,Personal Care,Perawatan Wajah,Vio Acne Shield Patch Jerawat Gambar Makanan Jepang 12 pcs,17.900
7506,Personal Care,Perawatan Wajah,Vio Acne Shield Patch Jerawat Gambar Buah 12 pcs,17.900
7507,Personal Care,Perawatan Wajah,Implora Masker Wajah Lembaran Blueberry Melembapkan 25 g,4.000
7508,Personal Care,Perawatan Wajah,Implora Masker Wajah Lembaran Aloe Vera Anti Jerawat 25 g,4.000
7509,Personal Care,Perawatan Wajah,Implora Masker Wajah Lembaran Papaya Mengecilkan Pori 25 g,4.000
7510,Personal Care,Perawatan Wajah,Implora Masker Wajah Lembaran Avocado Anti Aging 25 g,4.000
7511,Personal Care,Perawatan Wajah,Sariayu Sunscreen Serum Wajah Tone Up SPF 30 30 ml,38.500
7512,Personal Care,Perawatan Wajah,Azarine Intense Luminous Barrier Moisturizer Pelembap Wajah 30 g,49.000
7513,Personal Care,Perawatan Wajah,Azarine Advanced Youth Barrier Moisturizer Pelembap Wajah 30 g,49.000
7514,Personal Care,Perawatan Wajah,Cetaphil Pembersih Wajah Daily 236 ml,139.000
7515,Personal Care,Perawatan Wajah,Somethinc Calm Down Skinpair R-Cover Krim Pelembap Wajah Refill 50 ml,195.000
7516,Personal Care,Perawatan Wajah,Vio Post Acne Patch Noda Bekas Jerawat 18 pcs,14.900
7517,Personal Care,Perawatan Wajah,Erha Age Corrector Serum Wajah Anti Aging 20 ml,209.000
7518,Personal Care,Perawatan Wajah,Erha Age Corrector Pembersih Wajah Anti Aging 90 ml,73.900
7519,Personal Care,Perawatan Wajah,Skintific Serum Wajah 10% Pure Vitamin C 10 g,163.900
7520,Personal Care,Perawatan Wajah,Skintific 5X Ceramide Barrier Gel Moisturizer Wajah 30 g,163.900
7521,Personal Care,Perawatan Wajah,Light+ by Wardah Serum Moisturizer Wajah Vitamin B12 Calm & Reset 30 g,43.000
7522,Personal Care,Perawatan Wajah,JF Sulfur Facial Foam Pembersih Wajah Acne Protect 70 g,26.900
7523,Personal Care,Perawatan Wajah,JF Sulfur Gel Anti Jerawat 10 g,26.900
7524,Personal Care,Perawatan Wajah,JF Sulfur Gel Acne Spot Care 10 g,30.500
7525,Personal Care,Perawatan Wajah,JF Acne Tisu Basah Pembersih Wajah Anti Jerawat 10 s,12.200
7526,Personal Care,Perawatan Wajah,Derma Angel Patch Jerawat Salicylic Acid Malam 6 pcs,17.500
7527,Personal Care,Perawatan Wajah,Derma Angel Patch Jerawat Pagi Original 6 pcs,13.500
7528,Personal Care,Perawatan Wajah,Derma Angel Acne Care Masker Wajah Stik Anti Jerawat 20 g,25.900
7529,Personal Care,Perawatan Wajah,Kojiesan Skin Lightening Sabun Mandi Batang Pencerah Wajah & Tubuh 65 g,22.500
7530,Personal Care,Perawatan Wajah,Shinzu'i Whitessentials Sunscreen Wajah Brightening SPF 35 30 ml,29.900
7531,Personal Care,Perawatan Wajah,Garnier Bright Complete Pembersih Wajah Vitamin C 100 ml,30.900
7532,Personal Care,Perawatan Wajah,Shinzu'i Whitessentials Pembersih Wajah untuk Kulit Kusam 80 + 20 ml,23.900
7533,Personal Care,Perawatan Wajah,Glad2Glow Moisturizer Pelembap Wajah Anti Jerawat Blueberry 30 g,49.900
7534,Personal Care,Perawatan Wajah,Azarine Calm My Acne Sunscreen Moisturiser Pelembap Wajah SPF 35 40 g,33.900
7535,Personal Care,Perawatan Wajah,Hose Pembersih Wajah Brightening & Exfoliating 100 ml,35.900
7536,Personal Care,Perawatan Wajah,Pinkberry 8-Glow Pembersih Wajah untuk Kulit Kusam 100 ml,26.400
7537,Personal Care,Perawatan Wajah,Garnier Bright Complete Serum Pembersih Wajah Vitamin C 100 ml,39.900
7538,Personal Care,Perawatan Wajah,Nivea Pembersih Wajah Foam untuk Kulit Kusam Pearl 100 g,38.300
7539,Personal Care,Perawatan Wajah,Glad2Glow Micellar Water Pembersih Makeup Cherry Blossom Betaine 130 ml,33.500
7540,Personal Care,Perawatan Wajah,Poise Pembersih Wajah Foam Anti Bakteri 100 g,20.900
7541,Personal Care,Perawatan Wajah,Hanasui Power Bright Expert Serum Pencerah Wajah 20 ml,34.900
7542,Personal Care,Perawatan Wajah,Hanasui Gentle Retinol Moisturizer Gel Wajah Anti Aging 30 g,39.900
7543,Personal Care,Perawatan Wajah,Implora Perfect Shield Sunscreen Wajah SPF 40 50 ml,37.900
7544,Personal Care,Perawatan Wajah,Garnier Mochi Dry Touch Krim Pelembap Wajah Salicylic 30 ml,46.900
7545,Personal Care,Perawatan Wajah,Garnier Micellar Water Pembersih Makeup Salicylic BHA 125 ml,29.900
7546,Personal Care,Perawatan Wajah,Garnier Bright Complete Pembersih Wajah Scrub Vitamin C 100 ml,30.900
7547,Personal Care,Perawatan Wajah,Wardah UV Shield Sunscreen Serum Wajah Airy Smooth SPF 50 25 ml,40.500
7548,Personal Care,Perawatan Wajah,Garnier Micellar Water Pembersih Makeup untuk Kulit Sensitif 125 ml,29.900
7549,Personal Care,Perawatan Wajah,Wardah Bright Now Pembersih Wajah Glutathione Bio-Enzyme Smooth Glow F(X) 100 ml,36.000
7550,Personal Care,Perawatan Wajah,Acnes Treatment Series Pembersih Wajah Creamy Anti Bakteri & Jerawat Tube 50 g,16.900
7551,Personal Care,Perawatan Wajah,Garnier Sakura Glow Pembersih Wajah Tube 100 ml,30.900
7552,Personal Care,Perawatan Wajah,Kojiesan Skin Lightening Krim Pencerah Wajah 30 g,69.500
7553,Personal Care,Perawatan Wajah,Hada Labo Gokujyun Pembersih Wajah untuk Kulit Kering 50 g,25.900
7554,Personal Care,Perawatan Wajah,Garnier Micellar Peeling Water 1% AHA + PHA 125 ml,22.900
7555,Personal Care,Perawatan Wajah,Garnier Micellar Water Pembersih Makeup Vitamin C 125 ml,29.900
7556,Personal Care,Perawatan Wajah,Wardah Lightening Pembersih Wajah Whip Foam 100 ml,34.900
7557,Personal Care,Perawatan Wajah,Wardah Crystal Secret Pembersih Wajah Foam 100 ml,40.300
7558,Personal Care,Perawatan Wajah,Wardah Bright Now Pembersih Wajah Vitamin C Mugwort Clay Oil Control 100 ml,36.000
7559,Personal Care,Perawatan Wajah,Wardah UV Shield Sunscreen Moisturizer Wajah Anti Jerawat SPF 35 35 ml,40.500
7560,Personal Care,Perawatan Wajah,Wardah UV Shield Sunscreen Serum Wajah Bright-C Hydrating SPF 35 40 ml,40.500
7561,Personal Care,Perawatan Wajah,Viva Air Mawar Penyegar Wajah 200 ml,12.900
7562,Personal Care,Perawatan Wajah,The Originote Hyalu-BHA Micellar Water Pembersih Make Up 300 ml,47.300
7563,Personal Care,Perawatan Wajah,Azzura Diamond Bright Sunscreen SPF 50 PA+++ 30ml,28.500
7564,Personal Care,Perawatan Wajah,Biore UV Fresh Look Sunscreen Wajah Tinted Cover Beige SPF 50 30 g,29.900
7565,Personal Care,Perawatan Wajah,Poise Luminous White Pembersih Wajah Foam untuk Kulit Kusam 100 g,20.900
7566,Personal Care,Perawatan Wajah,Biore Plester Komedo Charcoal 4 pcs,15.400
7567,Personal Care,Perawatan Wajah,Poise Luminous Bright Micellar Water Pembersih Makeup 100 ml,20.500
7568,Personal Care,Perawatan Wajah,Safi Hydra Glow Pembersih Wajah untuk Kulit Kering 125 g,27.900
7569,Personal Care,Perawatan Wajah,Poise Clear Shine Pembersih Wajah Foam untuk Kulit Berminyak 100 g,20.900
7570,Personal Care,Perawatan Wajah,Ginza Pembersih Wajah Busa Daily Brightening 110 ml,31.300
7571,Personal Care,Perawatan Wajah,Ginza TXA Brightening Moisturizer Pelembap & Pencerah Wajah 30 g,29.700
7572,Personal Care,Perawatan Wajah,Ginza Pembersih Wajah Busa Daily Acne Care 110 ml,31.500
7573,Personal Care,Perawatan Wajah,Viva Tonik Pembersih Wajah Bengkuang 200 ml,12.500
7574,Personal Care,Perawatan Wajah,Viva Susu Pembersih Wajah Bengkuang 200 ml,12.900
7575,Personal Care,Perawatan Wajah,Clean & Clear Pembersih Wajah Vitamin C 100 ml,31.200
7576,Personal Care,Perawatan Wajah,The Originote Moisturizer Pelembap Wajah Brightening 50 ml,47.000
7577,Personal Care,Perawatan Wajah,Hanasui Bright Expert + Tranexamic Acid Moisturizer Gel Wajah 30 g,39.900
7578,Personal Care,Perawatan Wajah,Clean & Clear Pembersih Wajah Foam Anti Jerawat 100 ml,21.900
7579,Personal Care,Perawatan Wajah,Cetaphil Gentle Skin Pembersih Wajah & Tubuh 59 ml,50.900
7580,Personal Care,Perawatan Wajah,Cetaphil Pembersih Wajah Eksfoliasi 178 ml,114.800
7581,Personal Care,Perawatan Wajah,Vaseline Lip Therapy Rosy Lips Tube 7 g,46.500
7582,Personal Care,Perawatan Wajah,Y.O.U Hy Amino AC-Ttack Pembersih Wajah Anti Jerawat 100 g,28.900
7583,Personal Care,Perawatan Wajah,Scarlett Acne Peace Daily Sunscreen Wajah SPF 35 30 ml,29.900
7584,Personal Care,Perawatan Wajah,Scarlett Low pH Pembersih Wajah Gel Glow Bright 70 ml,29.900
7585,Personal Care,Perawatan Wajah,Alfamart Cotton Buds Reguler Refill 100 pcs,
7586,Personal Care,Perawatan Wajah,Scarlett Low pH Pembersih Wajah Gel Glow Bright 70 ml,29.900
7587,Personal Care,Perawatan Wajah,Amaterasun UV Waterbarrier Sunscreen Wajah SPF 35 40 g,34.500
7588,Personal Care,Perawatan Wajah,Scora Niacinamide Hydramoist Gel Pelembap Wajah 45 ml,36.900
7589,Personal Care,Perawatan Wajah,Scarlett Ultra Light Sunscreen Wajah SPF 50 30 ml,36.900
7590,Personal Care,Perawatan Wajah,Facetology Triple Care Acne Calm Micellar Water Pembersih Makeup 100 ml,32.900
7591,Personal Care,Perawatan Wajah,Scarlett Pembersih Wajah untuk Kulit Kusam 100 ml,43.900
7592,Personal Care,Perawatan Wajah,Scora Salicylic Acid Gentle Low pH Pembersih Wajah Anti Jerawat 75 ml,36.900
7593,Personal Care,Perawatan Wajah,"Scora 2,5% D-Panthenol Barrier Shield Moisturizer Wajah 40 g",41.500
7594,Personal Care,Perawatan Wajah,Glow & Lovely Glass Bright Serum Pelembap Wajah Niacinamide + Hyaluronic 30 g,29.900
7595,Personal Care,Perawatan Wajah,Hanasui Power Serum Eksfoliasi Wajah 20 ml,34.900
7596,Personal Care,Perawatan Wajah,Wardah Hydrabalm Lip Care Pelembap Bibir Candy Strawberry SPF 15 4 g,34.000
7597,Personal Care,Perawatan Wajah,Pond's Hydra Miracle Ultra Light Biome Pembersih Wajah Cera Hyamino 90 g,26.900
7598,Personal Care,Perawatan Wajah,Pond's Bright Miracle Whip Collagen Pembersih Wajah & Pencerah Foam 100 g,26.900
7599,Personal Care,Perawatan Wajah,Pond's Bright Miracle Charcoal Pembersih Wajah Foam Kulit Berminyak 100 g,24.900
7600,Personal Care,Perawatan Wajah,Pond's Bright Miracle Pembersih Wajah Foam Niasorcinol 100 g,24.900
7601,Personal Care,Perawatan Wajah,Hanasui Gold Whitening Serum Pencerah Wajah & Anti Aging 20 ml,23.900
7602,Personal Care,Perawatan Wajah,Y.O.U AcnePlus Spot Care Pro Obat Jerawat 15 g,35.900
7603,Personal Care,Perawatan Wajah,Wardah Perfect Bright Tone Up Micellar Water Pembersih Makeup 100 ml,34.000
7604,Personal Care,Perawatan Wajah,Glad2Glow Milk Amino Acids Pembersih Wajah 80 g,43.900
7605,Personal Care,Perawatan Wajah,The Originote Tisu Pembersih Wajah Micellar 10 s,17.900
7606,Personal Care,Perawatan Wajah,Poise Pembersih Wajah Foam Anti Jerawat 100 g,20.900
7607,Personal Care,Perawatan Wajah,Emina Low pH Micellar Water Pembersih Makeup HyaluBright & Smooth 300 ml,50.500
7608,Personal Care,Perawatan Wajah,Pond's Bright Miracle Pembersih Wajah Foam Niasorcinol 50 g,27.500
7609,Personal Care,Perawatan Wajah,Glad2Glow Moisturizer Wajah Retinol Peach 30 g,51.500
7610,Personal Care,Perawatan Wajah,Hanasui Ceramide Probiotics Moisturizer Gel Pelembap Wajah 30 g,39.900
7611,Personal Care,Perawatan Wajah,Pond's Micellar Water Miracle Niasorcinol Pembersih Makeup Mencerahkan 100 ml,23.900
7612,Personal Care,Perawatan Wajah,Emina Bright Stuff Pembersih Wajah Niacinamide + Oxy Ceramide 50 ml,19.900
7613,Personal Care,Perawatan Wajah,Kojiesan Skin Lightening Sabun Mandi Batang Pencerah Wajah & Tubuh Travel Pack 6 x 20 g,36.500
7614,Personal Care,Perawatan Wajah,Scarlett Low pH Pembersih Wajah Gel Acne Peace 70 ml,29.900
7615,Personal Care,Perawatan Wajah,Pond's Bright Miracle Ultra Light Biome Pembersih Wajah Niasorcinol 90 g,26.900
7616,Personal Care,Perawatan Wajah,NPure Acne Power Clear Micellar Water Pembersih Makeup 300 ml,45.900
7617,Personal Care,Perawatan Wajah,Himalaya Purifying Masker Wajah Clay Neem Anti Jerawat 30 g,39.900
7618,Personal Care,Perawatan Wajah,Glow & Lovely Pembersih Wajah Foam untuk Kulit Kusam Multivitamin 50 g,22.500
7619,Personal Care,Perawatan Wajah,Himalaya Purifying Masker Wajah Neem 50 ml,19.500
7620,Personal Care,Perawatan Wajah,Hanasui Bright & Clear Micellar Water Pembersih Makeup 300 ml,43.500
7621,Personal Care,Perawatan Wajah,Pinkberry Ceraglow Gel Moisturizer Pelembap Wajah 30 ml,26.900
7622,Personal Care,Perawatan Wajah,Hose x One Piece Pembersih Wajah Anti Jerawat Tube 100 ml,23.600
7623,Personal Care,Perawatan Wajah,Pinkberry AHAcne Pembersih Wajah Anti Jerawat 100 ml,26.900
7624,Personal Care,Perawatan Wajah,Pinkberry Ceracalm Moisturizer Gel Pelembap Wajah 30 ml,26.900
7625,Personal Care,Perawatan Wajah,Pond's Age Miracle Ultimate Youth Pembersih Wajah Anti Aging 100 g,36.500
7626,Personal Care,Perawatan Wajah,Hose Pembersih Wajah Low pH Anti Jerawat 100 ml,35.900
7627,Personal Care,Perawatan Wajah,Pinkberry Sun Goes Down Silky Sun Serum Sunscreen Wajah SPF 50 30 ml,38.900
7628,Personal Care,Perawatan Wajah,Garnier Mochi Dry Touch Krim Pelembap Wajah Vitamin C 30 ml,46.900
7629,Personal Care,Perawatan Wajah,Kahf Triple Action Pembersih Wajah Anti Minyak & Komedo 100 ml,48.500
7630,Personal Care,Perawatan Wajah,Garnier Micellar Water Pembersih Makeup untuk Kulit Sensitif 300 + 100 ml,49.900
7631,Personal Care,Perawatan Wajah,Viva Gold Whitening Serum Wajah 20 ml,21.900
7632,Personal Care,Perawatan Wajah,Shinzu'i Whitessentials Pembersih Wajah Anti Jerawat 80 + 20 ml,24.400
7633,Personal Care,Perawatan Wajah,Glad2Glow Centella Gel Moisturizer Pelembap Wajah Anti Jerawat 55 g,51.500
7634,Personal Care,Perawatan Wajah,Wardah C-Defense Pembersih Wajah Creamy Energizing 100 ml,36.900
7635,Personal Care,Perawatan Wajah,Nivea Pelembap Bibir Stroberi Shine 4.8 g,26.900
7636,Personal Care,Perawatan Wajah,Pond's Bright Miracle Ultra Light Biome Pelembab Wajah Niasorcinol 15 g,34.900
7637,Personal Care,Perawatan Wajah,Himalaya Purifying Masker Wajah Neem 100 ml,33.900
7638,Personal Care,Perawatan Wajah,Wardah Lightening Krim Pagi Pelembab Wajah SPF 30 Tube 20 ml,21.900
7639,Personal Care,Perawatan Wajah,Senka Perfect Whip Pembersih Wajah Foam Beauty 50 g,26.500
7640,Personal Care,Perawatan Wajah,Glad2Glow Micellar Water Pembersih Makeup Mugwort Salicylic Acid 130 ml,33.500
7641,Personal Care,Perawatan Wajah,Ovale 2 in 1 Lotion Pembersih Makeup untuk Kulit Berminyak Anti Jerawat 200 ml,34.000
7642,Personal Care,Perawatan Wajah,Hose x One Piece Pembersih Wajah untuk Kulit Kusam Tube 100 ml,23.600
7643,Personal Care,Perawatan Wajah,Pinkberry Sun Goes Down Sunscreen Wajah SPF 40 30 ml,34.800
7644,Personal Care,Perawatan Wajah,Derma Angel Patch Jerawat Pagi 6 pcs + Malam 3 pcs,13.500
7645,Personal Care,Perawatan Wajah,Pigeon Teens Pembersih Wajah Foam Mild 100 g,21.900
7646,Personal Care,Perawatan Wajah,The Originote Micellar Water Pembersih Makeup Hyalurose Pump 300 ml,46.900
7647,Personal Care,Perawatan Wajah,Hanasui Serum Wajah Anti Jerawat 20 ml,23.900
7648,Personal Care,Perawatan Wajah,Dream Whitening Sabun Batang Pembersih Wajah Kulit Kusam Pepaya 100 g,16.500
7649,Personal Care,Perawatan Wajah,Pigeon Teens Sunscreen Remaja SPF 35 30 ml,34.900
7650,Personal Care,Perawatan Wajah,Facetology Triple Care Acne Calm Micellar Water Pembersih Makeup 300 ml,41.500
7651,Personal Care,Perawatan Wajah,Cetaphil Gentle Skin Pembersih Wajah & Tubuh 118 ml,76.900
7652,Personal Care,Perawatan Wajah,Vaseline Lip Care Pelembap Bibir Rosy Tinted 10 g,35.200
7653,Personal Care,Perawatan Wajah,Emina Bright Stuff Krim Moisturizer Wajah Ultra Light 20 ml,29.500
7654,Personal Care,Perawatan Wajah,Glad2Glow Centella Salicylic Acid Pembersih Wajah Gel Anti Jerawat 70 ml,43.500
7655,Personal Care,Perawatan Wajah,Viva Vit C Collagen Serum Wajah 20 ml,21.900
7656,Personal Care,Perawatan Wajah,Hanasui Lightweight Pro Calming Sunscreen Wajah SPF 50 PA++++ 30 ml,32.900
7657,Personal Care,Perawatan Wajah,Pond's Bright Miracle Niacinamide Susu Pembersih Wajah Mencerahkan 150 ml,16.500
7658,Personal Care,Perawatan Wajah,The Originote Moisturizer Pelembap Wajah Hyalucera 50 ml,43.500
7659,Personal Care,Perawatan Wajah,Scora Sheer Glow Krim Tone Up Wajah 20 g,29.900
7660,Personal Care,Perawatan Wajah,Vio Acne Shield Patch Jerawat Karakter 24 pcs,38.000
7661,Personal Care,Perawatan Wajah,Garnier Mochi Dry Touch Krim Pelembap Wajah Niacinamide 30 ml,46.900
7662,Personal Care,Perawatan Wajah,Safi White Natural Pembersih Wajah untuk Kulit Kusam Naturally Bright 50 g,17.300
7663,Personal Care,Perawatan Wajah,Hada Labo Gokujyun Moisturizer Lotion Pelembap Wajah 100 ml,39.000
7664,Personal Care,Perawatan Wajah,Pond's Bright Miracle Krim Pelembap Wajah Niasorcinol 40 g,45.000
7665,Personal Care,Perawatan Wajah,Acnes Natural Care Pembersih Wajah Complete White 100 g,25.000
7666,Personal Care,Riasan Wajah & Tubuh,Viva Pensil Alis Hitam 1.3 g,37.800
7667,Personal Care,Riasan Wajah & Tubuh,Moko Moko My Precious Lip Cream Dreamy Nude Pink 2.5 ml,22.800
7668,Personal Care,Riasan Wajah & Tubuh,Moko Moko My Precious Eyeliner Hitam 2.5 ml,22.900
7669,Personal Care,Riasan Wajah & Tubuh,Moko Moko My Precious Lip Tint Strawberry Red 2.5 ml,22.800
7670,Personal Care,Riasan Wajah & Tubuh,Emina Daily Matte Bedak Tabur Wajah 01 Light Beige 20 g,
7671,Personal Care,Riasan Wajah & Tubuh,Wardah Perona Pipi & Lip Tint Pink On Point 5.5 g,
7672,Personal Care,Riasan Wajah & Tubuh,Emina Cheek Lit Krim Perona Pipi Peach 10 ml,
7673,Personal Care,Riasan Wajah & Tubuh,Wardah Perona Pipi & Lip Tint Red 5.5 g,
7674,Personal Care,Riasan Wajah & Tubuh,Emina Beauty Bliss BB Cream Natural 20 ml,
7675,Personal Care,Riasan Wajah & Tubuh,Emina Beauty Bliss BB Cream Light 20 ml,
7676,Personal Care,Riasan Wajah & Tubuh,Wardah Colorfit Velvet Matte Lip Mousse Cream 02 Joyful Orange 4 g,
7677,Personal Care,Riasan Wajah & Tubuh,Wardah Colorfit Velvet Matte Lip Mousse Cream 05 Mauve 4 g,
7678,Personal Care,Riasan Wajah & Tubuh,Emina Daily Matte Bedak Tabur Wajah 02 Natural Beige 20 g,
7679,Personal Care,Riasan Wajah & Tubuh,Emina Creamy Lip Tint 01 Brick Town 3.6 g,
7680,Personal Care,Riasan Wajah & Tubuh,Emina Cheeklit Perona Pipi Cotton Candy 3.5 g,
7681,Personal Care,Riasan Wajah & Tubuh,Emina Cheeklit Perona Pipi Marshmallow Lady 3.5 g,
7682,Personal Care,Riasan Wajah & Tubuh,Emina Glossy Stain Lip Tint 02 Apple Shower,
7683,Personal Care,Riasan Wajah & Tubuh,Emina Magic Potion Lip Tint 03 Smitten,
7684,Personal Care,Riasan Wajah & Tubuh,Emina Magic Potion Lip Tint 05 Summer,
7685,Personal Care,Riasan Wajah & Tubuh,Emina Glossy Stain Lip Tint 04 Peach Sprinkles,
7686,Personal Care,Riasan Wajah & Tubuh,Emina Lip Cream 02 Fuzzy Wuzzy,
7687,Personal Care,Riasan Wajah & Tubuh,Emina Lip Cream 09 Baby Fox,
7688,Personal Care,Riasan Wajah & Tubuh,Emina Creamy Lip Tint 02 Peach Crush 3.6 g,
7689,Personal Care,Riasan Wajah & Tubuh,Emina Creamy Lip Tint 05 Cherry Soda 3.6 g,
7690,Personal Care,Riasan Wajah & Tubuh,Emina Glossy Stain Lip Tint 01 Autumn Bell,
7691,Personal Care,Riasan Wajah & Tubuh,Emina Glossy Stain Lip Tint 05 Spring Dazzle,
7692,Personal Care,Riasan Wajah & Tubuh,Wardah Perona Pipi & Lip Tint Berry 5.5 g,
7693,Personal Care,Riasan Wajah & Tubuh,Hanasui Serum Cushion Wajah Natural 02 15 g,
7694,Personal Care,Riasan Wajah & Tubuh,Wardah Lightening Concealer Cair 02 Neutral Beige 6 g,
7695,Personal Care,Riasan Wajah & Tubuh,Maybelline Superstay Lip Cream Vinyl Ink Matte 65 Saucy,135.000
7696,Personal Care,Riasan Wajah & Tubuh,L'Oreal Paris Infallible Lip Cream Matte Resistance 115 Snooze Your Alarm,119.000
7697,Personal Care,Riasan Wajah & Tubuh,L'Oreal Paris Infallible Lip Cream Matte Resistance 210 Tropical Vacay,119.000
7698,Personal Care,Riasan Wajah & Tubuh,L'Oreal Paris Infallible Lip Cream Matte Resistance 230 Shopping Spree,119.000
7699,Personal Care,Riasan Wajah & Tubuh,L'Oreal Paris Infallible Lip Cream Matte Resistance 120 Major Crush,119.000
7700,Personal Care,Riasan Wajah & Tubuh,L'Oreal Paris Infallible Lip Cream Matte Resistance 601 Worth It,119.000
7701,Personal Care,Riasan Wajah & Tubuh,L'Oreal Paris Infallible Lip Cream Matte Resistance 630 Rose Heat,119.000
7702,Personal Care,Riasan Wajah & Tubuh,Moko Moko My Precious Lip Cream Lush Red 2.5 ml,22.800
7703,Personal Care,Riasan Wajah & Tubuh,Pigeon Teens Bedak Wajah Remaja UV Protection Natural 14 g,34.900
7704,Personal Care,Riasan Wajah & Tubuh,Implora Jelly Lip Tint Mariposa 5 ml,19.000
7705,Personal Care,Riasan Wajah & Tubuh,Implora Jelly Lip Tint Savvy Red 5 ml,19.000
7706,Personal Care,Riasan Wajah & Tubuh,Implora Jelly Lip Tint Burnt Orange 5 ml,19.000
7707,Personal Care,Riasan Wajah & Tubuh,Implora Jelly Lip Tint Rosewood 5 ml,19.000
7708,Personal Care,Riasan Wajah & Tubuh,Maybelline Superstay Lip Liquid Matte Ink 365 Enthusiast,125.000
7709,Personal Care,Riasan Wajah & Tubuh,Maybelline Superstay Lip Cream Vinyl Ink Matte 60 Mischievous,135.000
7710,Personal Care,Riasan Wajah & Tubuh,Maybelline Superstay Lip Cream Vinyl Ink Matte 130 Extra,135.000
7711,Personal Care,Riasan Wajah & Tubuh,Hanasui Eyebrowtiful Pensil Alis Cokelat,14.000
7712,Personal Care,Riasan Wajah & Tubuh,Hanasui Eyebrowtiful Pensil Alis Black,14.000
7713,Personal Care,Riasan Wajah & Tubuh,Hanasui Eyebrowtiful Pensil Alis Cokelat Muda,14.000
7714,Personal Care,Riasan Wajah & Tubuh,Hanasui Eyetractive Eyeliner Pensil,27.000
7715,Personal Care,Riasan Wajah & Tubuh,Wardah EyeXpert Eyeliner Hitam,77.000
7716,Personal Care,Riasan Wajah & Tubuh,Wardah Maskara The Volume Expert 7 g,77.000
7717,Personal Care,Riasan Wajah & Tubuh,Wardah Colorfit Velvet Matte Lip Mousse Cream 09 Ombre Charmer 4 g,67.900
7718,Personal Care,Riasan Wajah & Tubuh,Wardah Colorfit Velvet Matte Lip Mousse Cream Sweet Cinnamon 4 g,67.900
7719,Personal Care,Riasan Wajah & Tubuh,Wardah Everyday Luminous Bedak Tabur Wajah 01 Light Beige 30 g,41.000
7720,Personal Care,Riasan Wajah & Tubuh,Maybelline Superstay Lip Liquid Matte Ink 205 Assertive,125.000
7721,Personal Care,Riasan Wajah & Tubuh,Skintific Cover All Perfect Cushion Wajah SPF 35 Vanila 11 g,147.000
7722,Personal Care,Riasan Wajah & Tubuh,Skintific Cover All Perfect Cushion Wajah SPF 35 Ivory 11 g,147.000
7723,Personal Care,Riasan Wajah & Tubuh,Skintific Cover All Perfect Cushion Wajah SPF 35 Petal 11 g,147.000
7724,Personal Care,Riasan Wajah & Tubuh,Skintific Cover All Perfect Cushion Wajah SPF 35 Almond 11 g,147.000
7725,Personal Care,Riasan Wajah & Tubuh,Skintific Cover All Perfect Cushion Wajah SPF 35 Beige 11 g,147.000
7726,Personal Care,Riasan Wajah & Tubuh,Wardah Glasting Lip Liquid 01 Caramel Coat 3.5 g,83.000
7727,Personal Care,Riasan Wajah & Tubuh,Wardah Glasting Lip Liquid 02 Peach Polish 3.5 g,83.000
7728,Personal Care,Riasan Wajah & Tubuh,Wardah Glasting Lip Liquid 04 Rosewood Radiance 3.5 g,83.000
7729,Personal Care,Riasan Wajah & Tubuh,Implora Pomade Alis Cokelat Gelap 2.5 g,19.000
7730,Personal Care,Riasan Wajah & Tubuh,Implora Pomade Alis Abu Gelap 2.5 g,19.000
7731,Personal Care,Riasan Wajah & Tubuh,OMG Oh My Glam Mattelast Lip Cream Matte Latte 3.5 g,22.500
7732,Personal Care,Riasan Wajah & Tubuh,OMG Oh My Glam Mattelast Lip Cream Matte Cappucino 3.5 g,22.500
7733,Personal Care,Riasan Wajah & Tubuh,OMG Oh My Glam Mattelast Lip Cream Matte Espresso 3.5 g,25.500
7734,Personal Care,Riasan Wajah & Tubuh,Barenbliss Peach Makes Perfect Lip Tint Glossy - 06 Brave Enough,57.900
7735,Personal Care,Riasan Wajah & Tubuh,Somethinc Checkmatte Lipstik 16 Paladin 3.8 g,85.000
7736,Personal Care,Riasan Wajah & Tubuh,Somethinc Hooman Breathable UV Cushion SPF 35 N01 Nina 15 g,165.000
7737,Personal Care,Riasan Wajah & Tubuh,Somethinc Copy Paste Breathable Cushion SPF 33 N01 Nina 15 g,165.000
7738,Personal Care,Riasan Wajah & Tubuh,Somethinc Hangover Voluminous Fiber Lash Maskara Waterproof 7 g,72.000
7739,Personal Care,Riasan Wajah & Tubuh,Skintific Perfect Stay Velvet Matte Cushion 01 Vanilla 11 g,169.000
7740,Personal Care,Riasan Wajah & Tubuh,Skintific Perfect Stay Velvet Matte Cushion 02 Ivory 11 g,169.000
7741,Personal Care,Riasan Wajah & Tubuh,Skintific Perfect Stay Velvet Matte Cushion 03 Petal 11 g,169.000
7742,Personal Care,Riasan Wajah & Tubuh,Somethinc Hooman Breathable UV Cushion SPF 35 N02 Charlotte 15 g,165.000
7743,Personal Care,Riasan Wajah & Tubuh,Somethinc Copy Paste Breathable Cushion SPF 33 N02 Charlotte 15 g,165.000
7744,Personal Care,Riasan Wajah & Tubuh,Somethinc Checkmatte Lipstik 04 Grandmaster 3.8 g,85.000
7745,Personal Care,Riasan Wajah & Tubuh,Emina Airy Surprise Lip Tint + Gantungan 01 Y2K Gal 3 g,60.000
7746,Personal Care,Riasan Wajah & Tubuh,Emina Airy Surprise Lip Tint + Gantungan 02 Chillax 3 g,55.000
7747,Personal Care,Riasan Wajah & Tubuh,Emina Airy Surprise Lip Tint + Gantungan 03 1-000-Pink 3 g,55.000
7748,Personal Care,Riasan Wajah & Tubuh,Emina Airy Surprise Lip Tint + Gantungan 04 Bewitched 3 g,55.000
7749,Personal Care,Riasan Wajah & Tubuh,Emina Airy Surprise Lip Tint + Gantungan 05 Flip Phone 3 g,55.000
7750,Personal Care,Riasan Wajah & Tubuh,Emina Airy Surprise Lip Tint + Gantungan 08 Yada Yada 3 g,55.000
7751,Personal Care,Riasan Wajah & Tubuh,Skintific Peptide Nourishing Serum Pelembap & Pencerah Bibir 6.5 ml,103.000
7752,Personal Care,Riasan Wajah & Tubuh,Skintific Ultra Cover Bedak Wajah Foundation Matte 01 Vanilla 9 g,149.000
7753,Personal Care,Riasan Wajah & Tubuh,Skintific Ultra Cover Bedak Wajah Foundation Matte 02 Ivory 9 g,149.000
7754,Personal Care,Riasan Wajah & Tubuh,Skintific Ultra Cover Bedak Wajah Foundation Matte 03 Petal 9 g,149.000
7755,Personal Care,Riasan Wajah & Tubuh,Judydoll Maskara Besi 01 Black 2 g,107.000
7756,Personal Care,Riasan Wajah & Tubuh,Judydoll Perona Pipi 06 Peach Mousse,59.900
7757,Personal Care,Riasan Wajah & Tubuh,Judydoll Perona Pipi 48 Ash Pink,59.900
7758,Personal Care,Riasan Wajah & Tubuh,Pigeon Teens Bright Heroes Bedak Tabur Wajah 12 g,24.900
7759,Personal Care,Riasan Wajah & Tubuh,Wardah Moist Dew Lip Tint 01 Rosemilk Parfait 3 g,55.000
7760,Personal Care,Riasan Wajah & Tubuh,Wardah Moist Dew Lip Tint 02 Pink Lemonade 3 g,55.000
7761,Personal Care,Riasan Wajah & Tubuh,Maybelline Lash Sensational Firework Maskara Waterproof 8.75 ml,143.900
7762,Personal Care,Riasan Wajah & Tubuh,Maybelline Superstay Lumi Matte Foundation 120 SPF 16 35 ml,135.900
7763,Personal Care,Riasan Wajah & Tubuh,Maybelline Superstay Lumi Matte Foundation 128 SPF 16 35 ml,135.900
7764,Personal Care,Riasan Wajah & Tubuh,Maybelline Superstay Lumi Matte Foundation 220 SPF 16 35 ml,135.900
7765,Personal Care,Riasan Wajah & Tubuh,Maybelline Superstay Teddy Lip Tint 15 Skinnydip 5 ml,123.000
7766,Personal Care,Riasan Wajah & Tubuh,Maybelline Superstay Teddy Lip Tint 25 Baby Tee 5 ml,123.000
7767,Personal Care,Riasan Wajah & Tubuh,Maybelline Superstay Teddy Lip Tint 55 Knee High 5 ml,123.000
7768,Personal Care,Riasan Wajah & Tubuh,Esqa Flawless Bedak Wajah Foundation Custard 6.5 g,139.000
7769,Personal Care,Riasan Wajah & Tubuh,Esqa Flawless Bedak Wajah Foundation Granola 6.5 g,139.000
7770,Personal Care,Riasan Wajah & Tubuh,Esqa Flawless Bedak Wajah Foundation Vanila 6.5 g,139.000
7771,Personal Care,Riasan Wajah & Tubuh,Esqa Flawless Concealer Cair Custard 5 g,119.000
7772,Personal Care,Riasan Wajah & Tubuh,Esqa Flawless Concealer Cair Granola 5 g,119.000
7773,Personal Care,Riasan Wajah & Tubuh,Esqa Flawless Concealer Cair Vanila 5 g,119.000
7774,Personal Care,Riasan Wajah & Tubuh,Esqa Flawless Micro Bedak Tabur Custard 12 g,129.000
7775,Personal Care,Riasan Wajah & Tubuh,Esqa Flawless Micro Bedak Tabur Vanila 12 g,129.000
7776,Personal Care,Riasan Wajah & Tubuh,Esqa Minimalist Blurring Serum Skin Tint SPF 35 Custard 35 ml,145.000
7777,Personal Care,Riasan Wajah & Tubuh,Esqa Minimalist Blurring Serum Skin Tint SPF 35 Granola 35 ml,145.000
7778,Personal Care,Riasan Wajah & Tubuh,Esqa Minimalist Blurring Serum Skin Tint SPF 35 Vanila 35 ml,145.000
7779,Personal Care,Riasan Wajah & Tubuh,Esqa Wonder Crush Serum Perona Pipi Cair Icons Only 6 ml,109.000
7780,Personal Care,Riasan Wajah & Tubuh,Esqa Goddess Palet Eyeshadow Mauve 9 g,189.000
7781,Personal Care,Riasan Wajah & Tubuh,Esqa Glaze Trio Palet Eyeshadow Day Dreaming 4.5 g,95.000
7782,Personal Care,Riasan Wajah & Tubuh,Esqa Intense Eyeliner Tahan Air Hitam 1 ml,107.000
7783,Personal Care,Riasan Wajah & Tubuh,Esqa Pomade Pensil Alis Cokelat Gelap 0.1 g,99.000
7784,Personal Care,Riasan Wajah & Tubuh,Esqa Slick Drip Serum Lip Tint Rose Souffle 2.5 ml,92.000
7785,Personal Care,Riasan Wajah & Tubuh,Esqa Slick Drip Serum Lip Tint Royal Ruby 2.5 ml,92.000
7786,Personal Care,Riasan Wajah & Tubuh,Wardah Lightening Bedak Wajah 02 Pink Beige 12 g,65.900
7787,Personal Care,Riasan Wajah & Tubuh,Wardah Lightening Bedak Wajah 02 Pink Beige Refill,44.500
7788,Personal Care,Riasan Wajah & Tubuh,Viva Pensil Alis Cokelat 1.3 g,45.500
7789,Personal Care,Riasan Wajah & Tubuh,Wardah Lightening Bedak Wajah 03 Pink Fair 12 g,63.900
7790,Personal Care,Riasan Wajah & Tubuh,Wardah Lightening Bedak Wajah 03 Pink Fair Refill,44.500
7791,Personal Care,Riasan Wajah & Tubuh,Pixy UV Whitening Bedak Wajah Two Way Cake Natural White 12.2 g,54.200
7792,Personal Care,Riasan Wajah & Tubuh,Viva Pensil Alis Cokelat Gelap 1.3 g,44.500
7793,Personal Care,Riasan Wajah & Tubuh,Pixy UV Whitening Stik Concealer & Base Foundation 01 Natural Beige,46.200
7794,Personal Care,Riasan Wajah & Tubuh,Wardah Colorfit Perfect Glow Cushion 23W Warm Ivory SPF 40 15 g,115.000
7795,Personal Care,Riasan Wajah & Tubuh,Wardah Colorfit Perfect Glow Cushion 32N Neutral Beige SPF 40 15 g,115.000
7796,Personal Care,Riasan Wajah & Tubuh,Wardah Colorfit 5D Blur Cloud Cushion 23W Warm Ivory SPF 50 15 g,139.000
7797,Personal Care,Riasan Wajah & Tubuh,Wardah Colorfit 5D Blur Cloud Cushion 32N Neutral Beige SPF 50 15 g,139.000
7798,Personal Care,Riasan Wajah & Tubuh,Somethinc Forever Stay Comfort Lip Glaze Cream 03 Treschic,92.000
7799,Personal Care,Riasan Wajah & Tubuh,Somethinc Forever Stay Comfort Lip Glaze Cream 05 Unreal,89.000
7800,Personal Care,Riasan Wajah & Tubuh,Somethinc Forever Stay Comfort Lip Glaze Cream 06 Mantra,89.000
7801,Personal Care,Riasan Wajah & Tubuh,Somethinc Forever Stay Comfort Lip Glaze Cream 07 Sassy,89.000
7802,Personal Care,Riasan Wajah & Tubuh,Somethinc Forever Stay Comfort Lip Glaze Cream 08 Notty,89.000
7803,Personal Care,Riasan Wajah & Tubuh,Glad2Glow Perfect Cover Cushion Foundation 02 Praline 11 g,85.000
7804,Personal Care,Riasan Wajah & Tubuh,Glad2Glow Perfect Cover Cushion Foundation 03 Custard 11 g,85.000
7805,Personal Care,Riasan Wajah & Tubuh,Esqa Flawless Serum Cushion Satin SPF 50 Custard 15 g,169.000
7806,Personal Care,Riasan Wajah & Tubuh,Esqa Flawless Serum Cushion Satin SPF 50 Granola 15 g,169.000
7807,Personal Care,Riasan Wajah & Tubuh,Esqa Flawless Serum Cushion Satin SPF 50 Vanila 15 g,169.000
7808,Personal Care,Riasan Wajah & Tubuh,OMG Oh My Glam Mattelast Lip Cream Matte 28 Cromboloni 2.9 g,23.000
7809,Personal Care,Riasan Wajah & Tubuh,OMG Oh My Glam Mattelast Lip Cream Matte 12 Scarlet 2.9 g,23.000
7810,Personal Care,Riasan Wajah & Tubuh,OMG Oh My Glam Colorlast Lip Vinyl Gloss 05 Scarlet 2.5 g,35.000
7811,Personal Care,Riasan Wajah & Tubuh,OMG Oh My Glam Colorlast Lip Vinyl Gloss 01 Perfect Match 2.5 g,35.000
7812,Personal Care,Riasan Wajah & Tubuh,OMG Oh My Glam Coverlast Cushion 32N Natural 15 g,60.000
7813,Personal Care,Riasan Wajah & Tubuh,OMG Oh My Glam Coverlast Cushion 13C Ivory 15 g,60.000
7814,Personal Care,Riasan Wajah & Tubuh,OMG Oh My Glam Coverlast Cushion 50N Creme 15 g,60.000
7815,Personal Care,Riasan Wajah & Tubuh,OMG Oh My Glam Colorlast Lip Vinyl Gloss 06 Trendsetter 2.5 g,35.000
7816,Personal Care,Riasan Wajah & Tubuh,Judydoll Slim Eyebrow Pensil Alis 01 Grey Brown 1 g,65.900
7817,Personal Care,Riasan Wajah & Tubuh,Judydoll Tinted Sunscreen Ivory 40 ml,179.900
7818,Personal Care,Riasan Wajah & Tubuh,Judydoll Tinted Sunscreen Beige 40 ml,179.900
7819,Personal Care,Riasan Wajah & Tubuh,Judydoll Ink Eyeliner Intense Black Eyeliner 5 ml,76.900
7820,Personal Care,Riasan Wajah & Tubuh,Judydoll Lip Matte N107 Red Velvet 6 ml,63.500
7821,Personal Care,Riasan Wajah & Tubuh,Judydoll Lip Matte N101 Milky Pink 6 ml,63.900
7822,Personal Care,Riasan Wajah & Tubuh,Judydoll Lip Matte N104 Rosy Wood 6 ml,63.900
7823,Personal Care,Riasan Wajah & Tubuh,Judydoll Lip Matte N14 Raspberry Pout 6 ml,63.900
7824,Personal Care,Riasan Wajah & Tubuh,Hanasui Mattedorable Lip Cream Matte 01 - Kiss 4 g,29.500
7825,Personal Care,Riasan Wajah & Tubuh,Hanasui Mattedorable Lip Cream Matte 06 - Ritz 4 g,29.500
7826,Personal Care,Riasan Wajah & Tubuh,Hanasui Mattedorable Lip Cream Matte 08 - Fancy 4 g,29.500
7827,Personal Care,Riasan Wajah & Tubuh,Hanasui Perona Pipi Perfect Cheek Blush & Go 2.5 g,39.000
7828,Personal Care,Riasan Wajah & Tubuh,Hanasui Fix and Glow Setting Spray 60 ml,29.900
7829,Personal Care,Riasan Wajah & Tubuh,Hanasui Tintdorable Lip Tint Stain Cooper-07 3.5 g,20.000
7830,Personal Care,Riasan Wajah & Tubuh,Hanasui Serum Cushion Wajah Soulmatte 102 Natural 15 g,75.000
7831,Personal Care,Riasan Wajah & Tubuh,Hanasui Mattedorable Lip Cream Matte 05 - Classy 4 g,29.500
7832,Personal Care,Riasan Wajah & Tubuh,Hanasui Mattedorable Lip Cream Matte 07 - Spark 4 g,29.500
7833,Personal Care,Riasan Wajah & Tubuh,Hanasui Lip Cream Forest Berry Boba Edition 4 g,29.000
7834,Personal Care,Riasan Wajah & Tubuh,Hanasui Lip Cream Brown Sugar Boba Edition 4 g,29.000
7835,Personal Care,Riasan Wajah & Tubuh,Hanasui Lip Cream Salted Caramel Boba Edition 4 g,29.000
7836,Personal Care,Riasan Wajah & Tubuh,Hanasui Tintdorable Lip Tint Stain Coral-05 3.5 g,20.000
7837,Personal Care,Riasan Wajah & Tubuh,Hanasui Tintdorable Lip Tint Stain Bloody-06 3.5 g,20.000
7838,Personal Care,Riasan Wajah & Tubuh,Hanasui Tintdorable Lip Tint Stain Dreamy - 09 3.5 g,20.000
7839,Personal Care,Riasan Wajah & Tubuh,Implora Cat Kuku Nudes,36.000
7840,Personal Care,Riasan Wajah & Tubuh,Implora Cat Kuku Red,36.000
7841,Personal Care,Riasan Wajah & Tubuh,Somethinc Brow Wiz Retractable Pensil Alis Dark Brown 1 g,73.900
7842,Personal Care,Riasan Wajah & Tubuh,Somethinc Brow Wiz Retractable Pensil Alis Gray Brown 1 g,73.900
7843,Personal Care,Riasan Wajah & Tubuh,Somethinc Copy Paste Breathable Cushion SPF 33 N01 Nina Refill 15 g,145.000
7844,Personal Care,Riasan Wajah & Tubuh,Somethinc Hooman Breathable UV Cushion SPF 35 N01 Nina Refill 15 g,145.000
7845,Personal Care,Riasan Wajah & Tubuh,Barenbliss Peach Makes Perfect Lip Tint - 12 Fly High,69.000
7846,Personal Care,Riasan Wajah & Tubuh,Maybelline Eyeliner Line Tattoo High Impact,89.000
7847,Personal Care,Riasan Wajah & Tubuh,Maybelline Maskara Waterproof Volum Express Hyper Curl 9.2 ml,95.500
7848,Personal Care,Riasan Wajah & Tubuh,Marina Bedak Wajah UV Protect 12 g,12.200
7849,Personal Care,Riasan Wajah & Tubuh,Pixy UV Whitening Bedak Wajah Two Way Cake Perfect Fit Natural White Refill 12.2 g,32.700
7850,Personal Care,Riasan Wajah & Tubuh,Wardah Lightening BB Tint SPF 32 01 Neutral Fair 15 ml,41.000
7851,Personal Care,Riasan Wajah & Tubuh,Emina Bright Stuff Bedak Tabur Wajah 55 g,31.900
7852,Personal Care,Riasan Wajah & Tubuh,Moko Moko My Precious Maskara Midnight Black 2.5 ml,22.900
7853,Personal Care,Riasan Wajah & Tubuh,Pixy UV Whitening Bedak Wajah Two Way Cake Perfect Fit Natural Beige Refill,32.700
7854,Personal Care,Riasan Wajah & Tubuh,Pinkberry Perfect Brow Pensil Alis Hitam 1.6 g,
7855,Personal Care,Riasan Wajah & Tubuh,Pinkberry Eyeliner Pen Waterproof Hitam 0.5 g,
7856,Personal Care,Riasan Wajah & Tubuh,Pinkberry Perfect Brow Pensil Alis Cokelat 1.6 g,
7857,Personal Care,Riasan Wajah & Tubuh,Implora Day To Day Pensil Alis Taupe 0.08 g,21.000
7858,Personal Care,Riasan Wajah & Tubuh,Implora Day To Day Pensil Alis Ash Brown 0.08 g,21.000
7859,Personal Care,Riasan Wajah & Tubuh,Implora Day To Day Pensil Alis Cokelat Gelap 0.08 g,21.000
7860,Personal Care,Riasan Wajah & Tubuh,Implora Day to Day Bedak Wajah Two Way Cake 01 Porcelain 10 g,56.500
7861,Personal Care,Riasan Wajah & Tubuh,Implora Day to Day Bedak Wajah Two Way Cake 04 Honey 10 g,56.500
7862,Personal Care,Riasan Wajah & Tubuh,Implora Day to Day Bedak Wajah Two Way Cake 05 Toffee 10 g,56.500
7863,Personal Care,Riasan Wajah & Tubuh,Implora Day to Day Bedak Wajah Two Way Cake 01 Porcelain Refill 10 g,38.000
7864,Personal Care,Riasan Wajah & Tubuh,Implora Day to Day Bedak Wajah Two Way Cake 04 Honey Refill 10 g,38.000
7865,Personal Care,Riasan Wajah & Tubuh,Implora Day to Day Bedak Wajah Two Way Cake 05 Toffee Refill 10 g,38.000
7866,Personal Care,Riasan Wajah & Tubuh,Implora Day To Day Lip Bullet Lipstik + Gantungan 01 Intention 1.5 g,27.000
7867,Personal Care,Riasan Wajah & Tubuh,Implora Day To Day Lip Bullet Lipstik + Gantungan 04 Attention 1.5 g,27.000
7868,Personal Care,Riasan Wajah & Tubuh,Implora Day To Day Lip Bullet Lipstik + Gantungan 05 At Night 1.5 g,27.000
7869,Personal Care,Riasan Wajah & Tubuh,Implora Day To Day Matte Lip Cream 01 Uplifted 4 g,26.500
7870,Personal Care,Riasan Wajah & Tubuh,Implora Day To Day Matte Lip Cream 03 Passionate 4 g,26.500
7871,Personal Care,Riasan Wajah & Tubuh,Implora Day To Day Matte Lip Cream 06 Attitude 4 g,26.500
7872,Personal Care,Riasan Wajah & Tubuh,Implora Even Better Foundation Cair Matte 01 Ivory 25 g,25.000
7873,Personal Care,Riasan Wajah & Tubuh,Implora Even Better Foundation Cair Matte 03 Linen 25 g,25.000
7874,Personal Care,Riasan Wajah & Tubuh,Somethinc Tipsy Lash Lift Lengthening Maskara Keratin 7 g,100.000
7875,Personal Care,Riasan Wajah & Tubuh,Somethinc Hooman Under Control Bedak Tabur Translucent 14 g,149.000
7876,Personal Care,Riasan Wajah & Tubuh,Somethinc Hooman Under Control Bedak Tabur Neutral 13 g,149.000
7877,Personal Care,Riasan Wajah & Tubuh,Somethinc Hooman Breathable UV Cushion SPF 35 N02 Charlotte Refill 15 g,145.000
7878,Personal Care,Riasan Wajah & Tubuh,Somethinc Copy Paste Breathable Cushion SPF 33 N02 Charlotte Refill 15 g,145.000
7879,Personal Care,Riasan Wajah & Tubuh,Skintific Daily Filter Perfect Skin Tint 02 Ivory 28 g,109.000
7880,Personal Care,Riasan Wajah & Tubuh,Maybelline Superstay Lumi Matte Foundation 111 SPF 16 18 ml,85.000
7881,Personal Care,Riasan Wajah & Tubuh,Maybelline Superstay Lumi Matte Foundation 120 SPF 16 18 ml,85.000
7882,Personal Care,Riasan Wajah & Tubuh,Skintific Daily Filter Perfect Skin Tint 01 Vanilla 28 g,109.000
7883,Personal Care,Riasan Wajah & Tubuh,Maybelline Fit Me Foundation 128 Warm Nude 5 ml,38.500
7884,Personal Care,Riasan Wajah & Tubuh,Maybelline Fit Me Foundation 220 Natural Beige 5 ml,38.500
7885,Personal Care,Riasan Wajah & Tubuh,Maybelline Fit Me Foundation 120 Classic Ivory 5 ml,38.500
7886,Personal Care,Riasan Wajah & Tubuh,Somethinc Brow Matters Triangle Pensil Alis Dark Brown 0.1 g,60.000
7887,Personal Care,Pembalut & Popok Dewasa,Confidence Popok Celana Dewasa Ekstra Serap M 10 pcs,54.900
7888,Personal Care,Pembalut & Popok Dewasa,Charm Safe Night Pembalut Celana Menstruasi All Size 2 pcs,12.900
7889,Personal Care,Pembalut & Popok Dewasa,Laurier Natural Clean Pantyliner 40 pcs,14.500
7890,Personal Care,Pembalut & Popok Dewasa,Charm Body Fit Pembalut Wanita Extra Maxi Wing 23 cm 10 pcs,11.900
7891,Personal Care,Pembalut & Popok Dewasa,Confidence Popok Celana Dewasa Ekstra Serap L 8 pcs,54.900
7892,Personal Care,Pembalut & Popok Dewasa,Laurier Relax Night Pembalut Wanita Wing Malam 35 cm 18 pcs,23.900
7893,Personal Care,Pembalut & Popok Dewasa,Confidence Popok Celana Dewasa Ekstra Serap XL 6 pcs,54.900
7894,Personal Care,Pembalut & Popok Dewasa,Laurier Relax Night Pembalut Wanita Wing Malam 30 cm 16 pcs,17.900
7895,Personal Care,Pembalut & Popok Dewasa,Laurier Relax Night Pembalut Wanita Wing Malam 30 cm 8 pcs,7.900
7896,Personal Care,Pembalut & Popok Dewasa,Laurier Active Day X-tra Pembalut Wanita Non Wing 30 pcs,19.500
7897,Personal Care,Pembalut & Popok Dewasa,Softex Daun Sirih Pembalut Wanita Non Wing 23 cm 18 pcs,14.500
7898,Personal Care,Pembalut & Popok Dewasa,Alfamart Popok Perekat Dewasa L 7 pcs,36.900
7899,Personal Care,Pembalut & Popok Dewasa,Parenty Popok Celana Dewasa Ekstra Serap L 8 + 4 pcs,59.900
7900,Personal Care,Pembalut & Popok Dewasa,Alfamart Popok Perekat Dewasa M 8 pcs,36.900
7901,Personal Care,Pembalut & Popok Dewasa,Alfamart Popok Celana Dewasa M 8 pcs,35.900
7902,Personal Care,Pembalut & Popok Dewasa,Alfamart Popok Celana Dewasa L 8 pcs,42.900
7903,Personal Care,Pembalut & Popok Dewasa,Laurier Active Day Pembalut Wanita Wing 22 cm 30 pcs,20.900
7904,Personal Care,Pembalut & Popok Dewasa,Laurier Super Slimguard Pembalut Wanita Wing 22.5 cm 10 pcs,14.500
7905,Personal Care,Pembalut & Popok Dewasa,Charm Safe Night Pembalut Wanita Wing Malam 29 cm 9 pcs,9.700
7906,Personal Care,Pembalut & Popok Dewasa,Charm Body Fit Pembalut Wanita Extra Maxi Non Wing 23 cm 30 pcs,23.200
7907,Personal Care,Pembalut & Popok Dewasa,Charm Cooling Fresh Pembalut Wanita Wing Malam Ekstrak Daun Mint 29 cm 10 pcs,14.900
7908,Personal Care,Pembalut & Popok Dewasa,Charm Body Fit Pembalut Wanita Extra Maxi Wing 23 cm 28 pcs,21.500
7909,Personal Care,Pembalut & Popok Dewasa,Charm Maxi Pembalut Wanita Wing 26 cm 16 pcs,15.900
7910,Personal Care,Pembalut & Popok Dewasa,Charm Cooling Fresh Pembalut Wanita Wing Malam Ekstrak Daun Mint 42 cm 6 pcs,14.900
7911,Personal Care,Pembalut & Popok Dewasa,Lifree Popok Perekat Dewasa L 7 pcs,46.900
7912,Personal Care,Pembalut & Popok Dewasa,Certainty Cegah Iritasi Popok Perekat Dewasa L 7 pcs,39.900
7913,Personal Care,Pembalut & Popok Dewasa,Flou by Pokana Pembalut Wanita Wing 34 cm 6 pcs,19.900
7914,Personal Care,Pembalut & Popok Dewasa,Certainty Cegah Iritasi Popok Celana Dewasa XL 6 pcs,39.900
7915,Personal Care,Pembalut & Popok Dewasa,Lifree Tipis & Nyaman Popok Celana Dewasa XL 6 pcs,56.900
7916,Personal Care,Pembalut & Popok Dewasa,Lifree Tipis & Nyaman Popok Celana Dewasa L 8 pcs,56.900
7917,Personal Care,Pembalut & Popok Dewasa,Flou by Pokana Pembalut Wanita Wing 30 cm 8 pcs,19.900
7918,Personal Care,Pembalut & Popok Dewasa,Lifree Popok Celana Dewasa Ekstra Serap M 10 pcs,59.900
7919,Personal Care,Pembalut & Popok Dewasa,Lifree Popok Perekat Dewasa XL 6 pcs,46.900
7920,Personal Care,Pembalut & Popok Dewasa,Lifree Tipis & Nyaman Popok Celana Dewasa M 10 pcs,56.900
7921,Personal Care,Pembalut & Popok Dewasa,Charm Cooling Fresh Pembalut Wanita Wing Malam Ekstrak Daun Mint 35 cm 8 pcs,14.900
7922,Personal Care,Pembalut & Popok Dewasa,Charm Pantyliner Cooling Fresh Ekstrak Daun Mint 32 pcs,17.900
7923,Personal Care,Pembalut & Popok Dewasa,Charm Cooling Fresh Pembalut Wanita Non Wing Natural Mint 23 cm 17 pcs,14.900
7924,Personal Care,Pembalut & Popok Dewasa,Charm Pantyliner Cooling Fresh Long & Wide Ekstrak Daun Mint 28 pcs,18.900
7925,Personal Care,Pembalut & Popok Dewasa,Charm Cooling Fresh Pembalut Wanita Wing Natural Mint 23 cm 15 pcs,14.900
7926,Personal Care,Pembalut & Popok Dewasa,Charm Safe Night Sleep Protect+ Pembalut Celana Menstruasi Wanita L - XL 2 pcs,18.500
7927,Personal Care,Pembalut & Popok Dewasa,Charm Safe Night Pembalut Wanita Wing Malam 35 cm 18 pcs,24.900
7928,Personal Care,Pembalut & Popok Dewasa,Charm Safe Night Pembalut Wanita Wing Malam 29 cm 30 pcs,28.900
7929,Personal Care,Pembalut & Popok Dewasa,Softex Daun Sirih Pantyliner 15 cm 44 pcs,16.900
7930,Personal Care,Pembalut & Popok Dewasa,Softex Daun Sirih Pantyliner 18 cm 30 pcs,14.900
7931,Personal Care,Pembalut & Popok Dewasa,Bagus Nina Anion Pembalut Wanita Wing 27 cm 10 pcs,26.900
7932,Personal Care,Pembalut & Popok Dewasa,Bagus Nina Anion Pembalut Wanita Wing 33 cm 8 pcs,33.900
7933,Personal Care,Pembalut & Popok Dewasa,Bagus Nina Anion Pantyliner 15 cm 20 pcs,18.500
7934,Personal Care,Pembalut & Popok Dewasa,Yoona Pantyliner 15 cm 20 pcs,21.500
7935,Personal Care,Pembalut & Popok Dewasa,Yoona Pembalut Wanita Organik Day 24.5 cm 10 pcs,26.500
7936,Personal Care,Pembalut & Popok Dewasa,Yoona Pembalut Wanita Organik Malam 29 cm 8 pcs,26.500
7937,Personal Care,Pembalut & Popok Dewasa,Yoona Pembalut Wanita Organik Malam 36 cm 6 pcs,27.500
7938,Personal Care,Pembalut & Popok Dewasa,Confidence Popok Celana Dewasa Daily Fresh M 9 pcs,45.000
7939,Personal Care,Pembalut & Popok Dewasa,Confidence Popok Celana Dewasa Daily Fresh L 8 pcs,45.000
7940,Personal Care,Pembalut & Popok Dewasa,Carefree Pantyliner Breathable 40 pcs,27.000
7941,Personal Care,Pembalut & Popok Dewasa,Carefree Pantyliner Healthy Fresh 40 pcs,30.900
7942,Personal Care,Pembalut & Popok Dewasa,Alfamart Popok Perekat Dewasa XL 6 pcs,43.900
7943,Personal Care,Pembalut & Popok Dewasa,Oto Popok Celana Dewasa L 16 pcs,110.000
7944,Personal Care,Pembalut & Popok Dewasa,Oto Popok Celana Dewasa XL 12 pcs,85.000
7945,Personal Care,Pembalut & Popok Dewasa,Oto Popok Perekat Dewasa L 14 pcs,79.900
7946,Personal Care,Pembalut & Popok Dewasa,Oto Popok Perekat Dewasa XL 12 pcs,85.000
7947,Personal Care,Pembalut & Popok Dewasa,Softex Daun Sirih Pembalut Wanita Wing Malam 36 cm 12 pcs,19.500
7948,Personal Care,Pembalut & Popok Dewasa,Softex Comfort Night Pembalut Wanita Wing Malam 36 cm 12 pcs,15.900
7949,Personal Care,Pembalut & Popok Dewasa,Laurier Relax Night Pembalut Wanita Wing Malam 40 cm 8 pcs,19.900
7950,Personal Care,Pembalut & Popok Dewasa,Laurier Daun Sirih Pembalut Wanita Wing Malam 35 cm 12 pcs,18.500
7951,Personal Care,Pembalut & Popok Dewasa,Laurier Daun Sirih Pembalut Wanita Wing 25 cm 16 pcs,15.900
7952,Personal Care,Pembalut & Popok Dewasa,Softex Beary Cool Pembalut Wanita Slim Wing Natural Lavender 23 cm 14 pads,14.900
7953,Personal Care,Pembalut & Popok Dewasa,Softex Daun Sirih Pembalut Wanita Wing Malam 29 cm 16 pcs,19.500
7954,Personal Care,Pembalut & Popok Dewasa,Softex Daun Sirih Pembalut Wanita Wing Malam 29 cm 24 pcs,25.500
7955,Personal Care,Pembalut & Popok Dewasa,Confidence Classic Popok Perekat Dewasa Malam M 8 pcs,42.900
7956,Personal Care,Pembalut & Popok Dewasa,Confidence Classic Popok Perekat Dewasa Malam L 7 pcs,44.900
7957,Personal Care,Pembalut & Popok Dewasa,Softex Daun Sirih Pembalut Wanita Wing 3 in 1 16 pcs,23.500
7958,Personal Care,Pembalut & Popok Dewasa,Oto Popok Celana Dewasa M 8 pcs,38.500
7959,Personal Care,Pembalut & Popok Dewasa,Hers Protex Cinnamoroll Pembalut Wanita Wing Malam 30 cm 20 + 2 pcs,16.500
7960,Personal Care,Pembalut & Popok Dewasa,Happily Popok Celana Dewasa L 8 pcs,38.900
7961,Personal Care,Pembalut & Popok Dewasa,Hers Protex Pembalut Wanita Wing Malam 30 cm 20 pcs,13.900
7962,Personal Care,Pembalut & Popok Dewasa,Confidence Classic Popok Perekat Dewasa Malam XL 6 pcs,44.900
7963,Personal Care,Pembalut & Popok Dewasa,Confidence Popok Celana Dewasa Pas Badan L 8 pcs,45.900
7964,Personal Care,Pembalut & Popok Dewasa,Laurier Relax Night Pembalut Wanita Wing Malam 30 cm 24 pcs,26.700
7965,Personal Care,Pembalut & Popok Dewasa,Laurier Relax Night Pembalut Celana Menstruasi Serap Maksimal 2 pcs,14.900
7966,Personal Care,Pembalut & Popok Dewasa,Softex Daun Sirih Pembalut Wanita Wing 36 cm 18 pcs,25.500
7967,Personal Care,Pembalut & Popok Dewasa,Softex Daun Sirih Pembalut Wanita Wing 42 cm 8 pcs,17.900
7968,Personal Care,Pembalut & Popok Dewasa,Softex Daun Sirih Pembalut Wanita Wing 23 cm 30 pcs,25.500
7969,Personal Care,Pembalut & Popok Dewasa,Softex Daun Sirih Pembalut Wanita Wing 23 cm 20 pcs,16.900
7970,Personal Care,Pembalut & Popok Dewasa,Laurier Super Slimguard Pembalut Wanita Wing 22.5 cm 20 pcs,25.900
7971,Personal Care,Pembalut & Popok Dewasa,Softex Gravity Pembalut Wanita Non Wing 23 cm 20 pcs,13.900
7972,Personal Care,Pembalut & Popok Dewasa,Happily Popok Celana Dewasa M 10 pcs,38.900
7973,Personal Care,Pembalut & Popok Dewasa,Hers Protex Cool Breeze Cinnamoroll Pembalut Wing 23.5 cm 15 + 2 pcs,12.500
7974,Personal Care,Pembalut & Popok Dewasa,"Hers Protex Natural Pembalut Wanita Wing Daun Sirih 23,5 cm 20 + 2 pcs",12.900
7975,Personal Care,Pembalut & Popok Dewasa,Charm Safe Night Pembalut Wanita Wing Malam 42 cm 7 pcs,19.900
7976,Personal Care,Pembalut & Popok Dewasa,Charm Safe Night Pembalut Wanita Wing Malam 35 cm 11 pcs,16.900
7977,Personal Care,Pembalut & Popok Dewasa,Charm Safe Night Pembalut Wanita Wing Malam 42 cm 14 pcs,34.500
7978,Personal Care,Pembalut & Popok Dewasa,Hers Protex Cinnamoroll Pembalut Wanita Wing 23.5 cm 20 + 2 pcs,13.500
7979,Personal Care,Pembalut & Popok Dewasa,Laurier Relax Night Pembalut Wanita Wing Malam 35 cm 12 pcs,20.300
7980,Personal Care,Pembalut & Popok Dewasa,Softex Daun sirih + Green Tea Pantyliner 15 cm 20 pcs,7.500
7981,Personal Care,Pembalut & Popok Dewasa,Charm Safe Night Pembalut Wanita Wing Malam 29 cm 18 pcs,18.900
7982,Personal Care,Pembalut & Popok Dewasa,Hers Protex Cool Breeze Cinnamoroll Pembalut Malam Wing 30 cm 10 + 2 pcs,12.500
7983,Personal Care,Pembalut & Popok Dewasa,Charm Safe Night Pembalut Wanita Wing Malam 35 cm 12 pcs,16.900
7984,Personal Care,Pembalut & Popok Dewasa,Confidence Popok Celana Dewasa Pas Badan M 10 pcs,45.900
7985,Personal Care,Pembalut & Popok Dewasa,Ladis Pembalut Celana Menstruasi Wanita M 3 pcs,11.900
7986,Personal Care,Pembalut & Popok Dewasa,Lifree Ekstra Serap Popok Celana Dewasa XXL 5 pcs,59.900
7987,Personal Care,Pembalut & Popok Dewasa,Certainty Cegah Iritasi Popok Perekat Dewasa M 8 pcs,39.900
7988,Personal Care,Pembalut & Popok Dewasa,Certainty Cegah Iritasi Popok Celana Dewasa L 7 pcs,39.900
7989,Personal Care,Pembalut & Popok Dewasa,Parenty Popok Celana Dewasa Ekstra Serap XL 8 + 4 pcs,79.900
7990,Personal Care,Pembalut & Popok Dewasa,Lifree Ekstra Serap Popok Celana Dewasa XL 6 pcs,59.900
7991,Personal Care,Pembalut & Popok Dewasa,Charm Pembalut Wanita Wing Daun Sirih + Herbal 29 cm 10 pcs,14.900
7992,Personal Care,Pembalut & Popok Dewasa,Lifree Ekstra Serap Popok Celana Dewasa L 8 pcs,59.900
7993,Personal Care,Pembalut & Popok Dewasa,Charm Cooling Fresh Pembalut Wanita Wing Natural Cucumber 23 cm 14 pcs,14.700
7994,Personal Care,Pembalut & Popok Dewasa,Laurier Pantyliner Non-perfume 40 pcs,13.800
7995,Personal Care,Pembalut & Popok Dewasa,Softex Beary Cool Pembalut Wanita Slim Wing Natural Lavender 36 cm 8 pads,14.900
7996,Personal Care,Pembalut & Popok Dewasa,Softex Gravity Pembalut Wanita Wing 23 cm 20 pcs,15.900
7997,Personal Care,Pembalut & Popok Dewasa,Softex Pembalut Celana Menstruasi Wanita 2 pcs,12.900
7998,Personal Care,Pembalut & Popok Dewasa,Charm Safe Night Daun Sirih Pembalut Wing Malam 35 cm 11 pcs,16.900
7999,Personal Care,Pembalut & Popok Dewasa,Charm Safe Night Daun Sirih Pembalut Wing Malam 29 cm 17 pcs,19.300
8000,Personal Care,Pembalut & Popok Dewasa,Hers Protex Pembalut Wanita Wing Malam 35 cm 12 pads,10.900
8001,Personal Care,Pembalut & Popok Dewasa,Softex Beary Cool Pantyliner Natural Lavender 20 pads,7.900
8002,Personal Care,Pembalut & Popok Dewasa,Lifree Popok Perekat Dewasa M 8 pcs,
8003,Personal Care,Pembalut & Popok Dewasa,Charm Daun Sirih Herbal Pembalut Wanita Wing Malam 35 cm 8 pcs,11.400
8004,Personal Care,Pembalut & Popok Dewasa,Charm Pantyliner Daun Sirih + Herbal 32 pcs,10.900
8005,Personal Care,Pembalut & Popok Dewasa,Certainty Cegah Iritasi Popok Perekat Dewasa XL 6 pcs,31.900
8006,Personal Care,Pembalut & Popok Dewasa,Softex Pembalut Celana Menstruasi XL 2 pcs,15.000
8007,Personal Care,Pembalut & Popok Dewasa,Certainty Cegah Iritasi Popok Celana Dewasa M 8 pcs,39.900
8008,Personal Care,Pembalut & Popok Dewasa,Softex Comfort Night Pembalut Wanita Wing Malam 29 cm 18 pcs,15.900
8009,Personal Care,Pembalut & Popok Dewasa,Oto Popok Celana Dewasa Unisex L 8 pcs,45.500
8010,Personal Care,Pembalut & Popok Dewasa,Oto Popok Celana Dewasa Unisex XL 8 pcs,60.900
8011,Personal Care,Pembalut & Popok Dewasa,Charm Body Fit Pembalut Wanita Extra Maxi Non Wing 23 cm 10 pcs,7.300
8012,Personal Care,Perawatan Gigi & Mulut,Pepsodent Pasta Gigi Pencegah Gigi Berlubang 225 g,12.900
8013,Personal Care,Perawatan Gigi & Mulut,Pepsodent Nanosoft Sikat Gigi Sensitive Soft,14.600
8014,Personal Care,Perawatan Gigi & Mulut,Closeup White Attraction Pasta Gigi Lemon Essence + Sea Salt 95 g,26.000
8015,Personal Care,Perawatan Gigi & Mulut,Pepsodent Pasta Gigi Pencegah Gigi Berlubang 2 x 190 g,30.400
8016,Personal Care,Perawatan Gigi & Mulut,Betadine Obat Kumur Antiseptik 190 ml,42.800
8017,Personal Care,Perawatan Gigi & Mulut,Ciptadent Sikat Gigi Perfect Care Soft 3 pcs,17.900
8018,Personal Care,Perawatan Gigi & Mulut,Alfamart Tusuk Gigi Reguler 200 pcs,8.900
8019,Personal Care,Perawatan Gigi & Mulut,Total Care Obat Kumur Siwak Salt 250 ml,15.500
8020,Personal Care,Perawatan Gigi & Mulut,Oral-B Cross Action Deep Clean Sikat Gigi Anti Plak Lembut 3 pcs,42.200
8021,Personal Care,Perawatan Gigi & Mulut,Formula Sikat Gigi Silver Protector Ripple Soft 3 pcs,13.900
8022,Personal Care,Perawatan Gigi & Mulut,Listerine Obat Kumur Antiseptik Multi Protect Zero 250 ml,31.900
8023,Personal Care,Perawatan Gigi & Mulut,Sensodyne Sikat Gigi Sensitive Soft 2 pcs,23.500
8024,Personal Care,Perawatan Gigi & Mulut,Ciptadent Pasta Gigi Fresh Mint 225 g,14.500
8025,Personal Care,Perawatan Gigi & Mulut,Closeup Pasta Gigi Menthol Fresh 160 g,23.500
8026,Personal Care,Perawatan Gigi & Mulut,Pepsodent Pasta Gigi Action 123 Herbal 120 g,19.800
8027,Personal Care,Perawatan Gigi & Mulut,Pepsodent Complete 8 Pasta Gigi Multi Protection 150 g,21.000
8028,Personal Care,Perawatan Gigi & Mulut,Pepsodent Action 123 Pasta Gigi Siwak & Mint 150 g + 25 g,21.800
8029,Personal Care,Perawatan Gigi & Mulut,Pepsodent Pasta Gigi Ekonomis 150 g,13.200
8030,Personal Care,Perawatan Gigi & Mulut,Pepsodent Pasta Gigi Strong Fresh Cool Mint 190 + 15 g,15.500
8031,Personal Care,Perawatan Gigi & Mulut,Pepsodent Pasta Gigi Pencegah Gigi Berlubang 72 g,8.000
8032,Personal Care,Perawatan Gigi & Mulut,Ciptadent Sikat Gigi Flexi Clean Soft isi 3 pcs,7.500
8033,Personal Care,Perawatan Gigi & Mulut,Closeup Pasta Gigi Menthol Fresh 65 g,9.400
8034,Personal Care,Perawatan Gigi & Mulut,Formula Glowow Mood Crystal Sikat Gigi 3 pcs,13.900
8035,Personal Care,Perawatan Gigi & Mulut,Pepsodent Action 123 Pasta Gigi Penyegar Mulut Herbal 190 g,26.400
8036,Personal Care,Perawatan Gigi & Mulut,Closeup Pasta Gigi Menthol Fresh 100 g,19.500
8037,Personal Care,Perawatan Gigi & Mulut,Listerine Obat Kumur Antiseptik Cool Mint 250 ml,27.400
8038,Personal Care,Perawatan Gigi & Mulut,Sensodyne Pasta Gigi Pencegah Gigi Berlubang & Sensitif 60 g,13.900
8039,Personal Care,Perawatan Gigi & Mulut,Sensodyne Pasta Gigi Pencegah Gigi Berlubang & Sensitif 40 g,9.500
8040,Personal Care,Perawatan Gigi & Mulut,Pepsodent Ultra White Ultimate Bright Pasta Gigi 90 g,50.500
8041,Personal Care,Perawatan Gigi & Mulut,Pepsodent Sensitive Expert Pasta Gigi Original 60 g,20.000
8042,Personal Care,Perawatan Gigi & Mulut,Pepsodent Sikat Gigi Brilian Soft 3 pcs,9.600
8043,Personal Care,Perawatan Gigi & Mulut,Listerine Obat Kumur Antiseptik Zero 250 ml,27.400
8044,Personal Care,Perawatan Gigi & Mulut,Formula Sikat Gigi Silver Protector Double Action Soft,5.400
8045,Personal Care,Perawatan Gigi & Mulut,Enzim Pasta Gigi Fresh Mint 124 g,27.500
8046,Personal Care,Perawatan Gigi & Mulut,Alfamart Tusuk & Benang Gigi 30 pcs,8.900
8047,Personal Care,Perawatan Gigi & Mulut,Sensodyne Sikat Gigi Multi Action Soft 2 pcs,34.000
8048,Personal Care,Perawatan Gigi & Mulut,Formula Pasta Gigi Family 160 g,13.800
8049,Personal Care,Perawatan Gigi & Mulut,Formula Mobile Oral Care Sikat + Pasta Gigi Soft Travel Pack,17.900
8050,Personal Care,Perawatan Gigi & Mulut,Colgate Optic White Purple Pasta Gigi Pemutih 100 g,38.900
8051,Personal Care,Perawatan Gigi & Mulut,Formula Sikat Gigi Silver Protector Diamond Medium 3 pcs,13.900
8052,Personal Care,Perawatan Gigi & Mulut,Systema Sikat Gigi Nine Degree Sensitive 3 pcs,20.500
8053,Personal Care,Perawatan Gigi & Mulut,Formula Sikat Gigi Sparkling White Soft 3 pcs,32.500
8054,Personal Care,Perawatan Gigi & Mulut,Listerine Obat Kumur Antiseptik Cool Mint 100 ml,9.900
8055,Personal Care,Perawatan Gigi & Mulut,Alfamart Tusuk Gigi Plastik 60 pcs,9.500
8056,Personal Care,Perawatan Gigi & Mulut,Sensodyne Pasta Gigi Repair & Protect Original 100 g,51.900
8057,Personal Care,Perawatan Gigi & Mulut,Pepsodent Pasta Gigi + Sikat Gigi Soft Kemasan Travel Size Assorted,22.900
8058,Personal Care,Perawatan Gigi & Mulut,Listerine Obat Kumur Antiseptik Multi Protect Zero 100 ml,13.200
8059,Personal Care,Perawatan Gigi & Mulut,Sasha Pasta Gigi Anti Bakteri Siwak & Sirih 150 g,20.200
8060,Personal Care,Perawatan Gigi & Mulut,Total Care Obat Kumur Cool Mint 100 ml,10.000
8061,Personal Care,Perawatan Gigi & Mulut,Formula Pasta Gigi Strong Protector 160 g,9.900
8062,Personal Care,Perawatan Gigi & Mulut,Oral-B Cross Action Sikat Gigi Ultra Thin 1 pcs,27.900
8063,Personal Care,Perawatan Gigi & Mulut,Formula Sikat Gigi Maxi Care 3 pcs,18.500
8064,Personal Care,Perawatan Gigi & Mulut,Systema Nano Pasta Gigi Spring Fresh 190 g,11.400
8065,Personal Care,Perawatan Gigi & Mulut,Pepsodent Sensitive Expert Pasta Gigi Fresh 60 g,
8066,Personal Care,Perawatan Gigi & Mulut,Oral-B Pro Health Clinical Pro Flex Sikat Gigi 3 pcs,49.000
8067,Personal Care,Perawatan Gigi & Mulut,Oral-B Cross Action Sikat Gigi Ultra Thin 3 pcs,52.000
8068,Personal Care,Perawatan Gigi & Mulut,Closeup White Now Purple Pasta Gigi Pemutih 95 g,50.500
8069,Personal Care,Perawatan Gigi & Mulut,Darlie Pasta Gigi All Shiny White Foamy Baking Soda 140 g,27.300
8070,Personal Care,Perawatan Gigi & Mulut,Zact Pasta Gigi Stain Penghilang Noda 190 g,15.900
8071,Personal Care,Perawatan Gigi & Mulut,Pepsodent White Pasta Gigi Value Pack 2 x 225 g,23.900
8072,Personal Care,Perawatan Gigi & Mulut,Ciptadent Pasta Gigi Herbal 190 g,14.500
8073,Personal Care,Perawatan Gigi & Mulut,Ciptadent Pasta Gigi Fresh Mint 190 g,13.800
8074,Personal Care,Perawatan Gigi & Mulut,Systema Pasta Gigi Triple Advance 190 g,11.900
8075,Personal Care,Perawatan Gigi & Mulut,Systema Pasta Gigi Menthol Breeze 190 g,11.400
8076,Personal Care,Perawatan Gigi & Mulut,Colgate Sikat Gigi Gentle Gum Care 2 pcs,39.900
8077,Personal Care,Perawatan Gigi & Mulut,Colgate Total Active Prevention Pasta Gigi Charcoal Clean 110 g,29.900
8078,Personal Care,Perawatan Gigi & Mulut,Oral-B Sikat Gigi Fresh Clean Black Soft,9.500
8079,Personal Care,Perawatan Gigi & Mulut,Systema Active Clean Sikat Gigi Soft 2 pcs,14.900
8080,Personal Care,Perawatan Gigi & Mulut,Ciptadent Fresh Maxi Cool Pasta Gigi Mint 190 g,13.800
8081,Personal Care,Perawatan Gigi & Mulut,Oral-B Sikat Gigi All Rounder 123 Clean Medium 3 pcs,22.400
8082,Personal Care,Perawatan Gigi & Mulut,Oral-B Sikat Gigi Soft & Slim Extra Soft,20.400
8083,Personal Care,Perawatan Gigi & Mulut,Colgate Total Active Prevention Pasta Gigi Whitening 110 g,29.900
8084,Personal Care,Perawatan Gigi & Mulut,Oral-B Gentle Clean Sensitivex Sikat Gigi Ultra Lembut 1 pcs,27.900
8085,Personal Care,Perawatan Gigi & Mulut,Listerine Obat Kumur Antiseptik Watermelon Mint 250 ml,19.900
8086,Personal Care,Perawatan Gigi & Mulut,Sensodyne Pasta Gigi Fresh Mint 60 g,19.500
8087,Personal Care,Perawatan Gigi & Mulut,Listerine Obat Kumur Antiseptik Sakura & Peach 250 ml,21.900
8088,Personal Care,Perawatan Gigi & Mulut,Ciptadent Pasta Gigi Cool Mint 190 g,13.800
8089,Personal Care,Perawatan Gigi & Mulut,Ciptadent Sikat Gigi Crystal Clean Soft 3 pcs,8.900
8090,Personal Care,Perawatan Gigi & Mulut,Systema Sikat Gigi Smart Clean 3 pcs,8.900
8091,Personal Care,Perawatan Gigi & Mulut,Total Care Obat Kumur Cool Mint 250 ml,20.500
8092,Personal Care,Perawatan Gigi & Mulut,Pepsodent Pasta Gigi Pencegah Gigi Berlubang 190 g,18.800
8093,Personal Care,Perawatan Gigi & Mulut,Pepsodent Sensitive Expert Pasta Gigi Whitening 100 g,42.000
8094,Personal Care,Perawatan Gigi & Mulut,Pepsodent Sikat Gigi 5 Star Clean Soft 3 pcs,14.500
8095,Personal Care,Perawatan Gigi & Mulut,Pepsodent Kids Pasta Gigi Anak Fresh Orange 45 g,9.200
8096,Personal Care,Perawatan Gigi & Mulut,Pepsodent FIFA Limited Edition Pasta Gigi Fresh Breath Best Defender 95 g,19.500
8097,Personal Care,Perawatan Gigi & Mulut,Pepsodent Sensitive Expert Pasta Gigi Whitening 60 g,20.000
8098,Personal Care,Perawatan Gigi & Mulut,Listerine Obat Kumur Antiseptik Natural Green Tea 100 ml,
8099,Personal Care,Perawatan Gigi & Mulut,Ciptadent Sikat Gigi Diamond Clean Soft 3 pcs,
8100,Personal Care,Perawatan Gigi & Mulut,Ciptadent Pasta Gigi Cool Mint 2 x 225 g,
8101,Personal Care,Perawatan Gigi & Mulut,Darlie Pasta Gigi All Shiny White Enzyme Floral Fresh 120 g,35.000
8102,Personal Care,Perawatan Gigi & Mulut,Darlie Double Action Pasta Gigi Fresh Protect 2 in 1 160 g,35.000
8103,Personal Care,Perawatan Gigi & Mulut,Darlie Sikat Gigi Volcanic Charcoal Soft 2 pcs,35.000
8104,Personal Care,Perawatan Gigi & Mulut,Darlie Sikat Gigi Nano Charcoal Gold Soft,18.000
8105,Personal Care,Perawatan Gigi & Mulut,Darlie Sikat Gigi Spiral Clean Extra Soft,17.000
8106,Personal Care,Perawatan Gigi & Mulut,Enzim Pasta Gigi Orthodontic 124 g,58.000
8107,Personal Care,Perawatan Gigi & Mulut,Darlie Pasta Gigi Double Action Fresh Clean 225 g,32.000
8108,Personal Care,Perawatan Gigi & Mulut,Darlie Pasta Gigi & Perawatan Gusi Sensitivity Relief 140 g,35.000
8109,Personal Care,Perawatan Gigi & Mulut,Darlie Pasta Gigi & Perawatan Gusi Lasting Fresh 140 g,35.000
8110,Personal Care,Perawatan Gigi & Mulut,Sensodyne Pasta Gigi Cool Gel 160 g,37.900
8111,Personal Care,Perawatan Gigi & Mulut,Polident Pembersih Gigi Palsu 30 Tablet,36.900
8112,Personal Care,Perawatan Gigi & Mulut,Colgate Optic White Pasta Gigi Mint Plus Mineral 100 g,45.000
8113,Personal Care,Perawatan Gigi & Mulut,Colgate Optic White O2 Pasta Gigi Aromatic Menthol 85 g,90.000
8114,Personal Care,Perawatan Gigi & Mulut,Colgate Plax Obat Kumur Freshmint Splash 750 ml,59.000
8115,Personal Care,Perawatan Gigi & Mulut,Darlie Double Action Multicare Pasta Gigi Cool Mint 180 g,29.000
8116,Personal Care,Perawatan Gigi & Mulut,Darlie Pasta & Sikat Gigi Double Action Kemasan Travel Size,29.900
8117,Personal Care,Perawatan Gigi & Mulut,Darlie Pasta & Sikat Gigi All Shiny White Charcoal Clean Kemasan Travel Size,29.900
8118,Personal Care,Perawatan Gigi & Mulut,Colgate Total Active Prevention Pasta Gigi Charcoal Deep Clean 150 g,39.000
8119,Personal Care,Perawatan Gigi & Mulut,Colgate Sikat Gigi Cushion Clean Assorted 2 pcs,75.000
8120,Personal Care,Perawatan Gigi & Mulut,Colgate Sikat Gigi Elektrik ProClinical Charcoal 1 pcs,259.500
8121,Personal Care,Perawatan Gigi & Mulut,Colgate Sikat Gigi Easy Comfort 1pcs Assorted,53.000
8122,Personal Care,Perawatan Gigi & Mulut,Colgate Plax Obat Kumur Peppermint Fresh 750 ml,59.000
8123,Personal Care,Perawatan Gigi & Mulut,Colgate Optic White Purple Serum Booster Pemutih Gigi 40 ml,150.000
8124,Personal Care,Perawatan Gigi & Mulut,Colgate Sikat Gigi + Pasta Gigi Slimsoft Charcoal Travel Kit Assorted,33.500
8125,Personal Care,Perawatan Gigi & Mulut,Sensodyne Cavity Pasta Gigi Pencegah Gigi Berlubang & Sensitif 80 g,21.500
8126,Personal Care,Perawatan Gigi & Mulut,Closeup Everfresh Pasta Gigi Triple Fresh Formula Icy White 160 g,25.000
8127,Personal Care,Perawatan Gigi & Mulut,Listerine Obat Kumur Antiseptik Natural Green Tea 500 ml,49.900
8128,Personal Care,Perawatan Gigi & Mulut,Pepsodent Sensitive Mineral Expert Pasta Gigi Active Remin Complex 105 g,51.900
8129,Personal Care,Perawatan Gigi & Mulut,Listerine Obat Kumur Antiseptik Fresh Citrus 500 ml,45.000
8130,Personal Care,Perawatan Gigi & Mulut,Listerine Obat Kumur Antiseptik Zero 500 ml,45.000
8131,Personal Care,Perawatan Gigi & Mulut,Closeup Pasta Gigi Multivitamin Complete Fresh Protection 160 g,27.800
8132,Personal Care,Perawatan Gigi & Mulut,Sensodyne Pasta Gigi Herbal 100 g,40.000
8133,Personal Care,Perawatan Gigi & Mulut,Sensodyne Pasta Gigi Fresh Mint 100 g,38.000
8134,Personal Care,Perawatan Gigi & Mulut,Sensodyne Pasta Gigi Deep Clean 100 g,40.000
8135,Personal Care,Perawatan Gigi & Mulut,Sensodyne Pasta Gigi Cool Gel 100 g,38.000
8136,Personal Care,Perawatan Gigi & Mulut,Pepsodent Gum Expert Pasta Gigi Whitening 60 g,20.000
8137,Personal Care,Perawatan Gigi & Mulut,Closeup Pasta Gigi Menthol Fresh 2 x 160 g,37.000
8138,Personal Care,Perawatan Gigi & Mulut,Formula Sikat Gigi Genio Soft 3 pcs,8.200
8139,Personal Care,Perawatan Gigi & Mulut,Pepsodent Complete 8 Pasta Gigi Whitening 190 g,29.400
8140,Personal Care,Perawatan Gigi & Mulut,Closeup Precision Clean Sikat Gigi Ultra Soft Assorted 2 pcs,27.300
8141,Personal Care,Perawatan Gigi & Mulut,Pepsodent Sikat Gigi Gentle Care Soft,11.200
8142,Personal Care,Perawatan Gigi & Mulut,Pepsodent Nanosoft Sikat Gigi Sensitive Soft 3 pcs,39.500
8143,Personal Care,Perawatan Gigi & Mulut,Sensodyne Pasta Gigi Repair & Protect Extra Fresh 100 g,51.900
8144,Personal Care,Perawatan Gigi & Mulut,Formula Sikat Gigi Sparkling White Soft 1 pcs,14.500
8145,Personal Care,Perawatan Gigi & Mulut,Alfamart Tusuk Gigi 75 pcs,8.300
8146,Personal Care,Perawatan Gigi & Mulut,Pepsodent Action 123 Pasta Gigi Complete 190 g,30.200
8147,Personal Care,Perawatan Gigi & Mulut,Ciptadent Pasta Gigi Cool Mint 225 g,14.500
8148,Personal Care,Perawatan Gigi & Mulut,Listerine Obat Kumur Antiseptik Cool Mint 500 ml,35.900
8149,Personal Care,Perawatan Gigi & Mulut,Pepsodent Sensitive Expert Pasta Gigi Complete Care 60 g,20.000
8150,Personal Care,Perawatan Gigi & Mulut,Sensodyne Pasta Gigi Repair & Protect Whitening 100 g,40.400
8151,Personal Care,Perawatan Gigi & Mulut,Oral-B Soft & Slim Sikat Gigi Sensitif 3 pcs,34.100
8152,Personal Care,Perawatan Gigi & Mulut,Pepsodent Action 123 Nature Essential Pasta Gigi Charcoal 160 g,29.000
8153,Personal Care,Perawatan Gigi & Mulut,Pepsodent Pasta Gigi Gum Expert 100 g,34.000
8154,Personal Care,Perawatan Gigi & Mulut,Close Up Pasta Gigi + Sikat Gigi Kemasan Travel Size,23.500
8155,Personal Care,Perawatan Gigi & Mulut,Formula Flip Go Sikat + Pasta Gigi Flip Go Nano Charcoal Travel Pack,22.700
8156,Personal Care,Perawatan Gigi & Mulut,Formula Sikat Gigi Platinum Protector Extreme Clean Soft,16.200
8157,Personal Care,Perawatan Gigi & Mulut,Pepsodent Sensitive Expert Pasta Gigi Original 100 g,42.000
8158,Personal Care,Perawatan Gigi & Mulut,Formula Sikat Gigi Platinum Protector Extreme Clean Soft 3 pcs,30.500
8159,Personal Care,Perawatan Gigi & Mulut,Char Mi Tusuk & Benang Gigi 30 pcs,13.900
8160,Personal Care,Perawatan Gigi & Mulut,Char Mi Tusuk Gigi Plastik 3 x 60 s,27.900
8161,Personal Care,Perawatan Gigi & Mulut,Listerine Obat Kumur Antiseptik Multi Protect Sensitive 500 ml,49.900
8162,Personal Care,Perawatan Gigi & Mulut,Secret Clean Propolis Obat Kumur Antiseptik Orange Mint 150 ml,30.500
8163,Personal Care,Perawatan Gigi & Mulut,Secret Clean Propolis Obat Kumur Antiseptik Peppermint 150 ml,30.500
8164,Personal Care,Perawatan Gigi & Mulut,Darlie Double Action Pasta Gigi Fresh Clean 2 x 225 g,59.000
8165,Personal Care,Perawatan Gigi & Mulut,Closeup Wicked Pink Goes With Green Pasta Gigi 95 g,24.900
8166,Personal Care,Perawatan Gigi & Mulut,Pepsodent Nanosoft Sikat Gigi Sensitive Soft 2 pcs,27.900
8167,Personal Care,Perawatan Gigi & Mulut,Total Care Obat Kumur Anti Bakteri Cool Mint 400 ml,19.900
8168,Personal Care,Perawatan Gigi & Mulut,Darlie Pasta Gigi Charcoal Charcoal Clean 140 g,27.300
8169,Personal Care,Perawatan Gigi & Mulut,Darlie Pasta Gigi Double Action Fresh Clean 120 g,17.900
8170,Personal Care,Perawatan Gigi & Mulut,Sensodyne Pasta Gigi Fresh Mint 160 g,37.900
8171,Personal Care,Perawatan Gigi & Mulut,Oral-B Sikat Gigi All Rounder 123 Clean Soft,6.800
8172,Personal Care,Perawatan Gigi & Mulut,Pepsodent Action 123 Pasta Gigi Center Fresh 160 g,24.500
8173,Personal Care,Perawatan Gigi & Mulut,Pepsodent Sensitive Expert Complete Care 100 ml,30.900
8174,Personal Care,Perawatan Gigi & Mulut,Closeup White Now Kaolin Pasta Gigi Pemutih 95 g,23.900
8175,Personal Care,Perawatan Gigi & Mulut,Pepsodent Pencegah Gigi Berlubang Pasta Gigi Fresh Cool Mint 190 g,12.900
8176,Personal Care,Parfum & Cologne,Scarlett Whitening Extrait De Parfum Velvet Rouge 30 ml,55.900
8177,Personal Care,Parfum & Cologne,Casablanca Homme Eau de Toilette Pria Aqua 100 ml,28.900
8178,Personal Care,Parfum & Cologne,Scarlett Whitening Parfum Wanita Sweet Memories 30 ml,55.900
8179,Personal Care,Parfum & Cologne,Pucelle Cologne Wanita Dainty 100 ml,37.400
8180,Personal Care,Parfum & Cologne,Pucelle Cologne Wanita Lucent 100 ml,37.400
8181,Personal Care,Parfum & Cologne,Vitalis Men Parfum Pria Morning Run 100 ml,30.900
8182,Personal Care,Parfum & Cologne,Gatsby White Up Eau De Toilette Pria Sky Reflection 50 ml,35.400
8183,Personal Care,Parfum & Cologne,Gatsby White Up Eau de Toilette Pria Blanc Wood 50 ml,35.400
8184,Personal Care,Parfum & Cologne,Romano Eau De Toilette Pria Grandiose 100 ml,56.500
8185,Personal Care,Parfum & Cologne,Morris Parfum Pria Aquatic Black Edition 100 ml,48.900
8186,Personal Care,Parfum & Cologne,Eversense Extrait de Parfum Wanita Purple Hibiscus 30 ml,47.900
8187,Personal Care,Parfum & Cologne,Eversense Extrait de Parfum Wanita Pink Lotus 30 ml,47.900
8188,Personal Care,Parfum & Cologne,Scarlett Extrait De Parfum Sahara Mirage 30 ml,59.900
8189,Personal Care,Parfum & Cologne,Braven Parfum Pria Platinum 100 ml,
8190,Personal Care,Parfum & Cologne,Kahf Extrait de Parfum Pria Ambremusc 50 ml,
8191,Personal Care,Parfum & Cologne,Kahf Extrait de Parfum Pria Silverwood 50 ml,
8192,Personal Care,Parfum & Cologne,Kahf Extrait de Parfum Pria Spicestone 50 ml,
8193,Personal Care,Parfum & Cologne,Kahf Extrait de Parfum Pria Neofougere 50 ml,
8194,Personal Care,Parfum & Cologne,Kahf Extrait de Parfum Pria Leatherfield 50 ml,
8195,Personal Care,Parfum & Cologne,Kahf Extrait de Parfum Pria Santalscape 50 ml,
8196,Personal Care,Parfum & Cologne,Kahf Extrait de Parfum Pria Aquaterrae 50 ml,
8197,Personal Care,Parfum & Cologne,Sniff & Co Extrait de Parfum Petal Party 30 ml,
8198,Personal Care,Parfum & Cologne,Posh Eau de Parfum Wanita New Romance 100 ml,
8199,Personal Care,Parfum & Cologne,Sniff & Co Extrait de Parfum Cloud 9 30 ml,
8200,Personal Care,Parfum & Cologne,NCO by Hanasui Eau de Parfum Tha Le Ra 100 ml,
8201,Personal Care,Parfum & Cologne,Pinkberry Intense Edition Extrait De Parfum Discovery Set 3 x 10 ml,69.900
8202,Personal Care,Parfum & Cologne,Morris Parfum Wanita Travel Edition Paris 100 ml,29.000
8203,Personal Care,Parfum & Cologne,Kahf Eau de Toilette Pria Revered Oud 35 ml,72.000
8204,Personal Care,Parfum & Cologne,Kahf Eau de Toilette Pria Humbling Forest 35 ml,72.000
8205,Personal Care,Parfum & Cologne,Kahf Eau de Toilette Pria Invigorating Waterfall 35 ml,72.000
8206,Personal Care,Parfum & Cologne,Kahf Eau de Toilette Pria True Brotherhood 35 ml,72.000
8207,Personal Care,Parfum & Cologne,Implora Zodiac Series Parfum Wanita Aquarius 30 ml,25.000
8208,Personal Care,Parfum & Cologne,Implora Zodiac Series Parfum Pria Aries 30 ml,25.000
8209,Personal Care,Parfum & Cologne,Implora Zodiac Series Parfum Wanita Gemini 30 ml,25.000
8210,Personal Care,Parfum & Cologne,Implora Zodiac Series Parfum Pria Leo 30 ml,25.000
8211,Personal Care,Parfum & Cologne,Implora Zodiac Series Parfum Wanita Pisces 30 ml,25.000
8212,Personal Care,Parfum & Cologne,Implora Zodiac Series Parfum Pria Taurus 30 ml,25.000
8213,Personal Care,Parfum & Cologne,Implora Zodiac Series Parfum Wanita Virgo 30 ml,25.000
8214,Personal Care,Parfum & Cologne,Implora Zodiac Series Parfum Unisex Cancer 30 ml,25.000
8215,Personal Care,Parfum & Cologne,Implora Zodiac Series Parfum Pria Capricorn 30 ml,25.000
8216,Personal Care,Parfum & Cologne,Implora Zodiac Series Parfum Wanita Libra 30 ml,25.000
8217,Personal Care,Parfum & Cologne,Implora Zodiac Series Parfum Unisex Sagitarius 30 ml,25.000
8218,Personal Care,Parfum & Cologne,Implora Zodiac Series Parfum Pria Scorpio 30 ml,25.000
8219,Personal Care,Parfum & Cologne,Pinkberry Intense Edition Extrait De Parfum Wanita Come Back Stronger 50 ml,115.000
8220,Personal Care,Parfum & Cologne,Pinkberry Intense Edition Extrait De Parfum Wanita Lady Luck 50 ml,115.000
8221,Personal Care,Parfum & Cologne,Pinkberry Intense Edition Extrait De Parfum Unisex Memento 50 ml,115.000
8222,Personal Care,Parfum & Cologne,Elvicto Extrait De Parfum Pria Beach Club 35 ml,99.900
8223,Personal Care,Parfum & Cologne,Elvicto Extrait De Parfum Pria Escobar 35 ml,99.900
8224,Personal Care,Parfum & Cologne,Elvicto Extrait De Parfum Pria Suit & Tie 35 ml,99.900
8225,Personal Care,Parfum & Cologne,Elvicto Extrait De Parfum Pria Xtrovert 35 ml,99.900
8226,Personal Care,Parfum & Cologne,Crusita Extrait De Parfum Scandal 50 ml,175.000
8227,Personal Care,Parfum & Cologne,Crusita Extrait De Parfum Pria Gentlemen 50 ml,162.000
8228,Personal Care,Parfum & Cologne,Crusita Extrait De Parfum Es Teh Manis 50 ml,185.000
8229,Personal Care,Parfum & Cologne,Morris Frosted Edition Eau de Parfume Eternal Glacier 100 ml,29.000
8230,Personal Care,Parfum & Cologne,Morris Black Edition Eau de Parfume N-33 Aromatic 100 ml,35.000
8231,Personal Care,Parfum & Cologne,Aoera Eau de Parfum Prestige 50 ml,125.000
8232,Personal Care,Parfum & Cologne,Aoera Eau de Parfum Pretty 50 ml,149.000
8233,Personal Care,Parfum & Cologne,Aoera Eau de Parfum Royale 50 ml,125.000
8234,Personal Care,Parfum & Cologne,Scarlett Parfum Wanita Passionate 30 ml,62.900
8235,Personal Care,Parfum & Cologne,Scarlett Parfum Wanita Euphoria 30 ml,62.900
8236,Personal Care,Parfum & Cologne,Fres & Natural Eau de Toilette Wanita Song of Spring 100 ml,30.500
8237,Personal Care,Parfum & Cologne,Fres & Natural Dessert Collection Body Mist Wanita Pink Cupcake 100 ml,14.600
8238,Personal Care,Parfum & Cologne,Posh Hijab Chic Body Spray Wanita Green Blossom 150 ml,18.900
8239,Personal Care,Parfum & Cologne,Casablanca Homme Body Mist Cologne Parfum Aqua 100 ml,13.900
8240,Personal Care,Parfum & Cologne,Casablanca Femme Body Mist Cologne Wanita Romantic 100 ml,17.900
8241,Personal Care,Parfum & Cologne,Casablanca Femme Eau de Toilette Wanita Pure 100 ml,24.900
8242,Personal Care,Parfum & Cologne,Regazza Femme Eau De Toilette Wanita Glow 50 ml,26.900
8243,Personal Care,Parfum & Cologne,Regazza Femme Eau De Toilette Wanita Passionate 50 ml,26.900
8244,Personal Care,Parfum & Cologne,Evangeline Extrait De Parfum Sweet Lychee 100 ml,64.900
8245,Personal Care,Parfum & Cologne,Eskulin Eau De Parfum Twilight Amour 30 ml,31.500
8246,Personal Care,Parfum & Cologne,Braven Code Parfum Pria Oud Wood 100 ml,40.500
8247,Personal Care,Parfum & Cologne,Gatsby Blue Parfum Pria Air Code 75 ml,37.900
8248,Personal Care,Parfum & Cologne,Bellagio Homme Eau de Toilette Pria Rave Culture 100 ml,41.900
8249,Personal Care,Parfum & Cologne,Fres & Natural Hijab Refresh Body Mist Wanita Cotton Dreams 100 ml,14.600
8250,Personal Care,Parfum & Cologne,Napoleon Eau de Toilette Pria Nero 100 ml,62.900
8251,Personal Care,Parfum & Cologne,Vitalis Parfum Wanita Eau de Royale Couture 50 ml,49.900
8252,Personal Care,Parfum & Cologne,Posh Men Perfumed Body Spray Pria Ice Cool Aqua Frost 150 ml,18.900
8253,Personal Care,Parfum & Cologne,Hose x One Piece Parfum Pria Blue Supreme Assorted 50 ml,34.900
8254,Personal Care,Parfum & Cologne,Marina Body Spray Wanita Let's Talk 150 ml,20.000
8255,Personal Care,Parfum & Cologne,Bellagio Eau de Parfum Pria Prestige Collection Black Shadow 50 ml,31.500
8256,Personal Care,Parfum & Cologne,Bellagio Eau de Parfum Pria Prestige Collection Darker Blue 50 ml,31.500
8257,Personal Care,Parfum & Cologne,Fres & Natural BT21 Body Mist Wanita Persona Blush 100 ml,14.600
8258,Personal Care,Parfum & Cologne,Posh Men Parfum Pria Red Bullet 100 ml,30.000
8259,Personal Care,Parfum & Cologne,Pinkberry Parfum Wanita Wild Berry 50 ml,43.900
8260,Personal Care,Parfum & Cologne,Pinkberry Parfum Wanita Dream 50 ml,32.400
8261,Personal Care,Parfum & Cologne,Hose Parfum Pria Blue 50 ml,33.900
8262,Personal Care,Parfum & Cologne,Hose Parfum Pria Grey Santal 50 ml,42.900
8263,Personal Care,Parfum & Cologne,Hose x One Piece Parfum Pria Black Oud Assorted 50 ml,44.200
8264,Personal Care,Parfum & Cologne,Hose x One Piece Parfum Pria Grey Assorted 50 ml,43.900
8265,Personal Care,Parfum & Cologne,Pinkberry Parfum Wanita Wild Blush 50 ml,43.900
8266,Personal Care,Parfum & Cologne,Hose Parfum Pria Coco Woud 50 ml,43.900
8267,Personal Care,Parfum & Cologne,Bizarre Parfum Wanita Chic Haute 50 ml,37.400
8268,Personal Care,Parfum & Cologne,Fres & Natural Hijab Refresh Body Mist Wanita Midnight Secret 100 ml,14.600
8269,Personal Care,Parfum & Cologne,Posh Men Body Spray Pria Cool Blue 150 ml,18.900
8270,Personal Care,Parfum & Cologne,Scarlett Whitening Parfum Wanita Dreamy 30 ml,55.900
8271,Personal Care,Parfum & Cologne,Posh Hijab Chic Body Spray Wanita Purple Wish 150 ml,18.900
8272,Personal Care,Parfum & Cologne,Scarlett Extrait De Parfum Tea Amor Parfum Wanita 30 ml,55.900
8273,Personal Care,Parfum & Cologne,Vitalis Eau De Parfum Extra Bloom 50 ml,33.500
8274,Personal Care,Parfum & Cologne,Eversense Celestial Shell Extrait De Parfume 30 ml,42.900
8275,Personal Care,Parfum & Cologne,Eversense Extrait De Parfum Royal Allure 30 ml,42.700
8276,Personal Care,Parfum & Cologne,Morris Parfum Pria Woody Black Edition 100 ml,39.500
8277,Personal Care,Parfum & Cologne,Morris Parfum Wanita Glam Midnight Love 100 ml,35.500
8278,Personal Care,Parfum & Cologne,Morris Lifestyle Edition Parfum Pria Creative 100 ml,34.400
8279,Personal Care,Parfum & Cologne,Morris Lifestyle Edition Parfum Pria Metropolis 100 ml,44.500
8280,Personal Care,Parfum & Cologne,Evangeline Premium Parfum Wanita Baby Powder 100 ml,37.500
8281,Personal Care,Parfum & Cologne,Morris White Edition Parfum Pria Fresh 100 ml,40.700
8282,Personal Care,Parfum & Cologne,Xchange Extrait De Parfum Noir Absolute 50 ml,49.900
8283,Personal Care,Parfum & Cologne,Evangeline Parfum Wanita Black Sakura 100 ml,37.500
8284,Personal Care,Parfum & Cologne,Morris Tropical Edition Parfum Wanita Romance 110 ml,34.700
8285,Personal Care,Parfum & Cologne,Xchange Extrait De Parfum Aqua Myth 50 ml,43.400
8286,Personal Care,Parfum & Cologne,Gatsby Bold Parfum Pria Star Code 75 ml,37.900
8287,Personal Care,Parfum & Cologne,Bellagio Homme Parfum Pria Rave Culture 50 ml,26.900
8288,Personal Care,Parfum & Cologne,Evangeline Parfum Wanita Black Vanilla 100 ml,37.500
8289,Personal Care,Parfum & Cologne,Casablanca Femme Eau de Toilette Wanita Romantic 100 ml,26.900
8290,Personal Care,Parfum & Cologne,NCO by Hanasui Parfum Wanita Bloomique 100 ml,33.500
8291,Personal Care,Parfum & Cologne,Vitalis Eau De Parfum Glam Slay 50 ml,29.900
8292,Personal Care,Parfum & Cologne,Zwitsal Body Mist Dewasa 100 ml,22.000
8293,Personal Care,Parfum & Cologne,Fres & Natural BT21 Body Mist Wanita Love Yourself 100 ml,11.800
8294,Personal Care,Parfum & Cologne,Romano Cologne Pria Force 100 ml,57.000
8295,Personal Care,Parfum & Cologne,Scarlett Parfum Wanita Euphoria 30 ml,62.900
8296,Personal Care,Parfum & Cologne,Napoleon Parfum Pria Navy 65 ml,39.500
8297,Personal Care,Parfum & Cologne,Marina Eau De Toilette Wanita Fresh Sparkle 150 ml,22.500
8298,Personal Care,Parfum & Cologne,Pinkberry Parfum Wanita Twinkle 50 ml,51.900
8299,Personal Care,Parfum & Cologne,Pinkberry Parfum Wanita Wild Dream 50 ml,42.900
8300,Personal Care,Parfum & Cologne,Pinkberry Parfum Wanita Spring Waltz 50 ml,30.900
8301,Personal Care,Parfum & Cologne,NCO by Hanasui Eau De Parfum Wanita Amethyst 100 ml,33.500
8302,Personal Care,Parfum & Cologne,Vitalis Body Scent Wanita Bizarre 120 ml,19.900
8303,Personal Care,Parfum & Cologne,Pucelle Parfum Wanita The Stuner 50 ml,34.500
8304,Personal Care,Parfum & Cologne,Pinkberry Parfum Wanita Mermaid Tears 50 ml,30.500
8305,Personal Care,Parfum & Cologne,Posh Men Body Spray Pria Red Extreme 150 ml,18.900
8306,Personal Care,Parfum & Cologne,Bellagio Homme Eau de Toilette Pria Sport Blu 100 ml,34.900
8307,Personal Care,Parfum & Cologne,Romano Eau de Toilette Parfum Saku Pria Force 18 ml,12.200
8308,Personal Care,Parfum & Cologne,Regazza Femme Parfum Wanita Fascinating 50 ml,34.500
8309,Personal Care,Parfum & Cologne,Evangeline Parfum Wanita Red Sakura 100 ml,37.500
8310,Personal Care,Parfum & Cologne,Morris Frosted Edition Parfum Wanita N-26 Rose Vanilla 100 ml,35.000
8311,Personal Care,Parfum & Cologne,Scarlett Whitening Extrait Parfum Golden Elixir 30 ml,55.900
8312,Personal Care,Parfum & Cologne,Evangeline Parfum Wanita Black Musk 100 ml,37.500
8313,Personal Care,Parfum & Cologne,Braven Code Parfum Pria Cool Water 100 ml,40.500
8314,Personal Care,Parfum & Cologne,Morris Parfum Wanita Pure Romantic 100 ml,42.900
8315,Personal Care,Parfum & Cologne,Evangeline Parfum Wanita White Musk 100 ml,35.500
8316,Personal Care,Parfum & Cologne,Morris Eau De Parfum Smoothie Pink 100 ml,48.500
8317,Personal Care,Parfum & Cologne,Pucelle Eau De Luxe Parfum Wanita The Sigma 50 ml,34.500
8318,Personal Care,Parfum & Cologne,Pinkberry Parfum Wanita Starry Night 50 ml,30.500
8319,Personal Care,Parfum & Cologne,Scarlett Extrait De Parfum Pistachio Crush Parfum Wanita 30 ml,55.900
8320,Personal Care,Parfum & Cologne,Braven Extreme Extrait De Parfum Pria Aqua 100 ml,62.900
8321,Personal Care,Parfum & Cologne,Scarlett Parfum Wanita La Foret Fairy 30 ml,55.900
8322,Personal Care,Parfum & Cologne,Pinkberry Parfum Wanita Emily in Paris Espoir 50 ml,
8323,Personal Care,Parfum & Cologne,Hose Parfum Pria Black 50 ml,
8324,Personal Care,Parfum & Cologne,AXE Parfum Saku Pria Dark Temptation 17 ml,4.900
8325,Personal Care,Parfum & Cologne,Fres & Natural BT21 Body Mist Yellow In Luv 100 ml,11.500
8326,Kebutuhan Kesehatan,Obat-Obatan,Dulcolax Obat Pencahar 10 Tablet,24.300
8327,Kebutuhan Kesehatan,Obat-Obatan,Vicks Formula 44 Obat Batuk Cair 54 ml,24.000
8328,Kebutuhan Kesehatan,Obat-Obatan,Autan Lotion Anti Nyamuk Sakura Tube 50 ml,7.900
8329,Kebutuhan Kesehatan,Obat-Obatan,Entrostop Obat Diare 10 Tablet,10.500
8330,Kebutuhan Kesehatan,Obat-Obatan,OB Herbal Obat Batuk Cair Sachet 15 ml,3.400
8331,Kebutuhan Kesehatan,Obat-Obatan,Termorex Plus Obat Batuk & Flu Anak Cair Rasa Jeruk 60 ml,23.300
8332,Kebutuhan Kesehatan,Obat-Obatan,Insto Regular Obat Tetes Mata 7.5 ml,15.900
8333,Kebutuhan Kesehatan,Obat-Obatan,Konidin Obat Batuk Strip 4 Tablet,3.000
8334,Kebutuhan Kesehatan,Obat-Obatan,Vicks VapoRub Obat Gosok Pereda Flu Original 25 g,23.300
8335,Kebutuhan Kesehatan,Obat-Obatan,SidoMuncul Tolak Angin Flu Obat Herbal Masuk Angin Cair Sachet 5 x 15 ml,26.400
8336,Kebutuhan Kesehatan,Obat-Obatan,Mylanta Obat Maag 10 Tablet Kunyah,10.900
8337,Kebutuhan Kesehatan,Obat-Obatan,Autan Lotion Anti Nyamuk Jeruk dan Lemon Tube 50 ml,13.800
8338,Kebutuhan Kesehatan,Obat-Obatan,FreshCare Press & Relax Minyak Angin Aromaterapi Strong 10 ml,17.100
8339,Kebutuhan Kesehatan,Obat-Obatan,Microlax Gel Obat Pencahar Tube 5 ml,25.900
8340,Kebutuhan Kesehatan,Obat-Obatan,Panadol Obat Flu & Batuk 10 Kaplet,19.500
8341,Kebutuhan Kesehatan,Obat-Obatan,Cap Lang GPU Minyak Urut Sereh 60 ml,24.400
8342,Kebutuhan Kesehatan,Obat-Obatan,FreshCare Minyak Angin Aromaterapi Roll On Lavender 10 ml,16.700
8343,Kebutuhan Kesehatan,Obat-Obatan,Panadol Extra Obat Sakit Kepala 10 Kaplet,15.000
8344,Kebutuhan Kesehatan,Obat-Obatan,Hot In Cream Krim Pereda Nyeri Otot Tube 60 g,27.400
8345,Kebutuhan Kesehatan,Obat-Obatan,Soffell Lotion Anti Nyamuk Korean Summer Botol 60 g,9.900
8346,Kebutuhan Kesehatan,Obat-Obatan,Mylanta Obat Maag Cair 50 ml,19.900
8347,Kebutuhan Kesehatan,Obat-Obatan,Vfresh Minyak Angin Aromaterapi Roll On Hot 8 ml,15.200
8348,Kebutuhan Kesehatan,Obat-Obatan,Hansaplast Koyo Panas Resealable 10 s,11.600
8349,Kebutuhan Kesehatan,Obat-Obatan,Polysilane Suspensi Obat Maag & Kembung 100 ml,28.900
8350,Kebutuhan Kesehatan,Obat-Obatan,Bejo Obat Herbal Masuk Angin Cair Jahe Merah Sachet 6 x 15 ml,15.500
8351,Kebutuhan Kesehatan,Obat-Obatan,OB Combi Obat Batuk Berdahak Cair Mentol 100 ml,20.200
8352,Kebutuhan Kesehatan,Obat-Obatan,OB Combi Obat Batuk Berdahak Cair Mentol Sachet 5 x 7.5 ml,4.000
8353,Kebutuhan Kesehatan,Obat-Obatan,Tresno Joyo TJ Joybee Madu Multivitamin Anak Jeruk 100 ml,19.900
8354,Kebutuhan Kesehatan,Obat-Obatan,Antangin JRG Obat Herbal Masuk Angin Cair Sachet 5 x 15 ml,23.800
8355,Kebutuhan Kesehatan,Obat-Obatan,Antangin JRG Obat Masuk Angin Strip 4 Tablet,5.800
8356,Kebutuhan Kesehatan,Obat-Obatan,Antangin JRG Obat Herbal Masuk Angin Cair Sachet 15 ml,5.600
8357,Kebutuhan Kesehatan,Obat-Obatan,OB Herbal Obat Batuk Cair 60 ml,22.500
8358,Kebutuhan Kesehatan,Obat-Obatan,OBH Combi Herbal Obat Batuk Berdahak 60 ml,16.900
8359,Kebutuhan Kesehatan,Obat-Obatan,Tresno Joyo TJ Joybee Grow Emulsion Multivitamin Nafsu Makan Anak Jeruk 200 ml,25.700
8360,Kebutuhan Kesehatan,Obat-Obatan,Komix Herbal Obat Batuk Cair Original Sachet 4 x 15 ml,12.400
8361,Kebutuhan Kesehatan,Obat-Obatan,Safe Care Minyak Angin Aromaterapi Roll On 10 ml,23.200
8362,Kebutuhan Kesehatan,Obat-Obatan,FreshCare Minyak Angin Kayu Putih Roll On 10 ml,16.900
8363,Kebutuhan Kesehatan,Obat-Obatan,Kalpanax Salep Kulit Anti Jamur Pot 6 g,14.200
8364,Kebutuhan Kesehatan,Obat-Obatan,Cap Lang Minyak Kayu Putih 30 ml,15.500
8365,Kebutuhan Kesehatan,Obat-Obatan,SidoMuncul Tolak Angin Obat Herbal Masuk Angin Cair Sachet 5 x 15 ml,24.800
8366,Kebutuhan Kesehatan,Obat-Obatan,ByeBye-Fever Plester Kompres Demam Bayi 1 s,9.700
8367,Kebutuhan Kesehatan,Obat-Obatan,Vegeta Herbal Minuman Sari Serat Alami Aroma Anggur Merah 5 g,4.100
8368,Kebutuhan Kesehatan,Obat-Obatan,Koolfever Plester Kompres Demam Bayi 1 s,7.400
8369,Kebutuhan Kesehatan,Obat-Obatan,FreshCare Minyak Angin Aromaterapi Smash Double Inhaler + Roll On Matcha 8 ml,16.800
8370,Kebutuhan Kesehatan,Obat-Obatan,Paramex Obat Sakit Kepala Strip 4 Tablet,3.500
8371,Kebutuhan Kesehatan,Obat-Obatan,Salonpas Koyo Pereda Nyeri 10 s,9.900
8372,Kebutuhan Kesehatan,Obat-Obatan,Koolfever Plester Kompres Demam Anak 1 s,10.800
8373,Kebutuhan Kesehatan,Obat-Obatan,Cap Lang Minyak Kayu Putih Roll On 15 ml,9.900
8374,Kebutuhan Kesehatan,Obat-Obatan,Cap Lang Minyak Kayu Putih Bayi Plus Chamomile 60 ml,18.900
8375,Kebutuhan Kesehatan,Obat-Obatan,SidoMuncul Tolak Angin Obat Herbal Masuk Angin Cair Anak Sachet 10 ml,4.900
8376,Kebutuhan Kesehatan,Obat-Obatan,FreshCare Vapobalm Balsem & Double Inhaler Matcha 10 g,16.500
8377,Kebutuhan Kesehatan,Obat-Obatan,ByeBye-Fever Plester Kompres Demam Anak 1 s,13.600
8378,Kebutuhan Kesehatan,Obat-Obatan,Antangin Junior Obat Herbal Masuk Angin Cair 1 pcs,4.200
8379,Kebutuhan Kesehatan,Obat-Obatan,FreshCare Minyak Angin Aromaterapi Roll On Strong 15 + 5 ml,21.700
8380,Kebutuhan Kesehatan,Obat-Obatan,Panadol Paracetamol Obat Sakit Kepala 10 Kaplet,13.500
8381,Kebutuhan Kesehatan,Obat-Obatan,FreshCare Minyak Angin Aromaterapi Smash Double Inhaler + Roll On Fruity 8 ml,16.500
8382,Kebutuhan Kesehatan,Obat-Obatan,FreshCare Minyak Angin Aromaterapi Roll On Strong 10 ml,16.800
8383,Kebutuhan Kesehatan,Obat-Obatan,Cap Lang Minyak Kayu Putih 60 ml,27.900
8384,Kebutuhan Kesehatan,Obat-Obatan,Sakatonik ABC Tabs Multivitamin Anak Antariksa Tutti Frutti 24 Tablet,
8385,Kebutuhan Kesehatan,Obat-Obatan,Neozep Forte Obat Flu Strip 4 Tablet,3.500
8386,Kebutuhan Kesehatan,Obat-Obatan,Salonpas Extra Hot Koyo Pereda Nyeri 10 s,9.900
8387,Kebutuhan Kesehatan,Obat-Obatan,Promag Obat Maag & Kembung Mint Segar 10 Tablet Kunyah,11.200
8388,Kebutuhan Kesehatan,Obat-Obatan,SidoMuncul Esemag Obat Gangguan Lambung 10 ml,2.700
8389,Kebutuhan Kesehatan,Obat-Obatan,OBH Combi Anak Obat Batuk & Flu Cair Stroberi 60 ml,19.200
8390,Kebutuhan Kesehatan,Obat-Obatan,FreshCare Minyak Angin Aromaterapi Smash Double Inhaler + Roll On 8 ml,16.700
8391,Kebutuhan Kesehatan,Obat-Obatan,Salonpas Koyo Pereda Nyeri 20 Lembar,16.800
8392,Kebutuhan Kesehatan,Obat-Obatan,Cap Lang Minyak Kayu Putih Plus 30 ml,16.000
8393,Kebutuhan Kesehatan,Obat-Obatan,Mixagrip Obat Flu & Batuk Strip 4 Kaplet,4.300
8394,Kebutuhan Kesehatan,Obat-Obatan,Antimo Obat Anti Mabuk Perjalanan Strip 10 Tablet,7.000
8395,Kebutuhan Kesehatan,Obat-Obatan,Cap Lang Minyak Kayu Putih Bayi Plus Lavender 60 ml,18.900
8396,Kebutuhan Kesehatan,Obat-Obatan,Tempra Paracetamol Obat Penurun Demam Cair Anak Rasa Anggur 30 ml,25.000
8397,Kebutuhan Kesehatan,Obat-Obatan,Komix Herbal Obat Batuk Cair Original Sachet 15 ml,3.000
8398,Kebutuhan Kesehatan,Obat-Obatan,Cap Lang GPU Minyak Urut Sereh 30 ml,15.000
8399,Kebutuhan Kesehatan,Obat-Obatan,So Fresh Minyak Angin Aromaterapi Roll On Hot 2 x 10 ml,11.900
8400,Kebutuhan Kesehatan,Obat-Obatan,Cap Lang Minyak Kayu Putih Eucalyptus Aromaterapi Lavender 60 ml,32.500
8401,Kebutuhan Kesehatan,Obat-Obatan,Cap Lang Minyak Kayu Putih 120 ml,55.600
8402,Kebutuhan Kesehatan,Obat-Obatan,Sakatonik ABC Vitamin Anak Alfabet Stroberi 24 Tablet,25.400
8403,Kebutuhan Kesehatan,Obat-Obatan,Procold Obat Flu dan Batuk 6 Kaplet,7.200
8404,Kebutuhan Kesehatan,Obat-Obatan,Diapet Obat Diare 10 Kapsul,9.700
8405,Kebutuhan Kesehatan,Obat-Obatan,Oskadon Obat Sakit Kepala Strip 4 Tablet,1.700
8406,Kebutuhan Kesehatan,Obat-Obatan,Decolgen PE Obat Flu & Sakit Kepala Strip 4 Tablet,2.800
8407,Kebutuhan Kesehatan,Obat-Obatan,Salonpas Hot Koyo Pereda Nyeri 10 s,8.000
8408,Kebutuhan Kesehatan,Obat-Obatan,Bodrex Obat Sakit Kepala 20 Tablet,10.000
8409,Kebutuhan Kesehatan,Obat-Obatan,FreshCare Minyak Angin Aromaterapi Roll On Citrus 10 ml,16.800
8410,Kebutuhan Kesehatan,Obat-Obatan,Laxing Obat Pencahar Melancarkan Buang Air Besar 10 Kapsul,14.600
8411,Kebutuhan Kesehatan,Obat-Obatan,Bejo Obat Herbal Masuk Angin Cair Jahe Merah Sachet 15 ml,3.900
8412,Kebutuhan Kesehatan,Obat-Obatan,Geliga Balsem Otot 20 g,13.800
8413,Kebutuhan Kesehatan,Obat-Obatan,Imboost Kids Suplemen Daya Tahan Tubuh Anak Sirup 45 ml,18.600
8414,Kebutuhan Kesehatan,Obat-Obatan,Polysilane Obat Maag & Kembung Mint Strip 8 Tablet Kunyah,10.500
8415,Kebutuhan Kesehatan,Obat-Obatan,Promag Herbal Obat Gangguan Lambung Cair Box Isi 6 x 15 ml,17.500
8416,Kebutuhan Kesehatan,Obat-Obatan,Caladine Lotion Obat Anti Gatal 60 ml,22.800
8417,Kebutuhan Kesehatan,Obat-Obatan,Cap Lang Minyak Kayu Putih Eucalyptus Aromaterapi Original 60 ml,32.500
8418,Kebutuhan Kesehatan,Obat-Obatan,Sakatonik ABC Curcuma Madu Vitamin Penambah Nafsu Makan Anak 24 Tablet Hisap,30.000
8419,Kebutuhan Kesehatan,Obat-Obatan,Vicks VapoRub Obat Gosok Pereda Flu Original 10 g,10.000
8420,Kebutuhan Kesehatan,Obat-Obatan,Cap Lang Minyak Kayu Putih Eucalyptus Aromaterapi Lavender 30 ml,15.900
8421,Kebutuhan Kesehatan,Obat-Obatan,Procold Obat Flu 6 Kaplet,5.900
8422,Kebutuhan Kesehatan,Obat-Obatan,OBH COMBI Obat Batuk Flu Menthol 100 ml,24.500
8423,Kebutuhan Kesehatan,Obat-Obatan,Promag Suspensi Obat Maag & Kembung Mint Segar Sachet 10 ml,3.100
8424,Kebutuhan Kesehatan,Obat-Obatan,Mixagrip Obat Flu Strip 4 Kaplet,3.900
8425,Kebutuhan Kesehatan,Obat-Obatan,Cap Lang Inhaler Pelega Hidung Tersumbat,11.000
8426,Kebutuhan Kesehatan,Obat-Obatan,Komix OBH Obat Batuk Berdahak & Pilek Cair Sachet 6 x 7 ml,12.500
8427,Kebutuhan Kesehatan,Obat-Obatan,Imboost Cough Obat Batuk Cair Rasa Mint 60 ml,29.900
8428,Kebutuhan Kesehatan,Obat-Obatan,Insto Dry Eyes Obat Tetes Mata 7.5 ml,18.900
8429,Kebutuhan Kesehatan,Obat-Obatan,Siladex Obat Batuk Berdahak Cair 60 ml,20.300
8430,Kebutuhan Kesehatan,Obat-Obatan,Hot in Cream Pereda Nyeri Otot Strong Tube 60 g,27.400
8431,Kebutuhan Kesehatan,Obat-Obatan,Neo Rheumacyl Neuro Obat Pereda Nyeri 10 Tablet,11.400
8432,Kebutuhan Kesehatan,Obat-Obatan,FreshCare Minyak Angin Aromaterapi Roll On Splash Fruity 10 ml,17.700
8433,Kebutuhan Kesehatan,Obat-Obatan,Vidoran Gummy Nutri Multivitamin Anak 54 g,12.900
8434,Kebutuhan Kesehatan,Obat-Obatan,Plossa Minyak Angin Aromaterapi Inhaler Roll On Eucalyptus 10 ml,14.900
8435,Kebutuhan Kesehatan,Obat-Obatan,Vicks Inhaler Keychain Pelega Hidung Tersumbat 0.5 ml,19.900
8436,Kebutuhan Kesehatan,Obat-Obatan,Fitkom Hi-C Multivitamin Daya tahan Tubuh Anak Anggur 21 Tablet Hisap,21.900
8437,Kebutuhan Kesehatan,Obat-Obatan,Bodrexin Obat Penurun Demam Anak Cair Rasa Jeruk 60 ml,12.200
8438,Kebutuhan Kesehatan,Obat-Obatan,Laserin Obat Batuk Cair 60 ml,20.400
8439,Kebutuhan Kesehatan,Obat-Obatan,SidoMuncul Tolak Angin Obat Herbal Masuk Angin Cair Bebas Gula Sachet 5 x 15 ml,28.100
8440,Kebutuhan Kesehatan,Obat-Obatan,SidoMuncul Tolak Angin Obat Herbal Masuk Angin Cair Sachet 15 ml,6.500
8441,Kebutuhan Kesehatan,Obat-Obatan,Insto Cool Obat Tetes Mata 7.5 ml,18.300
8442,Kebutuhan Kesehatan,Obat-Obatan,FreshCare Press & Relax Minyak Angin Kayu Putih 10 ml,17.100
8443,Kebutuhan Kesehatan,Obat-Obatan,Hansaplast Koyo Hangat Resealable 10 s,11.600
8444,Kebutuhan Kesehatan,Obat-Obatan,Cap Lang Minyak Kayu Putih Eucalyptus Original 120 ml,35.000
8445,Kebutuhan Kesehatan,Obat-Obatan,Proris Ibuprofen Obat Penurun Demam Cair Anak Rasa Jeruk 60 ml,30.900
8446,Kebutuhan Kesehatan,Obat-Obatan,Tresno Joyo TJ Joybee Madu Multivitamin Anak Original 100 ml,15.000
8447,Kebutuhan Kesehatan,Obat-Obatan,Panadol Obat Cold & Flu 10 Kaplet,19.700
8448,Kebutuhan Kesehatan,Obat-Obatan,Combantrin Obat Cacing Cair Jeruk 10 ml,24.900
8449,Kebutuhan Kesehatan,Obat-Obatan,Neo Rheumacyl Hot Krim Pereda Nyeri 100 ml,19.100
8450,Kebutuhan Kesehatan,Obat-Obatan,Vicks Formula Obat Batuk Cair Jahe Madu 56 ml,21.700
8451,Kebutuhan Kesehatan,Obat-Obatan,Vicks Formula Obat Batuk Cair Jahe Madu 105 ml,33.800
8452,Kebutuhan Kesehatan,Obat-Obatan,Paramex Nyeri Otot Hot Cream Krim Pegal & Nyeri Sendi 60 g,17.900
8453,Kebutuhan Kesehatan,Obat-Obatan,Plossa Minyak Angin Aromaterapi Dual Inhaler Roll On Sarangheo 10 ml,12.500
8454,Kebutuhan Kesehatan,Obat-Obatan,Cap Kapak Minyak Angin 10 ml,26.100
8455,Kebutuhan Kesehatan,Obat-Obatan,Cap Kapak Minyak Angin 28 ml,56.400
8456,Kebutuhan Kesehatan,Obat-Obatan,Fitkom Multivitamin Gummy Anak Strawberry Funtasy 21 g,12.300
8457,Kebutuhan Kesehatan,Obat-Obatan,Safe Care Minyak Angin Aromaterapi Roll On Strong 10 ml,23.100
8458,Kebutuhan Kesehatan,Obat-Obatan,OB Herbal Habbatussauda Obat Batuk Cair 60 ml,21.900
8459,Kebutuhan Kesehatan,Obat-Obatan,Shen Nong Si Four Season Minyak Angin Winter 12 ml,21.300
8460,Kebutuhan Kesehatan,Obat-Obatan,FreshCare Vapobalm Balsem & Double Inhaler Sakura 10 g,16.500
8461,Kebutuhan Kesehatan,Obat-Obatan,Soffell Spray Anti Nyamuk Geranium 80 ml,
8462,Kebutuhan Kesehatan,Obat-Obatan,Bokashi Minyak Oles 35 ml,
8463,Kebutuhan Kesehatan,Obat-Obatan,Angso Duo Salep Gatal Ketepeng 6 g,
8464,Kebutuhan Kesehatan,Obat-Obatan,Cap Gajah Minyak Kayu Putih 60 ml,
8465,Kebutuhan Kesehatan,Obat-Obatan,Ammeltz Yokoyoko Obat Gosok Pereda Nyeri 48 ml,
8466,Kebutuhan Kesehatan,Obat-Obatan,Cap Ayam Minyak Kayu Putih 150 ml,
8467,Kebutuhan Kesehatan,Obat-Obatan,Bokasi Minyak Oles 12 ml,
8468,Kebutuhan Kesehatan,Obat-Obatan,Cap Dewi Tunjong Minyak Obat Herbal 8 ml,
8469,Kebutuhan Kesehatan,Obat-Obatan,Cap Ayam Minyak Kayu Putih 40 ml,
8470,Kebutuhan Kesehatan,Obat-Obatan,Sidola Minyak Kayu Putih 60 ml,
8471,Kebutuhan Kesehatan,Obat-Obatan,Safe Care Minyak Angin Aromaterapi Roll On Forest 10 ml,
8472,Kebutuhan Kesehatan,Obat-Obatan,Safe Care Minyak Angin Aromaterapi Roll On Lavender 10 ml,
8473,Kebutuhan Kesehatan,Obat-Obatan,Pil Chi Kit Teck Aun Obat Herbal Sakit Perut 2.25 g,
8474,Kebutuhan Kesehatan,Obat-Obatan,Cap Ibu dan Anak Obat Batuk Cair 300 ml,88.000
8475,Kebutuhan Kesehatan,Obat-Obatan,Autan Lotion Anti Nyamuk Floral & Protect Tube 50 ml,11.900
8476,Kebutuhan Kesehatan,Obat-Obatan,Yunnan Baiyao Herbal Obat Pendarahan 16 Kapsul,87.900
8477,Kebutuhan Kesehatan,Obat-Obatan,Yulin Zheng Gu Shui Minyak Gosok Spray 60 ml,68.900
8478,Kebutuhan Kesehatan,Obat-Obatan,Sanjin Watermelon Frost Permen Pelega Tenggorokan Box 12 pcs,17.500
8479,Kebutuhan Kesehatan,Obat-Obatan,Sanjin Watermelon Frost Pelega Tenggorokan Semprot 3 g,32.500
8480,Kebutuhan Kesehatan,Obat-Obatan,Golden Throat Lozenges Permen Pelega Tenggorokan 12 pcs,19.500
8481,Kebutuhan Kesehatan,Obat-Obatan,Shen Nong Si Die Da Yao Jing Obat Luka Herbal 30 cc,24.900
8482,Kebutuhan Kesehatan,Obat-Obatan,Antangin Junior Obat Herbal Masuk Angin Cair Sachet 5 pcs,18.000
8483,Kebutuhan Kesehatan,Obat-Obatan,Antangin Good Night Suplemen Herbal Gangguan Tidur Strip 4 Tablet,6.500
8484,Kebutuhan Kesehatan,Obat-Obatan,Rapet Wangi Obat Herbal Kewanitaan 10 Kaplet,11.900
8485,Kebutuhan Kesehatan,Obat-Obatan,MegRhythm Plester Relaksasi Good-Night Steam Patch Lavender 5 s,39.000
8486,Kebutuhan Kesehatan,Obat-Obatan,Shen Nong Si Four Season Minyak Angin Winter 20 ml,24.500
8487,Kebutuhan Kesehatan,Obat-Obatan,Shen Nong Si Four Season Minyak Angin 20 ml,26.000
8488,Kebutuhan Kesehatan,Obat-Obatan,Tianhe Zhuifeng Gao Koyo Rematik 10 pcs,37.500
8489,Kebutuhan Kesehatan,Obat-Obatan,Tianhe Gutong Tiegao Koyo Pelancar Peredaran Darah 10 pcs,59.900
8490,Kebutuhan Kesehatan,Obat-Obatan,Tianhe Shexiang Zhuanggu Gao Koyo Relaksasi Otot 10 pcs,37.500
8491,Kebutuhan Kesehatan,Obat-Obatan,Salonpas Jet Spray Pereda Nyeri Otot 118 ml,61.900
8492,Kebutuhan Kesehatan,Obat-Obatan,Caladine Lotion Anti Gatal Iritasi Fresh & Calming Aloe Vera 50 ml,17.900
8493,Kebutuhan Kesehatan,Obat-Obatan,Expert Boost Vitamin D Gummy Anak & Dewasa 600 IU 30 pcs,66.000
8494,Kebutuhan Kesehatan,Obat-Obatan,"Cool-Vita DHA Suplemen Kesehatan Anak Gummy Rasa Apel, Mangga, dan Jeruk 10 pcs",29.900
8495,Kebutuhan Kesehatan,Obat-Obatan,Antangin Good Night Sirup Herbal Suplemen Gangguan Tidur 5 x 15 ml,19.900
8496,Kebutuhan Kesehatan,Obat-Obatan,Leukoplast Elastic Plester Luka 6 s,15.900
8497,Kebutuhan Kesehatan,Obat-Obatan,Leukoplast Aqua Pro Plester Luka 6 s,19.900
8498,Kebutuhan Kesehatan,Obat-Obatan,Feminax Obat Pereda Nyeri Haid Strip 4 Tablet,3.500
8499,Kebutuhan Kesehatan,Obat-Obatan,Shen Nong Si Four Season Minyak Angin 12 ml,24.100
8500,Kebutuhan Kesehatan,Obat-Obatan,HolistiCare Super Ester-C Vitamin C Anak 30 Tablet,45.900
8501,Kebutuhan Kesehatan,Obat-Obatan,Sumagesic Paracetamol Obat Sakit Kepala Strip 4 Tablet,3.200
8502,Kebutuhan Kesehatan,Obat-Obatan,Degirol Obat Radang Mulut & Tenggorokan 20 Tablet Hisap,29.500
8503,Kebutuhan Kesehatan,Obat-Obatan,Hansaplast Salep Luka 20 g,49.000
8504,Kebutuhan Kesehatan,Obat-Obatan,Tiger Balm Balsam Pereda Nyeri Otot Merah 20 g,21.500
8505,Kebutuhan Kesehatan,Obat-Obatan,Tiger Balm Balsam Pereda Nyeri Otot Putih 20 g,21.500
8506,Kebutuhan Kesehatan,Obat-Obatan,VEGETA SCRUBBER Minuman Sari Serat Alami Jeruk 6 x 7.1 g,18.100
8507,Kebutuhan Kesehatan,Obat-Obatan,Salonpas Jet Spray Pereda Nyeri 60 ml,33.900
8508,Kebutuhan Kesehatan,Obat-Obatan,Counterpain Koyo Pereda Nyeri 10 s,9.700
8509,Kebutuhan Kesehatan,Obat-Obatan,SidoMuncul Tolak Angin Obat Herbal Batuk Berdahak Madu Sachet 5 x 15 ml,26.900
8510,Kebutuhan Kesehatan,Obat-Obatan,Counterpain Krim Pereda Nyeri Otot 30 g,46.200
8511,Kebutuhan Kesehatan,Obat-Obatan,Plossa Minyak Angin Aromaterapi Inhaler Roll On Citrus 10 ml,17.100
8512,Kebutuhan Kesehatan,Obat-Obatan,Rohto Cool Obat Tetes Mata 7 ml,21.400
8513,Kebutuhan Kesehatan,Obat-Obatan,Herbakof Obat Batuk Cair Herbal 60 ml,16.500
8514,Kebutuhan Kesehatan,Obat-Obatan,Hansaplast Kain Elastis Plester Luka 10 s,8.000
8515,Kebutuhan Kesehatan,Obat-Obatan,Hansaplast Plester Luka Kedap Air Disney Frozen Mix Ukuran 10 s,12.700
8516,Kebutuhan Kesehatan,Obat-Obatan,Hansaplast Junior Fun Plester Luka Anak Elastis Motif Karakter 10 s,7.500
8517,Kebutuhan Kesehatan,Obat-Obatan,Herbakof Obat Batuk Herbal Double Action Cair 100 ml,19.000
8518,Kebutuhan Kesehatan,Obat-Obatan,Promag Herbal Obat Gangguan Lambung Cair Sachet 10 ml,3.800
8519,Kebutuhan Kesehatan,Obat-Obatan,Bodrex Migra Obat Sakit Kepala Migrain 4 Kaplet,2.500
8520,Kebutuhan Kesehatan,Obat-Obatan,Lukajel Gel Luka Antiseptik 10 g,12.200
8521,Kebutuhan Kesehatan,Obat-Obatan,Woods' Naturals Obat Batuk Cair Herbal 60 ml,34.700
8522,Kebutuhan Kesehatan,Obat-Obatan,Koolfever Plester Kompres Demam Dewasa 1 s,12.200
8523,Kebutuhan Kesehatan,Obat-Obatan,Hansaplast Antiseptik Pembersih Luka Semprot 40 ml,36.500
8524,Kebutuhan Kesehatan,Obat-Obatan,Hansaplast Kain Elastis Plester Luka Finger Strips 6 s,17.400
8525,Kebutuhan Kesehatan,Obat-Obatan,Hansaplast Plester Luka Aqua Protect Mix Ukuran 6 s,19.100
8526,Kebutuhan Kesehatan,Obat-Obatan,SidoMuncul Tolak Linu Obat Herbal Pegal Linu & Nyeri Sendi Cair Sachet 15 ml,4.800
8527,Kebutuhan Kesehatan,Obat-Obatan,Curcuma Plus Grow Emulsion Suplemen Kesehatan Anak Rasa Jeruk 200 ml,41.900
8528,Kebutuhan Kesehatan,Obat-Obatan,Soffell Lotion Anti Nyamuk Geranium 60 g,13.100
8529,Kebutuhan Kesehatan,Obat-Obatan,Cabe Koyo Pereda Nyeri 10 s,19.300
8530,Kebutuhan Kesehatan,Obat-Obatan,Salonpas Gel Pereda Nyeri Tube 30 g,13.200
8531,Kebutuhan Kesehatan,Obat-Obatan,Soffell Lotion Anti Nyamuk Kulit Jeruk 60 g,13.200
8532,Kebutuhan Kesehatan,Obat-Obatan,Cap Lang Minyak Kayu Putih Plus 60 ml,31.500
8533,Kebutuhan Kesehatan,Obat-Obatan,Cerebrofort Marine Gummy Multivitamin Anak Strawberry 20 g,12.400
8534,Kebutuhan Kesehatan,Obat-Obatan,So Fresh Minyak Angin Aromaterapi Citrus 2 x 10 ml,11.900
8535,Kebutuhan Kesehatan,Obat-Obatan,Mixagrip Herbal Greges Obat Masuk Angin Sachet 6 x 15 ml,21.700
8536,Kebutuhan Kesehatan,Obat-Obatan,So Fresh Minyak Angin Aromaterapi Roll On Eucalyptus 2 x 10 ml,11.900
8537,Kebutuhan Kesehatan,Obat-Obatan,Bodrex Extra Obat Sakit Kepala 4 Kaplet,3.100
8538,Kebutuhan Kesehatan,Obat-Obatan,ByeBye-Fever Plester Kompres Demam Dewasa 1 s,15.200
8539,Kebutuhan Kesehatan,Obat-Obatan,Termorex Paracetamol Obat Penurun Demam Anak Cair Rasa Jeruk 60 ml,20.500
8540,Kebutuhan Kesehatan,Obat-Obatan,88 Salep Kulit Pot 6 g,18.500
8541,Kebutuhan Kesehatan,Obat-Obatan,"Youvit Multivitamin Gummy Anak Rasa Stroberi, Jeruk & Nanas 7 Hari 28 g",19.100
8542,Kebutuhan Kesehatan,Obat-Obatan,Ambeven Obat Wasir 10 Kapsul,27.800
8543,Kebutuhan Kesehatan,Obat-Obatan,Konidin OBH Obat Batuk Cair Sachet 5 x 7 ml,7.000
8544,Kebutuhan Kesehatan,Obat-Obatan,Tempra Forte Paracetamol Obat Penurun Demam Cair Anak Rasa Jeruk 60 ml,57.500
8545,Kebutuhan Kesehatan,Obat-Obatan,OBH Nellco Special Obat Batuk Cair 100 ml,33.900
8546,Kebutuhan Kesehatan,Obat-Obatan,Minyak Tawon 912 Obat Gosok 50 ml,30.100
8547,Kebutuhan Kesehatan,Obat-Obatan,Vfresh Minyak Angin Aromaterapi Roll On Lavender 8 ml,15.200
8548,Kebutuhan Kesehatan,Obat-Obatan,Combantrin Obat Cacing 2 Tablet,23.000
8549,Kebutuhan Kesehatan,Obat-Obatan,Vfresh Minyak Angin Aromaterapi Roll On Original 8 ml,15.200
8550,Kebutuhan Kesehatan,Obat-Obatan,FreshCare Minyak Angin Aromaterapi Smash Double Inhaler + Roll On Sakura 8 ml,16.500
8551,Kebutuhan Kesehatan,Obat-Obatan,Woods' Peppermint Expectorant Obat Batuk Cair Berdahak 60 ml,30.000
8552,Kebutuhan Kesehatan,Obat-Obatan,Antangin Mint Obat Herbal Masuk Angin Cair Sachet 15 ml,5.600
8553,Kebutuhan Kesehatan,Obat-Obatan,Cerebrofort Marine Gummy Multivitamin Anak Anggur 20 g,
8554,Kebutuhan Kesehatan,Obat-Obatan,Tiger Balm Balsam Pereda Nyeri Otot Putih 20 g,21.500
8555,Kebutuhan Kesehatan,Obat-Obatan,Zam-Buk Salep Gatal & Memar 25 g,44.900
8556,Kebutuhan Kesehatan,Obat-Obatan,Salonpas Gel Patch Pereda Nyeri Dingin 2 s,17.500
8557,Kebutuhan Kesehatan,Obat-Obatan,Peditox Obat Pembasmi Kutu Rambut 50 ml,10.500
8558,Kebutuhan Kesehatan,Obat-Obatan,Hansaplast Plester Luka Elastis Mix Ukuran 20 s,14.500
8559,Kebutuhan Kesehatan,Obat-Obatan,"Youvit Suplemen Omega 3 Gummy Anak Peach, Jeruk & Raspberi 7 Hari 28 g",20.900
8560,Kebutuhan Kesehatan,Obat-Obatan,Siang Pure Oil Minyak Angin Menthol Peppermint 25 ml,83.500
8561,Kebutuhan Kesehatan,Obat-Obatan,"Youvit Multivitamin Gummy Anak Rasa Stroberi, Jeruk & Nanas 30 Hari 120 g",69.000
8562,Kebutuhan Kesehatan,Obat-Obatan,"Youvit Suplemen Omega 3 Gummy Anak Peach, Jeruk & Raspberi 30 Hari 120 g",85.000
8563,Kebutuhan Kesehatan,Obat-Obatan,Hansaplast Junior Fun Plester Luka Anak Elastis Motif Karakter 100 s,41.000
8564,Kebutuhan Kesehatan,Obat-Obatan,Hansaplast Plester Luka Sensitif XL 5 Lembar,43.900
8565,Kebutuhan Kesehatan,Obat-Obatan,Hansaplast Second Skin Protection Plester Luka 6 s,67.500
8566,Kebutuhan Kesehatan,Obat-Obatan,Plossa Minyak Angin Aromaterapi Inhaler Roll On Blue Mountain 10 ml,16.900
8567,Kebutuhan Kesehatan,Obat-Obatan,Salonpas Plester Pereda Nyeri Patch 5 s,32.500
8568,Kebutuhan Kesehatan,Obat-Obatan,Dettol Plester Antiseptik Tahan Air 10 s,9.900
8569,Kebutuhan Kesehatan,Obat-Obatan,Antangin Habbatussauda Obat Herbal Masuk Angin Cair Sachet 5 x 15 ml,18.900
8570,Kebutuhan Kesehatan,Obat-Obatan,Autan Spray Anti Nyamuk Refresh Spritz Tube 100 ml,18.400
8571,Kebutuhan Kesehatan,Obat-Obatan,Cap Lang Minyak Kayu Putih Plus 120 ml,66.400
8572,Kebutuhan Kesehatan,Obat-Obatan,Vicks Formula 44 Obat Batuk Cair 100 ml,40.200
8573,Kebutuhan Kesehatan,Obat-Obatan,Hot In Cream Pereda Nyeri Otot Original 120 ml,39.000
8574,Kebutuhan Kesehatan,Obat-Obatan,Actifed Plus Obat Batuk & Pilek Cair 60 ml,72.600
8575,Kebutuhan Kesehatan,Obat-Obatan,Kalpanax Krim Kulit Anti Jamur Tube 5 g,17.900
8576,Kebutuhan Kesehatan,Obat-Obatan,Actifed Obat Batuk Berdahak Cair 60 ml,75.500
8577,Kebutuhan Kesehatan,Obat-Obatan,Hansaplast Rol Kain 1.25 cm x 5 m,20.000
8578,Kebutuhan Kesehatan,Obat-Obatan,Norit Obat Diare Tube 40 Tablet,17.500
8579,Kebutuhan Kesehatan,Obat-Obatan,Woods' Peppermint Antitussive Obat Batuk Cair Tidak Berdahak 60 ml,30.000
8580,Kebutuhan Kesehatan,Obat-Obatan,Laserin Obat Batuk Cair 110 ml,36.500
8581,Kebutuhan Kesehatan,Obat-Obatan,Hot In Cream Go Krim Pereda Nyeri Otot 100 g,36.500
8582,Kebutuhan Kesehatan,Obat-Obatan,Cap Lang Minyak Kayu Putih 210 ml,69.900
8583,Kebutuhan Kesehatan,Obat-Obatan,Antangin Junior Obat Herbal Masuk Angin Cair Sachet 5 pcs,18.000
8584,Kebutuhan Kesehatan,Obat-Obatan,"Cool-Vita DHA Suplemen Kesehatan Anak Gummy Rasa Apel, Mangga, dan Jeruk 10 pcs",29.900
8585,Kebutuhan Kesehatan,Vitamin & Suplemen,Fatigon Spirit Multivitamin Stamina 6 Kaplet,8.500
8586,Kebutuhan Kesehatan,Vitamin & Suplemen,CDR Suplemen Kalsium Kesehatan Tulang & Tubuh Jeruk Mandarin 10 Tablet,62.900
8587,Kebutuhan Kesehatan,Vitamin & Suplemen,XonCe Vitamin C Hisap Jeruk 2 Tablet,3.200
8588,Kebutuhan Kesehatan,Vitamin & Suplemen,CDR Suplemen Kalsium Kesehatan Tulang & Tubuh Jeruk Mandarin 2 tablet,12.700
8589,Kebutuhan Kesehatan,Vitamin & Suplemen,Imboost Original Suplemen Daya Tahan Tubuh 4 Tablet,22.500
8590,Kebutuhan Kesehatan,Vitamin & Suplemen,EJ Sport Go Extra Level Suplemen Kesehatan Pisang 2 x 50 ml,18.600
8591,Kebutuhan Kesehatan,Vitamin & Suplemen,Vitacimin Vitamin C Hisap Sweetlet 2 Tablet,2.800
8592,Kebutuhan Kesehatan,Vitamin & Suplemen,Amunizer Minuman Vitamin C 1000 mg 140 ml,7.200
8593,Kebutuhan Kesehatan,Vitamin & Suplemen,Sangobion Suplemen Penambah Darah 4 Kapsul,10.800
8594,Kebutuhan Kesehatan,Vitamin & Suplemen,Sangobion Suplemen Penambah Darah 10 Kapsul,26.500
8595,Kebutuhan Kesehatan,Vitamin & Suplemen,SidoMuncul Vitamin C 1000 Minuman Suplemen Kesehatan Lemon 6 x 4 g,10.700
8596,Kebutuhan Kesehatan,Vitamin & Suplemen,Imboost Suplemen Daya Tahan Tubuh Effervescent Vitamin C & D3 Jeruk 2 Tablet,12.300
8597,Kebutuhan Kesehatan,Vitamin & Suplemen,HolistiCare Super Ester-C Vitamin C Suplemen Daya Tahan Tubuh 4 Tablet,8.700
8598,Kebutuhan Kesehatan,Vitamin & Suplemen,Enervon Active Multivitamin Daya Tahan Tubuh 4 Tablet,6.300
8599,Kebutuhan Kesehatan,Vitamin & Suplemen,Hemaviton Action ImunUp Multivitamin Daya Tahan Tubuh 5 Kapsul,8.000
8600,Kebutuhan Kesehatan,Vitamin & Suplemen,Fatigon Suplemen Kesehatan Multivitamin & Mineral 6 Kaplet,9.900
8601,Kebutuhan Kesehatan,Vitamin & Suplemen,Natur-E Skin Start Natural Suplemen Kecantikan Vitamin E 100 IU 16 Kapsul,20.100
8602,Kebutuhan Kesehatan,Vitamin & Suplemen,Redoxon Triple Action Suplemen Daya Tahan Tubuh Effervescent Jeruk 10 Tablet,60.900
8603,Kebutuhan Kesehatan,Vitamin & Suplemen,CDR Suplemen Kalsium Kesehatan Tulang & Tubuh Jeruk Mandarin 15 Tablet,87.400
8604,Kebutuhan Kesehatan,Vitamin & Suplemen,Pharmaton Go Suplemen Kesehatan Tubuh 6 Kaplet,19.400
8605,Kebutuhan Kesehatan,Vitamin & Suplemen,Neurobion Vitamin Neurotropik Kesehatan Saraf 10 Tablet,33.200
8606,Kebutuhan Kesehatan,Vitamin & Suplemen,Pasakbuwono Ceng Plus Suplemen Stamina Pria 2 kaplet,10.300
8607,Kebutuhan Kesehatan,Vitamin & Suplemen,L-Men Gainmass Whey Protein Cokelat 225 g,91.300
8608,Kebutuhan Kesehatan,Vitamin & Suplemen,Imboost Bone Effervescent Suplemen Kesehatan Tulang & Gigi Jeruk 2 s,13.700
8609,Kebutuhan Kesehatan,Vitamin & Suplemen,TJ Herbal Madu Masuk Angin 140 g,29.400
8610,Kebutuhan Kesehatan,Vitamin & Suplemen,Imboost Kids Suplemen Kesehatan Anak Extra Vit C & D3 Mixberry 21 Tablet Hisap,
8611,Kebutuhan Kesehatan,Vitamin & Suplemen,Now Vitamin C-500 Rose Hips Suplemen Kesehatan 100 tablet,
8612,Kebutuhan Kesehatan,Vitamin & Suplemen,Youvit Multivitamin Gummy Dewasa Super Berries 30 Hari Pouch 120 g,
8613,Kebutuhan Kesehatan,Vitamin & Suplemen,Youvit Collagen Suplemen Kecantikan Gummy Stroberi 7 Hari Pouch 58.8 g,
8614,Kebutuhan Kesehatan,Vitamin & Suplemen,Youvit Beauti+ Suplemen Kecantikan Gummy Super Berries 30 Hari Pouch 120 g,
8615,Kebutuhan Kesehatan,Vitamin & Suplemen,Imunped Suplemen Daya Tahan Tubuh Anak Sirup Rasa Apel 60 ml,
8616,Kebutuhan Kesehatan,Vitamin & Suplemen,Blackmores Bio C 1000 Suplemen Kesehatan 30 Tablet,
8617,Kebutuhan Kesehatan,Vitamin & Suplemen,Imboost Extra Vitamin C & D3 Suplemen Daya Tahan Tubuh 4 Kaplet,23.900
8618,Kebutuhan Kesehatan,Vitamin & Suplemen,Interlac Probiotik Drops Suplemen Pencernaan Anak 5 ml,277.700
8619,Kebutuhan Kesehatan,Vitamin & Suplemen,Flimeal Minuman Sereal Stroberi 12 x 50 g,184.500
8620,Kebutuhan Kesehatan,Vitamin & Suplemen,Flimeal Minuman Sereal Cokelat Susu 12 x 50 g,184.500
8621,Kebutuhan Kesehatan,Vitamin & Suplemen,Flimeal Minuman Sereal Cokelat Vegan 12 x 50 g,184.500
8622,Kebutuhan Kesehatan,Vitamin & Suplemen,Flimeal Minuman Sereal Cokelat Susu Travel Pack 4 x 50 g,70.500
8623,Kebutuhan Kesehatan,Vitamin & Suplemen,Fufang Ejiao Jiang Suplemen Kesehatan 12 pcs,260.900
8624,Kebutuhan Kesehatan,Vitamin & Suplemen,Redoxon Triple Action Suplemen Daya Tahan Tubuh Effervescent Blackcurrant 10 Tablet,42.900
8625,Kebutuhan Kesehatan,Vitamin & Suplemen,CDR Fortos Suplemen Kalsium & Vitamin D Jeruk Mandarin 10 Tablet,49.900
8626,Kebutuhan Kesehatan,Vitamin & Suplemen,Blackmores Koalakids Suplemen Kesehatan Anak Pelindung Tubuh 60 Tablet,212.500
8627,Kebutuhan Kesehatan,Vitamin & Suplemen,Flimty Fiber Minuman Serbuk Tinggi Serat Blackcurrant Sachet 16 x 15 g,225.000
8628,Kebutuhan Kesehatan,Vitamin & Suplemen,Flimty Fiber Minuman Serbuk Tinggi Serat Raspberry Sachet 16 x 15 g,225.000
8629,Kebutuhan Kesehatan,Vitamin & Suplemen,Flimty Fiber Minuman Serbuk Tinggi Serat Blackcurrant Travel Pack 5 x 15 g,76.900
8630,Kebutuhan Kesehatan,Vitamin & Suplemen,Flimty Fiber Minuman Serbuk Tinggi Serat Raspberry Travel Pack 5 x 15 g,76.900
8631,Kebutuhan Kesehatan,Vitamin & Suplemen,Flimty Fiber Minuman Serbuk Tinggi Serat Mango Sachet 16 x 15 g,225.000
8632,Kebutuhan Kesehatan,Vitamin & Suplemen,Flimcol Minuman Kolagen 5000 mg Stroberi 10 x 15 g,154.900
8633,Kebutuhan Kesehatan,Vitamin & Suplemen,Cool-Vita Collagen Suplemen Kecantikan Gummy Rasa Jeruk Bali dan Lemon 10 pcs,33.900
8634,Kebutuhan Kesehatan,Vitamin & Suplemen,Konilife Bone Suplemen Kesehatan Tulang 30 pcs,115.000
8635,Kebutuhan Kesehatan,Vitamin & Suplemen,Konilife Chlorofit Suplemen Makanan Memelihara Kesehatan Tubuh 30 kapsul,115.000
8636,Kebutuhan Kesehatan,Vitamin & Suplemen,Konilife D3 4000 IU Suplemen untuk Daya Tahan Tubuh 30 kapsul,95.000
8637,Kebutuhan Kesehatan,Vitamin & Suplemen,Konilife Imunea Suplemen Makanan untuk Daya Tahan Tubuh 30 kapsul,95.000
8638,Kebutuhan Kesehatan,Vitamin & Suplemen,Konilife Urafit Suplemen Makanan untuk Pegal Linu dan Nyeri Sendi 30 kapsul,95.000
8639,Kebutuhan Kesehatan,Vitamin & Suplemen,Konilife Visionpro Suplemen Kesehatan Mata 30 kapsul,195.000
8640,Kebutuhan Kesehatan,Vitamin & Suplemen,Fortiboost Immuno Sirup Suplemen Kesehatan Tubuh 60 ml,30.000
8641,Kebutuhan Kesehatan,Vitamin & Suplemen,Fortiboost Suplemen Kesehatan D3 1000 IU 30 Tablet,75.900
8642,Kebutuhan Kesehatan,Vitamin & Suplemen,Hemaviton FitOmega 3 Suplemen Kesehatan Minyak Ikan 30 Kapsul Lunak,47.900
8643,Kebutuhan Kesehatan,Vitamin & Suplemen,Sakatonik Activ Permen Gummy Vitamin Anemia Box 6 x 6 pcs,79.900
8644,Kebutuhan Kesehatan,Vitamin & Suplemen,Blackmores Calcimag Multi Suplemen Kesehatan Tulang 30 Tablet,117.000
8645,Kebutuhan Kesehatan,Vitamin & Suplemen,SidoMuncul Vitamin C 1000 Minuman Suplemen Kesehatan Collagen 6 x 4 g,12.900
8646,Kebutuhan Kesehatan,Vitamin & Suplemen,SidoMuncul Vitamin C 1000 Minuman Suplemen Kesehatan Sweet Orange 6 x 4 g,11.500
8647,Kebutuhan Kesehatan,Vitamin & Suplemen,Imboost Suplemen Daya Tahan Tubuh Effervescent Vitamin C & D3 Jeruk 8 Tablet,49.300
8648,Kebutuhan Kesehatan,Vitamin & Suplemen,Sakatonik Activ Permen Gummy Vitamin Anemia 6 pcs,19.900
8649,Kebutuhan Kesehatan,Vitamin & Suplemen,Vicee Vitamin C Hisap Lemon 2 Tablet,2.300
8650,Kebutuhan Kesehatan,Vitamin & Suplemen,Enervon-C Multivitamin Suplemen Daya Tahan Tubuh Botol 30 Tablet,39.900
8651,Kebutuhan Kesehatan,Vitamin & Suplemen,Enervon-C Multivitamin Suplemen Daya Tahan Tubuh 4 Tablet,7.800
8652,Kebutuhan Kesehatan,Vitamin & Suplemen,Enervon Fizz Suplemen Daya Tahan Tubuh Effervescent Vitamin C & B Complex 8 Tablet,34.500
8653,Kebutuhan Kesehatan,Vitamin & Suplemen,Hemaviton Stamina Plus Multivitamin Suplemen Kesehatan 5 Kaplet,9.700
8654,Kebutuhan Kesehatan,Vitamin & Suplemen,Redoxon Triple Action Suplemen Daya Tahan Tubuh Effervescent Jeruk 2 Tablet,12.500
8655,Kebutuhan Kesehatan,Vitamin & Suplemen,Extra Joss Active Minuman Suplemen Kesehatan 6 x 4.2 g,10.700
8656,Kebutuhan Kesehatan,Vitamin & Suplemen,Neurobion Forte Vitamin Neurotropik Kesehatan Saraf 10 Tablet,58.700
8657,Kebutuhan Kesehatan,Vitamin & Suplemen,Cool-Vita Suplemen Kecantikan Collagen Effervescent Peach 10 Tablet,21.200
8658,Kebutuhan Kesehatan,Vitamin & Suplemen,HolistiCare Super Ester-C Vitamin C Suplemen Daya Tahan Tubuh 30 Tablet,63.200
8659,Kebutuhan Kesehatan,Vitamin & Suplemen,Welmove Suplemen Sendi 5 Kaplet,15.900
8660,Kebutuhan Kesehatan,Vitamin & Suplemen,Neo Hormoviton Pasak Bumi Suplemen Stamina Pria 5 Kapsul,8.900
8661,Kebutuhan Kesehatan,Vitamin & Suplemen,Imboost Bone Suplemen Kesehatan Tulang & Gigi Effervescent Jeruk 8 Tablet,49.800
8662,Kebutuhan Kesehatan,Vitamin & Suplemen,Neurobion Vitamin Neurotropik Kesehatan Saraf 10 Tablet,33.200
8663,Kebutuhan Kesehatan,Vitamin & Suplemen,Natur-E Active Beauty Natural Suplemen Kecantikan Vitamin E 300 IU 16 Kapsul,46.500
8664,Kebutuhan Kesehatan,Vitamin & Suplemen,Natur-E Advanced Suplemen Kesehatan 16 Kapsul,42.500
8665,Kebutuhan Kesehatan,Vitamin & Suplemen,Blackmores Odourless Fish Oil 1000 Suplemen Kesehatan Minyak Ikan 30 Kapsul,99.900
8666,Kebutuhan Kesehatan,Vitamin & Suplemen,Blackmores Multivitamins + Minerals Suplemen Kesehatan 30 Tablet,170.000
8667,Kebutuhan Kesehatan,Vitamin & Suplemen,HolistiCare Ester C-1000 Vitamin C Suplemen Daya Tahan Tubuh 30 Tablet,139.900
8668,Kebutuhan Kesehatan,Vitamin & Suplemen,Blackmores Vitamin Ibu Hamil & Menyusui 60 Kapsul,255.500
8669,Kebutuhan Kesehatan,Vitamin & Suplemen,Blackmores Daily Immune C 500 Suplemen Kesehatan Daya Tahan Tubuh 30 Tablet,88.900
8670,Kebutuhan Kesehatan,Vitamin & Suplemen,Imboost Extra Vitamin C & D3 Suplemen Daya Tahan Tubuh 30 Kaplet,142.000
8671,Kebutuhan Kesehatan,Vitamin & Suplemen,Little Joy Supramix Gold Bubuk Ikan Pouch 22 g,27.500
8672,Kebutuhan Kesehatan,Vitamin & Suplemen,LO HAN KUO Obat Panas Dalam Infusion Box 12 x 14 g,21.900
8673,Kebutuhan Kesehatan,Vitamin & Suplemen,Blackmores Bio D3 1000 IU Suplemen Kesehatan Tinggi Vitamin D 30 Tablet,57.500
8674,Kebutuhan Kesehatan,Vitamin & Suplemen,Natur-E White Suplemen Kesehatan 16 Kapsul,44.500
8675,Kebutuhan Kesehatan,Vitamin & Suplemen,Scott's Emulsion Vita Multivitamin Anak Jeruk 400 ml,69.900
8676,Kebutuhan Kesehatan,Alat Kesehatan,Vivo 0.03 Kondom Premium Ekstra Tipis 3 pcs,31.500
8677,Kebutuhan Kesehatan,Alat Kesehatan,Sutra Kondom Impor Bergerigi 3 pcs,16.400
8678,Kebutuhan Kesehatan,Alat Kesehatan,Akurat Strip Uji Kehamilan,16.800
8679,Kebutuhan Kesehatan,Alat Kesehatan,Fiesta Kondom Impor Strawberry 3 pcs,22.700
8680,Kebutuhan Kesehatan,Alat Kesehatan,Sutra OK Kondom Impor 12 pcs,48.400
8681,Kebutuhan Kesehatan,Alat Kesehatan,Sutra 003 Kondom Impor Super Tipis 2 pcs,19.500
8682,Kebutuhan Kesehatan,Alat Kesehatan,Sutra Kondom Impor Cinta 3 pcs,11.500
8683,Kebutuhan Kesehatan,Alat Kesehatan,Sensitif Strip Uji Kehamilan Pribadi,34.500
8684,Kebutuhan Kesehatan,Alat Kesehatan,Andalan Strip Uji Kehamilan,7.000
8685,Kebutuhan Kesehatan,Alat Kesehatan,Fiesta Kondom Impor Sangat Tipis 3 pcs,23.600
8686,Kebutuhan Kesehatan,Alat Kesehatan,Sutra Kondom Impor Klasik 3 pcs,11.300
8687,Kebutuhan Kesehatan,Alat Kesehatan,Fiesta Kondom Impor Max Dotted 3 pcs,14.900
8688,Kebutuhan Kesehatan,Alat Kesehatan,Sutra Kondom Impor Klasik 12 pcs,29.900
8689,Kebutuhan Kesehatan,Alat Kesehatan,Durex Love Jeans Kondom Extra Pelumas 3 pcs,15.500
8690,Kebutuhan Kesehatan,Alat Kesehatan,Sutra Gel Pelumas 50 ml,28.200
8691,Kebutuhan Kesehatan,Alat Kesehatan,Magic Power Tisu Antiseptik 6 s,16.500
8692,Kebutuhan Kesehatan,Alat Kesehatan,Sutra OK Kondom Impor 3 pcs,15.200
8693,Kebutuhan Kesehatan,Alat Kesehatan,Magic Power Tisu Antiseptik Ice Blast 6 Sachet,16.200
8694,Kebutuhan Kesehatan,Alat Kesehatan,Vigel Gel Pelumas 60 g,37.000
8695,Kebutuhan Kesehatan,Alat Kesehatan,Durex Extra Safe Kondom Tebal 3 pcs,30.900
8696,Kebutuhan Kesehatan,Alat Kesehatan,Alfamart TinyTAN Masker Dewasa 3D Duckbill + 8 Air Patch,12.900
8697,Kebutuhan Kesehatan,Alat Kesehatan,Alfamart TinyTAN Masker Dewasa 4D KF98 + 8 Air Patch,12.900
8698,Kebutuhan Kesehatan,Alat Kesehatan,Alfamart TinyTAN Masker Dewasa 5D KN95 + 8 Air Patch,12.900
8699,Kebutuhan Kesehatan,Alat Kesehatan,Durex Performa Kondom Tahan Lama 3 pcs,43.900
8700,Kebutuhan Kesehatan,Alat Kesehatan,Durex Invisible Kondom Extra Tipis 2 pcs,57.500
8701,Kebutuhan Kesehatan,Alat Kesehatan,Disney Masker Kain Anak Assorted,9.900
8702,Kebutuhan Kesehatan,Alat Kesehatan,Disney Masker Kain Dewasa Wanita,9.900
8703,Kebutuhan Kesehatan,Alat Kesehatan,Scorlines Masker Kain Non Medis Hijab Head Loop 3 ply,7.900
8704,Kebutuhan Kesehatan,Alat Kesehatan,Sure Tez Strip Uji Kehamilan,25.900
8705,Kebutuhan Kesehatan,Alat Kesehatan,Disney Masker Kain Headloop Assorted,9.900
8706,Kebutuhan Kesehatan,Alat Kesehatan,Alfamart Masker Dewasa Duckbill Premium 3D 20 s,34.900
8707,Kebutuhan Kesehatan,Alat Kesehatan,Alfamart Masker Kain Dewasa Wanita Assorted,14.900
8708,Kebutuhan Kesehatan,Alat Kesehatan,Alfamart Timbangan Badan Digital Disney Frozen,
8709,Kebutuhan Kesehatan,Alat Kesehatan,Alfamart Timbangan Badan Digital Disney Toy Story,
8710,Kebutuhan Kesehatan,Alat Kesehatan,Durex Play Massage 2 in 1 Pelumas Aloe Vera 200 ml,
8711,Kebutuhan Kesehatan,Alat Kesehatan,Alfamart BT21 Masker Anak 5D 5 Ply - Isi 5 pcs,
8712,Kebutuhan Kesehatan,Alat Kesehatan,Alfamart BT21 Masker Dewasa KN95 5D 5 Ply - Isi 5 pcs,
8713,Kebutuhan Kesehatan,Alat Kesehatan,Alfamart BT21 Masker Anak KF94 4D 4 Ply - Isi 4 pcs Pattern 2,
8714,Kebutuhan Kesehatan,Alat Kesehatan,Alfamart BT21 Masker Dewasa KF94 4 Ply - Isi 4 pcs Varian 2,
8715,Kebutuhan Kesehatan,Alat Kesehatan,Alfamart BT21 Masker Dewasa KF94 4 Ply - Isi 4 pcs Varian 1,
8716,Kebutuhan Kesehatan,Alat Kesehatan,Alfamart BT21 Masker Anak KF94 4D 4 Ply - Isi 4 pcs Pattern 1,
8717,Kebutuhan Kesehatan,Alat Kesehatan,Alfamart BT21 Masker Dewasa 3D 4 Ply - Isi 5 pcs,
8718,Kebutuhan Kesehatan,Alat Kesehatan,Durex Intense Vibe Ring Cincin Getar Alat Bantu Seksual 1 pcs,
8719,Kebutuhan Kesehatan,Alat Kesehatan,Q-Life Menstrual Care Plester Hangat Pereda Nyeri Haid 1 pcs,16.900
8720,Kebutuhan Kesehatan,Alat Kesehatan,Durex Extra Safe Kondom Tebal 12 pcs,85.000
8721,Kebutuhan Kesehatan,Alat Kesehatan,Durex Performa Kondom Tahan Lama 6 pcs,55.000
8722,Kebutuhan Kesehatan,Alat Kesehatan,SOS Masker Dewasa Earloop 3 Ply 50 s,32.900
8723,Kebutuhan Kesehatan,Alat Kesehatan,Alfamart Masker Anak We Bare Bears 3 s,7.700
8724,Kebutuhan Kesehatan,Alat Kesehatan,Alfamart Justice League Masker Anak 3D Duckbill 5 pcs,12.400
8725,Kebutuhan Kesehatan,Alat Kesehatan,Alfamart Justice League Masker Anak KF94 4D 4 Ply 5 pcs,14.100
8726,Kebutuhan Kesehatan,Alat Kesehatan,Alfamart Justice League Patch Aromaterapi 12 s,8.900
8727,Kebutuhan Kesehatan,Alat Kesehatan,Durex Fetherlite Kondom Extra Tipis Aman 12 pcs,85.000
8728,Kebutuhan Kesehatan,Alat Kesehatan,Alfamart Masker Dewasa Medis Earloop 3 Ply 5 pcs,7.900
8729,Kebutuhan Kesehatan,Alat Kesehatan,Scorlines Masker Kain Non Medis Ear Loop 3 ply,7.900
8730,Kebutuhan Kesehatan,Alat Kesehatan,Disney Marvel Masker Kain Anak,14.900
8731,Kebutuhan Kesehatan,Alat Kesehatan,Marvel Masker Kain Dewasa Pria 1 pcs,14.900
8732,Kebutuhan Kesehatan,Alat Kesehatan,Pokana Masker Dewasa KN95 Color Series Earloop 2 pcs,25.000
8733,Kebutuhan Kesehatan,Alat Kesehatan,Thankful Masker Dewasa Earloop 4 Ply 30 pcs,53.500
8734,Kebutuhan Kesehatan,Alat Kesehatan,Alfamart Masker Kain Anak Assorted,14.900
8735,Kebutuhan Kesehatan,Alat Kesehatan,Vivo Vibe Little Bunny Ring Getar & Kondom Latex,109.900
8736,Kebutuhan Kesehatan,Alat Kesehatan,Thankful Masker Dewasa Warna 3D 3 s,8.500
8737,Kebutuhan Kesehatan,Alat Kesehatan,Sensi Masker Dewasa Duckbill XL 6 s,17.000
8738,Kebutuhan Kesehatan,Alat Kesehatan,Nexcare 3M Masker Dewasa 3 Ply 3 pcs,8.900
8739,Kebutuhan Kesehatan,Alat Kesehatan,Sensi Masker Anak Duckbill 3 Ply 5 s,19.000
8740,Kebutuhan Kesehatan,Alat Kesehatan,Softies Masker Medis Duckshape 3 Ply 5 s,10.900
8741,Kebutuhan Kesehatan,Alat Kesehatan,Sensi Masker Dewasa Duckbill 3 Ply 6 pcs,17.000
8742,Kebutuhan Kesehatan,Alat Kesehatan,Oto Underpad Perlak Sekali Pakai 10 pcs,34.900
8743,Kebutuhan Kesehatan,Alat Kesehatan,Durex Love Jeans Kondom Extra Pelumas 12 pcs,39.900
8744,Kebutuhan Kesehatan,Alat Kesehatan,Skrineer Masker Dewasa Multi Fungsi Earloop 5 pcs,6.900
8745,Kebutuhan Kesehatan,Alat Kesehatan,Thankful Masker Dewasa Earloop 4 Ply 5 pcs,7.700
8746,Kebutuhan Kesehatan,Alat Kesehatan,Anytime Masker Dewasa 3D Duckbill 4 Ply Earloop 7 pcs,14.500
8747,Kebutuhan Kesehatan,Alat Kesehatan,Skrineer Masker Dewasa Duckbill White 4 Ply 5 + 2 pcs,17.900
8748,Kebutuhan Kesehatan,Alat Kesehatan,Pokana Masker Dewasa Medis 3 Ply Black & Grey 5 s,11.000
8749,Kebutuhan Kesehatan,Alat Kesehatan,Durex Play Pelumas Bahan Dasar Air 50 ml,69.900
8750,Kebutuhan Kesehatan,Alat Kesehatan,Thankful Masker Dewasa Headloop 4 Ply 5 pcs,8.700
8751,Kebutuhan Kesehatan,Alat Kesehatan,Okamoto 0.03 Kondom Real Fit 2 pcs,30.000
8752,Kebutuhan Kesehatan,Alat Kesehatan,Alfamart Masker Dewasa 3 Ply Earloop 20 s,13.500
8753,Kebutuhan Kesehatan,Alat Kesehatan,Alfamart Masker Dewasa KN95 5 ply Duckbill Premium 4 s,12.900
8754,Kebutuhan Kesehatan,Alat Kesehatan,Lovers Tisu Antiseptik Pria 6 s,17.300
8755,Kebutuhan Kesehatan,Alat Kesehatan,Sutra Kondom Impor Bergerigi 12 pcs,45.900
8756,Kebutuhan Kesehatan,Alat Kesehatan,Pokana Masker Medis Earloop 5 pcs,8.700
8757,Kebutuhan Kesehatan,Alat Kesehatan,Magic Power Spray Antiseptik Pria 15 ml,24.400
8758,Kebutuhan Kesehatan,Alat Kesehatan,Okamoto Kondom Platinum 003 2 pcs,42.000
8759,Kebutuhan Kesehatan,Alat Kesehatan,Durex Play Pelumas Sweet Strawberry 50 ml,91.200
8760,Kebutuhan Kesehatan,Alat Kesehatan,Sensi Masker Dewasa Earloop 4 Ply 2 pcs,
8761,Kebutuhan Kesehatan,Alat Kesehatan,Alfamart BT21 Masker Anak 3D 4 Ply - Isi 5 pcs,
8762,Kebutuhan Kesehatan,Alat Kesehatan,Diapro Value Perlak Sekali Pakai Segala Usia 10 pcs,35.900
8763,Kebutuhan Kesehatan,Alat Kesehatan,Vivo 0.01 Kondom Ekstra Tipis Non Latex 2 pcs,49.900
8764,Kebutuhan Kesehatan,Alat Kesehatan,Vivo 0.03 Kondom Premium Ekstra Tipis 12 pcs,89.000
8765,Kebutuhan Kesehatan,Alat Kesehatan,Vivo Classic Thin Kondom Premium 12 pcs,45.000
8766,Kebutuhan Kesehatan,Alat Kesehatan,Vivo Ultra Thin Kondom Premium 12 pcs,53.900
8767,Kebutuhan Kesehatan,Alat Kesehatan,Vivo Vibe Naughty Devil Ring Getar & Kondom Latex,105.500
8768,Kebutuhan Kesehatan,Alat Kesehatan,Vivo Pelumas Stroberi 60 g,65.000
8769,Kebutuhan Kesehatan,Alat Kesehatan,Alfamart Masker Dewasa 3D Duckbill Hitam Premium 5 pcs,12.700
8770,Kebutuhan Kesehatan,Alat Kesehatan,Skrineer Masker Hijab Duckbill 4 Ply Headloop 5 + 2 pcs Assorted,20.900
8771,Kebutuhan Kesehatan,Alat Kesehatan,Alfamart Premium Masker Dewasa 3D 3 Ply Earloop 5 pcs,12.400
8772,Kebutuhan Kesehatan,Alat Kesehatan,Alfamart Masker Dewasa 4D Duckbill Premium 4 s,13.900
8773,Kebutuhan Kesehatan,Produk Higienis,Antis Pembersih Tangan Spray Jasmine Tea 55 ml,14.900
8774,Kebutuhan Kesehatan,Produk Higienis,Instance Pembersih Tangan Spray 100 ml,13.900
8775,Kebutuhan Kesehatan,Produk Higienis,Dettol Cairan Antiseptik Botol 95 ml,30.000
8776,Kebutuhan Kesehatan,Produk Higienis,Antis Double Action Pembersih Tangan Spray Jeruk Nipis 55 ml,15.600
8777,Kebutuhan Kesehatan,Produk Higienis,Ika Alkohol 70% 100 ml,23.900
8778,Kebutuhan Kesehatan,Produk Higienis,Betadine Obat Luka Antiseptik 30 ml,31.800
8779,Kebutuhan Kesehatan,Produk Higienis,Dettol Cairan Antiseptik Botol 245 ml,78.400
8780,Kebutuhan Kesehatan,Produk Higienis,Alfamart Disinfektan Fresh Lemon Spray 225 ml,
8781,Kebutuhan Kesehatan,Produk Higienis,Alfamart Pembersih Tangan Alcohol Free 100 ml,
8782,Kebutuhan Kesehatan,Produk Higienis,Nuvo Pembersih Tangan Fresh Blossom 85 ml,4.300
8783,Kebutuhan Kesehatan,Produk Higienis,Betadine Bening Antiseptik Luka Semprot 30 ml,19.700
8784,Kebutuhan Kesehatan,Produk Higienis,Betadine Ointment Obat Salep Luka Antiseptik 5 g,10.000
8785,Kebutuhan Kesehatan,Produk Higienis,Dettol Cairan Antiseptik Botol 750 ml,149.900
8786,Kebutuhan Kesehatan,Produk Higienis,Betadine Sabun Cair Antiseptik 100 ml,31.000
8787,Lifestyle,Mainan & Hiburan,Hot Wheels Colour Shifters Mainan Mobil Anak Assorted,49.900
8788,Lifestyle,Mainan & Hiburan,Polly Pocket Boneka Mainan Anak Assorted Kecil,29.900
8789,Lifestyle,Mainan & Hiburan,Mega Pokemon Ball Mainan Anak Assorted,39.900
8790,Lifestyle,Mainan & Hiburan,Hot Wheels New Pull Back Racer Mainan Mobil Anak Assorted,49.900
8791,Lifestyle,Mainan & Hiburan,Emco Hot Shots Bolt-XF Pistol Peluru Busa Mainan Anak Assorted,54.900
8792,Lifestyle,Mainan & Hiburan,Hot Wheels Neon Speeders Mainan Mobil Anak Assorted,32.900
8793,Lifestyle,Mainan & Hiburan,Deno Max Pistol Peluru Busa Mainan Anak,
8794,Lifestyle,Mainan & Hiburan,Deno Crazy Dino Egg Boom Mainan Anak,
8795,Lifestyle,Mainan & Hiburan,Deno Crazy Dino Lava Slime Squishy Mainan Anak,
8796,Lifestyle,Mainan & Hiburan,Disney Boneka Mainan Anak Assorted,
8797,Lifestyle,Mainan & Hiburan,Disney Boneka Chibi Mainan Anak 7 inch Assorted,
8798,Lifestyle,Mainan & Hiburan,Disney Boneka Mainan Anak Mickey Mouse,
8799,Lifestyle,Mainan & Hiburan,Disney Sand Art Mainan Anak Assorted,
8800,Lifestyle,Mainan & Hiburan,Emco Crash Ems Wave Marvel Avengers Mainan Mobil Anak Assorted,
8801,Lifestyle,Mainan & Hiburan,Majorette Street Cars Mainan Mobil Anak Assorted,
8802,Lifestyle,Mainan & Hiburan,Majorette Premium Cars Mainan Mobil Anak Assorted,
8803,Lifestyle,Mainan & Hiburan,Apolo Huggiez Gelang Mainan Anak Bentuk Hewan Assorted,
8804,Lifestyle,Mainan & Hiburan,Blokees Mainan Action Figures Marvel Galaxy Version 02 - Blind Box,
8805,Lifestyle,Mainan & Hiburan,TinyTan Cool Name Tempat Minum V 500 ml,
8806,Lifestyle,Mainan & Hiburan,TinyTan Cool Name Tempat Minum Jin 500 ml,
8807,Lifestyle,Mainan & Hiburan,TinyTan Cool Name Tempat Minum Jimin 500 ml,
8808,Lifestyle,Mainan & Hiburan,TinyTan Cool Name Tempat Minum Suga 500 ml,
8809,Lifestyle,Mainan & Hiburan,TinyTan Cool Name Tempat Minum RM 500 ml,
8810,Lifestyle,Mainan & Hiburan,TinyTan Cool Name Tempat Minum J-Hope 500 ml,
8811,Lifestyle,Mainan & Hiburan,TinyTan Cool Name Tempat Minum Jungkook 500 ml,
8812,Lifestyle,Mainan & Hiburan,Antam Emas Edisi Thank You 0.1 g,
8813,Lifestyle,Mainan & Hiburan,Antam Emas Edisi Happy Wedding 0.1 g,
8814,Lifestyle,Mainan & Hiburan,Alfamart Disney Princess Stiker Kuku Mainan Anak D125,
8815,Lifestyle,Mainan & Hiburan,Alfamart Disney Lilo & Stitch Balon Tiup Mainan Anak Assorted,
8816,Lifestyle,Mainan & Hiburan,Barbie / Capybara Stiker Mainan Anak Assorted,
8817,Lifestyle,Mainan & Hiburan,Alfamart Spider-Man Yoyo Mainan Anak Assorted,
8818,Lifestyle,Mainan & Hiburan,Diamond 888 Flowers Kartu Permainan Domino Assorted,
8819,Lifestyle,Mainan & Hiburan,Alfamart Disney Toy Story Puzzle Mainan Anak,
8820,Lifestyle,Mainan & Hiburan,Sanrio Squishy Jelly Assorted,
8821,Lifestyle,Mainan & Hiburan,Disney Gantungan Kunci Assorted,
8822,Lifestyle,Mainan & Hiburan,Hot Wheels Compact King Series Mainan Mobil Assorted,
8823,Lifestyle,Mainan & Hiburan,Sanrio Bubble Mainan Anak Gelembung Tiup A224 Assorted 1 pcs,
8824,Lifestyle,Mainan & Hiburan,Alfamart Sanrio Puzzle Mainan Anak Assorted,
8825,Lifestyle,Mainan & Hiburan,Alfamart Spider-Man Rubik Mainan Anak D125,
8826,Lifestyle,Mainan & Hiburan,Sanrio DIY Beads Diamond Painting Mainan Anak A224,
8827,Lifestyle,Mainan & Hiburan,Sanrio Slime Mainan Anak A224 Assorted 1 pcs,
8828,Lifestyle,Mainan & Hiburan,Alfamart Disney Squishy Jelly Mainan Anak Assorted D125,
8829,Lifestyle,Mainan & Hiburan,Alfamart Sanrio DIY Color Painting Mainan Anak Assorted,
8830,Lifestyle,Mainan & Hiburan,Alfamart Disney Lilo & Stitch DIY Color Painting Mainan Anak Assorted,
8831,Lifestyle,Mainan & Hiburan,Hot Wheels Exclusive International Rally Mainan Mobil Anak Assorted,
8832,Lifestyle,Mainan & Hiburan,Indonesia Juara Figure Assorted,
8833,Lifestyle,Mainan & Hiburan,Exso Kartu Remi,
8834,Lifestyle,Mainan & Hiburan,VR Pop Stamp Stempel Mainan Anak Seri Hewan Assorted,
8835,Lifestyle,Mainan & Hiburan,Disney Minnie Set Aksesoris Rambut Anak Assorted,
8836,Lifestyle,Mainan & Hiburan,Marvel Puzzle 2 in 1 Mainan Anak Assorted,
8837,Lifestyle,Mainan & Hiburan,Disney Puzzle Mainan Anak D100S1 Assorted,
8838,Lifestyle,Mainan & Hiburan,Marvel Puzzle Mainan Anak D100S1,
8839,Lifestyle,Mainan & Hiburan,Disney Puzzle Tempat Pensil + Puzzle Mainan Anak Assorted,
8840,Lifestyle,Mainan & Hiburan,Disney Stiker Diamond Mainan Anak D100S2 Assorted,
8841,Lifestyle,Mainan & Hiburan,Alfamart Puffy Buddies Boneka Keychain Assorted,149.900
8842,Lifestyle,Mainan & Hiburan,Marvel Spider-Man Puzzle 2 in 1 Mainan Anak,10.900
8843,Lifestyle,Mainan & Hiburan,Apolo Wobble Wobble Mainan Anak Seri Hewan Assorted,54.900
8844,Lifestyle,Mainan & Hiburan,Marvel Puzzle Tempat Pensil + Puzzle Mainan Anak Assorted,13.500
8845,Lifestyle,Mainan & Hiburan,Disney Rubik Mainan Anak D100S2 Assorted,20.500
8846,Lifestyle,Mainan & Hiburan,Disney Puzzle Mobil Mainan Anak D100S2 Assorted,14.500
8847,Lifestyle,Mainan & Hiburan,Apolo Whack A Pal Mainan Anak Fidget Assorted,24.900
8848,Lifestyle,Mainan & Hiburan,Hot Wheels Fast & Furious 2025 Mainan Mobil Anak Assorted,32.900
8849,Lifestyle,Mainan & Hiburan,Apolo Where's My Food Mainan Anak Assorted,29.900
8850,Lifestyle,Mainan & Hiburan,Hot Wheels 57th Anniversary Mainan Mobil Anak Assorted,32.900
8851,Lifestyle,Mainan & Hiburan,Apolo Glimmer Gems Mainan Anak Assorted,29.900
8852,Lifestyle,Mainan & Hiburan,Emco Kix Brix Mainan Bricks Sepatu Assorted,44.900
8853,Lifestyle,Mainan & Hiburan,Gar'da Kencana Kartu Permainan Domino,10.400
8854,Lifestyle,Mainan & Hiburan,Apolo MSZ Mainan Mobil Anak Pullback Assorted,70.500
8855,Lifestyle,Mainan & Hiburan,Matchbox Basic Mainan Mobil Anak Assorted,35.900
8856,Lifestyle,Mainan & Hiburan,Hot Wheels Monster Trucks Mainan Mobil Anak Assorted,99.900
8857,Lifestyle,Mainan & Hiburan,My Little Pony Puzzle 2 in 1 Mainan Anak Assorted,18.500
8858,Lifestyle,Mainan & Hiburan,Unicorn Stiker Mainan Anak Assorted,19.900
8859,Lifestyle,Mainan & Hiburan,Unicorn Mainan Kosmetik Anak Set,34.900
8860,Lifestyle,Mainan & Hiburan,Emco Me & My Charmz Mainan DIY Gelang & Kalung Anak,39.900
8861,Lifestyle,Mainan & Hiburan,Emco Slime Time Mainan Anak,24.900
8862,Lifestyle,Mainan & Hiburan,UNO Express Seri Indonesia Kartu Permainan Assorted,24.900
8863,Lifestyle,Mainan & Hiburan,Monster Jam Mainan Mobil Anak Assorted,34.900
8864,Lifestyle,Mainan & Hiburan,Cat Little Machines Mainan Mobil Anak Assorted,32.900
8865,Lifestyle,Mainan & Hiburan,Matchbox Premium Mainan Mobil Anak Assorted,59.900
8866,Lifestyle,Mainan & Hiburan,Emco Lil Chefz Fun with Food Mainan Buah / Sayur Anak,49.900
8867,Lifestyle,Mainan & Hiburan,Rhino Unicorn Water Slime Mainan Anak Assorted,35.500
8868,Lifestyle,Mainan & Hiburan,Tech Deck Mainan Skateboard Jari Assorted,59.900
8869,Lifestyle,Mainan & Hiburan,Fullhouse Kartu Permainan Remi,13.000
8870,Lifestyle,Mainan & Hiburan,Emco Fun With Colors Mainan Anak,49.900
8871,Lifestyle,Mainan & Hiburan,Matchbox Special Themed Mainan Mobil Anak Assorted,35.900
8872,Lifestyle,Mainan & Hiburan,Frozen Gantungan Kunci Puzzle 3D Mainan Anak Assorted,
8873,Lifestyle,Mainan & Hiburan,Marvel Gantungan Kunci Puzzle 3D Mainan Anak Assorted,
8874,Lifestyle,Mainan & Hiburan,Marvel Rubik Full Print Mainan Anak,
8875,Lifestyle,Mainan & Hiburan,Frozen Rubik Full Print Mainan Anak,
8876,Lifestyle,Mainan & Hiburan,Frozen DIY Color Painting Mainan Anak Assorted,
8877,Lifestyle,Mainan & Hiburan,Disney Spider-Man Rubik Mainan Anak,
8878,Lifestyle,Mainan & Hiburan,Disney Rubik Mainan Anak D224 Assorted,
8879,Lifestyle,Mainan & Hiburan,Marvel Rubik Mainan Anak D224 Assorted,
8880,Lifestyle,Mainan & Hiburan,Disney DIY Beads Diamond Painting D224 Mainan Anak Assorted,
8881,Lifestyle,Mainan & Hiburan,Disney DIY Color Painting Mainan Anak D224 Assorted,
8882,Lifestyle,Mainan & Hiburan,Hot Wheels BMW Anniversary Series Mainan Mobil Anak Assorted,
8883,Lifestyle,Mainan & Hiburan,Frozen Slime Mix Mainan Anak Assorted,21.900
8884,Lifestyle,Mainan & Hiburan,Disney Princess Slime Mix Mainan Anak Assorted,21.900
8885,Lifestyle,Mainan & Hiburan,Disney Princess Stiker Diamond Mainan Anak Assorted,16.500
8886,Lifestyle,Mainan & Hiburan,Disney Princess Squishy Jelly Mainan Anak Assorted,22.000
8887,Lifestyle,Mainan & Hiburan,UNO Get Wild Kartu Permainan,50.900
8888,Lifestyle,Mainan & Hiburan,UNO Flip Kartu Permainan,60.900
8889,Lifestyle,Mainan & Hiburan,UNO All Wild Kartu Permainan,60.900
8890,Lifestyle,Mainan & Hiburan,UNO No Mercy Kartu Permainan,66.900
8891,Lifestyle,Mainan & Hiburan,Emco Super Dough Dessert Parlour Mainan Plastisin Anak Bentuk Es Krim & Waffle,80.900
8892,Lifestyle,Mainan & Hiburan,Emco Marvel Mainan Mobil Anak + Track Flip & Crash Challenge Assorted,99.000
8893,Lifestyle,Mainan & Hiburan,Disney Slime Mainan Anak D224 Assorted,21.900
8894,Lifestyle,Mainan & Hiburan,Disney Squishy Jelly Princess D224 Mainan Anak Assorted,22.500
8895,Lifestyle,Mainan & Hiburan,Disney Balon Tiup Mainan Anak D224 Assorted,13.900
8896,Lifestyle,Mainan & Hiburan,Emco Hydraulic Systems Mainan Anak Ekskavator,299.000
8897,Lifestyle,Mainan & Hiburan,Majorette Collectible Wheel Mainan Mobil Anak Assorted,52.500
8898,Lifestyle,Mainan & Hiburan,Play-Doh Mini Mainan Anak 4 pcs 224 g,34.900
8899,Lifestyle,Mainan & Hiburan,Disney Cars Stiker 3D Shake Me Mainan Anak,13.900
8900,Lifestyle,Mainan & Hiburan,Majorette Vintage Ford Mustang Mainan Mobil Anak Assorted,52.500
8901,Lifestyle,Mainan & Hiburan,Marvel Celengan Assorted,19.900
8902,Lifestyle,Mainan & Hiburan,Disney Celengan Assorted,19.900
8903,Lifestyle,Mainan & Hiburan,Disney Frozen II Stiker 3D Shake Me Mainan Anak,19.900
8904,Lifestyle,Mainan & Hiburan,Disney Frozen Paket Seni Mini,19.900
8905,Lifestyle,Mainan & Hiburan,Disney Frozen II Album Stiker Mainan Anak Assorted,9.700
8906,Lifestyle,Mainan & Hiburan,Play-Doh Mainan Anak Assorted 1 pcs,19.000
8907,Lifestyle,Mainan & Hiburan,Rhino Wiggly Jelly Mainan Anak,39.000
8908,Lifestyle,Mainan & Hiburan,Deno Slime Pupoo Mainan Anak Assorted,27.900
8909,Lifestyle,Mainan & Hiburan,Rhino Catch The Monster Mainan Anak Assorted,39.000
8910,Lifestyle,Mainan & Hiburan,D-No Balon Air Boom Jumbo Mainan Anak 72 pcs,24.900
8911,Lifestyle,Mainan & Hiburan,Apolo Balon Quu Mainan Anak Assorted,24.900
8912,Lifestyle,Mainan & Hiburan,Rhino Shimmer Shacker Mainan Anak Assorted,39.900
8913,Lifestyle,Mainan & Hiburan,Rhino Stiker Doodle DIY Mainan Anak Assorted,39.900
8914,Lifestyle,Mainan & Hiburan,Hot Wheels Compact Case Tempat Penyimpanan,69.900
8915,Lifestyle,Mainan & Hiburan,Rhino Sweetlicious Squishy Mainan Anak Assorted,39.000
8916,Lifestyle,Mainan & Hiburan,Rhino Delta Bot Mainan Robot Anak Assorted,39.900
8917,Lifestyle,Mainan & Hiburan,Sanrio Stiker Embossed Mainan Anak Assorted,19.900
8918,Lifestyle,Mainan & Hiburan,Sanrio Stiker Shaker Mainan Anak Assorted,19.900
8919,Lifestyle,Mainan & Hiburan,Sanrio Cinnamoroll Play Set Mainan Anak Assorted,39.900
8920,Lifestyle,Mainan & Hiburan,Emco Metal-Z Racers Mainan Mobil Anak Pull Back Assorted,59.900
8921,Lifestyle,Mainan & Hiburan,Rhino Mi Gemesh Mainan Anak Assorted,39.900
8922,Lifestyle,Mainan & Hiburan,Qman Pokemon Quest Mainan Bricks Anak Assorted,32.900
8923,Lifestyle,Mainan & Hiburan,Rhino Bola Remas Anti Stres Mainan Anak Assorted,49.900
8924,Lifestyle,Mainan & Hiburan,LDCX Mainan Anak Sanrio Face Off Figures Assorted,59.900
8925,Lifestyle,Mainan & Hiburan,Sanrio DIY Mainan Anak Lukis Patung A124 Assorted,29.900
8926,Lifestyle,Mainan & Hiburan,Uno Flip Express Kartu Permainan,29.900
8927,Lifestyle,Mainan & Hiburan,Sanrio Jelly Stiker Mainan Anak Assorted,19.900
8928,Lifestyle,Mainan & Hiburan,Rhino Glimmer Bliss Balon Mainan Anak,39.900
8929,Lifestyle,Mainan & Hiburan,Blokees Mainan Action Figures Transformers Galaxy Version 01 - Blind Box,79.900
8930,Lifestyle,Mainan & Hiburan,Blokees Mainan Action Figures Transformers Defender Version 02 - Blind Box,29.900
8931,Lifestyle,Mainan & Hiburan,RHINO Tarik-Tarik Mainan Anak Assorted,39.900
8932,Lifestyle,Mainan & Hiburan,Zuru Rainbocorns Eggzania Boneka Plush Baby Mania Rainbow 1 pcs Assorted,59.900
8933,Lifestyle,Mainan & Hiburan,Sanrio Squishy Jelly A224 Mainan Anak Assorted,39.900
8934,Lifestyle,Mainan & Hiburan,Rhino Lightlyte DIY Mainan Anak Assorted,39.900
8935,Lifestyle,Mainan & Hiburan,Hot Wheels The Hot Ones Mainan Mobil Anak Assorted,59.900
8936,Lifestyle,Mainan & Hiburan,Apolo Meow Play Mainan Anak Assorted,21.900
8937,Lifestyle,Mainan & Hiburan,Alfamart Disney Shaker Diorama Mainan Anak Assorted D125,19.900
8938,Lifestyle,Mainan & Hiburan,Barbie Fashionista Aksesoris Gelang Mainan Anak Assorted,54.900
8939,Lifestyle,Mainan & Hiburan,VR Toys Kawaii Mainan Kuku Princess Tempel Palsu Mainan Anak 12 pcs Assorted,15.900
8940,Lifestyle,Mainan & Hiburan,My Little Pony Figure Assorted,59.900
8941,Lifestyle,Mainan & Hiburan,Fuggler Funny Ugly Monster Gantungan Kunci Collectible Assorted,59.900
8942,Lifestyle,Mainan & Hiburan,Hot Wheels 25th Anniversary Series Fast & Furious Mainan Mobil Assorted,59.900
8943,Lifestyle,Mainan & Hiburan,Hot Wheels New Pearl & Chrome Mainan Mobil Assorted,59.900
8944,Lifestyle,Mainan & Hiburan,Spongebob Squarepants Buddies Mainan Collectible Figurines Assorted,29.900
8945,Lifestyle,Mainan & Hiburan,ByDesign Squish Attack Smiley Face Mainan Anak Squishy Assorted,39.900
8946,Lifestyle,Mainan & Hiburan,ByDesign Ugly Cute Pop Eyes Axolotl Mainan Anak Squishy Assorted,28.500
8947,Lifestyle,Mainan & Hiburan,ByDesign Irre Sqweezy Tube Man Mainan Anak Squishy Assorted,39.900
8948,Lifestyle,Mainan & Hiburan,Apolo Snap Toys Mainan Anak Assorted,29.900
8949,Lifestyle,Mainan & Hiburan,Super Dough Flower Maker Mainan Anak Assorted,49.900
8950,Lifestyle,Mainan & Hiburan,Apolo Majestic Sand Mainan Anak Pasir Ajaib Assorted,37.900
8951,Lifestyle,Mainan & Hiburan,Gabby's Doll House Mainan Anak Assorted,24.900
8952,Lifestyle,Mainan & Hiburan,Barbie Gantungan Kunci Jet Tag Assorted,49.900
8953,Lifestyle,Mainan & Hiburan,Hot Wheels Silver Pantone Mainan Mobil Assorted,59.900
8954,Lifestyle,Mainan & Hiburan,Disney Avenger Pop Pack Set Alat Tulis Topper Puzzle Assorted,13.500
8955,Lifestyle,Mainan & Hiburan,Disney Princess Paket Seni Mini,11.900
8956,Lifestyle,Mainan & Hiburan,Disney Princess Stiker 3D Shake Me Mainan Anak,19.900
8957,Lifestyle,Mainan & Hiburan,Disney Princess Stiker 3D Mainan Anak Assorted,9.900
8958,Lifestyle,Mainan & Hiburan,Disney Stiker 3D Mainan Anak Frozen,9.900
8959,Lifestyle,Mainan & Hiburan,Stiker 3D Hewan Mainan Anak Assorted,9.900
8960,Lifestyle,Mainan & Hiburan,Stiker 3D Kendaraan Mainan Anak Assorted,9.900
8961,Lifestyle,Mainan & Hiburan,Magic Princess Slime Mainan Anak Assorted,34.900
8962,Lifestyle,Mainan & Hiburan,Sanrio DIY Beads Diamond Painting A124 Mainan Anak Assorted,29.900
8963,Lifestyle,Mainan & Hiburan,Sanrio Slime A124 Mainan Anak Assorted,39.900
8964,Lifestyle,Mainan & Hiburan,VR Toys Mini Pancing Mania Mainan Anak Assorted,29.900
8965,Lifestyle,Mainan & Hiburan,Alfamart Disney Catch The Jelly Mainan Anak Assorted D125,34.900
8966,Lifestyle,Mainan & Hiburan,VR Toys Mainan Slime Color Wheel Putty,32.900
8967,Lifestyle,Mainan & Hiburan,Alfamart Marvel Yoyo D225 Mainan Anak Assorted,29.900
8968,Lifestyle,Mainan & Hiburan,Alfamart Disney Balon Tiup Lotso Assorted,24.900
8969,Lifestyle,Mainan & Hiburan,Alfamart Disney Balon Tiup Marvel Assorted,24.900
8970,Lifestyle,Mainan & Hiburan,Alfamart Disney Slime Mix Mainan Anak D225 Assorted,34.900
8971,Lifestyle,Mainan & Hiburan,Apolo Action Figure Mini Ultraman Assorted,49.900
8972,Lifestyle,Mainan & Hiburan,Emco Tornado Tops Mainan Gasing Anak Single Top,29.900
8973,Lifestyle,Mainan & Hiburan,Emco Tornado Tops Mainan Gasing Anak Launcher dan Top,69.900
8974,Lifestyle,Mainan & Hiburan,VR Toys Letter Bandz Aksesoris Mainan DIY Gelang Anak,34.900
8975,Lifestyle,Mainan & Hiburan,VR Toys Amizing Kitchen Mainan Makanan Anak,44.900
8976,Lifestyle,Mainan & Hiburan,Rhino Plush Boneka Keychain Blind Box Assorted,29.900
8977,Lifestyle,Mainan & Hiburan,Rhino Resin Keychain Blind Box Assorted,29.900
8978,Lifestyle,Mainan & Hiburan,Duck A Looz Figure Assorted,39.900
8979,Lifestyle,Mainan & Hiburan,Emco Pop A Toy Egg Mainan Anak Surprise Assorted,14.900
8980,Lifestyle,Mainan & Hiburan,Blokees Wheels Mainan Transformers C01 Roll Out Assorted,37.900
8981,Lifestyle,Mainan & Hiburan,VR Toys Gorgeous Girl XOXO Blind Box Mainan Anak Assorted,29.900
8982,Lifestyle,Mainan & Hiburan,Hot Wheels Basic Cars Mainan Mobil Anak Assorted,35.900
8983,Lifestyle,Mainan & Hiburan,VR Toys Bear Cup Slime Mainan Anak Assorted,39.900
8984,Lifestyle,Mainan & Hiburan,Thomas & Friends Mainan Kereta Koleksi Anak Assorted,24.900
8985,Lifestyle,Mainan & Hiburan,Hot Wheels Mattel 80 Anniversary Mainan Mobil Assorted,15.900
8986,Lifestyle,Mainan & Hiburan,Emco Nubiez Boneka Mainan Anak My Lil' Baby Assorted,27.900
8987,Lifestyle,Mainan & Hiburan,VR Toys Animal Bubble Gelembung Tiup Mainan Anak Assorted,
8988,Lifestyle,Mainan & Hiburan,Hot Wheels Silver Series Porsche 935 Mainan Mobil Chinese New Year 2026,59.900
8989,Lifestyle,Mainan & Hiburan,Sanrio Characters Kartu Koleksi Assorted,4.350
8990,Lifestyle,Mainan & Hiburan,IQAngel The Magic Single Pendulum Mainan Anak Susun Balok & Marble Run,230.000
8991,Lifestyle,Mainan & Hiburan,IQAngel Creative Mainan Susun Balok & Marble Run Anak 58 pcs,189.000
8992,Lifestyle,Mainan & Hiburan,IQAngel Mainan Mobil Truk Anak,30.000
8993,Lifestyle,Mainan & Hiburan,IQAngel Mainan Anak Bentuk Mobil Polisi,30.000
8994,Lifestyle,Mainan & Hiburan,IQAngel Animal Series Mainan Anak Bentuk Gajah Abu-abu,30.000
8995,Lifestyle,Mainan & Hiburan,IQAngel Animal Series Mainan Anak Bentuk Gajah Biru,30.000
8996,Lifestyle,Mainan & Hiburan,IQAngel Animal Series Mainan Anak Bentuk Rusa Cokelat,30.000
8997,Lifestyle,Mainan & Hiburan,IQAngel Animal Series Mainan Anak Bentuk Rusa Pink,30.000
8998,Lifestyle,Mainan & Hiburan,IQAngel Animal Series Mainan Anak Bentuk Sapi Pink,30.000
8999,Lifestyle,Mainan & Hiburan,IQAngel Animal Series Mainan Anak Bentuk Burung Hantu Navy,30.000
9000,Lifestyle,Mainan & Hiburan,IQAngel Animal Series Mainan Anak Bentuk Burung Hantu Biru,30.000
9001,Lifestyle,Mainan & Hiburan,IQAngel Engineering Mainan Truk Ekskavator Anak,43.000
9002,Lifestyle,Mainan & Hiburan,Beringin Toys Xylophone H01 Mainan Anak,32.900
9003,Lifestyle,Mainan & Hiburan,IQAngel Animal Series Mainan Anak Bentuk Sapi Putih,30.000
9004,Lifestyle,Mainan & Hiburan,IQAngel Animal Series Mainan Anak Bentuk Sapi Cokelat,30.000
9005,Lifestyle,Mainan & Hiburan,IQAngel Mainan Mandi Anak Pump & Spray,90.000
9006,Lifestyle,Mainan & Hiburan,IQAngel Mainan DIY Mandi Bayi & Anak,159.000
9007,Lifestyle,Mainan & Hiburan,IQAngel Mainan Anak Boneka Bayi Merangkak Pink,155.000
9008,Lifestyle,Mainan & Hiburan,IQAngel Light & Sound Mainan Mobil Ambulans Anak IQBT0147-1,53.900
9009,Lifestyle,Mainan & Hiburan,IQAngel Light & Sound Mainan Truk Ekskavator Anak,53.900
9010,Lifestyle,Mainan & Hiburan,IQAngel Mainan Mobil Anak Dinosaurus Biru,30.000
9011,Lifestyle,Mainan & Hiburan,IQAngel Mainan Mobil Anak Soft Pull Back 2 pcs,117.000
9012,Lifestyle,Mainan & Hiburan,IQAngel Light & Sound Mainan Mobil Ambulans Anak IQ698,53.900
9013,Lifestyle,Mainan & Hiburan,Minecraft Flippin Figs 2 in 1 Mainan Anak Assorted,165.000
9014,Lifestyle,Mainan & Hiburan,Mega Bloks Big Building Bag Balok Susun Mainan Anak 60 pcs,280.000
9015,Lifestyle,Mainan & Hiburan,IQAngel Mainan Kerincingan & Gigitan Bayi Bentuk Apel,52.000
9016,Lifestyle,Mainan & Hiburan,IQAngel Mainan Kerincingan & Gigitan Bayi Bahan Silikon,76.000
9017,Lifestyle,Mainan & Hiburan,IQAngel Gripnchew Mainan Kerincingan & Gigitan Bayi,95.200
9018,Lifestyle,Mainan & Hiburan,Goodway Mainan Kerincingan & Gigitan Bayi Colorful Ring,52.000
9019,Lifestyle,Mainan & Hiburan,Goodway Mainan Kerincingan & Gigitan Bayi Bentuk Tamborin,31.200
9020,Lifestyle,Mainan & Hiburan,Beringin Toys Funny Fisher Game Mainan Anak Pancing Ikan Magnet,43.000
9021,Lifestyle,Mainan & Hiburan,Beringin Toys Early Eduaction Mainan Anak Huruf Alfabet Magnet,50.000
9022,Lifestyle,Mainan & Hiburan,Beringin Toys Puzzle Wooden Metal Box Mainan Anak,46.000
9023,Lifestyle,Mainan & Hiburan,Beringin Toys Stacking Puzzle Metal Box Mainan Anak,46.000
9024,Lifestyle,Mainan & Hiburan,Beringin Toys Puzzle 3D Cube Metal Box Mainan Anak,46.700
9025,Lifestyle,Mainan & Hiburan,Beringin Toys Puzzle Balok Construction Metal Box Mainan Anak,46.000
9026,Lifestyle,Mainan & Hiburan,Rhino Bubble Galaxy Mainan Pistol Gelembung Sabun 1 pcs Assorted,39.000
9027,Lifestyle,Mainan & Hiburan,Barbie Snowflakez Mainan Anak Pasir Kinetik Assorted,39.900
9028,Lifestyle,Mainan & Hiburan,Matchbox Skybusters Mainan Pesawat Anak Assorted,64.900
9029,Lifestyle,Mainan & Hiburan,Disney Stitch Minis Action Figure Kapsul Mainan Anak Assorted,34.900
9030,Lifestyle,Mainan & Hiburan,Emco Pocket Titans Mainan Anak Assorted,27.900
9031,Lifestyle,Mainan & Hiburan,Emco Mainan Washy Kitties Assorted,29.900
9032,Lifestyle,Mainan & Hiburan,Crayola Imagipals Mainan Bentuk Hewan Assorted,19.900
9033,Lifestyle,Mainan & Hiburan,Emco Boba Tea Mainan Squishy Assorted,29.900
9034,Lifestyle,Mainan & Hiburan,Thats Gross Eye Flinger Mainan Ketapel LED,18.500
9035,Lifestyle,Mainan & Hiburan,Puff Ups Plush Ball Mainan Bola Boneka Assorted,49.900
9036,Lifestyle,Mainan & Hiburan,VR Toys Toilet Trouble Mainan Anak Assorted,19.900
9037,Lifestyle,Mainan & Hiburan,VR Toys Magnetic Racing Car Mainan Mobil Anak Assorted,24.900
9038,Lifestyle,Mainan & Hiburan,Deno Squeeze Bola Remas Mainan Anak,19.900
9039,Lifestyle,Mainan & Hiburan,Emco Pokeball Mainan Anak Assorted,64.900
9040,Lifestyle,Mainan & Hiburan,Emco Pop A Toy Mainan Anak Kejutan Assorted,7.900
9041,Lifestyle,Mainan & Hiburan,Emco Bling Bandz Aksesoris Gelang Mainan Anak,44.900
9042,Lifestyle,Mainan & Hiburan,Emco Gyrotron Mainan Gasing Anak Assorted,19.900
9043,Lifestyle,Mainan & Hiburan,Emco Pop a Toy Mystery Box Mainan Anak,44.900
9044,Lifestyle,Mainan & Hiburan,Toy Source Frugish Boneka Buah dan Sayur Keychain Assorted,39.900
9045,Lifestyle,Mainan & Hiburan,Irre Squish Tible Mainan Squishy Kool Kube Assorted,34.900
9046,Lifestyle,Mainan & Hiburan,Squeeze Kitty Mainan Squishy Kucing Assorted,37.500
9047,Lifestyle,Fashion,Alfamart Eco Paper Bag tanpa Handle,1.000
9048,Lifestyle,Fashion,Alfamart Tas Belanja Eco Bag 38 x 45 cm Assorted,6.100
9049,Lifestyle,Fashion,Scorlines Celana Dalam Wanita L 2 pcs,33.500
9050,Lifestyle,Fashion,Scorlines Celana Dalam Wanita XL 2 pcs,33.500
9051,Lifestyle,Fashion,Alfamart Sandal Slippers All Size,31.900
9052,Lifestyle,Fashion,GTman Celana Dalam Pria GMKM Size XL 3 pcs,78.900
9053,Lifestyle,Fashion,Alfamart Singlet Kaos Dalam Putih L,34.900
9054,Lifestyle,Fashion,Alfamart / Scorlines Singlet Kaos Dalam Putih XL,34.900
9055,Lifestyle,Fashion,Scorlines Kaos Kaki Sekolah Anak,19.900
9056,Lifestyle,Fashion,GTman Celana Dalam Pria GMKM Size L 3 pcs,79.700
9057,Lifestyle,Fashion,Alfamart Sandal Jepit Modern 11 Assorted,31.500
9058,Lifestyle,Fashion,Alfamart Sandal Jepit Classic 10 Assorted,25.500
9059,Lifestyle,Fashion,Pierre Cardin Pringle Kaos Kaki Pria Kasual Anti Bakteri,33.800
9060,Lifestyle,Fashion,Alfamart Ikat Rambut Basic Assorted,15.900
9061,Lifestyle,Fashion,Scorlines Jepit Rambut Unicorn Besar,19.000
9062,Lifestyle,Fashion,Scorlines Jepit Rambut Unicorn,11.900
9063,Lifestyle,Fashion,Scorlines Ikat Rambut Karet Jepang Basic,12.500
9064,Lifestyle,Fashion,Scorlines Jepit Rambut 2 pcs Assorted,12.500
9065,Lifestyle,Fashion,Alfamart Celana Dalam Pria Classic Brief XL 3 pcs,42.900
9066,Lifestyle,Fashion,Alfamart Celana Dalam Pria Classic Brief L 3 pcs,42.900
9067,Lifestyle,Fashion,Scorlines Kaos Oblong Misty M,33.900
9068,Lifestyle,Fashion,Scorlines Kaos Oblong Misty L,43.900
9069,Lifestyle,Fashion,Scorlines Kaos Oblong Misty XL,43.900
9070,Lifestyle,Fashion,Alfamart Boxer Pria L / XL Assorted,26.900
9071,Lifestyle,Fashion,Alfamart Kaos Oblong Putih L,45.900
9072,Lifestyle,Fashion,Scorlines Celana Boxer Pria L,
9073,Lifestyle,Fashion,Disney Gantungan Kunci Boneka Assorted,
9074,Lifestyle,Fashion,Disney Bando Anak Assorted,
9075,Lifestyle,Fashion,Alfamart Gantungan Kunci Sun Catcher Glitter Assorted,
9076,Lifestyle,Fashion,Alfamart Handuk Olahraga Assorted,
9077,Lifestyle,Fashion,Disney Tote Bag Minnie Mouse Hitam,
9078,Lifestyle,Fashion,Disney Tote Bag Mickey Mouse Hitam Kecil,
9079,Lifestyle,Fashion,Disney Tote Bag Mickey Mouse Krem Kecil,
9080,Lifestyle,Fashion,Disney Tote Bag Winnie the Pooh Hitam Kecil,
9081,Lifestyle,Fashion,Disney Tote Bag Winnie the Pooh Krem Kecil,
9082,Lifestyle,Fashion,Disney Kaos Dewasa Mickey Mouse Putih,
9083,Lifestyle,Fashion,Sanrio Tas Belanja Assorted,
9084,Lifestyle,Fashion,Disney Tas Belanja Assorted,
9085,Lifestyle,Fashion,Disney Tas Belanja Lipat Assorted,
9086,Lifestyle,Fashion,Travel Blue Ear Plugs Twin Pack,
9087,Lifestyle,Fashion,Travel Blue Luxury Penutup Mata,
9088,Lifestyle,Fashion,Travel Blue Bantal Leher Memory Foam,
9089,Lifestyle,Fashion,Wish Tas Belanja Sleting 23 x 20 cm Assorted 1 pcs,
9090,Lifestyle,Fashion,Alfamart Ikat Rambut Warna 6 pcs Assorted,
9091,Lifestyle,Fashion,Alfamart Jedai Jelly Kupu-kupu Assorted,
9092,Lifestyle,Fashion,Marvel Topi Sepeda Assotrted,
9093,Lifestyle,Fashion,Disney Princess Ikat Rambut Assorted,
9094,Lifestyle,Fashion,Disney Cermin Set D100S1 Assorted,
9095,Lifestyle,Fashion,Disney Ikat Rambut D100S1 Assorted,
9096,Lifestyle,Fashion,Frozen Ikat Rambut Assorted,
9097,Lifestyle,Fashion,Disney Princess Aksesoris Rambut Set Assorted,13.500
9098,Lifestyle,Fashion,Marvel Spider-Man Topi Assorted,48.500
9099,Lifestyle,Fashion,Disney Ikat Rambut D100S1 Assorted,8.900
9100,Lifestyle,Fashion,Disney Princess Jepit Rambut Anak D100S2 Assorted,10.500
9101,Lifestyle,Fashion,Alfamart Kaos Kaki Olahraga Assorted,19.900
9102,Lifestyle,Fashion,Alfamart Kaos Kaki Bisnis Assorted,21.500
9103,Lifestyle,Fashion,Alfamart Celana Dalam Pria Classic Brief M 3 pcs,41.900
9104,Lifestyle,Fashion,Scorlines Celana Boxer Pria L,26.500
9105,Lifestyle,Fashion,Alfamart Tas Belanja We Bare Bears Assorted,34.900
9106,Lifestyle,Fashion,Alfamart Celana Dalam Wanita L 2 pcs,33.900
9107,Lifestyle,Fashion,Alfamart Kaos Oblong Putih XL,45.900
9108,Lifestyle,Fashion,Alfamart BT21 Jepit Rambut Karakter Assorted,28.500
9109,Lifestyle,Fashion,Alfamart BT21 Ikat Rambut Assorted,28.900
9110,Lifestyle,Fashion,Alfamart BT21 Cermin Set Assorted,28.500
9111,Lifestyle,Fashion,Alfamart BT21 Ikat Rambut Assorted,28.900
9112,Lifestyle,Fashion,Alfamart Cepol Hijab Assorted,29.900
9113,Lifestyle,Fashion,VR Toys Lucky Phone Charm Strap Gantungan Ponsel Assorted,44.900
9114,Lifestyle,Fashion,Alfamart Disney Gantungan Kunci Kristal Assorted D125,34.900
9115,Lifestyle,Fashion,Alfamart Celana Dalam Boxer Pria Sport XL Assorted,39.900
9116,Lifestyle,Fashion,Alfamart Celana Dalam Boxer Pria Sport L Assorted,39.900
9117,Lifestyle,Fashion,Alfamart Sandal Jepit Premium All Size Assorted,49.900
9118,Lifestyle,Fashion,Alfamart Sandal Jepit Classic 10.5 Assorted,26.500
9119,Lifestyle,Fashion,Alfamart Sandal Jepit New Assorted,31.300
9120,Lifestyle,Fashion,Alfamart Kaos Kaki Pendek Assorted,19.900
9121,Lifestyle,Fashion,GTman Brief Celana Dalam Pria GTK-05 M 2 pcs,104.500
9122,Lifestyle,Fashion,GTman Total comfort Celana Dalam Pria Mini Spandex 708 L 2 pcs,80.500
9123,Lifestyle,Fashion,GTman Brief Celana Dalam Pria GTK-05 L 2 pcs,104.500
9124,Lifestyle,Fashion,GTman Total comfort Celana Dalam Pria Mini Spandex 708 XL 2 pcs,80.500
9125,Lifestyle,Fashion,Alfamart Tas Belanja Eco Bag 30 x 40 cm Assorted,4.600
9126,Lifestyle,Fashion,Alfamart Eco Paper Bag,1.900
9127,Lifestyle,Fashion,Scorlines Jepit Rambut Jedai Assorted,15.000
9128,Lifestyle,Fashion,Alfamart Celana Dalam Wanita XL 2 pcs,44.900
9129,Lifestyle,Fashion,Alfamart BT21 Ikat Rambut Assorted,15.900
9130,Lifestyle,Fashion,Alfamart BT21 Ikat Rambut Karakter Assorted,24.500
9131,Lifestyle,Perlengkapan Kantor & Sekolah,Alfamart Lem Perekat Serbaguna 10 g,8.900
9132,Lifestyle,Perlengkapan Kantor & Sekolah,Alfamart Kenko Gunting Sc-838N,15.500
9133,Lifestyle,Perlengkapan Kantor & Sekolah,Alfamart Kertas Kado Assorted 3 s,7.900
9134,Lifestyle,Perlengkapan Kantor & Sekolah,Alfamart Amplop P 104 20 pcs,5.200
9135,Lifestyle,Perlengkapan Kantor & Sekolah,Alfamart Kenko Lakban Fragile Roll 48 mm Assorted,15.900
9136,Lifestyle,Perlengkapan Kantor & Sekolah,Snowman Spidol Warna 12 pcs,27.200
9137,Lifestyle,Perlengkapan Kantor & Sekolah,Aica Aibon Lem Perekat Serbaguna 70 g,21.000
9138,Lifestyle,Perlengkapan Kantor & Sekolah,Alfamart Kenko Tipex Cair Botol,10.000
9139,Lifestyle,Perlengkapan Kantor & Sekolah,Kenko Paket Pensil Alat Tulis + Penghapus,11.700
9140,Lifestyle,Perlengkapan Kantor & Sekolah,Pilot Pulpen Hitam BPT-P 2 pcs,9.500
9141,Lifestyle,Perlengkapan Kantor & Sekolah,Snowman Spidol Papan Tulis Hitam,16.000
9142,Lifestyle,Perlengkapan Kantor & Sekolah,Kiky Buku Kuitansi Mini 36 Lembar,4.400
9143,Lifestyle,Perlengkapan Kantor & Sekolah,Adinata Buku Catatan Assorted,36.500
9144,Lifestyle,Perlengkapan Kantor & Sekolah,Disney Mickey Minnie Buku Catatan Assorted,
9145,Lifestyle,Perlengkapan Kantor & Sekolah,Mobile Kiosk Kabel Charger Braided USB Type C to Type C,
9146,Lifestyle,Perlengkapan Kantor & Sekolah,Mobile Kiosk Kabel Charger Braided 2A USB Lightning iPhone,
9147,Lifestyle,Perlengkapan Kantor & Sekolah,Mobile Kiosk Kabel Charger Braided 2A USB Type C,
9148,Lifestyle,Perlengkapan Kantor & Sekolah,Alfamart Penggaris 30 cm Assorted,
9149,Lifestyle,Perlengkapan Kantor & Sekolah,Sanrio Tempat Pensil Assorted,
9150,Lifestyle,Perlengkapan Kantor & Sekolah,Sanrio Tas Ransel Assorted,
9151,Lifestyle,Perlengkapan Kantor & Sekolah,Disney Tempat Pensil Marvel 1 pcs Assorted,
9152,Lifestyle,Perlengkapan Kantor & Sekolah,Disney Tempat Pensil 1 pcs Assorted,
9153,Lifestyle,Perlengkapan Kantor & Sekolah,Disney Minnie Mouse Rounde Tempat Pensil 1 pcs Assorted,
9154,Lifestyle,Perlengkapan Kantor & Sekolah,Disney Frozen Set Alat Tulis Anak 1 pcs Assorted,
9155,Lifestyle,Perlengkapan Kantor & Sekolah,Mobile Kiosk OWS-S600 Open Wearable Stereo Earbuds,
9156,Lifestyle,Perlengkapan Kantor & Sekolah,Mobile Kiosk TWS-LXA6 True Wireless Stereo Earphone,
9157,Lifestyle,Perlengkapan Kantor & Sekolah,Travel Blue Adaptor Listrik Travel Universal USB-C & USB-A,
9158,Lifestyle,Perlengkapan Kantor & Sekolah,Disney Pixie Gunting Lotso,
9159,Lifestyle,Perlengkapan Kantor & Sekolah,Alfamart Lakban Bening 48 mm x 50 m,
9160,Lifestyle,Perlengkapan Kantor & Sekolah,Disney Pixie Set Peralatan Tulis Anak 1 Assorted,
9161,Lifestyle,Perlengkapan Kantor & Sekolah,Disney Pixie Frozen Pensil Warna 12 pcs,
9162,Lifestyle,Perlengkapan Kantor & Sekolah,Disney Pixie Set Peralatan Tulis Anak 2 Assorted,
9163,Lifestyle,Perlengkapan Kantor & Sekolah,Alfamart Disney Kertas Kado Assorted 3 s,
9164,Lifestyle,Perlengkapan Kantor & Sekolah,Mobile Kiosk Kabel Charger Braided 4 in 1 Lightning iPhone & USB Type C,
9165,Lifestyle,Perlengkapan Kantor & Sekolah,Mobile Kiosk Adaptor Listrik Travel Universal USB-C & USB-A 25 Watt,
9166,Lifestyle,Perlengkapan Kantor & Sekolah,Glitterypen Colowers Pulpen Gliter Neon 12 Warna,
9167,Lifestyle,Perlengkapan Kantor & Sekolah,Travel Blue Kabel USB-C to USB-C 1 m,
9168,Lifestyle,Perlengkapan Kantor & Sekolah,Sanrio Juice Pulpen A224 Assorted 1 pcs,
9169,Lifestyle,Perlengkapan Kantor & Sekolah,Sanrio Set Buku Catatan + Pulpen A224 Assorted 1 pcs,
9170,Lifestyle,Perlengkapan Kantor & Sekolah,Nachi Isolasi 0.5 x 25 2 pcs,
9171,Lifestyle,Perlengkapan Kantor & Sekolah,Disney Cars Sticky Notes,
9172,Lifestyle,Perlengkapan Kantor & Sekolah,Wishco Lem Super 15 ml,
9173,Lifestyle,Perlengkapan Kantor & Sekolah,Batam Paper Penggaris Motif 30 cm,
9174,Lifestyle,Perlengkapan Kantor & Sekolah,Snowman Pulpen Hitam BP-7,
9175,Lifestyle,Perlengkapan Kantor & Sekolah,Wiggle Penggaris Maze Cupcake 18 cm,
9176,Lifestyle,Perlengkapan Kantor & Sekolah,Adinata Buku Mewarnai Assorted,
9177,Lifestyle,Perlengkapan Kantor & Sekolah,Alfamart Selotip Bening 12 mm x 72 y,
9178,Lifestyle,Perlengkapan Kantor & Sekolah,Alteco Lem Perekat Serbaguna 3 g,
9179,Lifestyle,Perlengkapan Kantor & Sekolah,Alfamart Pulpen Hitam 2 pcs,
9180,Lifestyle,Perlengkapan Kantor & Sekolah,Alfamart Pulpen Biru 2 pcs,
9181,Lifestyle,Perlengkapan Kantor & Sekolah,Acmic Kabel Data Charger iPhone Lighting Fast Charging Biru 1 meter,
9182,Lifestyle,Perlengkapan Kantor & Sekolah,Acmic Kabel Data Charger USB Type C Android Fast Charging Lilac 1 meter,
9183,Lifestyle,Perlengkapan Kantor & Sekolah,Wiggle Paket Krayon Cupcake 6 Warna,
9184,Lifestyle,Perlengkapan Kantor & Sekolah,Acmic CWC01 Kepala Charger Adaptor USB Fast Charging 10W Hitam,
9185,Lifestyle,Perlengkapan Kantor & Sekolah,Acmic Kabel Data Charger Micro USB Android Fast Charging 1 meter,
9186,Lifestyle,Perlengkapan Kantor & Sekolah,Acmic In Ear Headset Jack 3.5 mm,
9187,Lifestyle,Perlengkapan Kantor & Sekolah,Alfamart Amplop Lebaran Panjang (A) 5 pcs,9.900
9188,Lifestyle,Perlengkapan Kantor & Sekolah,Alfamart Amplop Lebaran Pendek (A) 8 pcs,9.900
9189,Lifestyle,Perlengkapan Kantor & Sekolah,Alfamart Lakban Bening 48 mm x 50 m,12.200
9190,Lifestyle,Perlengkapan Kantor & Sekolah,Disney Buku Catatan D224 Assorted,8.900
9191,Lifestyle,Perlengkapan Kantor & Sekolah,Adinata Buku Catatan Assorted,36.500
9192,Lifestyle,Perlengkapan Kantor & Sekolah,Alfamart Kenko Pensil Warna 12 pcs,24.200
9193,Lifestyle,Perlengkapan Kantor & Sekolah,Alfamart Kenko Staples HD-10,16.200
9194,Lifestyle,Perlengkapan Kantor & Sekolah,Faber-Castell Pensil 2B 2 pcs,13.900
9195,Lifestyle,Perlengkapan Kantor & Sekolah,Pilot Pulpen Hitam BPP-GPL 2 pcs,8.800
9196,Lifestyle,Perlengkapan Kantor & Sekolah,Faster Pulpen Hitam 3 pcs,14.900
9197,Lifestyle,Perlengkapan Kantor & Sekolah,Alfamart Kenko Staples No.10 2 pcs,6.200
9198,Lifestyle,Perlengkapan Kantor & Sekolah,Kiky Buku Gambar 20 x 30 cm,9.100
9199,Lifestyle,Perlengkapan Kantor & Sekolah,Alfamart Kenko Lakban Kain Hitam 48 mm,30.100
9200,Lifestyle,Perlengkapan Kantor & Sekolah,Kiky Buku Binder A5 WO PP,33.600
9201,Lifestyle,Perlengkapan Kantor & Sekolah,Alfamart Kenko Paket Pensil 501,15.000
9202,Lifestyle,Perlengkapan Kantor & Sekolah,Adinata Penggaris Karakter 30 cm Assorted,19.500
9203,Lifestyle,Perlengkapan Kantor & Sekolah,Faber-Castell Pensil Warna 12 pcs,29.900
9204,Lifestyle,Perlengkapan Kantor & Sekolah,Kiky Buku Tulis Boxy 40 Lembar,13.600
9205,Lifestyle,Perlengkapan Kantor & Sekolah,Adinata Paket Alat Tulis 7 pcs Assorted,40.500
9206,Lifestyle,Perlengkapan Kantor & Sekolah,Alfamart Amplop P 90 10 pcs,5.500
9207,Lifestyle,Perlengkapan Kantor & Sekolah,Alfamart Kenko Pulpen Gel K-1 Black 2 pcs,20.000
9208,Lifestyle,Perlengkapan Kantor & Sekolah,Alfamart Perekat Dua Sisi Hitam 21 mm x 4.5 mm,19.900
9209,Lifestyle,Perlengkapan Kantor & Sekolah,Kiky Kertas HVS A4 80 g 100 s,26.500
9210,Lifestyle,Perlengkapan Kantor & Sekolah,Faber-Castell Penghapus 2 pcs,7.000
9211,Lifestyle,Perlengkapan Kantor & Sekolah,Faber-Castell Paket Alat Tulis Ujian Standar,37.600
9212,Lifestyle,Perlengkapan Kantor & Sekolah,Alfamart Kenko Tipex Gulung 12 m x 5 mm,15.000
9213,Lifestyle,Perlengkapan Kantor & Sekolah,Alfamart Kenko Cutter L-500 Blister,33.100
9214,Lifestyle,Perlengkapan Kantor & Sekolah,Kenko Pulpen NK-7 3 pcs,10.000
9215,Lifestyle,Perlengkapan Kantor & Sekolah,Alfamart Selotip 12 mm x 72 y,10.000
9216,Lifestyle,Perlengkapan Kantor & Sekolah,Wiggle Pulpen 3 Warna Assorted,10.000
9217,Lifestyle,Perlengkapan Kantor & Sekolah,Wiggle Pulpen Aksesoris Assorted,10.000
9218,Lifestyle,Perlengkapan Kantor & Sekolah,Wiggle Rautan Assorted,10.000
9219,Lifestyle,Perlengkapan Kantor & Sekolah,Faber-Castell Spidol Warna 12 pcs,33.000
9220,Lifestyle,Perlengkapan Kantor & Sekolah,Sanrio Buku Catatan Kecil A124 Assorted,15.900
9221,Lifestyle,Perlengkapan Kantor & Sekolah,Standard Pulpen Hitam Mikro NX-7 0.38 3 pcs,15.600
9222,Lifestyle,Perlengkapan Kantor & Sekolah,Faber-Castell Krayon Oil Pastel 12 pcs,25.900
9223,Lifestyle,Perlengkapan Kantor & Sekolah,Emco Disney Princess Tempat Pensil DIY Coloring Assorted,25.900
9224,Lifestyle,Perlengkapan Kantor & Sekolah,Kenko Pulpen Gel 2 pcs,10.200
9225,Lifestyle,Perlengkapan Kantor & Sekolah,Kiky Kertas Folio Double Garis 10 s,5.800
9226,Lifestyle,Perlengkapan Kantor & Sekolah,Alfamart Kenko Lem Stik 15 g,9.500
9227,Lifestyle,Perlengkapan Kantor & Sekolah,Alfamart Perekat Dua Sisi 12 mm x 6 m,7.400
9228,Lifestyle,Perlengkapan Kantor & Sekolah,Snowman Spidol Papan Tulis Permanen Hitam,13.400
9229,Lifestyle,Perlengkapan Kantor & Sekolah,Kiky Buku Tulis 38 Lembar Karakter,8.000
9230,Lifestyle,Perlengkapan Kantor & Sekolah,Uhu Lem Perekat Serbaguna 20 ml,18.800
9231,Lifestyle,Perlengkapan Kantor & Sekolah,Materai 10.000,11.500
9232,Lifestyle,Perlengkapan Kantor & Sekolah,Alfamart Kertas Kado Assorted 2 s,9.900
9233,Lifestyle,Perlengkapan Kantor & Sekolah,Alfamart Amplop Lebaran Panjang (B) 5 pcs,
9234,Lifestyle,Perlengkapan Kantor & Sekolah,Alfamart Amplop Lebaran Pendek (B) 8 pcs,
9235,Lifestyle,Perlengkapan Kantor & Sekolah,Alfamart Perekat Dua Sisi 12 mm x 7 m,
9236,Lifestyle,Perlengkapan Kantor & Sekolah,Kiky Buku Tulis 38 Lembar 10 pcs,55.900
9237,Lifestyle,Perlengkapan Kantor & Sekolah,Disney Cars Paket Mewarnai Anak,20.000
9238,Lifestyle,Perlengkapan Kantor & Sekolah,Disney Frozen Paket Mewarnai Anak,20.000
9239,Lifestyle,Perlengkapan Kantor & Sekolah,Alfamart Kertas Kado Karakter Assorted 2 s,10.000
9240,Lifestyle,Perlengkapan Kantor & Sekolah,Marvel Pop Pack Paket Alat Tulis Boy,19.900
9241,Lifestyle,Perlengkapan Kantor & Sekolah,Disney Princess Pop Pack Paket Alat Tulis Girl,19.900
9242,Lifestyle,Perlengkapan Kantor & Sekolah,Disney Tsum Tsum Pop Pack Paket Alat Tulis Assorted,13.500
9243,Lifestyle,Perlengkapan Kantor & Sekolah,Faber-Castell Pensil Warna Classic 24 pcs,63.000
9244,Lifestyle,Perlengkapan Kantor & Sekolah,Dextone Epoxy Adhesives Lem Besi 5 Menit 48 g,17.000
9245,Lifestyle,Perlengkapan Kantor & Sekolah,Dextone Instan Glue Lem Tetes Serbaguna 15 g,8.000
9246,Lifestyle,Perlengkapan Kantor & Sekolah,Dextone Instant Glue Universal Lem Tetes Sepatu 20 g,35.000
9247,Lifestyle,Perlengkapan Kantor & Sekolah,Kiky Pulpen Transluscent 12 pcs,17.000
9248,Lifestyle,Perlengkapan Kantor & Sekolah,Alfamart Lakban Brown 48 mm x 50 m,19.900
9249,Lifestyle,Perlengkapan Kantor & Sekolah,Alfamart Lakban Coklat 48 mm x 50 m,12.000
9250,Lifestyle,Perlengkapan Otomotif,Scorlines Jas Hujan Plastik Poncho Assorted,16.200
9251,Lifestyle,Perlengkapan Otomotif,KIT Wash & Glow Sampo Mobil Pouch 720 ml,17.000
9252,Lifestyle,Perlengkapan Otomotif,Stella Hang N Flip Pengharum Mobil Aqua Reflection 9 ml,29.600
9253,Lifestyle,Perlengkapan Otomotif,Stella Hang N Flip Pengharum Mobil Jasmine Flow 9 ml,29.600
9254,Lifestyle,Perlengkapan Otomotif,Alfamart Jas Hujan Disposable Raincoat Jaket Celana,18.200
9255,Lifestyle,Perlengkapan Otomotif,Alfamart Lap Kanebo Motor,16.400
9256,Lifestyle,Perlengkapan Otomotif,Glade Pengharum Mobil Gantung Pouch Apple 70 g,13.500
9257,Lifestyle,Perlengkapan Otomotif,Ambi Pur Pengharum Mobil Aqua 7 ml,37.900
9258,Lifestyle,Perlengkapan Otomotif,Idola Jas Hujan Assorted,47.100
9259,Lifestyle,Perlengkapan Otomotif,Airpro Pengharum Mobil No 5 10 ml,28.600
9260,Lifestyle,Perlengkapan Otomotif,Stella Pengharum Mobil Red Kiss 7 ml,23.700
9261,Lifestyle,Perlengkapan Otomotif,Unik Spons Cuci Mobil,14.500
9262,Lifestyle,Perlengkapan Otomotif,Stella Pengharum Mobil Gantung Happy Day,18.200
9263,Lifestyle,Perlengkapan Otomotif,Tugas Negara Bos Jas Hujan Setelan Regular Assorted,100.000
9264,Lifestyle,Perlengkapan Otomotif,Tugas Negara Bos Jas Hujan Setelan Scothlite Assorted,99.000
9265,Lifestyle,Perlengkapan Otomotif,Ambi Pur Car Clip Pengharum Mobil Downy Passion 2.2 ml,44.900
9266,Lifestyle,Perlengkapan Otomotif,Ambi Pur Pengharum Mobil Sky Breeze 2 ml,40.800
9267,Lifestyle,Perlengkapan Otomotif,Stella Pengharum Mobil Lily Dream 7 ml,23.200
9268,Lifestyle,Perlengkapan Otomotif,BayFresh Pengharum Mobil Gantung Caramel Vanila & Coffee,12.100
9269,Lifestyle,Perlengkapan Otomotif,BayFresh Hang n Go Pengharum Mobil Strawberry Bubblegum,12.400
9270,Lifestyle,Perlengkapan Otomotif,Megacools Minyak Pelumas Rantai Motor 300 ml,35.400
9271,Lifestyle,Perlengkapan Otomotif,Ambi Pur Car Clip Pengharum Mobil Downy Mystique 2.2 ml,44.900
9272,Lifestyle,Perlengkapan Otomotif,Stella Pengharum Mobil Orange Blossom 7 ml,23.700
9273,Lifestyle,Perlengkapan Otomotif,KIT Back to Black Penghitam Plastik & Trim Motor 115 ml,29.700
9274,Lifestyle,Perlengkapan Otomotif,Otogard Glo Wash & Shine Sampo Mobil Pouch 700 ml,15.900
9275,Lifestyle,Perlengkapan Otomotif,Otogard Glo Wash & Wax Sampo Mobil Pouch 720 ml,19.900
9276,Lifestyle,Perlengkapan Otomotif,Otogard Glo Crystal Clear Cairan Pembersih Kaca Mobil 400 ml,12.900
9277,Lifestyle,Perlengkapan Otomotif,Otogard Glo Hyper Black Pengkilap Ban Mobil 165 ml,24.900
9278,Lifestyle,Perlengkapan Otomotif,Carrera Spons Cuci Mobil Serbaguna,7.000
9279,Lifestyle,Perlengkapan Otomotif,Carrera Sampo Mobil Plus Wax 400 ml,16.900
9280,Lifestyle,Perlengkapan Otomotif,Carrera Pengkilap Ban Refill 200 ml,12.900
9281,Lifestyle,Perlengkapan Otomotif,Motul Oli Motor GP Matic 4T 10W-40 1 L,66.900
9282,Lifestyle,Perlengkapan Otomotif,Kit Motor Premium Doff Perawatan Cat Motor Doff 130 ml,22.900
9283,Lifestyle,Perlengkapan Otomotif,Kit GP-9 Pelumas Multiguna Spray Anti Karat 225 g,32.700
9284,Lifestyle,Perlengkapan Otomotif,Disney Tongkat E-Toll,19.900
9285,Lifestyle,Perlengkapan Otomotif,KIT Wash & Glow Sampo Mobil Botol 900 ml,29.900
9286,Lifestyle,Perlengkapan Otomotif,KIT Black Magic Pengkilap Ban Spray 400 ml,41.000
9287,Lifestyle,Perlengkapan Otomotif,KIT Black Magic Penghitam & Pengkilap Ban Aerosol 450 ml,46.900
9288,Lifestyle,Perlengkapan Otomotif,BayFresh Pengharum Mobil Gantung Orange Verbena,11.900
9289,Lifestyle,Perlengkapan Otomotif,Kenmaster Plas Chamois Kanebo Lap Mobil Yellow Pendek 2 Pcs,44.500
9290,Lifestyle,Perlengkapan Otomotif,Kenmaster Plas Chamois Kanebo Lap Mobil Yellow Jumbo 66 x 43 cm,39.900
9291,Lifestyle,Perlengkapan Otomotif,Airpro Wooden Bottle Pengharum Mobil Invictar 10 ml,26.900
9292,Lifestyle,Perlengkapan Otomotif,KIT Cairan Pembersih Kaca Mobil Wiper 500 ml,15.900
9293,Lifestyle,Perlengkapan Otomotif,KIT Detailer Pengkilap & Pelindung Body Mobil / Motor,24.900
9294,Lifestyle,Perlengkapan Otomotif,KIT Penghilang Goresan Mobil / Motor 60 g,13.500
9295,Lifestyle,Perlengkapan Otomotif,BayFresh Pengharum Mobil Gantung Vanilla Ice Cream,11.900
9296,Lifestyle,Perlengkapan Otomotif,Airpro Pengharum Mobil Sauvignon 10 ml,26.900
9297,Lifestyle,Perlengkapan Otomotif,KIT Back to Black Penghitam Body Mobil Botol 250 ml,63.900
9298,Lifestyle,Perlengkapan Otomotif,KIT Wash & Glow Sampo Mobil Jerigen 3.7 L,64.900
9299,Lifestyle,Perlengkapan Otomotif,Airpro inVent Pengharum Mobil Lush Retreat 9 ml,34.500
9300,Lifestyle,Perlengkapan Otomotif,Airpro inVent Pengharum Mobil Midnight Breeze 9 ml,34.500
9301,Lifestyle,Perlengkapan Otomotif,Airpro Viva Life Series Pengharum Mobil Tokyo Sakura 42 g,39.900
9302,Lifestyle,Perlengkapan Otomotif,Airpro Viva Life Series Pengharum Mobil Paris Fresh 42 g,39.900
9303,Lifestyle,Perlengkapan Otomotif,Airpro Pengharum Mobil Signature 10 ml,26.900
9304,Lifestyle,Perlengkapan Otomotif,Airpro Pengharum Mobil The Prestegious 10 ml,26.900
9305,Lifestyle,Perlengkapan Otomotif,Airpro Pengharum Mobil Divine Flare 10 ml,26.900
9306,Lifestyle,Perlengkapan Otomotif,KIT Wash & Wax Sampo Mobil Pouch 720 ml,34.900
9307,Lifestyle,Perlengkapan Otomotif,Motul Scooter Gear Oli Transmisi Motor 80W-90 120 ml,16.900
9308,Lifestyle,Perlengkapan Otomotif,Carrera Sampo Mobil 800 ml,9.900
9309,Lifestyle,Perlengkapan Otomotif,Motul Oli Motor Scooter LE MB HC-Tech 4T 10W-30 800 ml,56.900
9310,Lifestyle,Perlengkapan Otomotif,BayFresh Hang n Go Pengharum Mobil Dark Ice,12.400
9311,Lifestyle,Perlengkapan Otomotif,BayFresh Hang n Go Pengharum Mobil Frozen Lime,12.400
9312,Lifestyle,Perlengkapan Otomotif,KIT Black Magic Gel Pengkilap Ban Refill 180 ml,14.500
9313,Lifestyle,Perlengkapan Otomotif,KIT Pembersih Motor Serbaguna 100 ml,15.700
9314,Lifestyle,Perlengkapan Otomotif,Airpro Pengharum Mobil Davidoff Cool Waves 10 ml,28.600
9315,Lifestyle,Perlengkapan Otomotif,Alfamart Lap Kanebo Mobil 40 x 30 cm,29.400
9316,Lifestyle,Perlengkapan Otomotif,Stella Pengharum Mobil Gantung Fruity & Fresh,18.200
9317,Pet Foods,Makanan Anjing,SmartHeart Makanan Anjing Kering Adult Rasa Sapi Panggang 1.5 kg,81.900
9318,Pet Foods,Makanan Anjing,SmartHeart Makanan Anjing Kering Puppy Rasa Sapi & Susu 1.3 kg,62.900
9319,Pet Foods,Makanan Anjing,SmartHeart Makanan Anjing Kering Ras Kecil Sapi Panggang 1.3 kg,62.900
9320,Pet Foods,Makanan Anjing,SmartHeart Makanan Anjing Basah Adult Rasa Sapi & Hati 400 g,24.900
9321,Pet Foods,Makanan Anjing,"Pedigree Makanan Anjing Basah Adult Rasa Ayam, Hati Panggang & Sayuran Pouch 80 g",7.500
9322,Pet Foods,Makanan Anjing,Pedigree Makanan Anjing Basah Adult Rasa Sapi Kaleng 400 g,25.900
9323,Pet Foods,Makanan Anjing,"Pedigree Makanan Anjing Kering Puppy Rasa Ayam, Telur & Susu 1.3 kg",72.900
9324,Pet Foods,Makanan Anjing,Pedigree Makanan Anjing Basah Adult Rasa Daging Sapi dalam Kuah Pouch 130 g,10.000
9325,Pet Foods,Makanan Anjing,Pedigree Makanan Anjing Basah Puppy Rasa Ayam dalam Kuah Pouch 130 g,10.000
9326,Pet Foods,Makanan Anjing,"Pedigree Makanan Anjing Basah Puppy Rasa Daging Sapi, Telur & Sayuran Pouch 80 g",7.500
9327,Pet Foods,Makanan Anjing,Pedigree Makanan Anjing Kering Adult Rasa Sapi & Sayuran 1.5 kg,74.900
9328,Pet Foods,Makanan Anjing,Pedigree Schmackos Snack Makanan Anjing Kering Rasa Daging Sapi Asap 70 g,25.000
9329,Pet Foods,Makanan Kucing,Cat Choize Makanan Kucing Kering Adult Rasa Tuna & Makerel 500 g,30.800
9330,Pet Foods,Makanan Kucing,Alfamart Cat Choize Makanan Kucing Kering Kitten Rasa Tuna 400 g,27.100
9331,Pet Foods,Makanan Kucing,Alfamart Cat Choize Makanan Kucing Kering Adult Rasa Tuna 450 g,27.000
9332,Pet Foods,Makanan Kucing,Me-O Makanan Kucing Basah Kitten Tuna dalam Jeli Kaleng 400 g,21.700
9333,Pet Foods,Makanan Kucing,Me-O Pet Makanan Kucing Kering Adult Rasa Tuna 450 g,30.200
9334,Pet Foods,Makanan Kucing,Me-O Makanan Kucing Basah Kitten Rasa Tuna Pouch 80 g,8.500
9335,Pet Foods,Makanan Kucing,Whiskas Makanan Kucing Basah Adult Tuna 80 g,8.100
9336,Pet Foods,Makanan Kucing,Me-O Makanan Kucing Basah Adult Rasa Tuna Pouch 80 g,8.500
9337,Pet Foods,Makanan Kucing,Whiskas Makanan Kucing Basah Kitten Rasa Tuna Pouch 80 g,8.100
9338,Pet Foods,Makanan Kucing,Me-O Makanan Kucing Basah Adult Rasa Ikan Laut dalam Jeli Pouch 80 g,8.500
9339,Pet Foods,Makanan Kucing,Alfamart Cat Choize Makanan Kucing Basah Kitten Rasa Tuna Sachet 70 g,8.300
9340,Pet Foods,Makanan Kucing,Cat Choize Makanan Kucing Kering Adult Rasa Tuna & Salmon 500 g,31.200
9341,Pet Foods,Makanan Kucing,Cat Choize Makanan Kucing Kering Kitten Rasa Tuna & Salmon Milk 450 g,31.200
9342,Pet Foods,Makanan Kucing,Alfamart Cat Choize Doraemon Makanan Kucing Kering Adult Rasa Tuna & Salmon 450 g,27.000
9343,Pet Foods,Makanan Kucing,whiskas Makanan Kucing Basah Adult Rasa Ikan Laut Pouch 80 g,8.100
9344,Pet Foods,Makanan Kucing,Felix Makanan Kucing Basah Kitten Rasa Tuna dalam Jelly Pouch 85 g,8.600
9345,Pet Foods,Makanan Kucing,Alfamart Cat Choize Makanan Kucing Basah Adult Rasa Tuna Sachet 70 g,8.300
9346,Pet Foods,Makanan Kucing,Felix Makanan Kucing Basah Adult Rasa Salmon dalam Jelly Pouch 85 g,8.600
9347,Pet Foods,Makanan Kucing,Whiskas Makanan Kucing Basah Kitten Rasa Makerel Pouch 80 g,8.100
9348,Pet Foods,Makanan Kucing,Alfamart Cat Choize Makanan Kucing Kering Adult Rasa Tuna 1 kg,51.000
9349,Pet Foods,Makanan Kucing,Alfamart Bio Creamy + Taurine Snack Makanan Kucing Basah Rasa Tuna Sachet 4 x 15 g,16.100
9350,Pet Foods,Makanan Kucing,Me-O Makanan Kucing Basah Adult Rasa Tuna dalam Jeli 400 g,21.700
9351,Pet Foods,Makanan Kucing,Whiskas Makanan Kucing Kering Kitten Rasa Ikan Laut Pouch 50 g,6.800
9352,Pet Foods,Makanan Kucing,Alfamart Makanan Kucing Basah Adult Tuna 400 g,15.900
9353,Pet Foods,Makanan Kucing,Alfamart Cat Choize Makanan Kucing Basah Kitten Rasa Tuna & Ayam 70 g,8.300
9354,Pet Foods,Makanan Kucing,Alfamart Cat Choize Makanan Kucing Kering Kitten Rasa Tuna 900 g,52.200
9355,Pet Foods,Makanan Kucing,Whiskas Makanan Kucing Kering Adult Tuna 200 g,17.000
9356,Pet Foods,Makanan Kucing,Whiskas Junior Makanan Kucing Kering Tuna Salmon 180 g,17.000
9357,Pet Foods,Makanan Kucing,Me-O Creamy Treats Makanan Kucing Basah Rasa Salmon Sachet 4 x 15 g,31.500
9358,Pet Foods,Makanan Kucing,Whiskas Makanan Kucing Basah Adult Tuna 400 g,21.900
9359,Pet Foods,Makanan Kucing,Me-O Makanan Kucing Basah Kitten Rasa Otak-otak Pouch 80 g,8.500
9360,Pet Foods,Makanan Kucing,Me-O Makanan Kucing Basah Adult Rasa Otak-otak Pouch 80 g,8.400
9361,Pet Foods,Makanan Kucing,Friskies Makanan Kucing Kitten Dry Discoveries 400 g,24.900
9362,Pet Foods,Makanan Kucing,Friskies Makanan Kucing Kering Adult Seafood Sensation 400 g,24.900
9363,Pet Foods,Makanan Kucing,Whiskas Makanan Kucing Kering Kitten Ikan Laut & Susu 1.1 kg,63.000
9364,Pet Foods,Makanan Kucing,Whiskas Makanan Kucing Basah Adult Rasa Ikan Laut Kaleng 400 g,24.000
9365,Pet Foods,Makanan Kucing,Whiskas Makanan Kucing Kering Adult Ikan Laut 480 g,27.500
9366,Pet Foods,Makanan Kucing,Whiskas Makanan Kucing Kering Adult Anti Bulu Rontok Skin & Coat 1.1 kg,75.000
9367,Pet Foods,Makanan Kucing,Me-O Makanan Kucing Basah Adult Rasa Sarden & Salmon Kaleng 400 g,17.500
9368,Pet Foods,Makanan Kucing,Me-O Makanan Kucing Basah Adult Rasa Tuna & Sarden Kaleng 400 g,17.500
9369,Pet Foods,Makanan Kucing,Me-O Makanan Kucing Basah Kitten Rasa Tuna & Sarden Kaleng 400 g,17.500
9370,Pet Foods,Makanan Kucing,Felix Makanan Kucing Basah Adult Rasa Ayam dalam Jeli Pouch 85 g,7.000
9371,Pet Foods,Makanan Kucing,Felix Makanan Kucing Basah Kitten Rasa Ayam dalam Jeli Pouch 85 g,7.000
9372,Pet Foods,Makanan Kucing,Friskies Makanan Kucing Kering Adult Rasa Meaty Grills 400 g,24.900
9373,Pet Foods,Makanan Kucing,Whiskas Makanan Kucing Basah Adult Makerel 6 x 80 g,39.000
9374,Pet Foods,Makanan Kucing,Me-O Makanan Kucing Kering Adult Rasa Salmon 1.1 kg,71.900
9375,Pet Foods,Makanan Kucing,Whiskas Makanan Kucing Kering Adult Rasa Ikan Laut 1.2 Kg,73.900
9376,Pet Foods,Makanan Kucing,Me-O Makanan Kucing Kering Adult Rasa Tuna 1.2 kg,71.900
9377,Pet Foods,Makanan Kucing,Me-O Makanan Kucing Kering Kitten Rasa Ikan Laut 1.1 kg,79.900
9378,Pet Foods,Makanan Kucing,Whiskas Makanan Kucing Kering Kitten Makerel 450 g,31.900
9379,Pet Foods,Makanan Kucing,Whiskas Makanan Kucing Kering Adult Makerel 480 g,30.000
9380,Pet Foods,Makanan Kucing,Whiskas Makanan Kucing Kering Adult Anti Bulu Rontok 450 g,34.900
9381,Pet Foods,Makanan Kucing,Cat Choize Makanan Kucing Kering Kitten Rasa Tuna & Salmon Milk 1.1 kg,59.900
9382,Pet Foods,Makanan Kucing,Cat Choize Makanan Kucing Kering Adult Rasa Tuna & Salmon 1.2 kg,59.900
9383,Pet Foods,Makanan Kucing,Cat Choize Makanan Kucing Kering Adult Rasa Tuna & Makerel 1.2 kg,59.900
9384,Pet Foods,Makanan Kucing,Me-O Adult Makanan Kucing Basah Rasa Tuna & Ikan Putih 80 g,7.500
9385,Pet Foods,Makanan Kucing,Me-O Makanan Kucing Basah Kitten Rasa Tuna Sarden dalam Jeli 80 g,7.500
9386,Pet Foods,Makanan Kucing,Me-O Makanan Kucing Basah Adult Rasa Makerel 80 g,7.500
9387,Pet Foods,Makanan Kucing,Me-O Makanan Kucing Basah Adult Rasa Pempek Ikan Putih & Telur 80 g,7.500
9388,Pet Foods,Makanan Kucing,Me-O Adult Makanan Kucing Basah Rasa Pempek Ikan & Udang 80 g,7.500
9389,Pet Foods,Makanan Kucing,Me-O Makanan Kucing Kering Kitten Rasa Ikan Laut 400 g,31.700
9390,Pet Foods,Makanan Kucing,Whiskas Makanan Kucing Kering Adult Tuna 480 g,38.200
9391,Pet Foods,Makanan Kucing,Whiskas Makanan Kucing Kering Kitten Tuna Salmon 450 g,39.700
9392,Pet Foods,Makanan Kucing,Life Cat Makanan Kucing Basah Kitten Rasa Tuna Kaleng 400 g,21.500
9393,Pet Foods,Makanan Kucing,Bio Creamy Snack Makanan Kucing Basah Rasa Tuna Sachet 4 x 15 g,17.000
9394,Pet Foods,Makanan Kucing,Kittie Bittie Makanan Kucing Kering Adult Rasa Tuna 120 g,7.500
9395,Pet Foods,Makanan Kucing,Me-O Makanan Kucing Kering Kitten Rasa Ikan Laut Pouch 50 g,6.700
9396,Pet Foods,Makanan Kucing,Alfamart Creamy Treats Snack Makanan Kucing Adult Tuna Sachet 4 x 15 g,14.900
9397,Pet Foods,Makanan Kucing,Whiskas Junior Makanan Kucing Basah Mousse Ayam 80 g,8.100
9398,Pet Foods,Makanan Kucing,Me-O Creamy Snack Makanan Kucing Basah Adult Rasa Tuna Sachet 4 x 15 g,31.500
9399,Pet Foods,Makanan Kucing,Whiskas Makanan Kucing Basah Adult Ayam & Salmon 80 g,8.100
9400,Pet Foods,Makanan Kucing,Whiskas Makanan Kucing Kering Kitten Rasa Ikan Laut 450 g,40.000
9401,Pet Foods,Makanan Kucing,Me-O Makanan Kucing Kering Adult Rasa Tuna Pouch 200 g,20.700
9402,Pet Foods,Makanan Kucing,Supercat Fiesta Makanan Kucing Kering Adult Rasa Ikan 50 g,7.000
9403,Pet Foods,Makanan Kucing,Supercat Fiesta Makanan Kucing Kering Kitten Rasa Ikan 50 g,5.900
9404,Pet Foods,Makanan Kucing,Supercat Mix Mix Snack Makanan Kucing Kering Classic Salmon 60 g,10.900
9405,Pet Foods,Makanan Kucing,Kittie Bittie Makanan Kucing Kering Adult Rasa Salmon 120 g,6.000
9406,Pet Foods,Makanan Kucing,Whiskas Tasty Mix Junior Makanan Kucing Basah Tuna Salmon Labu 70 g,8.900
9407,Pet Foods,Makanan Kucing,Cat Choize Makanan Kucing Basah Adult Rasa Tuna Sachet 75 g,5.500
9408,Pet Foods,Makanan Kucing,Kitekat Makanan Kucing Basah Adult Rasa Ayam & Salmon 70 g,5.500
9409,Pet Foods,Makanan Kucing,Kitekat Makanan Kucing Basah Kitten Rasa Ayam & Salmon 70 g,5.500
9410,Pet Foods,Makanan Kucing,Whiskas Junior Makanan Kucing Kering Tuna Salmon 1.1 Kg,73.900
9411,Pet Foods,Makanan Kucing,Maxlife Makanan Kucing Kering Adult Tuna 1 kg,62.900
9412,Pet Foods,Makanan Kucing,Maxlife Makanan Kucing Kering Adult Makerel 1 kg,62.900
9413,Pet Foods,Makanan Kucing,"Me-O Makanan Kucing Basah Adult Rasa Sarden, Ayam, dan Nasi Pouch 80 g",7.500
9414,Pet Foods,Makanan Kucing,Me-O Makanan Kucing Kering Kitten Rasa Ikan Gabus 1.1 kg,79.900
9415,Pet Foods,Makanan Kucing,Me-O Makanan Kucing Kering Adult Rasa Ikan Bandeng 1.2 kg,71.900
9416,Pet Foods,Makanan Kucing,Cat Choize Makanan Kucing Basah Kitten Rasa Tuna Sachet 75 g,5.500
9417,Pet Foods,Makanan Kucing,Whiskas Makanan Kucing Basah Adult Makerel & Salmon 80 g,7.900
9418,Pet Foods,Makanan Kucing,Whiskas Makanan Kucing Basah Kitten Rasa Tuna 6 x 80 g,39.000
9419,Pet Foods,Makanan Kucing,Whiskas Makanan Kucing Kering Adult Tuna & Salmon 480 g,38.200
9420,Pet Foods,Makanan Kucing,Cuties Catz Makanan Kucing Kering Adult Tuna 500 g,13.900
9421,Pet Foods,Makanan Kucing,Whiskas Makanan Kucing Basah Adult Tuna 6 x 80 g,39.000
9422,Pet Foods,Makanan Kucing,Cuties Catz Makanan Kucing Basah Adult Tuna 75 g,5.500
9423,Pet Foods,Makanan Kucing,Whiskas Makanan Kucing Kering Adult Tuna 1.2 kg,55.800
9424,Pet Foods,Makanan Kucing,Whiskas Makanan Kucing Basah Adult Makerel 80 g,7.900
9425,Pet Foods,Makanan Kucing,Me-O Creamy Snack Makanan Kucing Basah Rasa Hati & Ayam Sachet 4 x 15 g,31.700
9426,Pet Foods,Makanan Kucing,Cuties Catz Makanan Kucing Kitten Kering Salmon 450 g,13.900
9427,Pet Foods,Makanan Kucing,Felix Makanan Kucing Basah Adult Rasa Tuna dalam Jeli Pouch 85 g,7.000
9428,Pet Foods,Makanan Kucing,Whiskas Makanan Kucing Basah Adult Saba Panggang 80 g,7.900
9429,Pet Foods,Makanan Kucing,Whiskas Makanan Kucing Basah Rasa Tuna & Ikan Putih Pouch 80 g,7.900
9430,Pet Foods,Makanan Hewan Peliharan Lainnya,Alfamart Pasir Kucing Aroma Kopi 3.5 L,29.900
9431,Pet Foods,Makanan Hewan Peliharan Lainnya,Cat Comfy Pasir Kucing Aroma Apel 5 L,43.800
9432,Pet Foods,Makanan Hewan Peliharan Lainnya,Cat Comfy Pasir Kucing Aroma Kopi 5 L,37.900
