source,raw_category,raw_subcategory,product_name_raw,price,product_clean,price_missing,has_price,Master_Category,Macro_Category,raw_category_refined,drop_reason
alfagift,kebutuhan dapur,perlengkapan dapur & ruang makan,Bright Tabung Gas Elpiji (Kosong) 5.5 kg,330000.0,bright tabung gas elpiji kosong 5.5 kg,False,True,Kebutuhan Rumah & Mandi,NEEDS,household & personal care,bad_product_name
alfagift,kebutuhan dapur,perlengkapan dapur & ruang makan,Bright Gas Elpiji (Refill) 5.5 kg (C),,bright gas elpiji refill 5.5 kg c,True,False,Kebutuhan Rumah & Mandi,NEEDS,household & personal care,bad_product_name
alfagift,kebutuhan dapur,perlengkapan dapur & ruang makan,Bright Tabung Gas Elpiji (Kosong) 12 kg (A),,bright tabung gas elpiji kosong 12 kg a,True,False,Kebutuhan Rumah & Mandi,NEEDS,household & personal care,bad_product_name
alfagift,kebutuhan dapur,perlengkapan dapur & ruang makan,Bright Gas Elpiji (Refill) 5.5 kg (B),,bright gas elpiji refill 5.5 kg b,True,False,Kebutuhan Rumah & Mandi,NEEDS,household & personal care,bad_product_name
alfagift,kebutuhan dapur,perlengkapan dapur & ruang makan,Bright Gas Elpiji (Refill) 12 kg (C),,bright gas elpiji refill 12 kg c,True,False,Kebutuhan Rumah & Mandi,NEEDS,household & personal care,bad_product_name
alfagift,kebutuhan dapur,perlengkapan dapur & ruang makan,Bright Gas Elpiji (Refill) 12 kg (B),,bright gas elpiji refill 12 kg b,True,False,Kebutuhan Rumah & Mandi,NEEDS,household & personal care,bad_product_name
alfagift,kebutuhan dapur,perlengkapan dapur & ruang makan,Alfamart Disney Chopper Bumbu Mickey Mouse Assorted,,alfamart disney chopper bumbu mickey mouse assorted,True,False,Kebutuhan Rumah & Mandi,NEEDS,household & personal care,bad_product_name
alfagift,kebutuhan dapur,perlengkapan dapur & ruang makan,Bright Tabung Gas Elpiji (Kosong) 5.5 kg (A),,bright tabung gas elpiji kosong 5.5 kg a,True,False,Kebutuhan Rumah & Mandi,NEEDS,household & personal care,bad_product_name
alfagift,kebutuhan dapur,perlengkapan dapur & ruang makan,Bright Gas Elpiji (Refill) 5.5 kg (A),,bright gas elpiji refill 5.5 kg a,True,False,Kebutuhan Rumah & Mandi,NEEDS,household & personal care,bad_product_name
alfagift,kebutuhan dapur,perlengkapan dapur & ruang makan,Freemir Set Teko & Cangkir 5 pcs,,freemir set teko & cangkir 5 pcs,True,False,Kebutuhan Rumah & Mandi,NEEDS,household & personal care,bad_product_name
alfagift,kebutuhan dapur,perlengkapan dapur & ruang makan,Bright Gas Elpiji (Refill) 12 kg (A),,bright gas elpiji refill 12 kg a,True,False,Kebutuhan Rumah & Mandi,NEEDS,household & personal care,bad_product_name
alfagift,kebutuhan dapur,perlengkapan dapur & ruang makan,Bright Tabung Gas Elpiji (Kosong) 12 kg,,bright tabung gas elpiji kosong 12 kg,True,False,Kebutuhan Rumah & Mandi,NEEDS,household & personal care,bad_product_name
alfagift,kebutuhan dapur,perlengkapan dapur & ruang makan,Freemir Chopper Manual Mini Serbaguna 170 ml,,freemir chopper manual mini serbaguna 170 ml,True,False,Kebutuhan Rumah & Mandi,NEEDS,household & personal care,bad_product_name
alfagift,kebutuhan dapur,perlengkapan dapur & ruang makan,Bright Gas Elpiji (Refill) 5.5 kg,117500.0,bright gas elpiji refill 5.5 kg,False,True,Kebutuhan Rumah & Mandi,NEEDS,household & personal care,bad_product_name
alfagift,kebutuhan dapur,perlengkapan dapur & ruang makan,Bright Gas Elpiji (Refill) 12 kg,247500.0,bright gas elpiji refill 12 kg,False,True,Kebutuhan Rumah & Mandi,NEEDS,household & personal care,bad_product_name
alfagift,kebutuhan dapur,bahan masakan,Indofood Sambal Pedas Botol 135 ml,8100.0,indofood sambal pedas botol 135 ml,False,True,Makan & Minum Harian,NEEDS,daily food,bad_product_name
alfagift,kebutuhan dapur,bahan masakan,ABC Sambal Ekstra Pedas Botol 335 ml,18700.0,abc sambal ekstra pedas botol 335 ml,False,True,Makan & Minum Harian,NEEDS,daily food,bad_product_name
alfagift,kebutuhan dapur,bahan masakan,La Fonte Saus Pasta Bolognese 315 g,18500.0,la fonte saus pasta bolognese 315 g,False,True,Makan & Minum Harian,NEEDS,daily food,bad_product_name
alfagift,kebutuhan dapur,bahan masakan,ABC Saus Tomat Botol 270 ml,17100.0,abc saus tomat botol 270 ml,False,True,Makan & Minum Harian,NEEDS,daily food,bad_product_name
alfagift,kebutuhan dapur,bahan masakan,MamaSuka Delisaos Saus Sambal Ekstra Pedas Hot Lava Volcano Botol 260 ml,17200.0,mamasuka delisaos saus sambal ekstra pedas hot lava volcano botol 260 ml,False,True,Makan & Minum Harian,NEEDS,daily food,bad_product_name
alfagift,kebutuhan dapur,bahan masakan,Saori Saus Oriental Lada Hitam Botol 133 ml,10900.0,saori saus oriental lada hitam botol 133 ml,False,True,Makan & Minum Harian,NEEDS,daily food,bad_product_name
alfagift,kebutuhan dapur,bahan masakan,Koepoe Koepoe Lada Putih Bubuk Bumbu Dapur 85 g,30900.0,koepoe koepoe lada putih bubuk bumbu dapur 85 g,False,True,Makan & Minum Harian,NEEDS,daily food,bad_product_name
alfagift,kebutuhan dapur,bahan masakan,La Fonte Chicken Bolognese Saus Pasta 290 g,17900.0,la fonte chicken bolognese saus pasta 290 g,False,True,Makan & Minum Harian,NEEDS,daily food,bad_product_name
alfagift,kebutuhan dapur,bahan masakan,Kereta Kencana Beras Premium 5 kg,74500.0,kereta kencana beras premium 5 kg,False,True,Makan & Minum Harian,NEEDS,daily food,bad_product_name
alfagift,kebutuhan dapur,bahan masakan,SUS Gula Pasir Lokal 1 kg,17500.0,sus gula pasir lokal 1 kg,False,True,Makan & Minum Harian,NEEDS,daily food,bad_product_name
alfagift,kebutuhan dapur,bahan masakan,Sasa Tepung Bumbu Serbaguna Hot & Spicy 210 g,7700.0,sasa tepung bumbu serbaguna hot & spicy 210 g,False,True,Makan & Minum Harian,NEEDS,daily food,bad_product_name
alfagift,kebutuhan dapur,bahan masakan,La Fonte Saus Pasta Carbonara 315 g,21500.0,la fonte saus pasta carbonara 315 g,False,True,Makan & Minum Harian,NEEDS,daily food,bad_product_name
alfagift,kebutuhan dapur,bahan masakan,Del Monte Saus Pasta Carbonara Keju 180 g,19700.0,del monte saus pasta carbonara keju 180 g,False,True,Makan & Minum Harian,NEEDS,daily food,bad_product_name
alfagift,kebutuhan dapur,bahan masakan,Maggi Magic Lezat Bumbu Penyedap Rasa Serbaguna 80 g,6400.0,maggi magic lezat bumbu penyedap rasa serbaguna 80 g,False,True,Makan & Minum Harian,NEEDS,daily food,bad_product_name
alfagift,kebutuhan dapur,bahan masakan,ABC Sambal Extra Pedas Pouch 380 g,19800.0,abc sambal extra pedas pouch 380 g,False,True,Makan & Minum Harian,NEEDS,daily food,bad_product_name
alfagift,kebutuhan dapur,bahan masakan,Dua Belibis Saus Cabai Botol 135 ml,7900.0,dua belibis saus cabai botol 135 ml,False,True,Makan & Minum Harian,NEEDS,daily food,bad_product_name
alfagift,kebutuhan dapur,bahan masakan,Dua Belibis Saus Cabe Botol 335 ml,18400.0,dua belibis saus cabe botol 335 ml,False,True,Makan & Minum Harian,NEEDS,daily food,bad_product_name
alfagift,kebutuhan dapur,bahan masakan,Del Monte Saus Sambal Ekstra Pedas Botol 135 ml,5800.0,del monte saus sambal ekstra pedas botol 135 ml,False,True,Makan & Minum Harian,NEEDS,daily food,bad_product_name
alfagift,kebutuhan dapur,bahan masakan,Dua Belibis Saus Cabe Pedas Lada Botol 235 ml,12800.0,dua belibis saus cabe pedas lada botol 235 ml,False,True,Makan & Minum Harian,NEEDS,daily food,bad_product_name
alfagift,kebutuhan dapur,bahan masakan,Sasa Tepung Bumbu Serbaguna Original 210 g,7700.0,sasa tepung bumbu serbaguna original 210 g,False,True,Makan & Minum Harian,NEEDS,daily food,bad_product_name
alfagift,kebutuhan dapur,bahan masakan,Sasa Tepung Bumbu Ala Kentucky Ayam Krispi 200 g,7700.0,sasa tepung bumbu ala kentucky ayam krispi 200 g,False,True,Makan & Minum Harian,NEEDS,daily food,bad_product_name
alfagift,kebutuhan dapur,bahan masakan,Royco Bumbu Kaldu Penyedap Rasa Ayam 94 g,6300.0,royco bumbu kaldu penyedap rasa ayam 94 g,False,True,Makan & Minum Harian,NEEDS,daily food,bad_product_name
alfagift,kebutuhan dapur,bahan masakan,Royco Bumbu Instan Ayam Saus Telur Asin 22 g,8300.0,royco bumbu instan ayam saus telur asin 22 g,False,True,Makan & Minum Harian,NEEDS,daily food,bad_product_name
alfagift,kebutuhan dapur,bahan masakan,Sedaap Bumbu Kaldu Rasa Sapi 250 g,8900.0,sedaap bumbu kaldu rasa sapi 250 g,False,True,Makan & Minum Harian,NEEDS,daily food,bad_product_name
alfagift,kebutuhan dapur,bahan masakan,GMP Gula Pasir Kristal Putih 1 kg,17500.0,gmp gula pasir kristal putih 1 kg,False,True,Makan & Minum Harian,NEEDS,daily food,bad_product_name
alfagift,kebutuhan dapur,bahan masakan,Racik Tepung Bumbu Serbaguna 210 g,6800.0,racik tepung bumbu serbaguna 210 g,False,True,Makan & Minum Harian,NEEDS,daily food,bad_product_name
alfagift,kebutuhan dapur,bahan masakan,Maggi Saus Tiram Botol 150 g,10100.0,maggi saus tiram botol 150 g,False,True,Makan & Minum Harian,NEEDS,daily food,bad_product_name
alfagift,kebutuhan dapur,bahan masakan,Sasa Tepung Bumbu Bakwan Spesial 210 g,7700.0,sasa tepung bumbu bakwan spesial 210 g,False,True,Makan & Minum Harian,NEEDS,daily food,bad_product_name
alfagift,kebutuhan dapur,bahan masakan,Ajinomoto Umami Bumbu Penyedap Rasa MSG 250 g,16000.0,ajinomoto umami bumbu penyedap rasa msg 250 g,False,True,Makan & Minum Harian,NEEDS,daily food,bad_product_name
alfagift,kebutuhan dapur,bahan masakan,Sedaap Bumbu Kaldu Rasa Ayam 250 g,8900.0,sedaap bumbu kaldu rasa ayam 250 g,False,True,Makan & Minum Harian,NEEDS,daily food,bad_product_name
alfagift,kebutuhan dapur,bahan masakan,Iboe Toetiek Sambal Bayi Cumi 130 g,,iboe toetiek sambal bayi cumi 130 g,True,False,Makan & Minum Harian,NEEDS,daily food,bad_product_name
alfagift,kebutuhan dapur,bahan masakan,S&B Golden Curry Bumbu Kari Japanese Mix Sauce Mild 92 g,,s&b golden curry bumbu kari japanese mix sauce mild 92 g,True,False,Makan & Minum Harian,NEEDS,daily food,bad_product_name
alfagift,kebutuhan dapur,bahan masakan,Raja Platinum Beras Super 10 kg,,raja platinum beras super 10 kg,True,False,Makan & Minum Harian,NEEDS,daily food,bad_product_name
alfagift,kebutuhan dapur,bahan masakan,Harumas Beras Premium 5 kg,,harumas beras premium 5 kg,True,False,Makan & Minum Harian,NEEDS,daily food,bad_product_name
alfagift,kebutuhan dapur,bahan masakan,Del Monte Sambal Ekstra Pedas Refill 1 kg,23500.0,del monte sambal ekstra pedas refill 1 kg,False,True,Makan & Minum Harian,NEEDS,daily food,bad_product_name
alfagift,kebutuhan dapur,bahan masakan,Del Monte Saus Tomat Refill 1 kg,18500.0,del monte saus tomat refill 1 kg,False,True,Makan & Minum Harian,NEEDS,daily food,bad_product_name
alfagift,kebutuhan dapur,bahan masakan,Royco Saus Tiram Botol 135 ml,11300.0,royco saus tiram botol 135 ml,False,True,Makan & Minum Harian,NEEDS,daily food,bad_product_name
alfagift,kebutuhan dapur,bahan masakan,Pronas Saus Spageti Bolognese Sapi Pouch 315 g,19900.0,pronas saus spageti bolognese sapi pouch 315 g,False,True,Makan & Minum Harian,NEEDS,daily food,bad_product_name
alfagift,kebutuhan dapur,bahan masakan,Indofood Racik Bumbu Instan Ayam Goreng 25 g,2300.0,indofood racik bumbu instan ayam goreng 25 g,False,True,Makan & Minum Harian,NEEDS,daily food,bad_product_name
alfagift,kebutuhan dapur,bahan masakan,Sajiku Bumbu Instan Nasi Goreng Ayam 20 g,2400.0,sajiku bumbu instan nasi goreng ayam 20 g,False,True,Makan & Minum Harian,NEEDS,daily food,bad_product_name
alfagift,kebutuhan dapur,bahan masakan,Indofood Sambal Ekstra Pedas 275 ml,13900.0,indofood sambal ekstra pedas 275 ml,False,True,Makan & Minum Harian,NEEDS,daily food,bad_product_name
alfagift,kebutuhan dapur,bahan masakan,Sajiku Tepung Bumbu Serbaguna 210 g,8200.0,sajiku tepung bumbu serbaguna 210 g,False,True,Makan & Minum Harian,NEEDS,daily food,bad_product_name
alfagift,kebutuhan dapur,bahan masakan,Alfamart Gula Pasir Lokal 1 kg,17500.0,alfamart gula pasir lokal 1 kg,False,True,Makan & Minum Harian,NEEDS,daily food,bad_product_name
alfagift,kebutuhan dapur,bahan masakan,Alfamart Gula Pasir Lokal Putih 1 kg,17500.0,alfamart gula pasir lokal putih 1 kg,False,True,Makan & Minum Harian,NEEDS,daily food,bad_product_name
alfagift,kebutuhan dapur,bahan masakan,Indofood Racik Bumbu Spesial Rendang 50 g,7100.0,indofood racik bumbu spesial rendang 50 g,False,True,Makan & Minum Harian,NEEDS,daily food,bad_product_name
alfagift,kebutuhan dapur,bahan masakan,Rose Brand Gula Pasir Kristal Putih Premium 1 kg,17500.0,rose brand gula pasir kristal putih premium 1 kg,False,True,Makan & Minum Harian,NEEDS,daily food,bad_product_name
alfagift,kebutuhan dapur,bahan masakan,PSM Gula Pasir Kristal Putih Premium 1 kg,17500.0,psm gula pasir kristal putih premium 1 kg,False,True,Makan & Minum Harian,NEEDS,daily food,bad_product_name
alfagift,kebutuhan dapur,bahan masakan,GulaVit PIR Gula Pasir Kristal Putih Bervitamin C & D 1 kg,17500.0,gulavit pir gula pasir kristal putih bervitamin c & d 1 kg,False,True,Makan & Minum Harian,NEEDS,daily food,bad_product_name
alfagift,kebutuhan dapur,bahan masakan,Del Monte Saus Tomat Botol 265 ml,12200.0,del monte saus tomat botol 265 ml,False,True,Makan & Minum Harian,NEEDS,daily food,bad_product_name
alfagift,kebutuhan dapur,bahan masakan,Saori Saus Oriental Saus Tiram 133 ml,13300.0,saori saus oriental saus tiram 133 ml,False,True,Makan & Minum Harian,NEEDS,daily food,bad_product_name
alfagift,kebutuhan dapur,bahan masakan,ABC Sambal Ekstra Pedas Botol 270 ml,16600.0,abc sambal ekstra pedas botol 270 ml,False,True,Makan & Minum Harian,NEEDS,daily food,bad_product_name
alfagift,kebutuhan dapur,bahan masakan,Dua Belibis Saus Cabai Botol 235 ml,16900.0,dua belibis saus cabai botol 235 ml,False,True,Makan & Minum Harian,NEEDS,daily food,bad_product_name
alfagift,kebutuhan dapur,bahan masakan,Sasa Bumbu Lumur Ayam Spesial 26 g,2500.0,sasa bumbu lumur ayam spesial 26 g,False,True,Makan & Minum Harian,NEEDS,daily food,bad_product_name
alfagift,kebutuhan dapur,bahan masakan,Kobe Super Crispy Tepung Bumbu Kentucky 200 g,7500.0,kobe super crispy tepung bumbu kentucky 200 g,False,True,Makan & Minum Harian,NEEDS,daily food,bad_product_name
alfagift,kebutuhan dapur,bahan masakan,Del Monte Saus Spageti Refill 250 g,9500.0,del monte saus spageti refill 250 g,False,True,Makan & Minum Harian,NEEDS,daily food,bad_product_name
alfagift,kebutuhan dapur,bahan masakan,Alfamart Beras Setra Ramos 5 kg,74500.0,alfamart beras setra ramos 5 kg,False,True,Makan & Minum Harian,NEEDS,daily food,bad_product_name
alfagift,kebutuhan dapur,bahan masakan,Saori Saus Oriental Saus Tiram Botol 270 ml,23500.0,saori saus oriental saus tiram botol 270 ml,False,True,Makan & Minum Harian,NEEDS,daily food,bad_product_name
alfagift,kebutuhan dapur,bahan masakan,Indofood Sambal Pedas Dahsyat Botol 275 ml,15300.0,indofood sambal pedas dahsyat botol 275 ml,False,True,Makan & Minum Harian,NEEDS,daily food,bad_product_name
alfagift,kebutuhan dapur,bahan masakan,Lahap Beras Premium 5 kg,,lahap beras premium 5 kg,True,False,Makan & Minum Harian,NEEDS,daily food,bad_product_name
alfagift,kebutuhan dapur,bahan masakan,Selancar Beras 5 kg,,selancar beras 5 kg,True,False,Makan & Minum Harian,NEEDS,daily food,bad_product_name
alfagift,kebutuhan dapur,bahan masakan,Mentari Beras 5 kg,,mentari beras 5 kg,True,False,Makan & Minum Harian,NEEDS,daily food,bad_product_name
alfagift,kebutuhan dapur,bahan masakan,FS Gula Kristal Putih 1kg,,fs gula kristal putih 1kg,True,False,Makan & Minum Harian,NEEDS,daily food,bad_product_name
alfagift,kebutuhan dapur,bahan masakan,Sugaro Gula Pasir Kristal Putih 1 kg,,sugaro gula pasir kristal putih 1 kg,True,False,Makan & Minum Harian,NEEDS,daily food,bad_product_name
alfagift,kebutuhan dapur,bahan masakan,Tabasco Saus Pedas Red Pepper 60 ml,54900.0,tabasco saus pedas red pepper 60 ml,False,True,Makan & Minum Harian,NEEDS,daily food,bad_product_name
alfagift,kebutuhan dapur,bahan masakan,SUS Gula Pasir Lokal Kuning 1 kg,17500.0,sus gula pasir lokal kuning 1 kg,False,True,Makan & Minum Harian,NEEDS,daily food,bad_product_name
alfagift,kebutuhan dapur,bahan masakan,Cap Anak Raja Beras Pulen 5 kg,74500.0,cap anak raja beras pulen 5 kg,False,True,Makan & Minum Harian,NEEDS,daily food,bad_product_name
alfagift,kebutuhan dapur,bahan masakan,Gulaku Gula Pasir Tebu Premium 1 kg,17500.0,gulaku gula pasir tebu premium 1 kg,False,True,Makan & Minum Harian,NEEDS,daily food,bad_product_name
alfagift,kebutuhan dapur,bahan masakan,Sania Beras Premium 5 kg,74500.0,sania beras premium 5 kg,False,True,Makan & Minum Harian,NEEDS,daily food,bad_product_name
alfagift,kebutuhan dapur,bahan masakan,Gulaku Gula Pasir Tebu Kuning 1 kg,17500.0,gulaku gula pasir tebu kuning 1 kg,False,True,Makan & Minum Harian,NEEDS,daily food,bad_product_name
alfagift,kebutuhan dapur,bahan masakan,Hok-1 Beras Premium 5 kg,74500.0,hok-1 beras premium 5 kg,False,True,Makan & Minum Harian,NEEDS,daily food,bad_product_name
alfagift,kebutuhan dapur,bahan masakan,Raja Ultima Beras Premium 5 kg,74500.0,raja ultima beras premium 5 kg,False,True,Makan & Minum Harian,NEEDS,daily food,bad_product_name
alfagift,kebutuhan dapur,bahan masakan,Raja Platinum Beras Slyp Super 5 kg,74500.0,raja platinum beras slyp super 5 kg,False,True,Makan & Minum Harian,NEEDS,daily food,bad_product_name
alfagift,kebutuhan dapur,bahan masakan,Anak Raja Beras Pulen Wangi Fortifikasi Premium 5 kg,95000.0,anak raja beras pulen wangi fortifikasi premium 5 kg,False,True,Makan & Minum Harian,NEEDS,daily food,bad_product_name
alfagift,kebutuhan dapur,bahan masakan,Kobe Selera Bumbu Instan Ayam Goreng Lengkuas 80 g,3300.0,kobe selera bumbu instan ayam goreng lengkuas 80 g,False,True,Makan & Minum Harian,NEEDS,daily food,bad_product_name
alfagift,kebutuhan dapur,bahan masakan,Kobe Tepung Bumbu Bakwan Kress 200 g,7500.0,kobe tepung bumbu bakwan kress 200 g,False,True,Makan & Minum Harian,NEEDS,daily food,bad_product_name
alfagift,kebutuhan dapur,bahan masakan,ABC Sambal Asli Botol 270 ml,16700.0,abc sambal asli botol 270 ml,False,True,Makan & Minum Harian,NEEDS,daily food,bad_product_name
alfagift,kebutuhan dapur,bahan masakan,ABC Sambal Ekstra Pedas Botol 130 ml,8200.0,abc sambal ekstra pedas botol 130 ml,False,True,Makan & Minum Harian,NEEDS,daily food,bad_product_name
alfagift,kebutuhan dapur,bahan masakan,Kobe BonCabe Sambal Tabur Original Level 15 45 g,9800.0,kobe boncabe sambal tabur original level 15 45 g,False,True,Makan & Minum Harian,NEEDS,daily food,bad_product_name
alfagift,kebutuhan dapur,bahan masakan,Lee Kum Kee Saus Tiram Botol 145 g,12200.0,lee kum kee saus tiram botol 145 g,False,True,Makan & Minum Harian,NEEDS,daily food,bad_product_name
alfagift,kebutuhan dapur,bahan masakan,Sasa Bumbu Kari Jepang Original 40 g,7400.0,sasa bumbu kari jepang original 40 g,False,True,Makan & Minum Harian,NEEDS,daily food,bad_product_name
alfagift,kebutuhan dapur,bahan masakan,Indofood Racik Bumbu Spesial Opor Ayam 45 g,7100.0,indofood racik bumbu spesial opor ayam 45 g,False,True,Makan & Minum Harian,NEEDS,daily food,bad_product_name
alfagift,kebutuhan dapur,bahan masakan,Sasa Bumbu Ungkep Ayam Kalasan 33 g,2000.0,sasa bumbu ungkep ayam kalasan 33 g,False,True,Makan & Minum Harian,NEEDS,daily food,bad_product_name
alfagift,kebutuhan dapur,bahan masakan,Del Monte Saus Barbekiu Refill 250 g,11300.0,del monte saus barbekiu refill 250 g,False,True,Makan & Minum Harian,NEEDS,daily food,bad_product_name
alfagift,kebutuhan dapur,bahan masakan,Rasa Masa Bumbu Masak Instan Nusantara Rendang 50 g,5500.0,rasa masa bumbu masak instan nusantara rendang 50 g,False,True,Makan & Minum Harian,NEEDS,daily food,bad_product_name
alfagift,kebutuhan dapur,bahan masakan,Kobe Bumbu Nasi Goreng Super Pedas 20 g,2700.0,kobe bumbu nasi goreng super pedas 20 g,False,True,Makan & Minum Harian,NEEDS,daily food,bad_product_name
alfagift,kebutuhan dapur,bahan masakan,Dua Belibis Saus Cabe Ekstra Pedas Botol 235 ml,19800.0,dua belibis saus cabe ekstra pedas botol 235 ml,False,True,Makan & Minum Harian,NEEDS,daily food,bad_product_name
alfagift,kebutuhan dapur,bahan masakan,Masako Bumbu Kaldu Penyedap Rasa Ayam 250 g,11900.0,masako bumbu kaldu penyedap rasa ayam 250 g,False,True,Makan & Minum Harian,NEEDS,daily food,bad_product_name
alfagift,kebutuhan dapur,bahan masakan,Masako Bumbu Kaldu Penyedap Rasa Sapi 250 g,9000.0,masako bumbu kaldu penyedap rasa sapi 250 g,False,True,Makan & Minum Harian,NEEDS,daily food,bad_product_name
alfagift,kebutuhan dapur,bahan masakan,Del Monte Ketchup Saus Tomat Sachet 24 x 8 g,5300.0,del monte ketchup saus tomat sachet 24 x 8 g,False,True,Makan & Minum Harian,NEEDS,daily food,bad_product_name
alfagift,kebutuhan dapur,bahan masakan,Sajiku Bumbu Instan Nasi Goreng Pedas 20 g,2300.0,sajiku bumbu instan nasi goreng pedas 20 g,False,True,Makan & Minum Harian,NEEDS,daily food,bad_product_name
alfagift,kebutuhan dapur,bahan masakan,Uleg Sambal Terasi 10 x 17 g,16800.0,uleg sambal terasi 10 x 17 g,False,True,Makan & Minum Harian,NEEDS,daily food,bad_product_name
alfagift,kebutuhan dapur,bahan masakan,Mayumi Saus Mayones Original 100 g,8500.0,mayumi saus mayones original 100 g,False,True,Makan & Minum Harian,NEEDS,daily food,bad_product_name
alfagift,kebutuhan dapur,bahan masakan,Kobe Bumbu Aduk Nasi Uduk 3 x 15 g,7500.0,kobe bumbu aduk nasi uduk 3 x 15 g,False,True,Makan & Minum Harian,NEEDS,daily food,bad_product_name
alfagift,kebutuhan dapur,bahan masakan,Lee Kum Kee Saus Tiram Sachet 30 g,2600.0,lee kum kee saus tiram sachet 30 g,False,True,Makan & Minum Harian,NEEDS,daily food,bad_product_name
alfagift,kebutuhan dapur,bahan masakan,Masako Bumbu Kaldu Rasa Jamur Sachet 40 g,4300.0,masako bumbu kaldu rasa jamur sachet 40 g,False,True,Makan & Minum Harian,NEEDS,daily food,bad_product_name
alfagift,kebutuhan dapur,bahan masakan,Mayumi Saus Mayones Pedas 100 g,7000.0,mayumi saus mayones pedas 100 g,False,True,Makan & Minum Harian,NEEDS,daily food,bad_product_name
alfagift,kebutuhan dapur,bahan masakan,Indofood Racik Bumbu Instan Nasi Goreng Spesial Sosis 3 x 20 g,5900.0,indofood racik bumbu instan nasi goreng spesial sosis 3 x 20 g,False,True,Makan & Minum Harian,NEEDS,daily food,bad_product_name
alfagift,kebutuhan dapur,bahan masakan,ABC Sambal Asli Botol 130 ml,8200.0,abc sambal asli botol 130 ml,False,True,Makan & Minum Harian,NEEDS,daily food,bad_product_name
alfagift,kebutuhan dapur,bahan masakan,Indofood Racik Bumbu Instan Sayur Asem 33 g,2300.0,indofood racik bumbu instan sayur asem 33 g,False,True,Makan & Minum Harian,NEEDS,daily food,bad_product_name
alfagift,kebutuhan dapur,bahan masakan,Indofood Racik Bumbu Spesial Gulai 45 g,7100.0,indofood racik bumbu spesial gulai 45 g,False,True,Makan & Minum Harian,NEEDS,daily food,bad_product_name
alfagift,kebutuhan dapur,bahan masakan,ABC Sambal Extreme Pedas Botol 270 ml,17500.0,abc sambal extreme pedas botol 270 ml,False,True,Makan & Minum Harian,NEEDS,daily food,bad_product_name
alfagift,kebutuhan dapur,bahan masakan,Rasa Masa Bumbu Masak Instan Nusantara Opor Ayam 40 g,3900.0,rasa masa bumbu masak instan nusantara opor ayam 40 g,False,True,Makan & Minum Harian,NEEDS,daily food,bad_product_name
alfagift,kebutuhan dapur,bahan masakan,Indofood Sambal Ekstra Pedas Botol 335 ml,17400.0,indofood sambal ekstra pedas botol 335 ml,False,True,Makan & Minum Harian,NEEDS,daily food,bad_product_name
alfagift,kebutuhan dapur,bahan masakan,Sasa Saus Sambal Ekstra Pedas Sachet 24 pcs,6900.0,sasa saus sambal ekstra pedas sachet 24 pcs,False,True,Makan & Minum Harian,NEEDS,daily food,bad_product_name
alfagift,kebutuhan dapur,bahan masakan,Kobe Bumbu Aduk Nasi Kuning 3 x 15 g,7500.0,kobe bumbu aduk nasi kuning 3 x 15 g,False,True,Makan & Minum Harian,NEEDS,daily food,bad_product_name
alfagift,kebutuhan dapur,bahan masakan,Sasa Sambal Ekstra Pedas Botol 275 ml,16300.0,sasa sambal ekstra pedas botol 275 ml,False,True,Makan & Minum Harian,NEEDS,daily food,bad_product_name
alfagift,kebutuhan dapur,bahan masakan,ABC Nusantara Sambal Terasi 10 x 18 g,13500.0,abc nusantara sambal terasi 10 x 18 g,False,True,Makan & Minum Harian,NEEDS,daily food,bad_product_name
alfagift,kebutuhan dapur,bahan masakan,Indofood Racik Bumbu Spesial Kare 45 g,6800.0,indofood racik bumbu spesial kare 45 g,False,True,Makan & Minum Harian,NEEDS,daily food,bad_product_name
alfagift,kebutuhan dapur,bahan masakan,Saori Saus Oriental Saus Teriyaki Botol 135 ml,10900.0,saori saus oriental saus teriyaki botol 135 ml,False,True,Makan & Minum Harian,NEEDS,daily food,bad_product_name
alfagift,kebutuhan dapur,bahan masakan,Rasa Masa Bumbu Masak Instan Nusantara Gulai Ayam 40 g,3900.0,rasa masa bumbu masak instan nusantara gulai ayam 40 g,False,True,Makan & Minum Harian,NEEDS,daily food,bad_product_name
alfagift,kebutuhan dapur,bahan masakan,Alfamart Beras Merah 2 kg,44500.0,alfamart beras merah 2 kg,False,True,Makan & Minum Harian,NEEDS,daily food,bad_product_name
alfagift,kebutuhan dapur,bahan masakan,Kobe BonCabe Max End Sambal Tabur Level 50 Botol 30 g,16700.0,kobe boncabe max end sambal tabur level 50 botol 30 g,False,True,Makan & Minum Harian,NEEDS,daily food,bad_product_name
alfagift,kebutuhan dapur,bahan masakan,Saori Saus Oriental Saus Tiram 23 ml,3500.0,saori saus oriental saus tiram 23 ml,False,True,Makan & Minum Harian,NEEDS,daily food,bad_product_name
alfagift,kebutuhan dapur,bahan masakan,Indofood Sambal Bangkok Botol 335 ml,19000.0,indofood sambal bangkok botol 335 ml,False,True,Makan & Minum Harian,NEEDS,daily food,bad_product_name
alfagift,kebutuhan dapur,bahan masakan,Putri Batik Beras Premium 5 kg,,putri batik beras premium 5 kg,True,False,Makan & Minum Harian,NEEDS,daily food,bad_product_name
alfagift,kebutuhan dapur,bahan masakan,Befood Slyp Super Beras Premium 5 kg,74500.0,befood slyp super beras premium 5 kg,False,True,Makan & Minum Harian,NEEDS,daily food,bad_product_name
alfagift,kebutuhan dapur,bahan masakan,UN-GLU Beras M-400 5 kg,74500.0,un-glu beras m-400 5 kg,False,True,Makan & Minum Harian,NEEDS,daily food,bad_product_name
alfagift,kebutuhan dapur,bahan masakan,Fortune Beras Pulen Premium 5 kg,73500.0,fortune beras pulen premium 5 kg,False,True,Makan & Minum Harian,NEEDS,daily food,bad_product_name
alfagift,kebutuhan dapur,bahan masakan,Sumo Beras Pulen Fortifikasi Kemasan Merah 5 kg,90500.0,sumo beras pulen fortifikasi kemasan merah 5 kg,False,True,Makan & Minum Harian,NEEDS,daily food,bad_product_name
alfagift,kebutuhan dapur,bahan masakan,"Desaku Marinasi Bumbu Gorengan Tempe, Ikan & Ayam 100 g",14300.0,desaku marinasi bumbu gorengan tempe ikan & ayam 100 g,False,True,Makan & Minum Harian,NEEDS,daily food,bad_product_name
alfagift,kebutuhan dapur,bahan masakan,Indofood Sambal Pedas Botol 275 ml,13900.0,indofood sambal pedas botol 275 ml,False,True,Makan & Minum Harian,NEEDS,daily food,bad_product_name
alfagift,kebutuhan dapur,bahan masakan,Royco Saus Tiram Botol 275 ml,16000.0,royco saus tiram botol 275 ml,False,True,Makan & Minum Harian,NEEDS,daily food,bad_product_name
alfagift,kebutuhan dapur,bahan masakan,MamaSuka Delisaos Saus Sambal Pedas Hot Lava Botol 260 ml,15500.0,mamasuka delisaos saus sambal pedas hot lava botol 260 ml,False,True,Makan & Minum Harian,NEEDS,daily food,bad_product_name
alfagift,kebutuhan dapur,bahan masakan,Kobe BonCabe Sambal Tabur Level 30 Botol 40 g,13700.0,kobe boncabe sambal tabur level 30 botol 40 g,False,True,Makan & Minum Harian,NEEDS,daily food,bad_product_name
alfagift,kebutuhan dapur,bahan masakan,Kobe BonCabe Nori Sambal Tabur Level 2 20 g,13800.0,kobe boncabe nori sambal tabur level 2 20 g,False,True,Makan & Minum Harian,NEEDS,daily food,bad_product_name
alfagift,kebutuhan dapur,bahan masakan,bamboe Asia Bumbu Instan Tom Yum 60 g,15400.0,bamboe asia bumbu instan tom yum 60 g,False,True,Makan & Minum Harian,NEEDS,daily food,bad_product_name
alfagift,kebutuhan dapur,bahan masakan,ABC Sambal Asli Botol 335 ml,18700.0,abc sambal asli botol 335 ml,False,True,Makan & Minum Harian,NEEDS,daily food,bad_product_name
alfagift,kebutuhan dapur,bahan masakan,Indofood Sambal Ekstra Pedas Botol 135 ml,8100.0,indofood sambal ekstra pedas botol 135 ml,False,True,Makan & Minum Harian,NEEDS,daily food,bad_product_name
alfagift,kebutuhan dapur,bahan masakan,Del Monte Sambal Ekstra Pedas Botol 330 ml,14200.0,del monte sambal ekstra pedas botol 330 ml,False,True,Makan & Minum Harian,NEEDS,daily food,bad_product_name
alfagift,kebutuhan dapur,bahan masakan,Del Monte Sambal Ekstra Pedas 24 x 8 g,8300.0,del monte sambal ekstra pedas 24 x 8 g,False,True,Makan & Minum Harian,NEEDS,daily food,bad_product_name
alfagift,kebutuhan dapur,bahan masakan,Anak Ajaib Beras Premium 5 kg,,anak ajaib beras premium 5 kg,True,False,Makan & Minum Harian,NEEDS,daily food,bad_product_name
alfagift,kebutuhan dapur,bahan masakan,Elephas Maximus Beras Slyp 5 kg,,elephas maximus beras slyp 5 kg,True,False,Makan & Minum Harian,NEEDS,daily food,bad_product_name
alfagift,kebutuhan dapur,bahan masakan,Indofood Bumbu Tabur Serbaguna Keju 25 g,,indofood bumbu tabur serbaguna keju 25 g,True,False,Makan & Minum Harian,NEEDS,daily food,bad_product_name
alfagift,kebutuhan dapur,bahan masakan,Alfamart Beras Kepala 5 kg,,alfamart beras kepala 5 kg,True,False,Makan & Minum Harian,NEEDS,daily food,bad_product_name
alfagift,kebutuhan dapur,bahan masakan,Happy Sweet Gula Tebu Premium Bag 1 kg,,happy sweet gula tebu premium bag 1 kg,True,False,Makan & Minum Harian,NEEDS,daily food,bad_product_name
alfagift,kebutuhan dapur,bahan masakan,Asli Bali Bumbu Rujak Botol 320 ml,,asli bali bumbu rujak botol 320 ml,True,False,Makan & Minum Harian,NEEDS,daily food,bad_product_name
alfagift,kebutuhan dapur,bahan masakan,Lee Kum Kee Saus Barbekiu 240 g,,lee kum kee saus barbekiu 240 g,True,False,Makan & Minum Harian,NEEDS,daily food,bad_product_name
alfagift,kebutuhan dapur,bahan masakan,A'Fikri Sambal Dabu-Dabu Sagela 4 x 17 g,,a fikri sambal dabu-dabu sagela 4 x 17 g,True,False,Makan & Minum Harian,NEEDS,daily food,bad_product_name
alfagift,kebutuhan dapur,bahan masakan,Ceu Meti Sambal Obonk Cakalang 140 g,,ceu meti sambal obonk cakalang 140 g,True,False,Makan & Minum Harian,NEEDS,daily food,bad_product_name
alfagift,kebutuhan dapur,bahan masakan,Lee Kum Kee Saus Tiram Cap Panda Botol 510 g,,lee kum kee saus tiram cap panda botol 510 g,True,False,Makan & Minum Harian,NEEDS,daily food,bad_product_name
alfagift,kebutuhan dapur,bahan masakan,Mawar Melati Beras SLYP Super 10 kg,,mawar melati beras slyp super 10 kg,True,False,Makan & Minum Harian,NEEDS,daily food,bad_product_name
alfagift,kebutuhan dapur,bahan masakan,2 Jempol Beras SLYP Super 5 kg,,2 jempol beras slyp super 5 kg,True,False,Makan & Minum Harian,NEEDS,daily food,bad_product_name
alfagift,kebutuhan dapur,bahan masakan,Dua Merpati Beras 10 kg,,dua merpati beras 10 kg,True,False,Makan & Minum Harian,NEEDS,daily food,bad_product_name
alfagift,kebutuhan dapur,bahan masakan,Top Anak Raja Beras Pulen Pouch 5 kg,,top anak raja beras pulen pouch 5 kg,True,False,Makan & Minum Harian,NEEDS,daily food,bad_product_name
alfagift,kebutuhan dapur,bahan masakan,Harumas Beras Premium Pandan Wangi 10 kg,,harumas beras premium pandan wangi 10 kg,True,False,Makan & Minum Harian,NEEDS,daily food,bad_product_name
alfagift,kebutuhan dapur,bahan masakan,Raja Koki Beras Premium 5 kg,,raja koki beras premium 5 kg,True,False,Makan & Minum Harian,NEEDS,daily food,bad_product_name
alfagift,kebutuhan dapur,bahan masakan,169 Beras Super Premium 5 kg,,169 beras super premium 5 kg,True,False,Makan & Minum Harian,NEEDS,daily food,bad_product_name
alfagift,kebutuhan dapur,bahan masakan,Minang Raya Beras Slyp Super 5 kg,,minang raya beras slyp super 5 kg,True,False,Makan & Minum Harian,NEEDS,daily food,bad_product_name
alfagift,kebutuhan dapur,bahan masakan,Candi Mulyo Beras Premium 5 kg,,candi mulyo beras premium 5 kg,True,False,Makan & Minum Harian,NEEDS,daily food,bad_product_name
alfagift,kebutuhan dapur,bahan masakan,Bunaken Indah Beras Premium 10 kg,,bunaken indah beras premium 10 kg,True,False,Makan & Minum Harian,NEEDS,daily food,bad_product_name
alfagift,kebutuhan dapur,bahan masakan,Jawa Raya Beras Premium 5 kg,,jawa raya beras premium 5 kg,True,False,Makan & Minum Harian,NEEDS,daily food,bad_product_name
alfagift,kebutuhan dapur,bahan masakan,"Desaku Bumbu Balado 12,5 g",2800.0,desaku bumbu balado 12 5 g,False,True,Makan & Minum Harian,NEEDS,daily food,bad_product_name
alfagift,kebutuhan dapur,bahan masakan,ABC Saus Bumbu Kacang Serbaguna Pouch 60 g,5500.0,abc saus bumbu kacang serbaguna pouch 60 g,False,True,Makan & Minum Harian,NEEDS,daily food,bad_product_name
alfagift,kebutuhan dapur,bahan masakan,Sasa Tepung Bumbu Ayam Goreng Renyah 900 g,18900.0,sasa tepung bumbu ayam goreng renyah 900 g,False,True,Makan & Minum Harian,NEEDS,daily food,bad_product_name
alfagift,kebutuhan dapur,bahan masakan,Enak Eco Sambal Pecel Pedas 185 g,21200.0,enak eco sambal pecel pedas 185 g,False,True,Makan & Minum Harian,NEEDS,daily food,bad_product_name
alfagift,kebutuhan dapur,bahan masakan,Alfamart Beras Pandan Wangi 5 kg,115500.0,alfamart beras pandan wangi 5 kg,False,True,Makan & Minum Harian,NEEDS,daily food,bad_product_name
alfagift,kebutuhan dapur,bahan masakan,Lombok Kuning Sambal Simpati Botol 140 g,,lombok kuning sambal simpati botol 140 g,True,False,Makan & Minum Harian,NEEDS,daily food,bad_product_name
alfagift,kebutuhan dapur,bahan masakan,Alfamart Beras Pulen Wangi 5 kg,,alfamart beras pulen wangi 5 kg,True,False,Makan & Minum Harian,NEEDS,daily food,bad_product_name
alfagift,kebutuhan dapur,bahan masakan,Raja Banjar Sambal Acan Limau 125 g,,raja banjar sambal acan limau 125 g,True,False,Makan & Minum Harian,NEEDS,daily food,bad_product_name
alfagift,kebutuhan dapur,bahan masakan,Raja Banjar Sambal Acan Mangga 125 g,,raja banjar sambal acan mangga 125 g,True,False,Makan & Minum Harian,NEEDS,daily food,bad_product_name
alfagift,kebutuhan dapur,bahan masakan,Lawson Saus Odeng Pedas Sachet,,lawson saus odeng pedas sachet,True,False,Makan & Minum Harian,NEEDS,daily food,bad_product_name
alfagift,kebutuhan dapur,bahan masakan,Ibu Tuty Bumbu Pecel Madiun 200 g,,ibu tuty bumbu pecel madiun 200 g,True,False,Makan & Minum Harian,NEEDS,daily food,bad_product_name
alfagift,kebutuhan dapur,bahan masakan,Cap Kolam Ikan Beras Ungu 5 kg,,cap kolam ikan beras ungu 5 kg,True,False,Makan & Minum Harian,NEEDS,daily food,bad_product_name
alfagift,kebutuhan dapur,bahan masakan,Alfamart Food Station Beras Merah 2 kg,,alfamart food station beras merah 2 kg,True,False,Makan & Minum Harian,NEEDS,daily food,bad_product_name
alfagift,kebutuhan dapur,bahan masakan,Flimrice Beras Shirataki 1 kg,183500.0,flimrice beras shirataki 1 kg,False,True,Makan & Minum Harian,NEEDS,daily food,bad_product_name
alfagift,kebutuhan dapur,bahan masakan,Heinz Saus Tomat Botol 325 g,15900.0,heinz saus tomat botol 325 g,False,True,Makan & Minum Harian,NEEDS,daily food,bad_product_name
alfagift,kebutuhan dapur,bahan masakan,Koepoe Koepoe Daun Oregano Bumbu Dapur Botol 42 g,14900.0,koepoe koepoe daun oregano bumbu dapur botol 42 g,False,True,Makan & Minum Harian,NEEDS,daily food,bad_product_name
alfagift,kebutuhan dapur,bahan masakan,ABC Sambal Asli 1 kg,22900.0,abc sambal asli 1 kg,False,True,Makan & Minum Harian,NEEDS,daily food,bad_product_name
alfagift,kebutuhan dapur,bahan masakan,ABC Sambal Extra Pedas 950 g,22900.0,abc sambal extra pedas 950 g,False,True,Makan & Minum Harian,NEEDS,daily food,bad_product_name
alfagift,kebutuhan dapur,bahan masakan,Koepoe Koepoe Lada Hitam Bubuk Bumbu Dapur 83 g,18900.0,koepoe koepoe lada hitam bubuk bumbu dapur 83 g,False,True,Makan & Minum Harian,NEEDS,daily food,bad_product_name
alfagift,kebutuhan dapur,bahan masakan,Fukumi Beras Porang Konjac Pouch 1 kg,188900.0,fukumi beras porang konjac pouch 1 kg,False,True,Makan & Minum Harian,NEEDS,daily food,bad_product_name
alfagift,kebutuhan dapur,bahan masakan,Lobo Bumbu Pasta Tom Yum 30 g,10900.0,lobo bumbu pasta tom yum 30 g,False,True,Makan & Minum Harian,NEEDS,daily food,bad_product_name
alfagift,kebutuhan dapur,bahan masakan,Dua Belibis Saus Cabai Sachet Bag 24 x 8 g,9900.0,dua belibis saus cabai sachet bag 24 x 8 g,False,True,Makan & Minum Harian,NEEDS,daily food,bad_product_name
alfagift,kebutuhan dapur,bahan masakan,ABC Sambal Asli Pouch 380 g,15900.0,abc sambal asli pouch 380 g,False,True,Makan & Minum Harian,NEEDS,daily food,bad_product_name
alfagift,kebutuhan dapur,bahan masakan,Tudung Bumbu Nasi Kuning 55 g,12900.0,tudung bumbu nasi kuning 55 g,False,True,Makan & Minum Harian,NEEDS,daily food,bad_product_name
alfagift,kebutuhan dapur,bahan masakan,Tudung Bumbu Nasi Uduk 55 g,12900.0,tudung bumbu nasi uduk 55 g,False,True,Makan & Minum Harian,NEEDS,daily food,bad_product_name
alfagift,kebutuhan dapur,bahan masakan,Tudung Tepung Bumbu Cireng 100 g,7900.0,tudung tepung bumbu cireng 100 g,False,True,Makan & Minum Harian,NEEDS,daily food,bad_product_name
alfagift,kebutuhan dapur,bahan masakan,Royco Bumbu Instan Opor Ayam 45 g,5500.0,royco bumbu instan opor ayam 45 g,False,True,Makan & Minum Harian,NEEDS,daily food,bad_product_name
alfagift,kebutuhan dapur,bahan masakan,Royco Bumbu Instan Soto Ayam 40 g,5500.0,royco bumbu instan soto ayam 40 g,False,True,Makan & Minum Harian,NEEDS,daily food,bad_product_name
alfagift,kebutuhan dapur,bahan masakan,Lee Kum Kee Saus Tiram Cap Panda Botol 255 g,24900.0,lee kum kee saus tiram cap panda botol 255 g,False,True,Makan & Minum Harian,NEEDS,daily food,bad_product_name
alfagift,kebutuhan dapur,bahan masakan,MamaSuka Delisaos Bumbu Pasta Instan Gochujang Pedas 200 g,15500.0,mamasuka delisaos bumbu pasta instan gochujang pedas 200 g,False,True,Makan & Minum Harian,NEEDS,daily food,bad_product_name
alfagift,kebutuhan dapur,bahan masakan,Lee Kum Kee Saus Tiram Jamur Botol 510 ml,52900.0,lee kum kee saus tiram jamur botol 510 ml,False,True,Makan & Minum Harian,NEEDS,daily food,bad_product_name
alfagift,kebutuhan dapur,bahan masakan,Kikkoman Saus Bulgogi Botol 300 g,23900.0,kikkoman saus bulgogi botol 300 g,False,True,Makan & Minum Harian,NEEDS,daily food,bad_product_name
alfagift,kebutuhan dapur,bahan masakan,Lee Kum Kee Saus Seafood Botol 410 ml,40900.0,lee kum kee saus seafood botol 410 ml,False,True,Makan & Minum Harian,NEEDS,daily food,bad_product_name
alfagift,kebutuhan dapur,bahan masakan,Del Monte Saus Barbekiu Refill 1 kg,34900.0,del monte saus barbekiu refill 1 kg,False,True,Makan & Minum Harian,NEEDS,daily food,bad_product_name
alfagift,kebutuhan dapur,bahan masakan,Del Monte Saus Barbekiu Korea Refill 250 g,10900.0,del monte saus barbekiu korea refill 250 g,False,True,Makan & Minum Harian,NEEDS,daily food,bad_product_name
alfagift,kebutuhan dapur,bahan masakan,Anak Raja Beras Pulen Pouch 1 kg,19500.0,anak raja beras pulen pouch 1 kg,False,True,Makan & Minum Harian,NEEDS,daily food,bad_product_name
alfagift,kebutuhan dapur,bahan masakan,Lee Kum Kee Saus Tiram Cap Panda Botol 770 g,63900.0,lee kum kee saus tiram cap panda botol 770 g,False,True,Makan & Minum Harian,NEEDS,daily food,bad_product_name
alfagift,kebutuhan dapur,bahan masakan,Finna Saus Sambal Ekstra Pedas Botol 340 ml,13900.0,finna saus sambal ekstra pedas botol 340 ml,False,True,Makan & Minum Harian,NEEDS,daily food,bad_product_name
alfagift,kebutuhan dapur,bahan masakan,Finna Saus untuk Ayam Goreng Botol 340 ml,19000.0,finna saus untuk ayam goreng botol 340 ml,False,True,Makan & Minum Harian,NEEDS,daily food,bad_product_name
alfagift,kebutuhan dapur,bahan masakan,Maggi Seasoning Bumbu Masak Botol 100 ml,17500.0,maggi seasoning bumbu masak botol 100 ml,False,True,Makan & Minum Harian,NEEDS,daily food,bad_product_name
alfagift,kebutuhan dapur,bahan masakan,Tropicana Slim Beras Merah Organik 1 kg,49900.0,tropicana slim beras merah organik 1 kg,False,True,Makan & Minum Harian,NEEDS,daily food,bad_product_name
alfagift,kebutuhan dapur,bahan masakan,Kobe Tepung Bumbu Kentucky Super Crispy 850 g,25900.0,kobe tepung bumbu kentucky super crispy 850 g,False,True,Makan & Minum Harian,NEEDS,daily food,bad_product_name
alfagift,kebutuhan dapur,bahan masakan,Mahsuri Saus Gurih Asam Manis Botol 265 g,22900.0,mahsuri saus gurih asam manis botol 265 g,False,True,Makan & Minum Harian,NEEDS,daily food,bad_product_name
alfagift,kebutuhan dapur,bahan masakan,Tropicana Slim Extra Virgin Olive Oil 500 ml,169900.0,tropicana slim extra virgin olive oil 500 ml,False,True,Makan & Minum Harian,NEEDS,daily food,bad_product_name
alfagift,kebutuhan dapur,bahan masakan,Kikkoman Saus Teriyaki Bawang Botol 300 g,21000.0,kikkoman saus teriyaki bawang botol 300 g,False,True,Makan & Minum Harian,NEEDS,daily food,bad_product_name
alfagift,kebutuhan dapur,bahan masakan,Kikkoman Saus Pedas ala Korea Gochujang Botol 300 g,23000.0,kikkoman saus pedas ala korea gochujang botol 300 g,False,True,Makan & Minum Harian,NEEDS,daily food,bad_product_name
alfagift,kebutuhan dapur,bahan masakan,Sedaap Kecap Manis Pouch 1 kg,25900.0,sedaap kecap manis pouch 1 kg,False,True,Makan & Minum Harian,NEEDS,daily food,bad_product_name
alfagift,kebutuhan dapur,bahan masakan,Masako Light Bumbu Kaldu Penyedap Rasa Ayam 50 g,4500.0,masako light bumbu kaldu penyedap rasa ayam 50 g,False,True,Makan & Minum Harian,NEEDS,daily food,bad_product_name
alfagift,kebutuhan dapur,bahan masakan,Mayumi Saus Salad Buah 70 g,5900.0,mayumi saus salad buah 70 g,False,True,Makan & Minum Harian,NEEDS,daily food,bad_product_name
alfagift,kebutuhan dapur,bahan masakan,Little Dragon Sambal Bawang Box 10 x 8 g,20900.0,little dragon sambal bawang box 10 x 8 g,False,True,Makan & Minum Harian,NEEDS,daily food,bad_product_name
alfagift,kebutuhan dapur,bahan masakan,Little Dragon Sambal Terasi Box 10 x 8 g,20900.0,little dragon sambal terasi box 10 x 8 g,False,True,Makan & Minum Harian,NEEDS,daily food,bad_product_name
alfagift,kebutuhan dapur,bahan masakan,Lee Kum Kee Bumbu Instan Saus Kung Pao 100 g,29900.0,lee kum kee bumbu instan saus kung pao 100 g,False,True,Makan & Minum Harian,NEEDS,daily food,bad_product_name
alfagift,kebutuhan dapur,bahan masakan,Lee Kum Kee Bumbu Instan Nasi Ayam Hainan 100 g,29500.0,lee kum kee bumbu instan nasi ayam hainan 100 g,False,True,Makan & Minum Harian,NEEDS,daily food,bad_product_name
alfagift,kebutuhan dapur,bahan masakan,Kikkoman Saus Barbekiu Botol 300 g,23000.0,kikkoman saus barbekiu botol 300 g,False,True,Makan & Minum Harian,NEEDS,daily food,bad_product_name
alfagift,kebutuhan dapur,bahan masakan,Kikkoman Saus Teriyaki Lada Hitam Botol 300 g,19900.0,kikkoman saus teriyaki lada hitam botol 300 g,False,True,Makan & Minum Harian,NEEDS,daily food,bad_product_name
alfagift,kebutuhan dapur,bahan masakan,Sasa Saus Sambal Asli Refill 950 g,21000.0,sasa saus sambal asli refill 950 g,False,True,Makan & Minum Harian,NEEDS,daily food,bad_product_name
alfagift,kebutuhan dapur,bahan masakan,Sasa Saus Tomat Refill 950 g,18000.0,sasa saus tomat refill 950 g,False,True,Makan & Minum Harian,NEEDS,daily food,bad_product_name
alfagift,kebutuhan dapur,bahan masakan,Anak Raja Beras Setra Ramos 5 kg,74500.0,anak raja beras setra ramos 5 kg,False,True,Makan & Minum Harian,NEEDS,daily food,bad_product_name
alfagift,kebutuhan dapur,bahan masakan,Saori Saus Oriental Saus Teriyaki Botol 1 L,52500.0,saori saus oriental saus teriyaki botol 1 l,False,True,Makan & Minum Harian,NEEDS,daily food,bad_product_name
alfagift,kebutuhan dapur,bahan masakan,Mayumi Saus Mayones Original 1 kg,57500.0,mayumi saus mayones original 1 kg,False,True,Makan & Minum Harian,NEEDS,daily food,bad_product_name
alfagift,kebutuhan dapur,bahan masakan,Kobe Bumbu Aduk Nasi Bebek Hitam 3 x 20 g,6500.0,kobe bumbu aduk nasi bebek hitam 3 x 20 g,False,True,Makan & Minum Harian,NEEDS,daily food,bad_product_name
alfagift,kebutuhan dapur,bahan masakan,Kobe Bumbu Aduk Nasi Rendang 3 x 20 g,6500.0,kobe bumbu aduk nasi rendang 3 x 20 g,False,True,Makan & Minum Harian,NEEDS,daily food,bad_product_name
alfagift,kebutuhan dapur,bahan masakan,Del Monte Saus Pasta Carbonara Jamur 180 g,17500.0,del monte saus pasta carbonara jamur 180 g,False,True,Makan & Minum Harian,NEEDS,daily food,bad_product_name
alfagift,kebutuhan dapur,bahan masakan,Del Monte Saus Pasta Carbonara 180 g,17500.0,del monte saus pasta carbonara 180 g,False,True,Makan & Minum Harian,NEEDS,daily food,bad_product_name
alfagift,kebutuhan dapur,bahan masakan,Tropicana Slim Beras Porang Instan 1 kg,204900.0,tropicana slim beras porang instan 1 kg,False,True,Makan & Minum Harian,NEEDS,daily food,bad_product_name
alfagift,kebutuhan dapur,bahan masakan,Jay's Kitchen Bumbu Bawang Putih untuk Roti 20 g,16900.0,jay s kitchen bumbu bawang putih,False,True,Makan & Minum Harian,NEEDS,daily food,bad_product_name
alfagift,kebutuhan dapur,bahan masakan,Jay's Kitchen Bumbu Penyedap Serbaguna 18 g,11900.0,jay s kitchen bumbu penyedap serbaguna 18 g,False,True,Makan & Minum Harian,NEEDS,daily food,bad_product_name
alfagift,kebutuhan dapur,bahan masakan,Uleg Sambal Terasi 500 g,35900.0,uleg sambal terasi 500 g,False,True,Makan & Minum Harian,NEEDS,daily food,bad_product_name
alfagift,kebutuhan dapur,bahan masakan,Topi Koki Beras Fortifikasi Kristal 5 kg,116500.0,topi koki beras fortifikasi kristal 5 kg,False,True,Makan & Minum Harian,NEEDS,daily food,bad_product_name
alfagift,kebutuhan dapur,bahan masakan,Topi Koki Beras Fortifikasi Heritage 5 kg,137500.0,topi koki beras fortifikasi heritage 5 kg,False,True,Makan & Minum Harian,NEEDS,daily food,bad_product_name
alfagift,kebutuhan dapur,bahan masakan,Royco Bumbu Kaldu Penyedap Rasa Ikan 36 g,2400.0,royco bumbu kaldu penyedap rasa ikan 36 g,False,True,Makan & Minum Harian,NEEDS,daily food,bad_product_name
alfagift,kebutuhan dapur,bahan masakan,Lee Kum Kee Bumbu Instan Nasi Goreng Oriental 120 g,29500.0,lee kum kee bumbu instan nasi goreng oriental 120 g,False,True,Makan & Minum Harian,NEEDS,daily food,bad_product_name
alfagift,kebutuhan dapur,bahan masakan,Lee Kum Kee Saus Tiram Kum Chun 510 g,36500.0,lee kum kee saus tiram kum chun 510 g,False,True,Makan & Minum Harian,NEEDS,daily food,bad_product_name
alfagift,kebutuhan dapur,bahan masakan,MamaSuka Delisaos Saus Pedas Ayam Korea Honey Original 320 g,17000.0,mamasuka delisaos saus pedas ayam korea honey original 320 g,False,True,Makan & Minum Harian,NEEDS,daily food,bad_product_name
alfagift,kebutuhan dapur,bahan masakan,MamaSuka Delisaos Saus Pedas Ayam Korea Honey Garlic 320 g,17000.0,mamasuka delisaos saus pedas ayam korea honey garlic 320 g,False,True,Makan & Minum Harian,NEEDS,daily food,bad_product_name
alfagift,kebutuhan dapur,bahan masakan,Kananori Bumbu Tabur Rumput Laut Rasa Teri 30 g,15900.0,kananori bumbu tabur rumput laut rasa teri 30 g,False,True,Makan & Minum Harian,NEEDS,daily food,bad_product_name
alfagift,kebutuhan dapur,bahan masakan,Kananori Bumbu Tabur Rumput Laut Rasa Cakalang 30 g,15900.0,kananori bumbu tabur rumput laut rasa cakalang 30 g,False,True,Makan & Minum Harian,NEEDS,daily food,bad_product_name
alfagift,kebutuhan dapur,bahan masakan,Kananori Bumbu Tabur Rumput Laut Rasa Wijen 30 g,15900.0,kananori bumbu tabur rumput laut rasa wijen 30 g,False,True,Makan & Minum Harian,NEEDS,daily food,bad_product_name
alfagift,kebutuhan dapur,bahan masakan,Nature Beras Cokelat Organik 1 kg,29900.0,nature beras cokelat organik 1 kg,False,True,Makan & Minum Harian,NEEDS,daily food,bad_product_name
alfagift,kebutuhan dapur,bahan masakan,Nature Beras Putih Organik 1 kg,29900.0,nature beras putih organik 1 kg,False,True,Makan & Minum Harian,NEEDS,daily food,bad_product_name
alfagift,kebutuhan dapur,bahan masakan,Nature Beras Pandan Wangi Organik 2 kg,64900.0,nature beras pandan wangi organik 2 kg,False,True,Makan & Minum Harian,NEEDS,daily food,bad_product_name
alfagift,kebutuhan dapur,bahan masakan,Lee Kum Kee Saus Cabai dengan Bawang Putih 226 g,42900.0,lee kum kee saus cabai,False,True,Makan & Minum Harian,NEEDS,daily food,bad_product_name
alfagift,kebutuhan dapur,bahan masakan,Royco Bumbu Instan Rendang 45 g,5900.0,royco bumbu instan rendang 45 g,False,True,Makan & Minum Harian,NEEDS,daily food,bad_product_name
alfagift,kebutuhan dapur,bahan masakan,Royco Bumbu Penyedap Rasa Kaldu Ayam 220 g,9400.0,royco bumbu penyedap rasa kaldu ayam 220 g,False,True,Makan & Minum Harian,NEEDS,daily food,bad_product_name
alfagift,kebutuhan dapur,bahan masakan,Royco Bumbu Kaldu Penyedap Rasa Sapi 220 g,9400.0,royco bumbu kaldu penyedap rasa sapi 220 g,False,True,Makan & Minum Harian,NEEDS,daily food,bad_product_name
alfagift,kebutuhan dapur,bahan masakan,Rose Brand Gula Pasir Tebu Kuning 1 kg,17500.0,rose brand gula pasir tebu kuning 1 kg,False,True,Makan & Minum Harian,NEEDS,daily food,bad_product_name
alfagift,kebutuhan dapur,bahan masakan,Indofood Racik Bumbu Spesial Soto Ayam 45 g,7200.0,indofood racik bumbu spesial soto ayam 45 g,False,True,Makan & Minum Harian,NEEDS,daily food,bad_product_name
alfagift,kebutuhan dapur,bahan masakan,Ajinomoto Bumbu Penyedap Umami 90 g,5000.0,ajinomoto bumbu penyedap umami 90 g,False,True,Makan & Minum Harian,NEEDS,daily food,bad_product_name
alfagift,kebutuhan dapur,bahan masakan,bamboe Bumbu Instan Rawon 54 g,12500.0,bamboe bumbu instan rawon 54 g,False,True,Makan & Minum Harian,NEEDS,daily food,bad_product_name
alfagift,kebutuhan dapur,bahan masakan,MamaSuka Delisaos Saus Bulgogi Botol 260 ml,17700.0,mamasuka delisaos saus bulgogi botol 260 ml,False,True,Makan & Minum Harian,NEEDS,daily food,bad_product_name
alfagift,kebutuhan dapur,bahan masakan,ABC Saus Bumbu Kacang Serbaguna 180 g,16000.0,abc saus bumbu kacang serbaguna 180 g,False,True,Makan & Minum Harian,NEEDS,daily food,bad_product_name
alfagift,kebutuhan dapur,bahan masakan,Topi Koki Beras Setra Royale 5 kg,92600.0,topi koki beras setra royale 5 kg,False,True,Makan & Minum Harian,NEEDS,daily food,bad_product_name
alfagift,kebutuhan dapur,bahan masakan,Indofood Bumbu Tabur Serbaguna Barbekiu 25 g,,indofood bumbu tabur serbaguna barbekiu 25 g,True,False,Makan & Minum Harian,NEEDS,daily food,bad_product_name
alfagift,kebutuhan dapur,bahan masakan,Food Station Setra Ramos Beras Premium 5 kg,,food station setra ramos beras premium 5 kg,True,False,Makan & Minum Harian,NEEDS,daily food,bad_product_name
alfagift,kebutuhan dapur,bahan masakan,Cap Gunung Emas Beras Kotamobagu 5 kg,,cap gunung emas beras kotamobagu 5 kg,True,False,Makan & Minum Harian,NEEDS,daily food,bad_product_name
alfagift,kebutuhan dapur,bahan masakan,Alfamart Beras Merah Lokal 2 kg,,alfamart beras merah lokal 2 kg,True,False,Makan & Minum Harian,NEEDS,daily food,bad_product_name
alfagift,kebutuhan dapur,bahan masakan,Bunaken Indah Beras Premium 5 kg,,bunaken indah beras premium 5 kg,True,False,Makan & Minum Harian,NEEDS,daily food,bad_product_name
alfagift,kebutuhan dapur,bahan masakan,Gudang Berkah Beras Kotamobagu 5 kg,,gudang berkah beras kotamobagu 5 kg,True,False,Makan & Minum Harian,NEEDS,daily food,bad_product_name
alfagift,kebutuhan dapur,bahan masakan,Befood Punokawan Beras Premium 5 kg,,befood punokawan beras premium 5 kg,True,False,Makan & Minum Harian,NEEDS,daily food,bad_product_name
alfagift,kebutuhan dapur,bahan masakan,Dua Belibis Saus Cabai Refill 1 kg,32500.0,dua belibis saus cabai refill 1 kg,False,True,Makan & Minum Harian,NEEDS,daily food,bad_product_name
alfagift,kebutuhan dapur,bahan masakan,Saori Saus Oriental Saus Tiram Botol 1 L,51900.0,saori saus oriental saus tiram botol 1 l,False,True,Makan & Minum Harian,NEEDS,daily food,bad_product_name
alfagift,kebutuhan dapur,bahan masakan,"Desaku Bumbu Sambal Goreng 12,5 g",2800.0,desaku bumbu sambal goreng 12 5 g,False,True,Makan & Minum Harian,NEEDS,daily food,bad_product_name
alfagift,kebutuhan dapur,bahan masakan,Del Monte Saus Lada Hitam Refill 250 g,10900.0,del monte saus lada hitam refill 250 g,False,True,Makan & Minum Harian,NEEDS,daily food,bad_product_name
alfagift,kebutuhan dapur,bahan masakan,Bumboo Bumbu Keju 75 g,34500.0,bumboo bumbu keju 75 g,False,True,Makan & Minum Harian,NEEDS,daily food,bad_product_name
alfagift,kebutuhan dapur,bahan masakan,Bumbu Bunda Minyak Kelapa 500 ml,65900.0,bumbu bunda minyak kelapa 500 ml,False,True,Makan & Minum Harian,NEEDS,daily food,bad_product_name
alfagift,kebutuhan dapur,bahan masakan,Bumbu Bunda Elia BB Booster Minyak Lemak Sapi 100 ml,29900.0,bumbu bunda elia bb booster minyak lemak sapi 100 ml,False,True,Makan & Minum Harian,NEEDS,daily food,bad_product_name
alfagift,kebutuhan dapur,bahan masakan,Bumbu Bunda Santan Kelapa Bubuk 50 g,41900.0,bumbu bunda santan kelapa bubuk 50 g,False,True,Makan & Minum Harian,NEEDS,daily food,bad_product_name
alfagift,kebutuhan dapur,bahan masakan,Tudung Tepung Bumbu Perkedel 50 g,4900.0,tudung tepung bumbu perkedel 50 g,False,True,Makan & Minum Harian,NEEDS,daily food,bad_product_name
alfagift,kebutuhan dapur,bahan masakan,Topi Koki Beras Long Grain Kristal 2.5 kg,58900.0,topi koki beras long grain kristal 2.5 kg,False,True,Makan & Minum Harian,NEEDS,daily food,bad_product_name
alfagift,kebutuhan dapur,bahan masakan,"Desaku Bumbu Kari 12,5 g",2800.0,desaku bumbu kari 12 5 g,False,True,Makan & Minum Harian,NEEDS,daily food,bad_product_name
alfagift,kebutuhan dapur,bahan masakan,Grouu Bumbu Kaldu Ayam Anak 90 g,21500.0,grouu bumbu kaldu ayam anak 90 g,False,True,Makan & Minum Harian,NEEDS,daily food,bad_product_name
alfagift,kebutuhan dapur,bahan masakan,Grouu Bumbu Kaldu Sapi Anak 90 g,21500.0,grouu bumbu kaldu sapi anak 90 g,False,True,Makan & Minum Harian,NEEDS,daily food,bad_product_name
alfagift,kebutuhan dapur,bahan masakan,Grouu Bumbu Santan Kelapa Anak 50 g,15900.0,grouu bumbu santan kelapa anak 50 g,False,True,Makan & Minum Harian,NEEDS,daily food,bad_product_name
alfagift,kebutuhan dapur,bahan masakan,Grouu Bumbu Keju Anak 85 g,17500.0,grouu bumbu keju anak 85 g,False,True,Makan & Minum Harian,NEEDS,daily food,bad_product_name
alfagift,kebutuhan dapur,bahan masakan,"Desaku Bumbu Gulai Padang 12,5 g",2800.0,desaku bumbu gulai padang 12 5 g,False,True,Makan & Minum Harian,NEEDS,daily food,bad_product_name
alfagift,kebutuhan dapur,bahan masakan,Dua Belibis Saus Cabai Botol 650 g,26900.0,dua belibis saus cabai botol 650 g,False,True,Makan & Minum Harian,NEEDS,daily food,bad_product_name
alfagift,kebutuhan dapur,bahan masakan,Maestro Mayones Refill 1 kg,30900.0,maestro mayones refill 1 kg,False,True,Makan & Minum Harian,NEEDS,daily food,bad_product_name
alfagift,kebutuhan dapur,bahan masakan,"Desaku Bumbu Opor 12,5 g",2800.0,desaku bumbu opor 12 5 g,False,True,Makan & Minum Harian,NEEDS,daily food,bad_product_name
alfagift,kebutuhan dapur,bahan masakan,Kobe Selera Bumbu Instan Opor Ayam 75 g,3000.0,kobe selera bumbu instan opor ayam 75 g,False,True,Makan & Minum Harian,NEEDS,daily food,bad_product_name
alfagift,kebutuhan dapur,bahan masakan,Mahsuri Saus Cabe Botol 235 g,9900.0,mahsuri saus cabe botol 235 g,False,True,Makan & Minum Harian,NEEDS,daily food,bad_product_name
alfagift,kebutuhan dapur,bahan masakan,Kobe Selera Bumbu Instan Soto Ayam 75 g,3000.0,kobe selera bumbu instan soto ayam 75 g,False,True,Makan & Minum Harian,NEEDS,daily food,bad_product_name
alfagift,kebutuhan dapur,bahan masakan,Bumbu Bunda Elia BB Booster Minyak Lemak Ayam 100 ml,29900.0,bumbu bunda elia bb booster minyak lemak ayam 100 ml,False,True,Makan & Minum Harian,NEEDS,daily food,bad_product_name
alfagift,kebutuhan dapur,bahan masakan,Bumboo Bumbu Kaldu Jamur 75 g,32900.0,bumboo bumbu kaldu jamur 75 g,False,True,Makan & Minum Harian,NEEDS,daily food,bad_product_name
alfagift,kebutuhan dapur,bahan masakan,Alfamart Beras Pandan Wangi 5 kg,115500.0,alfamart beras pandan wangi 5 kg,False,True,Makan & Minum Harian,NEEDS,daily food,bad_product_name
alfagift,kebutuhan dapur,bahan masakan,Koepoe Koepoe Daun Parsley Bumbu Dapur Botol 19 g,10900.0,koepoe koepoe daun parsley bumbu dapur botol 19 g,False,True,Makan & Minum Harian,NEEDS,daily food,bad_product_name
alfagift,kebutuhan dapur,bahan masakan,Anak Raja Beras Organik Aromatik 5 kg,129000.0,anak raja beras organik aromatik 5 kg,False,True,Makan & Minum Harian,NEEDS,daily food,bad_product_name
alfagift,kebutuhan dapur,bahan masakan,Kobe Tepung Bumbu Kentucky Super Crispy 850 g,25900.0,kobe tepung bumbu kentucky super crispy 850 g,False,True,Makan & Minum Harian,NEEDS,daily food,bad_product_name
alfagift,kebutuhan dapur,bahan masakan,Dua Belibis Saus Tomat Refill 1 kg,17900.0,dua belibis saus tomat refill 1 kg,False,True,Makan & Minum Harian,NEEDS,daily food,bad_product_name
alfagift,kebutuhan dapur,bahan masakan,Bango Kecap Manis Refill 1.5 kg,49900.0,bango kecap manis refill 1.5 kg,False,True,Makan & Minum Harian,NEEDS,daily food,bad_product_name
alfagift,kebutuhan dapur,bahan masakan,Topi Koki Beras Fortifikasi Kristal 5 kg,116500.0,topi koki beras fortifikasi kristal 5 kg,False,True,Makan & Minum Harian,NEEDS,daily food,bad_product_name
alfagift,kebutuhan dapur,bahan masakan,Koepoe Koepoe Lada Hitam Bubuk Bumbu Dapur 83 g,18900.0,koepoe koepoe lada hitam bubuk bumbu dapur 83 g,False,True,Makan & Minum Harian,NEEDS,daily food,bad_product_name
alfagift,kebutuhan dapur,bahan roti & kue,Sasa Tepung Bumbu Pisang Goreng Vanila 210 g,7700.0,sasa tepung bumbu pisang goreng vanila 210 g,False,True,Makan & Minum Harian,NEEDS,daily food,bad_product_name
alfagift,kebutuhan dapur,bahan roti & kue,Kunci Biru Tepung Terigu 1 kg,14200.0,kunci biru tepung terigu 1 kg,False,True,Makan & Minum Harian,NEEDS,daily food,bad_product_name
alfagift,kebutuhan dapur,bahan roti & kue,Segitiga Biru Tepung Terigu 1 kg,14900.0,segitiga biru tepung terigu 1 kg,False,True,Makan & Minum Harian,NEEDS,daily food,bad_product_name
alfagift,kebutuhan dapur,bahan roti & kue,Sania Tepung Terigu Serbaguna 1 kg,13700.0,sania tepung terigu serbaguna 1 kg,False,True,Makan & Minum Harian,NEEDS,daily food,bad_product_name
alfagift,kebutuhan dapur,bahan roti & kue,Kompas Tepung Terigu Serbaguna Premium 1 kg,,kompas tepung terigu serbaguna premium 1 kg,True,False,Makan & Minum Harian,NEEDS,daily food,bad_product_name
alfagift,kebutuhan dapur,bahan roti & kue,Colatta Glaze Topping & Dekorasi Tiramisu 250 g,21500.0,colatta glaze topping & dekorasi tiramisu 250 g,False,True,Makan & Minum Harian,NEEDS,daily food,bad_product_name
alfagift,kebutuhan dapur,bahan roti & kue,Colatta Glaze Topping & Dekorasi Dark Cokelat 250 g,22000.0,colatta glaze topping & dekorasi dark cokelat 250 g,False,True,Makan & Minum Harian,NEEDS,daily food,bad_product_name
alfagift,kebutuhan dapur,bahan roti & kue,OREO Cookie Crumb Original 1 kg,79000.0,oreo cookie crumb original 1 kg,False,True,Makan & Minum Harian,NEEDS,daily food,bad_product_name
alfagift,kebutuhan ibu & anak,makanan bayi & anak,Bumbu Bunda Elia BB Booster Nasi Instan Chicken Salmon 200 g,51900.0,bumbu bunda elia bb booster nasi instan chicken salmon 200 g,False,True,Makan & Minum Harian,NEEDS,daily food,bad_product_name
alfagift,kebutuhan ibu & anak,makanan bayi & anak,Bumbu Bunda Elia Saus Tiram 150 ml,24900.0,bumbu bunda elia saus tiram 150 ml,False,True,Makan & Minum Harian,NEEDS,daily food,bad_product_name
alfagift,kebutuhan ibu & anak,makanan bayi & anak,Little Joy Bumbu Tabur MPASI Red Bean Cheese & Beef Sachet 10 x 2.2 g,20400.0,little joy bumbu tabur mpasi red bean cheese & beef sachet 10 x 2.2 g,False,True,Makan & Minum Harian,NEEDS,daily food,bad_product_name
alfagift,kebutuhan ibu & anak,makanan bayi & anak,Little Joy Bumbu Tabur MPASI with Egg Salmon & Seaweed Sachet 10 x 2.2 g,24000.0,little joy bumbu tabur mpasi with egg salmon & seaweed sachet 10 x 2.2 g,False,True,Makan & Minum Harian,NEEDS,daily food,bad_product_name
alfagift,kebutuhan ibu & anak,makanan bayi & anak,Noolie Makanan Suplemen Anak Freeze Dried Vegetable Cake 31 g,86900.0,noolie makanan suplemen anak freeze dried vegetable cake 31 g,False,True,Makan & Minum Harian,NEEDS,daily food,bad_product_name
alfagift,kebutuhan ibu & anak,makanan bayi & anak,Bumbu Bunda Elia BB Booster Nasi Instan Beef Salmon 200 g,51900.0,bumbu bunda elia bb booster nasi instan beef salmon 200 g,False,True,Makan & Minum Harian,NEEDS,daily food,bad_product_name
alfagift,kebutuhan ibu & anak,makanan bayi & anak,Bumbu Bunda Elia Bumbu Kaldu Ayam Kampung 50 g,59900.0,bumbu bunda elia bumbu kaldu ayam kampung 50 g,False,True,Makan & Minum Harian,NEEDS,daily food,bad_product_name
alfagift,kebutuhan ibu & anak,makanan bayi & anak,Bumbu Bunda Elia BB Booster Nasi Instan Beef Steak 200 g,51900.0,bumbu bunda elia bb booster nasi instan beef steak 200 g,False,True,Makan & Minum Harian,NEEDS,daily food,bad_product_name
alfagift,kebutuhan ibu & anak,makanan bayi & anak,Bumbu Bunda Elia Kecap Manis 140 ml,27900.0,bumbu bunda elia kecap manis 140 ml,False,True,Makan & Minum Harian,NEEDS,daily food,bad_product_name
alfagift,kebutuhan ibu & anak,makanan bayi & anak,Bumbu Bunda Elia Bumbu Kaldu Sapi 50 g,65900.0,bumbu bunda elia bumbu kaldu sapi 50 g,False,True,Makan & Minum Harian,NEEDS,daily food,bad_product_name
alfagift,kebutuhan ibu & anak,susu formula bayi & anak,Bebelac 3+ GroGreat+ Susu Bubuk Pertumbuhan Anak Vanila 1 kg,163500.0,bebelac 3+ grogreat+ susu bubuk pertumbuhan anak vanila 1 kg,False,True,Makan & Minum Harian,NEEDS,daily food,bad_product_name
alfagift,kebutuhan ibu & anak,susu formula bayi & anak,Lactogrow Pro 1+ Susu Pertumbuhan Anak 1-3 Tahun Vanila 1 kg,156700.0,lactogrow pro 1+ susu pertumbuhan anak 1-3 tahun vanila 1 kg,False,True,Makan & Minum Harian,NEEDS,daily food,bad_product_name
alfagift,kebutuhan ibu & anak,susu formula bayi & anak,Enfagrow A+ 3 Susu Bubuk Pertumbuhan Anak 1-3 Tahun Vanila 3 kg,1599900.0,enfagrow a+ 3 susu bubuk pertumbuhan anak 1-3 tahun vanila 3 kg,False,True,Makan & Minum Harian,NEEDS,daily food,bad_product_name
alfagift,kebutuhan ibu & anak,susu formula bayi & anak,Enfagrow A+ Neurapro 4 Susu Bubuk Pertumbuhan Anak 3-12 Tahun Vanila 3 kg,1399000.0,enfagrow a+ neurapro 4 susu bubuk pertumbuhan anak 3-12 tahun vanila 3 kg,False,True,Makan & Minum Harian,NEEDS,daily food,bad_product_name
alfagift,kebutuhan ibu & anak,susu formula bayi & anak,SGM Ananda 2 (6-12 Bulan) Susu Formula Bayi Bubuk 1 kg,94200.0,sgm ananda 2 6-12 bulan susu formula bayi bubuk 1 kg,False,True,Makan & Minum Harian,NEEDS,daily food,bad_product_name
alfagift,kebutuhan ibu & anak,susu formula bayi & anak,SGM Ananda 1 (0-6 Bulan) Susu Formula Bayi Bubuk 1 kg,94200.0,sgm ananda 1 0-6 bulan susu formula bayi bubuk 1 kg,False,True,Makan & Minum Harian,NEEDS,daily food,bad_product_name
alfagift,kebutuhan ibu & anak,susu formula bayi & anak,Bebelac 1+ GroGreat+ Susu Bubuk Pertumbuhan Anak Madu 1 kg,176900.0,bebelac 1+ grogreat+ susu bubuk pertumbuhan anak madu 1 kg,False,True,Makan & Minum Harian,NEEDS,daily food,bad_product_name
alfagift,kebutuhan ibu & anak,susu formula bayi & anak,Bebelac 1+ GroGreat+ Susu Bubuk Pertumbuhan Anak Vanila 1 kg,176900.0,bebelac 1+ grogreat+ susu bubuk pertumbuhan anak vanila 1 kg,False,True,Makan & Minum Harian,NEEDS,daily food,bad_product_name
alfagift,kebutuhan ibu & anak,susu formula bayi & anak,Bebelac 3+ GroGreat+ Susu Bubuk Pertumbuhan Anak Madu 1 kg,163500.0,bebelac 3+ grogreat+ susu bubuk pertumbuhan anak madu 1 kg,False,True,Makan & Minum Harian,NEEDS,daily food,bad_product_name
alfagift,kebutuhan ibu & anak,susu formula bayi & anak,Nutrilon Royal 3 Susu Bubuk Pertumbuhan Anak Madu 1.8 kg,446900.0,nutrilon royal 3 susu bubuk pertumbuhan anak madu 1.8 kg,False,True,Makan & Minum Harian,NEEDS,daily food,bad_product_name
alfagift,kebutuhan ibu & anak,susu formula bayi & anak,Nutrilon Royal 3 Susu Bubuk Pertumbuhan Anak Vanila 1.8 kg,446900.0,nutrilon royal 3 susu bubuk pertumbuhan anak vanila 1.8 kg,False,True,Makan & Minum Harian,NEEDS,daily food,bad_product_name
alfagift,kebutuhan ibu & anak,susu formula bayi & anak,Nutrilon Royal 4 Susu Bubuk Pertumbuhan Anak Vanila 1.8 kg,426800.0,nutrilon royal 4 susu bubuk pertumbuhan anak vanila 1.8 kg,False,True,Makan & Minum Harian,NEEDS,daily food,bad_product_name
alfagift,kebutuhan ibu & anak,susu formula bayi & anak,Bebelac 1+ GroGreat+ Susu Bubuk Pertumbuhan Anak Vanila 1.8 kg,295000.0,bebelac 1+ grogreat+ susu bubuk pertumbuhan anak vanila 1.8 kg,False,True,Makan & Minum Harian,NEEDS,daily food,bad_product_name
alfagift,kebutuhan ibu & anak,susu formula bayi & anak,Bebelac 3+ GroGreat+ Susu Bubuk Pertumbuhan Anak Madu 1.8 kg,279000.0,bebelac 3+ grogreat+ susu bubuk pertumbuhan anak madu 1.8 kg,False,True,Makan & Minum Harian,NEEDS,daily food,bad_product_name
alfagift,kebutuhan ibu & anak,susu formula bayi & anak,HiLo School Vanila Susu Bubuk Tinggi Kalsium 1 kg,168000.0,hilo school vanila susu bubuk tinggi kalsium 1 kg,False,True,Makan & Minum Harian,NEEDS,daily food,bad_product_name
alfagift,kebutuhan ibu & anak,susu formula bayi & anak,HiLo School Susu Bubuk Tinggi Kalsium Rasa Cokelat 1 kg,168000.0,hilo school susu bubuk tinggi kalsium rasa cokelat 1 kg,False,True,Makan & Minum Harian,NEEDS,daily food,bad_product_name
alfagift,kebutuhan ibu & anak,susu formula bayi & anak,Bebelac 3+ GroGreat+ Susu Bubuk Pertumbuhan Vanila 1.8 kg,279000.0,bebelac 3+ grogreat+ susu bubuk pertumbuhan vanila 1.8 kg,False,True,Makan & Minum Harian,NEEDS,daily food,bad_product_name
alfagift,kebutuhan ibu & anak,susu formula bayi & anak,Bebelac 1+ GroGreat+ Susu Bubuk Pertumbuhan Anak Vanila 3 kg,489000.0,bebelac 1+ grogreat+ susu bubuk pertumbuhan anak vanila 3 kg,False,True,Makan & Minum Harian,NEEDS,daily food,bad_product_name
alfagift,kebutuhan ibu & anak,susu formula bayi & anak,Bebelac 1+ GroGreat+ Susu Bubuk Pertumbuhan Anak Madu 3 kg,489000.0,bebelac 1+ grogreat+ susu bubuk pertumbuhan anak madu 3 kg,False,True,Makan & Minum Harian,NEEDS,daily food,bad_product_name
alfagift,kebutuhan ibu & anak,susu formula bayi & anak,Bebelac 3+ GroGreat+ Susu Bubuk Pertumbuhan Anak Madu 3 kg,465000.0,bebelac 3+ grogreat+ susu bubuk pertumbuhan anak madu 3 kg,False,True,Makan & Minum Harian,NEEDS,daily food,bad_product_name
alfagift,kebutuhan ibu & anak,susu formula bayi & anak,Bebelac 3+ GroGreat+ Susu Bubuk Pertumbuhan Anak Vanila 3 kg,465000.0,bebelac 3+ grogreat+ susu bubuk pertumbuhan anak vanila 3 kg,False,True,Makan & Minum Harian,NEEDS,daily food,bad_product_name
alfagift,kebutuhan ibu & anak,susu formula bayi & anak,SGM Eksplor 1+ IronC Susu Pertumbuhan Anak Madu 3 kg,249900.0,sgm eksplor 1+ ironc susu pertumbuhan anak madu 3 kg,False,True,Makan & Minum Harian,NEEDS,daily food,bad_product_name
alfagift,kebutuhan ibu & anak,susu formula bayi & anak,SGM Eksplor 1+ IronC Susu Bubuk Pertumbuhan Anak Vanila 3 kg,249900.0,sgm eksplor 1+ ironc susu bubuk pertumbuhan anak vanila 3 kg,False,True,Makan & Minum Harian,NEEDS,daily food,bad_product_name
alfagift,kebutuhan ibu & anak,susu formula bayi & anak,SGM Eksplor 3+ IronC Susu Bubuk Pertumbuhan Anak Vanila 3 kg,235900.0,sgm eksplor 3+ ironc susu bubuk pertumbuhan anak vanila 3 kg,False,True,Makan & Minum Harian,NEEDS,daily food,bad_product_name
alfagift,kebutuhan ibu & anak,susu formula bayi & anak,SGM Eksplor 3+ IronC Susu Bubuk Pertumbuhan Anak Madu 3 kg,235900.0,sgm eksplor 3+ ironc susu bubuk pertumbuhan anak madu 3 kg,False,True,Makan & Minum Harian,NEEDS,daily food,bad_product_name
alfagift,kebutuhan ibu & anak,susu formula bayi & anak,Bebelove Susu Formula Bayi Bubuk 0-6 Bulan 1.8 kg,342000.0,bebelove susu formula bayi bubuk 0-6 bulan 1.8 kg,False,True,Makan & Minum Harian,NEEDS,daily food,bad_product_name
alfagift,kebutuhan ibu & anak,susu formula bayi & anak,Enfagrow Essential 3 Susu Formula Bubuk Pertumbuhan Anak 1-3 Tahun Vanila 1.8 kg,459000.0,enfagrow essential 3 susu formula bubuk pertumbuhan anak 1-3 tahun vanila 1.8 kg,False,True,Makan & Minum Harian,NEEDS,daily food,bad_product_name
alfagift,kebutuhan ibu & anak,susu formula bayi & anak,Bebelove Susu Formula Bayi Bubuk 6-12 Bulan 1.8 kg,342000.0,bebelove susu formula bayi bubuk 6-12 bulan 1.8 kg,False,True,Makan & Minum Harian,NEEDS,daily food,bad_product_name
alfagift,kebutuhan ibu & anak,susu formula bayi & anak,Enfagrow A+ Neurapro 3 Susu Bubuk Pertumbuhan Anak 1-3 Tahun Vanila 3.6 kg,1850000.0,enfagrow a+ neurapro 3 susu bubuk pertumbuhan anak 1-3 tahun vanila 3.6 kg,False,True,Makan & Minum Harian,NEEDS,daily food,bad_product_name
alfagift,kebutuhan ibu & anak,susu formula bayi & anak,Nestle Dancow 1+ Imunutri Susu Bubuk Pertumbuhan Anak 1-3 tahun Madu 1kg,105100.0,nestle dancow 1+ imunutri susu bubuk pertumbuhan anak 1-3 tahun madu 1kg,False,True,Makan & Minum Harian,NEEDS,daily food,bad_product_name
alfagift,kebutuhan ibu & anak,susu formula bayi & anak,Nestle Dancow 3+ Imunutri Susu Bubuk Pertumbuhan Anak 3-5 tahun Vanila 1 kg,,nestle dancow 3+ imunutri susu bubuk pertumbuhan anak 3-5 tahun vanila 1 kg,True,False,Makan & Minum Harian,NEEDS,daily food,bad_product_name
alfagift,kebutuhan ibu & anak,susu formula bayi & anak,Frisian Flag Primagro 3+ Susu Anak 4-6 Tahun Vanila 2 kg,189000.0,frisian flag primagro 3+ susu anak 4-6 tahun vanila 2 kg,False,True,Makan & Minum Harian,NEEDS,daily food,bad_product_name
alfagift,kebutuhan ibu & anak,susu formula bayi & anak,Nestle Dancow 3+ Imunutri Susu Bubuk Pertumbuhan Anak 3-5 tahun Madu 1kg,107500.0,nestle dancow 3+ imunutri susu bubuk pertumbuhan anak 3-5 tahun madu 1kg,False,True,Makan & Minum Harian,NEEDS,daily food,bad_product_name
alfagift,kebutuhan ibu & anak,susu formula bayi & anak,Frisian Flag Primagro 1+ Susu Anak 1-3 Tahun Madu 2 kg,199000.0,frisian flag primagro 1+ susu anak 1-3 tahun madu 2 kg,False,True,Makan & Minum Harian,NEEDS,daily food,bad_product_name
alfagift,kebutuhan ibu & anak,susu formula bayi & anak,Frisian Flag Primagro 1+ Susu Anak 1-3 Tahun Vanila 2 kg,199000.0,frisian flag primagro 1+ susu anak 1-3 tahun vanila 2 kg,False,True,Makan & Minum Harian,NEEDS,daily food,bad_product_name
alfagift,kebutuhan ibu & anak,susu formula bayi & anak,S-26 Procal Gold Tahap 3 Susu Pertumbuhan Anak 1-3 Tahun Vanila 1.6 kg,535000.0,s-26 procal gold tahap 3 susu pertumbuhan anak 1-3 tahun vanila 1.6 kg,False,True,Makan & Minum Harian,NEEDS,daily food,bad_product_name
alfagift,kebutuhan ibu & anak,susu formula bayi & anak,S-26 Promise Gold Tahap 4 Susu Pertumbuhan Anak 3-12 Tahun Vanila 1.6 kg,469000.0,s-26 promise gold tahap 4 susu pertumbuhan anak 3-12 tahun vanila 1.6 kg,False,True,Makan & Minum Harian,NEEDS,daily food,bad_product_name
alfagift,kebutuhan ibu & anak,susu formula bayi & anak,S-26 Procal Tahap 3 Susu Pertumbuhan Anak 1-3 Tahun Vanila 1.4 kg,309000.0,s-26 procal tahap 3 susu pertumbuhan anak 1-3 tahun vanila 1.4 kg,False,True,Makan & Minum Harian,NEEDS,daily food,bad_product_name
alfagift,kebutuhan ibu & anak,susu formula bayi & anak,S-26 Promise Tahap 4 Susu Pertumbuhan Anak 3-12 Tahun Vanila 1.4 kg,285000.0,s-26 promise tahap 4 susu pertumbuhan anak 3-12 tahun vanila 1.4 kg,False,True,Makan & Minum Harian,NEEDS,daily food,bad_product_name
alfagift,kebutuhan ibu & anak,susu formula bayi & anak,Lactogrow Pro 1+ Susu Bubuk Pertumbuhan Anak 1-3 Tahun Madu 1 kg,151000.0,lactogrow pro 1+ susu bubuk pertumbuhan anak 1-3 tahun madu 1 kg,False,True,Makan & Minum Harian,NEEDS,daily food,bad_product_name
alfagift,kebutuhan ibu & anak,susu formula bayi & anak,Lactogrow Pro 3+ Susu Bubuk Pertumbuhan Anak Pra Sekolah Madu 1 kg,131900.0,lactogrow pro 3+ susu bubuk pertumbuhan anak pra sekolah madu 1 kg,False,True,Makan & Minum Harian,NEEDS,daily food,bad_product_name
alfagift,kebutuhan ibu & anak,susu formula bayi & anak,Frisian Flag Primagro 3+ Susu Anak 4-6 Tahun Madu 2 kg,189000.0,frisian flag primagro 3+ susu anak 4-6 tahun madu 2 kg,False,True,Makan & Minum Harian,NEEDS,daily food,bad_product_name
alfagift,kebutuhan ibu & anak,perlengkapan mandi & perawatan anak,Paseo Tisu Basah Bayi Purified Water 50 s - Beli 1 Gratis 1,12900.0,paseo tisu basah bayi purified water 50 s - beli 1 gratis 1,False,True,Kebutuhan Rumah & Mandi,NEEDS,household & personal care,bad_product_name
alfagift,kebutuhan ibu & anak,perlengkapan mandi & perawatan anak,Cussons Baby Tisu Basah Bayi Naturally Refreshing 45 s - Beli 1 Gratis 2,14900.0,cussons baby tisu basah bayi naturally refreshing 45 s - beli 1 gratis 2,False,True,Kebutuhan Rumah & Mandi,NEEDS,household & personal care,bad_product_name
alfagift,kebutuhan ibu & anak,perlengkapan mandi & perawatan anak,Cussons Baby Tisu Basah Bayi Mild and Gentle 45 s - Beli 1 Gratis 2,14900.0,cussons baby tisu basah bayi mild and gentle 45 s - beli 1 gratis 2,False,True,Kebutuhan Rumah & Mandi,NEEDS,household & personal care,bad_product_name
alfagift,kebutuhan ibu & anak,perlengkapan mandi & perawatan anak,Mitu Baby Tisu Basah Bayi Ganti Popok Charming Lily 50 s - Beli 1 Gratis 1,12900.0,mitu baby tisu basah bayi ganti popok charming lily 50 s - beli 1 gratis 1,False,True,Kebutuhan Rumah & Mandi,NEEDS,household & personal care,bad_product_name
alfagift,kebutuhan ibu & anak,perlengkapan mandi & perawatan anak,My Baby Tisu Basah Bayi Anti Bakteri Natural 50 s - Beli 1 Gratis 1,17500.0,my baby tisu basah bayi anti bakteri natural 50 s - beli 1 gratis 1,False,True,Kebutuhan Rumah & Mandi,NEEDS,household & personal care,bad_product_name
alfagift,kebutuhan ibu & anak,perlengkapan mandi & perawatan anak,Mitu Baby Tisu Basah Bayi Antiseptik Refreshing Lime 50 s - Beli 1 Gratis 1,13900.0,mitu baby tisu basah bayi antiseptik refreshing lime 50 s - beli 1 gratis 1,False,True,Kebutuhan Rumah & Mandi,NEEDS,household & personal care,bad_product_name
alfagift,kebutuhan ibu & anak,perlengkapan mandi & perawatan anak,MamyPoko Tisu Basah Bayi Antiseptik Non Parfum 48 s - Beli 1 Gratis 1,14900.0,mamypoko tisu basah bayi antiseptik non parfum 48 s - beli 1 gratis 1,False,True,Kebutuhan Rumah & Mandi,NEEDS,household & personal care,bad_product_name
alfagift,kebutuhan ibu & anak,perlengkapan mandi & perawatan anak,Yunikon Tisu Basah Bayi Tangan & Mulut 50 s - Beli 1 Gratis 1,10900.0,yunikon tisu basah bayi tangan & mulut 50 s - beli 1 gratis 1,False,True,Kebutuhan Rumah & Mandi,NEEDS,household & personal care,bad_product_name
alfagift,kebutuhan ibu & anak,perlengkapan mandi & perawatan anak,Cussons Baby Fresh & Nourish Tisu Basah Bayi Berries 45 s - Beli 1 Gratis 2,16900.0,cussons baby fresh & nourish tisu basah bayi berries 45 s - beli 1 gratis 2,False,True,Kebutuhan Rumah & Mandi,NEEDS,household & personal care,bad_product_name
alfagift,kebutuhan ibu & anak,perlengkapan mandi & perawatan anak,Mitu Baby Tisu Basah Bayi Blooming Cherry 50 s - Beli 1 Gratis 1,12900.0,mitu baby tisu basah bayi blooming cherry 50 s - beli 1 gratis 1,False,True,Kebutuhan Rumah & Mandi,NEEDS,household & personal care,bad_product_name
alfagift,kebutuhan ibu & anak,perlengkapan mandi & perawatan anak,MamyPoko Tisu Basah Bayi Ganti Popok X-tra Air Non Parfum 50 s - Beli 1 Gratis 1,14900.0,mamypoko tisu basah bayi ganti popok x-tra air non parfum 50 s - beli 1 gratis 1,False,True,Kebutuhan Rumah & Mandi,NEEDS,household & personal care,bad_product_name
alfagift,kebutuhan ibu & anak,perlengkapan mandi & perawatan anak,Yunikon Tisu Basah Bayi Tangan & Mulut Peach Blossom 40 s - Beli 1 Gratis 1,11500.0,yunikon tisu basah bayi tangan & mulut peach blossom 40 s - beli 1 gratis 1,False,True,Kebutuhan Rumah & Mandi,NEEDS,household & personal care,bad_product_name
alfagift,kebutuhan ibu & anak,perlengkapan mandi & perawatan anak,Yunikon Tisu Basah Bayi Antibakteri Dreamy Clouds 40 s - Beli 1 Gratis 1,10900.0,yunikon tisu basah bayi antibakteri dreamy clouds 40 s - beli 1 gratis 1,False,True,Kebutuhan Rumah & Mandi,NEEDS,household & personal care,bad_product_name
alfagift,kebutuhan ibu & anak,perlengkapan mandi & perawatan anak,Mitu Baby Tisu Basah Bayi Ganti Popok Playful Fressia 50 s - Beli 1 Gratis 1,12900.0,mitu baby tisu basah bayi ganti popok playful fressia 50 s - beli 1 gratis 1,False,True,Kebutuhan Rumah & Mandi,NEEDS,household & personal care,bad_product_name
alfagift,kebutuhan ibu & anak,perlengkapan mandi & perawatan anak,MamyPoko Tisu Basah Bayi Ganti Popok X-tra Air Parfum 50 s - Beli 1 Gratis 1,14900.0,mamypoko tisu basah bayi ganti popok x-tra air parfum 50 s - beli 1 gratis 1,False,True,Kebutuhan Rumah & Mandi,NEEDS,household & personal care,bad_product_name
alfagift,kebutuhan ibu & anak,perlengkapan mandi & perawatan anak,Cussons Baby Soft & Smooth Tisu Basah Bayi Sakura 45 s - Beli 1 Gratis 2,16900.0,cussons baby soft & smooth tisu basah bayi sakura 45 s - beli 1 gratis 2,False,True,Kebutuhan Rumah & Mandi,NEEDS,household & personal care,bad_product_name
alfagift,kebutuhan ibu & anak,perlengkapan mandi & perawatan anak,Yunikon Tisu Basah Bayi Ganti Popok 50 s - Beli 1 Gratis 1,10900.0,yunikon tisu basah bayi ganti popok 50 s - beli 1 gratis 1,False,True,Kebutuhan Rumah & Mandi,NEEDS,household & personal care,bad_product_name
alfagift,kebutuhan ibu & anak,perlengkapan mandi & perawatan anak,Yunikon Tisu Basah Bayi Tanpa Pewangi 50 s - Beli 1 Gratis 1,10900.0,yunikon tisu basah bayi tanpa pewangi 50 s - beli 1 gratis 1,False,True,Kebutuhan Rumah & Mandi,NEEDS,household & personal care,bad_product_name
alfagift,kebutuhan ibu & anak,perlengkapan mandi & perawatan anak,Pepsodent Kids Sikat Gigi Anak Extra Soft,10300.0,pepsodent kids sikat gigi anak extra soft,False,True,Kebutuhan Rumah & Mandi,NEEDS,household & personal care,bad_product_name
alfagift,kebutuhan rumah,perawatan & pembersih,Daia Deterjen Bubuk + Pelembut Pakaian Violet Passion Refill 4 kg,68500.0,daia deterjen bubuk + pelembut pakaian violet passion refill 4 kg,False,True,Kebutuhan Rumah & Mandi,NEEDS,household & personal care,bad_product_name
alfagift,kebutuhan rumah,perawatan & pembersih,Telepon Sabun Batang Pakaian 10 pcs,,telepon sabun batang pakaian 10 pcs,True,False,Kebutuhan Rumah & Mandi,NEEDS,household & personal care,bad_product_name
alfagift,kebutuhan rumah,perawatan & pembersih,Daia Deterjen Bubuk Clean & Fresh Hijab 4 kg,68500.0,daia deterjen bubuk clean & fresh hijab 4 kg,False,True,Kebutuhan Rumah & Mandi,NEEDS,household & personal care,bad_product_name
alfagift,kebutuhan rumah,perawatan & pembersih,"Ariel Deterjen Cair Downy Floral Passion 2,105 kg",,ariel deterjen cair downy floral passion 2 105 kg,True,False,Kebutuhan Rumah & Mandi,NEEDS,household & personal care,bad_product_name
alfagift,kebutuhan rumah,perawatan & pembersih,"Ariel Deterjen Cair Sunrise Fresh 2,16 kg",,ariel deterjen cair sunrise fresh 2 16 kg,True,False,Kebutuhan Rumah & Mandi,NEEDS,household & personal care,bad_product_name
alfagift,kebutuhan rumah,perawatan & pembersih,So Klin Bio-Matic Deterjen Bubuk + Pelembut Pakaian Mesin Cuci Bukaan Depan 1.8 kg,49500.0,so klin bio-matic deterjen bubuk + pelembut pakaian mesin cuci bukaan depan 1.8 kg,False,True,Kebutuhan Rumah & Mandi,NEEDS,household & personal care,bad_product_name
alfagift,kebutuhan rumah,perawatan & pembersih,Rinso Matic Deterjen Bubuk Mesin Cuci Bukaan Depan 1.8 kg,65000.0,rinso matic deterjen bubuk mesin cuci bukaan depan 1.8 kg,False,True,Kebutuhan Rumah & Mandi,NEEDS,household & personal care,bad_product_name
alfagift,kebutuhan rumah,perawatan & pembersih,Rinso Matic Professional Deterjen Bubuk Mesin Cuci Laundry Refill 3 kg,63900.0,rinso matic professional deterjen bubuk mesin cuci laundry refill 3 kg,False,True,Kebutuhan Rumah & Mandi,NEEDS,household & personal care,bad_product_name
alfagift,kebutuhan rumah,perawatan & pembersih,Daia Deterjen Bubuk + Pelembut Pakaian Romantic Pink 2.7 kg,42500.0,daia deterjen bubuk + pelembut pakaian romantic pink 2.7 kg,False,True,Kebutuhan Rumah & Mandi,NEEDS,household & personal care,bad_product_name
alfagift,kebutuhan rumah,perawatan & pembersih,K1000 Deterjen Bubuk Lavender Bloom 5 kg,56900.0,k1000 deterjen bubuk lavender bloom 5 kg,False,True,Kebutuhan Rumah & Mandi,NEEDS,household & personal care,bad_product_name
alfagift,kebutuhan rumah,perawatan & pembersih,K1000 Deterjen Bubuk Aqua Rose 5 kg,56900.0,k1000 deterjen bubuk aqua rose 5 kg,False,True,Kebutuhan Rumah & Mandi,NEEDS,household & personal care,bad_product_name
alfagift,kebutuhan rumah,perawatan & pembersih,Triple Dice Deterjen Bubuk Floral Fantasy 4.2 kg,53900.0,triple dice deterjen bubuk floral fantasy 4.2 kg,False,True,Kebutuhan Rumah & Mandi,NEEDS,household & personal care,bad_product_name
alfagift,kebutuhan rumah,perawatan & pembersih,Triple Dice Deterjen Bubuk Tri-Zip 4.2 kg,53900.0,triple dice deterjen bubuk tri-zip 4.2 kg,False,True,Kebutuhan Rumah & Mandi,NEEDS,household & personal care,bad_product_name
alfagift,kebutuhan rumah,perawatan & pembersih,Kuat Harimau Super-K Deterjen Cair Anti Bakteri 3.8 kg,76900.0,kuat harimau super-k deterjen cair anti bakteri 3.8 kg,False,True,Kebutuhan Rumah & Mandi,NEEDS,household & personal care,bad_product_name
alfagift,kebutuhan rumah,perawatan & pembersih,Kuat Harimau Super-K Deterjen Cair Colourtec 3.6 kg,76900.0,kuat harimau super-k deterjen cair colourtec 3.6 kg,False,True,Kebutuhan Rumah & Mandi,NEEDS,household & personal care,bad_product_name
alfagift,kebutuhan rumah,perawatan & pembersih,So Klin Softergent Deterjen Bubuk + Pelembut Pakaian Rosy Pink 2.7 kg,45900.0,so klin softergent deterjen bubuk + pelembut pakaian rosy pink 2.7 kg,False,True,Kebutuhan Rumah & Mandi,NEEDS,household & personal care,bad_product_name
alfagift,kebutuhan rumah,perawatan & pembersih,So Klin Softergent Deterjen Bubuk + Pelembut Pakaian Lavender & Lily 2.7 kg,45900.0,so klin softergent deterjen bubuk + pelembut pakaian lavender & lily 2.7 kg,False,True,Kebutuhan Rumah & Mandi,NEEDS,household & personal care,bad_product_name
alfagift,kebutuhan rumah,perawatan & pembersih,So Klin Softergent Deterjen Bubuk + Pelembut Pakaian Sakura & Strawberry 2.7 kg,45900.0,so klin softergent deterjen bubuk + pelembut pakaian sakura & strawberry 2.7 kg,False,True,Kebutuhan Rumah & Mandi,NEEDS,household & personal care,bad_product_name
alfagift,kebutuhan rumah,perawatan & pembersih,So Klin Softergent Deterjen Bubuk + Pelembut Pakaian Magnolia & Berries 2.7 kg,45900.0,so klin softergent deterjen bubuk + pelembut pakaian magnolia & berries 2.7 kg,False,True,Kebutuhan Rumah & Mandi,NEEDS,household & personal care,bad_product_name
alfagift,kebutuhan rumah,perawatan & pembersih,So Klin Softergent Deterjen Bubuk + Pelembut Pakaian Lavender & Lily 1.44 kg,29000.0,so klin softergent deterjen bubuk + pelembut pakaian lavender & lily 1.44 kg,False,True,Kebutuhan Rumah & Mandi,NEEDS,household & personal care,bad_product_name
alfagift,kebutuhan rumah,perawatan & pembersih,Rinso Anti Noda Deterjen Bubuk Pure 1.4 kg,32300.0,rinso anti noda deterjen bubuk pure 1.4 kg,False,True,Kebutuhan Rumah & Mandi,NEEDS,household & personal care,bad_product_name
alfagift,kebutuhan rumah,perawatan & pembersih,Rinso Anti Noda Signature Perfume Deterjen Bubuk Rose Fresh 1.4 kg,32300.0,rinso anti noda signature perfume deterjen bubuk rose fresh 1.4 kg,False,True,Kebutuhan Rumah & Mandi,NEEDS,household & personal care,bad_product_name
alfagift,kebutuhan rumah,perawatan & pembersih,Daia Deterjen Bubuk Clean & Fresh Hijab 1.5 kg,24400.0,daia deterjen bubuk clean & fresh hijab 1.5 kg,False,True,Kebutuhan Rumah & Mandi,NEEDS,household & personal care,bad_product_name
alfagift,kebutuhan rumah,perawatan & pembersih,Daia Deterjen Bubuk + Pelembut Pakaian Violet Passion Refill 1.5 kg,24400.0,daia deterjen bubuk + pelembut pakaian violet passion refill 1.5 kg,False,True,Kebutuhan Rumah & Mandi,NEEDS,household & personal care,bad_product_name
alfagift,kebutuhan rumah,perawatan & pembersih,So Klin Deterjen Bubuk Eau de Parfum Fleurs de Lis 1.4 kg,29000.0,so klin deterjen bubuk eau de parfum fleurs de lis 1.4 kg,False,True,Kebutuhan Rumah & Mandi,NEEDS,household & personal care,bad_product_name
alfagift,kebutuhan rumah,perawatan & pembersih,Daia Deterjen Bubuk Floral Refill 1.5 kg,24400.0,daia deterjen bubuk floral refill 1.5 kg,False,True,Kebutuhan Rumah & Mandi,NEEDS,household & personal care,bad_product_name
alfagift,kebutuhan rumah,perawatan & pembersih,Daia Deterjen Bubuk Fruity Refill 1.5 kg,24400.0,daia deterjen bubuk fruity refill 1.5 kg,False,True,Kebutuhan Rumah & Mandi,NEEDS,household & personal care,bad_product_name
alfagift,kebutuhan rumah,perawatan & pembersih,Daia Deterjen Bubuk + Pelembut Pakaian Romantic Pink Refill 1.5 kg,24400.0,daia deterjen bubuk + pelembut pakaian romantic pink refill 1.5 kg,False,True,Kebutuhan Rumah & Mandi,NEEDS,household & personal care,bad_product_name
alfagift,kebutuhan rumah,perawatan & pembersih,Daia Deterjen Bubuk Putih Fresh Scent Refill 1.5 kg,24400.0,daia deterjen bubuk putih fresh scent refill 1.5 kg,False,True,Kebutuhan Rumah & Mandi,NEEDS,household & personal care,bad_product_name
alfagift,kebutuhan rumah,perawatan & pembersih,Sunlight Sabun Cuci Piring Extra Korean Strawberry Refill 600 ml,8900.0,sunlight sabun cuci piring extra korean strawberry refill 600 ml,False,True,Kebutuhan Rumah & Mandi,NEEDS,household & personal care,bad_product_name
alfagift,kebutuhan rumah,perawatan & pembersih,Daia Deterjen Bubuk + Pelembut Pakaian Violet Passion 2.7 kg,,daia deterjen bubuk + pelembut pakaian violet passion 2.7 kg,True,False,Kebutuhan Rumah & Mandi,NEEDS,household & personal care,bad_product_name
alfagift,kebutuhan rumah,perawatan & pembersih,Daia Deterjen Bubuk Putih Fresh Scent 4 kg,68500.0,daia deterjen bubuk putih fresh scent 4 kg,False,True,Kebutuhan Rumah & Mandi,NEEDS,household & personal care,bad_product_name
alfagift,kebutuhan rumah,perawatan & pembersih,Sayang Profesional Deterjen Cair + Pelembut Pakaian Blooming Freesia & Rose 4.5 L,55000.0,sayang profesional deterjen cair + pelembut pakaian blooming freesia & rose 4.5 l,False,True,Kebutuhan Rumah & Mandi,NEEDS,household & personal care,bad_product_name
alfagift,kebutuhan rumah,perawatan & pembersih,Rinso SensiFresh Deterjen Bubuk Japanese Peach 1.4 kg,32500.0,rinso sensifresh deterjen bubuk japanese peach 1.4 kg,False,True,Kebutuhan Rumah & Mandi,NEEDS,household & personal care,bad_product_name
alfagift,kebutuhan rumah,perawatan & pembersih,Attack Jaz1 Deterjen Bubuk + Pelembut Pakaian Rose Berry 1.4 kg,29900.0,attack jaz1 deterjen bubuk + pelembut pakaian rose berry 1.4 kg,False,True,Kebutuhan Rumah & Mandi,NEEDS,household & personal care,bad_product_name
alfagift,kebutuhan rumah,perawatan & pembersih,Attack Jaz1 Deterjen Bubuk Semerbak Cinta 1.4 kg,29900.0,attack jaz1 deterjen bubuk semerbak cinta 1.4 kg,False,True,Kebutuhan Rumah & Mandi,NEEDS,household & personal care,bad_product_name
alfagift,kebutuhan rumah,perawatan & pembersih,So Klin Softergent Deterjen Bubuk + Pelembut Pakaian Magnolia Berries 1.44 kg,29000.0,so klin softergent deterjen bubuk + pelembut pakaian magnolia berries 1.44 kg,False,True,Kebutuhan Rumah & Mandi,NEEDS,household & personal care,bad_product_name
alfagift,kebutuhan rumah,perawatan & pembersih,So Klin Softergent Deterjen Bubuk + Pelembut Pakaian Peony & Rose 1.44 kg,29000.0,so klin softergent deterjen bubuk + pelembut pakaian peony & rose 1.44 kg,False,True,Kebutuhan Rumah & Mandi,NEEDS,household & personal care,bad_product_name
alfagift,kebutuhan rumah,perawatan & pembersih,So Klin Softergent Deterjen Bubuk + Pelembut Pakaian Velvet Orchid 1.4 kg,,so klin softergent deterjen bubuk + pelembut pakaian velvet orchid 1.4 kg,True,False,Kebutuhan Rumah & Mandi,NEEDS,household & personal care,bad_product_name
alfagift,kebutuhan rumah,perawatan & pembersih,So Klin Deterjen Bubuk Eau de Parfum Fleurs Blanches No. 7 1.4 kg,29000.0,so klin deterjen bubuk eau de parfum fleurs blanches no. 7 1.4 kg,False,True,Kebutuhan Rumah & Mandi,NEEDS,household & personal care,bad_product_name
alfagift,kebutuhan rumah,perawatan & pembersih,SoSoft Deterjen Cair Tumbuhan Freesia & Pear 700 ml,12500.0,sosoft deterjen cair tumbuhan freesia & pear 700 ml,False,True,Kebutuhan Rumah & Mandi,NEEDS,household & personal care,bad_product_name
alfagift,kebutuhan rumah,perawatan & pembersih,Attack Jaz1 Deterjen Bubuk + Pelembut Pakaian Purple Blossom 1.4 kg,29900.0,attack jaz1 deterjen bubuk + pelembut pakaian purple blossom 1.4 kg,False,True,Kebutuhan Rumah & Mandi,NEEDS,household & personal care,bad_product_name
alfagift,kebutuhan rumah,perawatan & pembersih,Attack Jaz1 Deterjen Bubuk Pesona Segar 1.4 kg,29900.0,attack jaz1 deterjen bubuk pesona segar 1.4 kg,False,True,Kebutuhan Rumah & Mandi,NEEDS,household & personal care,bad_product_name
alfagift,kebutuhan rumah,perawatan & pembersih,So Klin Softergent Deterjen Bubuk + Pelembut Pakaian Velvet Orchid 1.4 kg,,so klin softergent deterjen bubuk + pelembut pakaian velvet orchid 1.4 kg,True,False,Kebutuhan Rumah & Mandi,NEEDS,household & personal care,bad_product_name
alfagift,kebutuhan rumah,perawatan & pembersih,Telepon Sabun Krim Serbaguna Lemon 170 g,,telepon sabun krim serbaguna lemon 170 g,True,False,Kebutuhan Rumah & Mandi,NEEDS,household & personal care,bad_product_name
alfagift,kebutuhan rumah,perawatan & pembersih,Rinso SensiFresh Deterjen Cair Extra Lembut Refill 700 ml,12400.0,rinso sensifresh deterjen cair extra lembut refill 700 ml,False,True,Kebutuhan Rumah & Mandi,NEEDS,household & personal care,bad_product_name
alfagift,kebutuhan rumah,perawatan & pembersih,So Klin Bio-Matic Deterjen Cair + Pelembut Pakaian Mesin Cuci Flower Bloom Refill 1.45 L,36500.0,so klin bio-matic deterjen cair + pelembut pakaian mesin cuci flower bloom refill 1.45 l,False,True,Kebutuhan Rumah & Mandi,NEEDS,household & personal care,bad_product_name
alfagift,kebutuhan rumah,perawatan & pembersih,Daia Deterjen Bubuk Floral Refill 4 kg,68500.0,daia deterjen bubuk floral refill 4 kg,False,True,Kebutuhan Rumah & Mandi,NEEDS,household & personal care,bad_product_name
alfagift,kebutuhan rumah,perawatan & pembersih,Mama Lemon Sabun Cuci Piring Jeruk Nipis Refill 1.5 kg,,mama lemon sabun cuci piring jeruk nipis refill 1.5 kg,True,False,Kebutuhan Rumah & Mandi,NEEDS,household & personal care,bad_product_name
alfagift,kebutuhan rumah,perawatan & pembersih,Telepon Sabun Krim Serbaguna Jeruk 200 g,,telepon sabun krim serbaguna jeruk 200 g,True,False,Kebutuhan Rumah & Mandi,NEEDS,household & personal care,bad_product_name
alfagift,kebutuhan rumah,perawatan & pembersih,So Klin Bio-Matic Deterjen Cair + Pelembut Pakaian Mesin Cuci Fresh Scent Refill 1.45 L,36500.0,so klin bio-matic deterjen cair + pelembut pakaian mesin cuci fresh scent refill 1.45 l,False,True,Kebutuhan Rumah & Mandi,NEEDS,household & personal care,bad_product_name
alfagift,kebutuhan rumah,perawatan & pembersih,So Klin Bio-Matic Deterjen Bubuk + Pelembut Mesin Cuci Bukaan Atas 1.8 kg,33900.0,so klin bio-matic deterjen bubuk + pelembut mesin cuci bukaan atas 1.8 kg,False,True,Kebutuhan Rumah & Mandi,NEEDS,household & personal care,bad_product_name
alfagift,kebutuhan rumah,tisu,Paseo Tisu Basah Anti Bakteri 25 s - Beli 1 Gratis 1,9800.0,paseo tisu basah anti bakteri 25 s - beli 1 gratis 1,False,True,Kebutuhan Rumah & Mandi,NEEDS,household & personal care,bad_product_name
alfagift,kebutuhan rumah,tisu,Nuvo Family Tisu Basah Antiseptik Original 50 s - Beli 1 Gratis 1,14900.0,nuvo family tisu basah antiseptik original 50 s - beli 1 gratis 1,False,True,Kebutuhan Rumah & Mandi,NEEDS,household & personal care,bad_product_name
alfagift,kebutuhan rumah,tisu,Alfamart Tisu Wajah 180 s - Beli 2 Gratis 1,22900.0,alfamart tisu wajah 180 s - beli 2 gratis 1,False,True,Kebutuhan Rumah & Mandi,NEEDS,household & personal care,bad_product_name
alfagift,kebutuhan rumah,tisu,Unitei Tisu Basah Anti Bakteri 40 s - Beli 1 Gratis 1,23900.0,unitei tisu basah anti bakteri 40 s - beli 1 gratis 1,False,True,Kebutuhan Rumah & Mandi,NEEDS,household & personal care,bad_product_name
alfagift,makanan,makanan ringan,Delfi Treasures Cokelat Susu 30 g - Beli 1 Gratis 1,14600.0,delfi treasures cokelat susu 30 g - beli 1 gratis 1,False,True,Jajan & Nongkrong,WANTS,makanan,bad_product_name
alfagift,makanan,makanan ringan,Real Food Camilan Freeze Dried Apple 18 g,,real food camilan freeze dried apple 18 g,True,False,Jajan & Nongkrong,WANTS,makanan,bad_product_name
alfagift,makanan,makanan ringan,FRUTA GUMMY Permen Bervitamin 6 Mix Variants 45 g,5300.0,fruta gummy permen bervitamin 6 mix variants 45 g,False,True,Jajan & Nongkrong,WANTS,makanan,bad_product_name
alfagift,makanan,makanan ringan,Piattos Snack Kentang Sambal Geprek 65 g,11900.0,piattos snack kentang sambal geprek 65 g,False,True,Jajan & Nongkrong,WANTS,snack,bad_product_name
alfagift,makanan,makanan ringan,BonCabe Snack Kulit Pangsit Level 10 70 g,7700.0,boncabe snack kulit pangsit level 10 70 g,False,True,Jajan & Nongkrong,WANTS,makanan,bad_product_name
alfagift,makanan,makanan ringan,Mr. hottest Maitos Tortilla Sambal Balado 140 g,12200.0,mr. hottest maitos tortilla sambal balado 140 g,False,True,Jajan & Nongkrong,WANTS,makanan,bad_product_name
alfagift,makanan,makanan ringan,Woods' Peppermint Lozenges Permen Extra Strong Original 15 g,9800.0,woods peppermint lozenges permen extra strong original 15 g,False,True,Jajan & Nongkrong,WANTS,makanan,bad_product_name
alfagift,makanan,makanan ringan,Khong Guan Biskuit Assorted Merah Kaleng 1.6 kg,106500.0,khong guan biskuit assorted merah kaleng 1.6 kg,False,True,Jajan & Nongkrong,WANTS,makanan,bad_product_name
alfagift,makanan,makanan ringan,Chuba Keripik Singkong Sambal Balado 125 g,13300.0,chuba keripik singkong sambal balado 125 g,False,True,Jajan & Nongkrong,WANTS,makanan,bad_product_name
alfagift,makanan,makanan ringan,Kobe BonCabe Makaroni Krispi Level 15 135 g,11400.0,kobe boncabe makaroni krispi level 15 135 g,False,True,Jajan & Nongkrong,WANTS,makanan,bad_product_name
alfagift,makanan,makanan ringan,French Fries 2000 Kentang Goreng Pedas Level 3 128 g,15900.0,french fries 2000 kentang goreng pedas level 3 128 g,False,True,Jajan & Nongkrong,WANTS,movie snack,bad_product_name
alfagift,makanan,makanan ringan,Alfamart Makaroni Extra Pedas 200 g,16500.0,alfamart makaroni extra pedas 200 g,False,True,Jajan & Nongkrong,WANTS,makanan,bad_product_name
alfagift,makanan,makanan ringan,Chitato Keripik Kentang Ayam Bumbu 65 g,12400.0,chitato keripik kentang ayam bumbu 65 g,False,True,Jajan & Nongkrong,WANTS,snack,bad_product_name
alfagift,makanan,makanan ringan,Piattos Snack Kentang Sambal Geprek 115 g,16300.0,piattos snack kentang sambal geprek 115 g,False,True,Jajan & Nongkrong,WANTS,snack,bad_product_name
alfagift,makanan,makanan ringan,French Fries 2000 Kentang Goreng Pedas Level 3 60 g,7900.0,french fries 2000 kentang goreng pedas level 3 60 g,False,True,Jajan & Nongkrong,WANTS,movie snack,bad_product_name
alfagift,makanan,makanan ringan,Chitato Keripik Kentang Sapi Bumbu Bakar 65 g,12400.0,chitato keripik kentang sapi bumbu bakar 65 g,False,True,Jajan & Nongkrong,WANTS,snack,bad_product_name
alfagift,makanan,makanan ringan,Alfamart Popcorn Keju 65 gr,11500.0,alfamart popcorn keju 65 gr,False,True,Jajan & Nongkrong,WANTS,movie snack,bad_product_name
alfagift,makanan,makanan ringan,Tic Tic Stik Renyah Rasa Bawang Saos Sambal 65 g,,tic tic stik renyah rasa bawang saos sambal 65 g,True,False,Jajan & Nongkrong,WANTS,makanan,bad_product_name
alfagift,makanan,makanan ringan,Bu Nani Kacang Bumbu Original 250 g,,bu nani kacang bumbu original 250 g,True,False,Jajan & Nongkrong,WANTS,makanan,bad_product_name
alfagift,makanan,makanan ringan,Wong Coco Pudding Blueberry Yogurt Fat Free 120 g,3900.0,wong coco pudding blueberry yogurt fat free 120 g,False,True,Jajan & Nongkrong,WANTS,dessert,bad_product_name
alfagift,makanan,makanan ringan,Pamma Stik Talas Sambal Ebi Pedas 50 g,14500.0,pamma stik talas sambal ebi pedas 50 g,False,True,Jajan & Nongkrong,WANTS,makanan,bad_product_name
alfagift,makanan,makanan ringan,Strepsils Extra Strong Permen Pelega Tenggorokan 8 pcs,23400.0,strepsils extra strong permen pelega tenggorokan 8 pcs,False,True,Jajan & Nongkrong,WANTS,makanan,bad_product_name
alfagift,makanan,makanan ringan,Tao Kae Noi Crispy Seaweed Japanese Sauce 32 g,27900.0,tao kae noi crispy seaweed japanese sauce 32 g,False,True,Jajan & Nongkrong,WANTS,makanan,bad_product_name
alfagift,makanan,makanan ringan,Pamma Makaroni Crunch Rasa Saus Cabe Thailand 100 g,14900.0,pamma makaroni crunch rasa saus cabe thailand 100 g,False,True,Jajan & Nongkrong,WANTS,makanan,bad_product_name
alfagift,makanan,makanan ringan,Tao Kae Noi Big Sheet Crispy Seaweed Japanese Sauce Box 12 x 3.2 g,59900.0,tao kae noi big sheet crispy seaweed japanese sauce box 12 x 3.2 g,False,True,Jajan & Nongkrong,WANTS,combo meal,bad_product_name
alfagift,makanan,makanan ringan,Maicih Keripik Singkong Level 5 100 g,20500.0,maicih keripik singkong level 5 100 g,False,True,Jajan & Nongkrong,WANTS,makanan,bad_product_name
alfagift,makanan,makanan ringan,Taro Tempe Keripik Rasa Sambal Matah 50 g,7500.0,taro tempe keripik rasa sambal matah 50 g,False,True,Jajan & Nongkrong,WANTS,non-coffee drink,bad_product_name
alfagift,makanan,makanan ringan,Kobe Bon Cabe Camilan Mi Krispi Rasa Mi Goreng Mawut Level 15 64 g,4000.0,kobe bon cabe camilan mi krispi rasa mi goreng mawut level 15 64 g,False,True,Jajan & Nongkrong,WANTS,makanan,bad_product_name
alfagift,makanan,makanan ringan,Fisherman's Friend Permen Extra Strong Original 22 g,17900.0,fisherman s friend permen extra strong original 22 g,False,True,Jajan & Nongkrong,WANTS,makanan,bad_product_name
alfagift,makanan,makanan ringan,Pamma Keripik Basreng Sambal Cabe Merah Daun Jeruk 60 g,9100.0,pamma keripik basreng sambal cabe merah daun jeruk 60 g,False,True,Jajan & Nongkrong,WANTS,makanan,bad_product_name
alfagift,makanan,makanan ringan,Fisherman's Friend Permen Sugar Free Mint 22 g,17900.0,fisherman s friend permen sugar free mint 22 g,False,True,Jajan & Nongkrong,WANTS,makanan,bad_product_name
alfagift,makanan,makanan ringan,Kobe Bon Crispy Camilan Mi Krispi Rasa Mi Goreng Spesial Level 0 64 g,4000.0,kobe bon crispy camilan mi krispi rasa mi goreng spesial level 0 64 g,False,True,Jajan & Nongkrong,WANTS,makanan,bad_product_name
alfagift,makanan,makanan instan,Sedaap Tasty Mi Instan Ayam Saus Teriyaki 120 g,5500.0,sedaap tasty mi instan ayam saus teriyaki 120 g,False,True,Makan & Minum Harian,NEEDS,daily food,bad_product_name
alfagift,makanan,makanan instan,La Fonte Spageti Saus Bolognese 117 g,7800.0,la fonte spageti saus bolognese 117 g,False,True,Makan & Minum Harian,NEEDS,daily food,bad_product_name
alfagift,makanan,makanan instan,Gaga 100 Extra Pedas Mie Instan Cup Kuah Jalapeno 75 g,6900.0,gaga 100 extra pedas mie instan cup kuah jalapeno 75 g,False,True,Makan & Minum Harian,NEEDS,daily food,bad_product_name
alfagift,makanan,makanan instan,Wonhae Rose Ramyun Mi Instan Goreng Saus Krim Rose 97 g,10200.0,wonhae rose ramyun mi instan goreng saus krim rose 97 g,False,True,Makan & Minum Harian,NEEDS,daily food,bad_product_name
alfagift,makanan,makanan instan,Sun Bell Tuna Chili Sauce 185 g,19900.0,sun bell tuna chili sauce 185 g,False,True,Makan & Minum Harian,NEEDS,daily food,bad_product_name
alfagift,makanan,makanan instan,Sun Bell Tuna Bumbu Nasi Goreng 185 g,24500.0,sun bell tuna bumbu nasi goreng 185 g,False,True,Makan & Minum Harian,NEEDS,daily food,bad_product_name
alfagift,makanan,makanan instan,Nissin UFO Mi Goreng Instan Saus Jepang Cup 88 g,7900.0,nissin ufo mi goreng instan saus jepang cup 88 g,False,True,Makan & Minum Harian,NEEDS,daily food,bad_product_name
alfagift,makanan,makanan instan,San Remo Pasta & Saus Rasa Four Cheese 120 g,27000.0,san remo pasta & saus rasa four cheese 120 g,False,True,Makan & Minum Harian,NEEDS,daily food,bad_product_name
alfagift,makanan,makanan instan,Wong Coco Sweet Corn 425 gr,14500.0,wong coco sweet corn 425 gr,False,True,Makan & Minum Harian,NEEDS,daily food,bad_product_name
alfagift,makanan,makanan instan,Gaga 100 Extra Pedas Mie Instan Cup Kuah Soto 75 g,5900.0,gaga 100 extra pedas mie instan cup kuah soto 75 g,False,True,Makan & Minum Harian,NEEDS,daily food,bad_product_name
alfagift,makanan,makanan instan,Omoide Mi Udon Saus Carbonara 200 g,18200.0,omoide mi udon saus carbonara 200 g,False,True,Makan & Minum Harian,NEEDS,daily food,bad_product_name
alfagift,makanan,"roti, selai, & sereal",Goldenfil Choco Crunchy Topping 1 kg,67900.0,goldenfil choco crunchy topping 1 kg,False,True,Makan & Minum Harian,NEEDS,daily food,bad_product_name
alfagift,makanan,"roti, selai, & sereal",Morin Selai Topping Stroberi 300 g,21900.0,morin selai topping stroberi 300 g,False,True,Makan & Minum Harian,NEEDS,daily food,bad_product_name
alfagift,makanan,"roti, selai, & sereal",Morin Selai Topping Cokelat 300 g,25900.0,morin selai topping cokelat 300 g,False,True,Makan & Minum Harian,NEEDS,daily food,bad_product_name
alfagift,makanan,"roti, selai, & sereal",Quaker Oatmeal Instan 1.2 kg,67000.0,quaker oatmeal instan 1.2 kg,False,True,Makan & Minum Harian,NEEDS,daily food,bad_product_name
alfagift,makanan,"roti, selai, & sereal",Tropicana Slim Topping Madu Bebas Gula 350 ml,77500.0,tropicana slim topping madu bebas gula 350 ml,False,True,Makan & Minum Harian,NEEDS,daily food,bad_product_name
alfagift,minuman,minuman ringan,Fruit Tea Minuman Teh Freeze 500 ml,7600.0,fruit tea minuman teh freeze 500 ml,False,True,Jajan & Nongkrong,WANTS,minuman,bad_product_name
alfagift,minuman,minuman ringan,Red Bull Kratingdaeng Minuman Energi Gold Kaleng 250 ml,9100.0,red bull kratingdaeng minuman energi gold kaleng 250 ml,False,True,Jajan & Nongkrong,WANTS,minuman,bad_product_name
alfagift,minuman,minuman ringan,Extra Joss Ultimate Minuman Energi Kaleng 250 ml,7000.0,extra joss ultimate minuman energi kaleng 250 ml,False,True,Jajan & Nongkrong,WANTS,minuman,bad_product_name
alfagift,minuman,minuman ringan,Kara Nata De Coco 1 kg,21100.0,kara nata de coco 1 kg,False,True,Jajan & Nongkrong,WANTS,minuman,bad_product_name
alfagift,minuman,minuman ringan,Inaco Nata de Coco dalam Sirup Rasa Vanila 1 kg,17500.0,inaco nata de coco dalam sirup rasa vanila 1 kg,False,True,Jajan & Nongkrong,WANTS,minuman,bad_product_name
alfagift,minuman,minuman ringan,Inaco Nata de Coco Crispy Potongan Besar 1 kg,19300.0,inaco nata de coco crispy potongan besar 1 kg,False,True,Jajan & Nongkrong,WANTS,minuman,bad_product_name
alfagift,minuman,minuman ringan,Kratingdaeng Super Minuman Energi Botol 150 ml,7500.0,kratingdaeng super minuman energi botol 150 ml,False,True,Jajan & Nongkrong,WANTS,minuman,bad_product_name
alfagift,minuman,minuman ringan,Wong Coco Dugan Nata De Coco Rasa Cocopandan 1 kg,21000.0,wong coco dugan nata de coco rasa cocopandan 1 kg,False,True,Jajan & Nongkrong,WANTS,minuman,bad_product_name
alfagift,minuman,minuman ringan,Wong Coco Aloe Vera Minuman Lidah Buaya Rasa Lemon Bucket 1 kg,20000.0,wong coco aloe vera minuman lidah buaya rasa lemon bucket 1 kg,False,True,Jajan & Nongkrong,WANTS,minuman,bad_product_name
alfagift,minuman,minuman ringan,Kratingdaeng Minuman Energi Botol 150 ml,6700.0,kratingdaeng minuman energi botol 150 ml,False,True,Jajan & Nongkrong,WANTS,minuman,bad_product_name
alfagift,minuman,minuman ringan,Kara Nata de Coco Kemasan Ember 1 kg,18900.0,kara nata de coco kemasan ember 1 kg,False,True,Jajan & Nongkrong,WANTS,minuman,bad_product_name
alfagift,minuman,produk olahan susu,Mujigae Extra Creamy Susu Cair Rasa Pisang 250 ml,10900.0,mujigae extra creamy susu cair rasa pisang 250 ml,False,True,Makan & Minum Harian,NEEDS,daily food,bad_product_name
alfagift,minuman,produk olahan susu,Indomilk Kids Susu UHT Full Cream Tanpa Tambahan Gula Kotak 40 x 115 ml - Karton,105900.0,indomilk kids susu uht full cream tanpa tambahan gula kotak 40 x 115 ml - karton,False,True,Makan & Minum Harian,NEEDS,daily food,bad_product_name
alfagift,minuman,produk olahan susu,Cimory Minuman Yogurt Tanpa Gula Tambahan Stroberi & Mangga 240 ml,7600.0,cimory minuman yogurt tanpa gula tambahan stroberi & mangga 240 ml,False,True,Makan & Minum Harian,NEEDS,daily food,bad_product_name
alfagift,minuman,produk olahan susu,Cimory Minuman Yogurt Tanpa Gula Tambahan Blueberry 240 ml,7600.0,cimory minuman yogurt tanpa gula tambahan blueberry 240 ml,False,True,Makan & Minum Harian,NEEDS,daily food,bad_product_name
alfagift,minuman,produk olahan susu,Cimory Susu UHT Tanpa Gula Tambahan Cokelat 225 ml,7500.0,cimory susu uht tanpa gula tambahan cokelat 225 ml,False,True,Makan & Minum Harian,NEEDS,daily food,bad_product_name
alfagift,minuman,produk olahan susu,Cimory Susu UHT Tanpa Gula Tambahan Matcha 225 ml,7500.0,cimory susu uht tanpa gula tambahan matcha 225 ml,False,True,Makan & Minum Harian,NEEDS,daily food,bad_product_name
alfagift,minuman,produk olahan susu,Cimory Minuman Yogurt Tanpa Gula Tambahan Stroberi 240 ml,7600.0,cimory minuman yogurt tanpa gula tambahan stroberi 240 ml,False,True,Makan & Minum Harian,NEEDS,daily food,bad_product_name
alfagift,minuman,produk olahan susu,Cimory Susu UHT Tanpa Gula Tambahan Almond 225 ml,7500.0,cimory susu uht tanpa gula tambahan almond 225 ml,False,True,Makan & Minum Harian,NEEDS,daily food,bad_product_name
alfagift,minuman,produk olahan susu,Cimory Minuman Yogurt Tanpa Gula Tambahan Tropical Fruits 240 ml,7600.0,cimory minuman yogurt tanpa gula tambahan tropical fruits 240 ml,False,True,Makan & Minum Harian,NEEDS,daily food,bad_product_name
alfagift,minuman,produk olahan susu,Cimory Susu UHT Tanpa Gula Tambahan Marie Biscuit 225 ml,7500.0,cimory susu uht tanpa gula tambahan marie biscuit 225 ml,False,True,Makan & Minum Harian,NEEDS,daily food,bad_product_name
alfagift,minuman,produk olahan susu,Indomilk Kids Susu UHT Full Cream Tanpa Tambahan Gula Kotak 115 ml,3400.0,indomilk kids susu uht full cream tanpa tambahan gula kotak 115 ml,False,True,Makan & Minum Harian,NEEDS,daily food,bad_product_name
alfagift,minuman,produk olahan susu,HiLo Active Susu Bubuk Tinggi Kalsium Cokelat 1 kg,150000.0,hilo active susu bubuk tinggi kalsium cokelat 1 kg,False,True,Makan & Minum Harian,NEEDS,daily food,bad_product_name
alfagift,minuman,produk olahan susu,HiLo Teen Susu Bubuk Cokelat 1 kg,179000.0,hilo teen susu bubuk cokelat 1 kg,False,True,Makan & Minum Harian,NEEDS,daily food,bad_product_name
alfagift,minuman,minuman instan,Good Day Kopi Freeze Hazelnut Macchiato Sachet 5 x 30 g,15200.0,good day kopi freeze hazelnut macchiato sachet 5 x 30 g,False,True,Makan & Minum Harian,NEEDS,daily food,bad_product_name
alfagift,minuman,minuman instan,Tropicana Slim Minuman Cokelat Serbuk Instan Jeruk 4 x 15 gr,21000.0,tropicana slim minuman cokelat serbuk instan jeruk 4 x 15 gr,False,True,Makan & Minum Harian,NEEDS,daily food,bad_product_name
alfagift,produk segar & beku,makanan siap saji,So Good Sosis Jepang Keju Saus Pedas 55 g,9100.0,so good sosis jepang keju saus pedas 55 g,False,True,Makan & Minum Harian,NEEDS,daily food,bad_product_name
alfagift,produk segar & beku,makanan siap saji,Bean Spot Fried Chicken Sambal Matah,,bean spot fried chicken sambal matah,True,False,Makan & Minum Harian,NEEDS,daily food,bad_product_name
alfagift,produk segar & beku,makanan siap saji,Bean Spot Combo Nasi Ayam Dada / Paha Atas Sambal Matah,,bean spot combo nasi ayam dada / paha atas sambal matah,True,False,Makan & Minum Harian,NEEDS,daily food,bad_product_name
alfagift,produk segar & beku,makanan siap saji,Bean Spot Combo Nasi Ayam Dada / Paha Atas Sambal Bawang,,bean spot combo nasi ayam dada / paha atas sambal bawang,True,False,Makan & Minum Harian,NEEDS,daily food,bad_product_name
alfagift,produk segar & beku,makanan siap saji,Bean Spot Paket Nasi Ayam Kalasan Sambal Bawang,,bean spot paket nasi ayam kalasan sambal bawang,True,False,Makan & Minum Harian,NEEDS,daily food,bad_product_name
alfagift,produk segar & beku,makanan siap saji,Bean Spot Paket Nasi Ayam Kalasan Sambal Matah,,bean spot paket nasi ayam kalasan sambal matah,True,False,Makan & Minum Harian,NEEDS,daily food,bad_product_name
alfagift,produk segar & beku,makanan siap saji,Bean Spot Fried Chicken Sambal Bawang,,bean spot fried chicken sambal bawang,True,False,Makan & Minum Harian,NEEDS,daily food,bad_product_name
alfagift,produk segar & beku,makanan siap saji,Bean Spot Paket Nasi Ayam Sambal Matah,,bean spot paket nasi ayam sambal matah,True,False,Makan & Minum Harian,NEEDS,daily food,bad_product_name
alfagift,produk segar & beku,makanan siap saji,Bean Spot Paket Nasi Ayam Sambal Bawang,,bean spot paket nasi ayam sambal bawang,True,False,Makan & Minum Harian,NEEDS,daily food,bad_product_name
alfagift,produk segar & beku,makanan siap saji,Fiesta Ready to Go Bakso Daging Ayam Saus Barbekiu 60 g,8900.0,fiesta ready to go bakso daging ayam saus barbekiu 60 g,False,True,Makan & Minum Harian,NEEDS,daily food,bad_product_name
alfagift,produk segar & beku,makanan siap saji,Sozzis Fill-O Sosis Siap Makan Ayam Saus Keju 45 g,4100.0,sozzis fill-o sosis siap makan ayam saus keju 45 g,False,True,Makan & Minum Harian,NEEDS,daily food,bad_product_name
alfagift,produk segar & beku,makanan siap saji,So Good Sosis Jepang Saus Pedas 55 g,9400.0,so good sosis jepang saus pedas 55 g,False,True,Makan & Minum Harian,NEEDS,daily food,bad_product_name
alfagift,produk segar & beku,makanan siap saji,Bean Spot Combo Nasi Ayam Penyet Opor Dada/Paha Atas Sambal Matah,,bean spot combo nasi ayam penyet opor dada/paha atas sambal matah,True,False,Makan & Minum Harian,NEEDS,daily food,bad_product_name
alfagift,produk segar & beku,makanan siap saji,Bean Spot Combo Nasi Ayam Penyet Opor Dada/Paha Atas Sambal Bawang,,bean spot combo nasi ayam penyet opor dada/paha atas sambal bawang,True,False,Makan & Minum Harian,NEEDS,daily food,bad_product_name
alfagift,produk segar & beku,makanan siap saji,Bean Spot Combo Nasi Ayam Penyet Opor Sayap/Paha Bawah Sambal Bawang,,bean spot combo nasi ayam penyet opor sayap/paha bawah sambal bawang,True,False,Makan & Minum Harian,NEEDS,daily food,bad_product_name
alfagift,produk segar & beku,makanan siap saji,Bean Spot Combo Nasi Ayam Penyet Opor Sayap/Paha Bawah Sambal Matah,,bean spot combo nasi ayam penyet opor sayap/paha bawah sambal matah,True,False,Makan & Minum Harian,NEEDS,daily food,bad_product_name
alfagift,produk segar & beku,makanan siap saji,Nasgul Nasi Gulung Siap Makan Beef Bulgogi 80 gr,13900.0,nasgul nasi gulung siap makan beef bulgogi 80 gr,False,True,Makan & Minum Harian,NEEDS,daily food,bad_product_name
alfagift,produk segar & beku,makanan siap saji,Nasgul Nasi Gulung Siap Makan Sambal Teri 80 g,13900.0,nasgul nasi gulung siap makan sambal teri 80 g,False,True,Makan & Minum Harian,NEEDS,daily food,bad_product_name
alfagift,produk segar & beku,makanan segar,Buah Naga Merah 0.9-1.1 kg,,buah naga merah 0.9-1.1 kg,True,False,Makan & Minum Harian,NEEDS,daily food,bad_product_name
alfagift,produk segar & beku,makanan segar,Buah Pepaya California 1-1.5 kg,,buah pepaya california 1-1.5 kg,True,False,Makan & Minum Harian,NEEDS,daily food,bad_product_name
alfagift,produk segar & beku,makanan segar,Buah Semangka Merah 3-4 kg,,buah semangka merah 3-4 kg,True,False,Makan & Minum Harian,NEEDS,daily food,bad_product_name
alfagift,produk segar & beku,makanan segar,Buah Jeruk Sunkist Navel 0.9-1.1 kg,,buah jeruk sunkist navel 0.9-1.1 kg,True,False,Makan & Minum Harian,NEEDS,daily food,bad_product_name
alfagift,produk segar & beku,makanan segar,Kentang Dieng AB 0.9-1 kg,,kentang dieng ab 0.9-1 kg,True,False,Makan & Minum Harian,NEEDS,daily food,bad_product_name
alfagift,produk segar & beku,makanan segar,Mangga Harum Manis 0.9-1.1 kg,,mangga harum manis 0.9-1.1 kg,True,False,Makan & Minum Harian,NEEDS,daily food,bad_product_name
alfagift,produk segar & beku,makanan beku,Golden Farm Kentang Goreng Shoestring 1 kg,,golden farm kentang goreng shoestring 1 kg,True,False,Makan & Minum Harian,NEEDS,daily food,bad_product_name
alfagift,produk segar & beku,makanan beku,So Good Paha & Dada Ayam Siap Olah 1 kg,,so good paha & dada ayam siap olah 1 kg,True,False,Makan & Minum Harian,NEEDS,daily food,bad_product_name
alfagift,produk segar & beku,es krim,Wall's Es Krim 3 in 1 Extra Creamy Neopolitana 350 ml,25000.0,wall s es krim 3 in 1 extra creamy neopolitana 350 ml,False,True,Jajan & Nongkrong,WANTS,ice cream,bad_product_name
alfagift,produk segar & beku,makanan kemasan,Botan Sarden Mackerel Saus Tomat Kaleng 425 g,42500.0,botan sarden mackerel saus tomat kaleng 425 g,False,True,Makan & Minum Harian,NEEDS,daily food,bad_product_name
alfagift,produk segar & beku,makanan kemasan,ABC Sarden Saus Tomat 425 g,29500.0,abc sarden saus tomat 425 g,False,True,Makan & Minum Harian,NEEDS,daily food,bad_product_name
alfagift,produk segar & beku,makanan kemasan,ABC Sarden Saus Ekstra Pedas 425 g,29500.0,abc sarden saus ekstra pedas 425 g,False,True,Makan & Minum Harian,NEEDS,daily food,bad_product_name
alfagift,produk segar & beku,makanan kemasan,ABC Sarden Saus Cabai 425 g,29500.0,abc sarden saus cabai 425 g,False,True,Makan & Minum Harian,NEEDS,daily food,bad_product_name
alfagift,produk segar & beku,makanan kemasan,ABC Sarden Saus Ekstra Pedas 155 g,10900.0,abc sarden saus ekstra pedas 155 g,False,True,Makan & Minum Harian,NEEDS,daily food,bad_product_name
alfagift,produk segar & beku,makanan kemasan,ABC Sarden Saus Cabai 155 g,10900.0,abc sarden saus cabai 155 g,False,True,Makan & Minum Harian,NEEDS,daily food,bad_product_name
alfagift,produk segar & beku,makanan kemasan,Botan Sarden Saus Tomat Kaleng 155 g,11400.0,botan sarden saus tomat kaleng 155 g,False,True,Makan & Minum Harian,NEEDS,daily food,bad_product_name
alfagift,produk segar & beku,makanan kemasan,Botan Sarden Mackerel Saus Tomat Kaleng 155 g,15900.0,botan sarden mackerel saus tomat kaleng 155 g,False,True,Makan & Minum Harian,NEEDS,daily food,bad_product_name
alfagift,produk segar & beku,makanan kemasan,Fiesta Seafood Makarel Saus Cabai Kaleng 425 g,23500.0,fiesta seafood makarel saus cabai kaleng 425 g,False,True,Makan & Minum Harian,NEEDS,daily food,bad_product_name
alfagift,produk segar & beku,makanan kemasan,TKS Ikan Tuna Sambal Rica-Rica 180 g,,tks ikan tuna sambal rica-rica 180 g,True,False,Makan & Minum Harian,NEEDS,daily food,bad_product_name
alfagift,produk segar & beku,makanan kemasan,TKS Ikan Tuna Sambal Woku 180 g,,tks ikan tuna sambal woku 180 g,True,False,Makan & Minum Harian,NEEDS,daily food,bad_product_name
alfagift,produk segar & beku,makanan kemasan,Fiesta Seafood Sarden Saus Cabai Kaleng 155 g,10700.0,fiesta seafood sarden saus cabai kaleng 155 g,False,True,Makan & Minum Harian,NEEDS,daily food,bad_product_name
alfagift,produk segar & beku,makanan kemasan,Sunpride Tropical Fruit Salad Buah Kaleng dalam Sirup 825 gr,19900.0,sunpride tropical fruit salad buah kaleng dalam sirup 825 gr,False,True,Makan & Minum Harian,NEEDS,daily food,bad_product_name
alfagift,personal care,perawatan tubuh,Vaseline Healthy Bright UV Extra Brightening Lotion Pelembap Tubuh GlutaGlow 100 ml,21900.0,vaseline healthy bright uv extra brightening lotion pelembap tubuh glutaglow 100 ml,False,True,Kebutuhan Rumah & Mandi,NEEDS,household & personal care,bad_product_name
alfagift,personal care,perawatan tubuh,Vaseline Healthy Bright UV Extra Brightening Lotion Pelembap Tubuh GlutaGlow 200 ml,35500.0,vaseline healthy bright uv extra brightening lotion pelembap tubuh glutaglow 200 ml,False,True,Kebutuhan Rumah & Mandi,NEEDS,household & personal care,bad_product_name
alfagift,personal care,perawatan tubuh,Lady Speed Deodoran Stik Wild Freesia 45 g,49000.0,lady speed deodoran stik wild freesia 45 g,False,True,Kebutuhan Rumah & Mandi,NEEDS,household & personal care,bad_product_name
alfagift,personal care,perawatan tubuh,Biore Serum Sabun Mandi Cair Pampering Almond Oil & Freesia 380 ml,28000.0,biore serum sabun mandi cair pampering almond oil & freesia 380 ml,False,True,Kebutuhan Rumah & Mandi,NEEDS,household & personal care,bad_product_name
alfagift,personal care,perawatan tubuh,Nivea Extra Bright Lotion Pelembap Tubuh Radiant & Smooth Pump 380 ml,67900.0,nivea extra bright lotion pelembap tubuh radiant & smooth pump 380 ml,False,True,Kebutuhan Rumah & Mandi,NEEDS,household & personal care,bad_product_name
alfagift,personal care,perawatan tubuh,Nivea Extra Bright Lotion Pelembap Tubuh Repair & Protect Pump 380 ml,70000.0,nivea extra bright lotion pelembap tubuh repair & protect pump 380 ml,False,True,Kebutuhan Rumah & Mandi,NEEDS,household & personal care,bad_product_name
alfagift,personal care,perawatan tubuh,Azarine BT21 Serum Sunscreen Tubuh SPF 50 Young & Free Tube 100 ml,61900.0,azarine bt21 serum sunscreen tubuh spf 50 young & free tube 100 ml,False,True,Kebutuhan Rumah & Mandi,NEEDS,household & personal care,bad_product_name
alfagift,personal care,perawatan tubuh,Deorex Body Odorizer Spray Extra Whitening 60 ml,69900.0,deorex body odorizer spray extra whitening 60 ml,False,True,Kebutuhan Rumah & Mandi,NEEDS,household & personal care,bad_product_name
alfagift,personal care,perawatan tubuh,Nivea Extra Bright 10 Super Vitamin Serum Pelembap Tubuh SPF 15 320 ml,95000.0,nivea extra bright 10 super vitamin serum pelembap tubuh spf 15 320 ml,False,True,Kebutuhan Rumah & Mandi,NEEDS,household & personal care,bad_product_name
alfagift,personal care,perawatan tubuh,Nivea Extra Bright Deodoran Spray Radiant & Smooth 150 ml,57900.0,nivea extra bright deodoran spray radiant & smooth 150 ml,False,True,Kebutuhan Rumah & Mandi,NEEDS,household & personal care,bad_product_name
alfagift,personal care,perawatan tubuh,Nivea Men Deodoran Spray Cool Kick Extra Dry 150 ml,57900.0,nivea men deodoran spray cool kick extra dry 150 ml,False,True,Kebutuhan Rumah & Mandi,NEEDS,household & personal care,bad_product_name
alfagift,personal care,perawatan tubuh,Rexona Deodoran Lotion Wanita Free Spirit 45 g,5000.0,rexona deodoran lotion wanita free spirit 45 g,False,True,Kebutuhan Rumah & Mandi,NEEDS,household & personal care,bad_product_name
alfagift,personal care,perawatan tubuh,Lux Skin Science Sabun Mandi Cair Freesia Fragrance Refill 360 g,29900.0,lux skin science sabun mandi cair freesia fragrance refill 360 g,False,True,Kebutuhan Rumah & Mandi,NEEDS,household & personal care,bad_product_name
alfagift,personal care,perawatan tubuh,Citra Extra Moist & Bright Lotion Pelembap Tubuh Avocado 210 ml,22900.0,citra extra moist & bright lotion pelembap tubuh avocado 210 ml,False,True,Kebutuhan Rumah & Mandi,NEEDS,household & personal care,bad_product_name
alfagift,personal care,perawatan tubuh,Nivea Extra Bright Lotion Pelembap Tubuh Instant Glow 190 ml,40500.0,nivea extra bright lotion pelembap tubuh instant glow 190 ml,False,True,Kebutuhan Rumah & Mandi,NEEDS,household & personal care,bad_product_name
alfagift,personal care,perawatan tubuh,Nivea Extra Bright Serum Pelembap Tubuh Vitamin Super C+ SPF 50 170 ml,84500.0,nivea extra bright serum pelembap tubuh vitamin super c+ spf 50 170 ml,False,True,Kebutuhan Rumah & Mandi,NEEDS,household & personal care,bad_product_name
alfagift,personal care,perawatan tubuh,Nivea Extra Bright Lotion Pelembap & Pencerah Tubuh Vitamin C & E 180 ml,49500.0,nivea extra bright lotion pelembap & pencerah tubuh vitamin c & e 180 ml,False,True,Kebutuhan Rumah & Mandi,NEEDS,household & personal care,bad_product_name
alfagift,personal care,perawatan tubuh,Rexona Deodoran Roll On Wanita Free Spirit 45 ml,23000.0,rexona deodoran roll on wanita free spirit 45 ml,False,True,Kebutuhan Rumah & Mandi,NEEDS,household & personal care,bad_product_name
alfagift,personal care,perawatan tubuh,Emina UV Water Gel Sunscreen SPF 50 PA++++ 25 ml,38900.0,emina uv water gel sunscreen spf 50 pa++++ 25 ml,False,True,Kebutuhan Rumah & Mandi,NEEDS,household & personal care,bad_product_name
alfagift,personal care,perawatan tubuh,Nivea Extra Bright Radiant & Smooth Deodoran Roll On Wanita 50 ml,28400.0,nivea extra bright radiant & smooth deodoran roll on wanita 50 ml,False,True,Kebutuhan Rumah & Mandi,NEEDS,household & personal care,bad_product_name
alfagift,personal care,perawatan tubuh,Nivea Extra Bright Serum Pelembap Tubuh SPF 15 Care & Protect Tube 180 ml,24900.0,nivea extra bright serum pelembap tubuh spf 15 care & protect tube 180 ml,False,True,Kebutuhan Rumah & Mandi,NEEDS,household & personal care,bad_product_name
alfagift,personal care,perawatan tubuh,Nivea Extra Bright Serum Eksfoliasi Tubuh Vitamin C & AHA 170 ml,42500.0,nivea extra bright serum eksfoliasi tubuh vitamin c & aha 170 ml,False,True,Kebutuhan Rumah & Mandi,NEEDS,household & personal care,bad_product_name
alfagift,personal care,perawatan tubuh,Nivea Extra Bright Serum Tubuh Super Vitamin Youth Perfect 170 ml,50500.0,nivea extra bright serum tubuh super vitamin youth perfect 170 ml,False,True,Kebutuhan Rumah & Mandi,NEEDS,household & personal care,bad_product_name
alfagift,personal care,perawatan tubuh,Nivea Extra Bright Serum Pelembap Tubuh 10 Super Vitamin SPF 15 170 ml,31900.0,nivea extra bright serum pelembap tubuh 10 super vitamin spf 15 170 ml,False,True,Kebutuhan Rumah & Mandi,NEEDS,household & personal care,bad_product_name
alfagift,personal care,perawatan tubuh,Natur-E Active Beauty Lotion Pelembap Tubuh Protect & Glow / Nourishing Revitalizing 245 ml,28900.0,natur-e active beauty lotion pelembap tubuh protect & glow / nourishing revitalizing 245 ml,False,True,Kebutuhan Rumah & Mandi,NEEDS,household & personal care,bad_product_name
alfagift,personal care,perawatan tubuh,Biore Serum Sabun Mandi Cair Pampering Almond Oil & Freesia 550 ml,65000.0,biore serum sabun mandi cair pampering almond oil & freesia 550 ml,False,True,Kebutuhan Rumah & Mandi,NEEDS,household & personal care,bad_product_name
alfagift,personal care,perawatan tubuh,Nivea Extra Bright Serum Pelembap Tubuh Instant Glow Tube 180 ml,34000.0,nivea extra bright serum pelembap tubuh instant glow tube 180 ml,False,True,Kebutuhan Rumah & Mandi,NEEDS,household & personal care,bad_product_name
alfagift,personal care,perawatan pria,Kahf Deodoran Roll On Pria Extra Dry 45 ml,28900.0,kahf deodoran roll on pria extra dry 45 ml,False,True,Kebutuhan Rumah & Mandi,NEEDS,household & personal care,bad_product_name
alfagift,personal care,perawatan pria,Nivea Men Extra Bright Pembersih Wajah Scrub Vitamin C & HYA 100 ml,39000.0,nivea men extra bright pembersih wajah scrub vitamin c & hya 100 ml,False,True,Kebutuhan Rumah & Mandi,NEEDS,household & personal care,bad_product_name
alfagift,personal care,perawatan pria,Nivea Men Deodoran Roll On Cool Kick Extra Dry 50 ml,25700.0,nivea men deodoran roll on cool kick extra dry 50 ml,False,True,Kebutuhan Rumah & Mandi,NEEDS,household & personal care,bad_product_name
alfagift,personal care,perawatan pria,Nivea Men Deodoran Roll On Cool Kick Freezy Green 50 ml,25200.0,nivea men deodoran roll on cool kick freezy green 50 ml,False,True,Kebutuhan Rumah & Mandi,NEEDS,household & personal care,bad_product_name
alfagift,personal care,perawatan pria,Nivea Men Extra Bright Foam Pembersih Wajah Pria Mencerahkan 100 ml,44700.0,nivea men extra bright foam pembersih wajah pria mencerahkan 100 ml,False,True,Kebutuhan Rumah & Mandi,NEEDS,household & personal care,bad_product_name
alfagift,personal care,perawatan pria,Gillette Flexi 3 Blue Free Fire Alat Cukur 3 pcs,41000.0,gillette flexi 3 blue free fire alat cukur 3 pcs,False,True,Kebutuhan Rumah & Mandi,NEEDS,household & personal care,bad_product_name
alfagift,personal care,perawatan pria,Men's Biore Pembersih Wajah Scrub Oil Clear Extra Cool 100 g,36500.0,men s biore pembersih wajah scrub oil clear extra cool 100 g,False,True,Kebutuhan Rumah & Mandi,NEEDS,household & personal care,bad_product_name
alfagift,personal care,perawatan pria,Alfamart Alat Cukur One Piece Buy 2 Get 1 Free,18400.0,alfamart alat cukur one piece buy 2 get 1 free,False,True,Kebutuhan Rumah & Mandi,NEEDS,household & personal care,bad_product_name
alfagift,personal care,perawatan pria,Nivea Men Extra Bright Pembersih Wajah Mud Foam 100 ml,44900.0,nivea men extra bright pembersih wajah mud foam 100 ml,False,True,Kebutuhan Rumah & Mandi,NEEDS,household & personal care,bad_product_name
alfagift,personal care,perawatan rambut,Makarizo Hair Energy Fibertherapy Masker Rambut Royal Jelly Extract 30 g,9500.0,makarizo hair energy fibertherapy masker rambut royal jelly extract 30 g,False,True,Kebutuhan Rumah & Mandi,NEEDS,household & personal care,bad_product_name
alfagift,personal care,perawatan rambut,Makarizo Hair Energy Fibertherapy Masker Rambut Aloe & Melon Extract 30 g,9500.0,makarizo hair energy fibertherapy masker rambut aloe & melon extract 30 g,False,True,Kebutuhan Rumah & Mandi,NEEDS,household & personal care,bad_product_name
alfagift,personal care,perawatan rambut,L'Oreal Paris Elseve Extraordinary Oil Serum Rambut Gold 100 ml,119000.0,l oreal paris elseve extraordinary oil serum rambut gold 100 ml,False,True,Kebutuhan Rumah & Mandi,NEEDS,household & personal care,bad_product_name
alfagift,personal care,perawatan rambut,L'Oreal Paris Elseve Hyaluron Pure Kondisioner Rehydrating 265 ml,65000.0,l oreal paris elseve hyaluron pure kondisioner rehydrating 265 ml,False,True,Kebutuhan Rumah & Mandi,NEEDS,household & personal care,bad_product_name
alfagift,personal care,perawatan rambut,Makarizo Hair Energy Fibertherapy Creambath Masker Rambut Ginseng Extract 500 ml,65000.0,makarizo hair energy fibertherapy creambath masker rambut ginseng extract 500 ml,False,True,Kebutuhan Rumah & Mandi,NEEDS,household & personal care,bad_product_name
alfagift,personal care,perawatan rambut,Makarizo Hair Energy Fibertherapy Masker Rambut Royal Jelly Extract 500 ml,85000.0,makarizo hair energy fibertherapy masker rambut royal jelly extract 500 ml,False,True,Kebutuhan Rumah & Mandi,NEEDS,household & personal care,bad_product_name
alfagift,personal care,perawatan rambut,Makarizo Hair Energy Fibertherapy Masker Rambut Aloe & Melon Extract 500 g,85000.0,makarizo hair energy fibertherapy masker rambut aloe & melon extract 500 g,False,True,Kebutuhan Rumah & Mandi,NEEDS,household & personal care,bad_product_name
alfagift,personal care,perawatan rambut,Wonderlux Spray Setter Hair Spray Extra Hold 150 ml,70900.0,wonderlux spray setter hair spray extra hold 150 ml,False,True,Kebutuhan Rumah & Mandi,NEEDS,household & personal care,bad_product_name
alfagift,personal care,perawatan rambut,L'Oreal Paris Elseve Extraordinary Oil Serum Rambut Gold 30 ml,56500.0,l oreal paris elseve extraordinary oil serum rambut gold 30 ml,False,True,Kebutuhan Rumah & Mandi,NEEDS,household & personal care,bad_product_name
alfagift,personal care,perawatan wajah,Azarine Hydrasoothe Sunscreen Wajah Gel SPF 45 PA++++ 30 ml,39000.0,azarine hydrasoothe sunscreen wajah gel spf 45 pa++++ 30 ml,False,True,Hobi & Self-Reward,WANTS,lifestyle / self reward,bad_product_name
alfagift,personal care,perawatan wajah,Pond's Age Miracle Hexyl Retinol Whip Krim Pelembap Wajah Ultimate Youth Anti Aging 20 g,,pond s age miracle hexyl retinol whip krim pelembap wajah ultimate youth anti aging 20 g,True,False,Hobi & Self-Reward,WANTS,lifestyle / self reward,bad_product_name
alfagift,personal care,perawatan wajah,Skin Aqua Tone Up UV Essence Sunscreen Wajah SPF 50 PA++++ 40 ml,59000.0,skin aqua tone up uv essence sunscreen wajah spf 50 pa++++ 40 ml,False,True,Hobi & Self-Reward,WANTS,lifestyle / self reward,bad_product_name
alfagift,personal care,perawatan wajah,The Originote Pembersih Wajah Cicamide Low pH 150 ml,42900.0,the originote pembersih wajah cicamide low ph 150 ml,False,True,Hobi & Self-Reward,WANTS,lifestyle / self reward,bad_product_name
alfagift,personal care,perawatan wajah,Freeman Hydrating Masker Wajah Gel Krim Glacier Water + Pink Peony 175 ml,45000.0,freeman hydrating masker wajah gel krim glacier water + pink peony 175 ml,False,True,Hobi & Self-Reward,WANTS,lifestyle / self reward,bad_product_name
alfagift,personal care,perawatan wajah,Freeman Anti-Stress Masker Wajah Clay Dead Sea Minerals 175 ml,45000.0,freeman anti-stress masker wajah clay dead sea minerals 175 ml,False,True,Hobi & Self-Reward,WANTS,lifestyle / self reward,bad_product_name
alfagift,personal care,perawatan wajah,Pond's UV Miracle Sunscreen Wajah Hydrate SPF 50 PA++++ 15 g,20700.0,pond s uv miracle sunscreen wajah hydrate spf 50 pa++++ 15 g,False,True,Hobi & Self-Reward,WANTS,lifestyle / self reward,bad_product_name
alfagift,personal care,perawatan wajah,The Originote Sunscreen Wajah Ceramella SPF 50 Tube 50 g,48500.0,the originote sunscreen wajah ceramella spf 50 tube 50 g,False,True,Hobi & Self-Reward,WANTS,lifestyle / self reward,bad_product_name
alfagift,personal care,perawatan wajah,The Originote Mugwort B3 Masker Wajah Clay Stik 40 g,43900.0,the originote mugwort b3 masker wajah clay stik 40 g,False,True,Hobi & Self-Reward,WANTS,lifestyle / self reward,bad_product_name
alfagift,personal care,perawatan wajah,Nivea Sun Extra Protect Aura Sunscreen Serum Pencerah Wajah SPF 50+ PA+++ 30 ml,65000.0,nivea sun extra protect aura sunscreen serum pencerah wajah spf 50+ pa+++ 30 ml,False,True,Hobi & Self-Reward,WANTS,lifestyle / self reward,bad_product_name
alfagift,personal care,perawatan wajah,Wardah UV Shield Sunscreen Serum Wajah Bright-C Hydrating SPF 35 40 ml,40500.0,wardah uv shield sunscreen serum wajah bright-c hydrating spf 35 40 ml,False,True,Hobi & Self-Reward,WANTS,lifestyle / self reward,bad_product_name
alfagift,personal care,perawatan wajah,The Originote Hyalu-BHA Micellar Water Pembersih Make Up 300 ml,47300.0,the originote hyalu-bha micellar water pembersih make up 300 ml,False,True,Hobi & Self-Reward,WANTS,lifestyle / self reward,bad_product_name
alfagift,personal care,perawatan wajah,The Originote Moisturizer Pelembap Wajah Brightening 50 ml,47000.0,the originote moisturizer pelembap wajah brightening 50 ml,False,True,Hobi & Self-Reward,WANTS,lifestyle / self reward,bad_product_name
alfagift,personal care,perawatan wajah,The Originote Tisu Pembersih Wajah Micellar 10 s,17900.0,the originote tisu pembersih wajah micellar 10 s,False,True,Hobi & Self-Reward,WANTS,lifestyle / self reward,bad_product_name
alfagift,personal care,perawatan wajah,Kojiesan Skin Lightening Sabun Mandi Batang Pencerah Wajah & Tubuh Travel Pack 6 x 20 g,36500.0,kojiesan skin lightening sabun mandi batang pencerah wajah & tubuh travel pack 6 x 20 g,False,True,Hobi & Self-Reward,WANTS,lifestyle / self reward,bad_product_name
alfagift,personal care,perawatan wajah,The Originote Micellar Water Pembersih Makeup Hyalurose Pump 300 ml,46900.0,the originote micellar water pembersih makeup hyalurose pump 300 ml,False,True,Hobi & Self-Reward,WANTS,beauty / self care,bad_product_name
alfagift,personal care,perawatan wajah,Hanasui Lightweight Pro Calming Sunscreen Wajah SPF 50 PA++++ 30 ml,32900.0,hanasui lightweight pro calming sunscreen wajah spf 50 pa++++ 30 ml,False,True,Hobi & Self-Reward,WANTS,lifestyle / self reward,bad_product_name
alfagift,personal care,perawatan wajah,The Originote Moisturizer Pelembap Wajah Hyalucera 50 ml,43500.0,the originote moisturizer pelembap wajah hyalucera 50 ml,False,True,Hobi & Self-Reward,WANTS,lifestyle / self reward,bad_product_name
alfagift,personal care,riasan wajah & tubuh,Maybelline Superstay Lip Cream Vinyl Ink Matte 130 Extra,135000.0,maybelline superstay lip cream vinyl ink matte 130 extra,False,True,Hobi & Self-Reward,WANTS,beauty / self care,bad_product_name
alfagift,personal care,pembalut & popok dewasa,Charm Body Fit Pembalut Wanita Extra Maxi Wing 23 cm 10 pcs,11900.0,charm body fit pembalut wanita extra maxi wing 23 cm 10 pcs,False,True,Kebutuhan Rumah & Mandi,NEEDS,household & personal care,bad_product_name
alfagift,personal care,pembalut & popok dewasa,Charm Body Fit Pembalut Wanita Extra Maxi Non Wing 23 cm 30 pcs,23200.0,charm body fit pembalut wanita extra maxi non wing 23 cm 30 pcs,False,True,Kebutuhan Rumah & Mandi,NEEDS,household & personal care,bad_product_name
alfagift,personal care,pembalut & popok dewasa,Charm Body Fit Pembalut Wanita Extra Maxi Wing 23 cm 28 pcs,21500.0,charm body fit pembalut wanita extra maxi wing 23 cm 28 pcs,False,True,Kebutuhan Rumah & Mandi,NEEDS,household & personal care,bad_product_name
alfagift,personal care,pembalut & popok dewasa,Lifree Popok Perekat Dewasa L 7 pcs,46900.0,lifree popok perekat dewasa l 7 pcs,False,True,Kebutuhan Rumah & Mandi,NEEDS,household & personal care,bad_product_name
alfagift,personal care,pembalut & popok dewasa,Lifree Tipis & Nyaman Popok Celana Dewasa XL 6 pcs,56900.0,lifree tipis & nyaman popok celana dewasa xl 6 pcs,False,True,Kebutuhan Rumah & Mandi,NEEDS,household & personal care,bad_product_name
alfagift,personal care,pembalut & popok dewasa,Lifree Tipis & Nyaman Popok Celana Dewasa L 8 pcs,56900.0,lifree tipis & nyaman popok celana dewasa l 8 pcs,False,True,Kebutuhan Rumah & Mandi,NEEDS,household & personal care,bad_product_name
alfagift,personal care,pembalut & popok dewasa,Lifree Popok Celana Dewasa Ekstra Serap M 10 pcs,59900.0,lifree popok celana dewasa ekstra serap m 10 pcs,False,True,Kebutuhan Rumah & Mandi,NEEDS,household & personal care,bad_product_name
alfagift,personal care,pembalut & popok dewasa,Lifree Popok Perekat Dewasa XL 6 pcs,46900.0,lifree popok perekat dewasa xl 6 pcs,False,True,Kebutuhan Rumah & Mandi,NEEDS,household & personal care,bad_product_name
alfagift,personal care,pembalut & popok dewasa,Lifree Tipis & Nyaman Popok Celana Dewasa M 10 pcs,56900.0,lifree tipis & nyaman popok celana dewasa m 10 pcs,False,True,Kebutuhan Rumah & Mandi,NEEDS,household & personal care,bad_product_name
alfagift,personal care,pembalut & popok dewasa,Carefree Pantyliner Breathable 40 pcs,27000.0,carefree pantyliner breathable 40 pcs,False,True,Kebutuhan Rumah & Mandi,NEEDS,household & personal care,bad_product_name
alfagift,personal care,pembalut & popok dewasa,Carefree Pantyliner Healthy Fresh 40 pcs,30900.0,carefree pantyliner healthy fresh 40 pcs,False,True,Kebutuhan Rumah & Mandi,NEEDS,household & personal care,bad_product_name
alfagift,personal care,pembalut & popok dewasa,Lifree Ekstra Serap Popok Celana Dewasa XXL 5 pcs,59900.0,lifree ekstra serap popok celana dewasa xxl 5 pcs,False,True,Kebutuhan Rumah & Mandi,NEEDS,household & personal care,bad_product_name
alfagift,personal care,pembalut & popok dewasa,Lifree Ekstra Serap Popok Celana Dewasa XL 6 pcs,59900.0,lifree ekstra serap popok celana dewasa xl 6 pcs,False,True,Kebutuhan Rumah & Mandi,NEEDS,household & personal care,bad_product_name
alfagift,personal care,pembalut & popok dewasa,Lifree Ekstra Serap Popok Celana Dewasa L 8 pcs,59900.0,lifree ekstra serap popok celana dewasa l 8 pcs,False,True,Kebutuhan Rumah & Mandi,NEEDS,household & personal care,bad_product_name
alfagift,personal care,pembalut & popok dewasa,Lifree Popok Perekat Dewasa M 8 pcs,,lifree popok perekat dewasa m 8 pcs,True,False,Kebutuhan Rumah & Mandi,NEEDS,household & personal care,bad_product_name
alfagift,personal care,pembalut & popok dewasa,Charm Body Fit Pembalut Wanita Extra Maxi Non Wing 23 cm 10 pcs,7300.0,charm body fit pembalut wanita extra maxi non wing 23 cm 10 pcs,False,True,Kebutuhan Rumah & Mandi,NEEDS,household & personal care,bad_product_name
alfagift,personal care,perawatan gigi & mulut,Oral-B Sikat Gigi Soft & Slim Extra Soft,20400.0,oral-b sikat gigi soft & slim extra soft,False,True,Kebutuhan Rumah & Mandi,NEEDS,household & personal care,bad_product_name
alfagift,personal care,perawatan gigi & mulut,Darlie Sikat Gigi Spiral Clean Extra Soft,17000.0,darlie sikat gigi spiral clean extra soft,False,True,Kebutuhan Rumah & Mandi,NEEDS,household & personal care,bad_product_name
alfagift,personal care,perawatan gigi & mulut,Sensodyne Pasta Gigi Repair & Protect Extra Fresh 100 g,51900.0,sensodyne pasta gigi repair & protect extra fresh 100 g,False,True,Kebutuhan Rumah & Mandi,NEEDS,household & personal care,bad_product_name
alfagift,personal care,parfum & cologne,Scarlett Whitening Extrait De Parfum Velvet Rouge 30 ml,55900.0,scarlett whitening extrait de parfum velvet rouge 30 ml,False,True,Hobi & Self-Reward,WANTS,beauty / self care,bad_product_name
alfagift,personal care,parfum & cologne,Eversense Extrait de Parfum Wanita Purple Hibiscus 30 ml,47900.0,eversense extrait de parfum wanita purple hibiscus 30 ml,False,True,Hobi & Self-Reward,WANTS,beauty / self care,bad_product_name
alfagift,personal care,parfum & cologne,Eversense Extrait de Parfum Wanita Pink Lotus 30 ml,47900.0,eversense extrait de parfum wanita pink lotus 30 ml,False,True,Hobi & Self-Reward,WANTS,beauty / self care,bad_product_name
alfagift,personal care,parfum & cologne,Scarlett Extrait De Parfum Sahara Mirage 30 ml,59900.0,scarlett extrait de parfum sahara mirage 30 ml,False,True,Hobi & Self-Reward,WANTS,beauty / self care,bad_product_name
alfagift,personal care,parfum & cologne,Kahf Extrait de Parfum Pria Ambremusc 50 ml,,kahf extrait de parfum pria ambremusc 50 ml,True,False,Hobi & Self-Reward,WANTS,beauty / self care,bad_product_name
alfagift,personal care,parfum & cologne,Kahf Extrait de Parfum Pria Silverwood 50 ml,,kahf extrait de parfum pria silverwood 50 ml,True,False,Hobi & Self-Reward,WANTS,beauty / self care,bad_product_name
alfagift,personal care,parfum & cologne,Kahf Extrait de Parfum Pria Spicestone 50 ml,,kahf extrait de parfum pria spicestone 50 ml,True,False,Hobi & Self-Reward,WANTS,beauty / self care,bad_product_name
alfagift,personal care,parfum & cologne,Kahf Extrait de Parfum Pria Neofougere 50 ml,,kahf extrait de parfum pria neofougere 50 ml,True,False,Hobi & Self-Reward,WANTS,beauty / self care,bad_product_name
alfagift,personal care,parfum & cologne,Kahf Extrait de Parfum Pria Leatherfield 50 ml,,kahf extrait de parfum pria leatherfield 50 ml,True,False,Hobi & Self-Reward,WANTS,beauty / self care,bad_product_name
alfagift,personal care,parfum & cologne,Kahf Extrait de Parfum Pria Santalscape 50 ml,,kahf extrait de parfum pria santalscape 50 ml,True,False,Hobi & Self-Reward,WANTS,beauty / self care,bad_product_name
alfagift,personal care,parfum & cologne,Kahf Extrait de Parfum Pria Aquaterrae 50 ml,,kahf extrait de parfum pria aquaterrae 50 ml,True,False,Hobi & Self-Reward,WANTS,beauty / self care,bad_product_name
alfagift,personal care,parfum & cologne,Sniff & Co Extrait de Parfum Petal Party 30 ml,,sniff & co extrait de parfum petal party 30 ml,True,False,Hobi & Self-Reward,WANTS,beauty / self care,bad_product_name
alfagift,personal care,parfum & cologne,Sniff & Co Extrait de Parfum Cloud 9 30 ml,,sniff & co extrait de parfum cloud 9 30 ml,True,False,Hobi & Self-Reward,WANTS,beauty / self care,bad_product_name
alfagift,personal care,parfum & cologne,Pinkberry Intense Edition Extrait De Parfum Discovery Set 3 x 10 ml,69900.0,pinkberry intense edition extrait de parfum discovery set 3 x 10 ml,False,True,Hobi & Self-Reward,WANTS,beauty / self care,bad_product_name
alfagift,personal care,parfum & cologne,Kahf Eau de Toilette Pria Invigorating Waterfall 35 ml,72000.0,kahf eau de toilette pria invigorating waterfall 35 ml,False,True,Hobi & Self-Reward,WANTS,beauty / self care,bad_product_name
alfagift,personal care,parfum & cologne,Pinkberry Intense Edition Extrait De Parfum Wanita Come Back Stronger 50 ml,115000.0,pinkberry intense edition extrait de parfum wanita come back stronger 50 ml,False,True,Hobi & Self-Reward,WANTS,beauty / self care,bad_product_name
alfagift,personal care,parfum & cologne,Pinkberry Intense Edition Extrait De Parfum Wanita Lady Luck 50 ml,115000.0,pinkberry intense edition extrait de parfum wanita lady luck 50 ml,False,True,Hobi & Self-Reward,WANTS,beauty / self care,bad_product_name
alfagift,personal care,parfum & cologne,Pinkberry Intense Edition Extrait De Parfum Unisex Memento 50 ml,115000.0,pinkberry intense edition extrait de parfum unisex memento 50 ml,False,True,Hobi & Self-Reward,WANTS,beauty / self care,bad_product_name
alfagift,personal care,parfum & cologne,Elvicto Extrait De Parfum Pria Beach Club 35 ml,99900.0,elvicto extrait de parfum pria beach club 35 ml,False,True,Hobi & Self-Reward,WANTS,beauty / self care,bad_product_name
alfagift,personal care,parfum & cologne,Elvicto Extrait De Parfum Pria Escobar 35 ml,99900.0,elvicto extrait de parfum pria escobar 35 ml,False,True,Hobi & Self-Reward,WANTS,beauty / self care,bad_product_name
alfagift,personal care,parfum & cologne,Elvicto Extrait De Parfum Pria Suit & Tie 35 ml,99900.0,elvicto extrait de parfum pria suit & tie 35 ml,False,True,Hobi & Self-Reward,WANTS,beauty / self care,bad_product_name
alfagift,personal care,parfum & cologne,Elvicto Extrait De Parfum Pria Xtrovert 35 ml,99900.0,elvicto extrait de parfum pria xtrovert 35 ml,False,True,Hobi & Self-Reward,WANTS,beauty / self care,bad_product_name
alfagift,personal care,parfum & cologne,Crusita Extrait De Parfum Scandal 50 ml,175000.0,crusita extrait de parfum scandal 50 ml,False,True,Hobi & Self-Reward,WANTS,beauty / self care,bad_product_name
alfagift,personal care,parfum & cologne,Crusita Extrait De Parfum Pria Gentlemen 50 ml,162000.0,crusita extrait de parfum pria gentlemen 50 ml,False,True,Hobi & Self-Reward,WANTS,beauty / self care,bad_product_name
alfagift,personal care,parfum & cologne,Crusita Extrait De Parfum Es Teh Manis 50 ml,185000.0,crusita extrait de parfum es teh manis 50 ml,False,True,Hobi & Self-Reward,WANTS,beauty / self care,bad_product_name
alfagift,personal care,parfum & cologne,Evangeline Extrait De Parfum Sweet Lychee 100 ml,64900.0,evangeline extrait de parfum sweet lychee 100 ml,False,True,Hobi & Self-Reward,WANTS,beauty / self care,bad_product_name
alfagift,personal care,parfum & cologne,Scarlett Extrait De Parfum Tea Amor Parfum Wanita 30 ml,55900.0,scarlett extrait de parfum tea amor parfum wanita 30 ml,False,True,Hobi & Self-Reward,WANTS,beauty / self care,bad_product_name
alfagift,personal care,parfum & cologne,Vitalis Eau De Parfum Extra Bloom 50 ml,33500.0,vitalis eau de parfum extra bloom 50 ml,False,True,Hobi & Self-Reward,WANTS,beauty / self care,bad_product_name
alfagift,personal care,parfum & cologne,Eversense Celestial Shell Extrait De Parfume 30 ml,42900.0,eversense celestial shell extrait de parfume 30 ml,False,True,Hobi & Self-Reward,WANTS,beauty / self care,bad_product_name
alfagift,personal care,parfum & cologne,Eversense Extrait De Parfum Royal Allure 30 ml,42700.0,eversense extrait de parfum royal allure 30 ml,False,True,Hobi & Self-Reward,WANTS,beauty / self care,bad_product_name
alfagift,personal care,parfum & cologne,Xchange Extrait De Parfum Noir Absolute 50 ml,49900.0,xchange extrait de parfum noir absolute 50 ml,False,True,Hobi & Self-Reward,WANTS,beauty / self care,bad_product_name
alfagift,personal care,parfum & cologne,Xchange Extrait De Parfum Aqua Myth 50 ml,43400.0,xchange extrait de parfum aqua myth 50 ml,False,True,Hobi & Self-Reward,WANTS,beauty / self care,bad_product_name
alfagift,personal care,parfum & cologne,Scarlett Whitening Extrait Parfum Golden Elixir 30 ml,55900.0,scarlett whitening extrait parfum golden elixir 30 ml,False,True,Hobi & Self-Reward,WANTS,beauty / self care,bad_product_name
alfagift,personal care,parfum & cologne,Scarlett Extrait De Parfum Pistachio Crush Parfum Wanita 30 ml,55900.0,scarlett extrait de parfum pistachio crush parfum wanita 30 ml,False,True,Hobi & Self-Reward,WANTS,beauty / self care,bad_product_name
alfagift,personal care,parfum & cologne,Braven Extreme Extrait De Parfum Pria Aqua 100 ml,62900.0,braven extreme extrait de parfum pria aqua 100 ml,False,True,Hobi & Self-Reward,WANTS,beauty / self care,bad_product_name
alfagift,kebutuhan kesehatan,obat-obatan,Panadol Extra Obat Sakit Kepala 10 Kaplet,15000.0,panadol extra obat sakit kepala 10 kaplet,False,True,Lain-lain & Darurat,OTHERS,others,bad_product_name
alfagift,kebutuhan kesehatan,obat-obatan,Salonpas Extra Hot Koyo Pereda Nyeri 10 s,9900.0,salonpas extra hot koyo pereda nyeri 10 s,False,True,Lain-lain & Darurat,OTHERS,others,bad_product_name
alfagift,kebutuhan kesehatan,obat-obatan,Bodrex Extra Obat Sakit Kepala 4 Kaplet,3100.0,bodrex extra obat sakit kepala 4 kaplet,False,True,Lain-lain & Darurat,OTHERS,others,bad_product_name
alfagift,kebutuhan kesehatan,vitamin & suplemen,EJ Sport Go Extra Level Suplemen Kesehatan Pisang 2 x 50 ml,18600.0,ej sport go extra level suplemen kesehatan pisang 2 x 50 ml,False,True,Lain-lain & Darurat,OTHERS,others,bad_product_name
alfagift,kebutuhan kesehatan,vitamin & suplemen,Imboost Kids Suplemen Kesehatan Anak Extra Vit C & D3 Mixberry 21 Tablet Hisap,,imboost kids suplemen kesehatan anak extra vit c & d3 mixberry 21 tablet hisap,True,False,Lain-lain & Darurat,OTHERS,others,bad_product_name
alfagift,kebutuhan kesehatan,vitamin & suplemen,Imboost Extra Vitamin C & D3 Suplemen Daya Tahan Tubuh 4 Kaplet,23900.0,imboost extra vitamin c & d3 suplemen daya tahan tubuh 4 kaplet,False,True,Lain-lain & Darurat,OTHERS,others,bad_product_name
alfagift,kebutuhan kesehatan,vitamin & suplemen,Extra Joss Active Minuman Suplemen Kesehatan 6 x 4.2 g,10700.0,extra joss active minuman suplemen kesehatan 6 x 4.2 g,False,True,Lain-lain & Darurat,OTHERS,others,bad_product_name
alfagift,kebutuhan kesehatan,vitamin & suplemen,Imboost Extra Vitamin C & D3 Suplemen Daya Tahan Tubuh 30 Kaplet,142000.0,imboost extra vitamin c & d3 suplemen daya tahan tubuh 30 kaplet,False,True,Lain-lain & Darurat,OTHERS,others,bad_product_name
alfagift,kebutuhan kesehatan,alat kesehatan,Durex Love Jeans Kondom Extra Pelumas 3 pcs,15500.0,durex love jeans kondom extra pelumas 3 pcs,False,True,Lain-lain & Darurat,OTHERS,others,bad_product_name
alfagift,kebutuhan kesehatan,alat kesehatan,Durex Extra Safe Kondom Tebal 3 pcs,30900.0,durex extra safe kondom tebal 3 pcs,False,True,Lain-lain & Darurat,OTHERS,others,bad_product_name
alfagift,kebutuhan kesehatan,alat kesehatan,Durex Invisible Kondom Extra Tipis 2 pcs,57500.0,durex invisible kondom extra tipis 2 pcs,False,True,Lain-lain & Darurat,OTHERS,others,bad_product_name
alfagift,kebutuhan kesehatan,alat kesehatan,Alfamart BT21 Masker Dewasa KF94 4 Ply - Isi 4 pcs Varian 2,,alfamart bt21 masker dewasa kf94 4 ply - isi 4 pcs varian 2,True,False,Lain-lain & Darurat,OTHERS,others,bad_product_name
alfagift,kebutuhan kesehatan,alat kesehatan,Alfamart BT21 Masker Dewasa KF94 4 Ply - Isi 4 pcs Varian 1,,alfamart bt21 masker dewasa kf94 4 ply - isi 4 pcs varian 1,True,False,Lain-lain & Darurat,OTHERS,others,bad_product_name
alfagift,kebutuhan kesehatan,alat kesehatan,Durex Extra Safe Kondom Tebal 12 pcs,85000.0,durex extra safe kondom tebal 12 pcs,False,True,Lain-lain & Darurat,OTHERS,others,bad_product_name
alfagift,kebutuhan kesehatan,alat kesehatan,Durex Fetherlite Kondom Extra Tipis Aman 12 pcs,85000.0,durex fetherlite kondom extra tipis aman 12 pcs,False,True,Lain-lain & Darurat,OTHERS,others,bad_product_name
alfagift,kebutuhan kesehatan,alat kesehatan,Durex Love Jeans Kondom Extra Pelumas 12 pcs,39900.0,durex love jeans kondom extra pelumas 12 pcs,False,True,Lain-lain & Darurat,OTHERS,others,bad_product_name
alfagift,kebutuhan kesehatan,produk higienis,Alfamart Pembersih Tangan Alcohol Free 100 ml,,alfamart pembersih tangan alcohol free 100 ml,True,False,Kebutuhan Rumah & Mandi,NEEDS,household & personal care,bad_product_name
alfagift,lifestyle,perlengkapan kantor & sekolah,Disney Cars Sticky Notes,,disney cars sticky notes,True,False,Lain-lain & Darurat,OTHERS,others,bad_product_name
alfagift,pet foods,makanan anjing,SmartHeart Makanan Anjing Kering Adult Rasa Sapi Panggang 1.5 kg,81900.0,smartheart makanan anjing kering adult rasa sapi panggang 1.5 kg,False,True,Lain-lain & Darurat,OTHERS,others,bad_product_name
alfagift,pet foods,makanan anjing,SmartHeart Makanan Anjing Kering Puppy Rasa Sapi & Susu 1.3 kg,62900.0,smartheart makanan anjing kering puppy rasa sapi & susu 1.3 kg,False,True,Lain-lain & Darurat,OTHERS,others,bad_product_name
alfagift,pet foods,makanan anjing,SmartHeart Makanan Anjing Kering Ras Kecil Sapi Panggang 1.3 kg,62900.0,smartheart makanan anjing kering ras kecil sapi panggang 1.3 kg,False,True,Lain-lain & Darurat,OTHERS,others,bad_product_name
alfagift,pet foods,makanan anjing,"Pedigree Makanan Anjing Kering Puppy Rasa Ayam, Telur & Susu 1.3 kg",72900.0,pedigree makanan anjing kering puppy rasa ayam telur & susu 1.3 kg,False,True,Lain-lain & Darurat,OTHERS,others,bad_product_name
alfagift,pet foods,makanan anjing,Pedigree Makanan Anjing Kering Adult Rasa Sapi & Sayuran 1.5 kg,74900.0,pedigree makanan anjing kering adult rasa sapi & sayuran 1.5 kg,False,True,Lain-lain & Darurat,OTHERS,others,bad_product_name
alfagift,pet foods,makanan kucing,Alfamart Cat Choize Makanan Kucing Kering Adult Rasa Tuna 1 kg,51000.0,alfamart cat choize makanan kucing kering adult rasa tuna 1 kg,False,True,Lain-lain & Darurat,OTHERS,others,bad_product_name
alfagift,pet foods,makanan kucing,Whiskas Makanan Kucing Kering Kitten Ikan Laut & Susu 1.1 kg,63000.0,whiskas makanan kucing kering kitten ikan laut & susu 1.1 kg,False,True,Lain-lain & Darurat,OTHERS,others,bad_product_name
alfagift,pet foods,makanan kucing,Whiskas Makanan Kucing Kering Adult Anti Bulu Rontok Skin & Coat 1.1 kg,75000.0,whiskas makanan kucing kering adult anti bulu rontok skin & coat 1.1 kg,False,True,Lain-lain & Darurat,OTHERS,others,bad_product_name
alfagift,pet foods,makanan kucing,Me-O Makanan Kucing Kering Adult Rasa Salmon 1.1 kg,71900.0,me-o makanan kucing kering adult rasa salmon 1.1 kg,False,True,Lain-lain & Darurat,OTHERS,others,bad_product_name
alfagift,pet foods,makanan kucing,Whiskas Makanan Kucing Kering Adult Rasa Ikan Laut 1.2 Kg,73900.0,whiskas makanan kucing kering adult rasa ikan laut 1.2 kg,False,True,Lain-lain & Darurat,OTHERS,others,bad_product_name
alfagift,pet foods,makanan kucing,Me-O Makanan Kucing Kering Adult Rasa Tuna 1.2 kg,71900.0,me-o makanan kucing kering adult rasa tuna 1.2 kg,False,True,Lain-lain & Darurat,OTHERS,others,bad_product_name
alfagift,pet foods,makanan kucing,Me-O Makanan Kucing Kering Kitten Rasa Ikan Laut 1.1 kg,79900.0,me-o makanan kucing kering kitten rasa ikan laut 1.1 kg,False,True,Lain-lain & Darurat,OTHERS,others,bad_product_name
alfagift,pet foods,makanan kucing,Cat Choize Makanan Kucing Kering Kitten Rasa Tuna & Salmon Milk 1.1 kg,59900.0,cat choize makanan kucing kering kitten rasa tuna & salmon milk 1.1 kg,False,True,Lain-lain & Darurat,OTHERS,others,bad_product_name
alfagift,pet foods,makanan kucing,Cat Choize Makanan Kucing Kering Adult Rasa Tuna & Salmon 1.2 kg,59900.0,cat choize makanan kucing kering adult rasa tuna & salmon 1.2 kg,False,True,Lain-lain & Darurat,OTHERS,others,bad_product_name
alfagift,pet foods,makanan kucing,Cat Choize Makanan Kucing Kering Adult Rasa Tuna & Makerel 1.2 kg,59900.0,cat choize makanan kucing kering adult rasa tuna & makerel 1.2 kg,False,True,Lain-lain & Darurat,OTHERS,others,bad_product_name
alfagift,pet foods,makanan kucing,Whiskas Junior Makanan Kucing Kering Tuna Salmon 1.1 Kg,73900.0,whiskas junior makanan kucing kering tuna salmon 1.1 kg,False,True,Lain-lain & Darurat,OTHERS,others,bad_product_name
alfagift,pet foods,makanan kucing,Maxlife Makanan Kucing Kering Adult Tuna 1 kg,62900.0,maxlife makanan kucing kering adult tuna 1 kg,False,True,Lain-lain & Darurat,OTHERS,others,bad_product_name
alfagift,pet foods,makanan kucing,Maxlife Makanan Kucing Kering Adult Makerel 1 kg,62900.0,maxlife makanan kucing kering adult makerel 1 kg,False,True,Lain-lain & Darurat,OTHERS,others,bad_product_name
alfagift,pet foods,makanan kucing,Me-O Makanan Kucing Kering Kitten Rasa Ikan Gabus 1.1 kg,79900.0,me-o makanan kucing kering kitten rasa ikan gabus 1.1 kg,False,True,Lain-lain & Darurat,OTHERS,others,bad_product_name
alfagift,pet foods,makanan kucing,Me-O Makanan Kucing Kering Adult Rasa Ikan Bandeng 1.2 kg,71900.0,me-o makanan kucing kering adult rasa ikan bandeng 1.2 kg,False,True,Lain-lain & Darurat,OTHERS,others,bad_product_name
alfagift,pet foods,makanan kucing,Whiskas Makanan Kucing Kering Adult Tuna 1.2 kg,55800.0,whiskas makanan kucing kering adult tuna 1.2 kg,False,True,Lain-lain & Darurat,OTHERS,others,bad_product_name
tokopedia,bayar,,Upgrade Internet & TV,,upgrade internet & tv,True,False,Tagihan & Kewajiban,NEEDS,bills & obligations,bad_product_name
tokopedia,voucher games,mobile game,Free Fire,,free fire,True,False,Hobi & Self-Reward,WANTS,digital entertainment,bad_product_name
tokopedia,voucher games,mobile game,Free Fire MAX,,free fire max,True,False,Hobi & Self-Reward,WANTS,digital entertainment,bad_product_name
additional,wants,hangout and treats,Shopeefood,,shopeefood,True,False,Jajan & Nongkrong,WANTS,wants,bad_product_name
hangout_treats,cafe_drinks,boba,jus sayur,31000.0,jus sayur,False,True,Jajan & Nongkrong,WANTS,cafe_drinks,hangout_noise_food_home_meal
hangout_treats,cafe_drinks,boba,mikult anggur racikan 3 jenis susu di padukan,13000.0,mikult anggur racikan 3 jenis susu di padukan,False,True,Jajan & Nongkrong,WANTS,cafe_drinks,hangout_noise_food_home_meal
hangout_treats,cafe_drinks,boba,mikult mango popping boba racikan 3 jenis susu dipadukan,17000.0,mikult mango popping boba racikan 3 jenis susu dipadukan,False,True,Jajan & Nongkrong,WANTS,boba,hangout_noise_food_home_meal
hangout_treats,cafe_drinks,boba,mikult mango racikan 3 jenis susu dipadukan,13000.0,mikult mango racikan 3 jenis susu dipadukan,False,True,Jajan & Nongkrong,WANTS,cafe_drinks,hangout_noise_food_home_meal
hangout_treats,cafe_drinks,boba,mikult orange racikan 3 jenis susu di padukan,13000.0,mikult orange racikan 3 jenis susu di padukan,False,True,Jajan & Nongkrong,WANTS,cafe_drinks,hangout_noise_food_home_meal
hangout_treats,cafe_drinks,boba,mikult strawberry racikan 3 jenis susu di padukan,13000.0,mikult strawberry racikan 3 jenis susu di padukan,False,True,Jajan & Nongkrong,WANTS,cafe_drinks,hangout_noise_food_home_meal
hangout_treats,cafe_drinks,boba,racikan 3 jenis susu di padukan,13000.0,racikan 3 jenis susu di padukan,False,True,Jajan & Nongkrong,WANTS,cafe_drinks,hangout_noise_food_home_meal
hangout_treats,cafe_drinks,boba,racikan 3 jenis susu dipadukan,13000.0,racikan 3 jenis susu dipadukan,False,True,Jajan & Nongkrong,WANTS,cafe_drinks,hangout_noise_food_home_meal
hangout_treats,cafe_drinks,boba,racikan 3 jenis susu dipadukan,17000.0,racikan 3 jenis susu dipadukan,False,True,Jajan & Nongkrong,WANTS,cafe_drinks,hangout_noise_food_home_meal
hangout_treats,cafe_drinks,boba,racikan darkcoklat nikmat diselami boba kenyal pasti suka kan,14000.0,racikan darkcoklat nikmat diselami boba kenyal pasti suka kan,False,True,Jajan & Nongkrong,WANTS,boba,hangout_noise_food_home_meal
hangout_treats,cafe_drinks,boba,summer green jus sayur,31000.0,summer green jus sayur,False,True,Jajan & Nongkrong,WANTS,cafe_drinks,hangout_noise_food_home_meal
hangout_treats,cafe_drinks,coffee,parentas wine,5000.0,parentas wine,False,True,Jajan & Nongkrong,WANTS,coffee,hangout_noise_food_home_meal
hangout_treats,cafe_drinks,matcha / tea,coklat vanilla redvelvet greentea menyesuaikan stok yg ready,30000.0,coklat vanilla redvelvet greentea menyesuaikan stok yg ready,False,True,Jajan & Nongkrong,WANTS,matcha / tea,hangout_noise_food_home_meal
hangout_treats,cafe_drinks,non-coffee drink,choco milk racikan dark coklat,14000.0,choco milk racikan dark coklat,False,True,Jajan & Nongkrong,WANTS,non-coffee drink,hangout_noise_food_home_meal
hangout_treats,cafe_drinks,non-coffee drink,paduan racikan redvelvet,15000.0,paduan racikan redvelvet,False,True,Jajan & Nongkrong,WANTS,cafe_drinks,hangout_noise_food_home_meal
hangout_treats,cafe_drinks,non-coffee drink,racikan dark coklat,14000.0,racikan dark coklat,False,True,Jajan & Nongkrong,WANTS,non-coffee drink,hangout_noise_food_home_meal
hangout_treats,cafe_drinks,non-coffee drink,red velvet paduan racikan redvelvet,15000.0,red velvet paduan racikan redvelvet,False,True,Jajan & Nongkrong,WANTS,non-coffee drink,hangout_noise_food_home_meal
hangout_treats,snack_dessert,bakery,cah buncis tumis buncis dan telur orak arik,18900.0,cah buncis tumis buncis dan telur orak arik,False,True,Jajan & Nongkrong,WANTS,dessert,hangout_noise_food_home_meal
hangout_treats,snack_dessert,bakery,roti sayur daging sapi telur abon,15000.0,roti sayur daging sapi telur abon,False,True,Jajan & Nongkrong,WANTS,dessert,hangout_noise_food_home_meal
hangout_treats,snack_dessert,bakery,royal burger biasa roti sayur daging sapi telur abon,15000.0,royal burger biasa roti sayur daging sapi telur abon,False,True,Jajan & Nongkrong,WANTS,burger / sandwich,hangout_noise_food_home_meal
hangout_treats,snack_dessert,bakery,tumis buncis dan telur orak arik,18900.0,tumis buncis dan telur orak arik,False,True,Jajan & Nongkrong,WANTS,dessert,hangout_noise_food_home_meal
hangout_treats,snack_dessert,roti bakar / toast,isi ayam + sayur + mayonaise,20000.0,isi ayam + sayur + mayonaise,False,True,Jajan & Nongkrong,WANTS,dessert,hangout_noise_food_home_meal
hangout_treats,snack_dessert,roti bakar / toast,risoles 4 pcs isi ayam + sayur + mayonaise,20000.0,risoles 4 pcs isi ayam + sayur + mayonaise,False,True,Jajan & Nongkrong,WANTS,dessert,hangout_noise_food_home_meal
hangout_treats,snack_dessert,roti bakar / toast,tahu isi daging + sayur + mayonaise,17500.0,tahu isi daging + sayur + mayonaise,False,True,Jajan & Nongkrong,WANTS,dessert,hangout_noise_food_home_meal
hangout_treats,snack_dessert,roti bakar / toast,tahu isi frozen 4 pcs tahu isi daging + sayur + mayonaise,17500.0,tahu isi frozen 4 pcs tahu isi daging + sayur + mayonaise,False,True,Jajan & Nongkrong,WANTS,dessert,hangout_noise_food_home_meal
hangout_treats,snack_dessert,snack,bakwan sayur sosis,4500.0,bakwan sayur sosis,False,True,Jajan & Nongkrong,WANTS,snack,hangout_noise_food_home_meal
