product_clean,price,Macro_Category,Master_Category,Subcategory,Category
alfamart sedotan plastik flexibel 50 pcs,10900.0,NEEDS,Kebutuhan Rumah & Mandi,Perlengkapan Dapur & Ruang Makan,Kebutuhan Dapur
alfamart sarung tangan plastik 100 pcs,14500.0,NEEDS,Kebutuhan Rumah & Mandi,Perlengkapan Dapur & Ruang Makan,Kebutuhan Dapur
alfamart piring plastik 20 pcs,19100.0,NEEDS,Kebutuhan Rumah & Mandi,Perlengkapan Dapur & Ruang Makan,Kebutuhan Dapur
bright tabung gas elpiji (kosong) 5.5 kg,330000.0,NEEDS,Kebutuhan Rumah & Mandi,Perlengkapan Dapur & Ruang Makan,Kebutuhan Dapur
sgi botol minum warna warni assorted 530 ml,29900.0,NEEDS,Kebutuhan Rumah & Mandi,Perlengkapan Dapur & Ruang Makan,Kebutuhan Dapur
sgi botol minum bola 530 ml,29900.0,NEEDS,Kebutuhan Rumah & Mandi,Perlengkapan Dapur & Ruang Makan,Kebutuhan Dapur
hi-cook tabung gas mini portabel 230 g,26500.0,NEEDS,Kebutuhan Rumah & Mandi,Perlengkapan Dapur & Ruang Makan,Kebutuhan Dapur
gema tabung gas mini portabel 250 g,25500.0,NEEDS,Kebutuhan Rumah & Mandi,Perlengkapan Dapur & Ruang Makan,Kebutuhan Dapur
wonder fuel tabung gas mini portabel 220 g,25900.0,NEEDS,Kebutuhan Rumah & Mandi,Perlengkapan Dapur & Ruang Makan,Kebutuhan Dapur
alfamart tempat makan 750 ml 5 pcs,17900.0,NEEDS,Kebutuhan Rumah & Mandi,Perlengkapan Dapur & Ruang Makan,Kebutuhan Dapur
alfamart gelas kertas kecil 15 pcs,18500.0,NEEDS,Kebutuhan Rumah & Mandi,Perlengkapan Dapur & Ruang Makan,Kebutuhan Dapur
alfamart sendok makan plastik 10 pcs,10100.0,NEEDS,Kebutuhan Rumah & Mandi,Perlengkapan Dapur & Ruang Makan,Kebutuhan Dapur
bright gas elpiji (refill) 5.5 kg,117500.0,NEEDS,Kebutuhan Rumah & Mandi,Perlengkapan Dapur & Ruang Makan,Kebutuhan Dapur
bright gas elpiji (refill) 12 kg,247500.0,NEEDS,Kebutuhan Rumah & Mandi,Perlengkapan Dapur & Ruang Makan,Kebutuhan Dapur
bagus kantong plastik zipper bag double lock 17 x 15 cm 30 s,23900.0,NEEDS,Kebutuhan Rumah & Mandi,Perlengkapan Dapur & Ruang Makan,Kebutuhan Dapur
bagus kantong plastik zipper bag double lock 33 x 40 cm 12 s,38900.0,NEEDS,Kebutuhan Rumah & Mandi,Perlengkapan Dapur & Ruang Makan,Kebutuhan Dapur
bagus aluminium foil pembungkus makanan refill 30 x 7 cm,19500.0,NEEDS,Kebutuhan Rumah & Mandi,Perlengkapan Dapur & Ruang Makan,Kebutuhan Dapur
bagus cling plastik wrap pembungkus serbaguna box 30 x 20 cm,23900.0,NEEDS,Kebutuhan Rumah & Mandi,Perlengkapan Dapur & Ruang Makan,Kebutuhan Dapur
bagus cling plastik wrap pembungkus serbaguna refill 30 x 30 cm,19900.0,NEEDS,Kebutuhan Rumah & Mandi,Perlengkapan Dapur & Ruang Makan,Kebutuhan Dapur
klin pak plastik wrap pembungkus serbaguna box 30 m,24500.0,NEEDS,Kebutuhan Rumah & Mandi,Perlengkapan Dapur & Ruang Makan,Kebutuhan Dapur
hi-cook noorthgaz tabung gas mini portabel 235 g,21000.0,NEEDS,Kebutuhan Rumah & Mandi,Perlengkapan Dapur & Ruang Makan,Kebutuhan Dapur
bagus zipper bag kids kantong plastik triple lock pouch 18 x 18 cm 25 s,39900.0,NEEDS,Kebutuhan Rumah & Mandi,Perlengkapan Dapur & Ruang Makan,Kebutuhan Dapur
hi-cook korek api pemantik gas lighter assorted color 1 pcs,17900.0,NEEDS,Kebutuhan Rumah & Mandi,Perlengkapan Dapur & Ruang Makan,Kebutuhan Dapur
bright gas tabung gas mini portabel 220 g,26500.0,NEEDS,Kebutuhan Rumah & Mandi,Perlengkapan Dapur & Ruang Makan,Kebutuhan Dapur
kenmaster korek api pemantik gas lighter jw690 1 pcs assorted,20900.0,NEEDS,Kebutuhan Rumah & Mandi,Perlengkapan Dapur & Ruang Makan,Kebutuhan Dapur
hi-cook fuel bahan bakar korek api pemantik gas 80 g,9900.0,NEEDS,Kebutuhan Rumah & Mandi,Perlengkapan Dapur & Ruang Makan,Kebutuhan Dapur
kewpie salad dressing wijen sangrai botol 200 ml,29900.0,NEEDS,Makan & Minum Harian,Bahan Masakan,Kebutuhan Dapur
abc kecap inggris botol 195 ml,16300.0,NEEDS,Makan & Minum Harian,Bahan Masakan,Kebutuhan Dapur
diabetamil pemanis gula rendah kalori 50 pcs,34200.0,NEEDS,Makan & Minum Harian,Bahan Masakan,Kebutuhan Dapur
indofood sambal pedas botol 135 ml,8100.0,NEEDS,Makan & Minum Harian,Bahan Masakan,Kebutuhan Dapur
abc sambal ekstra pedas botol 335 ml,18700.0,NEEDS,Makan & Minum Harian,Bahan Masakan,Kebutuhan Dapur
la fonte saus pasta bolognese 315 g,18500.0,NEEDS,Makan & Minum Harian,Bahan Masakan,Kebutuhan Dapur
abc saus tomat botol 270 ml,17100.0,NEEDS,Makan & Minum Harian,Bahan Masakan,Kebutuhan Dapur
bango kecap manis refill 950 g,34500.0,NEEDS,Makan & Minum Harian,Bahan Masakan,Kebutuhan Dapur
mamasuka delisaos saus sambal ekstra pedas hot lava volcano botol 260 ml,17200.0,NEEDS,Makan & Minum Harian,Bahan Masakan,Kebutuhan Dapur
indofood kecap manis refill 725 g,19200.0,NEEDS,Makan & Minum Harian,Bahan Masakan,Kebutuhan Dapur
alfamart kacang hijau mentah 250 g,11500.0,NEEDS,Makan & Minum Harian,Bahan Masakan,Kebutuhan Dapur
saori saus oriental lada hitam botol 133 ml,10900.0,NEEDS,Makan & Minum Harian,Bahan Masakan,Kebutuhan Dapur
koepoe koepoe lada putih bubuk bumbu dapur 85 g,30900.0,NEEDS,Makan & Minum Harian,Bahan Masakan,Kebutuhan Dapur
la fonte chicken bolognese saus pasta 290 g,17900.0,NEEDS,Makan & Minum Harian,Bahan Masakan,Kebutuhan Dapur
bango kecap manis refill 700 g,26500.0,NEEDS,Makan & Minum Harian,Bahan Masakan,Kebutuhan Dapur
mamasuka gim bori rumput laut kering tabur pedas botol 25 g,9900.0,NEEDS,Makan & Minum Harian,Bahan Masakan,Kebutuhan Dapur
kereta kencana beras premium 5 kg,74500.0,NEEDS,Makan & Minum Harian,Bahan Masakan,Kebutuhan Dapur
sus gula pasir lokal 1 kg,17500.0,NEEDS,Makan & Minum Harian,Bahan Masakan,Kebutuhan Dapur
sasa tepung bumbu serbaguna hot & spicy 210 g,7700.0,NEEDS,Makan & Minum Harian,Bahan Masakan,Kebutuhan Dapur
la fonte saus pasta carbonara 315 g,21500.0,NEEDS,Makan & Minum Harian,Bahan Masakan,Kebutuhan Dapur
del monte saus pasta carbonara keju 180 g,19700.0,NEEDS,Makan & Minum Harian,Bahan Masakan,Kebutuhan Dapur
kewpie mayones original tube 150 g,34500.0,NEEDS,Makan & Minum Harian,Bahan Masakan,Kebutuhan Dapur
maggi magic lezat bumbu penyedap rasa serbaguna 80 g,6400.0,NEEDS,Makan & Minum Harian,Bahan Masakan,Kebutuhan Dapur
abc sambal extra pedas pouch 380 g,19800.0,NEEDS,Makan & Minum Harian,Bahan Masakan,Kebutuhan Dapur
dua belibis saus cabai botol 135 ml,7900.0,NEEDS,Makan & Minum Harian,Bahan Masakan,Kebutuhan Dapur
dua belibis saus cabe botol 335 ml,18400.0,NEEDS,Makan & Minum Harian,Bahan Masakan,Kebutuhan Dapur
del monte saus sambal ekstra pedas botol 135 ml,5800.0,NEEDS,Makan & Minum Harian,Bahan Masakan,Kebutuhan Dapur
dua belibis saus cabe pedas lada botol 235 ml,12800.0,NEEDS,Makan & Minum Harian,Bahan Masakan,Kebutuhan Dapur
sasa tepung bumbu serbaguna original 210 g,7700.0,NEEDS,Makan & Minum Harian,Bahan Masakan,Kebutuhan Dapur
abc kecap manis refill 685 g,22400.0,NEEDS,Makan & Minum Harian,Bahan Masakan,Kebutuhan Dapur
sedaap kecap manis kedelai hitam spesial refill 725 g,23500.0,NEEDS,Makan & Minum Harian,Bahan Masakan,Kebutuhan Dapur
sasa tepung bumbu ala kentucky ayam krispi 200 g,7700.0,NEEDS,Makan & Minum Harian,Bahan Masakan,Kebutuhan Dapur
royco bumbu kaldu penyedap rasa ayam 94 g,6300.0,NEEDS,Makan & Minum Harian,Bahan Masakan,Kebutuhan Dapur
royco bumbu instan ayam saus telur asin 22 g,8300.0,NEEDS,Makan & Minum Harian,Bahan Masakan,Kebutuhan Dapur
sedaap bumbu kaldu rasa sapi 250 g,8900.0,NEEDS,Makan & Minum Harian,Bahan Masakan,Kebutuhan Dapur
bango kecap manis botol 385 g,25500.0,NEEDS,Makan & Minum Harian,Bahan Masakan,Kebutuhan Dapur
sedaap kecap manis 700 g,15500.0,NEEDS,Makan & Minum Harian,Bahan Masakan,Kebutuhan Dapur
gmp gula pasir kristal putih 1 kg,17500.0,NEEDS,Makan & Minum Harian,Bahan Masakan,Kebutuhan Dapur
racik tepung bumbu serbaguna 210 g,6800.0,NEEDS,Makan & Minum Harian,Bahan Masakan,Kebutuhan Dapur
abc kecap manis botol 275 ml,19800.0,NEEDS,Makan & Minum Harian,Bahan Masakan,Kebutuhan Dapur
maggi saus tiram botol 150 g,10100.0,NEEDS,Makan & Minum Harian,Bahan Masakan,Kebutuhan Dapur
dua belibis cuka dapur botol 150 ml,5200.0,NEEDS,Makan & Minum Harian,Bahan Masakan,Kebutuhan Dapur
mamakoko santan kelapa cair 65 ml,4400.0,NEEDS,Makan & Minum Harian,Bahan Masakan,Kebutuhan Dapur
alfamart bawang goreng pouch 60 g,26500.0,NEEDS,Makan & Minum Harian,Bahan Masakan,Kebutuhan Dapur
sasa tepung bumbu bakwan spesial 210 g,7700.0,NEEDS,Makan & Minum Harian,Bahan Masakan,Kebutuhan Dapur
sasa gourmet msg bubuk 100 g,7100.0,NEEDS,Makan & Minum Harian,Bahan Masakan,Kebutuhan Dapur
ajinomoto umami bumbu penyedap rasa msg 250 g,16000.0,NEEDS,Makan & Minum Harian,Bahan Masakan,Kebutuhan Dapur
sedaap bumbu kaldu rasa ayam 250 g,8900.0,NEEDS,Makan & Minum Harian,Bahan Masakan,Kebutuhan Dapur
pronas kornet daging sapi kaleng 198 g,29900.0,NEEDS,Makan & Minum Harian,Bahan Masakan,Kebutuhan Dapur
del monte sambal ekstra pedas refill 1 kg,23500.0,NEEDS,Makan & Minum Harian,Bahan Masakan,Kebutuhan Dapur
finna home vermicelli sohun jagung 50 g,2400.0,NEEDS,Makan & Minum Harian,Bahan Masakan,Kebutuhan Dapur
del monte saus tomat refill 1 kg,18500.0,NEEDS,Makan & Minum Harian,Bahan Masakan,Kebutuhan Dapur
royco saus tiram botol 135 ml,11300.0,NEEDS,Makan & Minum Harian,Bahan Masakan,Kebutuhan Dapur
pronas saus spageti bolognese sapi pouch 315 g,19900.0,NEEDS,Makan & Minum Harian,Bahan Masakan,Kebutuhan Dapur
kewpie salad dressing dengan wijen sangrai sachet 50 ml,8200.0,NEEDS,Makan & Minum Harian,Bahan Masakan,Kebutuhan Dapur
sunco minyak goreng pouch 2 l,46300.0,NEEDS,Makan & Minum Harian,Bahan Masakan,Kebutuhan Dapur
indofood racik bumbu instan ayam goreng 25 g,2300.0,NEEDS,Makan & Minum Harian,Bahan Masakan,Kebutuhan Dapur
bango kecap manis 189 g,9900.0,NEEDS,Makan & Minum Harian,Bahan Masakan,Kebutuhan Dapur
sajiku bumbu instan nasi goreng ayam 20 g,2400.0,NEEDS,Makan & Minum Harian,Bahan Masakan,Kebutuhan Dapur
indofood sambal ekstra pedas 275 ml,13900.0,NEEDS,Makan & Minum Harian,Bahan Masakan,Kebutuhan Dapur
sajiku tepung bumbu serbaguna 210 g,8200.0,NEEDS,Makan & Minum Harian,Bahan Masakan,Kebutuhan Dapur
alfamart gula pasir lokal 1 kg,17500.0,NEEDS,Makan & Minum Harian,Bahan Masakan,Kebutuhan Dapur
alfamart gula pasir lokal putih 1 kg,17500.0,NEEDS,Makan & Minum Harian,Bahan Masakan,Kebutuhan Dapur
indofood racik bumbu spesial rendang 50 g,7100.0,NEEDS,Makan & Minum Harian,Bahan Masakan,Kebutuhan Dapur
rose brand gula pasir kristal putih premium 1 kg,17500.0,NEEDS,Makan & Minum Harian,Bahan Masakan,Kebutuhan Dapur
sovia minyak goreng sawit pouch 2 l,42600.0,NEEDS,Makan & Minum Harian,Bahan Masakan,Kebutuhan Dapur
psm gula pasir kristal putih premium 1 kg,17500.0,NEEDS,Makan & Minum Harian,Bahan Masakan,Kebutuhan Dapur
filma minyak goreng pouch 2 l,44000.0,NEEDS,Makan & Minum Harian,Bahan Masakan,Kebutuhan Dapur
totole kaldu rasa jamur sachet 40 g,7000.0,NEEDS,Makan & Minum Harian,Bahan Masakan,Kebutuhan Dapur
kara sun santan kelapa cair siap pakai 65 ml,5800.0,NEEDS,Makan & Minum Harian,Bahan Masakan,Kebutuhan Dapur
tropical minyak goreng kelapa sawit botol 2 l,45400.0,NEEDS,Makan & Minum Harian,Bahan Masakan,Kebutuhan Dapur
sasa santan kelapa cair 65 ml,5600.0,NEEDS,Makan & Minum Harian,Bahan Masakan,Kebutuhan Dapur
fortune minyak goreng pouch 2 l,42800.0,NEEDS,Makan & Minum Harian,Bahan Masakan,Kebutuhan Dapur
gulavit pir gula pasir kristal putih bervitamin c & d 1 kg,17500.0,NEEDS,Makan & Minum Harian,Bahan Masakan,Kebutuhan Dapur
bango kecap manis refill 380 g,15000.0,NEEDS,Makan & Minum Harian,Bahan Masakan,Kebutuhan Dapur
cap 3 ayam mi telur pipih 200 g,5800.0,NEEDS,Makan & Minum Harian,Bahan Masakan,Kebutuhan Dapur
alfamart minyak goreng pouch 2 l,43900.0,NEEDS,Makan & Minum Harian,Bahan Masakan,Kebutuhan Dapur
del monte saus tomat botol 265 ml,12200.0,NEEDS,Makan & Minum Harian,Bahan Masakan,Kebutuhan Dapur
maestro mayones sachet 100 g,4400.0,NEEDS,Makan & Minum Harian,Bahan Masakan,Kebutuhan Dapur
saori saus oriental saus tiram 133 ml,13300.0,NEEDS,Makan & Minum Harian,Bahan Masakan,Kebutuhan Dapur
abc sambal ekstra pedas botol 270 ml,16600.0,NEEDS,Makan & Minum Harian,Bahan Masakan,Kebutuhan Dapur
dua belibis saus cabai botol 235 ml,16900.0,NEEDS,Makan & Minum Harian,Bahan Masakan,Kebutuhan Dapur
sedaap kecap manis refill 280 g,7500.0,NEEDS,Makan & Minum Harian,Bahan Masakan,Kebutuhan Dapur
alfamart abon sapi 100 g,17800.0,NEEDS,Makan & Minum Harian,Bahan Masakan,Kebutuhan Dapur
sasa bumbu lumur ayam spesial 26 g,2500.0,NEEDS,Makan & Minum Harian,Bahan Masakan,Kebutuhan Dapur
sasa santan kelapa cair 200 ml,16500.0,NEEDS,Makan & Minum Harian,Bahan Masakan,Kebutuhan Dapur
kobe super crispy tepung bumbu kentucky 200 g,7500.0,NEEDS,Makan & Minum Harian,Bahan Masakan,Kebutuhan Dapur
refina garam meja beriodium refill 500 g,11300.0,NEEDS,Makan & Minum Harian,Bahan Masakan,Kebutuhan Dapur
del monte saus spageti refill 250 g,9500.0,NEEDS,Makan & Minum Harian,Bahan Masakan,Kebutuhan Dapur
ellenka fiber creme krimer serbaguna 100 g,13300.0,NEEDS,Makan & Minum Harian,Bahan Masakan,Kebutuhan Dapur
alfamart garam 500 g,11200.0,NEEDS,Makan & Minum Harian,Bahan Masakan,Kebutuhan Dapur
alfamart beras setra ramos 5 kg,74500.0,NEEDS,Makan & Minum Harian,Bahan Masakan,Kebutuhan Dapur
abc kecap manis botol 130 ml,10300.0,NEEDS,Makan & Minum Harian,Bahan Masakan,Kebutuhan Dapur
saori saus oriental saus tiram botol 270 ml,23500.0,NEEDS,Makan & Minum Harian,Bahan Masakan,Kebutuhan Dapur
indofood sambal pedas dahsyat botol 275 ml,15300.0,NEEDS,Makan & Minum Harian,Bahan Masakan,Kebutuhan Dapur
tabasco saus pedas red pepper 60 ml,54900.0,NEEDS,Makan & Minum Harian,Bahan Masakan,Kebutuhan Dapur
kewpie salad dressing dengan yogurt sachet 70 g,10500.0,NEEDS,Makan & Minum Harian,Bahan Masakan,Kebutuhan Dapur
harumas minyak goreng sawit pouch 2 l,41500.0,NEEDS,Makan & Minum Harian,Bahan Masakan,Kebutuhan Dapur
sus gula pasir lokal kuning 1 kg,17500.0,NEEDS,Makan & Minum Harian,Bahan Masakan,Kebutuhan Dapur
cap anak raja beras pulen 5 kg,74500.0,NEEDS,Makan & Minum Harian,Bahan Masakan,Kebutuhan Dapur
gulaku gula pasir tebu premium 1 kg,17500.0,NEEDS,Makan & Minum Harian,Bahan Masakan,Kebutuhan Dapur
sania beras premium 5 kg,74500.0,NEEDS,Makan & Minum Harian,Bahan Masakan,Kebutuhan Dapur
tropical minyak goreng kelapa sawit botol 1.5 l,33200.0,NEEDS,Makan & Minum Harian,Bahan Masakan,Kebutuhan Dapur
gulaku gula pasir tebu kuning 1 kg,17500.0,NEEDS,Makan & Minum Harian,Bahan Masakan,Kebutuhan Dapur
hok-1 beras premium 5 kg,74500.0,NEEDS,Makan & Minum Harian,Bahan Masakan,Kebutuhan Dapur
raja ultima beras premium 5 kg,74500.0,NEEDS,Makan & Minum Harian,Bahan Masakan,Kebutuhan Dapur
raja platinum beras slyp super 5 kg,74500.0,NEEDS,Makan & Minum Harian,Bahan Masakan,Kebutuhan Dapur
camar minyak goreng pouch 2 l,41900.0,NEEDS,Makan & Minum Harian,Bahan Masakan,Kebutuhan Dapur
anak raja beras pulen wangi fortifikasi premium 5 kg,95000.0,NEEDS,Makan & Minum Harian,Bahan Masakan,Kebutuhan Dapur
kobe selera bumbu instan ayam goreng lengkuas 80 g,3300.0,NEEDS,Makan & Minum Harian,Bahan Masakan,Kebutuhan Dapur
kobe tepung bumbu bakwan kress 200 g,7500.0,NEEDS,Makan & Minum Harian,Bahan Masakan,Kebutuhan Dapur
abc sambal asli botol 270 ml,16700.0,NEEDS,Makan & Minum Harian,Bahan Masakan,Kebutuhan Dapur
dolpin garam beryodium 500 g,14200.0,NEEDS,Makan & Minum Harian,Bahan Masakan,Kebutuhan Dapur
abc sambal ekstra pedas botol 130 ml,8200.0,NEEDS,Makan & Minum Harian,Bahan Masakan,Kebutuhan Dapur
kobe boncabe sambal tabur original level 15 45 g,9800.0,NEEDS,Makan & Minum Harian,Bahan Masakan,Kebutuhan Dapur
lee kum kee saus tiram botol 145 g,12200.0,NEEDS,Makan & Minum Harian,Bahan Masakan,Kebutuhan Dapur
abc kecap asin botol 131 ml,4800.0,NEEDS,Makan & Minum Harian,Bahan Masakan,Kebutuhan Dapur
sasa bumbu kari jepang original 40 g,7400.0,NEEDS,Makan & Minum Harian,Bahan Masakan,Kebutuhan Dapur
indofood racik bumbu spesial opor ayam 45 g,7100.0,NEEDS,Makan & Minum Harian,Bahan Masakan,Kebutuhan Dapur
mamasuka gim bori rumput laut kering tabur original botol 30 g,14200.0,NEEDS,Makan & Minum Harian,Bahan Masakan,Kebutuhan Dapur
sasa bumbu ungkep ayam kalasan 33 g,2000.0,NEEDS,Makan & Minum Harian,Bahan Masakan,Kebutuhan Dapur
del monte saus barbekiu refill 250 g,11300.0,NEEDS,Makan & Minum Harian,Bahan Masakan,Kebutuhan Dapur
sasa santan kelapa bubuk 20 g,3800.0,NEEDS,Makan & Minum Harian,Bahan Masakan,Kebutuhan Dapur
rasa masa bumbu masak instan nusantara rendang 50 g,5500.0,NEEDS,Makan & Minum Harian,Bahan Masakan,Kebutuhan Dapur
kobe bumbu nasi goreng super pedas 20 g,2700.0,NEEDS,Makan & Minum Harian,Bahan Masakan,Kebutuhan Dapur
dua belibis saus cabe ekstra pedas botol 235 ml,19800.0,NEEDS,Makan & Minum Harian,Bahan Masakan,Kebutuhan Dapur
masako bumbu kaldu penyedap rasa ayam 250 g,11900.0,NEEDS,Makan & Minum Harian,Bahan Masakan,Kebutuhan Dapur
ladaku merica bubuk 8 x 1 g,5400.0,NEEDS,Makan & Minum Harian,Bahan Masakan,Kebutuhan Dapur
masako bumbu kaldu penyedap rasa sapi 250 g,9000.0,NEEDS,Makan & Minum Harian,Bahan Masakan,Kebutuhan Dapur
kewpie mayones original 70 g,4900.0,NEEDS,Makan & Minum Harian,Bahan Masakan,Kebutuhan Dapur
del monte ketchup saus tomat sachet 24 x 8 g,5300.0,NEEDS,Makan & Minum Harian,Bahan Masakan,Kebutuhan Dapur
sajiku bumbu instan nasi goreng pedas 20 g,2300.0,NEEDS,Makan & Minum Harian,Bahan Masakan,Kebutuhan Dapur
uleg sambal terasi 10 x 17 g,16800.0,NEEDS,Makan & Minum Harian,Bahan Masakan,Kebutuhan Dapur
kara sun santan kelapa cair siap pakai 200 ml,20000.0,NEEDS,Makan & Minum Harian,Bahan Masakan,Kebutuhan Dapur
mayumi saus mayones original 100 g,8500.0,NEEDS,Makan & Minum Harian,Bahan Masakan,Kebutuhan Dapur
kobe bumbu aduk nasi uduk 3 x 15 g,7500.0,NEEDS,Makan & Minum Harian,Bahan Masakan,Kebutuhan Dapur
lee kum kee saus tiram sachet 30 g,2600.0,NEEDS,Makan & Minum Harian,Bahan Masakan,Kebutuhan Dapur
masako bumbu kaldu rasa jamur sachet 40 g,4300.0,NEEDS,Makan & Minum Harian,Bahan Masakan,Kebutuhan Dapur
mayumi saus mayones pedas 100 g,7000.0,NEEDS,Makan & Minum Harian,Bahan Masakan,Kebutuhan Dapur
sasa gourmet msg bubuk 250 g,15000.0,NEEDS,Makan & Minum Harian,Bahan Masakan,Kebutuhan Dapur
indofood racik bumbu instan nasi goreng spesial sosis 3 x 20 g,5900.0,NEEDS,Makan & Minum Harian,Bahan Masakan,Kebutuhan Dapur
abc sambal asli botol 130 ml,8200.0,NEEDS,Makan & Minum Harian,Bahan Masakan,Kebutuhan Dapur
indofood racik bumbu instan sayur asem 33 g,2300.0,NEEDS,Makan & Minum Harian,Bahan Masakan,Kebutuhan Dapur
indofood racik bumbu spesial gulai 45 g,7100.0,NEEDS,Makan & Minum Harian,Bahan Masakan,Kebutuhan Dapur
abc sambal extreme pedas botol 270 ml,17500.0,NEEDS,Makan & Minum Harian,Bahan Masakan,Kebutuhan Dapur
rasa masa bumbu masak instan nusantara opor ayam 40 g,3900.0,NEEDS,Makan & Minum Harian,Bahan Masakan,Kebutuhan Dapur
indofood sambal ekstra pedas botol 335 ml,17400.0,NEEDS,Makan & Minum Harian,Bahan Masakan,Kebutuhan Dapur
cap tanam jagung bihun jagung 320 g,13300.0,NEEDS,Makan & Minum Harian,Bahan Masakan,Kebutuhan Dapur
sasa saus sambal ekstra pedas sachet 24 pcs,6900.0,NEEDS,Makan & Minum Harian,Bahan Masakan,Kebutuhan Dapur
finna seleraku kerupuk udang mentah 200 g,8700.0,NEEDS,Makan & Minum Harian,Bahan Masakan,Kebutuhan Dapur
kobe bumbu aduk nasi kuning 3 x 15 g,7500.0,NEEDS,Makan & Minum Harian,Bahan Masakan,Kebutuhan Dapur
sasa sambal ekstra pedas botol 275 ml,16300.0,NEEDS,Makan & Minum Harian,Bahan Masakan,Kebutuhan Dapur
abc terasi udang 20 x 3.8 g,9300.0,NEEDS,Makan & Minum Harian,Bahan Masakan,Kebutuhan Dapur
abc nusantara sambal terasi 10 x 18 g,13500.0,NEEDS,Makan & Minum Harian,Bahan Masakan,Kebutuhan Dapur
indofood racik bumbu spesial kare 45 g,6800.0,NEEDS,Makan & Minum Harian,Bahan Masakan,Kebutuhan Dapur
saori saus oriental saus teriyaki botol 135 ml,10900.0,NEEDS,Makan & Minum Harian,Bahan Masakan,Kebutuhan Dapur
rasa masa bumbu masak instan nusantara gulai ayam 40 g,3900.0,NEEDS,Makan & Minum Harian,Bahan Masakan,Kebutuhan Dapur
alfamart beras merah 2 kg,44500.0,NEEDS,Makan & Minum Harian,Bahan Masakan,Kebutuhan Dapur
barco minyak goreng kelapa pouch 1 l,59900.0,NEEDS,Makan & Minum Harian,Bahan Masakan,Kebutuhan Dapur
alfamart gula merah 400 g,14900.0,NEEDS,Makan & Minum Harian,Bahan Masakan,Kebutuhan Dapur
kobe boncabe max end sambal tabur level 50 botol 30 g,16700.0,NEEDS,Makan & Minum Harian,Bahan Masakan,Kebutuhan Dapur
saori saus oriental saus tiram 23 ml,3500.0,NEEDS,Makan & Minum Harian,Bahan Masakan,Kebutuhan Dapur
mahorahora gula aren bubuk murni 200 g,20300.0,NEEDS,Makan & Minum Harian,Bahan Masakan,Kebutuhan Dapur
indofood sambal bangkok botol 335 ml,19000.0,NEEDS,Makan & Minum Harian,Bahan Masakan,Kebutuhan Dapur
befood slyp super beras premium 5 kg,74500.0,NEEDS,Makan & Minum Harian,Bahan Masakan,Kebutuhan Dapur
un-glu beras m-400 5 kg,74500.0,NEEDS,Makan & Minum Harian,Bahan Masakan,Kebutuhan Dapur
fortune beras pulen premium 5 kg,73500.0,NEEDS,Makan & Minum Harian,Bahan Masakan,Kebutuhan Dapur
sumo beras pulen fortifikasi kemasan merah 5 kg,90500.0,NEEDS,Makan & Minum Harian,Bahan Masakan,Kebutuhan Dapur
"desaku marinasi bumbu gorengan tempe, ikan & ayam 100 g",14300.0,NEEDS,Makan & Minum Harian,Bahan Masakan,Kebutuhan Dapur
indofood sambal pedas botol 275 ml,13900.0,NEEDS,Makan & Minum Harian,Bahan Masakan,Kebutuhan Dapur
royco saus tiram botol 275 ml,16000.0,NEEDS,Makan & Minum Harian,Bahan Masakan,Kebutuhan Dapur
kara santan krim kelapa siap pakai 200 ml,21200.0,NEEDS,Makan & Minum Harian,Bahan Masakan,Kebutuhan Dapur
sania minyak goreng pouch 1 l,21600.0,NEEDS,Makan & Minum Harian,Bahan Masakan,Kebutuhan Dapur
mamasuka delisaos saus sambal pedas hot lava botol 260 ml,15500.0,NEEDS,Makan & Minum Harian,Bahan Masakan,Kebutuhan Dapur
kobe boncabe sambal tabur level 30 botol 40 g,13700.0,NEEDS,Makan & Minum Harian,Bahan Masakan,Kebutuhan Dapur
kobe boncabe nori sambal tabur level 2 20 g,13800.0,NEEDS,Makan & Minum Harian,Bahan Masakan,Kebutuhan Dapur
alfamart lada putih refill 50 g,17900.0,NEEDS,Makan & Minum Harian,Bahan Masakan,Kebutuhan Dapur
lee kum kee minyak wijen 115 ml,50300.0,NEEDS,Makan & Minum Harian,Bahan Masakan,Kebutuhan Dapur
haan gula aren 250 g,20800.0,NEEDS,Makan & Minum Harian,Bahan Masakan,Kebutuhan Dapur
bamboe asia bumbu instan tom yum 60 g,15400.0,NEEDS,Makan & Minum Harian,Bahan Masakan,Kebutuhan Dapur
abc sambal asli botol 335 ml,18700.0,NEEDS,Makan & Minum Harian,Bahan Masakan,Kebutuhan Dapur
indofood sambal ekstra pedas botol 135 ml,8100.0,NEEDS,Makan & Minum Harian,Bahan Masakan,Kebutuhan Dapur
tropicana slim pemanis rendah kalori klasik 50 x 2.5 g,54900.0,NEEDS,Makan & Minum Harian,Bahan Masakan,Kebutuhan Dapur
maestro salad dressing wijen sangrai 100 g,6200.0,NEEDS,Makan & Minum Harian,Bahan Masakan,Kebutuhan Dapur
del monte sambal ekstra pedas botol 330 ml,14200.0,NEEDS,Makan & Minum Harian,Bahan Masakan,Kebutuhan Dapur
del monte sambal ekstra pedas 24 x 8 g,8300.0,NEEDS,Makan & Minum Harian,Bahan Masakan,Kebutuhan Dapur
tropicana slim pemanis nol kalori diabtx 50 x 2 g,55200.0,NEEDS,Makan & Minum Harian,Bahan Masakan,Kebutuhan Dapur
"desaku bumbu balado 12,5 g",2800.0,NEEDS,Makan & Minum Harian,Bahan Masakan,Kebutuhan Dapur
abc saus bumbu kacang serbaguna pouch 60 g,5500.0,NEEDS,Makan & Minum Harian,Bahan Masakan,Kebutuhan Dapur
sasa tepung bumbu ayam goreng renyah 900 g,18900.0,NEEDS,Makan & Minum Harian,Bahan Masakan,Kebutuhan Dapur
abc minyak wijen botol 195 ml,61500.0,NEEDS,Makan & Minum Harian,Bahan Masakan,Kebutuhan Dapur
enak eco sambal pecel pedas 185 g,21200.0,NEEDS,Makan & Minum Harian,Bahan Masakan,Kebutuhan Dapur
alfamart gula batu 250 g,11800.0,NEEDS,Makan & Minum Harian,Bahan Masakan,Kebutuhan Dapur
tropicana slim pemanis nol kalori diabtx 100 x 2 g,97200.0,NEEDS,Makan & Minum Harian,Bahan Masakan,Kebutuhan Dapur
alfamart beras pandan wangi 5 kg,115500.0,NEEDS,Makan & Minum Harian,Bahan Masakan,Kebutuhan Dapur
flimrice beras shirataki instan box 7 x 40 g,61900.0,NEEDS,Makan & Minum Harian,Bahan Masakan,Kebutuhan Dapur
flimrice beras shirataki 1 kg,183500.0,NEEDS,Makan & Minum Harian,Bahan Masakan,Kebutuhan Dapur
tropicana slim minyak goreng canola botol 946 ml,74500.0,NEEDS,Makan & Minum Harian,Bahan Masakan,Kebutuhan Dapur
koepoe koepoepewarna makanan hijau muda 30 ml,3900.0,NEEDS,Makan & Minum Harian,Bahan Masakan,Kebutuhan Dapur
koepoe koepoe pasta pewarna & perasa cocopandan 60 ml,7900.0,NEEDS,Makan & Minum Harian,Bahan Masakan,Kebutuhan Dapur
koepoe koepoe pasta pewarna & perasa cokelat 60 ml,7900.0,NEEDS,Makan & Minum Harian,Bahan Masakan,Kebutuhan Dapur
koepoe koepoe pewarna makanan cokelat 30 ml,3900.0,NEEDS,Makan & Minum Harian,Bahan Masakan,Kebutuhan Dapur
lee kum kee kecap asin premium botol 500 ml,29900.0,NEEDS,Makan & Minum Harian,Bahan Masakan,Kebutuhan Dapur
filippo berio minyak zaitun ekstra virgin 500 ml,143900.0,NEEDS,Makan & Minum Harian,Bahan Masakan,Kebutuhan Dapur
filippo berio minyak zaitun ekstra light 500 ml,117900.0,NEEDS,Makan & Minum Harian,Bahan Masakan,Kebutuhan Dapur
heinz saus tomat botol 325 g,15900.0,NEEDS,Makan & Minum Harian,Bahan Masakan,Kebutuhan Dapur
koepoe koepoe daun oregano bumbu dapur botol 42 g,14900.0,NEEDS,Makan & Minum Harian,Bahan Masakan,Kebutuhan Dapur
maestro salad dressing thousand island botol 237 ml,16900.0,NEEDS,Makan & Minum Harian,Bahan Masakan,Kebutuhan Dapur
maestro salad dressing wijen sangrai botol 237 ml,17900.0,NEEDS,Makan & Minum Harian,Bahan Masakan,Kebutuhan Dapur
fukumi beras porang konjac sachet 7 pcs,57900.0,NEEDS,Makan & Minum Harian,Bahan Masakan,Kebutuhan Dapur
abc sambal asli 1 kg,22900.0,NEEDS,Makan & Minum Harian,Bahan Masakan,Kebutuhan Dapur
abc sambal extra pedas 950 g,22900.0,NEEDS,Makan & Minum Harian,Bahan Masakan,Kebutuhan Dapur
olivoila minyak zaitun ekstra virgin 500 ml,148900.0,NEEDS,Makan & Minum Harian,Bahan Masakan,Kebutuhan Dapur
sania royale minyak goreng kedelai botol 1 l,42500.0,NEEDS,Makan & Minum Harian,Bahan Masakan,Kebutuhan Dapur
koepoe koepoe lada hitam bubuk bumbu dapur 83 g,18900.0,NEEDS,Makan & Minum Harian,Bahan Masakan,Kebutuhan Dapur
evyna gula kelapa alami 320 g,30900.0,NEEDS,Makan & Minum Harian,Bahan Masakan,Kebutuhan Dapur
diabetasol pemanis nol kalori 100 sachet,61600.0,NEEDS,Makan & Minum Harian,Bahan Masakan,Kebutuhan Dapur
fukumi beras porang konjac pouch 1 kg,188900.0,NEEDS,Makan & Minum Harian,Bahan Masakan,Kebutuhan Dapur
lobo bumbu pasta tom yum 30 g,10900.0,NEEDS,Makan & Minum Harian,Bahan Masakan,Kebutuhan Dapur
ikan dorang minyak kelapa murni 250 ml,68900.0,NEEDS,Makan & Minum Harian,Bahan Masakan,Kebutuhan Dapur
ikan dorang minyak goreng kelapa pouch 950 ml,56900.0,NEEDS,Makan & Minum Harian,Bahan Masakan,Kebutuhan Dapur
dua belibis saus cabai sachet bag 24 x 8 g,9900.0,NEEDS,Makan & Minum Harian,Bahan Masakan,Kebutuhan Dapur
abc sambal asli pouch 380 g,15900.0,NEEDS,Makan & Minum Harian,Bahan Masakan,Kebutuhan Dapur
tudung bumbu nasi kuning 55 g,12900.0,NEEDS,Makan & Minum Harian,Bahan Masakan,Kebutuhan Dapur
tudung bumbu nasi uduk 55 g,12900.0,NEEDS,Makan & Minum Harian,Bahan Masakan,Kebutuhan Dapur
tudung tepung bumbu cireng 100 g,7900.0,NEEDS,Makan & Minum Harian,Bahan Masakan,Kebutuhan Dapur
yuuka food kerupuk mawar kecil mentah 300 g,22900.0,NEEDS,Makan & Minum Harian,Bahan Masakan,Kebutuhan Dapur
yuuka food kerupuk mawar besar mentah 300 g,22900.0,NEEDS,Makan & Minum Harian,Bahan Masakan,Kebutuhan Dapur
yuuka food abon rumput laut original 50 g,25900.0,NEEDS,Makan & Minum Harian,Bahan Masakan,Kebutuhan Dapur
royco bumbu instan opor ayam 45 g,5500.0,NEEDS,Makan & Minum Harian,Bahan Masakan,Kebutuhan Dapur
royco bumbu instan soto ayam 40 g,5500.0,NEEDS,Makan & Minum Harian,Bahan Masakan,Kebutuhan Dapur
tropicana slim beras porang instan sachet 10 x 40 g,79900.0,NEEDS,Makan & Minum Harian,Bahan Masakan,Kebutuhan Dapur
lee kum kee saus tiram cap panda botol 255 g,24900.0,NEEDS,Makan & Minum Harian,Bahan Masakan,Kebutuhan Dapur
mamasuka delisaos bumbu pasta instan gochujang pedas 200 g,15500.0,NEEDS,Makan & Minum Harian,Bahan Masakan,Kebutuhan Dapur
bango kecap asin 132 g,5500.0,NEEDS,Makan & Minum Harian,Bahan Masakan,Kebutuhan Dapur
bertolli minyak zaitun ekstra light 500 ml,148900.0,NEEDS,Makan & Minum Harian,Bahan Masakan,Kebutuhan Dapur
lee kum kee saus tiram jamur botol 510 ml,52900.0,NEEDS,Makan & Minum Harian,Bahan Masakan,Kebutuhan Dapur
tropicana slim santan kelapa bubuk rendah lemak 5 x 20 g,23900.0,NEEDS,Makan & Minum Harian,Bahan Masakan,Kebutuhan Dapur
tropicana slim kecap manis bebas gula botol 200 ml,34900.0,NEEDS,Makan & Minum Harian,Bahan Masakan,Kebutuhan Dapur
ellenka fiber creme krimer serbaguna 450 g,62900.0,NEEDS,Makan & Minum Harian,Bahan Masakan,Kebutuhan Dapur
lee kum kee chiu chow style minyak cabai 205 ml,42900.0,NEEDS,Makan & Minum Harian,Bahan Masakan,Kebutuhan Dapur
burung layang terbang miesoa instan 130 g,6900.0,NEEDS,Makan & Minum Harian,Bahan Masakan,Kebutuhan Dapur
burung layang terbang mie hongkong 140 g,13900.0,NEEDS,Makan & Minum Harian,Bahan Masakan,Kebutuhan Dapur
kikkoman saus bulgogi botol 300 g,23900.0,NEEDS,Makan & Minum Harian,Bahan Masakan,Kebutuhan Dapur
kikkoman kecap asin jepang botol 150 ml,21000.0,NEEDS,Makan & Minum Harian,Bahan Masakan,Kebutuhan Dapur
lee kum kee saus seafood botol 410 ml,40900.0,NEEDS,Makan & Minum Harian,Bahan Masakan,Kebutuhan Dapur
del monte saus barbekiu refill 1 kg,34900.0,NEEDS,Makan & Minum Harian,Bahan Masakan,Kebutuhan Dapur
kecap asin cap hati angsa botol 275 ml,12500.0,NEEDS,Makan & Minum Harian,Bahan Masakan,Kebutuhan Dapur
finna kerupuk udang nusantara 250 g,31500.0,NEEDS,Makan & Minum Harian,Bahan Masakan,Kebutuhan Dapur
desaku ketumbar bubuk pouch 100 g,14900.0,NEEDS,Makan & Minum Harian,Bahan Masakan,Kebutuhan Dapur
rose brand bihun jagung 320 g,10000.0,NEEDS,Makan & Minum Harian,Bahan Masakan,Kebutuhan Dapur
del monte saus barbekiu korea refill 250 g,10900.0,NEEDS,Makan & Minum Harian,Bahan Masakan,Kebutuhan Dapur
burung layang terbang miesoa box 350 g,23900.0,NEEDS,Makan & Minum Harian,Bahan Masakan,Kebutuhan Dapur
anak raja beras pulen pouch 1 kg,19500.0,NEEDS,Makan & Minum Harian,Bahan Masakan,Kebutuhan Dapur
lee kum kee saus tiram cap panda botol 770 g,63900.0,NEEDS,Makan & Minum Harian,Bahan Masakan,Kebutuhan Dapur
finna saus sambal ekstra pedas botol 340 ml,13900.0,NEEDS,Makan & Minum Harian,Bahan Masakan,Kebutuhan Dapur
finna saus untuk ayam goreng botol 340 ml,19000.0,NEEDS,Makan & Minum Harian,Bahan Masakan,Kebutuhan Dapur
sedap wangi kecap inggris botol 320 ml,34900.0,NEEDS,Makan & Minum Harian,Bahan Masakan,Kebutuhan Dapur
maggi seasoning bumbu masak botol 100 ml,17500.0,NEEDS,Makan & Minum Harian,Bahan Masakan,Kebutuhan Dapur
tropicana slim pemanis nol kalori diabtx 25 s,28900.0,NEEDS,Makan & Minum Harian,Bahan Masakan,Kebutuhan Dapur
bertolli minyak zaitun ekstra light 250 ml,76900.0,NEEDS,Makan & Minum Harian,Bahan Masakan,Kebutuhan Dapur
bertolli minyak zaitun ekstra virgin 250 ml,82900.0,NEEDS,Makan & Minum Harian,Bahan Masakan,Kebutuhan Dapur
filippo berio minyak zaitun murni 250 ml,72900.0,NEEDS,Makan & Minum Harian,Bahan Masakan,Kebutuhan Dapur
filippo berio minyak zaitun ekstra virgin 250 ml,84900.0,NEEDS,Makan & Minum Harian,Bahan Masakan,Kebutuhan Dapur
mazola minyak goreng jagung botol 450 ml,62000.0,NEEDS,Makan & Minum Harian,Bahan Masakan,Kebutuhan Dapur
happy minyak goreng kedelai murni botol 1 l,50500.0,NEEDS,Makan & Minum Harian,Bahan Masakan,Kebutuhan Dapur
happy minyak goreng kedelai murni pouch 1 l,42900.0,NEEDS,Makan & Minum Harian,Bahan Masakan,Kebutuhan Dapur
mazola minyak goreng kanola botol 900 ml,102900.0,NEEDS,Makan & Minum Harian,Bahan Masakan,Kebutuhan Dapur
mazola minyak goreng kedelai botol 900 ml,102900.0,NEEDS,Makan & Minum Harian,Bahan Masakan,Kebutuhan Dapur
filippo berio minyak zaitun ekstra light 250 ml,72900.0,NEEDS,Makan & Minum Harian,Bahan Masakan,Kebutuhan Dapur
tropicana slim minyak jagung 946 ml,109900.0,NEEDS,Makan & Minum Harian,Bahan Masakan,Kebutuhan Dapur
tropicana slim beras merah organik 1 kg,49900.0,NEEDS,Makan & Minum Harian,Bahan Masakan,Kebutuhan Dapur
kobe tepung bumbu kentucky super crispy 850 g,25900.0,NEEDS,Makan & Minum Harian,Bahan Masakan,Kebutuhan Dapur
kongbap beras multi grain mix original 150 g,12900.0,NEEDS,Makan & Minum Harian,Bahan Masakan,Kebutuhan Dapur
tropicana slim stevia pemanis natural 50 s,69000.0,NEEDS,Makan & Minum Harian,Bahan Masakan,Kebutuhan Dapur
pronas abon daging sapi original pouch 100 g,36500.0,NEEDS,Makan & Minum Harian,Bahan Masakan,Kebutuhan Dapur
abc kecap manis 825 g,26900.0,NEEDS,Makan & Minum Harian,Bahan Masakan,Kebutuhan Dapur
mahsuri saus gurih asam manis botol 265 g,22900.0,NEEDS,Makan & Minum Harian,Bahan Masakan,Kebutuhan Dapur
rose brand sirup fruktosa gula cair rendah kalori 500 g,19900.0,NEEDS,Makan & Minum Harian,Bahan Masakan,Kebutuhan Dapur
tropicana slim minyak bunga matahari 946 ml,89900.0,NEEDS,Makan & Minum Harian,Bahan Masakan,Kebutuhan Dapur
tropicana slim extra virgin olive oil 500 ml,169900.0,NEEDS,Makan & Minum Harian,Bahan Masakan,Kebutuhan Dapur
kikkoman saus teriyaki bawang botol 300 g,21000.0,NEEDS,Makan & Minum Harian,Bahan Masakan,Kebutuhan Dapur
kikkoman saus pedas ala korea gochujang botol 300 g,23000.0,NEEDS,Makan & Minum Harian,Bahan Masakan,Kebutuhan Dapur
sedaap kecap manis pouch 1 kg,25900.0,NEEDS,Makan & Minum Harian,Bahan Masakan,Kebutuhan Dapur
tropicana slim beras shirataki instan rasa nasi uduk pouch 72 g,34900.0,NEEDS,Makan & Minum Harian,Bahan Masakan,Kebutuhan Dapur
mamasuka sup krim instan daging sapi lada hitam 55 g,8900.0,NEEDS,Makan & Minum Harian,Bahan Masakan,Kebutuhan Dapur
pura the purest sea salt garam kasar 300 g,39500.0,NEEDS,Makan & Minum Harian,Bahan Masakan,Kebutuhan Dapur
masako light bumbu kaldu penyedap rasa ayam 50 g,4500.0,NEEDS,Makan & Minum Harian,Bahan Masakan,Kebutuhan Dapur
kewpie salad dressing caesar 200 ml,34500.0,NEEDS,Makan & Minum Harian,Bahan Masakan,Kebutuhan Dapur
pura garam himalaya dengan bawang putih 125 g,45000.0,NEEDS,Makan & Minum Harian,Bahan Masakan,Kebutuhan Dapur
pura garam himalaya dengan lada hitam 125 g,45000.0,NEEDS,Makan & Minum Harian,Bahan Masakan,Kebutuhan Dapur
desaku kunyit bubuk pouch 100 g,19900.0,NEEDS,Makan & Minum Harian,Bahan Masakan,Kebutuhan Dapur
kecap benteng sh manis sedang refill 620 ml,30900.0,NEEDS,Makan & Minum Harian,Bahan Masakan,Kebutuhan Dapur
finna kacang hijau box 450 g,25900.0,NEEDS,Makan & Minum Harian,Bahan Masakan,Kebutuhan Dapur
finna kacang merah brene bone box 450 g,26900.0,NEEDS,Makan & Minum Harian,Bahan Masakan,Kebutuhan Dapur
finna jagung popcorn box 500 g,17500.0,NEEDS,Makan & Minum Harian,Bahan Masakan,Kebutuhan Dapur
finna kacang hijau box 450 g,25900.0,NEEDS,Makan & Minum Harian,Bahan Masakan,Kebutuhan Dapur
finna kacang merah brene bone box 450 g,26900.0,NEEDS,Makan & Minum Harian,Bahan Masakan,Kebutuhan Dapur
finna jagung popcorn box 500 g,17500.0,NEEDS,Makan & Minum Harian,Bahan Masakan,Kebutuhan Dapur
tropicana slim kaldu ayam dan jamur 100 g,28500.0,NEEDS,Makan & Minum Harian,Bahan Masakan,Kebutuhan Dapur
mayumi saus salad buah 70 g,5900.0,NEEDS,Makan & Minum Harian,Bahan Masakan,Kebutuhan Dapur
little dragon sambal bawang box 10 x 8 g,20900.0,NEEDS,Makan & Minum Harian,Bahan Masakan,Kebutuhan Dapur
little dragon sambal terasi box 10 x 8 g,20900.0,NEEDS,Makan & Minum Harian,Bahan Masakan,Kebutuhan Dapur
lee kum kee bumbu instan saus kung pao 100 g,29900.0,NEEDS,Makan & Minum Harian,Bahan Masakan,Kebutuhan Dapur
lee kum kee bumbu instan nasi ayam hainan 100 g,29500.0,NEEDS,Makan & Minum Harian,Bahan Masakan,Kebutuhan Dapur
kikkoman saus barbekiu botol 300 g,23000.0,NEEDS,Makan & Minum Harian,Bahan Masakan,Kebutuhan Dapur
kikkoman saus teriyaki lada hitam botol 300 g,19900.0,NEEDS,Makan & Minum Harian,Bahan Masakan,Kebutuhan Dapur
pura the purest sea salt garam halus 300 g,39500.0,NEEDS,Makan & Minum Harian,Bahan Masakan,Kebutuhan Dapur
cap gajah citric acid pengatur keasaman asam sitrat 50 g,2900.0,NEEDS,Makan & Minum Harian,Bahan Masakan,Kebutuhan Dapur
tts pearl river bridge kecap jamur botol 150 ml,14900.0,NEEDS,Makan & Minum Harian,Bahan Masakan,Kebutuhan Dapur
tts pearl river bridge kecap botol 150 ml,14900.0,NEEDS,Makan & Minum Harian,Bahan Masakan,Kebutuhan Dapur
tropicana slim pemanis alami gula buah 50 pcs,49900.0,NEEDS,Makan & Minum Harian,Bahan Masakan,Kebutuhan Dapur
sasa santan kelapa cair 1 l,69000.0,NEEDS,Makan & Minum Harian,Bahan Masakan,Kebutuhan Dapur
sasa saus sambal asli refill 950 g,21000.0,NEEDS,Makan & Minum Harian,Bahan Masakan,Kebutuhan Dapur
sasa saus tomat refill 950 g,18000.0,NEEDS,Makan & Minum Harian,Bahan Masakan,Kebutuhan Dapur
anak raja beras setra ramos 5 kg,74500.0,NEEDS,Makan & Minum Harian,Bahan Masakan,Kebutuhan Dapur
saori saus oriental saus teriyaki botol 1 l,52500.0,NEEDS,Makan & Minum Harian,Bahan Masakan,Kebutuhan Dapur
mayumi saus mayones original 1 kg,57500.0,NEEDS,Makan & Minum Harian,Bahan Masakan,Kebutuhan Dapur
kobe bumbu aduk nasi bebek hitam 3 x 20 g,6500.0,NEEDS,Makan & Minum Harian,Bahan Masakan,Kebutuhan Dapur
kobe bumbu aduk nasi rendang 3 x 20 g,6500.0,NEEDS,Makan & Minum Harian,Bahan Masakan,Kebutuhan Dapur
del monte saus pasta carbonara jamur 180 g,17500.0,NEEDS,Makan & Minum Harian,Bahan Masakan,Kebutuhan Dapur
del monte saus pasta carbonara 180 g,17500.0,NEEDS,Makan & Minum Harian,Bahan Masakan,Kebutuhan Dapur
barco minyak goreng kelapa botol 2 l,120900.0,NEEDS,Makan & Minum Harian,Bahan Masakan,Kebutuhan Dapur
abe food potabon abon sapi pouch 100 g,40900.0,NEEDS,Makan & Minum Harian,Bahan Masakan,Kebutuhan Dapur
abe food potabon abon ayam pouch 100 g,37900.0,NEEDS,Makan & Minum Harian,Bahan Masakan,Kebutuhan Dapur
tropicana slim beras porang instan 1 kg,204900.0,NEEDS,Makan & Minum Harian,Bahan Masakan,Kebutuhan Dapur
kongbap beras multi grain mix chiaseed & quinoa 150 g,12900.0,NEEDS,Makan & Minum Harian,Bahan Masakan,Kebutuhan Dapur
kongbap beras multi grain mix shirataki 150 g,12900.0,NEEDS,Makan & Minum Harian,Bahan Masakan,Kebutuhan Dapur
jay's kitchen bumbu bawang putih untuk roti 20 g,16900.0,NEEDS,Makan & Minum Harian,Bahan Masakan,Kebutuhan Dapur
jay's kitchen bumbu penyedap serbaguna 18 g,11900.0,NEEDS,Makan & Minum Harian,Bahan Masakan,Kebutuhan Dapur
jay's kitchen paprika bubuk 12 g,10500.0,NEEDS,Makan & Minum Harian,Bahan Masakan,Kebutuhan Dapur
jay's kitchen daun oregano 6 g,10500.0,NEEDS,Makan & Minum Harian,Bahan Masakan,Kebutuhan Dapur
jay's kitchen daun basil 5 g,11000.0,NEEDS,Makan & Minum Harian,Bahan Masakan,Kebutuhan Dapur
jay's kitchen daun parsley 4 g,10500.0,NEEDS,Makan & Minum Harian,Bahan Masakan,Kebutuhan Dapur
jay's kitchen lada hitam remah 8 g,11900.0,NEEDS,Makan & Minum Harian,Bahan Masakan,Kebutuhan Dapur
jay's kitchen kayu manis bubuk 12 g,9500.0,NEEDS,Makan & Minum Harian,Bahan Masakan,Kebutuhan Dapur
uleg sambal terasi 500 g,35900.0,NEEDS,Makan & Minum Harian,Bahan Masakan,Kebutuhan Dapur
finega cuka apel 250 ml,58900.0,NEEDS,Makan & Minum Harian,Bahan Masakan,Kebutuhan Dapur
finega cuka lemon 250 ml,58900.0,NEEDS,Makan & Minum Harian,Bahan Masakan,Kebutuhan Dapur
finega cuka nanas 250 ml,58900.0,NEEDS,Makan & Minum Harian,Bahan Masakan,Kebutuhan Dapur
topi koki beras fortifikasi kristal 5 kg,116500.0,NEEDS,Makan & Minum Harian,Bahan Masakan,Kebutuhan Dapur
topi koki beras fortifikasi heritage 5 kg,137500.0,NEEDS,Makan & Minum Harian,Bahan Masakan,Kebutuhan Dapur
royco bumbu kaldu penyedap rasa ikan 36 g,2400.0,NEEDS,Makan & Minum Harian,Bahan Masakan,Kebutuhan Dapur
lee kum kee bumbu instan nasi goreng oriental 120 g,29500.0,NEEDS,Makan & Minum Harian,Bahan Masakan,Kebutuhan Dapur
lee kum kee saus tiram kum chun 510 g,36500.0,NEEDS,Makan & Minum Harian,Bahan Masakan,Kebutuhan Dapur
beeru stevia pemanis natural 5 ml,35900.0,NEEDS,Makan & Minum Harian,Bahan Masakan,Kebutuhan Dapur
kewpie salad dressing dengan keju 150 g,30900.0,NEEDS,Makan & Minum Harian,Bahan Masakan,Kebutuhan Dapur
mamasuka delisaos saus pedas ayam korea honey original 320 g,17000.0,NEEDS,Makan & Minum Harian,Bahan Masakan,Kebutuhan Dapur
mamasuka delisaos saus pedas ayam korea honey garlic 320 g,17000.0,NEEDS,Makan & Minum Harian,Bahan Masakan,Kebutuhan Dapur
kananori bumbu tabur rumput laut rasa teri 30 g,15900.0,NEEDS,Makan & Minum Harian,Bahan Masakan,Kebutuhan Dapur
kananori bumbu tabur rumput laut rasa cakalang 30 g,15900.0,NEEDS,Makan & Minum Harian,Bahan Masakan,Kebutuhan Dapur
kananori bumbu tabur rumput laut rasa wijen 30 g,15900.0,NEEDS,Makan & Minum Harian,Bahan Masakan,Kebutuhan Dapur
nature beras cokelat organik 1 kg,29900.0,NEEDS,Makan & Minum Harian,Bahan Masakan,Kebutuhan Dapur
nature beras putih organik 1 kg,29900.0,NEEDS,Makan & Minum Harian,Bahan Masakan,Kebutuhan Dapur
nature beras pandan wangi organik 2 kg,64900.0,NEEDS,Makan & Minum Harian,Bahan Masakan,Kebutuhan Dapur
lee kum kee saus cabai dengan bawang putih 226 g,42900.0,NEEDS,Makan & Minum Harian,Bahan Masakan,Kebutuhan Dapur
maya tunadalam minyak kedelai 185 g,24200.0,NEEDS,Makan & Minum Harian,Bahan Masakan,Kebutuhan Dapur
royco bumbu instan rendang 45 g,5900.0,NEEDS,Makan & Minum Harian,Bahan Masakan,Kebutuhan Dapur
royco bumbu penyedap rasa kaldu ayam 220 g,9400.0,NEEDS,Makan & Minum Harian,Bahan Masakan,Kebutuhan Dapur
maestro thousand island salad dressing 100 g,4400.0,NEEDS,Makan & Minum Harian,Bahan Masakan,Kebutuhan Dapur
royco bumbu kaldu penyedap rasa sapi 220 g,9400.0,NEEDS,Makan & Minum Harian,Bahan Masakan,Kebutuhan Dapur
sania minyak goreng pouch 2 l,43000.0,NEEDS,Makan & Minum Harian,Bahan Masakan,Kebutuhan Dapur
rose brand gula pasir tebu kuning 1 kg,17500.0,NEEDS,Makan & Minum Harian,Bahan Masakan,Kebutuhan Dapur
indofood racik bumbu spesial soto ayam 45 g,7200.0,NEEDS,Makan & Minum Harian,Bahan Masakan,Kebutuhan Dapur
ajinomoto bumbu penyedap umami 90 g,5000.0,NEEDS,Makan & Minum Harian,Bahan Masakan,Kebutuhan Dapur
bamboe bumbu instan rawon 54 g,12500.0,NEEDS,Makan & Minum Harian,Bahan Masakan,Kebutuhan Dapur
mamasuka delisaos saus bulgogi botol 260 ml,17700.0,NEEDS,Makan & Minum Harian,Bahan Masakan,Kebutuhan Dapur
kecap benteng sh manis sedang botol 300 ml,17100.0,NEEDS,Makan & Minum Harian,Bahan Masakan,Kebutuhan Dapur
abc saus bumbu kacang serbaguna 180 g,16000.0,NEEDS,Makan & Minum Harian,Bahan Masakan,Kebutuhan Dapur
tropical minyak goreng botol 1 l,23100.0,NEEDS,Makan & Minum Harian,Bahan Masakan,Kebutuhan Dapur
mamasuka mayones 300 g,25700.0,NEEDS,Makan & Minum Harian,Bahan Masakan,Kebutuhan Dapur
diabetasol nulife pemanis gula tanpa kalori 50 s,44400.0,NEEDS,Makan & Minum Harian,Bahan Masakan,Kebutuhan Dapur
topi koki beras setra royale 5 kg,92600.0,NEEDS,Makan & Minum Harian,Bahan Masakan,Kebutuhan Dapur
dua belibis saus cabai refill 1 kg,32500.0,NEEDS,Makan & Minum Harian,Bahan Masakan,Kebutuhan Dapur
rose brand gula halus 500 g,14900.0,NEEDS,Makan & Minum Harian,Bahan Masakan,Kebutuhan Dapur
saori saus oriental saus tiram botol 1 l,51900.0,NEEDS,Makan & Minum Harian,Bahan Masakan,Kebutuhan Dapur
"desaku bumbu sambal goreng 12,5 g",2800.0,NEEDS,Makan & Minum Harian,Bahan Masakan,Kebutuhan Dapur
del monte saus lada hitam refill 250 g,10900.0,NEEDS,Makan & Minum Harian,Bahan Masakan,Kebutuhan Dapur
bango kecap manis hitam gurih refill 550 g,11900.0,NEEDS,Makan & Minum Harian,Bahan Masakan,Kebutuhan Dapur
bimoli minyak goreng pouch 1 l,20400.0,NEEDS,Makan & Minum Harian,Bahan Masakan,Kebutuhan Dapur
bimoli special minyak goreng pouch 2 l,41300.0,NEEDS,Makan & Minum Harian,Bahan Masakan,Kebutuhan Dapur
bumboo bumbu keju 75 g,34500.0,NEEDS,Makan & Minum Harian,Bahan Masakan,Kebutuhan Dapur
bumbu bunda minyak kelapa 500 ml,65900.0,NEEDS,Makan & Minum Harian,Bahan Masakan,Kebutuhan Dapur
bumbu bunda elia bb booster minyak lemak sapi 100 ml,29900.0,NEEDS,Makan & Minum Harian,Bahan Masakan,Kebutuhan Dapur
bumbu bunda santan kelapa bubuk 50 g,41900.0,NEEDS,Makan & Minum Harian,Bahan Masakan,Kebutuhan Dapur
tudung tepung bumbu perkedel 50 g,4900.0,NEEDS,Makan & Minum Harian,Bahan Masakan,Kebutuhan Dapur
topi koki beras long grain kristal 2.5 kg,58900.0,NEEDS,Makan & Minum Harian,Bahan Masakan,Kebutuhan Dapur
garuda popcorn instant rasa caramel butter 80 g,10200.0,NEEDS,Makan & Minum Harian,Bahan Masakan,Kebutuhan Dapur
bimoli minyak goreng pouch 2 l,39900.0,NEEDS,Makan & Minum Harian,Bahan Masakan,Kebutuhan Dapur
"desaku bumbu kari 12,5 g",2800.0,NEEDS,Makan & Minum Harian,Bahan Masakan,Kebutuhan Dapur
grouu minyak lemak ayam botol 250 ml,36500.0,NEEDS,Makan & Minum Harian,Bahan Masakan,Kebutuhan Dapur
grouu bumbu kaldu ayam anak 90 g,21500.0,NEEDS,Makan & Minum Harian,Bahan Masakan,Kebutuhan Dapur
grouu bumbu kaldu sapi anak 90 g,21500.0,NEEDS,Makan & Minum Harian,Bahan Masakan,Kebutuhan Dapur
grouu minyak lemak sapi botol 250 ml,47500.0,NEEDS,Makan & Minum Harian,Bahan Masakan,Kebutuhan Dapur
grouu bumbu santan kelapa anak 50 g,15900.0,NEEDS,Makan & Minum Harian,Bahan Masakan,Kebutuhan Dapur
grouu bumbu keju anak 85 g,17500.0,NEEDS,Makan & Minum Harian,Bahan Masakan,Kebutuhan Dapur
"desaku bumbu gulai padang 12,5 g",2800.0,NEEDS,Makan & Minum Harian,Bahan Masakan,Kebutuhan Dapur
koepoe koepoe pasta pewarna & perasa vanila 60 ml,7900.0,NEEDS,Makan & Minum Harian,Bahan Masakan,Kebutuhan Dapur
dua belibis saus cabai botol 650 g,26900.0,NEEDS,Makan & Minum Harian,Bahan Masakan,Kebutuhan Dapur
lee kum kee minyak wijen murni 207 ml,68900.0,NEEDS,Makan & Minum Harian,Bahan Masakan,Kebutuhan Dapur
maestro mayones refill 1 kg,30900.0,NEEDS,Makan & Minum Harian,Bahan Masakan,Kebutuhan Dapur
"desaku bumbu opor 12,5 g",2800.0,NEEDS,Makan & Minum Harian,Bahan Masakan,Kebutuhan Dapur
kobe selera bumbu instan opor ayam 75 g,3000.0,NEEDS,Makan & Minum Harian,Bahan Masakan,Kebutuhan Dapur
mahsuri saus cabe botol 235 g,9900.0,NEEDS,Makan & Minum Harian,Bahan Masakan,Kebutuhan Dapur
kobe selera bumbu instan soto ayam 75 g,3000.0,NEEDS,Makan & Minum Harian,Bahan Masakan,Kebutuhan Dapur
bumbu bunda elia bb booster minyak lemak ayam 100 ml,29900.0,NEEDS,Makan & Minum Harian,Bahan Masakan,Kebutuhan Dapur
bumboo bumbu kaldu jamur 75 g,32900.0,NEEDS,Makan & Minum Harian,Bahan Masakan,Kebutuhan Dapur
totole kaldu rasa jamur 400 g,56900.0,NEEDS,Makan & Minum Harian,Bahan Masakan,Kebutuhan Dapur
koepoe koepoe perisa alami bawang putih bubuk 130 g,14900.0,NEEDS,Makan & Minum Harian,Bahan Masakan,Kebutuhan Dapur
abc minyak wijen botol 195 ml,61500.0,NEEDS,Makan & Minum Harian,Bahan Masakan,Kebutuhan Dapur
alfamart beras pandan wangi 5 kg,115500.0,NEEDS,Makan & Minum Harian,Bahan Masakan,Kebutuhan Dapur
koepoe koepoe daun parsley bumbu dapur botol 19 g,10900.0,NEEDS,Makan & Minum Harian,Bahan Masakan,Kebutuhan Dapur
finna kecap ikan cap kerang botol 200 ml,17500.0,NEEDS,Makan & Minum Harian,Bahan Masakan,Kebutuhan Dapur
anak raja beras organik aromatik 5 kg,129000.0,NEEDS,Makan & Minum Harian,Bahan Masakan,Kebutuhan Dapur
kobe tepung bumbu kentucky super crispy 850 g,25900.0,NEEDS,Makan & Minum Harian,Bahan Masakan,Kebutuhan Dapur
dua belibis saus tomat refill 1 kg,17900.0,NEEDS,Makan & Minum Harian,Bahan Masakan,Kebutuhan Dapur
bango kecap manis refill 1.5 kg,49900.0,NEEDS,Makan & Minum Harian,Bahan Masakan,Kebutuhan Dapur
topi koki beras fortifikasi kristal 5 kg,116500.0,NEEDS,Makan & Minum Harian,Bahan Masakan,Kebutuhan Dapur
bango kecap manis hitam gurih refill 550 g,11900.0,NEEDS,Makan & Minum Harian,Bahan Masakan,Kebutuhan Dapur
koepoe koepoe lada hitam bubuk bumbu dapur 83 g,18900.0,NEEDS,Makan & Minum Harian,Bahan Masakan,Kebutuhan Dapur
rose brand tepung ketan putih 500 g,17400.0,NEEDS,Makan & Minum Harian,Bahan Roti & Kue,Kebutuhan Dapur
pondan brownies kukus 230 g,16300.0,NEEDS,Makan & Minum Harian,Bahan Roti & Kue,Kebutuhan Dapur
sasa tepung bumbu pisang goreng vanila 210 g,7700.0,NEEDS,Makan & Minum Harian,Bahan Roti & Kue,Kebutuhan Dapur
kunci biru tepung terigu 1 kg,14200.0,NEEDS,Makan & Minum Harian,Bahan Roti & Kue,Kebutuhan Dapur
blue band serbaguna margarin tub 230 g,18500.0,NEEDS,Makan & Minum Harian,Bahan Roti & Kue,Kebutuhan Dapur
meg keju cheddar serbaguna box 160 g,11900.0,NEEDS,Makan & Minum Harian,Bahan Roti & Kue,Kebutuhan Dapur
frisian flag keju cheddar blok 150 g,16300.0,NEEDS,Makan & Minum Harian,Bahan Roti & Kue,Kebutuhan Dapur
meg keju serbaguna lembaran 10 s,12500.0,NEEDS,Makan & Minum Harian,Bahan Roti & Kue,Kebutuhan Dapur
forvita margarin serbaguna box 250 g,12700.0,NEEDS,Makan & Minum Harian,Bahan Roti & Kue,Kebutuhan Dapur
segitiga biru tepung terigu 1 kg,14900.0,NEEDS,Makan & Minum Harian,Bahan Roti & Kue,Kebutuhan Dapur
forvita margarin cup 200 g,7000.0,NEEDS,Makan & Minum Harian,Bahan Roti & Kue,Kebutuhan Dapur
forvita margarin serbaguna 200 g,6400.0,NEEDS,Makan & Minum Harian,Bahan Roti & Kue,Kebutuhan Dapur
sania tepung terigu serbaguna 1 kg,13700.0,NEEDS,Makan & Minum Harian,Bahan Roti & Kue,Kebutuhan Dapur
blue band serbaguna margarin 200 g,9900.0,NEEDS,Makan & Minum Harian,Bahan Roti & Kue,Kebutuhan Dapur
kraft keju cheddar 150 g,19900.0,NEEDS,Makan & Minum Harian,Bahan Roti & Kue,Kebutuhan Dapur
blue band 5 in1 serbaguna margarin 190 g,6900.0,NEEDS,Makan & Minum Harian,Bahan Roti & Kue,Kebutuhan Dapur
blue band margarin kue & cookie sachet 200 g,14200.0,NEEDS,Makan & Minum Harian,Bahan Roti & Kue,Kebutuhan Dapur
wincheez keju cheedar olahan gold box 170 g,10800.0,NEEDS,Makan & Minum Harian,Bahan Roti & Kue,Kebutuhan Dapur
prochiz keju cheddar olahan oles 160 g,14800.0,NEEDS,Makan & Minum Harian,Bahan Roti & Kue,Kebutuhan Dapur
prochiz gold keju cheddar olahan box 160 g,16200.0,NEEDS,Makan & Minum Harian,Bahan Roti & Kue,Kebutuhan Dapur
cap pak tani gunung tepung tapioka 500 g,13600.0,NEEDS,Makan & Minum Harian,Bahan Roti & Kue,Kebutuhan Dapur
kobe tepung tempe goreng kriuk 200 g,7500.0,NEEDS,Makan & Minum Harian,Bahan Roti & Kue,Kebutuhan Dapur
colatta cokelat compound hitam 180 g,23900.0,NEEDS,Makan & Minum Harian,Bahan Roti & Kue,Kebutuhan Dapur
mamasuka tepung roti 100 g,9500.0,NEEDS,Makan & Minum Harian,Bahan Roti & Kue,Kebutuhan Dapur
kraft keju cheddar mini 30 g,6200.0,NEEDS,Makan & Minum Harian,Bahan Roti & Kue,Kebutuhan Dapur
maizenaku corn starch 150 g,7500.0,NEEDS,Makan & Minum Harian,Bahan Roti & Kue,Kebutuhan Dapur
wincheez keju cheedar olahan spreadable 150 g,11500.0,NEEDS,Makan & Minum Harian,Bahan Roti & Kue,Kebutuhan Dapur
rose brand tepung beras putih 500 g,12500.0,NEEDS,Makan & Minum Harian,Bahan Roti & Kue,Kebutuhan Dapur
koepoe koepoe soda kue 81 g,6100.0,NEEDS,Makan & Minum Harian,Bahan Roti & Kue,Kebutuhan Dapur
kraft keju quick melt + mozza 150 g,26500.0,NEEDS,Makan & Minum Harian,Bahan Roti & Kue,Kebutuhan Dapur
prochiz slices keju cheddar lembaran 10 s,14800.0,NEEDS,Makan & Minum Harian,Bahan Roti & Kue,Kebutuhan Dapur
koepoe koepoe baking powder pengembang kue 45 g,7400.0,NEEDS,Makan & Minum Harian,Bahan Roti & Kue,Kebutuhan Dapur
prochiz quick melt keju cheddar olahan 160 g,27500.0,NEEDS,Makan & Minum Harian,Bahan Roti & Kue,Kebutuhan Dapur
kraft keju cheddar all in 1 150 g,18200.0,NEEDS,Makan & Minum Harian,Bahan Roti & Kue,Kebutuhan Dapur
koepoe koepoe sp pengemulsi bahan kue 30 g,10200.0,NEEDS,Makan & Minum Harian,Bahan Roti & Kue,Kebutuhan Dapur
van houten kakao bubuk box 80 g,30800.0,NEEDS,Makan & Minum Harian,Bahan Roti & Kue,Kebutuhan Dapur
koepoe koepoe perisa vanila bahan kue 20 g,9400.0,NEEDS,Makan & Minum Harian,Bahan Roti & Kue,Kebutuhan Dapur
nutricake brownies coklat 230 g,13400.0,NEEDS,Makan & Minum Harian,Bahan Roti & Kue,Kebutuhan Dapur
sania tepung beras 500 g,12200.0,NEEDS,Makan & Minum Harian,Bahan Roti & Kue,Kebutuhan Dapur
kraft keju cheddar singles 8 lembar,22500.0,NEEDS,Makan & Minum Harian,Bahan Roti & Kue,Kebutuhan Dapur
emina cheese shred box 160 g,12500.0,NEEDS,Makan & Minum Harian,Bahan Roti & Kue,Kebutuhan Dapur
emina keju mozzarella box 160 g,27800.0,NEEDS,Makan & Minum Harian,Bahan Roti & Kue,Kebutuhan Dapur
emina cheese mozza keju lembaran mozzarella & cheddar 5 x 15 g,13000.0,NEEDS,Makan & Minum Harian,Bahan Roti & Kue,Kebutuhan Dapur
kobe tepung roti crispy 200 g,10500.0,NEEDS,Makan & Minum Harian,Bahan Roti & Kue,Kebutuhan Dapur
filma margarin serbaguna 200 g,6500.0,NEEDS,Makan & Minum Harian,Bahan Roti & Kue,Kebutuhan Dapur
prochiz gold slices keju cheddar lembaran 12 s,13500.0,NEEDS,Makan & Minum Harian,Bahan Roti & Kue,Kebutuhan Dapur
rose brand corn starch pati jagung tepung maizena 250 g,7900.0,NEEDS,Makan & Minum Harian,Bahan Roti & Kue,Kebutuhan Dapur
tulip cokelat compound hitam 225 g,24500.0,NEEDS,Makan & Minum Harian,Bahan Roti & Kue,Kebutuhan Dapur
prochiz quick melt keju cheddar olahan slice 5 s,10100.0,NEEDS,Makan & Minum Harian,Bahan Roti & Kue,Kebutuhan Dapur
mamasuka tepung maizena 150 g,5600.0,NEEDS,Makan & Minum Harian,Bahan Roti & Kue,Kebutuhan Dapur
maizenaku tepung pati jagung 300 g,11900.0,NEEDS,Makan & Minum Harian,Bahan Roti & Kue,Kebutuhan Dapur
sunpride selai filling rasa nanas 500 g,38500.0,NEEDS,Makan & Minum Harian,Bahan Roti & Kue,Kebutuhan Dapur
koepoe koepoe tbm pengemulsi bahan kue 80 g,11900.0,NEEDS,Makan & Minum Harian,Bahan Roti & Kue,Kebutuhan Dapur
simas palmia margarin serbaguna 200 g,6400.0,NEEDS,Makan & Minum Harian,Bahan Roti & Kue,Kebutuhan Dapur
palmia margarin butter sachet 200 g,8900.0,NEEDS,Makan & Minum Harian,Bahan Roti & Kue,Kebutuhan Dapur
haan pancake mix tepung kue vanila 180 g,18900.0,NEEDS,Makan & Minum Harian,Bahan Roti & Kue,Kebutuhan Dapur
haan pancake mix tepung kue cokelat 150 g,18900.0,NEEDS,Makan & Minum Harian,Bahan Roti & Kue,Kebutuhan Dapur
haan pancake mix tepung kue keju 150 g,18900.0,NEEDS,Makan & Minum Harian,Bahan Roti & Kue,Kebutuhan Dapur
haan ragi instan 44 g,16000.0,NEEDS,Makan & Minum Harian,Bahan Roti & Kue,Kebutuhan Dapur
haan wippy cream pouch 200 g,45900.0,NEEDS,Makan & Minum Harian,Bahan Roti & Kue,Kebutuhan Dapur
colatta glaze topping & dekorasi tiramisu 250 g,21500.0,NEEDS,Makan & Minum Harian,Bahan Roti & Kue,Kebutuhan Dapur
wijsman preserved dutch butter 200 g,109500.0,NEEDS,Makan & Minum Harian,Bahan Roti & Kue,Kebutuhan Dapur
pondan pancake mix original 250 g,18500.0,NEEDS,Makan & Minum Harian,Bahan Roti & Kue,Kebutuhan Dapur
colatta glaze topping & dekorasi dark cokelat 250 g,22000.0,NEEDS,Makan & Minum Harian,Bahan Roti & Kue,Kebutuhan Dapur
coco nasi matahari dua walet tepung agar-agar untuk beras 7x3 g,18500.0,NEEDS,Makan & Minum Harian,Bahan Roti & Kue,Kebutuhan Dapur
oreo cookie crumb original 1 kg,79000.0,NEEDS,Makan & Minum Harian,Bahan Roti & Kue,Kebutuhan Dapur
pondan pancake mix keju 125 g,13900.0,NEEDS,Makan & Minum Harian,Bahan Roti & Kue,Kebutuhan Dapur
pondan pancake mix cokelat 125 g,13900.0,NEEDS,Makan & Minum Harian,Bahan Roti & Kue,Kebutuhan Dapur
pondan tepung bakso goreng 100 g,6800.0,NEEDS,Makan & Minum Harian,Bahan Roti & Kue,Kebutuhan Dapur
francis tepung premix pancake mix original 200 g,17500.0,NEEDS,Makan & Minum Harian,Bahan Roti & Kue,Kebutuhan Dapur
francis tepung premix pancake mix cokelat 200 g,17500.0,NEEDS,Makan & Minum Harian,Bahan Roti & Kue,Kebutuhan Dapur
colatta choco chips 150 g,19900.0,NEEDS,Makan & Minum Harian,Bahan Roti & Kue,Kebutuhan Dapur
gasol tepung organik kacang hijau 200 g,18900.0,NEEDS,Makan & Minum Harian,Bahan Roti & Kue,Kebutuhan Dapur
gasol tepung organik beras merah 200 g,18900.0,NEEDS,Makan & Minum Harian,Bahan Roti & Kue,Kebutuhan Dapur
gasol tepung organik beras putih 200 g,18900.0,NEEDS,Makan & Minum Harian,Bahan Roti & Kue,Kebutuhan Dapur
nutrijell jeli serbuk instan leci 15 g,4900.0,NEEDS,Makan & Minum Harian,Bahan Puding & Agar-Agar,Kebutuhan Dapur
swallow globe tepung agar-agar plain 7 g,6000.0,NEEDS,Makan & Minum Harian,Bahan Puding & Agar-Agar,Kebutuhan Dapur
swallow globe tepung agar-agar merah 7 g,6000.0,NEEDS,Makan & Minum Harian,Bahan Puding & Agar-Agar,Kebutuhan Dapur
nutrijell jeli serbuk instan kopi 20 g,7800.0,NEEDS,Makan & Minum Harian,Bahan Puding & Agar-Agar,Kebutuhan Dapur
nutrijell jeli serbuk instan rasa dark cokelat 24 g,7800.0,NEEDS,Makan & Minum Harian,Bahan Puding & Agar-Agar,Kebutuhan Dapur
nutrijell jeli serbuk instan anggur 15 g,4900.0,NEEDS,Makan & Minum Harian,Bahan Puding & Agar-Agar,Kebutuhan Dapur
nutrijell my vla bubuk instan vla vanila 60 g,7100.0,NEEDS,Makan & Minum Harian,Bahan Puding & Agar-Agar,Kebutuhan Dapur
nutrijell puding instan belgian chocolate 130 g,13800.0,NEEDS,Makan & Minum Harian,Bahan Puding & Agar-Agar,Kebutuhan Dapur
nutrijell puding instan susu rasa coklat pouch 145 g,14100.0,NEEDS,Makan & Minum Harian,Bahan Puding & Agar-Agar,Kebutuhan Dapur
haan puding instan cokelat 130 g,10900.0,NEEDS,Makan & Minum Harian,Bahan Puding & Agar-Agar,Kebutuhan Dapur
nutrijell puding instan susu rasa mangga pouch 170 g,11800.0,NEEDS,Makan & Minum Harian,Bahan Puding & Agar-Agar,Kebutuhan Dapur
mom's recipe silky pudding instan matcha 100 g,13600.0,NEEDS,Makan & Minum Harian,Bahan Puding & Agar-Agar,Kebutuhan Dapur
mom's recipe silky pudding instan cokelat 110 g,13600.0,NEEDS,Makan & Minum Harian,Bahan Puding & Agar-Agar,Kebutuhan Dapur
nutrijell puding instan instan susu stroberi 145 g,11800.0,NEEDS,Makan & Minum Harian,Bahan Puding & Agar-Agar,Kebutuhan Dapur
nutrijell jeli serbuk instan coklat 30 g,8100.0,NEEDS,Makan & Minum Harian,Bahan Puding & Agar-Agar,Kebutuhan Dapur
nutrijell jeli serbuk instan stroberi 15 g,6600.0,NEEDS,Makan & Minum Harian,Bahan Puding & Agar-Agar,Kebutuhan Dapur
nutrijell jeli serbuk instan mangga 15 g,6400.0,NEEDS,Makan & Minum Harian,Bahan Puding & Agar-Agar,Kebutuhan Dapur
nutrijell jeli serbuk instan cincau 15 g,6400.0,NEEDS,Makan & Minum Harian,Bahan Puding & Agar-Agar,Kebutuhan Dapur
nutrijell jeli serbuk instan plain 15 g,6400.0,NEEDS,Makan & Minum Harian,Bahan Puding & Agar-Agar,Kebutuhan Dapur
mom's recipe silky pudding instan peach155 g,13500.0,NEEDS,Makan & Minum Harian,Bahan Puding & Agar-Agar,Kebutuhan Dapur
mom's recipe silky puding instan biskuit 155 g,13500.0,NEEDS,Makan & Minum Harian,Bahan Puding & Agar-Agar,Kebutuhan Dapur
mom's recipe silky pudding instan alpukat 155 g,13500.0,NEEDS,Makan & Minum Harian,Bahan Puding & Agar-Agar,Kebutuhan Dapur
mom's recipe silky pudding instan leci 155 g,13500.0,NEEDS,Makan & Minum Harian,Bahan Puding & Agar-Agar,Kebutuhan Dapur
pondan puding mix silky cokelat 100 g,11500.0,NEEDS,Makan & Minum Harian,Bahan Puding & Agar-Agar,Kebutuhan Dapur
mom's recipe silky pudding instan stroberi 155 g,13500.0,NEEDS,Makan & Minum Harian,Bahan Puding & Agar-Agar,Kebutuhan Dapur
mom's recipe silky pudding instan bubble gum 155 g,13500.0,NEEDS,Makan & Minum Harian,Bahan Puding & Agar-Agar,Kebutuhan Dapur
promina multigrain cookies blubbery cheese oat 42 g,7500.0,NEEDS,Makan & Minum Harian,Makanan Bayi & Anak,Kebutuhan Ibu & Anak
promina puffs snack bayi bluberi 15 g,7900.0,NEEDS,Makan & Minum Harian,Makanan Bayi & Anak,Kebutuhan Ibu & Anak
promina bubur bayi ayam kampung brokoli keju 120 g,18200.0,NEEDS,Makan & Minum Harian,Makanan Bayi & Anak,Kebutuhan Ibu & Anak
promina mi batita ayam kampung box 75 g,12400.0,NEEDS,Makan & Minum Harian,Makanan Bayi & Anak,Kebutuhan Ibu & Anak
promina sup mi bayi rasa daging sayur 84 g,12400.0,NEEDS,Makan & Minum Harian,Makanan Bayi & Anak,Kebutuhan Ibu & Anak
promina pasta mac and cheese 70 g,10600.0,NEEDS,Makan & Minum Harian,Makanan Bayi & Anak,Kebutuhan Ibu & Anak
sun bubur bayi ekonomis beras merah 120 g,7500.0,NEEDS,Makan & Minum Harian,Makanan Bayi & Anak,Kebutuhan Ibu & Anak
promina bubur bayi tim daging dan brokoli 100 g,16500.0,NEEDS,Makan & Minum Harian,Makanan Bayi & Anak,Kebutuhan Ibu & Anak
promina pasta spageti bolognese 60 g,10600.0,NEEDS,Makan & Minum Harian,Makanan Bayi & Anak,Kebutuhan Ibu & Anak
sun biskuit marie keju anak 80 g,9600.0,NEEDS,Makan & Minum Harian,Makanan Bayi & Anak,Kebutuhan Ibu & Anak
sun bubur bayi ekonomis pisang 120 g,7500.0,NEEDS,Makan & Minum Harian,Makanan Bayi & Anak,Kebutuhan Ibu & Anak
promina softcorn snack bayi rasa buttermilk 15 g,9200.0,NEEDS,Makan & Minum Harian,Makanan Bayi & Anak,Kebutuhan Ibu & Anak
nestle cerelac bubur bayi sereal instant beras merah 120 g,12500.0,NEEDS,Makan & Minum Harian,Makanan Bayi & Anak,Kebutuhan Ibu & Anak
promina yogurt melts snack bayi rasa stroberi 8 g,14900.0,NEEDS,Makan & Minum Harian,Makanan Bayi & Anak,Kebutuhan Ibu & Anak
promina rice cracker rasa mix berries 20 g,16500.0,NEEDS,Makan & Minum Harian,Makanan Bayi & Anak,Kebutuhan Ibu & Anak
sun biskuit bayi marie susu 150 g,16100.0,NEEDS,Makan & Minum Harian,Makanan Bayi & Anak,Kebutuhan Ibu & Anak
promina yogurt melts snack bayi rasa susu 8 g,14900.0,NEEDS,Makan & Minum Harian,Makanan Bayi & Anak,Kebutuhan Ibu & Anak
promina bubur bayi tim ayam kampung tomat wortel 100 g,16500.0,NEEDS,Makan & Minum Harian,Makanan Bayi & Anak,Kebutuhan Ibu & Anak
promina melty buns biskuit mini original 42 g,9900.0,NEEDS,Makan & Minum Harian,Makanan Bayi & Anak,Kebutuhan Ibu & Anak
promina biskuit bayi marie susu 150 g,19000.0,NEEDS,Makan & Minum Harian,Makanan Bayi & Anak,Kebutuhan Ibu & Anak
milna bubur bayi dha sup ayam wortel 100 g,16800.0,NEEDS,Makan & Minum Harian,Makanan Bayi & Anak,Kebutuhan Ibu & Anak
milna biskuit bayi pisang 110 g,19100.0,NEEDS,Makan & Minum Harian,Makanan Bayi & Anak,Kebutuhan Ibu & Anak
promina baby crunchies snack bayi krim ayam brokoli 20 g,11500.0,NEEDS,Makan & Minum Harian,Makanan Bayi & Anak,Kebutuhan Ibu & Anak
milna bubur bayi instan tim hati ayam bayam 100 g,16800.0,NEEDS,Makan & Minum Harian,Makanan Bayi & Anak,Kebutuhan Ibu & Anak
yummy bites rice crackers snack bayi pisang 25 g,17200.0,NEEDS,Makan & Minum Harian,Makanan Bayi & Anak,Kebutuhan Ibu & Anak
milna wgain bubur bayi ayam bayam 120 g,34400.0,NEEDS,Makan & Minum Harian,Makanan Bayi & Anak,Kebutuhan Ibu & Anak
nestle cerelac bubur bayi sereal instant susu pisang 120 g,18900.0,NEEDS,Makan & Minum Harian,Makanan Bayi & Anak,Kebutuhan Ibu & Anak
alamii honey permen gummy anak tropical rush 40 g,12400.0,NEEDS,Makan & Minum Harian,Makanan Bayi & Anak,Kebutuhan Ibu & Anak
milna biskuit bayi original 110 g,19100.0,NEEDS,Makan & Minum Harian,Makanan Bayi & Anak,Kebutuhan Ibu & Anak
alamii honey permen gummy anak wild berries 40 g,12900.0,NEEDS,Makan & Minum Harian,Makanan Bayi & Anak,Kebutuhan Ibu & Anak
promina multigrain cookies choco almond quinoa 42 g,7500.0,NEEDS,Makan & Minum Harian,Makanan Bayi & Anak,Kebutuhan Ibu & Anak
promina bubur bayi salmon labu madu box 120 g,18200.0,NEEDS,Makan & Minum Harian,Makanan Bayi & Anak,Kebutuhan Ibu & Anak
promina puffs snack bayi wagyu beef 15 g,7900.0,NEEDS,Makan & Minum Harian,Makanan Bayi & Anak,Kebutuhan Ibu & Anak
alamii snack anak golden veggie rasa jagung manis & wortel puffs 15 g,9400.0,NEEDS,Makan & Minum Harian,Makanan Bayi & Anak,Kebutuhan Ibu & Anak
nestle cerelac bubur bayi sereal instant kacang hijau 120 g,12400.0,NEEDS,Makan & Minum Harian,Makanan Bayi & Anak,Kebutuhan Ibu & Anak
sun bubur bayi beras merah 120 g,11100.0,NEEDS,Makan & Minum Harian,Makanan Bayi & Anak,Kebutuhan Ibu & Anak
alamii snack anak cheese puffs rasa keju cheddar pouch 15 g,9400.0,NEEDS,Makan & Minum Harian,Makanan Bayi & Anak,Kebutuhan Ibu & Anak
sun bubur bayi ayam kampung & bayam 120 g,11800.0,NEEDS,Makan & Minum Harian,Makanan Bayi & Anak,Kebutuhan Ibu & Anak
milna crunch berries yogurt snack bayi box 20 g,9900.0,NEEDS,Makan & Minum Harian,Makanan Bayi & Anak,Kebutuhan Ibu & Anak
promina puffs snack bayi pisang 15 g,7900.0,NEEDS,Makan & Minum Harian,Makanan Bayi & Anak,Kebutuhan Ibu & Anak
milna nature puffs organik snack bayi keju 15 g,7900.0,NEEDS,Makan & Minum Harian,Makanan Bayi & Anak,Kebutuhan Ibu & Anak
milna nature puffs organic snack bayi apel & mix berries 15 g,7900.0,NEEDS,Makan & Minum Harian,Makanan Bayi & Anak,Kebutuhan Ibu & Anak
promina puffs snack bayi apel stroberi 15 g,7900.0,NEEDS,Makan & Minum Harian,Makanan Bayi & Anak,Kebutuhan Ibu & Anak
promina pasta bayi ayam bayam creamy 60 g,9900.0,NEEDS,Makan & Minum Harian,Makanan Bayi & Anak,Kebutuhan Ibu & Anak
milna biskuit bayi finger original 52 g,9500.0,NEEDS,Makan & Minum Harian,Makanan Bayi & Anak,Kebutuhan Ibu & Anak
promina silky puding bayi rasa cokelat 100 g,13900.0,NEEDS,Makan & Minum Harian,Makanan Bayi & Anak,Kebutuhan Ibu & Anak
grandville popcorn gourmet anak karamel 50 g,21900.0,NEEDS,Makan & Minum Harian,Makanan Bayi & Anak,Kebutuhan Ibu & Anak
pureats snack anak buah kering dragon fruit mulberry 15 g,29900.0,NEEDS,Makan & Minum Harian,Makanan Bayi & Anak,Kebutuhan Ibu & Anak
promina baby crunchies snack bayi keju cheddar 20 g,11500.0,NEEDS,Makan & Minum Harian,Makanan Bayi & Anak,Kebutuhan Ibu & Anak
promina arrowroot biskuit bayi keju 110 g,21500.0,NEEDS,Makan & Minum Harian,Makanan Bayi & Anak,Kebutuhan Ibu & Anak
promina arrowroot biskuit bayi cokelat 110 g,18900.0,NEEDS,Makan & Minum Harian,Makanan Bayi & Anak,Kebutuhan Ibu & Anak
yummy bites rice crackers snack bayi bluberi 25 g,17200.0,NEEDS,Makan & Minum Harian,Makanan Bayi & Anak,Kebutuhan Ibu & Anak
promina rice crackers snack bayi beef broccoli 20 g,13900.0,NEEDS,Makan & Minum Harian,Makanan Bayi & Anak,Kebutuhan Ibu & Anak
promina sup mi bayi rasa ayam dan sayur 81 g,11700.0,NEEDS,Makan & Minum Harian,Makanan Bayi & Anak,Kebutuhan Ibu & Anak
milna nature puffs organic snack bayi pisang 15 g,7900.0,NEEDS,Makan & Minum Harian,Makanan Bayi & Anak,Kebutuhan Ibu & Anak
alamii snack anak cokelat puffs rasa real belgian cokelat 18 g,10200.0,NEEDS,Makan & Minum Harian,Makanan Bayi & Anak,Kebutuhan Ibu & Anak
milna rice crackers snack bayi apel jeruk 20 g,14900.0,NEEDS,Makan & Minum Harian,Makanan Bayi & Anak,Kebutuhan Ibu & Anak
monde potato boro snack anak cookies kentang rasa jeruk 100 g,9900.0,NEEDS,Makan & Minum Harian,Makanan Bayi & Anak,Kebutuhan Ibu & Anak
yummy bites crackers 123 snack bayi pisang 50 g,27900.0,NEEDS,Makan & Minum Harian,Makanan Bayi & Anak,Kebutuhan Ibu & Anak
yummy bites crackers 123 snack bayi stroberi 50 g,27900.0,NEEDS,Makan & Minum Harian,Makanan Bayi & Anak,Kebutuhan Ibu & Anak
yummy bites organic makanan bayi mi brokoli & ubi 80 g,16900.0,NEEDS,Makan & Minum Harian,Makanan Bayi & Anak,Kebutuhan Ibu & Anak
yummy bites organic makanan bayi mi kangkung dan bit 80 g,16900.0,NEEDS,Makan & Minum Harian,Makanan Bayi & Anak,Kebutuhan Ibu & Anak
yummy bites organic makanan bayi mi bayam & labu 80 g,16900.0,NEEDS,Makan & Minum Harian,Makanan Bayi & Anak,Kebutuhan Ibu & Anak
alamii snack anak oat & milk biscuits 60 g,14900.0,NEEDS,Makan & Minum Harian,Makanan Bayi & Anak,Kebutuhan Ibu & Anak
alamii snack anak milk & cocoa biscuits 60 g,14900.0,NEEDS,Makan & Minum Harian,Makanan Bayi & Anak,Kebutuhan Ibu & Anak
alamii snack anak seaweed & veggie biscuits 60 g,14900.0,NEEDS,Makan & Minum Harian,Makanan Bayi & Anak,Kebutuhan Ibu & Anak
pureats organik snack anak puffs rasa apel 30 g,27900.0,NEEDS,Makan & Minum Harian,Makanan Bayi & Anak,Kebutuhan Ibu & Anak
pureats organik snack anak puffs rasa berries 30 g,27900.0,NEEDS,Makan & Minum Harian,Makanan Bayi & Anak,Kebutuhan Ibu & Anak
pureats organik snack anak melty stick rasa mangga peach brokoli 30 g,27900.0,NEEDS,Makan & Minum Harian,Makanan Bayi & Anak,Kebutuhan Ibu & Anak
pureats organik snack anak melty stick rasa stroberi beetroot 30 g,27900.0,NEEDS,Makan & Minum Harian,Makanan Bayi & Anak,Kebutuhan Ibu & Anak
pureats snack anak buah kering apel mangga 15 g,29900.0,NEEDS,Makan & Minum Harian,Makanan Bayi & Anak,Kebutuhan Ibu & Anak
pureats snack anak buah kering pisang stroberi 15 g,29900.0,NEEDS,Makan & Minum Harian,Makanan Bayi & Anak,Kebutuhan Ibu & Anak
pureats snack yogurt anak smoothie melts rasa pisang nanas 18 g,29900.0,NEEDS,Makan & Minum Harian,Makanan Bayi & Anak,Kebutuhan Ibu & Anak
alamii lil' puffs edisi disney strawberry milk 15 g,9900.0,NEEDS,Makan & Minum Harian,Makanan Bayi & Anak,Kebutuhan Ibu & Anak
alamii lil' puffs edisi disney banana milk 15 g,9900.0,NEEDS,Makan & Minum Harian,Makanan Bayi & Anak,Kebutuhan Ibu & Anak
grandville abon sapi anak pedas 90 g,26500.0,NEEDS,Makan & Minum Harian,Makanan Bayi & Anak,Kebutuhan Ibu & Anak
grandville abon ayam anak pedas 90 g,25500.0,NEEDS,Makan & Minum Harian,Makanan Bayi & Anak,Kebutuhan Ibu & Anak
grandville abon ikan anak pedas 90 g,26500.0,NEEDS,Makan & Minum Harian,Makanan Bayi & Anak,Kebutuhan Ibu & Anak
sun bubur bayi sereal liwet ayam kampung 120 g,9900.0,NEEDS,Makan & Minum Harian,Makanan Bayi & Anak,Kebutuhan Ibu & Anak
milna bubur bayi organik creamy quinoa & berries 100 g,37700.0,NEEDS,Makan & Minum Harian,Makanan Bayi & Anak,Kebutuhan Ibu & Anak
milna goodmil bubur bayi beras merah semur ayam 100 g,25900.0,NEEDS,Makan & Minum Harian,Makanan Bayi & Anak,Kebutuhan Ibu & Anak
milna biskuit bayi jeruk 110 g,16900.0,NEEDS,Makan & Minum Harian,Makanan Bayi & Anak,Kebutuhan Ibu & Anak
yummy bites greek yogurt custard cokelat 100 g,19500.0,NEEDS,Makan & Minum Harian,Makanan Bayi & Anak,Kebutuhan Ibu & Anak
serena folabee biskuit anak rasa cokelat 75 g,8900.0,NEEDS,Makan & Minum Harian,Makanan Bayi & Anak,Kebutuhan Ibu & Anak
yummy bites bebe roll snack bayi bluberi 40 g,34900.0,NEEDS,Makan & Minum Harian,Makanan Bayi & Anak,Kebutuhan Ibu & Anak
"yummy bites greek yogurt markisa, mangga, apel & pisang 100 g",17900.0,NEEDS,Makan & Minum Harian,Makanan Bayi & Anak,Kebutuhan Ibu & Anak
poipoi snack anak bervitamin vegie 25 g,21000.0,NEEDS,Makan & Minum Harian,Makanan Bayi & Anak,Kebutuhan Ibu & Anak
poipoi snack anak bervitamin milky 25 g,21000.0,NEEDS,Makan & Minum Harian,Makanan Bayi & Anak,Kebutuhan Ibu & Anak
poipoi snack anak bervitamin mix fruits 25 g,21000.0,NEEDS,Makan & Minum Harian,Makanan Bayi & Anak,Kebutuhan Ibu & Anak
omo crunch it camilan anak stroberi pouch 25 g,16900.0,NEEDS,Makan & Minum Harian,Makanan Bayi & Anak,Kebutuhan Ibu & Anak
omo crunch it camilan anak keju pouch 25 g,16900.0,NEEDS,Makan & Minum Harian,Makanan Bayi & Anak,Kebutuhan Ibu & Anak
omo krispy-o camilan anak apel stroberi pouch 15 g,6000.0,NEEDS,Makan & Minum Harian,Makanan Bayi & Anak,Kebutuhan Ibu & Anak
omo krispy-o camilan anak bluberi pouch 15 g,6000.0,NEEDS,Makan & Minum Harian,Makanan Bayi & Anak,Kebutuhan Ibu & Anak
omo krispy-o camilan anak cokelat susu pouch 15 g,6000.0,NEEDS,Makan & Minum Harian,Makanan Bayi & Anak,Kebutuhan Ibu & Anak
omo krispy-o camilan anak keju pouch 15 g,6000.0,NEEDS,Makan & Minum Harian,Makanan Bayi & Anak,Kebutuhan Ibu & Anak
omo krispy-o camilan anak ayam jagung 15 g,6000.0,NEEDS,Makan & Minum Harian,Makanan Bayi & Anak,Kebutuhan Ibu & Anak
yummy bites camilan anak rumput laut keju pouch 30 g,28900.0,NEEDS,Makan & Minum Harian,Makanan Bayi & Anak,Kebutuhan Ibu & Anak
abe food kindy biskwit camilan anak rasa keju pouch 40 g,23900.0,NEEDS,Makan & Minum Harian,Makanan Bayi & Anak,Kebutuhan Ibu & Anak
abe food kindy biskwit camilan anak rasa cokelat pouch 40 g,23900.0,NEEDS,Makan & Minum Harian,Makanan Bayi & Anak,Kebutuhan Ibu & Anak
abe food kindy biskwit camilan anak rasa stroberi pouch 40 g,23900.0,NEEDS,Makan & Minum Harian,Makanan Bayi & Anak,Kebutuhan Ibu & Anak
abe food kookids camilan anak cookies cokelat chips pouch 100 g,26000.0,NEEDS,Makan & Minum Harian,Makanan Bayi & Anak,Kebutuhan Ibu & Anak
abe food kookids camilan anak cookies double cokelat chips pouch 100 g,26000.0,NEEDS,Makan & Minum Harian,Makanan Bayi & Anak,Kebutuhan Ibu & Anak
abe food kookids camilan anak cookies oatmeal pouch 100 g,26000.0,NEEDS,Makan & Minum Harian,Makanan Bayi & Anak,Kebutuhan Ibu & Anak
nelly's pantry camilan anak puff rasa pisang 25 g,16900.0,NEEDS,Makan & Minum Harian,Makanan Bayi & Anak,Kebutuhan Ibu & Anak
nelly's pantry camilan anak puff rasa kaldu ayam 25 g,16900.0,NEEDS,Makan & Minum Harian,Makanan Bayi & Anak,Kebutuhan Ibu & Anak
sunkrisps stik pelangi camilan bayi rasa keju 50 g,26900.0,NEEDS,Makan & Minum Harian,Makanan Bayi & Anak,Kebutuhan Ibu & Anak
sunkrisps stik pelangi camilan bayi rasa veggie 50 g,26900.0,NEEDS,Makan & Minum Harian,Makanan Bayi & Anak,Kebutuhan Ibu & Anak
sunkrisps rainbow puff kue sus kering cokelat original 50 g,26900.0,NEEDS,Makan & Minum Harian,Makanan Bayi & Anak,Kebutuhan Ibu & Anak
sunkrisps rainbow puff kue sus kering cokelat keju 50 g,26900.0,NEEDS,Makan & Minum Harian,Makanan Bayi & Anak,Kebutuhan Ibu & Anak
happy bites rice rusks camilan bayi bluberi 50 g,27900.0,NEEDS,Makan & Minum Harian,Makanan Bayi & Anak,Kebutuhan Ibu & Anak
happy bites rice rusks camilan bayi pisang 50 g,27900.0,NEEDS,Makan & Minum Harian,Makanan Bayi & Anak,Kebutuhan Ibu & Anak
happy bites rice rusks camilan bayi apel 50 g,27900.0,NEEDS,Makan & Minum Harian,Makanan Bayi & Anak,Kebutuhan Ibu & Anak
grandville popcorn gourmet anak keju 50 g,21900.0,NEEDS,Makan & Minum Harian,Makanan Bayi & Anak,Kebutuhan Ibu & Anak
grandville popcorn gourmet anak crunchy floss 50 g,21900.0,NEEDS,Makan & Minum Harian,Makanan Bayi & Anak,Kebutuhan Ibu & Anak
grandville popcorn gourmet anak hokkaido milk 50 g,21900.0,NEEDS,Makan & Minum Harian,Makanan Bayi & Anak,Kebutuhan Ibu & Anak
grandville abon sapi anak original 90 g,39900.0,NEEDS,Makan & Minum Harian,Makanan Bayi & Anak,Kebutuhan Ibu & Anak
grandville abon ayam anak original 90 g,37900.0,NEEDS,Makan & Minum Harian,Makanan Bayi & Anak,Kebutuhan Ibu & Anak
grandville abon ayam anak original 90 g,37900.0,NEEDS,Makan & Minum Harian,Makanan Bayi & Anak,Kebutuhan Ibu & Anak
grandville abon ikan anak original 90 g,39900.0,NEEDS,Makan & Minum Harian,Makanan Bayi & Anak,Kebutuhan Ibu & Anak
serena folabee biskuit anak original 75 g,8900.0,NEEDS,Makan & Minum Harian,Makanan Bayi & Anak,Kebutuhan Ibu & Anak
promina sup krim bayi rasa jagung & ayam 30 g,9800.0,NEEDS,Makan & Minum Harian,Makanan Bayi & Anak,Kebutuhan Ibu & Anak
alamii snack anak keju puffs rasa keju cheddar asli 25 g,18900.0,NEEDS,Makan & Minum Harian,Makanan Bayi & Anak,Kebutuhan Ibu & Anak
alamii snack anak golden veggie rasa jagung manis & wortel puffs 25 g,18900.0,NEEDS,Makan & Minum Harian,Makanan Bayi & Anak,Kebutuhan Ibu & Anak
alamii snack anak peanut butter puffs rasa real selai kacang 30 g,18900.0,NEEDS,Makan & Minum Harian,Makanan Bayi & Anak,Kebutuhan Ibu & Anak
alamii snack anak yogurt stroberi puffs 25 g,18900.0,NEEDS,Makan & Minum Harian,Makanan Bayi & Anak,Kebutuhan Ibu & Anak
yummy bites rice crackers snack bayi stroberi 25 g,17900.0,NEEDS,Makan & Minum Harian,Makanan Bayi & Anak,Kebutuhan Ibu & Anak
yummy bites bebe roll snack bayi stroberi 40 g,34900.0,NEEDS,Makan & Minum Harian,Makanan Bayi & Anak,Kebutuhan Ibu & Anak
alamii mi wortel untuk anak rasa ayam 64 g,12500.0,NEEDS,Makan & Minum Harian,Makanan Bayi & Anak,Kebutuhan Ibu & Anak
sun bubur bayi tim opor ayam 100 g,16000.0,NEEDS,Makan & Minum Harian,Makanan Bayi & Anak,Kebutuhan Ibu & Anak
monde boromon biskuit multigrain snack anak apel 50 g,7900.0,NEEDS,Makan & Minum Harian,Makanan Bayi & Anak,Kebutuhan Ibu & Anak
alamii snack anak puffs rasa ayam jamur 25 g,18900.0,NEEDS,Makan & Minum Harian,Makanan Bayi & Anak,Kebutuhan Ibu & Anak
monde boromon snack anak cookies mix fruit 100 g,14900.0,NEEDS,Makan & Minum Harian,Makanan Bayi & Anak,Kebutuhan Ibu & Anak
"yummy bites sereal bayi labu, wortel, & jagung manis 150 g",29900.0,NEEDS,Makan & Minum Harian,Makanan Bayi & Anak,Kebutuhan Ibu & Anak
bumbu bunda elia bb booster nasi instan chicken salmon 200 g,51900.0,NEEDS,Makan & Minum Harian,Makanan Bayi & Anak,Kebutuhan Ibu & Anak
noolie bubur bayi rasa ubi dan kacang merah 100 g,27900.0,NEEDS,Makan & Minum Harian,Makanan Bayi & Anak,Kebutuhan Ibu & Anak
bumboo abon sapi 90 g,41900.0,NEEDS,Makan & Minum Harian,Makanan Bayi & Anak,Kebutuhan Ibu & Anak
bumbu bunda elia saus tiram 150 ml,24900.0,NEEDS,Makan & Minum Harian,Makanan Bayi & Anak,Kebutuhan Ibu & Anak
alamii mi wortel untuk anak rasa sup miso 63 g,12500.0,NEEDS,Makan & Minum Harian,Makanan Bayi & Anak,Kebutuhan Ibu & Anak
alamii snack anak tomat cheesy puffs rasa tomat creamy cheddar 25 g,18900.0,NEEDS,Makan & Minum Harian,Makanan Bayi & Anak,Kebutuhan Ibu & Anak
yummy bites snack bayi pancake & waffle mix 130 g,17900.0,NEEDS,Makan & Minum Harian,Makanan Bayi & Anak,Kebutuhan Ibu & Anak
alamii snack anak cokelat puffs rasa real belgian cokelat 30 g,18900.0,NEEDS,Makan & Minum Harian,Makanan Bayi & Anak,Kebutuhan Ibu & Anak
monde boromon snack anak cookies original 100 g,14900.0,NEEDS,Makan & Minum Harian,Makanan Bayi & Anak,Kebutuhan Ibu & Anak
yummy bites bebe roll snack bayi keju 40 g,34900.0,NEEDS,Makan & Minum Harian,Makanan Bayi & Anak,Kebutuhan Ibu & Anak
yummy bites rice crackers snack bayi apel 25 g,17900.0,NEEDS,Makan & Minum Harian,Makanan Bayi & Anak,Kebutuhan Ibu & Anak
milna rice crackers snack bayi ubi wortel 20 g,15900.0,NEEDS,Makan & Minum Harian,Makanan Bayi & Anak,Kebutuhan Ibu & Anak
little joy bumbu tabur mpasi red bean cheese & beef sachet 10 x 2.2 g,20400.0,NEEDS,Makan & Minum Harian,Makanan Bayi & Anak,Kebutuhan Ibu & Anak
little joy bumbu tabur mpasi with egg salmon & seaweed sachet 10 x 2.2 g,24000.0,NEEDS,Makan & Minum Harian,Makanan Bayi & Anak,Kebutuhan Ibu & Anak
nestle cerelac bubur bayi sereal instant susu beras merah 120 g,17900.0,NEEDS,Makan & Minum Harian,Makanan Bayi & Anak,Kebutuhan Ibu & Anak
omo crunch it camilan anak cokelat pouch 25 g,16900.0,NEEDS,Makan & Minum Harian,Makanan Bayi & Anak,Kebutuhan Ibu & Anak
noolie probiotic bites strawberry cheesecake 20 g,144900.0,NEEDS,Makan & Minum Harian,Makanan Bayi & Anak,Kebutuhan Ibu & Anak
noolie makanan suplemen anak freeze dried vegetable cake 31 g,86900.0,NEEDS,Makan & Minum Harian,Makanan Bayi & Anak,Kebutuhan Ibu & Anak
noolie bubur bayi rasa daging sapi dan wortel 100 g,32900.0,NEEDS,Makan & Minum Harian,Makanan Bayi & Anak,Kebutuhan Ibu & Anak
noolie makanan suplemen anak nutri melt rasa susu original 18 g,61000.0,NEEDS,Makan & Minum Harian,Makanan Bayi & Anak,Kebutuhan Ibu & Anak
noolie bubur bayi rasa labu dan kurma 100 g,27900.0,NEEDS,Makan & Minum Harian,Makanan Bayi & Anak,Kebutuhan Ibu & Anak
grouu minyak lemak ayam botol 145 ml,26700.0,NEEDS,Makan & Minum Harian,Makanan Bayi & Anak,Kebutuhan Ibu & Anak
grouu minyak lemak sapi botol 145 ml,35700.0,NEEDS,Makan & Minum Harian,Makanan Bayi & Anak,Kebutuhan Ibu & Anak
little joy potamix beef bubuk kentang serbaguna box 100 g,19500.0,NEEDS,Makan & Minum Harian,Makanan Bayi & Anak,Kebutuhan Ibu & Anak
grouu super rice mix nasi instan beef steak 200 g,26900.0,NEEDS,Makan & Minum Harian,Makanan Bayi & Anak,Kebutuhan Ibu & Anak
little joy potamix salmon bubuk kentang serbaguna box 100 g,21000.0,NEEDS,Makan & Minum Harian,Makanan Bayi & Anak,Kebutuhan Ibu & Anak
grouu eatsy bubur bayi siap saji rasa rendang sapi 120 g,24700.0,NEEDS,Makan & Minum Harian,Makanan Bayi & Anak,Kebutuhan Ibu & Anak
grouu crispy rice cake snack anak californian steak 20 g,12500.0,NEEDS,Makan & Minum Harian,Makanan Bayi & Anak,Kebutuhan Ibu & Anak
grouu crispy rice cake snack anak sweet corn & beet 20 g,12500.0,NEEDS,Makan & Minum Harian,Makanan Bayi & Anak,Kebutuhan Ibu & Anak
grouu puffs snack anak pisang stroberi 25 g,14900.0,NEEDS,Makan & Minum Harian,Makanan Bayi & Anak,Kebutuhan Ibu & Anak
omo crunch it camilan anak jagung bakar keju pouch 25 g,16900.0,NEEDS,Makan & Minum Harian,Makanan Bayi & Anak,Kebutuhan Ibu & Anak
noolie bubur bayi rasa ayam dan jamur shitake 100 g,30900.0,NEEDS,Makan & Minum Harian,Makanan Bayi & Anak,Kebutuhan Ibu & Anak
bumbu bunda elia bb booster nasi instan beef salmon 200 g,51900.0,NEEDS,Makan & Minum Harian,Makanan Bayi & Anak,Kebutuhan Ibu & Anak
bumbu bunda elia bumbu kaldu ayam kampung 50 g,59900.0,NEEDS,Makan & Minum Harian,Makanan Bayi & Anak,Kebutuhan Ibu & Anak
grouu silky pudding instan bubuk rasa strawberry banana 100 g,21900.0,NEEDS,Makan & Minum Harian,Makanan Bayi & Anak,Kebutuhan Ibu & Anak
grouu eatsy bubur bayi siap saji rasa soto ayam 120 g,24700.0,NEEDS,Makan & Minum Harian,Makanan Bayi & Anak,Kebutuhan Ibu & Anak
grouu puffs snack anak tomato herbs 25 g,14900.0,NEEDS,Makan & Minum Harian,Makanan Bayi & Anak,Kebutuhan Ibu & Anak
grouu crispy rice cake snack anak original 20 g,12500.0,NEEDS,Makan & Minum Harian,Makanan Bayi & Anak,Kebutuhan Ibu & Anak
grouu silky pudding instan bubuk rasa mango coconut 100 g,21900.0,NEEDS,Makan & Minum Harian,Makanan Bayi & Anak,Kebutuhan Ibu & Anak
grouu my first abon ayam pouch 80 g,29900.0,NEEDS,Makan & Minum Harian,Makanan Bayi & Anak,Kebutuhan Ibu & Anak
grouu silky pudding instan bubuk rasa milky taro 100 g,21900.0,NEEDS,Makan & Minum Harian,Makanan Bayi & Anak,Kebutuhan Ibu & Anak
grouu super rice mix nasi instan roasted chicken 200 g,26900.0,NEEDS,Makan & Minum Harian,Makanan Bayi & Anak,Kebutuhan Ibu & Anak
grouu super rice mix nasi instan butter cheese 200 g,26900.0,NEEDS,Makan & Minum Harian,Makanan Bayi & Anak,Kebutuhan Ibu & Anak
grouu selai kurma mpasi bayi & anak 250 g,34900.0,NEEDS,Makan & Minum Harian,Makanan Bayi & Anak,Kebutuhan Ibu & Anak
promina bubur bayi rasa tim sapi wortel 120 g,18000.0,NEEDS,Makan & Minum Harian,Makanan Bayi & Anak,Kebutuhan Ibu & Anak
molagi first flavor puffs camilan bayi rasa sup ayam 25 g,37900.0,NEEDS,Makan & Minum Harian,Makanan Bayi & Anak,Kebutuhan Ibu & Anak
molagi gugu melts yogurt camilan bayi rasa buah naga & mangga 20 g,39900.0,NEEDS,Makan & Minum Harian,Makanan Bayi & Anak,Kebutuhan Ibu & Anak
molagi gugu pops camilan bayi rasa labu 25 g,37900.0,NEEDS,Makan & Minum Harian,Makanan Bayi & Anak,Kebutuhan Ibu & Anak
molagi first flavor puffs camilan bayi rasa truffle 25 g,37900.0,NEEDS,Makan & Minum Harian,Makanan Bayi & Anak,Kebutuhan Ibu & Anak
sun bubur bayi sereal susu daging sapi & kacang merah box 120 g,8900.0,NEEDS,Makan & Minum Harian,Makanan Bayi & Anak,Kebutuhan Ibu & Anak
bumbu bunda elia bb booster nasi instan beef steak 200 g,51900.0,NEEDS,Makan & Minum Harian,Makanan Bayi & Anak,Kebutuhan Ibu & Anak
molagi gugu melts yogurt camilan bayi rasa pisang & stroberi 20 g,39900.0,NEEDS,Makan & Minum Harian,Makanan Bayi & Anak,Kebutuhan Ibu & Anak
molagi gugu melts yogurt camilan bayi rasa cokelat butir 20 g,39900.0,NEEDS,Makan & Minum Harian,Makanan Bayi & Anak,Kebutuhan Ibu & Anak
molagi gugu melts yogurt camilan bayi rasa mangga 20 g,39900.0,NEEDS,Makan & Minum Harian,Makanan Bayi & Anak,Kebutuhan Ibu & Anak
molagi gugu melts yogurt camilan bayi rasa pisang & apel 20 g,39900.0,NEEDS,Makan & Minum Harian,Makanan Bayi & Anak,Kebutuhan Ibu & Anak
gasol bubur beras ayam brokoli 100 g,26500.0,NEEDS,Makan & Minum Harian,Makanan Bayi & Anak,Kebutuhan Ibu & Anak
sun bubur bayi sereal pisang susu 120 g,7900.0,NEEDS,Makan & Minum Harian,Makanan Bayi & Anak,Kebutuhan Ibu & Anak
molagi gugu pops camilan bayi rasa ubi 25 g,37900.0,NEEDS,Makan & Minum Harian,Makanan Bayi & Anak,Kebutuhan Ibu & Anak
sun bubur bayi rasa tim ayam sayur 100 g,15500.0,NEEDS,Makan & Minum Harian,Makanan Bayi & Anak,Kebutuhan Ibu & Anak
bumbu bunda elia kecap manis 140 ml,27900.0,NEEDS,Makan & Minum Harian,Makanan Bayi & Anak,Kebutuhan Ibu & Anak
gasol bubur beras ayam labu 100 g,26500.0,NEEDS,Makan & Minum Harian,Makanan Bayi & Anak,Kebutuhan Ibu & Anak
bumbu bunda elia bumbu kaldu sapi 50 g,65900.0,NEEDS,Makan & Minum Harian,Makanan Bayi & Anak,Kebutuhan Ibu & Anak
bumboo abon tuna 75 g,42900.0,NEEDS,Makan & Minum Harian,Makanan Bayi & Anak,Kebutuhan Ibu & Anak
bumboo abon ayam 90 g,37900.0,NEEDS,Makan & Minum Harian,Makanan Bayi & Anak,Kebutuhan Ibu & Anak
promina bubur bayi tim ati ayam kampung 100 g,18900.0,NEEDS,Makan & Minum Harian,Makanan Bayi & Anak,Kebutuhan Ibu & Anak
promina bubur bayi rasa tim salmon norwegia 100 g,18900.0,NEEDS,Makan & Minum Harian,Makanan Bayi & Anak,Kebutuhan Ibu & Anak
sun biskuit bayi marie susu 80 g,6900.0,NEEDS,Makan & Minum Harian,Makanan Bayi & Anak,Kebutuhan Ibu & Anak
monde boromon biskuit multigrain snack anak stroberi 50 g,7900.0,NEEDS,Makan & Minum Harian,Makanan Bayi & Anak,Kebutuhan Ibu & Anak
monde boromon snack anak cookies susu 100 g,14900.0,NEEDS,Makan & Minum Harian,Makanan Bayi & Anak,Kebutuhan Ibu & Anak
promina bubur bayi milky beras merah 120 g,15400.0,NEEDS,Makan & Minum Harian,Makanan Bayi & Anak,Kebutuhan Ibu & Anak
milna wgain bubur bayi ayam kacang polong 120 g,32900.0,NEEDS,Makan & Minum Harian,Makanan Bayi & Anak,Kebutuhan Ibu & Anak
sun bubur bayi tim soto ayam 100 g,16000.0,NEEDS,Makan & Minum Harian,Makanan Bayi & Anak,Kebutuhan Ibu & Anak
milna rice crackers snack bayi apel jeruk 20 g,14900.0,NEEDS,Makan & Minum Harian,Makanan Bayi & Anak,Kebutuhan Ibu & Anak
promina homemade bubur bayi salmon kentang wortel 100 g,23500.0,NEEDS,Makan & Minum Harian,Makanan Bayi & Anak,Kebutuhan Ibu & Anak
grouu my first abon sapi pouch 80 g,29900.0,NEEDS,Makan & Minum Harian,Makanan Bayi & Anak,Kebutuhan Ibu & Anak
nestle dancow fortigro instant susu bubuk pertumbuhan anak 390 g,49600.0,NEEDS,Makan & Minum Harian,Susu Formula Bayi & Anak,Kebutuhan Ibu & Anak
sgm eksplor 3+ ironc susu bubuk pertumbuhan anak madu 400 g,41800.0,NEEDS,Makan & Minum Harian,Susu Formula Bayi & Anak,Kebutuhan Ibu & Anak
bebelac gold 3 susu bubuk pertumbuhan anak vanila 700 g,140900.0,NEEDS,Makan & Minum Harian,Susu Formula Bayi & Anak,Kebutuhan Ibu & Anak
milo 3in1 activ-go susu bubuk cokelat instant 790 g,86800.0,NEEDS,Makan & Minum Harian,Susu Formula Bayi & Anak,Kebutuhan Ibu & Anak
bebelac 1+ grogreat+ susu bubuk pertumbuhan anak madu 600 g,109900.0,NEEDS,Makan & Minum Harian,Susu Formula Bayi & Anak,Kebutuhan Ibu & Anak
frisian baby primamil susu formula bayi 6-12 bulan 600 g,69600.0,NEEDS,Makan & Minum Harian,Susu Formula Bayi & Anak,Kebutuhan Ibu & Anak
bebelac 1+ grogreat+ susu bubuk pertumbuhan anak vanila 600 g,96300.0,NEEDS,Makan & Minum Harian,Susu Formula Bayi & Anak,Kebutuhan Ibu & Anak
bebelac 3+ grogreat+ susu bubuk pertumbuhan anak vanila 1 kg,163500.0,NEEDS,Makan & Minum Harian,Susu Formula Bayi & Anak,Kebutuhan Ibu & Anak
lactogrow pro 3+ susu bubuk pertumbuhan anak pra sekolah madu 735 g,101400.0,NEEDS,Makan & Minum Harian,Susu Formula Bayi & Anak,Kebutuhan Ibu & Anak
bebelac 3+ grogreat+ susu bubuk pertumbuhan anak vanila 350 g,63000.0,NEEDS,Makan & Minum Harian,Susu Formula Bayi & Anak,Kebutuhan Ibu & Anak
hilo school cokelat susu bubuk tinggi kalsium 250 g,48100.0,NEEDS,Makan & Minum Harian,Susu Formula Bayi & Anak,Kebutuhan Ibu & Anak
sgm ananda isopro soy 0-6 bulan susu formula bayi bubuk 200 g,31400.0,NEEDS,Makan & Minum Harian,Susu Formula Bayi & Anak,Kebutuhan Ibu & Anak
sgm ananda soya 2 6-12 bulan susu formula bayi 400 g,59300.0,NEEDS,Makan & Minum Harian,Susu Formula Bayi & Anak,Kebutuhan Ibu & Anak
sgm eksplor 3+ ironc susu bubuk pertumbuhan anak vanila 400 g,41800.0,NEEDS,Makan & Minum Harian,Susu Formula Bayi & Anak,Kebutuhan Ibu & Anak
lactogen pro 1 susu bubuk formula bayi 0-6 bulan 180 g,33700.0,NEEDS,Makan & Minum Harian,Susu Formula Bayi & Anak,Kebutuhan Ibu & Anak
bebelac gold 3 susu bubuk pertumbuhan anak madu 700 g,101700.0,NEEDS,Makan & Minum Harian,Susu Formula Bayi & Anak,Kebutuhan Ibu & Anak
morinaga chil-school 4 gold susu bubuk pertumbuhan anak 3-12 tahun vanila 390 g,80200.0,NEEDS,Makan & Minum Harian,Susu Formula Bayi & Anak,Kebutuhan Ibu & Anak
frisian flag kompleta susu bubuk instan cokelat 800 g,83900.0,NEEDS,Makan & Minum Harian,Susu Formula Bayi & Anak,Kebutuhan Ibu & Anak
sgm eksplor 3+ ironc susu bubuk pertumbuhan anak cokelat 400 g,41800.0,NEEDS,Makan & Minum Harian,Susu Formula Bayi & Anak,Kebutuhan Ibu & Anak
sgm eksplor 5+ ironc susu bubuk pertumbuhan madu anak 400 g,41800.0,NEEDS,Makan & Minum Harian,Susu Formula Bayi & Anak,Kebutuhan Ibu & Anak
vidoran xmart 1+ susu pertumbuhan anak 1-3 tahun vanilla 325 g,29500.0,NEEDS,Makan & Minum Harian,Susu Formula Bayi & Anak,Kebutuhan Ibu & Anak
vidoran xmart 3+ susu pertumbuhan anak 3-5 tahun madu 325 g,29500.0,NEEDS,Makan & Minum Harian,Susu Formula Bayi & Anak,Kebutuhan Ibu & Anak
vidoran xmart 1+ susu pertumbuhan anak 1-3 tahun madu 325 g,29500.0,NEEDS,Makan & Minum Harian,Susu Formula Bayi & Anak,Kebutuhan Ibu & Anak
morinaga chil-go 3+ susu bubuk pertumbuhan anak 3 - 12 tahun vanila 660 g,67900.0,NEEDS,Makan & Minum Harian,Susu Formula Bayi & Anak,Kebutuhan Ibu & Anak
morinaga chil-school soya 4 susu bubuk pertumbuhan anak 3-12 tahun vanila 600 g,134700.0,NEEDS,Makan & Minum Harian,Susu Formula Bayi & Anak,Kebutuhan Ibu & Anak
nestle batita 1+ susu bubuk pertumbuhan anak madu box 850 g,56800.0,NEEDS,Makan & Minum Harian,Susu Formula Bayi & Anak,Kebutuhan Ibu & Anak
nestle dancow 1+ imunutri susu bubuk pertumbuhan anak 1-3 tahun madu 350 g,41900.0,NEEDS,Makan & Minum Harian,Susu Formula Bayi & Anak,Kebutuhan Ibu & Anak
frisian flag primagro 1+ susu anak 1-3 tahun vanila 350 g,49900.0,NEEDS,Makan & Minum Harian,Susu Formula Bayi & Anak,Kebutuhan Ibu & Anak
nestle dancow 3+ imunutri susu bubuk pertumbuhan anak 3-5 tahun vanila 350 g,39100.0,NEEDS,Makan & Minum Harian,Susu Formula Bayi & Anak,Kebutuhan Ibu & Anak
lactogrow pro 1+ susu pertumbuhan anak 1-3 tahun vanila 1 kg,156700.0,NEEDS,Makan & Minum Harian,Susu Formula Bayi & Anak,Kebutuhan Ibu & Anak
nestle dancow 5+ imunutri susu bubuk pertumbuhan anak 5-6 tahun madu 350 g,39900.0,NEEDS,Makan & Minum Harian,Susu Formula Bayi & Anak,Kebutuhan Ibu & Anak
morinaga chil-go 1+ susu bubuk pertumbuhan anak 1 - 3 tahun madu 660 g,69900.0,NEEDS,Makan & Minum Harian,Susu Formula Bayi & Anak,Kebutuhan Ibu & Anak
morinaga chil-go 1+ susu bubuk pertumbuhan anak 1 - 3 tahun vanila 660 g,69900.0,NEEDS,Makan & Minum Harian,Susu Formula Bayi & Anak,Kebutuhan Ibu & Anak
morinaga chil-go 3+ susu bubuk pertumbuhan anak 3 - 12 tahun madu 660 g,67900.0,NEEDS,Makan & Minum Harian,Susu Formula Bayi & Anak,Kebutuhan Ibu & Anak
sgm eksplor 3+ ironc susu bubuk pertumbuhan anak madu 600 g,56900.0,NEEDS,Makan & Minum Harian,Susu Formula Bayi & Anak,Kebutuhan Ibu & Anak
sgm eksplor 1+ ironc susu bubuk pertumbuhan anak vanila 600 g,59400.0,NEEDS,Makan & Minum Harian,Susu Formula Bayi & Anak,Kebutuhan Ibu & Anak
sgm eksplor 1+ ironc susu bubuk pertumbuhan anak madu 600 g,59400.0,NEEDS,Makan & Minum Harian,Susu Formula Bayi & Anak,Kebutuhan Ibu & Anak
sgm eksplor isopro soy 1+ susu bubuk pertumbuhan anak vanila 400 g,60400.0,NEEDS,Makan & Minum Harian,Susu Formula Bayi & Anak,Kebutuhan Ibu & Anak
sgm eksplor isopro soy 1+ susu bubuk pertumbuhan anak madu 400 g,60400.0,NEEDS,Makan & Minum Harian,Susu Formula Bayi & Anak,Kebutuhan Ibu & Anak
frisian flag primagro 3+ susu anak 4-6 tahun madu 700 g,69900.0,NEEDS,Makan & Minum Harian,Susu Formula Bayi & Anak,Kebutuhan Ibu & Anak
frisian flag primagro 1+ susu anak 1-3 tahun vanila 700 g,73900.0,NEEDS,Makan & Minum Harian,Susu Formula Bayi & Anak,Kebutuhan Ibu & Anak
sgm eksplor 3+ ironc susu bubuk pertumbuhan anak vanila 600 g,56900.0,NEEDS,Makan & Minum Harian,Susu Formula Bayi & Anak,Kebutuhan Ibu & Anak
sgm eksplor 1+ ironc susu bubuk pertumbuhan anak madu 900 g,80900.0,NEEDS,Makan & Minum Harian,Susu Formula Bayi & Anak,Kebutuhan Ibu & Anak
sgm eksplor 1+ ironc susu bubuk pertumbuhan anak vanila 900 g,80900.0,NEEDS,Makan & Minum Harian,Susu Formula Bayi & Anak,Kebutuhan Ibu & Anak
sgm eksplor 3+ ironc susu bubuk pertumbuhan anak vanila 900 g,77700.0,NEEDS,Makan & Minum Harian,Susu Formula Bayi & Anak,Kebutuhan Ibu & Anak
sgm eksplor 1+ ironc susu bubuk pertumbuhan anak madu 150 g,15800.0,NEEDS,Makan & Minum Harian,Susu Formula Bayi & Anak,Kebutuhan Ibu & Anak
sgm eksplor 3+ ironc susu bubuk pertumbuhan anak madu 900 g,77700.0,NEEDS,Makan & Minum Harian,Susu Formula Bayi & Anak,Kebutuhan Ibu & Anak
bebelac 1+ grogreat+ susu bubuk pertumbuhan anak vanila 800 g,146800.0,NEEDS,Makan & Minum Harian,Susu Formula Bayi & Anak,Kebutuhan Ibu & Anak
sgm eksplor isopro soy 1+ susu bubuk pertumbuhan anak vanila 700 g,88500.0,NEEDS,Makan & Minum Harian,Susu Formula Bayi & Anak,Kebutuhan Ibu & Anak
bebelove susu formula bayi bubuk 0-6 bulan 175 g,34900.0,NEEDS,Makan & Minum Harian,Susu Formula Bayi & Anak,Kebutuhan Ibu & Anak
enfagrow a+ 3 susu bubuk pertumbuhan anak 1-3 tahun vanila 3 kg,1599900.0,NEEDS,Makan & Minum Harian,Susu Formula Bayi & Anak,Kebutuhan Ibu & Anak
enfagrow a+ neurapro 4 susu bubuk pertumbuhan anak 3-12 tahun vanila 3 kg,1399000.0,NEEDS,Makan & Minum Harian,Susu Formula Bayi & Anak,Kebutuhan Ibu & Anak
nestle dancow fortigro susu bubuk instan 1000 g,113900.0,NEEDS,Makan & Minum Harian,Susu Formula Bayi & Anak,Kebutuhan Ibu & Anak
vidoran xmart 3+ susu bubuk pertumbuhan anak 3-5 tahun vanilla 325 g,29500.0,NEEDS,Makan & Minum Harian,Susu Formula Bayi & Anak,Kebutuhan Ibu & Anak
sgm ananda 1 (0-6 bulan) susu formula bayi bubuk 150 g,15800.0,NEEDS,Makan & Minum Harian,Susu Formula Bayi & Anak,Kebutuhan Ibu & Anak
sgm ananda 2 (6-12 bulan) susu formula bayi bubuk 1 kg,94200.0,NEEDS,Makan & Minum Harian,Susu Formula Bayi & Anak,Kebutuhan Ibu & Anak
sgm eksplor 1+ ironc susu bubuk pertumbuhan anak madu 400 g,43400.0,NEEDS,Makan & Minum Harian,Susu Formula Bayi & Anak,Kebutuhan Ibu & Anak
sgm eksplor 5+ ironc susu bubuk pertumbuhan anak madu 900 g,69900.0,NEEDS,Makan & Minum Harian,Susu Formula Bayi & Anak,Kebutuhan Ibu & Anak
nestle dancow 1+ imunutri susu bubuk pertumbuhan anak 1-3 tahun vanila 120 g,11900.0,NEEDS,Makan & Minum Harian,Susu Formula Bayi & Anak,Kebutuhan Ibu & Anak
bebelac 1+ grogreat+ susu bubuk pertumbuhan anak vanila 350 g,68000.0,NEEDS,Makan & Minum Harian,Susu Formula Bayi & Anak,Kebutuhan Ibu & Anak
nestle dancow groplus susu bubuk pertumbuhan anak rasa vanila 400 g,69900.0,NEEDS,Makan & Minum Harian,Susu Formula Bayi & Anak,Kebutuhan Ibu & Anak
vidoran xmart 5+ susu pertumbuhan anak 5-12 tahun madu 700 g,51500.0,NEEDS,Makan & Minum Harian,Susu Formula Bayi & Anak,Kebutuhan Ibu & Anak
bebelac 1+ grogreat+ susu bubuk pertumbuhan anak madu 175 g,34000.0,NEEDS,Makan & Minum Harian,Susu Formula Bayi & Anak,Kebutuhan Ibu & Anak
bebelove susu formula bayi bubuk 6-12 bulan 800 g,152700.0,NEEDS,Makan & Minum Harian,Susu Formula Bayi & Anak,Kebutuhan Ibu & Anak
sgm ananda 1 (0-6 bulan) susu formula bayi bubuk 1 kg,94200.0,NEEDS,Makan & Minum Harian,Susu Formula Bayi & Anak,Kebutuhan Ibu & Anak
nestle dancow 1+ imunutri susu bubuk pertumbuhan anak 1-3 tahun madu 120 g,11900.0,NEEDS,Makan & Minum Harian,Susu Formula Bayi & Anak,Kebutuhan Ibu & Anak
sgm eksplor 1+ ironc susu bubuk pertumbuhan anak vanila 150 g,15800.0,NEEDS,Makan & Minum Harian,Susu Formula Bayi & Anak,Kebutuhan Ibu & Anak
bebelac 1+ grogreat+ susu bubuk pertumbuhan anak madu 800 g,146800.0,NEEDS,Makan & Minum Harian,Susu Formula Bayi & Anak,Kebutuhan Ibu & Anak
sgm ananda 2 (6-12 bulan) susu formula bayi bubuk 150 g,15800.0,NEEDS,Makan & Minum Harian,Susu Formula Bayi & Anak,Kebutuhan Ibu & Anak
sgm ananda 2 (6-12 bulan) susu formula bayi bubuk 550 g,52800.0,NEEDS,Makan & Minum Harian,Susu Formula Bayi & Anak,Kebutuhan Ibu & Anak
sgm ananda 1 susu formula bayi 0-6 bulan 550 g,52800.0,NEEDS,Makan & Minum Harian,Susu Formula Bayi & Anak,Kebutuhan Ibu & Anak
vidoran xmart 3+ susu bubuk pertumbuhan anak 3-5 tahun madu 700 g,53900.0,NEEDS,Makan & Minum Harian,Susu Formula Bayi & Anak,Kebutuhan Ibu & Anak
nestle dancow fortigro susu bubuk instan cokelat 780 g,79300.0,NEEDS,Makan & Minum Harian,Susu Formula Bayi & Anak,Kebutuhan Ibu & Anak
bebelove susu formula bayi bubuk 6-12 bulan 350 g,69800.0,NEEDS,Makan & Minum Harian,Susu Formula Bayi & Anak,Kebutuhan Ibu & Anak
sgm eksplor 3+ ironc susu bubuk pertumbuhan anak madu 150 g,15800.0,NEEDS,Makan & Minum Harian,Susu Formula Bayi & Anak,Kebutuhan Ibu & Anak
morinaga chil-mil 2 susu bubuk formula bayi 6-12 bulan 190 g,49300.0,NEEDS,Makan & Minum Harian,Susu Formula Bayi & Anak,Kebutuhan Ibu & Anak
bebelac 1+ grogreat+ susu bubuk pertumbuhan anak madu 1 kg,176900.0,NEEDS,Makan & Minum Harian,Susu Formula Bayi & Anak,Kebutuhan Ibu & Anak
nestle dancow fortigro susu instan 195 g,27600.0,NEEDS,Makan & Minum Harian,Susu Formula Bayi & Anak,Kebutuhan Ibu & Anak
morinaga chil-kid 3 gold susu bubuk pertumbuhan anak 1-3 tahun vanila 190 g,44900.0,NEEDS,Makan & Minum Harian,Susu Formula Bayi & Anak,Kebutuhan Ibu & Anak
morinaga chil-kid soya 3 susu bubuk pertumbuhan anak 1-3 tahun vanila 600 g,130000.0,NEEDS,Makan & Minum Harian,Susu Formula Bayi & Anak,Kebutuhan Ibu & Anak
bebelac 3+ grogreat+ susu bubuk pertumbuhan vanila 800 g,135600.0,NEEDS,Makan & Minum Harian,Susu Formula Bayi & Anak,Kebutuhan Ibu & Anak
vidoran xmart 1+ susu pertumbuhan anak 1-3 tahun madu 700 g,58900.0,NEEDS,Makan & Minum Harian,Susu Formula Bayi & Anak,Kebutuhan Ibu & Anak
bebelac 3+ grogreat+ susu bubuk pertumbuhan anak madu 800 g,135600.0,NEEDS,Makan & Minum Harian,Susu Formula Bayi & Anak,Kebutuhan Ibu & Anak
vidoran xmart 1+ susu pertumbuhan anak 1-3 tahun vanila 700 g,58900.0,NEEDS,Makan & Minum Harian,Susu Formula Bayi & Anak,Kebutuhan Ibu & Anak
sgm eksplor 1+ ironc susu bubuk pertumbuhan anak vanila 400 g,43400.0,NEEDS,Makan & Minum Harian,Susu Formula Bayi & Anak,Kebutuhan Ibu & Anak
lactogen pro 1 susu bubuk formula bayi 0-6 bulan 350 g,65200.0,NEEDS,Makan & Minum Harian,Susu Formula Bayi & Anak,Kebutuhan Ibu & Anak
nestle dancow baby susu formula bayi 6-12 bulan bubuk 120 g,12500.0,NEEDS,Makan & Minum Harian,Susu Formula Bayi & Anak,Kebutuhan Ibu & Anak
bebelove susu formula bayi bubuk 0-6 bulan 800 g,152700.0,NEEDS,Makan & Minum Harian,Susu Formula Bayi & Anak,Kebutuhan Ibu & Anak
bebelac 1+ grogreat+ susu bubuk pertumbuhan anak vanila 1 kg,176900.0,NEEDS,Makan & Minum Harian,Susu Formula Bayi & Anak,Kebutuhan Ibu & Anak
bebelove susu formula bayi bubuk 6-12 bulan 175 g,35000.0,NEEDS,Makan & Minum Harian,Susu Formula Bayi & Anak,Kebutuhan Ibu & Anak
sgm ananda 1 (0-6 bulan) susu formula bayi bubuk 400 g,43400.0,NEEDS,Makan & Minum Harian,Susu Formula Bayi & Anak,Kebutuhan Ibu & Anak
sgm eksplor isopro soy 1+ susu bubuk pertumbuhan anak madu 700 g,88500.0,NEEDS,Makan & Minum Harian,Susu Formula Bayi & Anak,Kebutuhan Ibu & Anak
lactogrow pro 1+ susu bubuk pertumbuhan anak 1-3 tahun vanila 350 g,60000.0,NEEDS,Makan & Minum Harian,Susu Formula Bayi & Anak,Kebutuhan Ibu & Anak
vidoran xmart 3+ susu pertumbuhan anak 3-5 tahun vanila 700 g,53900.0,NEEDS,Makan & Minum Harian,Susu Formula Bayi & Anak,Kebutuhan Ibu & Anak
nestle dancow fortigro susu bubuk full cream 390 g,52700.0,NEEDS,Makan & Minum Harian,Susu Formula Bayi & Anak,Kebutuhan Ibu & Anak
nestle dancow baby susu bubuk formula bayi 0-6 bulan 120 g,12500.0,NEEDS,Makan & Minum Harian,Susu Formula Bayi & Anak,Kebutuhan Ibu & Anak
bebelac 3+ grogreat+ susu bubuk pertumbuhan anak madu 350 g,63000.0,NEEDS,Makan & Minum Harian,Susu Formula Bayi & Anak,Kebutuhan Ibu & Anak
sgm eksplor 5+ ironc susu bubuk pertumbuhan cokelat anak 900 g,69900.0,NEEDS,Makan & Minum Harian,Susu Formula Bayi & Anak,Kebutuhan Ibu & Anak
lactogrow pro 1+ susu pertumbuhan anak 1 - 3 tahun vanila 735 g,117900.0,NEEDS,Makan & Minum Harian,Susu Formula Bayi & Anak,Kebutuhan Ibu & Anak
lactogrow pro 1+ susu bubuk pertumbuhan anak 1-3 tahun madu 350 g,60000.0,NEEDS,Makan & Minum Harian,Susu Formula Bayi & Anak,Kebutuhan Ibu & Anak
vidoran my baby susu formula bayi 6-12 bulan 550 g,49700.0,NEEDS,Makan & Minum Harian,Susu Formula Bayi & Anak,Kebutuhan Ibu & Anak
nutrilon royal 3 susu bubuk pertumbuhan anak vanila 400 g,97100.0,NEEDS,Makan & Minum Harian,Susu Formula Bayi & Anak,Kebutuhan Ibu & Anak
bebelove susu formula bayi bubuk 0-6 bulan 350 g,70000.0,NEEDS,Makan & Minum Harian,Susu Formula Bayi & Anak,Kebutuhan Ibu & Anak
sgm eksplor 3+ ironc susu bubuk pertumbuhan anak cokelat 900 g,77700.0,NEEDS,Makan & Minum Harian,Susu Formula Bayi & Anak,Kebutuhan Ibu & Anak
bebelac gold 3 susu bubuk pertumbuhan anak vanila 360 g,54100.0,NEEDS,Makan & Minum Harian,Susu Formula Bayi & Anak,Kebutuhan Ibu & Anak
bebelac 1+ grogreat+ susu bubuk pertumbuhan anak madu 350 g,68000.0,NEEDS,Makan & Minum Harian,Susu Formula Bayi & Anak,Kebutuhan Ibu & Anak
morinaga bmt 1 gold susu bubuk formula bayi 0-6 bulan plain 390 g,99400.0,NEEDS,Makan & Minum Harian,Susu Formula Bayi & Anak,Kebutuhan Ibu & Anak
bebelac 3+ grogreat+ susu bubuk pertumbuhan anak madu 1 kg,163500.0,NEEDS,Makan & Minum Harian,Susu Formula Bayi & Anak,Kebutuhan Ibu & Anak
s-26 procal tahap 3 susu pertumbuhan anak 1-3 tahun vanila 400 g,94200.0,NEEDS,Makan & Minum Harian,Susu Formula Bayi & Anak,Kebutuhan Ibu & Anak
morinaga chil-kid 3 gold susu bubuk pertumbuhan anak 1-3 tahun madu 190 g,44900.0,NEEDS,Makan & Minum Harian,Susu Formula Bayi & Anak,Kebutuhan Ibu & Anak
bebelove susu formula bayi bubuk 6-12 bulan 600 g,119400.0,NEEDS,Makan & Minum Harian,Susu Formula Bayi & Anak,Kebutuhan Ibu & Anak
milo activ-go susu bubuk cokelat instant pouch 790 g,84900.0,NEEDS,Makan & Minum Harian,Susu Formula Bayi & Anak,Kebutuhan Ibu & Anak
sgm ananda 2 (6-12 bulan) susu formula bayi bubuk 400 g,43400.0,NEEDS,Makan & Minum Harian,Susu Formula Bayi & Anak,Kebutuhan Ibu & Anak
nutribaby royal 2 susu formula bayi 6-12 bulan 400 g,133800.0,NEEDS,Makan & Minum Harian,Susu Formula Bayi & Anak,Kebutuhan Ibu & Anak
milo activ-go susu bubuk cokelat instant sachet 4 x 22 g,10800.0,NEEDS,Makan & Minum Harian,Susu Formula Bayi & Anak,Kebutuhan Ibu & Anak
pediasure triplesure susu pertumbuhan anak vanila 200 g,109900.0,NEEDS,Makan & Minum Harian,Susu Formula Bayi & Anak,Kebutuhan Ibu & Anak
lactogen pro 1 susu formula bayi 0-6 bulan 735 g,138900.0,NEEDS,Makan & Minum Harian,Susu Formula Bayi & Anak,Kebutuhan Ibu & Anak
bebelac gold soya 3 susu bubuk pertumbuhan anak vanila 700 g,97900.0,NEEDS,Makan & Minum Harian,Susu Formula Bayi & Anak,Kebutuhan Ibu & Anak
bebelove susu formula bayi bubuk 0-6 bulan 600 g,119400.0,NEEDS,Makan & Minum Harian,Susu Formula Bayi & Anak,Kebutuhan Ibu & Anak
s-26 procal gold tahap 3 susu bubuk pertumbuhan anak 1-3 tahun vanila 400 g,149900.0,NEEDS,Makan & Minum Harian,Susu Formula Bayi & Anak,Kebutuhan Ibu & Anak
vidoran my baby susu formula bayi 0-6 bulan 550 g,49700.0,NEEDS,Makan & Minum Harian,Susu Formula Bayi & Anak,Kebutuhan Ibu & Anak
morinaga chil-school 4 susu bubuk pertumbuhan anak 3-12 tahun madu 780 g,135100.0,NEEDS,Makan & Minum Harian,Susu Formula Bayi & Anak,Kebutuhan Ibu & Anak
s-26 procal tahap 3 susu pertumbuhan anak 1-3 tahun vanila 700 g,167400.0,NEEDS,Makan & Minum Harian,Susu Formula Bayi & Anak,Kebutuhan Ibu & Anak
morinaga chil-kid 3 gold susu bubuk pertumbuhan anak 1-3 tahun vanila 780 g,175900.0,NEEDS,Makan & Minum Harian,Susu Formula Bayi & Anak,Kebutuhan Ibu & Anak
vidoran xmart 5+ susu pertumbuhan anak 5-12 tahun cokelat 700 g,52000.0,NEEDS,Makan & Minum Harian,Susu Formula Bayi & Anak,Kebutuhan Ibu & Anak
vidoran xmart 1+ susu pertumbuhan anak 1-3 tahun madu 125 g,11400.0,NEEDS,Makan & Minum Harian,Susu Formula Bayi & Anak,Kebutuhan Ibu & Anak
morinaga chil-kid 3 gold susu bubuk pertumbuhan anak 1-3 tahun madu 780 g,176100.0,NEEDS,Makan & Minum Harian,Susu Formula Bayi & Anak,Kebutuhan Ibu & Anak
morinaga chil-school 4 susu bubuk pertumbuhan anak 3-12 tahun vanila 780 g,155400.0,NEEDS,Makan & Minum Harian,Susu Formula Bayi & Anak,Kebutuhan Ibu & Anak
sgm eksplor 5+ ironc susu bubuk pertumbuhan anak madu 575 g,52200.0,NEEDS,Makan & Minum Harian,Susu Formula Bayi & Anak,Kebutuhan Ibu & Anak
nestle dancow fortigro susu bubuk instan cokelat 390 g,49200.0,NEEDS,Makan & Minum Harian,Susu Formula Bayi & Anak,Kebutuhan Ibu & Anak
pediasure go susu uht vanila 110 ml,11700.0,NEEDS,Makan & Minum Harian,Susu Formula Bayi & Anak,Kebutuhan Ibu & Anak
nestle dancow 1+ imunutri susu bubuk pertumbuhan anak 1-3 tahun vanila 350 g,41900.0,NEEDS,Makan & Minum Harian,Susu Formula Bayi & Anak,Kebutuhan Ibu & Anak
nestle dancow 3+ imunutri susu bubuk pertumbuhan anak 3-5 tahun madu 350 g,39100.0,NEEDS,Makan & Minum Harian,Susu Formula Bayi & Anak,Kebutuhan Ibu & Anak
boneeto susu bubuk anak yummy choco 685 g,69500.0,NEEDS,Makan & Minum Harian,Susu Formula Bayi & Anak,Kebutuhan Ibu & Anak
zee nutripro susu bubuk rasa swizz cokelat 600 g,68300.0,NEEDS,Makan & Minum Harian,Susu Formula Bayi & Anak,Kebutuhan Ibu & Anak
boneeto susu bubuk instan yummy choco 320 g,36600.0,NEEDS,Makan & Minum Harian,Susu Formula Bayi & Anak,Kebutuhan Ibu & Anak
nestle dancow fortigro susu bubuk instan 780 g,100700.0,NEEDS,Makan & Minum Harian,Susu Formula Bayi & Anak,Kebutuhan Ibu & Anak
nestle dancow fortigro susu bubuk full cream 780 g,109300.0,NEEDS,Makan & Minum Harian,Susu Formula Bayi & Anak,Kebutuhan Ibu & Anak
zee nutripro complex susu bubuk rasa swizz cokelat 340 g,39900.0,NEEDS,Makan & Minum Harian,Susu Formula Bayi & Anak,Kebutuhan Ibu & Anak
boneeto susu bubuk hi-calcium creamy vanilla 685 g,69000.0,NEEDS,Makan & Minum Harian,Susu Formula Bayi & Anak,Kebutuhan Ibu & Anak
nutrilon royal 3 susu bubuk pertumbuhan anak madu 1.8 kg,446900.0,NEEDS,Makan & Minum Harian,Susu Formula Bayi & Anak,Kebutuhan Ibu & Anak
nutrilon royal 3 susu bubuk pertumbuhan anak vanila 1.8 kg,446900.0,NEEDS,Makan & Minum Harian,Susu Formula Bayi & Anak,Kebutuhan Ibu & Anak
nutrilon royal 4 susu bubuk pertumbuhan anak vanila 1.8 kg,426800.0,NEEDS,Makan & Minum Harian,Susu Formula Bayi & Anak,Kebutuhan Ibu & Anak
nutrilon royal 4 susu bubuk pertumbuhan anak madu 800 g,199000.0,NEEDS,Makan & Minum Harian,Susu Formula Bayi & Anak,Kebutuhan Ibu & Anak
bebelac 1+ grogreat+ susu bubuk pertumbuhan anak vanila 1.8 kg,295000.0,NEEDS,Makan & Minum Harian,Susu Formula Bayi & Anak,Kebutuhan Ibu & Anak
bebelac 3+ grogreat+ susu bubuk pertumbuhan anak madu 1.8 kg,279000.0,NEEDS,Makan & Minum Harian,Susu Formula Bayi & Anak,Kebutuhan Ibu & Anak
morinaga chil-kid 3 gold susu bubuk pertumbuhan anak 1-3 tahun madu 4 x 390 g,318900.0,NEEDS,Makan & Minum Harian,Susu Formula Bayi & Anak,Kebutuhan Ibu & Anak
morinaga chil-kid 3 gold susu pertumbuhan anak 1-3 tahun vanila 4 x 390 g,318900.0,NEEDS,Makan & Minum Harian,Susu Formula Bayi & Anak,Kebutuhan Ibu & Anak
indomilk opti nutri susu bubuk full cream 800 g,84500.0,NEEDS,Makan & Minum Harian,Susu Formula Bayi & Anak,Kebutuhan Ibu & Anak
hilo school vanila susu bubuk tinggi kalsium 1 kg,168000.0,NEEDS,Makan & Minum Harian,Susu Formula Bayi & Anak,Kebutuhan Ibu & Anak
hilo school susu bubuk tinggi kalsium rasa cokelat 1 kg,168000.0,NEEDS,Makan & Minum Harian,Susu Formula Bayi & Anak,Kebutuhan Ibu & Anak
morinaga chil-school gold susu bubuk pertumbuhan anak madu 4 x 390 g,272900.0,NEEDS,Makan & Minum Harian,Susu Formula Bayi & Anak,Kebutuhan Ibu & Anak
morinaga chil-school platinum susu bubuk pertumbuhan anak vanila 800 g,229900.0,NEEDS,Makan & Minum Harian,Susu Formula Bayi & Anak,Kebutuhan Ibu & Anak
bebelac 3+ grogreat+ susu bubuk pertumbuhan vanila 1.8 kg,279000.0,NEEDS,Makan & Minum Harian,Susu Formula Bayi & Anak,Kebutuhan Ibu & Anak
bebelac 1+ grogreat+ susu bubuk pertumbuhan anak vanila 3 kg,489000.0,NEEDS,Makan & Minum Harian,Susu Formula Bayi & Anak,Kebutuhan Ibu & Anak
bebelac 1+ grogreat+ susu bubuk pertumbuhan anak madu 3 kg,489000.0,NEEDS,Makan & Minum Harian,Susu Formula Bayi & Anak,Kebutuhan Ibu & Anak
bebelac 3+ grogreat+ susu bubuk pertumbuhan anak madu 3 kg,465000.0,NEEDS,Makan & Minum Harian,Susu Formula Bayi & Anak,Kebutuhan Ibu & Anak
bebelac 3+ grogreat+ susu bubuk pertumbuhan anak vanila 3 kg,465000.0,NEEDS,Makan & Minum Harian,Susu Formula Bayi & Anak,Kebutuhan Ibu & Anak
morinaga chil-go 1+ susu bubuk pertumbuhan anak 1 - 3 tahun vanila 270 g,29900.0,NEEDS,Makan & Minum Harian,Susu Formula Bayi & Anak,Kebutuhan Ibu & Anak
morinaga chil-go 3+ susu bubuk pertumbuhan anak 3 - 12 tahun vanila 270 g,29900.0,NEEDS,Makan & Minum Harian,Susu Formula Bayi & Anak,Kebutuhan Ibu & Anak
enfamil a+ 1 susu bubuk formula bayi 0-6 bulan 400 g,251400.0,NEEDS,Makan & Minum Harian,Susu Formula Bayi & Anak,Kebutuhan Ibu & Anak
enfamil a+ 2 susu bubuk formula bayi lanjutan 6-12 bulan 400 g,242000.0,NEEDS,Makan & Minum Harian,Susu Formula Bayi & Anak,Kebutuhan Ibu & Anak
morinaga chil-go infanutri susu bubuk pertumbuhan anak 6 - 12 bulan 270 g,36900.0,NEEDS,Makan & Minum Harian,Susu Formula Bayi & Anak,Kebutuhan Ibu & Anak
vidoran xmart 1+ susu pertumbuhan anak 1-3 tahun vanila 900 g,72800.0,NEEDS,Makan & Minum Harian,Susu Formula Bayi & Anak,Kebutuhan Ibu & Anak
vidoran xmart 3+ susu pertumbuhan anak 3-5 tahun madu 900 g,67000.0,NEEDS,Makan & Minum Harian,Susu Formula Bayi & Anak,Kebutuhan Ibu & Anak
nestle batita 3+ susu bubuk pertumbuhan anak madu 850 g,54900.0,NEEDS,Makan & Minum Harian,Susu Formula Bayi & Anak,Kebutuhan Ibu & Anak
vidoran xmart 1+ susu pertumbuhan anak 1-3 tahun madu 900 g,72800.0,NEEDS,Makan & Minum Harian,Susu Formula Bayi & Anak,Kebutuhan Ibu & Anak
vidoran xmart 3+ susu pertumbuhan anak 3 - 5 tahun vanila 900 g,67000.0,NEEDS,Makan & Minum Harian,Susu Formula Bayi & Anak,Kebutuhan Ibu & Anak
nutrilon royal 3 susu bubuk pertumbuhan anak madu 400 g,114200.0,NEEDS,Makan & Minum Harian,Susu Formula Bayi & Anak,Kebutuhan Ibu & Anak
lactogrow pro 3+ susu bubuk pertumbuhan anak pra sekolah vanila 735 g,101400.0,NEEDS,Makan & Minum Harian,Susu Formula Bayi & Anak,Kebutuhan Ibu & Anak
morinaga chil-kid 3 platinum susu bubuk pertumbuhan anak 1-3 tahun vanila 800 g,302600.0,NEEDS,Makan & Minum Harian,Susu Formula Bayi & Anak,Kebutuhan Ibu & Anak
milo activ-go susu bubuk cokelat instant bag 300 g,29400.0,NEEDS,Makan & Minum Harian,Susu Formula Bayi & Anak,Kebutuhan Ibu & Anak
milo activ-go susu bubuk cokelat instant sachet 18 x 34 g,63300.0,NEEDS,Makan & Minum Harian,Susu Formula Bayi & Anak,Kebutuhan Ibu & Anak
morinaga chil-go 1+ susu bubuk pertumbuhan anak 1 - 3 tahun madu 950 g,101900.0,NEEDS,Makan & Minum Harian,Susu Formula Bayi & Anak,Kebutuhan Ibu & Anak
morinaga chil-go 3+ susu bubuk pertumbuhan anak 3 - 12 tahun madu 950 g,95900.0,NEEDS,Makan & Minum Harian,Susu Formula Bayi & Anak,Kebutuhan Ibu & Anak
morinaga morigro gromax susu bubuk pertumbuhan anak 1-12 tahun vanila 400 g,152900.0,NEEDS,Makan & Minum Harian,Susu Formula Bayi & Anak,Kebutuhan Ibu & Anak
morinaga morigro gromax susu bubuk pertumbuhan anak 1-12 tahun madu 400 g,152900.0,NEEDS,Makan & Minum Harian,Susu Formula Bayi & Anak,Kebutuhan Ibu & Anak
sgm eksplor 1+ ironc susu pertumbuhan anak madu 3 kg,249900.0,NEEDS,Makan & Minum Harian,Susu Formula Bayi & Anak,Kebutuhan Ibu & Anak
sgm eksplor 1+ ironc susu bubuk pertumbuhan anak vanila 3 kg,249900.0,NEEDS,Makan & Minum Harian,Susu Formula Bayi & Anak,Kebutuhan Ibu & Anak
sgm eksplor 3+ ironc susu bubuk pertumbuhan anak vanila 3 kg,235900.0,NEEDS,Makan & Minum Harian,Susu Formula Bayi & Anak,Kebutuhan Ibu & Anak
sgm eksplor 3+ ironc susu bubuk pertumbuhan anak madu 3 kg,235900.0,NEEDS,Makan & Minum Harian,Susu Formula Bayi & Anak,Kebutuhan Ibu & Anak
morinaga chil-kid 3 p-hp susu bubuk pertumbuhan anak 1-3 tahun plain 800 g,325900.0,NEEDS,Makan & Minum Harian,Susu Formula Bayi & Anak,Kebutuhan Ibu & Anak
morinaga chil-school platinum susu bubuk pertumbuhan anak madu 800 g,232900.0,NEEDS,Makan & Minum Harian,Susu Formula Bayi & Anak,Kebutuhan Ibu & Anak
bebelove susu formula bayi bubuk 0-6 bulan 1.8 kg,342000.0,NEEDS,Makan & Minum Harian,Susu Formula Bayi & Anak,Kebutuhan Ibu & Anak
enfagrow essential 3 susu formula bubuk pertumbuhan anak 1-3 tahun vanila 1.8 kg,459000.0,NEEDS,Makan & Minum Harian,Susu Formula Bayi & Anak,Kebutuhan Ibu & Anak
morinaga bmt 1 gold susu bubuk formula bayi 0-6 bulan plain 780 g,199000.0,NEEDS,Makan & Minum Harian,Susu Formula Bayi & Anak,Kebutuhan Ibu & Anak
s-26 promil gold tahap 1 susu formula bayi 0-6 bulan 900 g,387500.0,NEEDS,Makan & Minum Harian,Susu Formula Bayi & Anak,Kebutuhan Ibu & Anak
s-26 promil gold tahap 2 susu formula bayi 6-12 bulan 900 g,382900.0,NEEDS,Makan & Minum Harian,Susu Formula Bayi & Anak,Kebutuhan Ibu & Anak
bebelove susu formula bayi bubuk 6-12 bulan 1.8 kg,342000.0,NEEDS,Makan & Minum Harian,Susu Formula Bayi & Anak,Kebutuhan Ibu & Anak
morinaga bmt 1 p-hp susu formula bayi 0-6 bulan plain 400 g,187500.0,NEEDS,Makan & Minum Harian,Susu Formula Bayi & Anak,Kebutuhan Ibu & Anak
morinaga bmt 1 platinum susu bubuk formula bayi 0-6 bulan plain 800 g,325000.0,NEEDS,Makan & Minum Harian,Susu Formula Bayi & Anak,Kebutuhan Ibu & Anak
morinaga chil-mil 2 platinum susu bubuk formula bayi 6-12 bulan 800 g,308000.0,NEEDS,Makan & Minum Harian,Susu Formula Bayi & Anak,Kebutuhan Ibu & Anak
enfagrow a+ 3 susu bubuk pertumbuhan anak 1-3 tahun madu 800 g,435000.0,NEEDS,Makan & Minum Harian,Susu Formula Bayi & Anak,Kebutuhan Ibu & Anak
enfagrow a+ neurapro 4 susu bubuk pertumbuhan anak vanila 400 g,215000.0,NEEDS,Makan & Minum Harian,Susu Formula Bayi & Anak,Kebutuhan Ibu & Anak
enfamil a+ gentle care 1 susu bubuk formula bayi pencernaan 350 g,272000.0,NEEDS,Makan & Minum Harian,Susu Formula Bayi & Anak,Kebutuhan Ibu & Anak
s-26 promil tahap 1 susu formula bayi 0-6 bulan 700 g,200000.0,NEEDS,Makan & Minum Harian,Susu Formula Bayi & Anak,Kebutuhan Ibu & Anak
enfagrow essential 4 susu pertumbuhan anak vanila 400 g,105000.0,NEEDS,Makan & Minum Harian,Susu Formula Bayi & Anak,Kebutuhan Ibu & Anak
enfagrow essential 3 susu pertumbuhan anak 1-3 tahun vanila 400 g,111000.0,NEEDS,Makan & Minum Harian,Susu Formula Bayi & Anak,Kebutuhan Ibu & Anak
s-26 promil tahap 2 susu formula bayi 6-12 bulan 700 g,200000.0,NEEDS,Makan & Minum Harian,Susu Formula Bayi & Anak,Kebutuhan Ibu & Anak
enfagrow a+ 3 susu formula bubuk pertumbuhan anak 1-3 tahun vanila 1800 g,970900.0,NEEDS,Makan & Minum Harian,Susu Formula Bayi & Anak,Kebutuhan Ibu & Anak
enfagrow a+ 4 susu bubuk pertumbuhan anak 3-12 tahun vanila 1800 g,870000.0,NEEDS,Makan & Minum Harian,Susu Formula Bayi & Anak,Kebutuhan Ibu & Anak
pediasure susu bubuk pertumbuhan anak vanila box 4 x 450 g,752900.0,NEEDS,Makan & Minum Harian,Susu Formula Bayi & Anak,Kebutuhan Ibu & Anak
enfagrow essential 4 susu formula bubuk pertumbuhan anak >3 tahun vanila 1800 g,439000.0,NEEDS,Makan & Minum Harian,Susu Formula Bayi & Anak,Kebutuhan Ibu & Anak
s-26 promil gold phpro 2 susu formula bayi 6-12 bulan 800 g,415000.0,NEEDS,Makan & Minum Harian,Susu Formula Bayi & Anak,Kebutuhan Ibu & Anak
nutribaby royal cesabio 1 susu bubuk formula bayi 0-6 bulan 400 g,145000.0,NEEDS,Makan & Minum Harian,Susu Formula Bayi & Anak,Kebutuhan Ibu & Anak
enfamil a+ gentle care 2 susu bubuk formula bayi pencernaan 800 g,579000.0,NEEDS,Makan & Minum Harian,Susu Formula Bayi & Anak,Kebutuhan Ibu & Anak
enfagrow a+ neurapro 3 susu bubuk pertumbuhan anak 1-3 tahun vanila 3.6 kg,1850000.0,NEEDS,Makan & Minum Harian,Susu Formula Bayi & Anak,Kebutuhan Ibu & Anak
morinaga chil-go infanutri susu bubuk formula bayi 0-6 bulan 270 g,36900.0,NEEDS,Makan & Minum Harian,Susu Formula Bayi & Anak,Kebutuhan Ibu & Anak
enfagrow a+ 3 susu bubuk pertumbuhan anak 1-3 tahun plain 400 g,239000.0,NEEDS,Makan & Minum Harian,Susu Formula Bayi & Anak,Kebutuhan Ibu & Anak
enfagrow a+ 3 susu bubuk pertumbuhan anak 1-3 tahun plain 800 g,459000.0,NEEDS,Makan & Minum Harian,Susu Formula Bayi & Anak,Kebutuhan Ibu & Anak
enfagrow a+ 3 susu bubuk pertumbuhan anak 1-3 tahun plain 1800 g,989000.0,NEEDS,Makan & Minum Harian,Susu Formula Bayi & Anak,Kebutuhan Ibu & Anak
enfamil a+ 1 susu bubuk formula bayi 0-6 bulan 1800 g,1085000.0,NEEDS,Makan & Minum Harian,Susu Formula Bayi & Anak,Kebutuhan Ibu & Anak
enfamil a+ 2 susu bubuk formula bayi lanjutan 6-12 bulan 1800 g,1035000.0,NEEDS,Makan & Minum Harian,Susu Formula Bayi & Anak,Kebutuhan Ibu & Anak
enfamil a+ gentle care 1 susu bubuk formula bayi pencernaan 800 g,609000.0,NEEDS,Makan & Minum Harian,Susu Formula Bayi & Anak,Kebutuhan Ibu & Anak
morinaga chil-mil 2 p-hp susu bubuk formula bayi 6-12 bulan plain 800 g,362000.0,NEEDS,Makan & Minum Harian,Susu Formula Bayi & Anak,Kebutuhan Ibu & Anak
lactogen pro 2 susu bubuk formula bayi 6-12 bulan 350 g,65200.0,NEEDS,Makan & Minum Harian,Susu Formula Bayi & Anak,Kebutuhan Ibu & Anak
nestle dancow 1+ imunutri susu bubuk pertumbuhan anak 1-3 tahun madu 1kg,105100.0,NEEDS,Makan & Minum Harian,Susu Formula Bayi & Anak,Kebutuhan Ibu & Anak
nestle dancow 5+ imunutri susu bubuk pertumbuhan anak 5-6 tahun madu 750 g,71900.0,NEEDS,Makan & Minum Harian,Susu Formula Bayi & Anak,Kebutuhan Ibu & Anak
nestle dancow 3+ imunutri susu bubuk pertumbuhan anak 3-5 tahun vanila 750 g,72400.0,NEEDS,Makan & Minum Harian,Susu Formula Bayi & Anak,Kebutuhan Ibu & Anak
nestle dancow 1+ imunutri susu bubuk pertumbuhan anak 1-3 tahun vanila 750 g,72900.0,NEEDS,Makan & Minum Harian,Susu Formula Bayi & Anak,Kebutuhan Ibu & Anak
nestle dancow fortigro susu bubuk instan cokelat crunch 346.5 g,40900.0,NEEDS,Makan & Minum Harian,Susu Formula Bayi & Anak,Kebutuhan Ibu & Anak
enfagrow essential 3 susu bubuk pertumbuhan anak 1-3 tahun vanila 240 g,47500.0,NEEDS,Makan & Minum Harian,Susu Formula Bayi & Anak,Kebutuhan Ibu & Anak
nestle dancow 1+ imunutri susu bubuk pertumbuhan anak 1-3 tahun madu 750 g,72900.0,NEEDS,Makan & Minum Harian,Susu Formula Bayi & Anak,Kebutuhan Ibu & Anak
lactogrow pro 1+ susu pertumbuhan anak 1 - 3 tahun original 735 g,117900.0,NEEDS,Makan & Minum Harian,Susu Formula Bayi & Anak,Kebutuhan Ibu & Anak
lactogrow pro 1+ susu bubuk pertumbuhan anak 1-3 tahun madu 735 g,117900.0,NEEDS,Makan & Minum Harian,Susu Formula Bayi & Anak,Kebutuhan Ibu & Anak
frisian baby primamil susu formula bayi 0-6 bulan 600 g,69800.0,NEEDS,Makan & Minum Harian,Susu Formula Bayi & Anak,Kebutuhan Ibu & Anak
nestle dancow 3+ imunutri susu bubuk pertumbuhan anak 3-5 tahun madu 750 g,72400.0,NEEDS,Makan & Minum Harian,Susu Formula Bayi & Anak,Kebutuhan Ibu & Anak
sgm eksplor 5+ ironc susu bubuk pertumbuhan anak vanila 575 g,47900.0,NEEDS,Makan & Minum Harian,Susu Formula Bayi & Anak,Kebutuhan Ibu & Anak
enfagrow essential 4 susu bubuk pertumbuhan anak >3 tahun vanila 800 g,183900.0,NEEDS,Makan & Minum Harian,Susu Formula Bayi & Anak,Kebutuhan Ibu & Anak
frisian flag primagro 1+ susu anak 1-3 tahun madu 350 g,49900.0,NEEDS,Makan & Minum Harian,Susu Formula Bayi & Anak,Kebutuhan Ibu & Anak
frisian flag primagro 1+ susu bubuk pertumbuhan anak vanila 3000 g,295000.0,NEEDS,Makan & Minum Harian,Susu Formula Bayi & Anak,Kebutuhan Ibu & Anak
frisian flag primagro 3+ susu bubuk pertumbuhan anak madu 3000 g,279000.0,NEEDS,Makan & Minum Harian,Susu Formula Bayi & Anak,Kebutuhan Ibu & Anak
frisian flag primagro 3+ susu anak 4-6 tahun vanila 2 kg,189000.0,NEEDS,Makan & Minum Harian,Susu Formula Bayi & Anak,Kebutuhan Ibu & Anak
nestle dancow 3+ imunutri susu bubuk pertumbuhan anak 3-5 tahun madu 1kg,107500.0,NEEDS,Makan & Minum Harian,Susu Formula Bayi & Anak,Kebutuhan Ibu & Anak
frisian flag primagro 1+ susu anak 1-3 tahun madu 2 kg,199000.0,NEEDS,Makan & Minum Harian,Susu Formula Bayi & Anak,Kebutuhan Ibu & Anak
frisian flag primagro 3+ susu bubuk pertumbuhan anak vanila 3000 g,279000.0,NEEDS,Makan & Minum Harian,Susu Formula Bayi & Anak,Kebutuhan Ibu & Anak
frisian flag primagro 1+ susu bubuk pertumbuhan anak madu 3000 g,295000.0,NEEDS,Makan & Minum Harian,Susu Formula Bayi & Anak,Kebutuhan Ibu & Anak
frisian flag primagro 1+ susu anak 1-3 tahun vanila 2 kg,199000.0,NEEDS,Makan & Minum Harian,Susu Formula Bayi & Anak,Kebutuhan Ibu & Anak
enfagrow a+ gentle care susu bubuk pertumbuhan anak pencernaan 800 g,479900.0,NEEDS,Makan & Minum Harian,Susu Formula Bayi & Anak,Kebutuhan Ibu & Anak
s-26 procal gold tahap 3 susu pertumbuhan anak 1-3 tahun vanila 1.6 kg,535000.0,NEEDS,Makan & Minum Harian,Susu Formula Bayi & Anak,Kebutuhan Ibu & Anak
morinaga chil-kid 3 platinum susu bubuk pertumbuhan anak 1-3 tahun madu 800 g,295900.0,NEEDS,Makan & Minum Harian,Susu Formula Bayi & Anak,Kebutuhan Ibu & Anak
morinaga chil-school soya 4 susu bubuk pertumbuhan anak 3-12 tahun madu 600 g,132900.0,NEEDS,Makan & Minum Harian,Susu Formula Bayi & Anak,Kebutuhan Ibu & Anak
morinaga chil-school gold susu bubuk pertumbuhan anak vanila 4 x 390 g,295900.0,NEEDS,Makan & Minum Harian,Susu Formula Bayi & Anak,Kebutuhan Ibu & Anak
s-26 procal ultima tahap 3 susu pertumbuhan anak 1-3 tahun vanila 850 g,394000.0,NEEDS,Makan & Minum Harian,Susu Formula Bayi & Anak,Kebutuhan Ibu & Anak
nutren junior susu pertumbuhan anak vanila 800 g,301900.0,NEEDS,Makan & Minum Harian,Susu Formula Bayi & Anak,Kebutuhan Ibu & Anak
nutren junior susu pertumbuhan anak vanila 400 g,159000.0,NEEDS,Makan & Minum Harian,Susu Formula Bayi & Anak,Kebutuhan Ibu & Anak
morinaga chil-kid 3 gold susu bubuk pertumbuhan anak 1-3 tahun vanila 985 g,210900.0,NEEDS,Makan & Minum Harian,Susu Formula Bayi & Anak,Kebutuhan Ibu & Anak
morinaga morigro gromax susu bubuk pertumbuhan anak 1-12 tahun madu 200 g,77900.0,NEEDS,Makan & Minum Harian,Susu Formula Bayi & Anak,Kebutuhan Ibu & Anak
s-26 promise gold tahap 4 susu pertumbuhan anak 3-12 tahun vanila 1.6 kg,469000.0,NEEDS,Makan & Minum Harian,Susu Formula Bayi & Anak,Kebutuhan Ibu & Anak
s-26 procal tahap 3 susu pertumbuhan anak 1-3 tahun vanila 1.4 kg,309000.0,NEEDS,Makan & Minum Harian,Susu Formula Bayi & Anak,Kebutuhan Ibu & Anak
s-26 procal gold phpro 3 susu pertumbuhan anak 1-3 tahun 800 g,345000.0,NEEDS,Makan & Minum Harian,Susu Formula Bayi & Anak,Kebutuhan Ibu & Anak
healthyway 3+ susu bubuk pertumbuhan anak 3-5 tahun madu 700 g,54600.0,NEEDS,Makan & Minum Harian,Susu Formula Bayi & Anak,Kebutuhan Ibu & Anak
s-26 promise tahap 4 susu pertumbuhan anak 3-12 tahun vanila 1.4 kg,285000.0,NEEDS,Makan & Minum Harian,Susu Formula Bayi & Anak,Kebutuhan Ibu & Anak
morinaga morigro gromax susu bubuk pertumbuhan anak 1-12 tahun madu 800 g,281900.0,NEEDS,Makan & Minum Harian,Susu Formula Bayi & Anak,Kebutuhan Ibu & Anak
healthyway 3+ susu bubuk pertumbuhan anak 3-5 tahun vanila 700 g,54600.0,NEEDS,Makan & Minum Harian,Susu Formula Bayi & Anak,Kebutuhan Ibu & Anak
s-26 promise gold tahap 4 susu pertumbuhan anak 3-12 tahun vanila 900 g,289000.0,NEEDS,Makan & Minum Harian,Susu Formula Bayi & Anak,Kebutuhan Ibu & Anak
morinaga chil-kid 3 gold susu bubuk pertumbuhan anak 1-3 tahun madu 985 g,210900.0,NEEDS,Makan & Minum Harian,Susu Formula Bayi & Anak,Kebutuhan Ibu & Anak
healthyway 1+ susu bubuk pertumbuhan anak 1-3 tahun vanila 700 g,57800.0,NEEDS,Makan & Minum Harian,Susu Formula Bayi & Anak,Kebutuhan Ibu & Anak
lactogrow pro 1+ susu bubuk pertumbuhan anak 1-3 tahun madu 1 kg,151000.0,NEEDS,Makan & Minum Harian,Susu Formula Bayi & Anak,Kebutuhan Ibu & Anak
morinaga chil-go 3+ susu bubuk pertumbuhan anak 3 - 12 tahun vanila 950 g,95900.0,NEEDS,Makan & Minum Harian,Susu Formula Bayi & Anak,Kebutuhan Ibu & Anak
lactogrow pro 3+ susu bubuk pertumbuhan anak pra sekolah madu 1 kg,131900.0,NEEDS,Makan & Minum Harian,Susu Formula Bayi & Anak,Kebutuhan Ibu & Anak
morinaga chil-go 1+ susu bubuk pertumbuhan anak 1- 3 tahun vanila 950 g,101900.0,NEEDS,Makan & Minum Harian,Susu Formula Bayi & Anak,Kebutuhan Ibu & Anak
frisian flag primagro 3+ susu anak 4-6 tahun madu 2 kg,189000.0,NEEDS,Makan & Minum Harian,Susu Formula Bayi & Anak,Kebutuhan Ibu & Anak
morinaga chil-mil gold susu bubuk formula bayi 6-12 bulan 780 g,192000.0,NEEDS,Makan & Minum Harian,Susu Formula Bayi & Anak,Kebutuhan Ibu & Anak
healthyway 1+ susu bubuk pertumbuhan anak 1-3 tahun madu 700 g,57800.0,NEEDS,Makan & Minum Harian,Susu Formula Bayi & Anak,Kebutuhan Ibu & Anak
pediasure triplesure susu pertumbuhan anak cokelat 380 g,167900.0,NEEDS,Makan & Minum Harian,Susu Formula Bayi & Anak,Kebutuhan Ibu & Anak
nestle dancow fortigro susu bubuk cokelat 1000 g,107900.0,NEEDS,Makan & Minum Harian,Susu Formula Bayi & Anak,Kebutuhan Ibu & Anak
kodomo kids sabun mandi anak strawberry botol 200 ml,12500.0,NEEDS,Kebutuhan Rumah & Mandi,Perlengkapan Mandi & Perawatan Anak,Kebutuhan Ibu & Anak
zwitsal natural sampo bayi aloe vera botol 100 ml,18900.0,NEEDS,Kebutuhan Rumah & Mandi,Perlengkapan Mandi & Perawatan Anak,Kebutuhan Ibu & Anak
zwitsal kids sabun mandi & sampo anak soft & moisturizing pump 280 ml,33200.0,NEEDS,Kebutuhan Rumah & Mandi,Perlengkapan Mandi & Perawatan Anak,Kebutuhan Ibu & Anak
cap lang minyak telon lang plus 150 ml,54100.0,NEEDS,Kebutuhan Rumah & Mandi,Perlengkapan Mandi & Perawatan Anak,Kebutuhan Ibu & Anak
konicare minyak telon plus lavender 125 ml,57000.0,NEEDS,Kebutuhan Rumah & Mandi,Perlengkapan Mandi & Perawatan Anak,Kebutuhan Ibu & Anak
cussons baby mild & gentle krim bayi 50 g,15900.0,NEEDS,Kebutuhan Rumah & Mandi,Perlengkapan Mandi & Perawatan Anak,Kebutuhan Ibu & Anak
zwitsal sabun mandi & sampo bayi anti bakteri refill 400 ml,39300.0,NEEDS,Kebutuhan Rumah & Mandi,Perlengkapan Mandi & Perawatan Anak,Kebutuhan Ibu & Anak
zwitsal sabun mandi & sampo bayi anti bakteri pump 300 ml,30500.0,NEEDS,Kebutuhan Rumah & Mandi,Perlengkapan Mandi & Perawatan Anak,Kebutuhan Ibu & Anak
my baby minyak telon plus lavender 90 ml,24600.0,NEEDS,Kebutuhan Rumah & Mandi,Perlengkapan Mandi & Perawatan Anak,Kebutuhan Ibu & Anak
johnson's baby oil 50 ml,15300.0,NEEDS,Kebutuhan Rumah & Mandi,Perlengkapan Mandi & Perawatan Anak,Kebutuhan Ibu & Anak
zwitsal sabun mandi & sampo bayi anti bakteri botol 200 ml,19100.0,NEEDS,Kebutuhan Rumah & Mandi,Perlengkapan Mandi & Perawatan Anak,Kebutuhan Ibu & Anak
cussons baby soft & smooth krim bayi 50 g,19400.0,NEEDS,Kebutuhan Rumah & Mandi,Perlengkapan Mandi & Perawatan Anak,Kebutuhan Ibu & Anak
cussons baby deep moisture sampo & sabun mandi bayi refill 375 ml,29900.0,NEEDS,Kebutuhan Rumah & Mandi,Perlengkapan Mandi & Perawatan Anak,Kebutuhan Ibu & Anak
johnson's active kids sampo anak shiny drops botol 100 ml,18300.0,NEEDS,Kebutuhan Rumah & Mandi,Perlengkapan Mandi & Perawatan Anak,Kebutuhan Ibu & Anak
cussons baby sabun mandi bayi soft & smooth 375 ml,19900.0,NEEDS,Kebutuhan Rumah & Mandi,Perlengkapan Mandi & Perawatan Anak,Kebutuhan Ibu & Anak
bebio minyak telon plus ceramide bayi 60 ml,14900.0,NEEDS,Kebutuhan Rumah & Mandi,Perlengkapan Mandi & Perawatan Anak,Kebutuhan Ibu & Anak
cussons baby nourish & care krim tubuh & wajah bayi 50 g,15500.0,NEEDS,Kebutuhan Rumah & Mandi,Perlengkapan Mandi & Perawatan Anak,Kebutuhan Ibu & Anak
tresno joyo balsem telon 20 g,11800.0,NEEDS,Kebutuhan Rumah & Mandi,Perlengkapan Mandi & Perawatan Anak,Kebutuhan Ibu & Anak
my baby sampo & sabun mandi bayi nourish & smooth refill 375 ml,20900.0,NEEDS,Kebutuhan Rumah & Mandi,Perlengkapan Mandi & Perawatan Anak,Kebutuhan Ibu & Anak
my baby calm & relax sampo & sabun mandi bayi lavender & chamomile 375 ml,20900.0,NEEDS,Kebutuhan Rumah & Mandi,Perlengkapan Mandi & Perawatan Anak,Kebutuhan Ibu & Anak
my baby natural oil plus citronella 90 ml,13900.0,NEEDS,Kebutuhan Rumah & Mandi,Perlengkapan Mandi & Perawatan Anak,Kebutuhan Ibu & Anak
paseo tisu basah bayi purified water 50 s - beli 1 gratis 1,12900.0,NEEDS,Kebutuhan Rumah & Mandi,Perlengkapan Mandi & Perawatan Anak,Kebutuhan Ibu & Anak
konicare minyak telon plus lavender 60 ml,22900.0,NEEDS,Kebutuhan Rumah & Mandi,Perlengkapan Mandi & Perawatan Anak,Kebutuhan Ibu & Anak
my baby minyak telon plus eucalyptus + citronella 150 ml,39400.0,NEEDS,Kebutuhan Rumah & Mandi,Perlengkapan Mandi & Perawatan Anak,Kebutuhan Ibu & Anak
my baby minyak telon plus eucalyptus + citronella 90 ml,25100.0,NEEDS,Kebutuhan Rumah & Mandi,Perlengkapan Mandi & Perawatan Anak,Kebutuhan Ibu & Anak
cussons baby tisu basah bayi naturally refreshing 45 s - beli 1 gratis 2,14900.0,NEEDS,Kebutuhan Rumah & Mandi,Perlengkapan Mandi & Perawatan Anak,Kebutuhan Ibu & Anak
my baby kids pasta gigi anak stroberi 45 g,5000.0,NEEDS,Kebutuhan Rumah & Mandi,Perlengkapan Mandi & Perawatan Anak,Kebutuhan Ibu & Anak
cussons baby tisu basah bayi mild and gentle 45 s - beli 1 gratis 2,14900.0,NEEDS,Kebutuhan Rumah & Mandi,Perlengkapan Mandi & Perawatan Anak,Kebutuhan Ibu & Anak
alfamart cotton buds bayi premium 200 pcs,10900.0,NEEDS,Kebutuhan Rumah & Mandi,Perlengkapan Mandi & Perawatan Anak,Kebutuhan Ibu & Anak
my baby sabun mandi batang bayi sweet floral 75 g,4300.0,NEEDS,Kebutuhan Rumah & Mandi,Perlengkapan Mandi & Perawatan Anak,Kebutuhan Ibu & Anak
my baby minyak telon plus eucalyptus + citronella 60 ml,18200.0,NEEDS,Kebutuhan Rumah & Mandi,Perlengkapan Mandi & Perawatan Anak,Kebutuhan Ibu & Anak
cussons baby lotion rambut bayi kemiri & seledri 100 ml,20900.0,NEEDS,Kebutuhan Rumah & Mandi,Perlengkapan Mandi & Perawatan Anak,Kebutuhan Ibu & Anak
my baby minyak telon plus eucalyptus perlindungan lebih lama 60 ml,16000.0,NEEDS,Kebutuhan Rumah & Mandi,Perlengkapan Mandi & Perawatan Anak,Kebutuhan Ibu & Anak
my baby kids sampo & sabun mandi soft & nourish doraemon refill 200 ml,12900.0,NEEDS,Kebutuhan Rumah & Mandi,Perlengkapan Mandi & Perawatan Anak,Kebutuhan Ibu & Anak
pepsodent kids pasta gigi anak stroberi sweet 45 g,9400.0,NEEDS,Kebutuhan Rumah & Mandi,Perlengkapan Mandi & Perawatan Anak,Kebutuhan Ibu & Anak
my baby bedak bayi telon plus 90 + 23 g,8000.0,NEEDS,Kebutuhan Rumah & Mandi,Perlengkapan Mandi & Perawatan Anak,Kebutuhan Ibu & Anak
my baby sampo bayi hitam & berkilau botol 100 ml,11200.0,NEEDS,Kebutuhan Rumah & Mandi,Perlengkapan Mandi & Perawatan Anak,Kebutuhan Ibu & Anak
transpulmin baby balsam pereda hidung tersumbat & flu 5 g,29900.0,NEEDS,Kebutuhan Rumah & Mandi,Perlengkapan Mandi & Perawatan Anak,Kebutuhan Ibu & Anak
kodomo paket sikat gigi + pasta gigi anak stroberi mint 45 g,10900.0,NEEDS,Kebutuhan Rumah & Mandi,Perlengkapan Mandi & Perawatan Anak,Kebutuhan Ibu & Anak
kodomo pasta gigi anak stroberi 45 g,5800.0,NEEDS,Kebutuhan Rumah & Mandi,Perlengkapan Mandi & Perawatan Anak,Kebutuhan Ibu & Anak
kodomo kids sampo & kondisioner anak strawberry botol 200 ml,11900.0,NEEDS,Kebutuhan Rumah & Mandi,Perlengkapan Mandi & Perawatan Anak,Kebutuhan Ibu & Anak
zwitsal sabun mandi batang bayi aloe vera refill 70 g,4200.0,NEEDS,Kebutuhan Rumah & Mandi,Perlengkapan Mandi & Perawatan Anak,Kebutuhan Ibu & Anak
kodomo pasta gigi gel mixed berries 45 g,5800.0,NEEDS,Kebutuhan Rumah & Mandi,Perlengkapan Mandi & Perawatan Anak,Kebutuhan Ibu & Anak
johnson's cologne bayi summer swing 100 ml,30100.0,NEEDS,Kebutuhan Rumah & Mandi,Perlengkapan Mandi & Perawatan Anak,Kebutuhan Ibu & Anak
"zwitsal natural lotion rambut bayi aloe vera, kemiri & seledri 100 ml",23800.0,NEEDS,Kebutuhan Rumah & Mandi,Perlengkapan Mandi & Perawatan Anak,Kebutuhan Ibu & Anak
paseo baby tisu wajah bayi pure soft 130 s,20900.0,NEEDS,Kebutuhan Rumah & Mandi,Perlengkapan Mandi & Perawatan Anak,Kebutuhan Ibu & Anak
zwitsal sabun mandi & sampo bayi aloe vera refill 400 ml,39300.0,NEEDS,Kebutuhan Rumah & Mandi,Perlengkapan Mandi & Perawatan Anak,Kebutuhan Ibu & Anak
my baby lotion telon plus eucalyptus 50 g,14900.0,NEEDS,Kebutuhan Rumah & Mandi,Perlengkapan Mandi & Perawatan Anak,Kebutuhan Ibu & Anak
lactacyd baby sabun mandi & sampo bayi gentle care botol 60 ml,38900.0,NEEDS,Kebutuhan Rumah & Mandi,Perlengkapan Mandi & Perawatan Anak,Kebutuhan Ibu & Anak
my baby minyak telon plus eucalyptus perlindungan lebih lama 90 ml,22500.0,NEEDS,Kebutuhan Rumah & Mandi,Perlengkapan Mandi & Perawatan Anak,Kebutuhan Ibu & Anak
cussons baby minyak telon plus 150 ml,29500.0,NEEDS,Kebutuhan Rumah & Mandi,Perlengkapan Mandi & Perawatan Anak,Kebutuhan Ibu & Anak
my baby kids sampo & sabun mandi nourish & moisturizing doraemon 280 ml,19500.0,NEEDS,Kebutuhan Rumah & Mandi,Perlengkapan Mandi & Perawatan Anak,Kebutuhan Ibu & Anak
enzim pasta gigi anak stroberi 63 g,14500.0,NEEDS,Kebutuhan Rumah & Mandi,Perlengkapan Mandi & Perawatan Anak,Kebutuhan Ibu & Anak
johnson's baby sabun mandi & sampo bayi botol 200 ml,15900.0,NEEDS,Kebutuhan Rumah & Mandi,Perlengkapan Mandi & Perawatan Anak,Kebutuhan Ibu & Anak
my baby sampo & sabun mandi bayi nourish & smooth botol 200 ml,13500.0,NEEDS,Kebutuhan Rumah & Mandi,Perlengkapan Mandi & Perawatan Anak,Kebutuhan Ibu & Anak
my baby gift set paket perawatan bayi bag 4 pcs,23900.0,NEEDS,Kebutuhan Rumah & Mandi,Perlengkapan Mandi & Perawatan Anak,Kebutuhan Ibu & Anak
zwitsal natural sabun mandi bayi dengan minyak telon refill 400 ml,31300.0,NEEDS,Kebutuhan Rumah & Mandi,Perlengkapan Mandi & Perawatan Anak,Kebutuhan Ibu & Anak
tropee bebe minyak kemiri penumbuh rambut bayi & anak 100 ml,54900.0,NEEDS,Kebutuhan Rumah & Mandi,Perlengkapan Mandi & Perawatan Anak,Kebutuhan Ibu & Anak
cussons baby minyak telon plus 60 ml,13900.0,NEEDS,Kebutuhan Rumah & Mandi,Perlengkapan Mandi & Perawatan Anak,Kebutuhan Ibu & Anak
cap lang minyak telon lang 60 ml,26100.0,NEEDS,Kebutuhan Rumah & Mandi,Perlengkapan Mandi & Perawatan Anak,Kebutuhan Ibu & Anak
my baby sampo & sabun mandi bayi aloe vera & avocado botol 200 ml,16700.0,NEEDS,Kebutuhan Rumah & Mandi,Perlengkapan Mandi & Perawatan Anak,Kebutuhan Ibu & Anak
my baby kids sampo & kondisioner soft & shiny doraemon botol 180 ml,11900.0,NEEDS,Kebutuhan Rumah & Mandi,Perlengkapan Mandi & Perawatan Anak,Kebutuhan Ibu & Anak
my baby minyak telon plus lavender 150 ml,33500.0,NEEDS,Kebutuhan Rumah & Mandi,Perlengkapan Mandi & Perawatan Anak,Kebutuhan Ibu & Anak
kodomo kids sampo & kondisioner anak blueberry botol 200 ml,11900.0,NEEDS,Kebutuhan Rumah & Mandi,Perlengkapan Mandi & Perawatan Anak,Kebutuhan Ibu & Anak
zwitsal sabun mandi & sampo bayi aloe vera botol 200 ml,19100.0,NEEDS,Kebutuhan Rumah & Mandi,Perlengkapan Mandi & Perawatan Anak,Kebutuhan Ibu & Anak
my baby krim tubuh & wajah bayi calm & relax 50 g,13400.0,NEEDS,Kebutuhan Rumah & Mandi,Perlengkapan Mandi & Perawatan Anak,Kebutuhan Ibu & Anak
zwitsal sabun mandi & sampo bayi aloe vera pump 300 ml,30500.0,NEEDS,Kebutuhan Rumah & Mandi,Perlengkapan Mandi & Perawatan Anak,Kebutuhan Ibu & Anak
zwitsal krim bayi anti ruam popok tube 50 ml,25000.0,NEEDS,Kebutuhan Rumah & Mandi,Perlengkapan Mandi & Perawatan Anak,Kebutuhan Ibu & Anak
my baby kids sampo & kondisioner healthy & fresh doraemon botol 180 ml,11900.0,NEEDS,Kebutuhan Rumah & Mandi,Perlengkapan Mandi & Perawatan Anak,Kebutuhan Ibu & Anak
zwitsal kids sabun mandi & sampo anak natural nourishing care refill 250 ml,19800.0,NEEDS,Kebutuhan Rumah & Mandi,Perlengkapan Mandi & Perawatan Anak,Kebutuhan Ibu & Anak
pepsodent kids paket sikat gigi + pasta gigi anak stroberi 45 g,17400.0,NEEDS,Kebutuhan Rumah & Mandi,Perlengkapan Mandi & Perawatan Anak,Kebutuhan Ibu & Anak
alfamart cotton buds bayi botol 100 pcs,11900.0,NEEDS,Kebutuhan Rumah & Mandi,Perlengkapan Mandi & Perawatan Anak,Kebutuhan Ibu & Anak
johnson's cologne bayi happy berries 100 ml,30100.0,NEEDS,Kebutuhan Rumah & Mandi,Perlengkapan Mandi & Perawatan Anak,Kebutuhan Ibu & Anak
cap lang minyak telon lang plus 60 ml,25700.0,NEEDS,Kebutuhan Rumah & Mandi,Perlengkapan Mandi & Perawatan Anak,Kebutuhan Ibu & Anak
johnson's baby milk + rice sabun mandi & sampo bayi refill 400 ml,26900.0,NEEDS,Kebutuhan Rumah & Mandi,Perlengkapan Mandi & Perawatan Anak,Kebutuhan Ibu & Anak
my baby bedak bayi sweet floral 225 + 56 g,18900.0,NEEDS,Kebutuhan Rumah & Mandi,Perlengkapan Mandi & Perawatan Anak,Kebutuhan Ibu & Anak
my baby minyak telon pus lavender 60 ml,16500.0,NEEDS,Kebutuhan Rumah & Mandi,Perlengkapan Mandi & Perawatan Anak,Kebutuhan Ibu & Anak
zwitsal krim tubuh & wajah bayi chamomile & vitamin e 50 g,18300.0,NEEDS,Kebutuhan Rumah & Mandi,Perlengkapan Mandi & Perawatan Anak,Kebutuhan Ibu & Anak
cussons baby mild & gentle sabun mandi & sampo bayi refill 375 ml,19900.0,NEEDS,Kebutuhan Rumah & Mandi,Perlengkapan Mandi & Perawatan Anak,Kebutuhan Ibu & Anak
johnson's baby milk + rice lotion bayi 100 ml,21900.0,NEEDS,Kebutuhan Rumah & Mandi,Perlengkapan Mandi & Perawatan Anak,Kebutuhan Ibu & Anak
bellagio pomade anak sweetberry 40 g,15600.0,NEEDS,Kebutuhan Rumah & Mandi,Perlengkapan Mandi & Perawatan Anak,Kebutuhan Ibu & Anak
cap lang minyak telon lang 150 ml,53600.0,NEEDS,Kebutuhan Rumah & Mandi,Perlengkapan Mandi & Perawatan Anak,Kebutuhan Ibu & Anak
cussons cologne bayi cheerful smile 100 ml,19900.0,NEEDS,Kebutuhan Rumah & Mandi,Perlengkapan Mandi & Perawatan Anak,Kebutuhan Ibu & Anak
master kids superman cologne anak spray 100 ml,19800.0,NEEDS,Kebutuhan Rumah & Mandi,Perlengkapan Mandi & Perawatan Anak,Kebutuhan Ibu & Anak
tresno joyo minyak telon 100 ml,30700.0,NEEDS,Kebutuhan Rumah & Mandi,Perlengkapan Mandi & Perawatan Anak,Kebutuhan Ibu & Anak
zwitsal natural lotion rambut bayi minyak almond & vitamin e 100 ml,31000.0,NEEDS,Kebutuhan Rumah & Mandi,Perlengkapan Mandi & Perawatan Anak,Kebutuhan Ibu & Anak
my baby sampo & sabun mandi bayi aloe vera and avocado refill 375 ml,20900.0,NEEDS,Kebutuhan Rumah & Mandi,Perlengkapan Mandi & Perawatan Anak,Kebutuhan Ibu & Anak
mitu baby tisu basah bayi ganti popok charming lily 50 s - beli 1 gratis 1,12900.0,NEEDS,Kebutuhan Rumah & Mandi,Perlengkapan Mandi & Perawatan Anak,Kebutuhan Ibu & Anak
my baby krim tubuh & wajah bayi nourish & smooth 50 g,17900.0,NEEDS,Kebutuhan Rumah & Mandi,Perlengkapan Mandi & Perawatan Anak,Kebutuhan Ibu & Anak
my baby sampo & sabun mandi bayi aloe vera & avocado pump 300 ml,32200.0,NEEDS,Kebutuhan Rumah & Mandi,Perlengkapan Mandi & Perawatan Anak,Kebutuhan Ibu & Anak
my baby bedak bayi nourish & smooth 135 + 34 g,13200.0,NEEDS,Kebutuhan Rumah & Mandi,Perlengkapan Mandi & Perawatan Anak,Kebutuhan Ibu & Anak
oral-b stages 2 sikat gigi anak 2 - 4 tahun,9900.0,NEEDS,Kebutuhan Rumah & Mandi,Perlengkapan Mandi & Perawatan Anak,Kebutuhan Ibu & Anak
kodomo paket pasta gigi + sikat gigi anak zig-zag soft,11300.0,NEEDS,Kebutuhan Rumah & Mandi,Perlengkapan Mandi & Perawatan Anak,Kebutuhan Ibu & Anak
my baby tisu basah bayi anti bakteri natural 50 s - beli 1 gratis 1,17500.0,NEEDS,Kebutuhan Rumah & Mandi,Perlengkapan Mandi & Perawatan Anak,Kebutuhan Ibu & Anak
mitu baby tisu basah bayi antiseptik refreshing lime 50 s - beli 1 gratis 1,13900.0,NEEDS,Kebutuhan Rumah & Mandi,Perlengkapan Mandi & Perawatan Anak,Kebutuhan Ibu & Anak
my baby kids cologne tubuh & rambut anak lively fun 100 ml,11900.0,NEEDS,Kebutuhan Rumah & Mandi,Perlengkapan Mandi & Perawatan Anak,Kebutuhan Ibu & Anak
colgate kids minions pasta gigi anak bubble fruit 40 g,8100.0,NEEDS,Kebutuhan Rumah & Mandi,Perlengkapan Mandi & Perawatan Anak,Kebutuhan Ibu & Anak
mamypoko tisu basah bayi antiseptik non parfum 48 s - beli 1 gratis 1,14900.0,NEEDS,Kebutuhan Rumah & Mandi,Perlengkapan Mandi & Perawatan Anak,Kebutuhan Ibu & Anak
kodomo tisu basah bayi tangan & mulut oat & pure water 2 x 50 s,12500.0,NEEDS,Kebutuhan Rumah & Mandi,Perlengkapan Mandi & Perawatan Anak,Kebutuhan Ibu & Anak
kodomo tisu basah bayi aloe vera 2 x 50 s,11500.0,NEEDS,Kebutuhan Rumah & Mandi,Perlengkapan Mandi & Perawatan Anak,Kebutuhan Ibu & Anak
kodomo tisu basah bayi rice milk 2 x 50 s,11500.0,NEEDS,Kebutuhan Rumah & Mandi,Perlengkapan Mandi & Perawatan Anak,Kebutuhan Ibu & Anak
kodomo kids 2 in 1 sabun mandi + sampo anak pink bello berries 300 ml,21900.0,NEEDS,Kebutuhan Rumah & Mandi,Perlengkapan Mandi & Perawatan Anak,Kebutuhan Ibu & Anak
kodomo pasta gigi anak jeruk 45 g,8000.0,NEEDS,Kebutuhan Rumah & Mandi,Perlengkapan Mandi & Perawatan Anak,Kebutuhan Ibu & Anak
kodomo kids sampo & kondisioner anak cherry botol 200 ml,17900.0,NEEDS,Kebutuhan Rumah & Mandi,Perlengkapan Mandi & Perawatan Anak,Kebutuhan Ibu & Anak
kodomo kids sabun mandi anak blueberry botol 200 ml,9900.0,NEEDS,Kebutuhan Rumah & Mandi,Perlengkapan Mandi & Perawatan Anak,Kebutuhan Ibu & Anak
kodomo kids sabun mandi anak cherry botol 200 ml,9900.0,NEEDS,Kebutuhan Rumah & Mandi,Perlengkapan Mandi & Perawatan Anak,Kebutuhan Ibu & Anak
kodomo kids sampo & kondisioner anak strawberry botol 100 ml,6900.0,NEEDS,Kebutuhan Rumah & Mandi,Perlengkapan Mandi & Perawatan Anak,Kebutuhan Ibu & Anak
kodomo pasta gigi anak anggur 45 g,5500.0,NEEDS,Kebutuhan Rumah & Mandi,Perlengkapan Mandi & Perawatan Anak,Kebutuhan Ibu & Anak
kodomo pasta gigi anak melon 45 g,5500.0,NEEDS,Kebutuhan Rumah & Mandi,Perlengkapan Mandi & Perawatan Anak,Kebutuhan Ibu & Anak
zwitsal sabun mandi & sampo bayi milky honey pump 300 ml,27500.0,NEEDS,Kebutuhan Rumah & Mandi,Perlengkapan Mandi & Perawatan Anak,Kebutuhan Ibu & Anak
my baby sampo & sabun mandi bayi healthy & protect refill 375 ml,18500.0,NEEDS,Kebutuhan Rumah & Mandi,Perlengkapan Mandi & Perawatan Anak,Kebutuhan Ibu & Anak
zwitsal sabun mandi & sampo bayi milky honey refill 400 ml,25700.0,NEEDS,Kebutuhan Rumah & Mandi,Perlengkapan Mandi & Perawatan Anak,Kebutuhan Ibu & Anak
"zwitsal natural lotion rambut bayi aloe vera, kemiri & seledri 200 ml",31900.0,NEEDS,Kebutuhan Rumah & Mandi,Perlengkapan Mandi & Perawatan Anak,Kebutuhan Ibu & Anak
yunikon tisu basah bayi tangan & mulut 50 s - beli 1 gratis 1,10900.0,NEEDS,Kebutuhan Rumah & Mandi,Perlengkapan Mandi & Perawatan Anak,Kebutuhan Ibu & Anak
"zwitsal natural sampo bayi aloe vera, kemiri, seledri pump 300 ml",25900.0,NEEDS,Kebutuhan Rumah & Mandi,Perlengkapan Mandi & Perawatan Anak,Kebutuhan Ibu & Anak
cussons baby fresh & nourish tisu basah bayi berries 45 s - beli 1 gratis 2,16900.0,NEEDS,Kebutuhan Rumah & Mandi,Perlengkapan Mandi & Perawatan Anak,Kebutuhan Ibu & Anak
zwitsal lotion bayi citronella & chamomile tube 100 ml,19900.0,NEEDS,Kebutuhan Rumah & Mandi,Perlengkapan Mandi & Perawatan Anak,Kebutuhan Ibu & Anak
cussons kids cologne rambut & tubuh anak fruity berries 100 ml,10200.0,NEEDS,Kebutuhan Rumah & Mandi,Perlengkapan Mandi & Perawatan Anak,Kebutuhan Ibu & Anak
my baby minyak telon plus eucalyptus perlindungan lebih lama 150 ml,35500.0,NEEDS,Kebutuhan Rumah & Mandi,Perlengkapan Mandi & Perawatan Anak,Kebutuhan Ibu & Anak
mitu baby tisu basah bayi antiseptik refreshing lime 10 s,7500.0,NEEDS,Kebutuhan Rumah & Mandi,Perlengkapan Mandi & Perawatan Anak,Kebutuhan Ibu & Anak
formula paket pasta gigi + sikat gigi anak cheerful apple / orange breeze 45 g,7500.0,NEEDS,Kebutuhan Rumah & Mandi,Perlengkapan Mandi & Perawatan Anak,Kebutuhan Ibu & Anak
kodomo sikat gigi anak fleksibel assorted,11200.0,NEEDS,Kebutuhan Rumah & Mandi,Perlengkapan Mandi & Perawatan Anak,Kebutuhan Ibu & Anak
kodomo tisu basah bayi anti bakteri 2 x 50 s,12500.0,NEEDS,Kebutuhan Rumah & Mandi,Perlengkapan Mandi & Perawatan Anak,Kebutuhan Ibu & Anak
my baby kids cologne tubuh & rambut anak fresh active 100 ml,11900.0,NEEDS,Kebutuhan Rumah & Mandi,Perlengkapan Mandi & Perawatan Anak,Kebutuhan Ibu & Anak
mitu baby tisu basah bayi blooming cherry 50 s - beli 1 gratis 1,12900.0,NEEDS,Kebutuhan Rumah & Mandi,Perlengkapan Mandi & Perawatan Anak,Kebutuhan Ibu & Anak
mamypoko tisu basah bayi ganti popok x-tra air non parfum 50 s - beli 1 gratis 1,14900.0,NEEDS,Kebutuhan Rumah & Mandi,Perlengkapan Mandi & Perawatan Anak,Kebutuhan Ibu & Anak
kodomo baby sabun mandi & sampo bayi aloe vera & wheat germ oil refill 450 ml,19900.0,NEEDS,Kebutuhan Rumah & Mandi,Perlengkapan Mandi & Perawatan Anak,Kebutuhan Ibu & Anak
johnson's cologne bayi slide 100 ml,30100.0,NEEDS,Kebutuhan Rumah & Mandi,Perlengkapan Mandi & Perawatan Anak,Kebutuhan Ibu & Anak
formula paket pasta gigi + sikat gigi anak bubblegum 45 g,12600.0,NEEDS,Kebutuhan Rumah & Mandi,Perlengkapan Mandi & Perawatan Anak,Kebutuhan Ibu & Anak
johnson's baby milk + rice sabun mandi & sampo bayi botol 200 ml,26800.0,NEEDS,Kebutuhan Rumah & Mandi,Perlengkapan Mandi & Perawatan Anak,Kebutuhan Ibu & Anak
yunikon tisu basah bayi tangan & mulut peach blossom 40 s - beli 1 gratis 1,11500.0,NEEDS,Kebutuhan Rumah & Mandi,Perlengkapan Mandi & Perawatan Anak,Kebutuhan Ibu & Anak
cussons kids cologne rambut & tubuh anak strawberry smoothie 100 ml,14900.0,NEEDS,Kebutuhan Rumah & Mandi,Perlengkapan Mandi & Perawatan Anak,Kebutuhan Ibu & Anak
johnson's lotion bayi 100 ml,20900.0,NEEDS,Kebutuhan Rumah & Mandi,Perlengkapan Mandi & Perawatan Anak,Kebutuhan Ibu & Anak
cussons baby oil soft & smooth 35 + 15 ml,13500.0,NEEDS,Kebutuhan Rumah & Mandi,Perlengkapan Mandi & Perawatan Anak,Kebutuhan Ibu & Anak
cussons baby bedak bayi fresh & nourish 100 + 30 g,11100.0,NEEDS,Kebutuhan Rumah & Mandi,Perlengkapan Mandi & Perawatan Anak,Kebutuhan Ibu & Anak
yunikon tisu basah bayi antibakteri dreamy clouds 40 s - beli 1 gratis 1,10900.0,NEEDS,Kebutuhan Rumah & Mandi,Perlengkapan Mandi & Perawatan Anak,Kebutuhan Ibu & Anak
cussons baby lotion rambut bayi /anak kemiri & seledri 35 + 15 ml,15200.0,NEEDS,Kebutuhan Rumah & Mandi,Perlengkapan Mandi & Perawatan Anak,Kebutuhan Ibu & Anak
my baby lotion rambut bayi black & shine 100 ml,23900.0,NEEDS,Kebutuhan Rumah & Mandi,Perlengkapan Mandi & Perawatan Anak,Kebutuhan Ibu & Anak
mitu baby tisu basah bayi ganti popok playful fressia 50 s - beli 1 gratis 1,12900.0,NEEDS,Kebutuhan Rumah & Mandi,Perlengkapan Mandi & Perawatan Anak,Kebutuhan Ibu & Anak
my baby kids cologne tubuh & rambut anak sweet blossom 100 ml,11900.0,NEEDS,Kebutuhan Rumah & Mandi,Perlengkapan Mandi & Perawatan Anak,Kebutuhan Ibu & Anak
my baby kids sabun mandi soft & smooth doraemon botol 180 ml,16200.0,NEEDS,Kebutuhan Rumah & Mandi,Perlengkapan Mandi & Perawatan Anak,Kebutuhan Ibu & Anak
cessa baby fedrop minyak aromaterapi penurun demam roll on 8 ml,31000.0,NEEDS,Kebutuhan Rumah & Mandi,Perlengkapan Mandi & Perawatan Anak,Kebutuhan Ibu & Anak
cussons baby paket perawatan bayi newborn premium box 6 pcs,112500.0,NEEDS,Kebutuhan Rumah & Mandi,Perlengkapan Mandi & Perawatan Anak,Kebutuhan Ibu & Anak
cussons baby newborn sabun mandi & sampo bayi botol 200 ml,21900.0,NEEDS,Kebutuhan Rumah & Mandi,Perlengkapan Mandi & Perawatan Anak,Kebutuhan Ibu & Anak
cussons baby newborn sabun mandi & sampo bayi refill 400 ml,30900.0,NEEDS,Kebutuhan Rumah & Mandi,Perlengkapan Mandi & Perawatan Anak,Kebutuhan Ibu & Anak
cetaphil baby sabun mandi & sampo bayi botol 230 ml,66000.0,NEEDS,Kebutuhan Rumah & Mandi,Perlengkapan Mandi & Perawatan Anak,Kebutuhan Ibu & Anak
cetaphil baby lotion bayi calendula organik 400 ml,154900.0,NEEDS,Kebutuhan Rumah & Mandi,Perlengkapan Mandi & Perawatan Anak,Kebutuhan Ibu & Anak
cetaphil baby sabun mandi & sampo bayi organic calendula pump 400 ml,127900.0,NEEDS,Kebutuhan Rumah & Mandi,Perlengkapan Mandi & Perawatan Anak,Kebutuhan Ibu & Anak
tropee bebe lotion rambut anak winter sky cool spray 100 ml,39900.0,NEEDS,Kebutuhan Rumah & Mandi,Perlengkapan Mandi & Perawatan Anak,Kebutuhan Ibu & Anak
tropee bebe x pinkfong pasta gigi anak strawberry 60 g,39900.0,NEEDS,Kebutuhan Rumah & Mandi,Perlengkapan Mandi & Perawatan Anak,Kebutuhan Ibu & Anak
tropee bebe x pinkfong pasta gigi anak banana 60 g,39900.0,NEEDS,Kebutuhan Rumah & Mandi,Perlengkapan Mandi & Perawatan Anak,Kebutuhan Ibu & Anak
cessa baby lenire natural minyak aromaterapi bayi meredakan perut kembung 8 ml,31000.0,NEEDS,Kebutuhan Rumah & Mandi,Perlengkapan Mandi & Perawatan Anak,Kebutuhan Ibu & Anak
cessa baby bofit natural minyak aromaterapi bayi menyegarkan tubuh 8 ml,31000.0,NEEDS,Kebutuhan Rumah & Mandi,Perlengkapan Mandi & Perawatan Anak,Kebutuhan Ibu & Anak
cessa baby itch away natural minyak aromaterapi bayi anti nyamuk 8 ml,31000.0,NEEDS,Kebutuhan Rumah & Mandi,Perlengkapan Mandi & Perawatan Anak,Kebutuhan Ibu & Anak
cussons baby mild & gentle sampo & sabun mandi cair bayi 600 ml,33700.0,NEEDS,Kebutuhan Rumah & Mandi,Perlengkapan Mandi & Perawatan Anak,Kebutuhan Ibu & Anak
moell moist skin everytime lotion bayi 185 g,65000.0,NEEDS,Kebutuhan Rumah & Mandi,Perlengkapan Mandi & Perawatan Anak,Kebutuhan Ibu & Anak
moell bubbles bubbles everywhere sabun mandi bayi 185 g,60000.0,NEEDS,Kebutuhan Rumah & Mandi,Perlengkapan Mandi & Perawatan Anak,Kebutuhan Ibu & Anak
moell nourish hair everyday lotion rambut bayi 100 ml,65000.0,NEEDS,Kebutuhan Rumah & Mandi,Perlengkapan Mandi & Perawatan Anak,Kebutuhan Ibu & Anak
moell healthy glow barrier krim wajah bayi 40 g,70000.0,NEEDS,Kebutuhan Rumah & Mandi,Perlengkapan Mandi & Perawatan Anak,Kebutuhan Ibu & Anak
moell bubbles bubbles everywhere sampo bayi 185 g,65000.0,NEEDS,Kebutuhan Rumah & Mandi,Perlengkapan Mandi & Perawatan Anak,Kebutuhan Ibu & Anak
moell you are my sunshine sunscreen wajah & tubuh bayi spf 50 30 g,70000.0,NEEDS,Kebutuhan Rumah & Mandi,Perlengkapan Mandi & Perawatan Anak,Kebutuhan Ibu & Anak
motherlove cool comfort 2 in 1 minyak aromaterapi bayi organik 10 ml,59900.0,NEEDS,Kebutuhan Rumah & Mandi,Perlengkapan Mandi & Perawatan Anak,Kebutuhan Ibu & Anak
motherlove eazy baby oil 2 in 1 minyak aromaterapi bayi organik 10 ml,59900.0,NEEDS,Kebutuhan Rumah & Mandi,Perlengkapan Mandi & Perawatan Anak,Kebutuhan Ibu & Anak
tropee bebe lotion bayi & anak untuk kulit sensitif 150 ml,51900.0,NEEDS,Kebutuhan Rumah & Mandi,Perlengkapan Mandi & Perawatan Anak,Kebutuhan Ibu & Anak
cussons baby deep moisture sabun mandi & sampo bayi 600 ml,34500.0,NEEDS,Kebutuhan Rumah & Mandi,Perlengkapan Mandi & Perawatan Anak,Kebutuhan Ibu & Anak
cessa 4 in 1 lotion tubuh & wajah bayi 150 ml,42900.0,NEEDS,Kebutuhan Rumah & Mandi,Perlengkapan Mandi & Perawatan Anak,Kebutuhan Ibu & Anak
cessa sabun & sampo bayi refill 750 ml,69900.0,NEEDS,Kebutuhan Rumah & Mandi,Perlengkapan Mandi & Perawatan Anak,Kebutuhan Ibu & Anak
zwitsal natural minyak telon 100 ml,34700.0,NEEDS,Kebutuhan Rumah & Mandi,Perlengkapan Mandi & Perawatan Anak,Kebutuhan Ibu & Anak
mitu baby fresh & clean sampo & sabun mandi bayi 2 in 1 honey & milk refill 400 ml,29500.0,NEEDS,Kebutuhan Rumah & Mandi,Perlengkapan Mandi & Perawatan Anak,Kebutuhan Ibu & Anak
zwitsal natural paket perawatan bayi mini travel pack 3 pcs,24900.0,NEEDS,Kebutuhan Rumah & Mandi,Perlengkapan Mandi & Perawatan Anak,Kebutuhan Ibu & Anak
pure kids minyak aromaterapi pelega hidung tersumbat 10 ml,47900.0,NEEDS,Kebutuhan Rumah & Mandi,Perlengkapan Mandi & Perawatan Anak,Kebutuhan Ibu & Anak
pure kids minyak aromaterapi pelega hidung tersumbat lemon 10 ml,44900.0,NEEDS,Kebutuhan Rumah & Mandi,Perlengkapan Mandi & Perawatan Anak,Kebutuhan Ibu & Anak
pure kids minyak aromaterapi pelega hidung tersumbat geranium 10 ml,47900.0,NEEDS,Kebutuhan Rumah & Mandi,Perlengkapan Mandi & Perawatan Anak,Kebutuhan Ibu & Anak
dee-dee sampo anak grape pump 250 ml,17500.0,NEEDS,Kebutuhan Rumah & Mandi,Perlengkapan Mandi & Perawatan Anak,Kebutuhan Ibu & Anak
dee-dee sampo anak apple refill 200 ml,9000.0,NEEDS,Kebutuhan Rumah & Mandi,Perlengkapan Mandi & Perawatan Anak,Kebutuhan Ibu & Anak
dee-dee pasta gigi anak anggur 50 g,5700.0,NEEDS,Kebutuhan Rumah & Mandi,Perlengkapan Mandi & Perawatan Anak,Kebutuhan Ibu & Anak
dee-dee pasta gigi anak jeruk 50 g,5700.0,NEEDS,Kebutuhan Rumah & Mandi,Perlengkapan Mandi & Perawatan Anak,Kebutuhan Ibu & Anak
dee-dee pasta gigi anak stroberi 50 g,5700.0,NEEDS,Kebutuhan Rumah & Mandi,Perlengkapan Mandi & Perawatan Anak,Kebutuhan Ibu & Anak
pure baby happy time sampo & sabun mandi bayi pump 350 ml,37500.0,NEEDS,Kebutuhan Rumah & Mandi,Perlengkapan Mandi & Perawatan Anak,Kebutuhan Ibu & Anak
pure baby happy time sampo & sabun mandi bayi refill 350 ml,32900.0,NEEDS,Kebutuhan Rumah & Mandi,Perlengkapan Mandi & Perawatan Anak,Kebutuhan Ibu & Anak
pure baby krim bayi anti ruam popok 50 ml,31000.0,NEEDS,Kebutuhan Rumah & Mandi,Perlengkapan Mandi & Perawatan Anak,Kebutuhan Ibu & Anak
darlie bunny kids pasta gigi anak apel 40 g,13900.0,NEEDS,Kebutuhan Rumah & Mandi,Perlengkapan Mandi & Perawatan Anak,Kebutuhan Ibu & Anak
darlie bunny kids pasta gigi anak strawberry 40 g,13900.0,NEEDS,Kebutuhan Rumah & Mandi,Perlengkapan Mandi & Perawatan Anak,Kebutuhan Ibu & Anak
sudocrem krim bayi anti ruam popok 125 g,109900.0,NEEDS,Kebutuhan Rumah & Mandi,Perlengkapan Mandi & Perawatan Anak,Kebutuhan Ibu & Anak
sleek baby sabun mandi & sampo botol 250 ml,21900.0,NEEDS,Kebutuhan Rumah & Mandi,Perlengkapan Mandi & Perawatan Anak,Kebutuhan Ibu & Anak
jordan step 1 pasta gigi bayi / anak 0 - 5 tahun mild strawberry 75 g,35000.0,NEEDS,Kebutuhan Rumah & Mandi,Perlengkapan Mandi & Perawatan Anak,Kebutuhan Ibu & Anak
zwitsal natural sabun mandi bayi dengan minyak telon refill 250 ml,27900.0,NEEDS,Kebutuhan Rumah & Mandi,Perlengkapan Mandi & Perawatan Anak,Kebutuhan Ibu & Anak
enzim pasta gigi anak mixdent 93 g,16000.0,NEEDS,Kebutuhan Rumah & Mandi,Perlengkapan Mandi & Perawatan Anak,Kebutuhan Ibu & Anak
cussons baby krim bayi anti ruam popok 50 g,19000.0,NEEDS,Kebutuhan Rumah & Mandi,Perlengkapan Mandi & Perawatan Anak,Kebutuhan Ibu & Anak
cussons baby moscare lotion bayi anti nyamuk tube 100 g,28700.0,NEEDS,Kebutuhan Rumah & Mandi,Perlengkapan Mandi & Perawatan Anak,Kebutuhan Ibu & Anak
momami serum rambut bayi & anak sweet 100 ml,49900.0,NEEDS,Kebutuhan Rumah & Mandi,Perlengkapan Mandi & Perawatan Anak,Kebutuhan Ibu & Anak
master kids batman cologne anak spray 80 + 20 ml,11900.0,NEEDS,Kebutuhan Rumah & Mandi,Perlengkapan Mandi & Perawatan Anak,Kebutuhan Ibu & Anak
master kids ben10 cologne anak spray 80 + 20 ml,11900.0,NEEDS,Kebutuhan Rumah & Mandi,Perlengkapan Mandi & Perawatan Anak,Kebutuhan Ibu & Anak
master kids sampo & kondisioner anak spider-man 120 + 30 ml,12900.0,NEEDS,Kebutuhan Rumah & Mandi,Perlengkapan Mandi & Perawatan Anak,Kebutuhan Ibu & Anak
tropee bebe sampo kemiri penyubur rambut bayi & anak pump 100 ml,69900.0,NEEDS,Kebutuhan Rumah & Mandi,Perlengkapan Mandi & Perawatan Anak,Kebutuhan Ibu & Anak
kodomo pasta gigi anak stroberi 80 g,8500.0,NEEDS,Kebutuhan Rumah & Mandi,Perlengkapan Mandi & Perawatan Anak,Kebutuhan Ibu & Anak
johnson's paket perawatan bayi box 6 pcs,107900.0,NEEDS,Kebutuhan Rumah & Mandi,Perlengkapan Mandi & Perawatan Anak,Kebutuhan Ibu & Anak
johnson's paket perawatan bayi essential box 4 pcs,59900.0,NEEDS,Kebutuhan Rumah & Mandi,Perlengkapan Mandi & Perawatan Anak,Kebutuhan Ibu & Anak
baby huki minyak telon 125 ml,37900.0,NEEDS,Kebutuhan Rumah & Mandi,Perlengkapan Mandi & Perawatan Anak,Kebutuhan Ibu & Anak
jordan step 1 sikat gigi bayi / anak 0 - 2 tahun ekstra soft twinpack assorted,39900.0,NEEDS,Kebutuhan Rumah & Mandi,Perlengkapan Mandi & Perawatan Anak,Kebutuhan Ibu & Anak
jordan step 1 pasta gigi bayi / anak 0 - 5 tahun lychee 75 g,35000.0,NEEDS,Kebutuhan Rumah & Mandi,Perlengkapan Mandi & Perawatan Anak,Kebutuhan Ibu & Anak
gently baby calming krim bayi 50 g,74900.0,NEEDS,Kebutuhan Rumah & Mandi,Perlengkapan Mandi & Perawatan Anak,Kebutuhan Ibu & Anak
gently baby sabun mandi & sampo bayi ultra soft tanpa sls pump 250 ml,50900.0,NEEDS,Kebutuhan Rumah & Mandi,Perlengkapan Mandi & Perawatan Anak,Kebutuhan Ibu & Anak
momami tisu basah bayi melon 30 s,20900.0,NEEDS,Kebutuhan Rumah & Mandi,Perlengkapan Mandi & Perawatan Anak,Kebutuhan Ibu & Anak
momami tisu basah bayi anti bakteri baby fresh 30 s,14900.0,NEEDS,Kebutuhan Rumah & Mandi,Perlengkapan Mandi & Perawatan Anak,Kebutuhan Ibu & Anak
loluna sabun mandi & sampo bayi tube 100 ml,21900.0,NEEDS,Kebutuhan Rumah & Mandi,Perlengkapan Mandi & Perawatan Anak,Kebutuhan Ibu & Anak
loluna sabun mandi & sampo bayi pump 300 ml,44900.0,NEEDS,Kebutuhan Rumah & Mandi,Perlengkapan Mandi & Perawatan Anak,Kebutuhan Ibu & Anak
loluna lotion tubuh & wajah bayi 80 ml,31900.0,NEEDS,Kebutuhan Rumah & Mandi,Perlengkapan Mandi & Perawatan Anak,Kebutuhan Ibu & Anak
loluna lotion rambut bayi 100 ml,31900.0,NEEDS,Kebutuhan Rumah & Mandi,Perlengkapan Mandi & Perawatan Anak,Kebutuhan Ibu & Anak
pure kids deodoran anak sporty grapefruit 50 ml,37900.0,NEEDS,Kebutuhan Rumah & Mandi,Perlengkapan Mandi & Perawatan Anak,Kebutuhan Ibu & Anak
pure kids deodoran anak happy melon 50 ml,37900.0,NEEDS,Kebutuhan Rumah & Mandi,Perlengkapan Mandi & Perawatan Anak,Kebutuhan Ibu & Anak
pigeon paket perawatan bayi box 7 pcs,162900.0,NEEDS,Kebutuhan Rumah & Mandi,Perlengkapan Mandi & Perawatan Anak,Kebutuhan Ibu & Anak
pigeon teens deodoran serum anak lightening 30 ml,29900.0,NEEDS,Kebutuhan Rumah & Mandi,Perlengkapan Mandi & Perawatan Anak,Kebutuhan Ibu & Anak
caladine baby bedak cair bayi untuk gatal & iritasi 100 g,44900.0,NEEDS,Kebutuhan Rumah & Mandi,Perlengkapan Mandi & Perawatan Anak,Kebutuhan Ibu & Anak
expert care krim telon bayi calming rub anti perut kembung 50 g,91700.0,NEEDS,Kebutuhan Rumah & Mandi,Perlengkapan Mandi & Perawatan Anak,Kebutuhan Ibu & Anak
expert care calming rub krim bayi anti perut kembung lavender 50 g,91700.0,NEEDS,Kebutuhan Rumah & Mandi,Perlengkapan Mandi & Perawatan Anak,Kebutuhan Ibu & Anak
loluna lotion tubuh & wajah bayi 200 ml,67900.0,NEEDS,Kebutuhan Rumah & Mandi,Perlengkapan Mandi & Perawatan Anak,Kebutuhan Ibu & Anak
tropee bebe lotion rambut anak fresh spray 100 ml,49900.0,NEEDS,Kebutuhan Rumah & Mandi,Perlengkapan Mandi & Perawatan Anak,Kebutuhan Ibu & Anak
tropee bebe minyak telon bayi aromatik + minyak zaitun lavender 100 ml,42900.0,NEEDS,Kebutuhan Rumah & Mandi,Perlengkapan Mandi & Perawatan Anak,Kebutuhan Ibu & Anak
tropee bebe minyak telon bayi aromatik + minyak zaitun lavender roll on 30 ml,37000.0,NEEDS,Kebutuhan Rumah & Mandi,Perlengkapan Mandi & Perawatan Anak,Kebutuhan Ibu & Anak
baby-dee sabun mandi & sampo bayi natural honey & chamomile 600 ml,37900.0,NEEDS,Kebutuhan Rumah & Mandi,Perlengkapan Mandi & Perawatan Anak,Kebutuhan Ibu & Anak
baby-dee sabun mandi & sampo bayi natural milk & lavender 600 ml,37900.0,NEEDS,Kebutuhan Rumah & Mandi,Perlengkapan Mandi & Perawatan Anak,Kebutuhan Ibu & Anak
azarine kids fun in the sun sunscreen wajah & tubuh bayi spf 40 40 ml,54900.0,NEEDS,Kebutuhan Rumah & Mandi,Perlengkapan Mandi & Perawatan Anak,Kebutuhan Ibu & Anak
yunikon sabun mandi & sampo bayi soft scent refill 400 ml,18500.0,NEEDS,Kebutuhan Rumah & Mandi,Perlengkapan Mandi & Perawatan Anak,Kebutuhan Ibu & Anak
loluna baby calming krim penghangat & pereda kolik bayi 40 ml,41900.0,NEEDS,Kebutuhan Rumah & Mandi,Perlengkapan Mandi & Perawatan Anak,Kebutuhan Ibu & Anak
nubiko krim bayi bekas luka 50 g,84900.0,NEEDS,Kebutuhan Rumah & Mandi,Perlengkapan Mandi & Perawatan Anak,Kebutuhan Ibu & Anak
nubiko essential soothe moisturizer wajah bayi 14.5 g,64900.0,NEEDS,Kebutuhan Rumah & Mandi,Perlengkapan Mandi & Perawatan Anak,Kebutuhan Ibu & Anak
gently baby hydra soft lotion bayi 50 g,24900.0,NEEDS,Kebutuhan Rumah & Mandi,Perlengkapan Mandi & Perawatan Anak,Kebutuhan Ibu & Anak
gently baby cologne bayi soft powdery 100 ml,30900.0,NEEDS,Kebutuhan Rumah & Mandi,Perlengkapan Mandi & Perawatan Anak,Kebutuhan Ibu & Anak
motherlove 3 in 1 lotion rambut bayi cotton clouds 100 ml,64900.0,NEEDS,Kebutuhan Rumah & Mandi,Perlengkapan Mandi & Perawatan Anak,Kebutuhan Ibu & Anak
motherlove 3 in 1 lotion rambut bayi gentle petals 100 ml,64900.0,NEEDS,Kebutuhan Rumah & Mandi,Perlengkapan Mandi & Perawatan Anak,Kebutuhan Ibu & Anak
tropee bebe sabun mandi bayi & anak chamomile pump 250 ml,54900.0,NEEDS,Kebutuhan Rumah & Mandi,Perlengkapan Mandi & Perawatan Anak,Kebutuhan Ibu & Anak
tropee bebe sabun mandi bayi & anak almond pump 250 ml,54900.0,NEEDS,Kebutuhan Rumah & Mandi,Perlengkapan Mandi & Perawatan Anak,Kebutuhan Ibu & Anak
zwitsal sabun mandi & sampo bayi anti bakteri 600 ml,42900.0,NEEDS,Kebutuhan Rumah & Mandi,Perlengkapan Mandi & Perawatan Anak,Kebutuhan Ibu & Anak
zwitsal sabun mandi & sampo bayi milky honey 600 ml,42900.0,NEEDS,Kebutuhan Rumah & Mandi,Perlengkapan Mandi & Perawatan Anak,Kebutuhan Ibu & Anak
birth beyond lotion bayi anti nyamuk 100 ml,33600.0,NEEDS,Kebutuhan Rumah & Mandi,Perlengkapan Mandi & Perawatan Anak,Kebutuhan Ibu & Anak
birth beyond cologne bayi happy day 100 ml,27900.0,NEEDS,Kebutuhan Rumah & Mandi,Perlengkapan Mandi & Perawatan Anak,Kebutuhan Ibu & Anak
alfamart disney tisu basah bayi 20 s,6900.0,NEEDS,Kebutuhan Rumah & Mandi,Perlengkapan Mandi & Perawatan Anak,Kebutuhan Ibu & Anak
cussons baby cuddle calm krim tubuh & wajah bayi 50 g,23200.0,NEEDS,Kebutuhan Rumah & Mandi,Perlengkapan Mandi & Perawatan Anak,Kebutuhan Ibu & Anak
my baby kids minyak kayu putih plus 60 ml,11400.0,NEEDS,Kebutuhan Rumah & Mandi,Perlengkapan Mandi & Perawatan Anak,Kebutuhan Ibu & Anak
doremi cologne anak boboiboy glacier 100 ml,20900.0,NEEDS,Kebutuhan Rumah & Mandi,Perlengkapan Mandi & Perawatan Anak,Kebutuhan Ibu & Anak
colgate kids minions sikat gigi anak ultra soft usia 5-9 tahun,13400.0,NEEDS,Kebutuhan Rumah & Mandi,Perlengkapan Mandi & Perawatan Anak,Kebutuhan Ibu & Anak
kodomo kids 2 in 1 sabun + sampo mandi anak tropical fruits 300 ml,21900.0,NEEDS,Kebutuhan Rumah & Mandi,Perlengkapan Mandi & Perawatan Anak,Kebutuhan Ibu & Anak
kodomo kids sabun mandi anak orange botol 200 ml,18100.0,NEEDS,Kebutuhan Rumah & Mandi,Perlengkapan Mandi & Perawatan Anak,Kebutuhan Ibu & Anak
kodomo baby sabun & sampo bayi aloe vera & calendula pouch 450 ml,19900.0,NEEDS,Kebutuhan Rumah & Mandi,Perlengkapan Mandi & Perawatan Anak,Kebutuhan Ibu & Anak
kodomo baby sabun mandi & sampo bayi anti bakteri pump 400 ml,24900.0,NEEDS,Kebutuhan Rumah & Mandi,Perlengkapan Mandi & Perawatan Anak,Kebutuhan Ibu & Anak
doremi sabun mandi & sampo anak boboiboy refill 200 ml,17900.0,NEEDS,Kebutuhan Rumah & Mandi,Perlengkapan Mandi & Perawatan Anak,Kebutuhan Ibu & Anak
mamypoko tisu basah bayi ganti popok x-tra air parfum 50 s - beli 1 gratis 1,14900.0,NEEDS,Kebutuhan Rumah & Mandi,Perlengkapan Mandi & Perawatan Anak,Kebutuhan Ibu & Anak
gently baby physical serum sunscreen bayi spf 50 30 g,56900.0,NEEDS,Kebutuhan Rumah & Mandi,Perlengkapan Mandi & Perawatan Anak,Kebutuhan Ibu & Anak
gently essential pasta gigi anak strawberry 50 g,27900.0,NEEDS,Kebutuhan Rumah & Mandi,Perlengkapan Mandi & Perawatan Anak,Kebutuhan Ibu & Anak
nubiko lotion rambut bayi argan & candlenut oil 100 ml,40900.0,NEEDS,Kebutuhan Rumah & Mandi,Perlengkapan Mandi & Perawatan Anak,Kebutuhan Ibu & Anak
yunikon sabun mandi & sampo bayi fresh scent refill 400 ml,18500.0,NEEDS,Kebutuhan Rumah & Mandi,Perlengkapan Mandi & Perawatan Anak,Kebutuhan Ibu & Anak
yunikon sabun mandi & sampo bayi cute scent refill 400 ml,18500.0,NEEDS,Kebutuhan Rumah & Mandi,Perlengkapan Mandi & Perawatan Anak,Kebutuhan Ibu & Anak
gently baby cologne bayi sweet drops 100 ml,25500.0,NEEDS,Kebutuhan Rumah & Mandi,Perlengkapan Mandi & Perawatan Anak,Kebutuhan Ibu & Anak
gently baby lotion rambut bayi smooth keratin 100 ml,38900.0,NEEDS,Kebutuhan Rumah & Mandi,Perlengkapan Mandi & Perawatan Anak,Kebutuhan Ibu & Anak
eskulin kids sunscreen wajah & tubuh bayi stitch spf 50 45 g,59900.0,NEEDS,Kebutuhan Rumah & Mandi,Perlengkapan Mandi & Perawatan Anak,Kebutuhan Ibu & Anak
gently baby balm bayi serbaguna 12 g,39900.0,NEEDS,Kebutuhan Rumah & Mandi,Perlengkapan Mandi & Perawatan Anak,Kebutuhan Ibu & Anak
gently baby krim wajah bayi advanced 5 in 1 30 g,59900.0,NEEDS,Kebutuhan Rumah & Mandi,Perlengkapan Mandi & Perawatan Anak,Kebutuhan Ibu & Anak
sakumini tisu basah bayi mini 6 x 7 s,21900.0,NEEDS,Kebutuhan Rumah & Mandi,Perlengkapan Mandi & Perawatan Anak,Kebutuhan Ibu & Anak
char mi cotton buds spiral refill 32 pcs,30500.0,NEEDS,Kebutuhan Rumah & Mandi,Perlengkapan Mandi & Perawatan Anak,Kebutuhan Ibu & Anak
johnson's baby sabun mandi & sampo bayi pump 500 ml,47900.0,NEEDS,Kebutuhan Rumah & Mandi,Perlengkapan Mandi & Perawatan Anak,Kebutuhan Ibu & Anak
johnson's baby milk + rice sabun mandi & sampo bayi pump 500 ml,52900.0,NEEDS,Kebutuhan Rumah & Mandi,Perlengkapan Mandi & Perawatan Anak,Kebutuhan Ibu & Anak
johnson's cottontouch sabun mandi bayi pump 500 ml,59900.0,NEEDS,Kebutuhan Rumah & Mandi,Perlengkapan Mandi & Perawatan Anak,Kebutuhan Ibu & Anak
konicare natural sabun mandi & sampo bayi pump 300 ml,27000.0,NEEDS,Kebutuhan Rumah & Mandi,Perlengkapan Mandi & Perawatan Anak,Kebutuhan Ibu & Anak
zwitsal kids sabun mandi & sampo anak natural nourishing care pump 280 ml,25300.0,NEEDS,Kebutuhan Rumah & Mandi,Perlengkapan Mandi & Perawatan Anak,Kebutuhan Ibu & Anak
johnson's baby milk + rice lotion bayi 500 ml,84500.0,NEEDS,Kebutuhan Rumah & Mandi,Perlengkapan Mandi & Perawatan Anak,Kebutuhan Ibu & Anak
dee-dee sampo anak grape refill 200 ml,11900.0,NEEDS,Kebutuhan Rumah & Mandi,Perlengkapan Mandi & Perawatan Anak,Kebutuhan Ibu & Anak
konicare bedak biang keringat anak 80 + 20 g,15000.0,NEEDS,Kebutuhan Rumah & Mandi,Perlengkapan Mandi & Perawatan Anak,Kebutuhan Ibu & Anak
diapro value perlak sekali pakai bayi 20 pcs,45900.0,NEEDS,Kebutuhan Rumah & Mandi,Perlengkapan Mandi & Perawatan Anak,Kebutuhan Ibu & Anak
jordan step 1 sikat gigi bayi / anak 0 - 2 tahun ekstra soft assorted,27900.0,NEEDS,Kebutuhan Rumah & Mandi,Perlengkapan Mandi & Perawatan Anak,Kebutuhan Ibu & Anak
alfamart minyak telon plus 60 ml,15900.0,NEEDS,Kebutuhan Rumah & Mandi,Perlengkapan Mandi & Perawatan Anak,Kebutuhan Ibu & Anak
johnson's baby sampo bayi botol 200 ml,23500.0,NEEDS,Kebutuhan Rumah & Mandi,Perlengkapan Mandi & Perawatan Anak,Kebutuhan Ibu & Anak
dee-dee sampo anak strawberry pump 250 ml,22900.0,NEEDS,Kebutuhan Rumah & Mandi,Perlengkapan Mandi & Perawatan Anak,Kebutuhan Ibu & Anak
johnson's baby sabun mandi & sampo bayi refill 400 ml,32900.0,NEEDS,Kebutuhan Rumah & Mandi,Perlengkapan Mandi & Perawatan Anak,Kebutuhan Ibu & Anak
jordan buddy sikat gigi anak 5-10 tahun soft assorted,12900.0,NEEDS,Kebutuhan Rumah & Mandi,Perlengkapan Mandi & Perawatan Anak,Kebutuhan Ibu & Anak
bepanthen salep popok bayi 20 g,75000.0,NEEDS,Kebutuhan Rumah & Mandi,Perlengkapan Mandi & Perawatan Anak,Kebutuhan Ibu & Anak
char mi kapas bulat bayi 100 s,9900.0,NEEDS,Kebutuhan Rumah & Mandi,Perlengkapan Mandi & Perawatan Anak,Kebutuhan Ibu & Anak
johnson's cottontouch lotion tubuh & wajah bayi 500 ml,87900.0,NEEDS,Kebutuhan Rumah & Mandi,Perlengkapan Mandi & Perawatan Anak,Kebutuhan Ibu & Anak
dee-dee sampo anak strawberry refill 200 ml,11900.0,NEEDS,Kebutuhan Rumah & Mandi,Perlengkapan Mandi & Perawatan Anak,Kebutuhan Ibu & Anak
buds organics calming rub krim bayi anti perut kembung 30 ml,229000.0,NEEDS,Kebutuhan Rumah & Mandi,Perlengkapan Mandi & Perawatan Anak,Kebutuhan Ibu & Anak
jordan step 2 sikat gigi anak 3 - 5 tahun soft assorted,27900.0,NEEDS,Kebutuhan Rumah & Mandi,Perlengkapan Mandi & Perawatan Anak,Kebutuhan Ibu & Anak
jordan step 2 pasta gigi anak 6 - 12 tahun mild grape 75 g,31900.0,NEEDS,Kebutuhan Rumah & Mandi,Perlengkapan Mandi & Perawatan Anak,Kebutuhan Ibu & Anak
birth beyond lotion rambut bayi 100 ml,39900.0,NEEDS,Kebutuhan Rumah & Mandi,Perlengkapan Mandi & Perawatan Anak,Kebutuhan Ibu & Anak
birth beyond sabun mandi & sampo bayi mild & gentle 100 ml,39900.0,NEEDS,Kebutuhan Rumah & Mandi,Perlengkapan Mandi & Perawatan Anak,Kebutuhan Ibu & Anak
birth beyond sampo bayi gentle 100 ml,39900.0,NEEDS,Kebutuhan Rumah & Mandi,Perlengkapan Mandi & Perawatan Anak,Kebutuhan Ibu & Anak
colgate kids batman pasta gigi anak bubble fruit 40 g,14900.0,NEEDS,Kebutuhan Rumah & Mandi,Perlengkapan Mandi & Perawatan Anak,Kebutuhan Ibu & Anak
jordan step 2 pasta gigi anak 6 - 12 tahun apel hijau 75 g,31900.0,NEEDS,Kebutuhan Rumah & Mandi,Perlengkapan Mandi & Perawatan Anak,Kebutuhan Ibu & Anak
gently baby sampo bayi & anak kemiri tanpa sls 100 ml,59900.0,NEEDS,Kebutuhan Rumah & Mandi,Perlengkapan Mandi & Perawatan Anak,Kebutuhan Ibu & Anak
colgate kids minions sikat gigi anak ultra soft usia 2-5 tahun,23900.0,NEEDS,Kebutuhan Rumah & Mandi,Perlengkapan Mandi & Perawatan Anak,Kebutuhan Ibu & Anak
colgate kids barbie sikat gigi anak ultra soft usia 6+ tahun,23900.0,NEEDS,Kebutuhan Rumah & Mandi,Perlengkapan Mandi & Perawatan Anak,Kebutuhan Ibu & Anak
tropee bebe minyak telon bayi aromatik + minyak zaitun green tea 100 ml,46900.0,NEEDS,Kebutuhan Rumah & Mandi,Perlengkapan Mandi & Perawatan Anak,Kebutuhan Ibu & Anak
buds organics chubby chubbs krim pelembap wajah bayi & anak 30 ml,239000.0,NEEDS,Kebutuhan Rumah & Mandi,Perlengkapan Mandi & Perawatan Anak,Kebutuhan Ibu & Anak
buds organics soothing lotion perawatan iritasi luka eksim bayi & anak 50 ml,279000.0,NEEDS,Kebutuhan Rumah & Mandi,Perlengkapan Mandi & Perawatan Anak,Kebutuhan Ibu & Anak
enzim pasta gigi anak bubblegum 63 g,12900.0,NEEDS,Kebutuhan Rumah & Mandi,Perlengkapan Mandi & Perawatan Anak,Kebutuhan Ibu & Anak
zwitsal cologne bayi soft touch aloe vera botol 100 ml,19900.0,NEEDS,Kebutuhan Rumah & Mandi,Perlengkapan Mandi & Perawatan Anak,Kebutuhan Ibu & Anak
cussons baby oil soft & smooth 100 ml,19900.0,NEEDS,Kebutuhan Rumah & Mandi,Perlengkapan Mandi & Perawatan Anak,Kebutuhan Ibu & Anak
konicare minyak telon 60 ml,24900.0,NEEDS,Kebutuhan Rumah & Mandi,Perlengkapan Mandi & Perawatan Anak,Kebutuhan Ibu & Anak
doremi cologne anak hijab nussa rarra 100 ml,22100.0,NEEDS,Kebutuhan Rumah & Mandi,Perlengkapan Mandi & Perawatan Anak,Kebutuhan Ibu & Anak
cussons cologne bayi soft touch 100 ml,13800.0,NEEDS,Kebutuhan Rumah & Mandi,Perlengkapan Mandi & Perawatan Anak,Kebutuhan Ibu & Anak
johnson's baby oil 125 ml,32500.0,NEEDS,Kebutuhan Rumah & Mandi,Perlengkapan Mandi & Perawatan Anak,Kebutuhan Ibu & Anak
cussons cologne bayi sprakling joy 100 ml,19900.0,NEEDS,Kebutuhan Rumah & Mandi,Perlengkapan Mandi & Perawatan Anak,Kebutuhan Ibu & Anak
fresh living by freshcare bebio minyak aromaterapi bayi roll on 9 ml,28900.0,NEEDS,Kebutuhan Rumah & Mandi,Perlengkapan Mandi & Perawatan Anak,Kebutuhan Ibu & Anak
alfamart cotton buds bayi refill 100 pcs,8200.0,NEEDS,Kebutuhan Rumah & Mandi,Perlengkapan Mandi & Perawatan Anak,Kebutuhan Ibu & Anak
vicks baby balm obat gosok bayi 20 g,26500.0,NEEDS,Kebutuhan Rumah & Mandi,Perlengkapan Mandi & Perawatan Anak,Kebutuhan Ibu & Anak
zwitsal kids sabun mandi anak clean & fresh refill 250 ml,16900.0,NEEDS,Kebutuhan Rumah & Mandi,Perlengkapan Mandi & Perawatan Anak,Kebutuhan Ibu & Anak
enzim pasta gigi anak jeruk 63 g,12900.0,NEEDS,Kebutuhan Rumah & Mandi,Perlengkapan Mandi & Perawatan Anak,Kebutuhan Ibu & Anak
cussons baby soft & smooth tisu basah bayi sakura 45 s - beli 1 gratis 2,16900.0,NEEDS,Kebutuhan Rumah & Mandi,Perlengkapan Mandi & Perawatan Anak,Kebutuhan Ibu & Anak
yunikon tisu basah bayi ganti popok 50 s - beli 1 gratis 1,10900.0,NEEDS,Kebutuhan Rumah & Mandi,Perlengkapan Mandi & Perawatan Anak,Kebutuhan Ibu & Anak
cussons baby cuddle calm sabun mandi & sampo bayi 375 ml,22500.0,NEEDS,Kebutuhan Rumah & Mandi,Perlengkapan Mandi & Perawatan Anak,Kebutuhan Ibu & Anak
yunikon tisu basah bayi tanpa pewangi 50 s - beli 1 gratis 1,10900.0,NEEDS,Kebutuhan Rumah & Mandi,Perlengkapan Mandi & Perawatan Anak,Kebutuhan Ibu & Anak
cussons baby cuddle calm minyak telon 60 ml,21000.0,NEEDS,Kebutuhan Rumah & Mandi,Perlengkapan Mandi & Perawatan Anak,Kebutuhan Ibu & Anak
my baby kids sampo & sabun mandi soft & smooth doraemon 280 ml,18900.0,NEEDS,Kebutuhan Rumah & Mandi,Perlengkapan Mandi & Perawatan Anak,Kebutuhan Ibu & Anak
zwitsal natural sampo bayi aloe vera kemiri seledri refill 250 ml,20900.0,NEEDS,Kebutuhan Rumah & Mandi,Perlengkapan Mandi & Perawatan Anak,Kebutuhan Ibu & Anak
zwitsal paket perawatan bayi essential box 6 pcs,94900.0,NEEDS,Kebutuhan Rumah & Mandi,Perlengkapan Mandi & Perawatan Anak,Kebutuhan Ibu & Anak
my baby kids minyak kayu putih plus 12 jam 150 ml,36900.0,NEEDS,Kebutuhan Rumah & Mandi,Perlengkapan Mandi & Perawatan Anak,Kebutuhan Ibu & Anak
colgate kids barbie pasta gigi anak stroberi mint 40 g,9200.0,NEEDS,Kebutuhan Rumah & Mandi,Perlengkapan Mandi & Perawatan Anak,Kebutuhan Ibu & Anak
kodomo sampo anak foam strawberry 250 ml,14900.0,NEEDS,Kebutuhan Rumah & Mandi,Perlengkapan Mandi & Perawatan Anak,Kebutuhan Ibu & Anak
cussons baby newborn krim tubuh & wajah bayi 50 g,21000.0,NEEDS,Kebutuhan Rumah & Mandi,Perlengkapan Mandi & Perawatan Anak,Kebutuhan Ibu & Anak
zwitsal natural baby oil 100 ml,17900.0,NEEDS,Kebutuhan Rumah & Mandi,Perlengkapan Mandi & Perawatan Anak,Kebutuhan Ibu & Anak
johnson's active kids sampo anak shiny drops botol 200 ml,26900.0,NEEDS,Kebutuhan Rumah & Mandi,Perlengkapan Mandi & Perawatan Anak,Kebutuhan Ibu & Anak
my baby kids sampo & sabun mandi healthy & fresh doraemon 280 ml,18900.0,NEEDS,Kebutuhan Rumah & Mandi,Perlengkapan Mandi & Perawatan Anak,Kebutuhan Ibu & Anak
pepsodent kids sikat gigi anak extra soft,10300.0,NEEDS,Kebutuhan Rumah & Mandi,Perlengkapan Mandi & Perawatan Anak,Kebutuhan Ibu & Anak
cessa baby happy nose minyak aromaterapi pereda batuk & pilek roll on 8 ml,31000.0,NEEDS,Kebutuhan Rumah & Mandi,Perlengkapan Mandi & Perawatan Anak,Kebutuhan Ibu & Anak
master kids spider-man cologne anak spray 80 + 20 ml,11900.0,NEEDS,Kebutuhan Rumah & Mandi,Perlengkapan Mandi & Perawatan Anak,Kebutuhan Ibu & Anak
zwitsal sabun mandi & sampo bayi aloe vera twin pack 400 ml,49900.0,NEEDS,Kebutuhan Rumah & Mandi,Perlengkapan Mandi & Perawatan Anak,Kebutuhan Ibu & Anak
kodomo sabun mandi anak foam jeruk 250 ml,14900.0,NEEDS,Kebutuhan Rumah & Mandi,Perlengkapan Mandi & Perawatan Anak,Kebutuhan Ibu & Anak
prenagen susu uht cair cokelat velvety 185 ml,9900.0,NEEDS,Makan & Minum Harian,Susu Ibu Hamil & Menyusui,Kebutuhan Ibu & Anak
prenagen mommy susu masa kehamilan lovely stroberi 180 g,47400.0,NEEDS,Makan & Minum Harian,Susu Ibu Hamil & Menyusui,Kebutuhan Ibu & Anak
prenagen mommy susu masa kehamilan cokelat velvety 180 g,46800.0,NEEDS,Makan & Minum Harian,Susu Ibu Hamil & Menyusui,Kebutuhan Ibu & Anak
prenagen emesis susu hamil velvety cokelat 180 g,48300.0,NEEDS,Makan & Minum Harian,Susu Ibu Hamil & Menyusui,Kebutuhan Ibu & Anak
prenagen mommy susu masa kehamilan cokelat velvety 360 g,86300.0,NEEDS,Makan & Minum Harian,Susu Ibu Hamil & Menyusui,Kebutuhan Ibu & Anak
prenagen emesis susu hamil velvety cokelat 360 g,86300.0,NEEDS,Makan & Minum Harian,Susu Ibu Hamil & Menyusui,Kebutuhan Ibu & Anak
prenagen susu uht cair berry love 185 ml,8900.0,NEEDS,Makan & Minum Harian,Susu Ibu Hamil & Menyusui,Kebutuhan Ibu & Anak
anmum materna susu bubuk ibu hamil cokelat 400 g,76500.0,NEEDS,Makan & Minum Harian,Susu Ibu Hamil & Menyusui,Kebutuhan Ibu & Anak
prenagen lactamom susu masa menyusui velvety cokelat 180 g,44900.0,NEEDS,Makan & Minum Harian,Susu Ibu Hamil & Menyusui,Kebutuhan Ibu & Anak
prenagen mommy susu masa kehamilan lovely stroberi 360 g,84900.0,NEEDS,Makan & Minum Harian,Susu Ibu Hamil & Menyusui,Kebutuhan Ibu & Anak
prenagen susu uht cair almond soya 185 ml,8900.0,NEEDS,Makan & Minum Harian,Susu Ibu Hamil & Menyusui,Kebutuhan Ibu & Anak
mamypoko x-tra kering popok celana bayi l 7 pcs,18100.0,NEEDS,Kebutuhan Rumah & Mandi,Popok Bayi & Anak,Kebutuhan Ibu & Anak
mamypoko x-tra kering popok celana bayi xxl 5 pcs,18100.0,NEEDS,Kebutuhan Rumah & Mandi,Popok Bayi & Anak,Kebutuhan Ibu & Anak
mamypoko x-tra kering popok celana bayi xl 6 pcs,18100.0,NEEDS,Kebutuhan Rumah & Mandi,Popok Bayi & Anak,Kebutuhan Ibu & Anak
mamypoko x-tra kering popok celana bayi m 8 pcs,18100.0,NEEDS,Kebutuhan Rumah & Mandi,Popok Bayi & Anak,Kebutuhan Ibu & Anak
miu baby popok celana bayi premium soft l-26,65400.0,NEEDS,Kebutuhan Rumah & Mandi,Popok Bayi & Anak,Kebutuhan Ibu & Anak
mamypoko popok celana bayi tidak gembung l 48 pcs,74900.0,NEEDS,Kebutuhan Rumah & Mandi,Popok Bayi & Anak,Kebutuhan Ibu & Anak
happy nappy smart pants popok celana bayi l 28 pcs,42400.0,NEEDS,Kebutuhan Rumah & Mandi,Popok Bayi & Anak,Kebutuhan Ibu & Anak
mamypoko x-tra kering popok celana bayi xxxl 20 + 2 pcs,61900.0,NEEDS,Kebutuhan Rumah & Mandi,Popok Bayi & Anak,Kebutuhan Ibu & Anak
mamypoko x-tra kering popok perekat bayi s 24 pcs,34900.0,NEEDS,Kebutuhan Rumah & Mandi,Popok Bayi & Anak,Kebutuhan Ibu & Anak
mamypoko popok celana bayi tidak gembung xxl 20 pcs,45900.0,NEEDS,Kebutuhan Rumah & Mandi,Popok Bayi & Anak,Kebutuhan Ibu & Anak
mamypoko royal soft organic cotton popok celana bayi boys xxl 38 pcs,170000.0,NEEDS,Kebutuhan Rumah & Mandi,Popok Bayi & Anak,Kebutuhan Ibu & Anak
mamypoko royal soft organic cotton popok celana bayi girls xxl 38 pcs,170000.0,NEEDS,Kebutuhan Rumah & Mandi,Popok Bayi & Anak,Kebutuhan Ibu & Anak
mamypoko junior night popok celana bayi girls xxxl 24 pcs,149000.0,NEEDS,Kebutuhan Rumah & Mandi,Popok Bayi & Anak,Kebutuhan Ibu & Anak
mamypoko royal soft organic cotton popok celana bayi girls xl 46 pcs,137000.0,NEEDS,Kebutuhan Rumah & Mandi,Popok Bayi & Anak,Kebutuhan Ibu & Anak
mamypoko royal soft organic cotton popok celana bayi s 70 pcs,137000.0,NEEDS,Kebutuhan Rumah & Mandi,Popok Bayi & Anak,Kebutuhan Ibu & Anak
mamypoko skin comfort popok celana bayi s 38 pcs,59000.0,NEEDS,Kebutuhan Rumah & Mandi,Popok Bayi & Anak,Kebutuhan Ibu & Anak
mamypoko x-tra kering popok celana bayi s 56 pcs,69000.0,NEEDS,Kebutuhan Rumah & Mandi,Popok Bayi & Anak,Kebutuhan Ibu & Anak
mamypoko x-tra kering popok celana bayi xxl 34 pcs,71900.0,NEEDS,Kebutuhan Rumah & Mandi,Popok Bayi & Anak,Kebutuhan Ibu & Anak
mamypoko skin comfort popok celana bayi xxl 32 pcs,96900.0,NEEDS,Kebutuhan Rumah & Mandi,Popok Bayi & Anak,Kebutuhan Ibu & Anak
mamypoko junior night popok celana bayi girls xxl 28 pcs,159900.0,NEEDS,Kebutuhan Rumah & Mandi,Popok Bayi & Anak,Kebutuhan Ibu & Anak
mamypoko junior night popok celana bayi boys xxl 28 pcs,159900.0,NEEDS,Kebutuhan Rumah & Mandi,Popok Bayi & Anak,Kebutuhan Ibu & Anak
mamypoko popok celana bayi tidak gembung m 54 pcs,68000.0,NEEDS,Kebutuhan Rumah & Mandi,Popok Bayi & Anak,Kebutuhan Ibu & Anak
mamypoko popok celana bayi tidak gembung xxl 34 pcs,68000.0,NEEDS,Kebutuhan Rumah & Mandi,Popok Bayi & Anak,Kebutuhan Ibu & Anak
merries good skin popok celana bayi xxl 28 pcs,82900.0,NEEDS,Kebutuhan Rumah & Mandi,Popok Bayi & Anak,Kebutuhan Ibu & Anak
merries skin protection popok celana bayi m 50 pcs,112000.0,NEEDS,Kebutuhan Rumah & Mandi,Popok Bayi & Anak,Kebutuhan Ibu & Anak
merries skin protection popok celana bayi l 44 pcs,112000.0,NEEDS,Kebutuhan Rumah & Mandi,Popok Bayi & Anak,Kebutuhan Ibu & Anak
merries skin protection popok celana bayi xl 42 pcs,124900.0,NEEDS,Kebutuhan Rumah & Mandi,Popok Bayi & Anak,Kebutuhan Ibu & Anak
sweety gold junior popok celana anak xxxl 20 pcs,105000.0,NEEDS,Kebutuhan Rumah & Mandi,Popok Bayi & Anak,Kebutuhan Ibu & Anak
sweety silver cloud soft popok celana bayi xxl 3 x 22 pcs - karton,149000.0,NEEDS,Kebutuhan Rumah & Mandi,Popok Bayi & Anak,Kebutuhan Ibu & Anak
sweety bronze dry x-pert popok celana bayi xl 38 pcs,75000.0,NEEDS,Kebutuhan Rumah & Mandi,Popok Bayi & Anak,Kebutuhan Ibu & Anak
sweety gold popok celana bayi l 3 x 28 pcs - karton,270000.0,NEEDS,Kebutuhan Rumah & Mandi,Popok Bayi & Anak,Kebutuhan Ibu & Anak
sweety gold popok celana bayi m 3 x 34 pcs - karton,270000.0,NEEDS,Kebutuhan Rumah & Mandi,Popok Bayi & Anak,Kebutuhan Ibu & Anak
sweety gold popok celana bayi xxl 3 x 20 pcs - karton,270000.0,NEEDS,Kebutuhan Rumah & Mandi,Popok Bayi & Anak,Kebutuhan Ibu & Anak
makuku sap comfort fit popok celana bayi jumbo pack m 42 + 4 pcs,82900.0,NEEDS,Kebutuhan Rumah & Mandi,Popok Bayi & Anak,Kebutuhan Ibu & Anak
makuku sap comfort fit popok celana bayi jumbo pack l 40 + 4 pcs,82900.0,NEEDS,Kebutuhan Rumah & Mandi,Popok Bayi & Anak,Kebutuhan Ibu & Anak
makuku sap comfort fit popok celana bayi jumbo pack xl 38 + 4 pcs,89900.0,NEEDS,Kebutuhan Rumah & Mandi,Popok Bayi & Anak,Kebutuhan Ibu & Anak
makuku dry care popok perekat bayi nb-s 54 pcs,72900.0,NEEDS,Kebutuhan Rumah & Mandi,Popok Bayi & Anak,Kebutuhan Ibu & Anak
makuku dry care popok celana bayi m 48 + 10 pcs,87900.0,NEEDS,Kebutuhan Rumah & Mandi,Popok Bayi & Anak,Kebutuhan Ibu & Anak
makuku dry care popok celana bayi l 44 + 10 pcs,87900.0,NEEDS,Kebutuhan Rumah & Mandi,Popok Bayi & Anak,Kebutuhan Ibu & Anak
makuku dry care popok celana bayi xl 36 + 6 pcs,79900.0,NEEDS,Kebutuhan Rumah & Mandi,Popok Bayi & Anak,Kebutuhan Ibu & Anak
makuku dry care popok celana bayi xxl 34 + 6 pcs,79900.0,NEEDS,Kebutuhan Rumah & Mandi,Popok Bayi & Anak,Kebutuhan Ibu & Anak
baby happy body fit popok celana bayi m 48 pcs,67900.0,NEEDS,Kebutuhan Rumah & Mandi,Popok Bayi & Anak,Kebutuhan Ibu & Anak
baby happy body fit popok celana bayi l 42 pcs,67900.0,NEEDS,Kebutuhan Rumah & Mandi,Popok Bayi & Anak,Kebutuhan Ibu & Anak
baby happy body fit popok celana bayi xl 38 pcs,76900.0,NEEDS,Kebutuhan Rumah & Mandi,Popok Bayi & Anak,Kebutuhan Ibu & Anak
sweety skin premium popok perekat bayi nb 46 pcs,85000.0,NEEDS,Kebutuhan Rumah & Mandi,Popok Bayi & Anak,Kebutuhan Ibu & Anak
sweety skin premium popok perekat bayi s 44 pcs,85000.0,NEEDS,Kebutuhan Rumah & Mandi,Popok Bayi & Anak,Kebutuhan Ibu & Anak
sweety skin premium popok celana bayi m 34 pcs,85000.0,NEEDS,Kebutuhan Rumah & Mandi,Popok Bayi & Anak,Kebutuhan Ibu & Anak
sweety skin premium popok celana bayi l 30 pcs,85000.0,NEEDS,Kebutuhan Rumah & Mandi,Popok Bayi & Anak,Kebutuhan Ibu & Anak
sweety skin premium popok celana bayi xl 26 pcs,85000.0,NEEDS,Kebutuhan Rumah & Mandi,Popok Bayi & Anak,Kebutuhan Ibu & Anak
makuku sap slim popok celana bayi m 32 pcs,102900.0,NEEDS,Kebutuhan Rumah & Mandi,Popok Bayi & Anak,Kebutuhan Ibu & Anak
makuku sap slim popok celana bayi xxl 28 pcs,114000.0,NEEDS,Kebutuhan Rumah & Mandi,Popok Bayi & Anak,Kebutuhan Ibu & Anak
makuku sap slim popok celana bayi jumbo pack m 52 pcs,162900.0,NEEDS,Kebutuhan Rumah & Mandi,Popok Bayi & Anak,Kebutuhan Ibu & Anak
makuku sap slim popok celana bayi jumbo pack l 50 pcs,162900.0,NEEDS,Kebutuhan Rumah & Mandi,Popok Bayi & Anak,Kebutuhan Ibu & Anak
makuku sap slim popok celana bayi jumbo pack xl 48 pcs,162900.0,NEEDS,Kebutuhan Rumah & Mandi,Popok Bayi & Anak,Kebutuhan Ibu & Anak
makuku sap comfort fit popok perekat bayi s 30 pcs,49000.0,NEEDS,Kebutuhan Rumah & Mandi,Popok Bayi & Anak,Kebutuhan Ibu & Anak
mamypoko x-tra kering popok perekat bayi newborn s 44 pcs,53900.0,NEEDS,Kebutuhan Rumah & Mandi,Popok Bayi & Anak,Kebutuhan Ibu & Anak
mamypoko x-tra kering popok celana bayi xxl 24 pcs,60900.0,NEEDS,Kebutuhan Rumah & Mandi,Popok Bayi & Anak,Kebutuhan Ibu & Anak
fitti pants popok celana bayi s 40 pcs,47500.0,NEEDS,Kebutuhan Rumah & Mandi,Popok Bayi & Anak,Kebutuhan Ibu & Anak
happy nappy smart pants popok celana bayi m 32 pcs,42400.0,NEEDS,Kebutuhan Rumah & Mandi,Popok Bayi & Anak,Kebutuhan Ibu & Anak
sweety bronze dry x-pert popok perekat bayi nb-s 44 pcs,52900.0,NEEDS,Kebutuhan Rumah & Mandi,Popok Bayi & Anak,Kebutuhan Ibu & Anak
mamypoko x-tra kering popok celana bayi m 32 pcs,56400.0,NEEDS,Kebutuhan Rumah & Mandi,Popok Bayi & Anak,Kebutuhan Ibu & Anak
merries good skin popok celana bayi l 28 pcs,57900.0,NEEDS,Kebutuhan Rumah & Mandi,Popok Bayi & Anak,Kebutuhan Ibu & Anak
merries good skin popok celana bayi nb-s 40 pcs,57900.0,NEEDS,Kebutuhan Rumah & Mandi,Popok Bayi & Anak,Kebutuhan Ibu & Anak
makuku sap comfort fit popok celana bayi l 26 pcs,51900.0,NEEDS,Kebutuhan Rumah & Mandi,Popok Bayi & Anak,Kebutuhan Ibu & Anak
makuku dry care popok celana bayi xl 24 + 4 pcs,59900.0,NEEDS,Kebutuhan Rumah & Mandi,Popok Bayi & Anak,Kebutuhan Ibu & Anak
makuku dry care popok celana bayi l 28 + 6 pcs,54500.0,NEEDS,Kebutuhan Rumah & Mandi,Popok Bayi & Anak,Kebutuhan Ibu & Anak
makuku sap comfort fit popok celana bayi xl 24 pcs,58900.0,NEEDS,Kebutuhan Rumah & Mandi,Popok Bayi & Anak,Kebutuhan Ibu & Anak
makuku sap comfort fit popok celana bayi m 28 pcs,51900.0,NEEDS,Kebutuhan Rumah & Mandi,Popok Bayi & Anak,Kebutuhan Ibu & Anak
merries good skin popok celana bayi m 32 pcs,57900.0,NEEDS,Kebutuhan Rumah & Mandi,Popok Bayi & Anak,Kebutuhan Ibu & Anak
sweety max protection popok celana bayi xl 24 pcs,53500.0,NEEDS,Kebutuhan Rumah & Mandi,Popok Bayi & Anak,Kebutuhan Ibu & Anak
sweety bronze dry x-pert popok celana bayi m 32 pcs,46900.0,NEEDS,Kebutuhan Rumah & Mandi,Popok Bayi & Anak,Kebutuhan Ibu & Anak
sweety max protection popok celana bayi xxl 18 + 4 pcs,50900.0,NEEDS,Kebutuhan Rumah & Mandi,Popok Bayi & Anak,Kebutuhan Ibu & Anak
sweety max protection popok celana bayi m 32 pcs,53500.0,NEEDS,Kebutuhan Rumah & Mandi,Popok Bayi & Anak,Kebutuhan Ibu & Anak
sweety max protection popok celana bayi l 28 pcs,53500.0,NEEDS,Kebutuhan Rumah & Mandi,Popok Bayi & Anak,Kebutuhan Ibu & Anak
mamypoko x-tra kering popok celana bayi l 42 pcs,79900.0,NEEDS,Kebutuhan Rumah & Mandi,Popok Bayi & Anak,Kebutuhan Ibu & Anak
mamypoko x-tra kering popok celana bayi l 28 pcs,56400.0,NEEDS,Kebutuhan Rumah & Mandi,Popok Bayi & Anak,Kebutuhan Ibu & Anak
mamypoko popok celana bayi tidak gembung xl 23 pcs,45900.0,NEEDS,Kebutuhan Rumah & Mandi,Popok Bayi & Anak,Kebutuhan Ibu & Anak
mamypoko popok celana bayi tidak gembung xl 40 pcs,74900.0,NEEDS,Kebutuhan Rumah & Mandi,Popok Bayi & Anak,Kebutuhan Ibu & Anak
makuku sap comfort fit popok perekat bayi nb 40 pcs,52900.0,NEEDS,Kebutuhan Rumah & Mandi,Popok Bayi & Anak,Kebutuhan Ibu & Anak
merries good skin popok celana bayi xl 26 pcs,57900.0,NEEDS,Kebutuhan Rumah & Mandi,Popok Bayi & Anak,Kebutuhan Ibu & Anak
merries good skin popok celana bayi xxl 18 pcs,68200.0,NEEDS,Kebutuhan Rumah & Mandi,Popok Bayi & Anak,Kebutuhan Ibu & Anak
baby happy body fit pants popok celana bayi xxl 24 pcs,49900.0,NEEDS,Kebutuhan Rumah & Mandi,Popok Bayi & Anak,Kebutuhan Ibu & Anak
sweety silver cloud soft popok perekat bayi nb-s 40 pcs,54900.0,NEEDS,Kebutuhan Rumah & Mandi,Popok Bayi & Anak,Kebutuhan Ibu & Anak
baby happy body fit pants popok celana bayi l 28 pcs,47900.0,NEEDS,Kebutuhan Rumah & Mandi,Popok Bayi & Anak,Kebutuhan Ibu & Anak
mamypoko popok celana bayi tidak gembung m 30 pcs,45900.0,NEEDS,Kebutuhan Rumah & Mandi,Popok Bayi & Anak,Kebutuhan Ibu & Anak
mamypoko x-tra kering popok celana bayi s 22 pcs,31100.0,NEEDS,Kebutuhan Rumah & Mandi,Popok Bayi & Anak,Kebutuhan Ibu & Anak
mamypoko x-tra kering popok celana bayi m 48 pcs,79900.0,NEEDS,Kebutuhan Rumah & Mandi,Popok Bayi & Anak,Kebutuhan Ibu & Anak
fitti pants popok celana bayi l 28 pcs,47500.0,NEEDS,Kebutuhan Rumah & Mandi,Popok Bayi & Anak,Kebutuhan Ibu & Anak
mamypoko popok celana bayi tidak gembung l 28 pcs,45900.0,NEEDS,Kebutuhan Rumah & Mandi,Popok Bayi & Anak,Kebutuhan Ibu & Anak
fitti pants popok celana bayi m 32 pcs,47500.0,NEEDS,Kebutuhan Rumah & Mandi,Popok Bayi & Anak,Kebutuhan Ibu & Anak
mamypoko x-tra kering popok celana bayi s 38 pcs,56400.0,NEEDS,Kebutuhan Rumah & Mandi,Popok Bayi & Anak,Kebutuhan Ibu & Anak
happy nappy smart pants popok celana bayi xl 24 + 2 pcs,42400.0,NEEDS,Kebutuhan Rumah & Mandi,Popok Bayi & Anak,Kebutuhan Ibu & Anak
fitti pants popok celana bayi xl 26 pcs,56900.0,NEEDS,Kebutuhan Rumah & Mandi,Popok Bayi & Anak,Kebutuhan Ibu & Anak
baby happy body fit pants popok celana bayi xl 26 pcs,48900.0,NEEDS,Kebutuhan Rumah & Mandi,Popok Bayi & Anak,Kebutuhan Ibu & Anak
mamypoko skin comfort popok celana bayi xl 36 pcs,79000.0,NEEDS,Kebutuhan Rumah & Mandi,Popok Bayi & Anak,Kebutuhan Ibu & Anak
mamypoko skin comfort popok celana bayi l 42 pcs,79000.0,NEEDS,Kebutuhan Rumah & Mandi,Popok Bayi & Anak,Kebutuhan Ibu & Anak
sweety silver cloud soft popok celana bayi l 3 x 28 pcs - karton,137500.0,NEEDS,Kebutuhan Rumah & Mandi,Popok Bayi & Anak,Kebutuhan Ibu & Anak
sweety silver cloud soft popok celana bayi m 3 x 32 pcs - karton,137500.0,NEEDS,Kebutuhan Rumah & Mandi,Popok Bayi & Anak,Kebutuhan Ibu & Anak
mamypoko skin comfort popok celana bayi l 28 pcs,59900.0,NEEDS,Kebutuhan Rumah & Mandi,Popok Bayi & Anak,Kebutuhan Ibu & Anak
baby happy body fit pants popok celana s 38+2 pcs,47900.0,NEEDS,Kebutuhan Rumah & Mandi,Popok Bayi & Anak,Kebutuhan Ibu & Anak
mamypoko x-tra kering popok celana bayi xl 26 pcs,57900.0,NEEDS,Kebutuhan Rumah & Mandi,Popok Bayi & Anak,Kebutuhan Ibu & Anak
pokana sap mosafe popok celana bayi l 24 pcs,44900.0,NEEDS,Kebutuhan Rumah & Mandi,Popok Bayi & Anak,Kebutuhan Ibu & Anak
mamypoko x-tra kering popok celana bayi m 20 pcs,39900.0,NEEDS,Kebutuhan Rumah & Mandi,Popok Bayi & Anak,Kebutuhan Ibu & Anak
sweety bronze dry x-pert popok celana bayi l 28 pcs,46900.0,NEEDS,Kebutuhan Rumah & Mandi,Popok Bayi & Anak,Kebutuhan Ibu & Anak
sweety bronze dry x-pert popok celana bayi xl 24 pcs,46900.0,NEEDS,Kebutuhan Rumah & Mandi,Popok Bayi & Anak,Kebutuhan Ibu & Anak
sweety bronze dry x-pert popok celana bayi s 38 pcs,46900.0,NEEDS,Kebutuhan Rumah & Mandi,Popok Bayi & Anak,Kebutuhan Ibu & Anak
sweety max protection popok celana bayi s 38 pcs,53500.0,NEEDS,Kebutuhan Rumah & Mandi,Popok Bayi & Anak,Kebutuhan Ibu & Anak
sweety bronze dry x-pert popok celana bayi xxl 20 + 3 pcs,47900.0,NEEDS,Kebutuhan Rumah & Mandi,Popok Bayi & Anak,Kebutuhan Ibu & Anak
mamypoko x-tra kering popok celana bayi xxl 18 pcs,54900.0,NEEDS,Kebutuhan Rumah & Mandi,Popok Bayi & Anak,Kebutuhan Ibu & Anak
mamypoko x-tra kering popok celana bayi l 20 pcs,42900.0,NEEDS,Kebutuhan Rumah & Mandi,Popok Bayi & Anak,Kebutuhan Ibu & Anak
pokana sap mosafe popok celana bayi m 26 pcs,44900.0,NEEDS,Kebutuhan Rumah & Mandi,Popok Bayi & Anak,Kebutuhan Ibu & Anak
baby happy body fit pants popok celana bayi m 32 pcs,47900.0,NEEDS,Kebutuhan Rumah & Mandi,Popok Bayi & Anak,Kebutuhan Ibu & Anak
mamypoko skin comfort popok celana bayi m 48 + 2 pcs,79000.0,NEEDS,Kebutuhan Rumah & Mandi,Popok Bayi & Anak,Kebutuhan Ibu & Anak
mamypoko skin comfort popok celana bayi xxl 22 pcs,59000.0,NEEDS,Kebutuhan Rumah & Mandi,Popok Bayi & Anak,Kebutuhan Ibu & Anak
mamypoko royal soft organic cotton popok celana bayi girls m 64 pcs,137000.0,NEEDS,Kebutuhan Rumah & Mandi,Popok Bayi & Anak,Kebutuhan Ibu & Anak
mamypoko royal soft organic cotton popok perekat bayi newborn 52 pcs,92000.0,NEEDS,Kebutuhan Rumah & Mandi,Popok Bayi & Anak,Kebutuhan Ibu & Anak
mamypoko royal soft organic cotton popok celana bayi boys m 64 pcs,137000.0,NEEDS,Kebutuhan Rumah & Mandi,Popok Bayi & Anak,Kebutuhan Ibu & Anak
sweety bronze dry x-pert popok celana bayi xxl 34 pcs,68900.0,NEEDS,Kebutuhan Rumah & Mandi,Popok Bayi & Anak,Kebutuhan Ibu & Anak
sweety silver cloud soft popok celana bayi xl 3 x 24 pcs - karton,139000.0,NEEDS,Kebutuhan Rumah & Mandi,Popok Bayi & Anak,Kebutuhan Ibu & Anak
mamypoko royal soft organic cotton popok celana bayi boys l 52 pcs,137000.0,NEEDS,Kebutuhan Rumah & Mandi,Popok Bayi & Anak,Kebutuhan Ibu & Anak
mamypoko royal soft organic cotton popok celana bayi girls l 52 pcs,137000.0,NEEDS,Kebutuhan Rumah & Mandi,Popok Bayi & Anak,Kebutuhan Ibu & Anak
mamypoko royal soft organic cotton popok perekat s 50 pcs,92000.0,NEEDS,Kebutuhan Rumah & Mandi,Popok Bayi & Anak,Kebutuhan Ibu & Anak
mamypoko junior night popok celana bayi boys xxxl 24 pcs,149000.0,NEEDS,Kebutuhan Rumah & Mandi,Popok Bayi & Anak,Kebutuhan Ibu & Anak
mamypoko royal soft organic cotton popok celana bayi boys xl 46 pcs,137000.0,NEEDS,Kebutuhan Rumah & Mandi,Popok Bayi & Anak,Kebutuhan Ibu & Anak
mamypoko skin comfort popok celana bayi s 56 pcs,77900.0,NEEDS,Kebutuhan Rumah & Mandi,Popok Bayi & Anak,Kebutuhan Ibu & Anak
sleek baby deterjen cair bayi refill 450 ml,28200.0,NEEDS,Kebutuhan Rumah & Mandi,Pembersih Pakaian & Perlengkapan Anak,Kebutuhan Ibu & Anak
sleek baby sabun cair pencuci botol & dot bayi 450 ml,35400.0,NEEDS,Kebutuhan Rumah & Mandi,Pembersih Pakaian & Perlengkapan Anak,Kebutuhan Ibu & Anak
cussons baby sabun cair pencuci botol & dot 300 ml,14500.0,NEEDS,Kebutuhan Rumah & Mandi,Pembersih Pakaian & Perlengkapan Anak,Kebutuhan Ibu & Anak
sunlight biocare nature sabun cuci piring & peralatan bayi botol 675 g,13900.0,NEEDS,Kebutuhan Rumah & Mandi,Pembersih Pakaian & Perlengkapan Anak,Kebutuhan Ibu & Anak
sleek baby sabun cair pencuci botol & dot bayi 150 ml,12700.0,NEEDS,Kebutuhan Rumah & Mandi,Pembersih Pakaian & Perlengkapan Anak,Kebutuhan Ibu & Anak
sleek baby pelembut & pewangi pakaian bayi 430 ml,27900.0,NEEDS,Kebutuhan Rumah & Mandi,Pembersih Pakaian & Perlengkapan Anak,Kebutuhan Ibu & Anak
downy pewangi pakaian bayi milky touch 500 ml,18900.0,NEEDS,Kebutuhan Rumah & Mandi,Pembersih Pakaian & Perlengkapan Anak,Kebutuhan Ibu & Anak
probaby sabun pencuci botol & dot bayi 450 ml,19900.0,NEEDS,Kebutuhan Rumah & Mandi,Pembersih Pakaian & Perlengkapan Anak,Kebutuhan Ibu & Anak
so klin softener fine & comfort pelembut & pewangi pakaian bayi refill 650 ml,13900.0,NEEDS,Kebutuhan Rumah & Mandi,Pembersih Pakaian & Perlengkapan Anak,Kebutuhan Ibu & Anak
sunlight biocare nature sabun cuci piring & peralatan bayi 600 ml,8900.0,NEEDS,Kebutuhan Rumah & Mandi,Pembersih Pakaian & Perlengkapan Anak,Kebutuhan Ibu & Anak
pigeon 2 in 1 brush sikat pembersih botol & dot bayi,36400.0,NEEDS,Kebutuhan Rumah & Mandi,Pembersih Pakaian & Perlengkapan Anak,Kebutuhan Ibu & Anak
my baby deterjen cair bayi gentle hug 450 ml,14500.0,NEEDS,Kebutuhan Rumah & Mandi,Pembersih Pakaian & Perlengkapan Anak,Kebutuhan Ibu & Anak
molto pure pelembut & pewangi pakaian bayi soft & gentle refill 1600 ml,39000.0,NEEDS,Kebutuhan Rumah & Mandi,Pembersih Pakaian & Perlengkapan Anak,Kebutuhan Ibu & Anak
cussons baby pelembut & pewangi pakaian bayi mild & gentle refill 700 ml,18500.0,NEEDS,Kebutuhan Rumah & Mandi,Pembersih Pakaian & Perlengkapan Anak,Kebutuhan Ibu & Anak
motherlove nature sabun cuci botol & peralatan bayi 100 ml,32900.0,NEEDS,Kebutuhan Rumah & Mandi,Pembersih Pakaian & Perlengkapan Anak,Kebutuhan Ibu & Anak
motherlove tender touch deterjen cair organik bayi & anak 900 ml,74900.0,NEEDS,Kebutuhan Rumah & Mandi,Pembersih Pakaian & Perlengkapan Anak,Kebutuhan Ibu & Anak
cussons baby pelembut & pewangi pakaian bayi soft floral refill 700 ml,18500.0,NEEDS,Kebutuhan Rumah & Mandi,Pembersih Pakaian & Perlengkapan Anak,Kebutuhan Ibu & Anak
sleek baby deterjen cair bayi botol 1.2 l,67000.0,NEEDS,Kebutuhan Rumah & Mandi,Pembersih Pakaian & Perlengkapan Anak,Kebutuhan Ibu & Anak
sleek baby sabun cair pencuci botol & dot bayi 500 ml,34900.0,NEEDS,Kebutuhan Rumah & Mandi,Pembersih Pakaian & Perlengkapan Anak,Kebutuhan Ibu & Anak
pigeon baby sabun cair pencuci botol & dot bayi refill 450 ml,31900.0,NEEDS,Kebutuhan Rumah & Mandi,Pembersih Pakaian & Perlengkapan Anak,Kebutuhan Ibu & Anak
pigeon baby sabun cair pencuci botol & dot bayi 500 ml,42900.0,NEEDS,Kebutuhan Rumah & Mandi,Pembersih Pakaian & Perlengkapan Anak,Kebutuhan Ibu & Anak
pigeon deterjen cair bayi botol 500 ml,41900.0,NEEDS,Kebutuhan Rumah & Mandi,Pembersih Pakaian & Perlengkapan Anak,Kebutuhan Ibu & Anak
cussons baby sabun cair pencuci botol & dot bayi 700 + 300 ml,39900.0,NEEDS,Kebutuhan Rumah & Mandi,Pembersih Pakaian & Perlengkapan Anak,Kebutuhan Ibu & Anak
cussons baby pelembut & pewangi pakaian bayi sweet dreams refill 700 ml,18500.0,NEEDS,Kebutuhan Rumah & Mandi,Pembersih Pakaian & Perlengkapan Anak,Kebutuhan Ibu & Anak
have baby deterjen cair bayi jerigen 4 l,149000.0,NEEDS,Kebutuhan Rumah & Mandi,Pembersih Pakaian & Perlengkapan Anak,Kebutuhan Ibu & Anak
have baby pelembut pakaian bayi jerigen 4 l,149000.0,NEEDS,Kebutuhan Rumah & Mandi,Pembersih Pakaian & Perlengkapan Anak,Kebutuhan Ibu & Anak
have baby sabun cair pencuci botol & dot bayi jerigen 4 l,149000.0,NEEDS,Kebutuhan Rumah & Mandi,Pembersih Pakaian & Perlengkapan Anak,Kebutuhan Ibu & Anak
have baby deterjen cair bayi jerigen 900 ml,40000.0,NEEDS,Kebutuhan Rumah & Mandi,Pembersih Pakaian & Perlengkapan Anak,Kebutuhan Ibu & Anak
have baby pelembut pakaian bayi jerigen 900 ml,40000.0,NEEDS,Kebutuhan Rumah & Mandi,Pembersih Pakaian & Perlengkapan Anak,Kebutuhan Ibu & Anak
have baby sabun cair pencuci botol & dot bayi jerigen 900 ml,40000.0,NEEDS,Kebutuhan Rumah & Mandi,Pembersih Pakaian & Perlengkapan Anak,Kebutuhan Ibu & Anak
pigeon baby fabric fabricool pelembut pakaian bayi refill 400 ml,29900.0,NEEDS,Kebutuhan Rumah & Mandi,Pembersih Pakaian & Perlengkapan Anak,Kebutuhan Ibu & Anak
pigeon baby laundry deterjen cair bayi refill 450 ml,24900.0,NEEDS,Kebutuhan Rumah & Mandi,Pembersih Pakaian & Perlengkapan Anak,Kebutuhan Ibu & Anak
sleek baby deterjen cair bayi 4 l,158400.0,NEEDS,Kebutuhan Rumah & Mandi,Pembersih Pakaian & Perlengkapan Anak,Kebutuhan Ibu & Anak
yuri babysoft pelembut & pewangi pakaian bayi botol 1 l,27900.0,NEEDS,Kebutuhan Rumah & Mandi,Pembersih Pakaian & Perlengkapan Anak,Kebutuhan Ibu & Anak
yuri babysoft pelembut & pewangi pakaian bayi jerigen 3.7 l,84900.0,NEEDS,Kebutuhan Rumah & Mandi,Pembersih Pakaian & Perlengkapan Anak,Kebutuhan Ibu & Anak
sleek sabun pencuci botol & dot bayi refill 900 ml,54900.0,NEEDS,Kebutuhan Rumah & Mandi,Pembersih Pakaian & Perlengkapan Anak,Kebutuhan Ibu & Anak
sleek baby deterjen cair bayi refill 900 ml,41900.0,NEEDS,Kebutuhan Rumah & Mandi,Pembersih Pakaian & Perlengkapan Anak,Kebutuhan Ibu & Anak
my baby pelembut & pewangi pakaian lovely touch refill 1.4 l,19500.0,NEEDS,Kebutuhan Rumah & Mandi,Pembersih Pakaian & Perlengkapan Anak,Kebutuhan Ibu & Anak
probaby sabun pencuci botol & dot bayi 700 ml,27900.0,NEEDS,Kebutuhan Rumah & Mandi,Pembersih Pakaian & Perlengkapan Anak,Kebutuhan Ibu & Anak
my baby pelembut & pewangi pakaian gentle hug refill 1.4 l,19500.0,NEEDS,Kebutuhan Rumah & Mandi,Pembersih Pakaian & Perlengkapan Anak,Kebutuhan Ibu & Anak
my baby deterjen cair bayi lovely touch 450 ml,14900.0,NEEDS,Kebutuhan Rumah & Mandi,Pembersih Pakaian & Perlengkapan Anak,Kebutuhan Ibu & Anak
philips avent botol susu bayi classic 2 260 ml,49900.0,NEEDS,Kebutuhan Rumah & Mandi,Perlengkapan Makan & Minum Anak,Kebutuhan Ibu & Anak
pigeon dot botol susu bayi slim neck l,17000.0,NEEDS,Kebutuhan Rumah & Mandi,Perlengkapan Makan & Minum Anak,Kebutuhan Ibu & Anak
baby huki dot botol bayi silikon ortodontik l 1 pcs,6500.0,NEEDS,Kebutuhan Rumah & Mandi,Perlengkapan Makan & Minum Anak,Kebutuhan Ibu & Anak
baby huki botol susu bayi pp 60 ml,33000.0,NEEDS,Kebutuhan Rumah & Mandi,Perlengkapan Makan & Minum Anak,Kebutuhan Ibu & Anak
pigeon botol susu bayi pp slim neck 50 ml,34000.0,NEEDS,Kebutuhan Rumah & Mandi,Perlengkapan Makan & Minum Anak,Kebutuhan Ibu & Anak
baby huki dot bayi ortodontik dengan penutup 2 pcs,44000.0,NEEDS,Kebutuhan Rumah & Mandi,Perlengkapan Makan & Minum Anak,Kebutuhan Ibu & Anak
pigeon botol susu bayi pp slim neck 120 ml,43200.0,NEEDS,Kebutuhan Rumah & Mandi,Perlengkapan Makan & Minum Anak,Kebutuhan Ibu & Anak
pigeon mini light empeng bayi silikon step 2,48200.0,NEEDS,Kebutuhan Rumah & Mandi,Perlengkapan Makan & Minum Anak,Kebutuhan Ibu & Anak
pigeon botol susu bayi pp slim neck 240 ml,39000.0,NEEDS,Kebutuhan Rumah & Mandi,Perlengkapan Makan & Minum Anak,Kebutuhan Ibu & Anak
philips avent botol susu bayi classic 125 ml,45900.0,NEEDS,Kebutuhan Rumah & Mandi,Perlengkapan Makan & Minum Anak,Kebutuhan Ibu & Anak
pigeon peristaltic nipple dot botol susu bayi slim neck l 3 pcs,46400.0,NEEDS,Kebutuhan Rumah & Mandi,Perlengkapan Makan & Minum Anak,Kebutuhan Ibu & Anak
pigeon botol susu bayi pp wide neck size s 160 ml,55200.0,NEEDS,Kebutuhan Rumah & Mandi,Perlengkapan Makan & Minum Anak,Kebutuhan Ibu & Anak
baby huki botol susu bayi pp slim neck 240 ml,34900.0,NEEDS,Kebutuhan Rumah & Mandi,Perlengkapan Makan & Minum Anak,Kebutuhan Ibu & Anak
philips avent botol susu bayi classic+ giraffe 260 ml,54400.0,NEEDS,Kebutuhan Rumah & Mandi,Perlengkapan Makan & Minum Anak,Kebutuhan Ibu & Anak
pigeon softouch dot botol susu bayi wide neck l 2 pcs,66900.0,NEEDS,Kebutuhan Rumah & Mandi,Perlengkapan Makan & Minum Anak,Kebutuhan Ibu & Anak
baby huki dot botol bayi blister silikon ortodontik l 3 pcs,46000.0,NEEDS,Kebutuhan Rumah & Mandi,Perlengkapan Makan & Minum Anak,Kebutuhan Ibu & Anak
baby huki botol susu bayi pp slim neck 120 ml,37400.0,NEEDS,Kebutuhan Rumah & Mandi,Perlengkapan Makan & Minum Anak,Kebutuhan Ibu & Anak
philips avent dot botol susu bayi 4 lubang 2 pcs,75000.0,NEEDS,Kebutuhan Rumah & Mandi,Perlengkapan Makan & Minum Anak,Kebutuhan Ibu & Anak
pigeon botol susu bayi clear blue 120 ml,51900.0,NEEDS,Kebutuhan Rumah & Mandi,Perlengkapan Makan & Minum Anak,Kebutuhan Ibu & Anak
pigeon botol susu bayi clear pink 120 ml,51900.0,NEEDS,Kebutuhan Rumah & Mandi,Perlengkapan Makan & Minum Anak,Kebutuhan Ibu & Anak
pigeon clear streamline botol susu bayi 250 ml,51900.0,NEEDS,Kebutuhan Rumah & Mandi,Perlengkapan Makan & Minum Anak,Kebutuhan Ibu & Anak
cussons botol susu bayi 60 ml,22900.0,NEEDS,Kebutuhan Rumah & Mandi,Perlengkapan Makan & Minum Anak,Kebutuhan Ibu & Anak
baby huki botol susu bayi pp + handle 240 ml,47500.0,NEEDS,Kebutuhan Rumah & Mandi,Perlengkapan Makan & Minum Anak,Kebutuhan Ibu & Anak
baby huki dot botol bayi silikon ortodontik s 1 pcs,12500.0,NEEDS,Kebutuhan Rumah & Mandi,Perlengkapan Makan & Minum Anak,Kebutuhan Ibu & Anak
baby huki dot botol bayi silikon ortodontik m 1 pcs,12500.0,NEEDS,Kebutuhan Rumah & Mandi,Perlengkapan Makan & Minum Anak,Kebutuhan Ibu & Anak
baby huki wadah penyimpanan susu bubuk bayi,24100.0,NEEDS,Kebutuhan Rumah & Mandi,Perlengkapan Makan & Minum Anak,Kebutuhan Ibu & Anak
pigeon botol susu bayi curve pink 250 ml,51900.0,NEEDS,Kebutuhan Rumah & Mandi,Perlengkapan Makan & Minum Anak,Kebutuhan Ibu & Anak
pigeon botol susu bayi curve blue 250 ml,51900.0,NEEDS,Kebutuhan Rumah & Mandi,Perlengkapan Makan & Minum Anak,Kebutuhan Ibu & Anak
pigeon botol susu bayi bpp wide neck orange kucing 160 ml,99900.0,NEEDS,Kebutuhan Rumah & Mandi,Perlengkapan Makan & Minum Anak,Kebutuhan Ibu & Anak
pigeon food feeder botol sendok makan mpasi bayi 120 ml,54900.0,NEEDS,Kebutuhan Rumah & Mandi,Perlengkapan Makan & Minum Anak,Kebutuhan Ibu & Anak
pigeon sendok & garpu peralatan makan bayi,31900.0,NEEDS,Kebutuhan Rumah & Mandi,Perlengkapan Makan & Minum Anak,Kebutuhan Ibu & Anak
pigeon softouch botol susu bayi bpp wide neck hijau kelinci 160 ml,99900.0,NEEDS,Kebutuhan Rumah & Mandi,Perlengkapan Makan & Minum Anak,Kebutuhan Ibu & Anak
pigeon mini light empeng silikon bayi alpaca s,37900.0,NEEDS,Kebutuhan Rumah & Mandi,Perlengkapan Makan & Minum Anak,Kebutuhan Ibu & Anak
pigeon mini light empeng silikon bayi beruang m,37900.0,NEEDS,Kebutuhan Rumah & Mandi,Perlengkapan Makan & Minum Anak,Kebutuhan Ibu & Anak
mom uung pelancar asi 30 kapsul,67900.0,NEEDS,Kebutuhan Rumah & Mandi,"Kebutuhan Ibu, Bayi, & Anak Lainnya",Kebutuhan Ibu & Anak
lansinoh krim puting 10 ml,94900.0,NEEDS,Kebutuhan Rumah & Mandi,"Kebutuhan Ibu, Bayi, & Anak Lainnya",Kebutuhan Ibu & Anak
head & shoulders sampo anti ketombe super cool 300 ml,57900.0,NEEDS,Kebutuhan Rumah & Mandi,Perlengkapan Kamar Mandi,Kebutuhan Rumah
alfamart lovely terry handuk olahraga 30 x 70 cm assorted,19900.0,NEEDS,Kebutuhan Rumah & Mandi,Perlengkapan Kamar Mandi,Kebutuhan Rumah
alfamart handuk mandi 60 x 120 cm,59900.0,NEEDS,Kebutuhan Rumah & Mandi,Perlengkapan Kamar Mandi,Kebutuhan Rumah
merah putih handuk 50 x 100 cm,43900.0,NEEDS,Kebutuhan Rumah & Mandi,Perlengkapan Kamar Mandi,Kebutuhan Rumah
alfamart spons mandi,15900.0,NEEDS,Kebutuhan Rumah & Mandi,Perlengkapan Kamar Mandi,Kebutuhan Rumah
alfamart disney spons mandi assorted d125,22900.0,NEEDS,Kebutuhan Rumah & Mandi,Perlengkapan Kamar Mandi,Kebutuhan Rumah
downy pelembut & pewangi pakaian fresh bouquet refill 550 ml,22700.0,NEEDS,Kebutuhan Rumah & Mandi,Perawatan & Pembersih,Kebutuhan Rumah
scorlines sikat pembersih serbaguna,14900.0,NEEDS,Kebutuhan Rumah & Mandi,Perawatan & Pembersih,Kebutuhan Rumah
downy pelembut & pewangi pakaian french lavender 550 ml,26500.0,NEEDS,Kebutuhan Rumah & Mandi,Perawatan & Pembersih,Kebutuhan Rumah
alfamart spons cuci piring jaring 2 pcs,9200.0,NEEDS,Kebutuhan Rumah & Mandi,Perawatan & Pembersih,Kebutuhan Rumah
sunlight sabun cuci piring jeruk nipis refill 400 ml,8200.0,NEEDS,Kebutuhan Rumah & Mandi,Perawatan & Pembersih,Kebutuhan Rumah
rinso anti noda molto deterjen cair royal gold refill 510 ml,14500.0,NEEDS,Kebutuhan Rumah & Mandi,Perawatan & Pembersih,Kebutuhan Rumah
sunlight sabun cuci piring jeruk nipis botol 675 g,13900.0,NEEDS,Kebutuhan Rumah & Mandi,Perawatan & Pembersih,Kebutuhan Rumah
lifebuoy sabun cuci piring lemon refill 650 ml,6900.0,NEEDS,Kebutuhan Rumah & Mandi,Perawatan & Pembersih,Kebutuhan Rumah
lifebuoy botanitech sabun cuci piring lime refill 650 ml,6900.0,NEEDS,Kebutuhan Rumah & Mandi,Perawatan & Pembersih,Kebutuhan Rumah
sunlight sabun cuci piring jeruk nipis refill 910 ml,13500.0,NEEDS,Kebutuhan Rumah & Mandi,Perawatan & Pembersih,Kebutuhan Rumah
"rapika biang pelicin, pewangi & pelembut pakaian luxury gold 250 ml",4600.0,NEEDS,Kebutuhan Rumah & Mandi,Perawatan & Pembersih,Kebutuhan Rumah
rinso anti noda molto deterjen bubuk + pelembut pakaian rose fresh refill 380 g,10000.0,NEEDS,Kebutuhan Rumah & Mandi,Perawatan & Pembersih,Kebutuhan Rumah
"kispray perfume pelicin, pewangi, pelembut & pakaian sapphire refill 200 ml",5800.0,NEEDS,Kebutuhan Rumah & Mandi,Perawatan & Pembersih,Kebutuhan Rumah
rinso anti noda molto deterjen cair + pelembut pakaian rose fresh refill 510 ml,14500.0,NEEDS,Kebutuhan Rumah & Mandi,Perawatan & Pembersih,Kebutuhan Rumah
rinso anti noda molto deterjen cair + pelembut pakaian perfume essence refill 510 ml,14500.0,NEEDS,Kebutuhan Rumah & Mandi,Perawatan & Pembersih,Kebutuhan Rumah
"kispray pelicin, pewangi, pelembut & pakaian glamorous gold refill 280 ml",7600.0,NEEDS,Kebutuhan Rumah & Mandi,Perawatan & Pembersih,Kebutuhan Rumah
"kispray kasturi suci pelicin, pewangi & pelembut pakaian refill 280 ml",7500.0,NEEDS,Kebutuhan Rumah & Mandi,Perawatan & Pembersih,Kebutuhan Rumah
so klin deterjen cair violet blossom refill 1.6 l,35000.0,NEEDS,Kebutuhan Rumah & Mandi,Perawatan & Pembersih,Kebutuhan Rumah
"kispray pelicin, pewangi & pelembut pakaian violet refill 280 ml",7000.0,NEEDS,Kebutuhan Rumah & Mandi,Perawatan & Pembersih,Kebutuhan Rumah
rinso anti noda deterjen cair pure refill 510 ml,14500.0,NEEDS,Kebutuhan Rumah & Mandi,Perawatan & Pembersih,Kebutuhan Rumah
daia deterjen bubuk + pelembut pakaian violet passion 800 g,15000.0,NEEDS,Kebutuhan Rumah & Mandi,Perawatan & Pembersih,Kebutuhan Rumah
vanish penghilang noda pakaian cair pink refill 425 ml,24900.0,NEEDS,Kebutuhan Rumah & Mandi,Perawatan & Pembersih,Kebutuhan Rumah
daia deterjen bubuk + pelembut pakaian romantic pink 800 g,15000.0,NEEDS,Kebutuhan Rumah & Mandi,Perawatan & Pembersih,Kebutuhan Rumah
so klin deterjen cair scarlet blossom refill 1.6 l,35000.0,NEEDS,Kebutuhan Rumah & Mandi,Perawatan & Pembersih,Kebutuhan Rumah
scotch-brite sabut spons cuci piring hijau,6900.0,NEEDS,Kebutuhan Rumah & Mandi,Perawatan & Pembersih,Kebutuhan Rumah
scotch-brite sabut cuci piring jaring anti gores,7500.0,NEEDS,Kebutuhan Rumah & Mandi,Perawatan & Pembersih,Kebutuhan Rumah
sunlight sabun cuci piring berry and lime botol 675 g,13900.0,NEEDS,Kebutuhan Rumah & Mandi,Perawatan & Pembersih,Kebutuhan Rumah
rinso sensifresh deterjen cair korean strawberry refill 510 ml,14500.0,NEEDS,Kebutuhan Rumah & Mandi,Perawatan & Pembersih,Kebutuhan Rumah
sunlight professional sabun cuci piring jeruk nipis jerigen 5 l,69900.0,NEEDS,Kebutuhan Rumah & Mandi,Perawatan & Pembersih,Kebutuhan Rumah
downy pelembut & pewangi pakaian fresh bouquet refill 1.5 l,54000.0,NEEDS,Kebutuhan Rumah & Mandi,Perawatan & Pembersih,Kebutuhan Rumah
super pell cairan pembersih lantai japanese apple & peony refill 1.6 l,22000.0,NEEDS,Kebutuhan Rumah & Mandi,Perawatan & Pembersih,Kebutuhan Rumah
mama lime sabun cuci piring higienis lime refill 1.5 l,17500.0,NEEDS,Kebutuhan Rumah & Mandi,Perawatan & Pembersih,Kebutuhan Rumah
yuri porstex cairan pembersih kamar mandi ungu 1 l,18900.0,NEEDS,Kebutuhan Rumah & Mandi,Perawatan & Pembersih,Kebutuhan Rumah
daia deterjen bubuk + pelembut pakaian violet passion refill 4 kg,68500.0,NEEDS,Kebutuhan Rumah & Mandi,Perawatan & Pembersih,Kebutuhan Rumah
so klin deterjen cair anti bacterial 700 ml,13900.0,NEEDS,Kebutuhan Rumah & Mandi,Perawatan & Pembersih,Kebutuhan Rumah
harpic cairan pembersih kamar mandi white & shine 450 ml,18400.0,NEEDS,Kebutuhan Rumah & Mandi,Perawatan & Pembersih,Kebutuhan Rumah
downy pelembut & pewangi pakaian anti apek 1.35 l,54000.0,NEEDS,Kebutuhan Rumah & Mandi,Perawatan & Pembersih,Kebutuhan Rumah
downy pelembut & pewangi pakaian adorable bouquet refill 1.5 l,54000.0,NEEDS,Kebutuhan Rumah & Mandi,Perawatan & Pembersih,Kebutuhan Rumah
downy pelembut & pewangi pakaian peach blossom refill 470 ml,26500.0,NEEDS,Kebutuhan Rumah & Mandi,Perawatan & Pembersih,Kebutuhan Rumah
so klin pewangi pakaian comfort blue refill 1.7 l,19900.0,NEEDS,Kebutuhan Rumah & Mandi,Perawatan & Pembersih,Kebutuhan Rumah
molto parfum + protect pelembut dan pewangi pakaian morning fresh blue refill 1.6 l,39000.0,NEEDS,Kebutuhan Rumah & Mandi,Perawatan & Pembersih,Kebutuhan Rumah
total deterjen bubuk + pelembut pakaian violet breeze 770 g,12500.0,NEEDS,Kebutuhan Rumah & Mandi,Perawatan & Pembersih,Kebutuhan Rumah
so klin pewangi pakaian active sport refill 1.7 l,19900.0,NEEDS,Kebutuhan Rumah & Mandi,Perawatan & Pembersih,Kebutuhan Rumah
total deterjen bubuk + pelembut pakaian harum bunga 770 g,12500.0,NEEDS,Kebutuhan Rumah & Mandi,Perawatan & Pembersih,Kebutuhan Rumah
so klin pelembut & pewangi pakaian starry new york 1700 ml,19900.0,NEEDS,Kebutuhan Rumah & Mandi,Perawatan & Pembersih,Kebutuhan Rumah
rinso anti noda molto deterjen cair rose fresh refill 2 x 700 ml,25900.0,NEEDS,Kebutuhan Rumah & Mandi,Perawatan & Pembersih,Kebutuhan Rumah
ava pelembut & pewangi pakaian essential rose 600 ml,10500.0,NEEDS,Kebutuhan Rumah & Mandi,Perawatan & Pembersih,Kebutuhan Rumah
ekonomi sabun krim serbaguna anti noda clean & fresh 380 g,5200.0,NEEDS,Kebutuhan Rumah & Mandi,Perawatan & Pembersih,Kebutuhan Rumah
bukrim superklin sensorial deterjen cair jinhae cherry blossom jerigen 4.5 l,54900.0,NEEDS,Kebutuhan Rumah & Mandi,Perawatan & Pembersih,Kebutuhan Rumah
rinso matic professional deterjen cair mesin cuci laundry jerigen 4.5 l,65000.0,NEEDS,Kebutuhan Rumah & Mandi,Perawatan & Pembersih,Kebutuhan Rumah
sayang deterjen cair original rose jerigen 5 l,44900.0,NEEDS,Kebutuhan Rumah & Mandi,Perawatan & Pembersih,Kebutuhan Rumah
sayang deterjen cair original fresh jerigen 5 l,44900.0,NEEDS,Kebutuhan Rumah & Mandi,Perawatan & Pembersih,Kebutuhan Rumah
bukrim superklin aromatic deterjen cair goseong hani lavender jerigen 4.5 l,54900.0,NEEDS,Kebutuhan Rumah & Mandi,Perawatan & Pembersih,Kebutuhan Rumah
rinso superpro deterjen matic cair jerigen 4.5 l,45900.0,NEEDS,Kebutuhan Rumah & Mandi,Perawatan & Pembersih,Kebutuhan Rumah
rinso sensifresh deterjen cair japanese peach refill 510 ml,14500.0,NEEDS,Kebutuhan Rumah & Mandi,Perawatan & Pembersih,Kebutuhan Rumah
wipol karbol cairan pembersih lantai cemara 750 ml,16900.0,NEEDS,Kebutuhan Rumah & Mandi,Perawatan & Pembersih,Kebutuhan Rumah
bayclin pemutih pakaian reguler botol 500 ml,15700.0,NEEDS,Kebutuhan Rumah & Mandi,Perawatan & Pembersih,Kebutuhan Rumah
alfamart karbol cairan pembersih lantai sereh refill 750 ml,10900.0,NEEDS,Kebutuhan Rumah & Mandi,Perawatan & Pembersih,Kebutuhan Rumah
scotch-brite sabut cuci piring stainless steel,6500.0,NEEDS,Kebutuhan Rumah & Mandi,Perawatan & Pembersih,Kebutuhan Rumah
bayclin pemutih pakaian reguler 1 l,24800.0,NEEDS,Kebutuhan Rumah & Mandi,Perawatan & Pembersih,Kebutuhan Rumah
alfamart karbol cairan pembersih lantai anti bakteri cemara refill 750 ml,7900.0,NEEDS,Kebutuhan Rumah & Mandi,Perawatan & Pembersih,Kebutuhan Rumah
mr muscle cairan pembersih kaca pump 500 ml,11800.0,NEEDS,Kebutuhan Rumah & Mandi,Perawatan & Pembersih,Kebutuhan Rumah
attack deterjen bubuk + pelembut pakaian anti kusut 750 g,21200.0,NEEDS,Kebutuhan Rumah & Mandi,Perawatan & Pembersih,Kebutuhan Rumah
alfamart sabut spons cuci piring assorted,5900.0,NEEDS,Kebutuhan Rumah & Mandi,Perawatan & Pembersih,Kebutuhan Rumah
harpic cairan pembersih kamar mandi original 450 ml,24900.0,NEEDS,Kebutuhan Rumah & Mandi,Perawatan & Pembersih,Kebutuhan Rumah
alfamart sabut cuci piring stainless steel 2 pcs,9200.0,NEEDS,Kebutuhan Rumah & Mandi,Perawatan & Pembersih,Kebutuhan Rumah
gentle gen deterjen cair morning breeze 700 g + kilau nipis sabun cuci piring,16000.0,NEEDS,Kebutuhan Rumah & Mandi,Perawatan & Pembersih,Kebutuhan Rumah
woshi woshi sabun cuci piring lime & baking soda lemon basil 600 + 300 ml,8900.0,NEEDS,Kebutuhan Rumah & Mandi,Perawatan & Pembersih,Kebutuhan Rumah
sos karbol cairan pembersih lantai classic pine refill 725 ml,10500.0,NEEDS,Kebutuhan Rumah & Mandi,Perawatan & Pembersih,Kebutuhan Rumah
sayang deterjen cair rose 700 ml,13500.0,NEEDS,Kebutuhan Rumah & Mandi,Perawatan & Pembersih,Kebutuhan Rumah
sos cairan pembersih lantai orange splash refill 725 ml,8900.0,NEEDS,Kebutuhan Rumah & Mandi,Perawatan & Pembersih,Kebutuhan Rumah
sos cairan pembersih lantai apple wonder refill 725 ml,8900.0,NEEDS,Kebutuhan Rumah & Mandi,Perawatan & Pembersih,Kebutuhan Rumah
kiwi shine & protect semir sepatu instan netral 30 ml,22900.0,NEEDS,Kebutuhan Rumah & Mandi,Perawatan & Pembersih,Kebutuhan Rumah
kiwi wax rich shine & protect semir sepatu instan hitam 75 ml,56000.0,NEEDS,Kebutuhan Rumah & Mandi,Perawatan & Pembersih,Kebutuhan Rumah
sayang deterjen cair original lavender jerigen 5 l,44900.0,NEEDS,Kebutuhan Rumah & Mandi,Perawatan & Pembersih,Kebutuhan Rumah
sunlight sabun cuci piring jeruk nipis refill 1500 ml,20000.0,NEEDS,Kebutuhan Rumah & Mandi,Perawatan & Pembersih,Kebutuhan Rumah
molto pelembut & pewangi pakaian soft & fresh refill 1.7 l,19000.0,NEEDS,Kebutuhan Rumah & Mandi,Perawatan & Pembersih,Kebutuhan Rumah
royale by so klin pelembut & pewangi pakaian starry night refill 650 ml,13900.0,NEEDS,Kebutuhan Rumah & Mandi,Perawatan & Pembersih,Kebutuhan Rumah
molto pelembut & pewangi pakaian active fresh refill 1.7 l,19000.0,NEEDS,Kebutuhan Rumah & Mandi,Perawatan & Pembersih,Kebutuhan Rumah
molto pelembut & pewangi pakaian sports fresh refill 1.7 l,19000.0,NEEDS,Kebutuhan Rumah & Mandi,Perawatan & Pembersih,Kebutuhan Rumah
bukrim superklin sensorial deterjen bubuk jinhae cherry blossom 650 g,14000.0,NEEDS,Kebutuhan Rumah & Mandi,Perawatan & Pembersih,Kebutuhan Rumah
so klin matic professional deterjen cair mesin cuci laundry jerigen 4.5 l,66500.0,NEEDS,Kebutuhan Rumah & Mandi,Perawatan & Pembersih,Kebutuhan Rumah
mama lemon pencuci piring jeruk nipis jerigen 5 l,65900.0,NEEDS,Kebutuhan Rumah & Mandi,Perawatan & Pembersih,Kebutuhan Rumah
wipol karbol cairan pembersih lantai cemara refill 2 x 750 ml,25900.0,NEEDS,Kebutuhan Rumah & Mandi,Perawatan & Pembersih,Kebutuhan Rumah
attack jaz1 deterjen bubuk semerbak cinta 800 g,15900.0,NEEDS,Kebutuhan Rumah & Mandi,Perawatan & Pembersih,Kebutuhan Rumah
daia deterjen bubuk clean & fresh hijab 4 kg,68500.0,NEEDS,Kebutuhan Rumah & Mandi,Perawatan & Pembersih,Kebutuhan Rumah
so klin cairan pembersih lantai apple & peony jerigen 4 l,44900.0,NEEDS,Kebutuhan Rumah & Mandi,Perawatan & Pembersih,Kebutuhan Rumah
supersol karbol cairan pembersih lantai cemara refill 1.5 l,22500.0,NEEDS,Kebutuhan Rumah & Mandi,Perawatan & Pembersih,Kebutuhan Rumah
sayang profesional deterjen cair + pelembut pakaian white flower jerigen 4.5 l,55000.0,NEEDS,Kebutuhan Rumah & Mandi,Perawatan & Pembersih,Kebutuhan Rumah
ekonomi sabun cuci piring jeruk nipis jerigen 5 l,59000.0,NEEDS,Kebutuhan Rumah & Mandi,Perawatan & Pembersih,Kebutuhan Rumah
so klin softergent deterjen cair + pelembut pakaian sakura stroberi refill 1.6 l,29900.0,NEEDS,Kebutuhan Rumah & Mandi,Perawatan & Pembersih,Kebutuhan Rumah
total deterjen bubuk + pelembut pakaian putih 770 g,12500.0,NEEDS,Kebutuhan Rumah & Mandi,Perawatan & Pembersih,Kebutuhan Rumah
so klin cairan pembersih lantai eucalyptus mint refill 1.45 l,15500.0,NEEDS,Kebutuhan Rumah & Mandi,Perawatan & Pembersih,Kebutuhan Rumah
so klin twilight pelembut & pewangi pakaian flowery blue refill 650 ml,9900.0,NEEDS,Kebutuhan Rumah & Mandi,Perawatan & Pembersih,Kebutuhan Rumah
so klin pelembut & pewangi pakaian tokyo spring 1700 ml,19900.0,NEEDS,Kebutuhan Rumah & Mandi,Perawatan & Pembersih,Kebutuhan Rumah
downy pelembut & pewangi pakaian passion 1.35 l,54000.0,NEEDS,Kebutuhan Rumah & Mandi,Perawatan & Pembersih,Kebutuhan Rumah
max bio+ sabun cuci piring jeruk nipis jerigen 4 l,44900.0,NEEDS,Kebutuhan Rumah & Mandi,Perawatan & Pembersih,Kebutuhan Rumah
lifebuoy botanitech sabun cuci piring lime refill 1.5 l,16000.0,NEEDS,Kebutuhan Rumah & Mandi,Perawatan & Pembersih,Kebutuhan Rumah
molto superpro pelembut pakaian jerigen 4.5 l,59900.0,NEEDS,Kebutuhan Rumah & Mandi,Perawatan & Pembersih,Kebutuhan Rumah
total deterjen bubuk + pelembut pakaian harum lemon 770 g,12500.0,NEEDS,Kebutuhan Rumah & Mandi,Perawatan & Pembersih,Kebutuhan Rumah
sos cairan pembersih lantai magic lavender jerigen 3.5 l,38900.0,NEEDS,Kebutuhan Rumah & Mandi,Perawatan & Pembersih,Kebutuhan Rumah
vanish cair penghilang noda pakaian refill 750 ml,44900.0,NEEDS,Kebutuhan Rumah & Mandi,Perawatan & Pembersih,Kebutuhan Rumah
kiwi wax rich shine & protect semir sepatu instan netral 75 ml,45500.0,NEEDS,Kebutuhan Rumah & Mandi,Perawatan & Pembersih,Kebutuhan Rumah
attack batik care deterjen cair 400 ml,17000.0,NEEDS,Kebutuhan Rumah & Mandi,Perawatan & Pembersih,Kebutuhan Rumah
attack batik care deterjen cair 400 ml,17000.0,NEEDS,Kebutuhan Rumah & Mandi,Perawatan & Pembersih,Kebutuhan Rumah
attack hygiene & color protection deterjen cair 1.2 l,35500.0,NEEDS,Kebutuhan Rumah & Mandi,Perawatan & Pembersih,Kebutuhan Rumah
attack deterjen cair + pelembut pakaian anti kusut 1.2 l,35500.0,NEEDS,Kebutuhan Rumah & Mandi,Perawatan & Pembersih,Kebutuhan Rumah
vanish pink penghilang noda pakaian cair botol 1l,59900.0,NEEDS,Kebutuhan Rumah & Mandi,Perawatan & Pembersih,Kebutuhan Rumah
vanish pink penghilang noda pakaian bubuk 400 g,49900.0,NEEDS,Kebutuhan Rumah & Mandi,Perawatan & Pembersih,Kebutuhan Rumah
vanish white penghilang noda pakaian cair refill 750 ml,39000.0,NEEDS,Kebutuhan Rumah & Mandi,Perawatan & Pembersih,Kebutuhan Rumah
so klin cairan pembersih lantai floral lavender refill 1.6 l,19900.0,NEEDS,Kebutuhan Rumah & Mandi,Perawatan & Pembersih,Kebutuhan Rumah
wpc pembersih porselen kamar mandi ekstra kuat jerigen 4 l,59800.0,NEEDS,Kebutuhan Rumah & Mandi,Perawatan & Pembersih,Kebutuhan Rumah
yuri taf krim pembersih serbaguna lemon & lime 500 ml,17900.0,NEEDS,Kebutuhan Rumah & Mandi,Perawatan & Pembersih,Kebutuhan Rumah
yuri taf krim pembersih serbaguna fresh blue 500 ml,17900.0,NEEDS,Kebutuhan Rumah & Mandi,Perawatan & Pembersih,Kebutuhan Rumah
prokleen sabun cuci piring jerigen 5 l,59900.0,NEEDS,Kebutuhan Rumah & Mandi,Perawatan & Pembersih,Kebutuhan Rumah
scotch-brite sikat pembersih lantai kamar mandi,23500.0,NEEDS,Kebutuhan Rumah & Mandi,Perawatan & Pembersih,Kebutuhan Rumah
scotch-brite lap spons dapur,22500.0,NEEDS,Kebutuhan Rumah & Mandi,Perawatan & Pembersih,Kebutuhan Rumah
scotch-brite lap dapur microfiber,26500.0,NEEDS,Kebutuhan Rumah & Mandi,Perawatan & Pembersih,Kebutuhan Rumah
scotch-brite spons dapur scrub dots 2 pcs,14000.0,NEEDS,Kebutuhan Rumah & Mandi,Perawatan & Pembersih,Kebutuhan Rumah
bagus micromate pembersih bulu dengan perekat 60 s,33900.0,NEEDS,Kebutuhan Rumah & Mandi,Perawatan & Pembersih,Kebutuhan Rumah
bagus micromate pembersih bulu dengan perekat refill 60 s x 2,26900.0,NEEDS,Kebutuhan Rumah & Mandi,Perawatan & Pembersih,Kebutuhan Rumah
bagus spons pembersih dapur 3 pcs,23900.0,NEEDS,Kebutuhan Rumah & Mandi,Perawatan & Pembersih,Kebutuhan Rumah
bagus micromate kain lap serba guna ungu 40 x 40 cm,21500.0,NEEDS,Kebutuhan Rumah & Mandi,Perawatan & Pembersih,Kebutuhan Rumah
bagus micromate kain lap serba guna merah ungu 30 x 30 cm,21500.0,NEEDS,Kebutuhan Rumah & Mandi,Perawatan & Pembersih,Kebutuhan Rumah
prokleen karbol cairan pembersih lantai cemara refill 800 ml,10500.0,NEEDS,Kebutuhan Rumah & Mandi,Perawatan & Pembersih,Kebutuhan Rumah
bebek karbol cairan pembersih lantai pinus refill 450 ml,9000.0,NEEDS,Kebutuhan Rumah & Mandi,Perawatan & Pembersih,Kebutuhan Rumah
mr muscle gel pembersih kloset lavender 36 ml,19500.0,NEEDS,Kebutuhan Rumah & Mandi,Perawatan & Pembersih,Kebutuhan Rumah
bebek karbol cairan pembersih lantai sereh 450 ml,9000.0,NEEDS,Kebutuhan Rumah & Mandi,Perawatan & Pembersih,Kebutuhan Rumah
so klin bio-matic deterjen bubuk + pelembut pakaian mesin cuci bukaan depan 1.8 kg,49500.0,NEEDS,Kebutuhan Rumah & Mandi,Perawatan & Pembersih,Kebutuhan Rumah
yuri lysorin disinfektan cairan pembersih lantai 1 l,15900.0,NEEDS,Kebutuhan Rumah & Mandi,Perawatan & Pembersih,Kebutuhan Rumah
yuri lysorin disinfektan cairan pembersih lantai refill 630 ml,9500.0,NEEDS,Kebutuhan Rumah & Mandi,Perawatan & Pembersih,Kebutuhan Rumah
attack sensor matic deterjen cair mesin cuci bukaan atas & depan 1.2 l,40000.0,NEEDS,Kebutuhan Rumah & Mandi,Perawatan & Pembersih,Kebutuhan Rumah
so klin cairan pembersih lantai fruity apple refill 1.6 l,19900.0,NEEDS,Kebutuhan Rumah & Mandi,Perawatan & Pembersih,Kebutuhan Rumah
so klin cairan pembersih lantai citrus lemon refill 1.6 l,19900.0,NEEDS,Kebutuhan Rumah & Mandi,Perawatan & Pembersih,Kebutuhan Rumah
rinso matic deterjen bubuk mesin cuci bukaan depan 1.8 kg,65000.0,NEEDS,Kebutuhan Rumah & Mandi,Perawatan & Pembersih,Kebutuhan Rumah
harpic cairan pembersih kamar mandi citrus 750 ml,35000.0,NEEDS,Kebutuhan Rumah & Mandi,Perawatan & Pembersih,Kebutuhan Rumah
sunlight power sabun cuci piring spray 300 ml,21500.0,NEEDS,Kebutuhan Rumah & Mandi,Perawatan & Pembersih,Kebutuhan Rumah
sunlight professional sabun cuci piring jeruk nipis pouch 2.2 l,31500.0,NEEDS,Kebutuhan Rumah & Mandi,Perawatan & Pembersih,Kebutuhan Rumah
rinso matic professional deterjen bubuk mesin cuci laundry refill 3 kg,63900.0,NEEDS,Kebutuhan Rumah & Mandi,Perawatan & Pembersih,Kebutuhan Rumah
yuri matic deterjen cair anti bau keringat romantic blue jerigen 3.7 l,97500.0,NEEDS,Kebutuhan Rumah & Mandi,Perawatan & Pembersih,Kebutuhan Rumah
total deterjen bubuk + pelembut pakaian oriental blossom 700 g,13900.0,NEEDS,Kebutuhan Rumah & Mandi,Perawatan & Pembersih,Kebutuhan Rumah
total deterjen bubuk + pelembut pakaian floral bliss 700 g,13900.0,NEEDS,Kebutuhan Rumah & Mandi,Perawatan & Pembersih,Kebutuhan Rumah
daia deterjen bubuk + pelembut pakaian romantic pink 2.7 kg,42500.0,NEEDS,Kebutuhan Rumah & Mandi,Perawatan & Pembersih,Kebutuhan Rumah
ava pelembut & pewangi pakaian violet sensations 600 ml,10500.0,NEEDS,Kebutuhan Rumah & Mandi,Perawatan & Pembersih,Kebutuhan Rumah
ava pelembut & pewangi pakaian essential rose 1.4 l,23900.0,NEEDS,Kebutuhan Rumah & Mandi,Perawatan & Pembersih,Kebutuhan Rumah
ava pelembut & pewangi pakaian violet sensations 1.4 l,23900.0,NEEDS,Kebutuhan Rumah & Mandi,Perawatan & Pembersih,Kebutuhan Rumah
k1000 deterjen bubuk lavender bloom 5 kg,56900.0,NEEDS,Kebutuhan Rumah & Mandi,Perawatan & Pembersih,Kebutuhan Rumah
k1000 deterjen bubuk aqua rose 5 kg,56900.0,NEEDS,Kebutuhan Rumah & Mandi,Perawatan & Pembersih,Kebutuhan Rumah
triple dice deterjen bubuk floral fantasy 4.2 kg,53900.0,NEEDS,Kebutuhan Rumah & Mandi,Perawatan & Pembersih,Kebutuhan Rumah
triple dice deterjen bubuk tri-zip 4.2 kg,53900.0,NEEDS,Kebutuhan Rumah & Mandi,Perawatan & Pembersih,Kebutuhan Rumah
kuat harimau sabun cuci piring jeruk nipis jerigen 5 l,67500.0,NEEDS,Kebutuhan Rumah & Mandi,Perawatan & Pembersih,Kebutuhan Rumah
kuat harimau super-k deterjen cair anti bakteri 3.8 kg,76900.0,NEEDS,Kebutuhan Rumah & Mandi,Perawatan & Pembersih,Kebutuhan Rumah
kuat harimau super-k deterjen cair colourtec 3.6 kg,76900.0,NEEDS,Kebutuhan Rumah & Mandi,Perawatan & Pembersih,Kebutuhan Rumah
filmore pharma laundry lab deterjen cair pakaian dalam pump 250 ml,53000.0,NEEDS,Kebutuhan Rumah & Mandi,Perawatan & Pembersih,Kebutuhan Rumah
so klin softergent deterjen bubuk + pelembut pakaian rosy pink 2.7 kg,45900.0,NEEDS,Kebutuhan Rumah & Mandi,Perawatan & Pembersih,Kebutuhan Rumah
so klin softergent deterjen bubuk + pelembut pakaian lavender & lily 2.7 kg,45900.0,NEEDS,Kebutuhan Rumah & Mandi,Perawatan & Pembersih,Kebutuhan Rumah
so klin softergent deterjen bubuk + pelembut pakaian sakura & strawberry 2.7 kg,45900.0,NEEDS,Kebutuhan Rumah & Mandi,Perawatan & Pembersih,Kebutuhan Rumah
so klin softergent deterjen bubuk + pelembut pakaian magnolia & berries 2.7 kg,45900.0,NEEDS,Kebutuhan Rumah & Mandi,Perawatan & Pembersih,Kebutuhan Rumah
wizz penghilang noda pakaian floral fresh 750 ml,23500.0,NEEDS,Kebutuhan Rumah & Mandi,Perawatan & Pembersih,Kebutuhan Rumah
cif cream pembersih serbaguna original botol 660 g,29900.0,NEEDS,Kebutuhan Rumah & Mandi,Perawatan & Pembersih,Kebutuhan Rumah
alfamart kain lap pel pembersih lantai assorted 1 pcs,21900.0,NEEDS,Kebutuhan Rumah & Mandi,Perawatan & Pembersih,Kebutuhan Rumah
alfamart kain lap pembersih mikrofiber serbaguna assorted 1 pcs,37900.0,NEEDS,Kebutuhan Rumah & Mandi,Perawatan & Pembersih,Kebutuhan Rumah
scorlines sikat pembersih lantai,22500.0,NEEDS,Kebutuhan Rumah & Mandi,Perawatan & Pembersih,Kebutuhan Rumah
scorlines sikat serbaguna,22500.0,NEEDS,Kebutuhan Rumah & Mandi,Perawatan & Pembersih,Kebutuhan Rumah
molto trika pelicin & pewangi pakaian refill banded 3 x 300 ml,8300.0,NEEDS,Kebutuhan Rumah & Mandi,Perawatan & Pembersih,Kebutuhan Rumah
so klin softergent deterjen bubuk + pelembut pakaian lavender & lily 1.44 kg,29000.0,NEEDS,Kebutuhan Rumah & Mandi,Perawatan & Pembersih,Kebutuhan Rumah
royale by so klin hijab pelembut & pewangi pakaian black velvet refill 650 ml,13900.0,NEEDS,Kebutuhan Rumah & Mandi,Perawatan & Pembersih,Kebutuhan Rumah
so klin cairan pembersih lantai citrus garden refill 700 ml,7900.0,NEEDS,Kebutuhan Rumah & Mandi,Perawatan & Pembersih,Kebutuhan Rumah
so klin cairan pembersih lantai lavender bloom refill 770 ml,9900.0,NEEDS,Kebutuhan Rumah & Mandi,Perawatan & Pembersih,Kebutuhan Rumah
rinso anti noda deterjen bubuk pure 1.4 kg,32300.0,NEEDS,Kebutuhan Rumah & Mandi,Perawatan & Pembersih,Kebutuhan Rumah
kilau nipis sabun cuci piring refill 630 ml,7400.0,NEEDS,Kebutuhan Rumah & Mandi,Perawatan & Pembersih,Kebutuhan Rumah
wipol karbol cairan pembersih lantai sereh & jeruk refill 720 g,13500.0,NEEDS,Kebutuhan Rumah & Mandi,Perawatan & Pembersih,Kebutuhan Rumah
gentle gen deterjen cair tumbuhan morning breeze 700 g,19900.0,NEEDS,Kebutuhan Rumah & Mandi,Perawatan & Pembersih,Kebutuhan Rumah
rinso anti noda signature perfume deterjen bubuk rose fresh 1.4 kg,32300.0,NEEDS,Kebutuhan Rumah & Mandi,Perawatan & Pembersih,Kebutuhan Rumah
scotch-brite sabut cuci piring spons & stainless 2 pcs,14700.0,NEEDS,Kebutuhan Rumah & Mandi,Perawatan & Pembersih,Kebutuhan Rumah
sunlight anti bau sabun cuci piring lime & mint refill 600 ml,8900.0,NEEDS,Kebutuhan Rumah & Mandi,Perawatan & Pembersih,Kebutuhan Rumah
vixal cairan pembersih kamar mandi kuat harum segar 700 g,13900.0,NEEDS,Kebutuhan Rumah & Mandi,Perawatan & Pembersih,Kebutuhan Rumah
so klin cairan pembersih lantai lemon zest refill 770 ml,9900.0,NEEDS,Kebutuhan Rumah & Mandi,Perawatan & Pembersih,Kebutuhan Rumah
so klin liquid nature deterjen cair english rose botol 700 ml,16500.0,NEEDS,Kebutuhan Rumah & Mandi,Perawatan & Pembersih,Kebutuhan Rumah
supersol karbol cairan pembersih lantai sereh refill 720 g,10900.0,NEEDS,Kebutuhan Rumah & Mandi,Perawatan & Pembersih,Kebutuhan Rumah
polki pembersih kulkas anti bakteri spray 400 ml,27900.0,NEEDS,Kebutuhan Rumah & Mandi,Perawatan & Pembersih,Kebutuhan Rumah
polki pembersih kulkas anti bakteri refill 1.5 l,39900.0,NEEDS,Kebutuhan Rumah & Mandi,Perawatan & Pembersih,Kebutuhan Rumah
polki pembersih dapur serbaguna 1.5 l,39900.0,NEEDS,Kebutuhan Rumah & Mandi,Perawatan & Pembersih,Kebutuhan Rumah
rinso matic deterjen kapsul lavender fresh 189 g,27500.0,NEEDS,Kebutuhan Rumah & Mandi,Perawatan & Pembersih,Kebutuhan Rumah
bebek cairan pembersih kloset lemon 450 ml,17900.0,NEEDS,Kebutuhan Rumah & Mandi,Perawatan & Pembersih,Kebutuhan Rumah
bebek cairan pembersih kloset ekstra kuat 450 ml,18500.0,NEEDS,Kebutuhan Rumah & Mandi,Perawatan & Pembersih,Kebutuhan Rumah
yuri porstex pembersih kloset 500 ml,19500.0,NEEDS,Kebutuhan Rumah & Mandi,Perawatan & Pembersih,Kebutuhan Rumah
pledge pembersih & pengkilap mebel lemon pump 450 ml,24500.0,NEEDS,Kebutuhan Rumah & Mandi,Perawatan & Pembersih,Kebutuhan Rumah
alfamart sabun cuci piring lime 650 ml,6600.0,NEEDS,Kebutuhan Rumah & Mandi,Perawatan & Pembersih,Kebutuhan Rumah
alfamart sabun cuci piring lemon 650 ml,6600.0,NEEDS,Kebutuhan Rumah & Mandi,Perawatan & Pembersih,Kebutuhan Rumah
prokleen cairan pembersih lantai apple jerigen 5 l,45000.0,NEEDS,Kebutuhan Rumah & Mandi,Perawatan & Pembersih,Kebutuhan Rumah
prokleen pelembut & pewangi pakaian sweet heart jerigen 5 l,65000.0,NEEDS,Kebutuhan Rumah & Mandi,Perawatan & Pembersih,Kebutuhan Rumah
spume pewangi & pelicin pakaian jerigen 1 l,21500.0,NEEDS,Kebutuhan Rumah & Mandi,Perawatan & Pembersih,Kebutuhan Rumah
prokleen karbol cairan pembersih lantai sereh lemon refill 800 ml,13500.0,NEEDS,Kebutuhan Rumah & Mandi,Perawatan & Pembersih,Kebutuhan Rumah
bebek cairan pembersih kloset lavender 450 ml,17900.0,NEEDS,Kebutuhan Rumah & Mandi,Perawatan & Pembersih,Kebutuhan Rumah
bebek cairan pembersih kamar mandi sakura pembersih kamar mandi 500 ml,19500.0,NEEDS,Kebutuhan Rumah & Mandi,Perawatan & Pembersih,Kebutuhan Rumah
prokleen cairan pembersih porselen jerigen 5 l,45000.0,NEEDS,Kebutuhan Rumah & Mandi,Perawatan & Pembersih,Kebutuhan Rumah
prokleen cairan pembersih lantai lemon jerigen 5 l,45000.0,NEEDS,Kebutuhan Rumah & Mandi,Perawatan & Pembersih,Kebutuhan Rumah
prokleen deterjen cair blue sparkle jerigen 5 l,65000.0,NEEDS,Kebutuhan Rumah & Mandi,Perawatan & Pembersih,Kebutuhan Rumah
prokleen pelembut pakaian cair daring blue jerigen 5 l,65000.0,NEEDS,Kebutuhan Rumah & Mandi,Perawatan & Pembersih,Kebutuhan Rumah
spume sabun cuci piring jeruk nipis jerigen 5 l,65000.0,NEEDS,Kebutuhan Rumah & Mandi,Perawatan & Pembersih,Kebutuhan Rumah
spume cairan pembersih lantai fresh lemon jerigen 5 l,54000.0,NEEDS,Kebutuhan Rumah & Mandi,Perawatan & Pembersih,Kebutuhan Rumah
spume cairan pembersih lantai green apple jerigen 5 l,54000.0,NEEDS,Kebutuhan Rumah & Mandi,Perawatan & Pembersih,Kebutuhan Rumah
spume deterjen cair exotic sakura jerigen 5 l,70900.0,NEEDS,Kebutuhan Rumah & Mandi,Perawatan & Pembersih,Kebutuhan Rumah
spume pelembut pakaian exotic sakura jerigen 5 l,70900.0,NEEDS,Kebutuhan Rumah & Mandi,Perawatan & Pembersih,Kebutuhan Rumah
pledge pembersih lantai kayu refill 400 ml,18500.0,NEEDS,Kebutuhan Rumah & Mandi,Perawatan & Pembersih,Kebutuhan Rumah
mr muscle cairan pembersih dapur spray 500 ml,32900.0,NEEDS,Kebutuhan Rumah & Mandi,Perawatan & Pembersih,Kebutuhan Rumah
mr muscle cairan pembersih dapur refill 480 ml,26000.0,NEEDS,Kebutuhan Rumah & Mandi,Perawatan & Pembersih,Kebutuhan Rumah
prokleen deterjen cair french rose jerigen 5 l,65000.0,NEEDS,Kebutuhan Rumah & Mandi,Perawatan & Pembersih,Kebutuhan Rumah
prokleen deterjen cair ocean wave jerigen 5 l,65000.0,NEEDS,Kebutuhan Rumah & Mandi,Perawatan & Pembersih,Kebutuhan Rumah
ekonomi sabun krim serbaguna anti noda bucket 4850 g,68500.0,NEEDS,Kebutuhan Rumah & Mandi,Perawatan & Pembersih,Kebutuhan Rumah
prokleen karbol cairan pembersih lantai sereh 5 l,69900.0,NEEDS,Kebutuhan Rumah & Mandi,Perawatan & Pembersih,Kebutuhan Rumah
prokleen cairan pembersih lantai lavender jerigen 5 l,45000.0,NEEDS,Kebutuhan Rumah & Mandi,Perawatan & Pembersih,Kebutuhan Rumah
vixal cairan pembersih kamar mandi hcl ekstra kuat 2 x 750 ml,29000.0,NEEDS,Kebutuhan Rumah & Mandi,Perawatan & Pembersih,Kebutuhan Rumah
max bio+ deterjen cair konsentrat glamour rose refill 1.6 l x 2 pcs,39900.0,NEEDS,Kebutuhan Rumah & Mandi,Perawatan & Pembersih,Kebutuhan Rumah
max bio+ deterjen cair konsentrat la lavender refill 1.6 l x 2 pcs,39900.0,NEEDS,Kebutuhan Rumah & Mandi,Perawatan & Pembersih,Kebutuhan Rumah
vixal cairan pembersih kamar mandi hcl ekstra kuat 750 ml,13900.0,NEEDS,Kebutuhan Rumah & Mandi,Perawatan & Pembersih,Kebutuhan Rumah
sunlight sabun cuci piring jeruk nipis botol 750 ml,10000.0,NEEDS,Kebutuhan Rumah & Mandi,Perawatan & Pembersih,Kebutuhan Rumah
cling cairan pembersih kaca ocean fresh refill 400 ml,4200.0,NEEDS,Kebutuhan Rumah & Mandi,Perawatan & Pembersih,Kebutuhan Rumah
gentle gen deterjen cair tumbuhan camellia bloom 700 g,19900.0,NEEDS,Kebutuhan Rumah & Mandi,Perawatan & Pembersih,Kebutuhan Rumah
bagus karbol cairan disinfektan pembersih lantai refill pinus 575 ml,11500.0,NEEDS,Kebutuhan Rumah & Mandi,Perawatan & Pembersih,Kebutuhan Rumah
scotch-brite sabut spons cuci piring anti gores,8900.0,NEEDS,Kebutuhan Rumah & Mandi,Perawatan & Pembersih,Kebutuhan Rumah
rinso anti noda molto deterjen cair + pelembut pakaian perfume essence refill 1.5 l,31900.0,NEEDS,Kebutuhan Rumah & Mandi,Perawatan & Pembersih,Kebutuhan Rumah
royale by so klin pelembut & pewangi pakaian pink satin refill 650 ml,13900.0,NEEDS,Kebutuhan Rumah & Mandi,Perawatan & Pembersih,Kebutuhan Rumah
so klin softergent deterjen bubuk + pelembut pakaian peony & rose 700 g,16300.0,NEEDS,Kebutuhan Rumah & Mandi,Perawatan & Pembersih,Kebutuhan Rumah
sosoft deterjen cair tumbuhan rose & waterlily botol 700 ml,12500.0,NEEDS,Kebutuhan Rumah & Mandi,Perawatan & Pembersih,Kebutuhan Rumah
royale by so klin pelembut & pewangi pakaian spring blossom 600 ml,13900.0,NEEDS,Kebutuhan Rumah & Mandi,Perawatan & Pembersih,Kebutuhan Rumah
mama lemon sabun cuci piring jeruk nipis refill 430 g,5900.0,NEEDS,Kebutuhan Rumah & Mandi,Perawatan & Pembersih,Kebutuhan Rumah
daia deterjen bubuk clean & fresh hijab 1.5 kg,24400.0,NEEDS,Kebutuhan Rumah & Mandi,Perawatan & Pembersih,Kebutuhan Rumah
wpc pembersih porselen active strong 750 ml,13500.0,NEEDS,Kebutuhan Rumah & Mandi,Perawatan & Pembersih,Kebutuhan Rumah
super pell cairan pembersih lantai citrus refill 500 ml,7900.0,NEEDS,Kebutuhan Rumah & Mandi,Perawatan & Pembersih,Kebutuhan Rumah
wipol bio shield karbol cairan disinfektan pembersih lantai refill 390 ml,7900.0,NEEDS,Kebutuhan Rumah & Mandi,Perawatan & Pembersih,Kebutuhan Rumah
wipol karbol cairan pembersih lantai cemara refill 720 g,13500.0,NEEDS,Kebutuhan Rumah & Mandi,Perawatan & Pembersih,Kebutuhan Rumah
downy pelembut & pewangi pakaian passion 550 ml,20900.0,NEEDS,Kebutuhan Rumah & Mandi,Perawatan & Pembersih,Kebutuhan Rumah
daia deterjen bubuk + pelembut pakaian violet passion refill 1.5 kg,24400.0,NEEDS,Kebutuhan Rumah & Mandi,Perawatan & Pembersih,Kebutuhan Rumah
boom cinta deterjen bubuk lavender 770 g,14500.0,NEEDS,Kebutuhan Rumah & Mandi,Perawatan & Pembersih,Kebutuhan Rumah
rinso anti noda molto deterjen cair + pelembut pakaian rose fresh refill 700 ml,14900.0,NEEDS,Kebutuhan Rumah & Mandi,Perawatan & Pembersih,Kebutuhan Rumah
rinso anti noda deterjen cair classic fresh 700 g,14900.0,NEEDS,Kebutuhan Rumah & Mandi,Perawatan & Pembersih,Kebutuhan Rumah
gentle gen deterjen cair tumbuhan anti keringat 700 g,19900.0,NEEDS,Kebutuhan Rumah & Mandi,Perawatan & Pembersih,Kebutuhan Rumah
vixal cairan pembersih kamar mandi ekstra kuat 700 g,13900.0,NEEDS,Kebutuhan Rumah & Mandi,Perawatan & Pembersih,Kebutuhan Rumah
so klin liquid nature deterjen cair french lilac botol 700 ml,16500.0,NEEDS,Kebutuhan Rumah & Mandi,Perawatan & Pembersih,Kebutuhan Rumah
rinso matic deterjen cair mesin cuci bukaan atas refill 700 ml,13500.0,NEEDS,Kebutuhan Rumah & Mandi,Perawatan & Pembersih,Kebutuhan Rumah
gentle gen deterjen cair tumbuhan parisienne garden 700 g,19900.0,NEEDS,Kebutuhan Rumah & Mandi,Perawatan & Pembersih,Kebutuhan Rumah
sosoft deterjen cair tumbuhan floral lily 700 ml,12500.0,NEEDS,Kebutuhan Rumah & Mandi,Perawatan & Pembersih,Kebutuhan Rumah
sosoft deterjen cair tumbuhan sakura blossom botol 700 ml,12500.0,NEEDS,Kebutuhan Rumah & Mandi,Perawatan & Pembersih,Kebutuhan Rumah
mama lime sabun cuci piring green tea refill 690 g,8900.0,NEEDS,Kebutuhan Rumah & Mandi,Perawatan & Pembersih,Kebutuhan Rumah
so klin softergent deterjen bubuk + pelembut pakaian magnolia & berries 700 g,16300.0,NEEDS,Kebutuhan Rumah & Mandi,Perawatan & Pembersih,Kebutuhan Rumah
mama lime green sabun cuci piring jeruk nipis dan timun 690 g,8900.0,NEEDS,Kebutuhan Rumah & Mandi,Perawatan & Pembersih,Kebutuhan Rumah
mama lemon sabun cuci piring lemon & daun mint refill 690 g,8900.0,NEEDS,Kebutuhan Rumah & Mandi,Perawatan & Pembersih,Kebutuhan Rumah
mama lime sabun cuci piring higienis lime refill 690 g,8900.0,NEEDS,Kebutuhan Rumah & Mandi,Perawatan & Pembersih,Kebutuhan Rumah
royale by so klin pelembut & pewangi pakaian summer lovin 600 ml,13900.0,NEEDS,Kebutuhan Rumah & Mandi,Perawatan & Pembersih,Kebutuhan Rumah
so klin deterjen bubuk eau de parfum fleurs de lis 1.4 kg,29000.0,NEEDS,Kebutuhan Rumah & Mandi,Perawatan & Pembersih,Kebutuhan Rumah
downy pelembut & pewangi pakaian sunrise fresh 550 ml,20900.0,NEEDS,Kebutuhan Rumah & Mandi,Perawatan & Pembersih,Kebutuhan Rumah
daia deterjen bubuk floral refill 1.5 kg,24400.0,NEEDS,Kebutuhan Rumah & Mandi,Perawatan & Pembersih,Kebutuhan Rumah
attack deterjen cair + pelembut pakaian anti kusut 750 ml,21300.0,NEEDS,Kebutuhan Rumah & Mandi,Perawatan & Pembersih,Kebutuhan Rumah
downy pelembut & pewangi pakaian mystique 550 ml,20900.0,NEEDS,Kebutuhan Rumah & Mandi,Perawatan & Pembersih,Kebutuhan Rumah
downy pelembut & pewangi pakaian adorable bouquet 550 ml,17900.0,NEEDS,Kebutuhan Rumah & Mandi,Perawatan & Pembersih,Kebutuhan Rumah
daia deterjen bubuk fruity refill 1.5 kg,24400.0,NEEDS,Kebutuhan Rumah & Mandi,Perawatan & Pembersih,Kebutuhan Rumah
daia deterjen bubuk + pelembut pakaian romantic pink refill 1.5 kg,24400.0,NEEDS,Kebutuhan Rumah & Mandi,Perawatan & Pembersih,Kebutuhan Rumah
vanish oxi action penghilang noda pakaian bubuk 105 g,24900.0,NEEDS,Kebutuhan Rumah & Mandi,Perawatan & Pembersih,Kebutuhan Rumah
daia deterjen bubuk putih fresh scent refill 1.5 kg,24400.0,NEEDS,Kebutuhan Rumah & Mandi,Perawatan & Pembersih,Kebutuhan Rumah
so klin softergent deterjen bubuk + pelembut pakaian lavender & lily 425 g,10000.0,NEEDS,Kebutuhan Rumah & Mandi,Perawatan & Pembersih,Kebutuhan Rumah
boom cinta deterjen cair rose ceria 510 ml,7500.0,NEEDS,Kebutuhan Rumah & Mandi,Perawatan & Pembersih,Kebutuhan Rumah
ekonomi sabun krim serbaguna fresh citrus 380 g,5800.0,NEEDS,Kebutuhan Rumah & Mandi,Perawatan & Pembersih,Kebutuhan Rumah
rinso anti noda molto deterjen bubuk + pelembut pakaian rose fresh refill 700 g,20700.0,NEEDS,Kebutuhan Rumah & Mandi,Perawatan & Pembersih,Kebutuhan Rumah
supersol karbol cairan pembersih lantai cemara refill 720 g,10900.0,NEEDS,Kebutuhan Rumah & Mandi,Perawatan & Pembersih,Kebutuhan Rumah
sunlight sabun cuci piring extra korean strawberry refill 600 ml,8900.0,NEEDS,Kebutuhan Rumah & Mandi,Perawatan & Pembersih,Kebutuhan Rumah
gentle gen deterjen cair tumbuhan silk rose 700 g,19900.0,NEEDS,Kebutuhan Rumah & Mandi,Perawatan & Pembersih,Kebutuhan Rumah
vixal kuat segar pembersih kamar mandi lemon refill 600 ml,10900.0,NEEDS,Kebutuhan Rumah & Mandi,Perawatan & Pembersih,Kebutuhan Rumah
molto pelembut & pewangi pakaian active fresh refill 2 x 765 ml,17900.0,NEEDS,Kebutuhan Rumah & Mandi,Perawatan & Pembersih,Kebutuhan Rumah
daia deterjen bubuk putih fresh scent 4 kg,68500.0,NEEDS,Kebutuhan Rumah & Mandi,Perawatan & Pembersih,Kebutuhan Rumah
bayclin pemutih pakaian reguler botol 4 l,65900.0,NEEDS,Kebutuhan Rumah & Mandi,Perawatan & Pembersih,Kebutuhan Rumah
boom cinta deterjen cair lavender 510 ml,7500.0,NEEDS,Kebutuhan Rumah & Mandi,Perawatan & Pembersih,Kebutuhan Rumah
royale by so klin hijab pelembut & pewangi pakaian blue sapphire refill 650 ml,13900.0,NEEDS,Kebutuhan Rumah & Mandi,Perawatan & Pembersih,Kebutuhan Rumah
sayang profesional deterjen cair + pelembut pakaian blooming freesia & rose 4.5 l,55000.0,NEEDS,Kebutuhan Rumah & Mandi,Perawatan & Pembersih,Kebutuhan Rumah
downy pelembut & pewangi pakaian sunrise fresh 875 ml,29900.0,NEEDS,Kebutuhan Rumah & Mandi,Perawatan & Pembersih,Kebutuhan Rumah
peace karbol cairan pembersih lantai sereh 650 ml,8900.0,NEEDS,Kebutuhan Rumah & Mandi,Perawatan & Pembersih,Kebutuhan Rumah
downy pelembut & pewangi pakaian floral pink 550 ml,18900.0,NEEDS,Kebutuhan Rumah & Mandi,Perawatan & Pembersih,Kebutuhan Rumah
downy pelembut & pewangi pakaian mystique 875 ml,29900.0,NEEDS,Kebutuhan Rumah & Mandi,Perawatan & Pembersih,Kebutuhan Rumah
mr muscle cairan pembersih dapur lemon pump 500 ml,20500.0,NEEDS,Kebutuhan Rumah & Mandi,Perawatan & Pembersih,Kebutuhan Rumah
rinso perfume breeze quick wash deterjen cair 650 g,17500.0,NEEDS,Kebutuhan Rumah & Mandi,Perawatan & Pembersih,Kebutuhan Rumah
rinso sensifresh deterjen bubuk japanese peach 1.4 kg,32500.0,NEEDS,Kebutuhan Rumah & Mandi,Perawatan & Pembersih,Kebutuhan Rumah
rinso anti noda deterjen cair pure refill 1.5 l,31900.0,NEEDS,Kebutuhan Rumah & Mandi,Perawatan & Pembersih,Kebutuhan Rumah
bagus sibiru tablet pembersih kloset anti bakteri 50 g,10900.0,NEEDS,Kebutuhan Rumah & Mandi,Perawatan & Pembersih,Kebutuhan Rumah
super pell cairan pembersih lantai japanese apple & peony refill 770 ml,10900.0,NEEDS,Kebutuhan Rumah & Mandi,Perawatan & Pembersih,Kebutuhan Rumah
so klin cairan pembersih lantai sereh & geranium refill 770 ml,9900.0,NEEDS,Kebutuhan Rumah & Mandi,Perawatan & Pembersih,Kebutuhan Rumah
so klin twilight pelembut & pewangi pakaian glamorous purple refill 650 ml,10900.0,NEEDS,Kebutuhan Rumah & Mandi,Perawatan & Pembersih,Kebutuhan Rumah
molto pure pelembut & pewangi pakaian bayi soft & gentle refill 550 ml,15900.0,NEEDS,Kebutuhan Rumah & Mandi,Perawatan & Pembersih,Kebutuhan Rumah
molto trika pelicin dan pewangi pakaian floral bliss 300 ml,3900.0,NEEDS,Kebutuhan Rumah & Mandi,Perawatan & Pembersih,Kebutuhan Rumah
molto pelembut & pewangi pakaian gentle fresh 765 ml,9900.0,NEEDS,Kebutuhan Rumah & Mandi,Perawatan & Pembersih,Kebutuhan Rumah
proclin pemutih pakaian botol 500 ml,11900.0,NEEDS,Kebutuhan Rumah & Mandi,Perawatan & Pembersih,Kebutuhan Rumah
so klin deterjen cair white & bright refill 525 ml,8900.0,NEEDS,Kebutuhan Rumah & Mandi,Perawatan & Pembersih,Kebutuhan Rumah
yuri porstex cairan pembersih kamar mandi biru 700 ml,19600.0,NEEDS,Kebutuhan Rumah & Mandi,Perawatan & Pembersih,Kebutuhan Rumah
wizz penghilang noda pakaian cair floral fresh refill 425 ml,14900.0,NEEDS,Kebutuhan Rumah & Mandi,Perawatan & Pembersih,Kebutuhan Rumah
ekonomi sabun cuci piring jeruk nipis 670 g,6500.0,NEEDS,Kebutuhan Rumah & Mandi,Perawatan & Pembersih,Kebutuhan Rumah
attack jaz1 deterjen cair semerbak cinta 700 g,19100.0,NEEDS,Kebutuhan Rumah & Mandi,Perawatan & Pembersih,Kebutuhan Rumah
so klin deterjen cair korean camellia refill 525 ml,8900.0,NEEDS,Kebutuhan Rumah & Mandi,Perawatan & Pembersih,Kebutuhan Rumah
molto trika pelicin & pewangi pakaian japanese peach refill 300 ml,3900.0,NEEDS,Kebutuhan Rumah & Mandi,Perawatan & Pembersih,Kebutuhan Rumah
molto pelembut & pewangi pakaian active fresh refill 765 ml,9900.0,NEEDS,Kebutuhan Rumah & Mandi,Perawatan & Pembersih,Kebutuhan Rumah
molto parfum boost pelembut & pewangi pakaian elegant french raspberry refill 550 ml,15900.0,NEEDS,Kebutuhan Rumah & Mandi,Perawatan & Pembersih,Kebutuhan Rumah
so klin nature series deterjen cair provence lavender refill 525 ml,8900.0,NEEDS,Kebutuhan Rumah & Mandi,Perawatan & Pembersih,Kebutuhan Rumah
ekonomi sabun cuci piring siwak & jeruk limau 670 g,6500.0,NEEDS,Kebutuhan Rumah & Mandi,Perawatan & Pembersih,Kebutuhan Rumah
ekonomi sabun cuci piring nanas & jeruk nipis anti bau refill 670 g,6500.0,NEEDS,Kebutuhan Rumah & Mandi,Perawatan & Pembersih,Kebutuhan Rumah
so klin pewangi pakaian romantic pink refill 780 ml,8900.0,NEEDS,Kebutuhan Rumah & Mandi,Perawatan & Pembersih,Kebutuhan Rumah
so klin pewangi pakaian comfort blue refill 780 ml,8900.0,NEEDS,Kebutuhan Rumah & Mandi,Perawatan & Pembersih,Kebutuhan Rumah
attack jaz1 deterjen bubuk + pelembut pakaian rose berry 1.4 kg,29900.0,NEEDS,Kebutuhan Rumah & Mandi,Perawatan & Pembersih,Kebutuhan Rumah
wpc cairan pembersih kloset original botol 600 ml,15900.0,NEEDS,Kebutuhan Rumah & Mandi,Perawatan & Pembersih,Kebutuhan Rumah
ekonomi natural sabun cuci piring jeruk nipis & lemon botol 670 g,6500.0,NEEDS,Kebutuhan Rumah & Mandi,Perawatan & Pembersih,Kebutuhan Rumah
attack jaz1 deterjen bubuk semerbak cinta 1.4 kg,29900.0,NEEDS,Kebutuhan Rumah & Mandi,Perawatan & Pembersih,Kebutuhan Rumah
so klin deterjen cair hijab cool 700 ml,13900.0,NEEDS,Kebutuhan Rumah & Mandi,Perawatan & Pembersih,Kebutuhan Rumah
ekonomi power liquid sabun cuci piring sereh & jeruk nipis anti bau 670 g,6500.0,NEEDS,Kebutuhan Rumah & Mandi,Perawatan & Pembersih,Kebutuhan Rumah
royale by so klin pelembut & pewangi pakaian lavender musk refill 630 + 50 ml,13900.0,NEEDS,Kebutuhan Rumah & Mandi,Perawatan & Pembersih,Kebutuhan Rumah
sosoft deterjen cair tumbuhan + pelembut pakaian sweet peony 700 ml,12500.0,NEEDS,Kebutuhan Rumah & Mandi,Perawatan & Pembersih,Kebutuhan Rumah
mama lemon sabun cuci piring jeruk nipis refill 690 g,8900.0,NEEDS,Kebutuhan Rumah & Mandi,Perawatan & Pembersih,Kebutuhan Rumah
so klin softergent deterjen bubuk + pelembut pakaian magnolia berries 1.44 kg,29000.0,NEEDS,Kebutuhan Rumah & Mandi,Perawatan & Pembersih,Kebutuhan Rumah
so klin softergent deterjen bubuk + pelembut pakaian peony & rose 1.44 kg,29000.0,NEEDS,Kebutuhan Rumah & Mandi,Perawatan & Pembersih,Kebutuhan Rumah
royale by so klin pelembut & pewangi pakaian sunny day refill 630 + 50 ml,13900.0,NEEDS,Kebutuhan Rumah & Mandi,Perawatan & Pembersih,Kebutuhan Rumah
royale by so klin pelembut & pewangi pakaian purple dawn refill 650 ml,13900.0,NEEDS,Kebutuhan Rumah & Mandi,Perawatan & Pembersih,Kebutuhan Rumah
rinso sensifresh deterjen cair japanese peach refill 700 ml,12400.0,NEEDS,Kebutuhan Rumah & Mandi,Perawatan & Pembersih,Kebutuhan Rumah
mama lime sabun cuci piring charcoal refill 690 g,8900.0,NEEDS,Kebutuhan Rumah & Mandi,Perawatan & Pembersih,Kebutuhan Rumah
sayang deterjen bubuk rose refill 770 g,13500.0,NEEDS,Kebutuhan Rumah & Mandi,Perawatan & Pembersih,Kebutuhan Rumah
sos cairan pembersih lantai sereh refill 675 ml,10500.0,NEEDS,Kebutuhan Rumah & Mandi,Perawatan & Pembersih,Kebutuhan Rumah
polytex sabut spons pencuci piring regular 2 pcs,14000.0,NEEDS,Kebutuhan Rumah & Mandi,Perawatan & Pembersih,Kebutuhan Rumah
sayang liquid deterjen cair rose 510 ml,8700.0,NEEDS,Kebutuhan Rumah & Mandi,Perawatan & Pembersih,Kebutuhan Rumah
rinso sensifresh deterjen bubuk japanese peach 700 g,18800.0,NEEDS,Kebutuhan Rumah & Mandi,Perawatan & Pembersih,Kebutuhan Rumah
vixal cairan pembersih kamar mandi kuat harum 750 ml,13900.0,NEEDS,Kebutuhan Rumah & Mandi,Perawatan & Pembersih,Kebutuhan Rumah
so klin pewangi pakaian active sport refill 780 ml,7900.0,NEEDS,Kebutuhan Rumah & Mandi,Perawatan & Pembersih,Kebutuhan Rumah
rinso sensifresh deterjen bubuk japanese peach 2750 g,49000.0,NEEDS,Kebutuhan Rumah & Mandi,Perawatan & Pembersih,Kebutuhan Rumah
sunlight power higienis sabun cuci piring mandarin orange refill 600 ml,7900.0,NEEDS,Kebutuhan Rumah & Mandi,Perawatan & Pembersih,Kebutuhan Rumah
wipol karbol cairan pembersih lantai lemon refill 750 ml,12900.0,NEEDS,Kebutuhan Rumah & Mandi,Perawatan & Pembersih,Kebutuhan Rumah
so klin deterjen bubuk eau de parfum fleurs blanches no. 7 1.4 kg,29000.0,NEEDS,Kebutuhan Rumah & Mandi,Perawatan & Pembersih,Kebutuhan Rumah
royale by so klin pelembut & pewangi pakaian sweet floral refill 630 + 50 ml,13900.0,NEEDS,Kebutuhan Rumah & Mandi,Perawatan & Pembersih,Kebutuhan Rumah
rinso anti noda molto deterjen bubuk + pelembut pakaian perfume essence refill 700 g,20700.0,NEEDS,Kebutuhan Rumah & Mandi,Perawatan & Pembersih,Kebutuhan Rumah
vanish white penghilang noda pakaian cair refill 425 ml,24900.0,NEEDS,Kebutuhan Rumah & Mandi,Perawatan & Pembersih,Kebutuhan Rumah
harpic cairan pembersih kamar mandi clean citrus 450 ml,24900.0,NEEDS,Kebutuhan Rumah & Mandi,Perawatan & Pembersih,Kebutuhan Rumah
sunlight sabun cuci piring jeruk nipis refill 660 g,8900.0,NEEDS,Kebutuhan Rumah & Mandi,Perawatan & Pembersih,Kebutuhan Rumah
super pell cairan pembersih lantai anti minyak & noda sakura 740 ml,10900.0,NEEDS,Kebutuhan Rumah & Mandi,Perawatan & Pembersih,Kebutuhan Rumah
rinso power clean quick wash deterjen cair 650 g,17500.0,NEEDS,Kebutuhan Rumah & Mandi,Perawatan & Pembersih,Kebutuhan Rumah
so klin liquid nature deterjen cair teh hijau & melati 700 ml,16500.0,NEEDS,Kebutuhan Rumah & Mandi,Perawatan & Pembersih,Kebutuhan Rumah
mama lemon sabun cuci piring japanese yuzu jeruk nipis refill 690 g,8900.0,NEEDS,Kebutuhan Rumah & Mandi,Perawatan & Pembersih,Kebutuhan Rumah
so klin softergent deterjen bubuk + pelembut pakaian lavender & lily 700 g,16300.0,NEEDS,Kebutuhan Rumah & Mandi,Perawatan & Pembersih,Kebutuhan Rumah
mama lime green sabun cuci piring jeruk nipis dan timun refill 690 g,7900.0,NEEDS,Kebutuhan Rumah & Mandi,Perawatan & Pembersih,Kebutuhan Rumah
sosoft deterjen cair tumbuhan freesia & pear 700 ml,12500.0,NEEDS,Kebutuhan Rumah & Mandi,Perawatan & Pembersih,Kebutuhan Rumah
so klin cairan pembersih lantai apple & peony 770 ml,9900.0,NEEDS,Kebutuhan Rumah & Mandi,Perawatan & Pembersih,Kebutuhan Rumah
yuri porstex cairan pembersih kamar mandi biru 1 l,21900.0,NEEDS,Kebutuhan Rumah & Mandi,Perawatan & Pembersih,Kebutuhan Rumah
bukrim oxyklin deterjen bubuk violet refill 700 g,11900.0,NEEDS,Kebutuhan Rumah & Mandi,Perawatan & Pembersih,Kebutuhan Rumah
attack jaz1 deterjen cair pesona segar 700 g,19100.0,NEEDS,Kebutuhan Rumah & Mandi,Perawatan & Pembersih,Kebutuhan Rumah
attack jaz1 deterjen bubuk + pelembut pakaian purple blossom 1.4 kg,29900.0,NEEDS,Kebutuhan Rumah & Mandi,Perawatan & Pembersih,Kebutuhan Rumah
so klin deterjen cair violet blossom refill 700 ml,13900.0,NEEDS,Kebutuhan Rumah & Mandi,Perawatan & Pembersih,Kebutuhan Rumah
so klin pewangi pakaian hijab refreshing green refill 780 ml,8900.0,NEEDS,Kebutuhan Rumah & Mandi,Perawatan & Pembersih,Kebutuhan Rumah
attack jaz1 deterjen bubuk pesona segar 1.4 kg,29900.0,NEEDS,Kebutuhan Rumah & Mandi,Perawatan & Pembersih,Kebutuhan Rumah
molto pelembut & pewangi pakaian sports fresh refill 765 ml,9900.0,NEEDS,Kebutuhan Rumah & Mandi,Perawatan & Pembersih,Kebutuhan Rumah
so klin pewangi pakaian cotton fantasy refill 780 ml,8900.0,NEEDS,Kebutuhan Rumah & Mandi,Perawatan & Pembersih,Kebutuhan Rumah
so klin softergent deterjen cair + pelembut pakaian pink refill 700 ml,13900.0,NEEDS,Kebutuhan Rumah & Mandi,Perawatan & Pembersih,Kebutuhan Rumah
molto trika pelicin & pewangi pakaian pure refill 300 ml,3900.0,NEEDS,Kebutuhan Rumah & Mandi,Perawatan & Pembersih,Kebutuhan Rumah
so klin pewangi pakaian exotic purple refill 780 ml,8900.0,NEEDS,Kebutuhan Rumah & Mandi,Perawatan & Pembersih,Kebutuhan Rumah
molto parfum + protect pelembut & pewangi pakaian morning fresh refill 550 ml,15900.0,NEEDS,Kebutuhan Rumah & Mandi,Perawatan & Pembersih,Kebutuhan Rumah
molto pelembut & pewangi pakaian hijab soft & fresh refill 765 ml,9900.0,NEEDS,Kebutuhan Rumah & Mandi,Perawatan & Pembersih,Kebutuhan Rumah
"downy long wear pewangi, pelicin & pelembut pakaian midnight opulence 500 ml",23900.0,NEEDS,Kebutuhan Rumah & Mandi,Perawatan & Pembersih,Kebutuhan Rumah
proclin penghilang noda pakaian putih & warna floral bliss 400 ml,18900.0,NEEDS,Kebutuhan Rumah & Mandi,Perawatan & Pembersih,Kebutuhan Rumah
"downy long wear pewangi, pelicin & pelembut pakaian sunshine radiance 500 ml",23900.0,NEEDS,Kebutuhan Rumah & Mandi,Perawatan & Pembersih,Kebutuhan Rumah
daia deterjen bubuk + pelembut pakaian romantic pink 470 g,7900.0,NEEDS,Kebutuhan Rumah & Mandi,Perawatan & Pembersih,Kebutuhan Rumah
kispray violet pelicin & pewangi pakaian botol 318 ml,16500.0,NEEDS,Kebutuhan Rumah & Mandi,Perawatan & Pembersih,Kebutuhan Rumah
wipol karbol cairan pembersih lantai lemon refill 720 g,13500.0,NEEDS,Kebutuhan Rumah & Mandi,Perawatan & Pembersih,Kebutuhan Rumah
so klin deterjen cair japanese sakura & strawberry 525 ml,8900.0,NEEDS,Kebutuhan Rumah & Mandi,Perawatan & Pembersih,Kebutuhan Rumah
wipol karbol cairan pembersih lantai cemara refill 750 ml,12900.0,NEEDS,Kebutuhan Rumah & Mandi,Perawatan & Pembersih,Kebutuhan Rumah
vixal professional pembersih kamar mandi jerigen 2 l,33900.0,NEEDS,Kebutuhan Rumah & Mandi,Perawatan & Pembersih,Kebutuhan Rumah
so klin pewangi pakaian cotton fantasy refill 1700 ml,19900.0,NEEDS,Kebutuhan Rumah & Mandi,Perawatan & Pembersih,Kebutuhan Rumah
harpic power plus cairan pembersih kamar mandi original 750 ml,35000.0,NEEDS,Kebutuhan Rumah & Mandi,Perawatan & Pembersih,Kebutuhan Rumah
sos karbol cairan pembersih lantai sereh lemon jerigen 3.5 l,45500.0,NEEDS,Kebutuhan Rumah & Mandi,Perawatan & Pembersih,Kebutuhan Rumah
bayclin pemutih pakaian fresh 1 l,20900.0,NEEDS,Kebutuhan Rumah & Mandi,Perawatan & Pembersih,Kebutuhan Rumah
rinso sensifresh deterjen cair extra lembut refill 700 ml,12400.0,NEEDS,Kebutuhan Rumah & Mandi,Perawatan & Pembersih,Kebutuhan Rumah
bagus sibiru tablet pembersih kloset anti bakteri 2 x 50 g,20900.0,NEEDS,Kebutuhan Rumah & Mandi,Perawatan & Pembersih,Kebutuhan Rumah
downy pelembut & pewangi pakaian sunrise fresh 1.35 l,54000.0,NEEDS,Kebutuhan Rumah & Mandi,Perawatan & Pembersih,Kebutuhan Rumah
so klin bio-matic deterjen cair + pelembut pakaian mesin cuci flower bloom refill 1.45 l,36500.0,NEEDS,Kebutuhan Rumah & Mandi,Perawatan & Pembersih,Kebutuhan Rumah
bayclin pemutih pakaian lemon 1 l,21900.0,NEEDS,Kebutuhan Rumah & Mandi,Perawatan & Pembersih,Kebutuhan Rumah
daia deterjen bubuk floral refill 4 kg,68500.0,NEEDS,Kebutuhan Rumah & Mandi,Perawatan & Pembersih,Kebutuhan Rumah
sunlight sabun cuci piring ekstra lembut refill 600 ml,7900.0,NEEDS,Kebutuhan Rumah & Mandi,Perawatan & Pembersih,Kebutuhan Rumah
bebek cairan pembersih kloset lemon refill 450 ml,9500.0,NEEDS,Kebutuhan Rumah & Mandi,Perawatan & Pembersih,Kebutuhan Rumah
so klin nature series deterjen cair provence lavender refill 1.6 l,29900.0,NEEDS,Kebutuhan Rumah & Mandi,Perawatan & Pembersih,Kebutuhan Rumah
sos cairan pembersih lantai apple wonder jerigen 3.5 l,38900.0,NEEDS,Kebutuhan Rumah & Mandi,Perawatan & Pembersih,Kebutuhan Rumah
yuri porstex cairan pembersih kamar mandi biru jerigen 3.7 l,76500.0,NEEDS,Kebutuhan Rumah & Mandi,Perawatan & Pembersih,Kebutuhan Rumah
rinso anti noda molto deterjen cair perfume essence refill 2 x 700 ml,25900.0,NEEDS,Kebutuhan Rumah & Mandi,Perawatan & Pembersih,Kebutuhan Rumah
gentle gen deterjen cair silk rose 700 g + kilau nipis sabun cuci piring,16000.0,NEEDS,Kebutuhan Rumah & Mandi,Perawatan & Pembersih,Kebutuhan Rumah
"rapika pelicin, pewangi & pelembut pakaian lavender splash refill 300 ml",5200.0,NEEDS,Kebutuhan Rumah & Mandi,Perawatan & Pembersih,Kebutuhan Rumah
so klin deterjen cair scarlet blossom refill 700 ml,13900.0,NEEDS,Kebutuhan Rumah & Mandi,Perawatan & Pembersih,Kebutuhan Rumah
royale by so klin pelembut & pewangi pakaian hot summer refill 650 ml,13900.0,NEEDS,Kebutuhan Rumah & Mandi,Perawatan & Pembersih,Kebutuhan Rumah
mama lemon sabun cuci piring jeruk nipis refill 950 g,14900.0,NEEDS,Kebutuhan Rumah & Mandi,Perawatan & Pembersih,Kebutuhan Rumah
kiwi polish semir sepatu hitam 45 ml,32500.0,NEEDS,Kebutuhan Rumah & Mandi,Perawatan & Pembersih,Kebutuhan Rumah
rinso matic deterjen kapsul sakura blossom 189 g,27500.0,NEEDS,Kebutuhan Rumah & Mandi,Perawatan & Pembersih,Kebutuhan Rumah
proclin penghilang noda pakaian refill 800 ml,31900.0,NEEDS,Kebutuhan Rumah & Mandi,Perawatan & Pembersih,Kebutuhan Rumah
pledge pembersih & pengkilap mebel lemon refill 410 ml,18900.0,NEEDS,Kebutuhan Rumah & Mandi,Perawatan & Pembersih,Kebutuhan Rumah
mr muscle gel pembersih kamar mandi fresh 36 ml,16500.0,NEEDS,Kebutuhan Rumah & Mandi,Perawatan & Pembersih,Kebutuhan Rumah
"rapika pelicin, pewangi & pelembut pakaian japanese sakura & strawberry 300 ml",5200.0,NEEDS,Kebutuhan Rumah & Mandi,Perawatan & Pembersih,Kebutuhan Rumah
super pell cairan pembersih lantai apple jerigen 4 l,55500.0,NEEDS,Kebutuhan Rumah & Mandi,Perawatan & Pembersih,Kebutuhan Rumah
so klin cairan pembersih lantai citrus garden refill 1.45 l,15500.0,NEEDS,Kebutuhan Rumah & Mandi,Perawatan & Pembersih,Kebutuhan Rumah
so klin bio-matic deterjen cair + pelembut pakaian mesin cuci fresh scent refill 1.45 l,36500.0,NEEDS,Kebutuhan Rumah & Mandi,Perawatan & Pembersih,Kebutuhan Rumah
downy pelembut & pewangi pakaian mystique refill 1.35 l,54000.0,NEEDS,Kebutuhan Rumah & Mandi,Perawatan & Pembersih,Kebutuhan Rumah
bebek bathroom lavender pembersih kamar mandi refill 400 ml,10900.0,NEEDS,Kebutuhan Rumah & Mandi,Perawatan & Pembersih,Kebutuhan Rumah
wipol professional cairan disinfektan pembersih lantai jerigen 4.5 l,72500.0,NEEDS,Kebutuhan Rumah & Mandi,Perawatan & Pembersih,Kebutuhan Rumah
proclin penghilang noda pakaian aksi putih 400 ml,16900.0,NEEDS,Kebutuhan Rumah & Mandi,Perawatan & Pembersih,Kebutuhan Rumah
super pell cairan pembersih lantai japanese apple & peony refill 2 x 770 ml,21500.0,NEEDS,Kebutuhan Rumah & Mandi,Perawatan & Pembersih,Kebutuhan Rumah
so klin cairan pembersih lantai floral lavender refill 1.6 l,19900.0,NEEDS,Kebutuhan Rumah & Mandi,Perawatan & Pembersih,Kebutuhan Rumah
so klin bio-matic deterjen bubuk + pelembut mesin cuci bukaan atas 1.8 kg,33900.0,NEEDS,Kebutuhan Rumah & Mandi,Perawatan & Pembersih,Kebutuhan Rumah
kenmaster gembok 2 pcs,31600.0,NEEDS,Kebutuhan Rumah & Mandi,Perlengkapan Rumah,Kebutuhan Rumah
abc alkaline baterai aa millenium power lr-06 2 pcs,22400.0,NEEDS,Kebutuhan Rumah & Mandi,Perlengkapan Rumah,Kebutuhan Rumah
abc alkaline baterai aaa millenium power lr-03 2 pcs,22400.0,NEEDS,Kebutuhan Rumah & Mandi,Perlengkapan Rumah,Kebutuhan Rumah
eveready heavy duty baterai aa 1015 bp 4 pcs,14800.0,NEEDS,Kebutuhan Rumah & Mandi,Perlengkapan Rumah,Kebutuhan Rumah
abc super power baterai aaa r-03 4 pcs,17800.0,NEEDS,Kebutuhan Rumah & Mandi,Perlengkapan Rumah,Kebutuhan Rumah
alfamart kantong sampah 45 x 50 cm 20 pcs,10500.0,NEEDS,Kebutuhan Rumah & Mandi,Perlengkapan Rumah,Kebutuhan Rumah
alfamart kantong sampah 60 x 80 cm 12 pcs,11500.0,NEEDS,Kebutuhan Rumah & Mandi,Perlengkapan Rumah,Kebutuhan Rumah
eveready heavy duty baterai aaa 1012 bp 4 pcs,15300.0,NEEDS,Kebutuhan Rumah & Mandi,Perlengkapan Rumah,Kebutuhan Rumah
ecolink lampu bohlam led putih cool daylight 9 watt,18900.0,NEEDS,Kebutuhan Rumah & Mandi,Perlengkapan Rumah,Kebutuhan Rumah
abc baterai aa biru r-6 4 pcs,17200.0,NEEDS,Kebutuhan Rumah & Mandi,Perlengkapan Rumah,Kebutuhan Rumah
abc alkaline baterai aa millenium power lr-06 4 pcs,39900.0,NEEDS,Kebutuhan Rumah & Mandi,Perlengkapan Rumah,Kebutuhan Rumah
shamu lampu bohlam led 13 watt,27900.0,NEEDS,Kebutuhan Rumah & Mandi,Perlengkapan Rumah,Kebutuhan Rumah
abc baterai super power aa r-6 4 pcs,20200.0,NEEDS,Kebutuhan Rumah & Mandi,Perlengkapan Rumah,Kebutuhan Rumah
shamu lampu bohlam led putih 11 watt,23900.0,NEEDS,Kebutuhan Rumah & Mandi,Perlengkapan Rumah,Kebutuhan Rumah
abc alkaline baterai aaa millenium power lr-03 4 pcs,39900.0,NEEDS,Kebutuhan Rumah & Mandi,Perlengkapan Rumah,Kebutuhan Rumah
alfamart kantong sampah 50 x 75 cm 8 pcs,15400.0,NEEDS,Kebutuhan Rumah & Mandi,Perlengkapan Rumah,Kebutuhan Rumah
energizer 2016 baterai lithium bulat 3v e-cr2016 bp2 2 pcs,23800.0,NEEDS,Kebutuhan Rumah & Mandi,Perlengkapan Rumah,Kebutuhan Rumah
abc baterai super power r-20 besar 2 pcs,35200.0,NEEDS,Kebutuhan Rumah & Mandi,Perlengkapan Rumah,Kebutuhan Rumah
abc baterai super power kotak 9 volt,20800.0,NEEDS,Kebutuhan Rumah & Mandi,Perlengkapan Rumah,Kebutuhan Rumah
eveready super heavy duty baterai aa 1215 4 pcs,20200.0,NEEDS,Kebutuhan Rumah & Mandi,Perlengkapan Rumah,Kebutuhan Rumah
abc alkaline baterai 9v 6lr61,45900.0,NEEDS,Kebutuhan Rumah & Mandi,Perlengkapan Rumah,Kebutuhan Rumah
kenmaster kabel ties nylon 15 cm,7000.0,NEEDS,Kebutuhan Rumah & Mandi,Perlengkapan Rumah,Kebutuhan Rumah
kenmaster steker adaptor listrik l009,20000.0,NEEDS,Kebutuhan Rumah & Mandi,Perlengkapan Rumah,Kebutuhan Rumah
xander gembok pendek 40 mm,40000.0,NEEDS,Kebutuhan Rumah & Mandi,Perlengkapan Rumah,Kebutuhan Rumah
energizer max baterai aa 2 pcs,27600.0,NEEDS,Kebutuhan Rumah & Mandi,Perlengkapan Rumah,Kebutuhan Rumah
energizer max baterai aaa 2 pcs,27600.0,NEEDS,Kebutuhan Rumah & Mandi,Perlengkapan Rumah,Kebutuhan Rumah
philips mycare lampu bohlam led putih 8 watt,74500.0,NEEDS,Kebutuhan Rumah & Mandi,Perlengkapan Rumah,Kebutuhan Rumah
philips mycare lampu bohlam led putih 6 watt,63800.0,NEEDS,Kebutuhan Rumah & Mandi,Perlengkapan Rumah,Kebutuhan Rumah
philips led bright lampu bohlam led cool daylight 11 watt,89900.0,NEEDS,Kebutuhan Rumah & Mandi,Perlengkapan Rumah,Kebutuhan Rumah
shamu lampu bohlam led 7 watt,21900.0,NEEDS,Kebutuhan Rumah & Mandi,Perlengkapan Rumah,Kebutuhan Rumah
scorlines payung lipat assorted,64500.0,NEEDS,Kebutuhan Rumah & Mandi,Perlengkapan Rumah,Kebutuhan Rumah
kenmaster stop kontak f1 4 lubang 1.5 m,85500.0,NEEDS,Kebutuhan Rumah & Mandi,Perlengkapan Rumah,Kebutuhan Rumah
klin pak aluminium foil pembungkus serbaguna refill 8 m x 30 cm,23000.0,NEEDS,Kebutuhan Rumah & Mandi,Perlengkapan Rumah,Kebutuhan Rumah
hannochs alfa lampu bohlam led multipack 6 watt,40700.0,NEEDS,Kebutuhan Rumah & Mandi,Perlengkapan Rumah,Kebutuhan Rumah
mister klinner kantong sampah sedang 60 x 80 cm 12 pcs,23900.0,NEEDS,Kebutuhan Rumah & Mandi,Perlengkapan Rumah,Kebutuhan Rumah
mister klinner kantong sampah besar 80 x 100 cm 8 pcs,23900.0,NEEDS,Kebutuhan Rumah & Mandi,Perlengkapan Rumah,Kebutuhan Rumah
hannochs lampu bohlam new tricolour 10 watt,22800.0,NEEDS,Kebutuhan Rumah & Mandi,Perlengkapan Rumah,Kebutuhan Rumah
hannochs lampu bohlam led sensor 11 watt,57500.0,NEEDS,Kebutuhan Rumah & Mandi,Perlengkapan Rumah,Kebutuhan Rumah
hannochs genius lampu bohlam emergency led 6w,67700.0,NEEDS,Kebutuhan Rumah & Mandi,Perlengkapan Rumah,Kebutuhan Rumah
bagus kantong sampah wangi segar premium dengan tali s 45 x 50 cm 24 s,26500.0,NEEDS,Kebutuhan Rumah & Mandi,Perlengkapan Rumah,Kebutuhan Rumah
hannochs supra lampu bohlam led cool daylight 30 watt,40500.0,NEEDS,Kebutuhan Rumah & Mandi,Perlengkapan Rumah,Kebutuhan Rumah
kenmaster gembok panjang bl50l 50 mm,31900.0,NEEDS,Kebutuhan Rumah & Mandi,Perlengkapan Rumah,Kebutuhan Rumah
kenmaster set obeng jam 6 pcs,8500.0,NEEDS,Kebutuhan Rumah & Mandi,Perlengkapan Rumah,Kebutuhan Rumah
eveready super heavy duty baterai aaa 4 pcs,18800.0,NEEDS,Kebutuhan Rumah & Mandi,Perlengkapan Rumah,Kebutuhan Rumah
energizer 2025 baterai lithium bulat 3v cr2025 2 pcs,26200.0,NEEDS,Kebutuhan Rumah & Mandi,Perlengkapan Rumah,Kebutuhan Rumah
eveready senter led metal light 1 pcs assorted,59900.0,NEEDS,Kebutuhan Rumah & Mandi,Perlengkapan Rumah,Kebutuhan Rumah
energizer 2032 baterai lithium bulat cr2032 2 pcs,28000.0,NEEDS,Kebutuhan Rumah & Mandi,Perlengkapan Rumah,Kebutuhan Rumah
energizer max baterai aa 4 pcs,44600.0,NEEDS,Kebutuhan Rumah & Mandi,Perlengkapan Rumah,Kebutuhan Rumah
ecolink lampu bohlam led putih cool daylight 11 watt,27500.0,NEEDS,Kebutuhan Rumah & Mandi,Perlengkapan Rumah,Kebutuhan Rumah
abc baterai biru besar r-20 2 pcs,21200.0,NEEDS,Kebutuhan Rumah & Mandi,Perlengkapan Rumah,Kebutuhan Rumah
energizer max baterai aaa 4 pcs,44600.0,NEEDS,Kebutuhan Rumah & Mandi,Perlengkapan Rumah,Kebutuhan Rumah
alfamart lilin 8 pcs,17500.0,NEEDS,Kebutuhan Rumah & Mandi,Perlengkapan Rumah,Kebutuhan Rumah
philips essential lampu bohlam led cool daylight 13 w,81900.0,NEEDS,Kebutuhan Rumah & Mandi,Perlengkapan Rumah,Kebutuhan Rumah
alfamart lilin ulang tahun 24 pcs,15000.0,NEEDS,Kebutuhan Rumah & Mandi,Perlengkapan Rumah,Kebutuhan Rumah
kenmaster adaptor listrik travel universal km-931,34500.0,NEEDS,Kebutuhan Rumah & Mandi,Perlengkapan Rumah,Kebutuhan Rumah
skrineer alas hewan multifungsi 20 pcs,59900.0,NEEDS,Kebutuhan Rumah & Mandi,Perlengkapan Rumah,Kebutuhan Rumah
mitsui stop kontak 4 lubang + 3 port usb msc 154 1.6 m,75900.0,NEEDS,Kebutuhan Rumah & Mandi,Perlengkapan Rumah,Kebutuhan Rumah
abc alkaline baterai aaa millenium power lr-03 8 pcs + case,52900.0,NEEDS,Kebutuhan Rumah & Mandi,Perlengkapan Rumah,Kebutuhan Rumah
abc alkaline baterai aa millenium power lr-06 8 pcs + case,52900.0,NEEDS,Kebutuhan Rumah & Mandi,Perlengkapan Rumah,Kebutuhan Rumah
eveready super heavy duty baterai aa 1.5 v hitam 12 pcs,42900.0,NEEDS,Kebutuhan Rumah & Mandi,Perlengkapan Rumah,Kebutuhan Rumah
abc super power baterai r6 aa 12 pcs,38900.0,NEEDS,Kebutuhan Rumah & Mandi,Perlengkapan Rumah,Kebutuhan Rumah
prokleen bubuk pembersih mesin cuci 500 g,45000.0,NEEDS,Kebutuhan Rumah & Mandi,Perlengkapan Rumah,Kebutuhan Rumah
kenmaster timbangan koper travel km-169,40900.0,NEEDS,Kebutuhan Rumah & Mandi,Perlengkapan Rumah,Kebutuhan Rumah
hannochs lampu bohlam new led bluetooth 9 watt,55900.0,NEEDS,Kebutuhan Rumah & Mandi,Perlengkapan Rumah,Kebutuhan Rumah
abc super power baterai r3 aaa 12 pcs,30900.0,NEEDS,Kebutuhan Rumah & Mandi,Perlengkapan Rumah,Kebutuhan Rumah
hannochs alfa lampu bohlam led multipack 10 watt,60000.0,NEEDS,Kebutuhan Rumah & Mandi,Perlengkapan Rumah,Kebutuhan Rumah
hannochs lampu bohlam led click & dim 10 watt,22800.0,NEEDS,Kebutuhan Rumah & Mandi,Perlengkapan Rumah,Kebutuhan Rumah
alfamart tisu wajah winnie the pooh / lotso assorted 200 s,7900.0,NEEDS,Kebutuhan Rumah & Mandi,Tisu,Kebutuhan Rumah
paseo tisu basah anti bakteri 25 s - beli 1 gratis 1,9800.0,NEEDS,Kebutuhan Rumah & Mandi,Tisu,Kebutuhan Rumah
nice living tisu wajah serbaguna 900 g,43400.0,NEEDS,Kebutuhan Rumah & Mandi,Tisu,Kebutuhan Rumah
multi tisu wajah 600 g,28300.0,NEEDS,Kebutuhan Rumah & Mandi,Tisu,Kebutuhan Rumah
alfamart tisu wajah 220 s,14900.0,NEEDS,Kebutuhan Rumah & Mandi,Tisu,Kebutuhan Rumah
multi tisu wajah 250 s,12000.0,NEEDS,Kebutuhan Rumah & Mandi,Tisu,Kebutuhan Rumah
nice tisu wajah 2 x 200 s,22500.0,NEEDS,Kebutuhan Rumah & Mandi,Tisu,Kebutuhan Rumah
paseo smart tisu wajah 540 ply,19700.0,NEEDS,Kebutuhan Rumah & Mandi,Tisu,Kebutuhan Rumah
alfamart tisu dapur 2 roll,19900.0,NEEDS,Kebutuhan Rumah & Mandi,Tisu,Kebutuhan Rumah
paseo elegant tisu wajah 510 ply,20300.0,NEEDS,Kebutuhan Rumah & Mandi,Tisu,Kebutuhan Rumah
alfamart tisu wajah 900 s,44900.0,NEEDS,Kebutuhan Rumah & Mandi,Tisu,Kebutuhan Rumah
alfamart tisu wajah albi travel pack 50 s,5800.0,NEEDS,Kebutuhan Rumah & Mandi,Tisu,Kebutuhan Rumah
multi tisu wajah 1000 g,48400.0,NEEDS,Kebutuhan Rumah & Mandi,Tisu,Kebutuhan Rumah
saniter tisu basah anti bakteri & antiseptik fresh clean 50 s,10900.0,NEEDS,Kebutuhan Rumah & Mandi,Tisu,Kebutuhan Rumah
nice tisu wajah 250 s,14200.0,NEEDS,Kebutuhan Rumah & Mandi,Tisu,Kebutuhan Rumah
paseo tisu dapur gulung 70 s,15700.0,NEEDS,Kebutuhan Rumah & Mandi,Tisu,Kebutuhan Rumah
alfamart tisu wajah 700 s,41500.0,NEEDS,Kebutuhan Rumah & Mandi,Tisu,Kebutuhan Rumah
alfamart tisu toilet gulung 4 x 220 s,15900.0,NEEDS,Kebutuhan Rumah & Mandi,Tisu,Kebutuhan Rumah
tessa tisu wajah 2 x 200 s,25000.0,NEEDS,Kebutuhan Rumah & Mandi,Tisu,Kebutuhan Rumah
alfamart tisu wajah bambu premium bt21 200 s,8500.0,NEEDS,Kebutuhan Rumah & Mandi,Tisu,Kebutuhan Rumah
paseo tisu wajah ultra soft 40 s,7700.0,NEEDS,Kebutuhan Rumah & Mandi,Tisu,Kebutuhan Rumah
alfamart tisu basah tangan dan mulut disney 20 s,6900.0,NEEDS,Kebutuhan Rumah & Mandi,Tisu,Kebutuhan Rumah
tessa nature tisu wajah tanpa pewarna 120 s,15900.0,NEEDS,Kebutuhan Rumah & Mandi,Tisu,Kebutuhan Rumah
nuvo family tisu basah antiseptik fresh 2 x 50 s,21000.0,NEEDS,Kebutuhan Rumah & Mandi,Tisu,Kebutuhan Rumah
nuvo family tisu basah nature protect anti bakteri 2 x 25 s,7900.0,NEEDS,Kebutuhan Rumah & Mandi,Tisu,Kebutuhan Rumah
dettol tisu basah anti bakteri original 10 s,15700.0,NEEDS,Kebutuhan Rumah & Mandi,Tisu,Kebutuhan Rumah
alfamart tisu wajah disney 200 s,14900.0,NEEDS,Kebutuhan Rumah & Mandi,Tisu,Kebutuhan Rumah
alfamart tisu basah anti bakteri disney 48 s,8900.0,NEEDS,Kebutuhan Rumah & Mandi,Tisu,Kebutuhan Rumah
alfamart tisu wajah disney premium 100 s,9900.0,NEEDS,Kebutuhan Rumah & Mandi,Tisu,Kebutuhan Rumah
alfamart tisu wajah bambu premium bt21 100 s,8900.0,NEEDS,Kebutuhan Rumah & Mandi,Tisu,Kebutuhan Rumah
nuvo family tisu basah antiseptik original 50 s - beli 1 gratis 1,14900.0,NEEDS,Kebutuhan Rumah & Mandi,Tisu,Kebutuhan Rumah
alfamart tisu wajah doraemon 70 s,6200.0,NEEDS,Kebutuhan Rumah & Mandi,Tisu,Kebutuhan Rumah
alfamart tisu wajah 180 s - beli 2 gratis 1,22900.0,NEEDS,Kebutuhan Rumah & Mandi,Tisu,Kebutuhan Rumah
paseo elegant tisu wajah travel pack 150 ply,5500.0,NEEDS,Kebutuhan Rumah & Mandi,Tisu,Kebutuhan Rumah
alfamart tisu wajah 400 g,19200.0,NEEDS,Kebutuhan Rumah & Mandi,Tisu,Kebutuhan Rumah
tessa tisu wajah 260 s,16400.0,NEEDS,Kebutuhan Rumah & Mandi,Tisu,Kebutuhan Rumah
montiss softpack tisu wajah 4 in 1 200 s,14500.0,NEEDS,Kebutuhan Rumah & Mandi,Tisu,Kebutuhan Rumah
montiss softpack tisu wajah 2 x 200 s,12900.0,NEEDS,Kebutuhan Rumah & Mandi,Tisu,Kebutuhan Rumah
montiss jumbo pack tisu wajah soft 1100 s,27500.0,NEEDS,Kebutuhan Rumah & Mandi,Tisu,Kebutuhan Rumah
montiss softpack tisu wajah 150 s,4900.0,NEEDS,Kebutuhan Rumah & Mandi,Tisu,Kebutuhan Rumah
paseo tisu dapur gulung 3 x 70 s,32500.0,NEEDS,Kebutuhan Rumah & Mandi,Tisu,Kebutuhan Rumah
dettol tisu basah anti bakteri sensitive 50 s,29900.0,NEEDS,Kebutuhan Rumah & Mandi,Tisu,Kebutuhan Rumah
paseo elegant tisu wajah floral edition 4 x 510 ply,65900.0,NEEDS,Kebutuhan Rumah & Mandi,Tisu,Kebutuhan Rumah
caris tisu toilet bambu bottom pull 3ply 250 s,20000.0,NEEDS,Kebutuhan Rumah & Mandi,Tisu,Kebutuhan Rumah
caris tisu wajah bambu bottom pull 3ply 300 s,16900.0,NEEDS,Kebutuhan Rumah & Mandi,Tisu,Kebutuhan Rumah
caris tisu wajah bambu buttom pull 3ply travel pack 3 x 50 s,9900.0,NEEDS,Kebutuhan Rumah & Mandi,Tisu,Kebutuhan Rumah
tessa tisu toilet gulung 8 x 300 s,54500.0,NEEDS,Kebutuhan Rumah & Mandi,Tisu,Kebutuhan Rumah
paseo elegant tisu toilet gulung 8 roll,55500.0,NEEDS,Kebutuhan Rumah & Mandi,Tisu,Kebutuhan Rumah
tessa tisu dapur gulung 3 x 70 s,33500.0,NEEDS,Kebutuhan Rumah & Mandi,Tisu,Kebutuhan Rumah
unitei tisu basah anti bakteri 40 s - beli 1 gratis 1,23900.0,NEEDS,Kebutuhan Rumah & Mandi,Tisu,Kebutuhan Rumah
alfamart tisu wajah bambu premium mickey mouse 150 s,14900.0,NEEDS,Kebutuhan Rumah & Mandi,Tisu,Kebutuhan Rumah
paseo elegant tisu toilet gulung 12 roll,82500.0,NEEDS,Kebutuhan Rumah & Mandi,Tisu,Kebutuhan Rumah
tessa nature tisu wajah tanpa pewarna 3 ply 60 s,6300.0,NEEDS,Kebutuhan Rumah & Mandi,Tisu,Kebutuhan Rumah
tessa nature tisu wajah tanpa pewarna 3 ply 950 g,53900.0,NEEDS,Kebutuhan Rumah & Mandi,Tisu,Kebutuhan Rumah
tessa nature tisu toilet gulung tanpa pewarna 4 ply 4 x 220 s,30900.0,NEEDS,Kebutuhan Rumah & Mandi,Tisu,Kebutuhan Rumah
paseo duo comfort tisu toilet lipat travel pack 150 ply,5500.0,NEEDS,Kebutuhan Rumah & Mandi,Tisu,Kebutuhan Rumah
nice tisu toilet gulung 10 roll,37900.0,NEEDS,Kebutuhan Rumah & Mandi,Tisu,Kebutuhan Rumah
alfamart tisu wajah bambu premium disney 100 s,8900.0,NEEDS,Kebutuhan Rumah & Mandi,Tisu,Kebutuhan Rumah
alfamart tisu wajah bambu premium bt21 50 s,6200.0,NEEDS,Kebutuhan Rumah & Mandi,Tisu,Kebutuhan Rumah
alfamart tisu basah bambu 20 s,6900.0,NEEDS,Kebutuhan Rumah & Mandi,Tisu,Kebutuhan Rumah
favour tisu wajah gentle touch 120 s,5000.0,NEEDS,Kebutuhan Rumah & Mandi,Tisu,Kebutuhan Rumah
paseo duo comfort tisu toilet lipat 300 ply,10500.0,NEEDS,Kebutuhan Rumah & Mandi,Tisu,Kebutuhan Rumah
tessa nature tisu dapur gulung tanpa pewarna 2 x 100 s,27000.0,NEEDS,Kebutuhan Rumah & Mandi,Tisu,Kebutuhan Rumah
caris tisu dapur bambu bottom pull 2ply 300 s,18600.0,NEEDS,Kebutuhan Rumah & Mandi,Tisu,Kebutuhan Rumah
alfamart pengharum ruangan gantung apel 50 g,10000.0,NEEDS,Kebutuhan Rumah & Mandi,Pengharum Ruangan & Anti Lembab,Kebutuhan Rumah
alfamart kapur barus kamar mandi warna 5 pcs,19900.0,NEEDS,Kebutuhan Rumah & Mandi,Pengharum Ruangan & Anti Lembab,Kebutuhan Rumah
swallow kamper gantung anti lembap orange 80 g,19700.0,NEEDS,Kebutuhan Rumah & Mandi,Pengharum Ruangan & Anti Lembab,Kebutuhan Rumah
swallow kamper gantung anti lembap 150 g,27700.0,NEEDS,Kebutuhan Rumah & Mandi,Pengharum Ruangan & Anti Lembab,Kebutuhan Rumah
swallow kamper bola kamar mandi warna wangi bunga 3 pcs,15900.0,NEEDS,Kebutuhan Rumah & Mandi,Pengharum Ruangan & Anti Lembab,Kebutuhan Rumah
glade pengharum ruangan gantung ocean escape 70 g,9900.0,NEEDS,Kebutuhan Rumah & Mandi,Pengharum Ruangan & Anti Lembab,Kebutuhan Rumah
alfamart kamper bola kamar mandi teh sultan 5 pcs,22900.0,NEEDS,Kebutuhan Rumah & Mandi,Pengharum Ruangan & Anti Lembab,Kebutuhan Rumah
glade pengharum ruangan gantung jasmine tea 70 + 5 g,9900.0,NEEDS,Kebutuhan Rumah & Mandi,Pengharum Ruangan & Anti Lembab,Kebutuhan Rumah
swallow kamper bola kamar mandi warna 5 pcs,31800.0,NEEDS,Kebutuhan Rumah & Mandi,Pengharum Ruangan & Anti Lembab,Kebutuhan Rumah
dahlia kamper ruangan citronella 6 pcs,27500.0,NEEDS,Kebutuhan Rumah & Mandi,Pengharum Ruangan & Anti Lembab,Kebutuhan Rumah
dahlia kamper kamar mandi garden lavender 5 pcs,23900.0,NEEDS,Kebutuhan Rumah & Mandi,Pengharum Ruangan & Anti Lembab,Kebutuhan Rumah
glade pengharum ruangan gantung exotic flowers 70 g,9900.0,NEEDS,Kebutuhan Rumah & Mandi,Pengharum Ruangan & Anti Lembab,Kebutuhan Rumah
swallow kamper warna anti bau 150 g,17500.0,NEEDS,Kebutuhan Rumah & Mandi,Pengharum Ruangan & Anti Lembab,Kebutuhan Rumah
alfamart pengharum ruangan gantung teh sultan 50 g,9900.0,NEEDS,Kebutuhan Rumah & Mandi,Pengharum Ruangan & Anti Lembab,Kebutuhan Rumah
alfamart kamper bola kamar mandi kopi sultan 5 pcs,22900.0,NEEDS,Kebutuhan Rumah & Mandi,Pengharum Ruangan & Anti Lembab,Kebutuhan Rumah
glade pengharum ruangan kamar mandi gantung fresh lavender mist 70 g,13800.0,NEEDS,Kebutuhan Rumah & Mandi,Pengharum Ruangan & Anti Lembab,Kebutuhan Rumah
swallow kamper bola kamar mandi citronella 5 pcs,24900.0,NEEDS,Kebutuhan Rumah & Mandi,Pengharum Ruangan & Anti Lembab,Kebutuhan Rumah
swallow kamper anti lembap floral fresh 6 pcs,25400.0,NEEDS,Kebutuhan Rumah & Mandi,Pengharum Ruangan & Anti Lembab,Kebutuhan Rumah
stella pengharum ruangan otomatis alat + refill 160 ml,81000.0,NEEDS,Kebutuhan Rumah & Mandi,Pengharum Ruangan & Anti Lembab,Kebutuhan Rumah
glade pengharum ruangan aerosol peony & berry bliss 350 ml,24900.0,NEEDS,Kebutuhan Rumah & Mandi,Pengharum Ruangan & Anti Lembab,Kebutuhan Rumah
alfamart pengharum ruangan gantung orange 50 g,10000.0,NEEDS,Kebutuhan Rumah & Mandi,Pengharum Ruangan & Anti Lembab,Kebutuhan Rumah
alfamart pengharum ruangan gantung kopi sultan 50 g,10000.0,NEEDS,Kebutuhan Rumah & Mandi,Pengharum Ruangan & Anti Lembab,Kebutuhan Rumah
swallow kamper lemari anti bau putih 150 g,22400.0,NEEDS,Kebutuhan Rumah & Mandi,Pengharum Ruangan & Anti Lembab,Kebutuhan Rumah
stella pengharum ruangan otomatis japanese sakura refill 160 ml,35900.0,NEEDS,Kebutuhan Rumah & Mandi,Pengharum Ruangan & Anti Lembab,Kebutuhan Rumah
stella pengharum ruangan gantung caffe latte 42 + 13 g,12500.0,NEEDS,Kebutuhan Rumah & Mandi,Pengharum Ruangan & Anti Lembab,Kebutuhan Rumah
stella pengharum ruangan otomatis green fantasy refill 160 ml,35900.0,NEEDS,Kebutuhan Rumah & Mandi,Pengharum Ruangan & Anti Lembab,Kebutuhan Rumah
stella pengharum ruangan aerosol secret lavender 350 ml,28900.0,NEEDS,Kebutuhan Rumah & Mandi,Pengharum Ruangan & Anti Lembab,Kebutuhan Rumah
stella pengharum ruangan otomatis balinese jasmine sensation refill 160 ml,35900.0,NEEDS,Kebutuhan Rumah & Mandi,Pengharum Ruangan & Anti Lembab,Kebutuhan Rumah
stella pengharum ruangan otomatis apple fiesta refill 160 ml,35900.0,NEEDS,Kebutuhan Rumah & Mandi,Pengharum Ruangan & Anti Lembab,Kebutuhan Rumah
stella pengharum ruangan gantung lavender 42 g,12500.0,NEEDS,Kebutuhan Rumah & Mandi,Pengharum Ruangan & Anti Lembab,Kebutuhan Rumah
stella pengharum ruangan otomatis wild flower refill 160 ml,35900.0,NEEDS,Kebutuhan Rumah & Mandi,Pengharum Ruangan & Anti Lembab,Kebutuhan Rumah
alfamart kamper bola kamar mandi warna 5 pcs,22900.0,NEEDS,Kebutuhan Rumah & Mandi,Pengharum Ruangan & Anti Lembab,Kebutuhan Rumah
stella pengharum ruangan vanilla 7 ml,23700.0,NEEDS,Kebutuhan Rumah & Mandi,Pengharum Ruangan & Anti Lembab,Kebutuhan Rumah
bagus serap air refill 450 ml,12900.0,NEEDS,Kebutuhan Rumah & Mandi,Pengharum Ruangan & Anti Lembab,Kebutuhan Rumah
bayfresh pengharum ruangan gantung strawberry bubblegum 70 g,9900.0,NEEDS,Kebutuhan Rumah & Mandi,Pengharum Ruangan & Anti Lembab,Kebutuhan Rumah
bagus fresh pengharum ruangan gantung teh keraton pouch 50 g,9900.0,NEEDS,Kebutuhan Rumah & Mandi,Pengharum Ruangan & Anti Lembab,Kebutuhan Rumah
stella mini pengharum ruangan otomatis green fantasy refill 40 ml,25500.0,NEEDS,Kebutuhan Rumah & Mandi,Pengharum Ruangan & Anti Lembab,Kebutuhan Rumah
stella mini pengharum ruangan otomatis caffe latte refill 40 ml,25500.0,NEEDS,Kebutuhan Rumah & Mandi,Pengharum Ruangan & Anti Lembab,Kebutuhan Rumah
bagus serap air 4 x 50 ml,26900.0,NEEDS,Kebutuhan Rumah & Mandi,Pengharum Ruangan & Anti Lembab,Kebutuhan Rumah
bagus anti bau penghilang bau kamar mandi 100 g,12900.0,NEEDS,Kebutuhan Rumah & Mandi,Pengharum Ruangan & Anti Lembab,Kebutuhan Rumah
bagus gel anti bau lemari es 180 g,32500.0,NEEDS,Kebutuhan Rumah & Mandi,Pengharum Ruangan & Anti Lembab,Kebutuhan Rumah
bagus gel anti bau lemari & rak 180 g,32500.0,NEEDS,Kebutuhan Rumah & Mandi,Pengharum Ruangan & Anti Lembab,Kebutuhan Rumah
bagus anti bau mobil 100 g,12900.0,NEEDS,Kebutuhan Rumah & Mandi,Pengharum Ruangan & Anti Lembab,Kebutuhan Rumah
bayfresh pengharum ruangan aerosol strawberry bubblegum 320 ml,17500.0,NEEDS,Kebutuhan Rumah & Mandi,Pengharum Ruangan & Anti Lembab,Kebutuhan Rumah
bayfresh pengharum ruangan aerosol sakura bloom 320 ml,17500.0,NEEDS,Kebutuhan Rumah & Mandi,Pengharum Ruangan & Anti Lembab,Kebutuhan Rumah
bagus serap air anti lembap gantung 2 x 400 ml,37900.0,NEEDS,Kebutuhan Rumah & Mandi,Pengharum Ruangan & Anti Lembab,Kebutuhan Rumah
stella pengharum ruangan aerosol warm verbena 350 ml,23500.0,NEEDS,Kebutuhan Rumah & Mandi,Pengharum Ruangan & Anti Lembab,Kebutuhan Rumah
stella pengharum ruangan aerosol royal kenanga 350 ml,23500.0,NEEDS,Kebutuhan Rumah & Mandi,Pengharum Ruangan & Anti Lembab,Kebutuhan Rumah
bagus fresh pengharum ruangan gantung cendana pouch 50 g,9900.0,NEEDS,Kebutuhan Rumah & Mandi,Pengharum Ruangan & Anti Lembab,Kebutuhan Rumah
dahlia reed diffuser pengharum ruangan cendana padmasana 30 ml,39900.0,NEEDS,Kebutuhan Rumah & Mandi,Pengharum Ruangan & Anti Lembab,Kebutuhan Rumah
dahlia pengharum ruangan otomatis arum dalu 225 ml,27900.0,NEEDS,Kebutuhan Rumah & Mandi,Pengharum Ruangan & Anti Lembab,Kebutuhan Rumah
pinkberry reed diffuser pengharum ruangan gardenia wishes 30 ml,52900.0,NEEDS,Kebutuhan Rumah & Mandi,Pengharum Ruangan & Anti Lembab,Kebutuhan Rumah
pinkberry reed diffuser pengharum ruangan violet garden 30 ml,52900.0,NEEDS,Kebutuhan Rumah & Mandi,Pengharum Ruangan & Anti Lembab,Kebutuhan Rumah
glade pengharum ruangan aerosol vanilla & oud wood 350 ml,27000.0,NEEDS,Kebutuhan Rumah & Mandi,Pengharum Ruangan & Anti Lembab,Kebutuhan Rumah
glade pengharum ruangan otomatis lavender alat + refill,79500.0,NEEDS,Kebutuhan Rumah & Mandi,Pengharum Ruangan & Anti Lembab,Kebutuhan Rumah
bayfresh reed diffuser pengharum ruangan sakura bloom 30 ml,46900.0,NEEDS,Kebutuhan Rumah & Mandi,Pengharum Ruangan & Anti Lembab,Kebutuhan Rumah
bayfresh reed diffuser pengharum ruangan vanilla bean 30 ml,46900.0,NEEDS,Kebutuhan Rumah & Mandi,Pengharum Ruangan & Anti Lembab,Kebutuhan Rumah
bayfresh reed diffuser pengharum ruangan sakura bloom refill 30 ml,31500.0,NEEDS,Kebutuhan Rumah & Mandi,Pengharum Ruangan & Anti Lembab,Kebutuhan Rumah
bayfresh reed diffuser pengharum ruangan yuzu peach refill 30 ml,31500.0,NEEDS,Kebutuhan Rumah & Mandi,Pengharum Ruangan & Anti Lembab,Kebutuhan Rumah
bagus pengharum ruangan gantung luwak coffee,13500.0,NEEDS,Kebutuhan Rumah & Mandi,Pengharum Ruangan & Anti Lembab,Kebutuhan Rumah
fresly pengharum ruangan aerosol mountain breeze 400 + 50 ml,19900.0,NEEDS,Kebutuhan Rumah & Mandi,Pengharum Ruangan & Anti Lembab,Kebutuhan Rumah
stella pocket pengharum ruangan kamar mandi gantung purple lily 10 g,10200.0,NEEDS,Kebutuhan Rumah & Mandi,Pengharum Ruangan & Anti Lembab,Kebutuhan Rumah
dahlia pengharum ruangan gantung teh keraton 75 g,12900.0,NEEDS,Kebutuhan Rumah & Mandi,Pengharum Ruangan & Anti Lembab,Kebutuhan Rumah
dahlia pengharum ruangan otomatis teh keraton 225 ml,29400.0,NEEDS,Kebutuhan Rumah & Mandi,Pengharum Ruangan & Anti Lembab,Kebutuhan Rumah
fresly air care pengharum ruangan aerosol tea time refill 225 ml,24900.0,NEEDS,Kebutuhan Rumah & Mandi,Pengharum Ruangan & Anti Lembab,Kebutuhan Rumah
alfamart kamper lemari 150 g,12900.0,NEEDS,Kebutuhan Rumah & Mandi,Pengharum Ruangan & Anti Lembab,Kebutuhan Rumah
stella pocket pengharum ruangan kamar mandi gantung luxurious flower 10 g,10200.0,NEEDS,Kebutuhan Rumah & Mandi,Pengharum Ruangan & Anti Lembab,Kebutuhan Rumah
stella pocket pengharum ruangan kamar mandi gantung green apple 10 g,10200.0,NEEDS,Kebutuhan Rumah & Mandi,Pengharum Ruangan & Anti Lembab,Kebutuhan Rumah
stella pengharum ruangan gantung balinese jasmine sensation 42 + 13 g,12500.0,NEEDS,Kebutuhan Rumah & Mandi,Pengharum Ruangan & Anti Lembab,Kebutuhan Rumah
stella pengharum ruangan aerosol japanese sakura 350 ml,28900.0,NEEDS,Kebutuhan Rumah & Mandi,Pengharum Ruangan & Anti Lembab,Kebutuhan Rumah
stella pengharum ruangan gantung jeju orange 42 g,12500.0,NEEDS,Kebutuhan Rumah & Mandi,Pengharum Ruangan & Anti Lembab,Kebutuhan Rumah
stella pengharum ruangan aerosol jeju orange 350 ml,28900.0,NEEDS,Kebutuhan Rumah & Mandi,Pengharum Ruangan & Anti Lembab,Kebutuhan Rumah
stella pengharum ruangan gantung apple 42 g,12500.0,NEEDS,Kebutuhan Rumah & Mandi,Pengharum Ruangan & Anti Lembab,Kebutuhan Rumah
glade refill pengharum ruangan otomatis ocean escape 146 g,40100.0,NEEDS,Kebutuhan Rumah & Mandi,Pengharum Ruangan & Anti Lembab,Kebutuhan Rumah
alfamart kamper lemari 300 g,30900.0,NEEDS,Kebutuhan Rumah & Mandi,Pengharum Ruangan & Anti Lembab,Kebutuhan Rumah
stella pengharum ruangan otomatis alat + refill assorted 25 ml,25900.0,NEEDS,Kebutuhan Rumah & Mandi,Pengharum Ruangan & Anti Lembab,Kebutuhan Rumah
fresly pengharum ruangan aerosol fresh morning 225 ml,24900.0,NEEDS,Kebutuhan Rumah & Mandi,Pengharum Ruangan & Anti Lembab,Kebutuhan Rumah
stella pengharum ruangan otomatis lavender bloom refill 25 ml,14900.0,NEEDS,Kebutuhan Rumah & Mandi,Pengharum Ruangan & Anti Lembab,Kebutuhan Rumah
swallow kamper lemari anti bau putih 300 g,31300.0,NEEDS,Kebutuhan Rumah & Mandi,Pengharum Ruangan & Anti Lembab,Kebutuhan Rumah
bayfresh reed diffuser pengharum ruangan vanilla bean refill 30 ml,31500.0,NEEDS,Kebutuhan Rumah & Mandi,Pengharum Ruangan & Anti Lembab,Kebutuhan Rumah
bayfresh reed diffuser pengharum ruangan amber lavender refill 30 ml,31500.0,NEEDS,Kebutuhan Rumah & Mandi,Pengharum Ruangan & Anti Lembab,Kebutuhan Rumah
dahlia pengharum ruangan otomatis cendana padmasana refill 225 ml,29900.0,NEEDS,Kebutuhan Rumah & Mandi,Pengharum Ruangan & Anti Lembab,Kebutuhan Rumah
bayfresh men series reed diffuser pengharum ruangan forest 30 ml,58000.0,NEEDS,Kebutuhan Rumah & Mandi,Pengharum Ruangan & Anti Lembab,Kebutuhan Rumah
bayfresh men series reed diffuser pengharum ruangan midnight 30 ml,58000.0,NEEDS,Kebutuhan Rumah & Mandi,Pengharum Ruangan & Anti Lembab,Kebutuhan Rumah
bayfresh traveling series reed diffuser pengharum ruangan japanese matcha 30 ml,46900.0,NEEDS,Kebutuhan Rumah & Mandi,Pengharum Ruangan & Anti Lembab,Kebutuhan Rumah
bayfresh traveling series reed diffuser pengharum ruangan korean magnolia 30 ml,46900.0,NEEDS,Kebutuhan Rumah & Mandi,Pengharum Ruangan & Anti Lembab,Kebutuhan Rumah
bayfresh traveling series reed diffuser pengharum ruangan java tea 30 ml,46900.0,NEEDS,Kebutuhan Rumah & Mandi,Pengharum Ruangan & Anti Lembab,Kebutuhan Rumah
dahlia reed diffuser pengharum ruangan teh keraton 30 ml,43900.0,NEEDS,Kebutuhan Rumah & Mandi,Pengharum Ruangan & Anti Lembab,Kebutuhan Rumah
dahlia reed diffuser pengharum ruangan cendana padmasana refill 30 ml,29000.0,NEEDS,Kebutuhan Rumah & Mandi,Pengharum Ruangan & Anti Lembab,Kebutuhan Rumah
glade pengharum ruangan aerosol jasmine tea 350 ml,27000.0,NEEDS,Kebutuhan Rumah & Mandi,Pengharum Ruangan & Anti Lembab,Kebutuhan Rumah
glade scented gel pengharum ruangan jasmine tea 180 g,21900.0,NEEDS,Kebutuhan Rumah & Mandi,Pengharum Ruangan & Anti Lembab,Kebutuhan Rumah
dahlia reed diffuser pengharum ruangan serai kencana 30 ml,43900.0,NEEDS,Kebutuhan Rumah & Mandi,Pengharum Ruangan & Anti Lembab,Kebutuhan Rumah
dahlia reed diffuser pengharum ruangan serai kencana refill 30 ml,29000.0,NEEDS,Kebutuhan Rumah & Mandi,Pengharum Ruangan & Anti Lembab,Kebutuhan Rumah
bayfresh pop scent pengharum kamar mandi gantung clean 10 g,6900.0,NEEDS,Kebutuhan Rumah & Mandi,Pengharum Ruangan & Anti Lembab,Kebutuhan Rumah
kaori pengharum ruangan gel spring sakura 50 g + 15 g,8000.0,NEEDS,Kebutuhan Rumah & Mandi,Pengharum Ruangan & Anti Lembab,Kebutuhan Rumah
bayfresh pop scent pengharum kamar mandi gantung lovely 10 g,6900.0,NEEDS,Kebutuhan Rumah & Mandi,Pengharum Ruangan & Anti Lembab,Kebutuhan Rumah
kaori pengharum ruangan gel sweet powder 50 g + 15 g,6500.0,NEEDS,Kebutuhan Rumah & Mandi,Pengharum Ruangan & Anti Lembab,Kebutuhan Rumah
bayfresh pop scent pengharum kamar mandi gantung joy 10 g,6900.0,NEEDS,Kebutuhan Rumah & Mandi,Pengharum Ruangan & Anti Lembab,Kebutuhan Rumah
glade pengharum ruangan gantung elegant vanilla & oud wood 70 g,10500.0,NEEDS,Kebutuhan Rumah & Mandi,Pengharum Ruangan & Anti Lembab,Kebutuhan Rumah
bagus serap air box 450 ml,27900.0,NEEDS,Kebutuhan Rumah & Mandi,Pengharum Ruangan & Anti Lembab,Kebutuhan Rumah
kaori pengharum ruangan aerosol spring sakura 240 ml,14300.0,NEEDS,Kebutuhan Rumah & Mandi,Pengharum Ruangan & Anti Lembab,Kebutuhan Rumah
kaori pengharum ruangan aerosol sweet powder 240 ml,11900.0,NEEDS,Kebutuhan Rumah & Mandi,Pengharum Ruangan & Anti Lembab,Kebutuhan Rumah
dahlia pengharum ruangan gantung cendana padmasana 75 g,10500.0,NEEDS,Kebutuhan Rumah & Mandi,Pengharum Ruangan & Anti Lembab,Kebutuhan Rumah
bagus anti bau lemari 50 g,8500.0,NEEDS,Kebutuhan Rumah & Mandi,Pengharum Ruangan & Anti Lembab,Kebutuhan Rumah
dahlia reed diffuser pengharum ruangan teh keraton refill 30 ml,27000.0,NEEDS,Kebutuhan Rumah & Mandi,Pengharum Ruangan & Anti Lembab,Kebutuhan Rumah
fumakilla vape plus fumakilla refill obat nyamuk elektrik fruity fresh 45 ml,15500.0,NEEDS,Kebutuhan Rumah & Mandi,Pembasmi Hama & Serangga,Kebutuhan Rumah
fumakilla one push vape obat nyamuk aerosol purple orchid 10 ml,19900.0,NEEDS,Kebutuhan Rumah & Mandi,Pembasmi Hama & Serangga,Kebutuhan Rumah
fumakilla vape premium obat nyamuk bakar jumbo 5 pcs,5600.0,NEEDS,Kebutuhan Rumah & Mandi,Pembasmi Hama & Serangga,Kebutuhan Rumah
baygon obat nyamuk aerosol citrus fresh 400 ml,25900.0,NEEDS,Kebutuhan Rumah & Mandi,Pembasmi Hama & Serangga,Kebutuhan Rumah
baygon coil jumbo max obat nyamuk bakar demam berdarah fresh scent 5 pcs,4900.0,NEEDS,Kebutuhan Rumah & Mandi,Pembasmi Hama & Serangga,Kebutuhan Rumah
hit mat obat nyamuk elektrik ekonomis,14100.0,NEEDS,Kebutuhan Rumah & Mandi,Pembasmi Hama & Serangga,Kebutuhan Rumah
baygon max obat nyamuk bakar lavender jumbo 5 pcs,5300.0,NEEDS,Kebutuhan Rumah & Mandi,Pembasmi Hama & Serangga,Kebutuhan Rumah
hit mat obat nyamuk elektrik 48 pcs,17600.0,NEEDS,Kebutuhan Rumah & Mandi,Pembasmi Hama & Serangga,Kebutuhan Rumah
baygon obat nyamuk aerosol silky lavender 400 ml,33500.0,NEEDS,Kebutuhan Rumah & Mandi,Pembasmi Hama & Serangga,Kebutuhan Rumah
bagus kapur ajaib anti kecoa & semut 12 x 3.5 g,21500.0,NEEDS,Kebutuhan Rumah & Mandi,Pembasmi Hama & Serangga,Kebutuhan Rumah
hit mat obat nyamuk elektrik 18 pcs,9300.0,NEEDS,Kebutuhan Rumah & Mandi,Pembasmi Hama & Serangga,Kebutuhan Rumah
hit magic expert obat nyamuk bakar floral blossom 10 pcs,6500.0,NEEDS,Kebutuhan Rumah & Mandi,Pembasmi Hama & Serangga,Kebutuhan Rumah
baygon obat nyamuk aerosol flower garden 200 ml,21200.0,NEEDS,Kebutuhan Rumah & Mandi,Pembasmi Hama & Serangga,Kebutuhan Rumah
fumakilla vape obat nyamuk cair elektrik sweet powder refill 45 ml,15500.0,NEEDS,Kebutuhan Rumah & Mandi,Pembasmi Hama & Serangga,Kebutuhan Rumah
baygon max obat nyamuk aerosol cherry berry island 500 ml,31900.0,NEEDS,Kebutuhan Rumah & Mandi,Pembasmi Hama & Serangga,Kebutuhan Rumah
baygon obat nyamuk aerosol flower garden 600 + 75 ml,32900.0,NEEDS,Kebutuhan Rumah & Mandi,Pembasmi Hama & Serangga,Kebutuhan Rumah
baygon obat nyamuk aerosol citrus fresh 600 + 75 ml,32900.0,NEEDS,Kebutuhan Rumah & Mandi,Pembasmi Hama & Serangga,Kebutuhan Rumah
fumakilla vape obat nyamuk cair elektrik sakura blossom refill 45 ml,19600.0,NEEDS,Kebutuhan Rumah & Mandi,Pembasmi Hama & Serangga,Kebutuhan Rumah
vape dora lem perangkap tikus 1 pc,12900.0,NEEDS,Kebutuhan Rumah & Mandi,Pembasmi Hama & Serangga,Kebutuhan Rumah
fumakilla vape obat nyamuk cair elektrik fruity fresh refill 45 ml,16900.0,NEEDS,Kebutuhan Rumah & Mandi,Pembasmi Hama & Serangga,Kebutuhan Rumah
fumakilla one push vape obat nyamuk aerosol lemon 10 ml,25500.0,NEEDS,Kebutuhan Rumah & Mandi,Pembasmi Hama & Serangga,Kebutuhan Rumah
fumakilla vape plus fumakilla obat nyamuk elektrik alat + refill fruity fresh 45 ml,15900.0,NEEDS,Kebutuhan Rumah & Mandi,Pembasmi Hama & Serangga,Kebutuhan Rumah
hit obat nyamuk aerosol cotton powder 600 ml,33900.0,NEEDS,Kebutuhan Rumah & Mandi,Pembasmi Hama & Serangga,Kebutuhan Rumah
hit xpress obat nyamuk cair elektrik pink blossom refill 35 ml,15400.0,NEEDS,Kebutuhan Rumah & Mandi,Pembasmi Hama & Serangga,Kebutuhan Rumah
hit obat nyamuk aerosol pink blossom 400 ml,25900.0,NEEDS,Kebutuhan Rumah & Mandi,Pembasmi Hama & Serangga,Kebutuhan Rumah
hit obat nyamuk aerosol orange 600 ml,33900.0,NEEDS,Kebutuhan Rumah & Mandi,Pembasmi Hama & Serangga,Kebutuhan Rumah
hit xpress obat nyamuk cair elektrik apel refill 35 ml,15400.0,NEEDS,Kebutuhan Rumah & Mandi,Pembasmi Hama & Serangga,Kebutuhan Rumah
hit obat nyamuk aerosol pink blossom 600 ml,33900.0,NEEDS,Kebutuhan Rumah & Mandi,Pembasmi Hama & Serangga,Kebutuhan Rumah
hit expert obat nyamuk aerosol fresh citrus 600 ml,33900.0,NEEDS,Kebutuhan Rumah & Mandi,Pembasmi Hama & Serangga,Kebutuhan Rumah
hit obat nyamuk aerosol orange 180 ml,17900.0,NEEDS,Kebutuhan Rumah & Mandi,Pembasmi Hama & Serangga,Kebutuhan Rumah
hit non stop obat nyamuk cair elektrik fresh refill 35 ml,15400.0,NEEDS,Kebutuhan Rumah & Mandi,Pembasmi Hama & Serangga,Kebutuhan Rumah
bagus lem ajaib perangkap tikus,14200.0,NEEDS,Kebutuhan Rumah & Mandi,Pembasmi Hama & Serangga,Kebutuhan Rumah
baygon obat nyamuk aerosol japanese peach 600 ml,32900.0,NEEDS,Kebutuhan Rumah & Mandi,Pembasmi Hama & Serangga,Kebutuhan Rumah
hit obat nyamuk aerosol lily blossom 180 ml,17900.0,NEEDS,Kebutuhan Rumah & Mandi,Pembasmi Hama & Serangga,Kebutuhan Rumah
hit obat nyamuk aerosol lily blossom 400 ml,25900.0,NEEDS,Kebutuhan Rumah & Mandi,Pembasmi Hama & Serangga,Kebutuhan Rumah
hit obat nyamuk aerosol lily blossom 600 ml,33900.0,NEEDS,Kebutuhan Rumah & Mandi,Pembasmi Hama & Serangga,Kebutuhan Rumah
cap gajah lem perangkap tikus 70 g,15600.0,NEEDS,Kebutuhan Rumah & Mandi,Pembasmi Hama & Serangga,Kebutuhan Rumah
baygon obat nyamuk aerosol cherry blossom 600 ml,32900.0,NEEDS,Kebutuhan Rumah & Mandi,Pembasmi Hama & Serangga,Kebutuhan Rumah
hit obat nyamuk aerosol japanese sakura 600 ml,33900.0,NEEDS,Kebutuhan Rumah & Mandi,Pembasmi Hama & Serangga,Kebutuhan Rumah
fumakilla vape obat nyamuk cair fruity fresh refill 45 ml,19600.0,NEEDS,Kebutuhan Rumah & Mandi,Pembasmi Hama & Serangga,Kebutuhan Rumah
hit non stop obat nyamuk elektrik ekonomis alat + refill,17500.0,NEEDS,Kebutuhan Rumah & Mandi,Pembasmi Hama & Serangga,Kebutuhan Rumah
hit xpress obat nyamuk cair elektrik apel alat + refill 35 ml,16900.0,NEEDS,Kebutuhan Rumah & Mandi,Pembasmi Hama & Serangga,Kebutuhan Rumah
hit obat anti kecoa aerosol fresh 150 ml,18500.0,NEEDS,Kebutuhan Rumah & Mandi,Pembasmi Hama & Serangga,Kebutuhan Rumah
fumakilla vape plus obat nyamuk aerosol orange breeze 500 ml,24900.0,NEEDS,Kebutuhan Rumah & Mandi,Pembasmi Hama & Serangga,Kebutuhan Rumah
fumakilla one push vape obat nyamuk aerosol orange 10 ml,19900.0,NEEDS,Kebutuhan Rumah & Mandi,Pembasmi Hama & Serangga,Kebutuhan Rumah
baygon obat nyamuk aerosol silky lavender 750 ml,54500.0,NEEDS,Kebutuhan Rumah & Mandi,Pembasmi Hama & Serangga,Kebutuhan Rumah
baygon max obat nyamuk aerosol matcha paradise 500 ml,29900.0,NEEDS,Kebutuhan Rumah & Mandi,Pembasmi Hama & Serangga,Kebutuhan Rumah
hoyhoy perangkap kecoa 5 pcs,40500.0,NEEDS,Kebutuhan Rumah & Mandi,Pembasmi Hama & Serangga,Kebutuhan Rumah
hogasan cairan anti serangga 200 ml,79900.0,NEEDS,Kebutuhan Rumah & Mandi,Pembasmi Hama & Serangga,Kebutuhan Rumah
baygon obat nyamuk aerosol citrus fresh 750 ml,54500.0,NEEDS,Kebutuhan Rumah & Mandi,Pembasmi Hama & Serangga,Kebutuhan Rumah
baygon obat nyamuk aerosol flower garden 750 ml,54500.0,NEEDS,Kebutuhan Rumah & Mandi,Pembasmi Hama & Serangga,Kebutuhan Rumah
hit obat nyamuk aerosol lily blossom 750 ml,36900.0,NEEDS,Kebutuhan Rumah & Mandi,Pembasmi Hama & Serangga,Kebutuhan Rumah
baygon obat nyamuk cair elektrik lavender alat + refill 22 ml,14900.0,NEEDS,Kebutuhan Rumah & Mandi,Pembasmi Hama & Serangga,Kebutuhan Rumah
nomos obat nyamuk aerosol elegant lily 600 ml,27900.0,NEEDS,Kebutuhan Rumah & Mandi,Pembasmi Hama & Serangga,Kebutuhan Rumah
nomos obat nyamuk aerosol sweet powder 600 ml,27900.0,NEEDS,Kebutuhan Rumah & Mandi,Pembasmi Hama & Serangga,Kebutuhan Rumah
fumakilla vape obat nyamuk aerosol fruity fresh 600 ml,33900.0,NEEDS,Kebutuhan Rumah & Mandi,Pembasmi Hama & Serangga,Kebutuhan Rumah
fumakilla vape obat nyamuk aerosol sweet powder aroma 600 ml,33900.0,NEEDS,Kebutuhan Rumah & Mandi,Pembasmi Hama & Serangga,Kebutuhan Rumah
baygon max obat nyamuk aerosol floral fantasy 500 ml,31900.0,NEEDS,Kebutuhan Rumah & Mandi,Pembasmi Hama & Serangga,Kebutuhan Rumah
fumakilla vape obat pembasmi nyamuk aerosol milk tea 600 ml,33900.0,NEEDS,Kebutuhan Rumah & Mandi,Pembasmi Hama & Serangga,Kebutuhan Rumah
fumakilla vape obat nyamuk floral bubble aerosol 600 ml,33900.0,NEEDS,Kebutuhan Rumah & Mandi,Pembasmi Hama & Serangga,Kebutuhan Rumah
fumakilla vape obat nyamuk semprot fresh orange 600 ml,33900.0,NEEDS,Kebutuhan Rumah & Mandi,Pembasmi Hama & Serangga,Kebutuhan Rumah
hit obat nyamuk aerosol orange 750 ml,36900.0,NEEDS,Kebutuhan Rumah & Mandi,Pembasmi Hama & Serangga,Kebutuhan Rumah
wonhae mini bites camilan rasa matcha berry 30 g,11400.0,WANTS,Jajan & Nongkrong,Makanan Ringan,Makanan
qtela keripik singkong barbekiu 175 g,18200.0,WANTS,Jajan & Nongkrong,Makanan Ringan,Makanan
delfi take-it wafer dairy milk 2 x 35 g,13200.0,WANTS,Jajan & Nongkrong,Makanan Ringan,Makanan
garuda ting ting permen kacang 125 g,13500.0,WANTS,Jajan & Nongkrong,Makanan Ringan,Makanan
nyamnyam popstix cokelat 48 g,8000.0,WANTS,Jajan & Nongkrong,Makanan Ringan,Makanan
kusuka keripik singkong balado 180 g,15800.0,WANTS,Jajan & Nongkrong,Makanan Ringan,Makanan
rebo kuaci biji bunga matahari green tea 120 g,17600.0,WANTS,Jajan & Nongkrong,Makanan Ringan,Makanan
paroti brownie crust brownies kering choco chips pouch 43 g,8900.0,WANTS,Jajan & Nongkrong,Makanan Ringan,Makanan
ny. lie lie kerupuk palembang 150 g,12700.0,WANTS,Jajan & Nongkrong,Makanan Ringan,Makanan
super zuper permen asam assorted 125 g,11600.0,WANTS,Jajan & Nongkrong,Makanan Ringan,Makanan
yava ya'bar snack bar peanut caramel 28 g,8900.0,WANTS,Jajan & Nongkrong,Makanan Ringan,Makanan
alfamart kacang atom oven 150 g,19200.0,WANTS,Jajan & Nongkrong,Makanan Ringan,Makanan
khong guan malkist abon sapi 125 g,8900.0,WANTS,Jajan & Nongkrong,Makanan Ringan,Makanan
pringles keripik kentang keju cheesy kaleng 42 g,14700.0,WANTS,Jajan & Nongkrong,Makanan Ringan,Makanan
yupi permen gummy burger mini 105 g,15400.0,WANTS,Jajan & Nongkrong,Makanan Ringan,Makanan
kis permen mint anggur 75 g,8700.0,WANTS,Jajan & Nongkrong,Makanan Ringan,Makanan
fuzo snack kuaci rasa susu 140 g,14500.0,WANTS,Jajan & Nongkrong,Makanan Ringan,Makanan
delfi treasures cokelat susu 30 g - beli 1 gratis 1,14600.0,WANTS,Jajan & Nongkrong,Makanan Ringan,Makanan
oreo mini biskuit sandwich cokelat 58.4 g,8900.0,WANTS,Jajan & Nongkrong,Makanan Ringan,Makanan
silverqueen chunky bar cokelat almond 26 g,11100.0,WANTS,Jajan & Nongkrong,Makanan Ringan,Makanan
alfamart kacang koro kupas 130 g,11000.0,WANTS,Jajan & Nongkrong,Makanan Ringan,Makanan
roma malkist crackers kelapa kopyor 105 g,9700.0,WANTS,Jajan & Nongkrong,Makanan Ringan,Makanan
delfi dairy cokelat susu batang 40 g,11900.0,WANTS,Jajan & Nongkrong,Makanan Ringan,Makanan
khong guan crackers krim 300 g,19600.0,WANTS,Jajan & Nongkrong,Makanan Ringan,Makanan
sugus stick permen lunak stroberi 30 g,5000.0,WANTS,Jajan & Nongkrong,Makanan Ringan,Makanan
dilan kue kering cookies choco chip 69 g,9500.0,WANTS,Jajan & Nongkrong,Makanan Ringan,Makanan
slai o'lai biskuit selai bluberi 192 g,13600.0,WANTS,Jajan & Nongkrong,Makanan Ringan,Makanan
silverqueen cokelat susu batang fruit & nuts 22 g,11100.0,WANTS,Jajan & Nongkrong,Makanan Ringan,Makanan
pocky crushed fruits biskuit stik blueberry yogurt 38 g,13100.0,WANTS,Jajan & Nongkrong,Makanan Ringan,Makanan
chupa chups fun mix permen jeli 90 g,16600.0,WANTS,Jajan & Nongkrong,Makanan Ringan,Makanan
oishi rin-bee stik keju 130 g,15800.0,WANTS,Jajan & Nongkrong,Makanan Ringan,Makanan
chupa chups big babol permen karet stik 5 pcs,3800.0,WANTS,Jajan & Nongkrong,Makanan Ringan,Makanan
nabati richoco bites wafer krim cokelat 115 g,12000.0,WANTS,Jajan & Nongkrong,Makanan Ringan,Makanan
mister potato keripik kentang sapi panggang kaleng 85 g,18800.0,WANTS,Jajan & Nongkrong,Makanan Ringan,Makanan
yupi permen gummy bentuk pizza 23 g,4300.0,WANTS,Jajan & Nongkrong,Makanan Ringan,Makanan
milkita permen susu assorted 105 g,12500.0,WANTS,Jajan & Nongkrong,Makanan Ringan,Makanan
cemcem popcorn karamel 55 g,8200.0,WANTS,Jajan & Nongkrong,Makanan Ringan,Makanan
fruta gummy permen bervitamin 6 mix variants 45 g,5300.0,WANTS,Jajan & Nongkrong,Makanan Ringan,Makanan
kitkat original cokelat wafer batang 4f 35 g,14200.0,WANTS,Jajan & Nongkrong,Makanan Ringan,Makanan
pringles keripik kentang smokey grilled steak kaleng 102 g,28700.0,WANTS,Jajan & Nongkrong,Makanan Ringan,Makanan
chupa chups big babol permen karet stick tutti frutti 5 pcs,3800.0,WANTS,Jajan & Nongkrong,Makanan Ringan,Makanan
milkita permen susu lolipop biru assorted 3 x 8.5 g,5700.0,WANTS,Jajan & Nongkrong,Makanan Ringan,Makanan
francis kacang almond panggang asin garam laut 31 g,11600.0,WANTS,Jajan & Nongkrong,Makanan Ringan,Makanan
delfi bar bar wafer share pack 80 g,12900.0,WANTS,Jajan & Nongkrong,Makanan Ringan,Makanan
koala-la permen gula kapas blueberi 10 g,5900.0,WANTS,Jajan & Nongkrong,Makanan Ringan,Makanan
ovaltine cookies cokelat malt 130 g,16800.0,WANTS,Jajan & Nongkrong,Makanan Ringan,Makanan
chomp-chomp mallow puff marshmallow bluberi 50 g,11000.0,WANTS,Jajan & Nongkrong,Makanan Ringan,Makanan
m&m's cokelat susu isi rice crispy 30 g,13800.0,WANTS,Jajan & Nongkrong,Makanan Ringan,Makanan
mister potato keripik kentang rumput laut kaleng 85 g,18800.0,WANTS,Jajan & Nongkrong,Makanan Ringan,Makanan
alfamart rumput laut panggang pedas 2 x 4.5 g,11900.0,WANTS,Jajan & Nongkrong,Makanan Ringan,Makanan
piattos snack kentang sambal geprek 65 g,11900.0,WANTS,Jajan & Nongkrong,Makanan Ringan,Makanan
kinder creamy cokelat krim susu dengan crispy rice 19 g,10100.0,WANTS,Jajan & Nongkrong,Makanan Ringan,Makanan
silverqueen white cokelat batang very berry yoghurt 22 g,13600.0,WANTS,Jajan & Nongkrong,Makanan Ringan,Makanan
alfamart makaroni panggang 200 g,18200.0,WANTS,Jajan & Nongkrong,Makanan Ringan,Makanan
boncabe snack kulit pangsit level 10 70 g,7700.0,WANTS,Jajan & Nongkrong,Makanan Ringan,Makanan
wonhae cokelat rasa pistachio choco bites 30 g,16900.0,WANTS,Jajan & Nongkrong,Makanan Ringan,Makanan
soyjoy snack bar cheese danish 28 g,10800.0,WANTS,Jajan & Nongkrong,Makanan Ringan,Makanan
oishi popcorn cokelat 100 g,18600.0,WANTS,Jajan & Nongkrong,Makanan Ringan,Makanan
yupi permen gummy fruit cocktails 24 g,4300.0,WANTS,Jajan & Nongkrong,Makanan Ringan,Makanan
biskies cheezy crackers keju 96 g,5500.0,WANTS,Jajan & Nongkrong,Makanan Ringan,Makanan
happydent permen cool white 24 g,9200.0,WANTS,Jajan & Nongkrong,Makanan Ringan,Makanan
wonhae mini bites camilan rasa strawberry cheesecake 30 g,11400.0,WANTS,Jajan & Nongkrong,Makanan Ringan,Makanan
paroti brownies kering cokelat keju crust 43 g,8900.0,WANTS,Jajan & Nongkrong,Makanan Ringan,Makanan
strepsils rasa menthol permen tablet hisap pelega tenggorokan 8 pcs,23400.0,WANTS,Jajan & Nongkrong,Makanan Ringan,Makanan
nissin biskuit butter coconut 200 g,12900.0,WANTS,Jajan & Nongkrong,Makanan Ringan,Makanan
tango wafer cokelat royal 99 g,12200.0,WANTS,Jajan & Nongkrong,Makanan Ringan,Makanan
khong guan saltcheese crackers keju manis pedas 200 g,11500.0,WANTS,Jajan & Nongkrong,Makanan Ringan,Makanan
lidi geli pedas 50 g,10100.0,WANTS,Jajan & Nongkrong,Makanan Ringan,Makanan
yupi permen gummy aneka rasa 93 g,15400.0,WANTS,Jajan & Nongkrong,Makanan Ringan,Makanan
garuda rosta maxx kacang panggang rasa barbekiu & rumput laut 80 g,10900.0,WANTS,Jajan & Nongkrong,Makanan Ringan,Makanan
qtela keripik singkong original 175 g,18000.0,WANTS,Jajan & Nongkrong,Makanan Ringan,Makanan
mr. hottest maitos tortilla sambal balado 140 g,12200.0,WANTS,Jajan & Nongkrong,Makanan Ringan,Makanan
milo activ biskuit original pouch 128 g,21700.0,WANTS,Jajan & Nongkrong,Makanan Ringan,Makanan
chocolito cookies mini chocochips original 2 x 19 g,7000.0,WANTS,Jajan & Nongkrong,Makanan Ringan,Makanan
hi fruit permen gummy buah anggur ungu 25 g,4000.0,WANTS,Jajan & Nongkrong,Makanan Ringan,Makanan
kokola olezz crackers choco party 100 g,8600.0,WANTS,Jajan & Nongkrong,Makanan Ringan,Makanan
choco pie keik marshmallow 2 x 28 g,8500.0,WANTS,Jajan & Nongkrong,Makanan Ringan,Makanan
yeko puding jeli cokelat 125 g,8000.0,WANTS,Jajan & Nongkrong,Makanan Ringan,Makanan
japota keripik kentang sapi panggang 68 g,8900.0,WANTS,Jajan & Nongkrong,Makanan Ringan,Makanan
happydent white mint permen 60 g,14700.0,WANTS,Jajan & Nongkrong,Makanan Ringan,Makanan
japota keripik kentang umami japanese seaweed 68 g,8900.0,WANTS,Jajan & Nongkrong,Makanan Ringan,Makanan
potabee keripik kentang ayam bakar 65 g,8900.0,WANTS,Jajan & Nongkrong,Makanan Ringan,Makanan
mister potato k-razy kick keripik kentang pedas asem 106 g,15000.0,WANTS,Jajan & Nongkrong,Makanan Ringan,Makanan
japota keripik kentang original 68 g,8900.0,WANTS,Jajan & Nongkrong,Makanan Ringan,Makanan
garuda crunchy keripik kentang twister rasa barbekiu 60 g,8400.0,WANTS,Jajan & Nongkrong,Makanan Ringan,Makanan
lay's wavy keripik kentang rasa daging sapi bakar 105 g,19400.0,WANTS,Jajan & Nongkrong,Makanan Ringan,Makanan
chuba keripik ubi rasa jagung manis 45 g,8900.0,WANTS,Jajan & Nongkrong,Makanan Ringan,Makanan
taro net rumput laut 115 g,16100.0,WANTS,Jajan & Nongkrong,Makanan Ringan,Makanan
lemonilo chimi keripik ubi jagung balado 41 g,10000.0,WANTS,Jajan & Nongkrong,Makanan Ringan,Makanan
dua kelinci tic tac kacang pilus rumput laut 80 g,6900.0,WANTS,Jajan & Nongkrong,Makanan Ringan,Makanan
monde shortbread biskuit rasa mentega 115 g,11900.0,WANTS,Jajan & Nongkrong,Makanan Ringan,Makanan
momogi makanan ringan stik jagung bakar 10 x 12 g,10500.0,WANTS,Jajan & Nongkrong,Makanan Ringan,Makanan
japota keripik kentang rasa nipis pedas 68 g,8900.0,WANTS,Jajan & Nongkrong,Makanan Ringan,Makanan
krisbee kentang goreng 65 g,8400.0,WANTS,Jajan & Nongkrong,Makanan Ringan,Makanan
mr. hottest maitos tortilla mi goreng 125 g,11900.0,WANTS,Jajan & Nongkrong,Makanan Ringan,Makanan
japota keripik kentang happy honey butter 68 g,8900.0,WANTS,Jajan & Nongkrong,Makanan Ringan,Makanan
richeese keripik kentang waffle rasa classic barbeque 54 g,9500.0,WANTS,Jajan & Nongkrong,Makanan Ringan,Makanan
silverqueen cokelat susu batang fruit & nuts 52 g,21100.0,WANTS,Jajan & Nongkrong,Makanan Ringan,Makanan
lotte xylitol permen karet jeruk nipis mint 26.1 g,9700.0,WANTS,Jajan & Nongkrong,Makanan Ringan,Makanan
lotte xylitol fresh mint 26.1 g,9600.0,WANTS,Jajan & Nongkrong,Makanan Ringan,Makanan
fox's crystal clear permen berries 90 g,9300.0,WANTS,Jajan & Nongkrong,Makanan Ringan,Makanan
chacha minis cokelat susu police 25 g,6900.0,WANTS,Jajan & Nongkrong,Makanan Ringan,Makanan
kokola kukis rasa kelapa 218 g,10700.0,WANTS,Jajan & Nongkrong,Makanan Ringan,Makanan
fitbar protein bar cokelat 25 g,10900.0,WANTS,Jajan & Nongkrong,Makanan Ringan,Makanan
dilan biskuit sandwich fresh pack 60 g,9100.0,WANTS,Jajan & Nongkrong,Makanan Ringan,Makanan
chacha cokelat susu 35 g,8500.0,WANTS,Jajan & Nongkrong,Makanan Ringan,Makanan
pez permen assorted 17 g,31900.0,WANTS,Jajan & Nongkrong,Makanan Ringan,Makanan
hi fruit permen gummy buah anggur hijau 25 g,4000.0,WANTS,Jajan & Nongkrong,Makanan Ringan,Makanan
milkita permen milk lolipop assorted 108 g,14400.0,WANTS,Jajan & Nongkrong,Makanan Ringan,Makanan
chacha minis cokelat susu 25 g,6900.0,WANTS,Jajan & Nongkrong,Makanan Ringan,Makanan
big foot himalaya permen salt lemon 15 g,4700.0,WANTS,Jajan & Nongkrong,Makanan Ringan,Makanan
inaco jeli mini 25 pcs,15300.0,WANTS,Jajan & Nongkrong,Makanan Ringan,Makanan
blaster neapolitan permen stroberi vanila 100 g,9600.0,WANTS,Jajan & Nongkrong,Makanan Ringan,Makanan
"fruzz permen jeli gummy apel, anggur & melon 36 g",6900.0,WANTS,Jajan & Nongkrong,Makanan Ringan,Makanan
fox's crystal clear permen buah-buahan 90 g,9300.0,WANTS,Jajan & Nongkrong,Makanan Ringan,Makanan
woods' peppermint lozenges permen extra strong original 15 g,9800.0,WANTS,Jajan & Nongkrong,Makanan Ringan,Makanan
cannon ball permen cokelat 40 g,5600.0,WANTS,Jajan & Nongkrong,Makanan Ringan,Makanan
hatari see hong puff malkist crackers rasa kelapa 245 g,10300.0,WANTS,Jajan & Nongkrong,Makanan Ringan,Makanan
relaxa play permen gummy dino 80 g,17900.0,WANTS,Jajan & Nongkrong,Makanan Ringan,Makanan
pejoy biskuit stik cokelat 37 g,9300.0,WANTS,Jajan & Nongkrong,Makanan Ringan,Makanan
alpenliebe eclairs permen cokelat karamel 126 g,19600.0,WANTS,Jajan & Nongkrong,Makanan Ringan,Makanan
khong guan assorted biskuit 300 g,21800.0,WANTS,Jajan & Nongkrong,Makanan Ringan,Makanan
khong guan saltcheese combo crackers + wafer 10 x 17 g,15600.0,WANTS,Jajan & Nongkrong,Makanan Ringan,Makanan
potabee keripik kentang bistik sapi wagyu 65 g,8900.0,WANTS,Jajan & Nongkrong,Makanan Ringan,Makanan
taro net kentang barbekiu 115 g,16100.0,WANTS,Jajan & Nongkrong,Makanan Ringan,Makanan
mr. hottest maitos tortilla barbekiu 140 g,12200.0,WANTS,Jajan & Nongkrong,Makanan Ringan,Makanan
chuba keripik ubi rasa madu 45 g,8900.0,WANTS,Jajan & Nongkrong,Makanan Ringan,Makanan
nissin crackers krispi rasa lemon 200 g,12800.0,WANTS,Jajan & Nongkrong,Makanan Ringan,Makanan
biskies cheezy crackers barbekiu 96 g,5500.0,WANTS,Jajan & Nongkrong,Makanan Ringan,Makanan
cimory eat milk puding susu rasa marie biskuit 80 g,6600.0,WANTS,Jajan & Nongkrong,Makanan Ringan,Makanan
nabati richeese wafer krim keju 75 g,7000.0,WANTS,Jajan & Nongkrong,Makanan Ringan,Makanan
cimory eat milk puding susu rasa matcha 80 g,6600.0,WANTS,Jajan & Nongkrong,Makanan Ringan,Makanan
chocolito cookies mini chocochips rich choco 2 x 19 g,7000.0,WANTS,Jajan & Nongkrong,Makanan Ringan,Makanan
milo activ biskuit rasa original 104 g,9900.0,WANTS,Jajan & Nongkrong,Makanan Ringan,Makanan
lucky stick biskuit stick cokelat premium 35 g,10100.0,WANTS,Jajan & Nongkrong,Makanan Ringan,Makanan
cimory eat milk puding susu rasa cokelat hazelnut 80 g,6600.0,WANTS,Jajan & Nongkrong,Makanan Ringan,Makanan
cimory eat milk puding susu rasa cokelat 80 g,6600.0,WANTS,Jajan & Nongkrong,Makanan Ringan,Makanan
wafello wafer karamel mentega 95 g,10300.0,WANTS,Jajan & Nongkrong,Makanan Ringan,Makanan
silverqueen white cokelat very berry yoghurt 55 g,19900.0,WANTS,Jajan & Nongkrong,Makanan Ringan,Makanan
delfi chic choc biskuit cokelat 36 g,11100.0,WANTS,Jajan & Nongkrong,Makanan Ringan,Makanan
lotte xylitol permen karet bluberi mint 55.1 g,19300.0,WANTS,Jajan & Nongkrong,Makanan Ringan,Makanan
chacha cokelat susu kacang 35 g,8500.0,WANTS,Jajan & Nongkrong,Makanan Ringan,Makanan
garuda kacang rosta jagung bakar 95 g,11000.0,WANTS,Jajan & Nongkrong,Makanan Ringan,Makanan
chupa chups big babol permen karet tongue painter 20 g,3500.0,WANTS,Jajan & Nongkrong,Makanan Ringan,Makanan
jetz makanan ringan choco fiesta 65 g,7000.0,WANTS,Jajan & Nongkrong,Makanan Ringan,Makanan
oishi rin-bee stik keju 60 g,8700.0,WANTS,Jajan & Nongkrong,Makanan Ringan,Makanan
tango brownies krispi cokelat mini bites 5 x 20 g,22500.0,WANTS,Jajan & Nongkrong,Makanan Ringan,Makanan
relaxa permen wangi assorted tropical fruit 150 g,12500.0,WANTS,Jajan & Nongkrong,Makanan Ringan,Makanan
momogi fun snack 120 g,13000.0,WANTS,Jajan & Nongkrong,Makanan Ringan,Makanan
tong garden kacang telur rasa wijen pedas 45 g,7900.0,WANTS,Jajan & Nongkrong,Makanan Ringan,Makanan
oishi rin-bee stik keju 60 g,8700.0,WANTS,Jajan & Nongkrong,Makanan Ringan,Makanan
nissin walens sus kering isi cokelat 100 g,11500.0,WANTS,Jajan & Nongkrong,Makanan Ringan,Makanan
tao kae noi big sheet crispy seaweed klasik 3.2 g,5800.0,WANTS,Jajan & Nongkrong,Makanan Ringan,Makanan
nextar brownies cookies cokelat 8 x 11.25 g,9800.0,WANTS,Jajan & Nongkrong,Makanan Ringan,Makanan
roma sari gandum biskuit 149 g,10500.0,WANTS,Jajan & Nongkrong,Makanan Ringan,Makanan
alfamart kentang goreng 62 g,6000.0,WANTS,Jajan & Nongkrong,Makanan Ringan,Makanan
chitato keripik kentang sapi panggang 65 g,12400.0,WANTS,Jajan & Nongkrong,Makanan Ringan,Makanan
fitbar snack bar fruits delight 20 g,6000.0,WANTS,Jajan & Nongkrong,Makanan Ringan,Makanan
lay's keripik kentang rasa rumput laut 45 g,10200.0,WANTS,Jajan & Nongkrong,Makanan Ringan,Makanan
chitato lite keripik kentang rumput laut 68 g,12200.0,WANTS,Jajan & Nongkrong,Makanan Ringan,Makanan
smax ring camilan rasa keju 40 g,5800.0,WANTS,Jajan & Nongkrong,Makanan Ringan,Makanan
gemez enaak snack mi premium 22 g,2000.0,WANTS,Jajan & Nongkrong,Makanan Ringan,Makanan
silverqueen cokelat susu batang cashew 52 g,18200.0,WANTS,Jajan & Nongkrong,Makanan Ringan,Makanan
chiki twist makanan ringan jagung bakar 75 g,7200.0,WANTS,Jajan & Nongkrong,Makanan Ringan,Makanan
happy tos keripik tortilla original 140 g,11600.0,WANTS,Jajan & Nongkrong,Makanan Ringan,Makanan
paroti malkist crackers 102 g,6200.0,WANTS,Jajan & Nongkrong,Makanan Ringan,Makanan
piattos snack kentang sapi panggang 35 g,6700.0,WANTS,Jajan & Nongkrong,Makanan Ringan,Makanan
cheetos makanan ringan rasa jagung bakar keju 60 g,7500.0,WANTS,Jajan & Nongkrong,Makanan Ringan,Makanan
silverqueen cokelat susu batang almond 52 g,13500.0,WANTS,Jajan & Nongkrong,Makanan Ringan,Makanan
french fries 2000 kentang goreng 24 g,4500.0,WANTS,Jajan & Nongkrong,Makanan Ringan,Makanan
cheetos makanan ringan rasa keju 60 g,7700.0,WANTS,Jajan & Nongkrong,Makanan Ringan,Makanan
bella mr. p cokelat batang honey roasted cashew nut 45 g,10400.0,WANTS,Jajan & Nongkrong,Makanan Ringan,Makanan
monde serena snack gold 60 g,5400.0,WANTS,Jajan & Nongkrong,Makanan Ringan,Makanan
oishi kraker udang pedas makanan ringan 60 g,8700.0,WANTS,Jajan & Nongkrong,Makanan Ringan,Makanan
roma biskuit kelapa 300 g,12000.0,WANTS,Jajan & Nongkrong,Makanan Ringan,Makanan
fitbar snack bar choco delight 20 g,6000.0,WANTS,Jajan & Nongkrong,Makanan Ringan,Makanan
happy tos keripik tortilla jagung bakar 55 g,5300.0,WANTS,Jajan & Nongkrong,Makanan Ringan,Makanan
silverqueen chunky bar cokelat cashew 82 g,26500.0,WANTS,Jajan & Nongkrong,Makanan Ringan,Makanan
munchy's lexus biskuit sandwich krim cokelat 76 g,9900.0,WANTS,Jajan & Nongkrong,Makanan Ringan,Makanan
taro net rumput laut 62 g,9200.0,WANTS,Jajan & Nongkrong,Makanan Ringan,Makanan
tos tos keripik tortilla jagung bakar 140 g,12300.0,WANTS,Jajan & Nongkrong,Makanan Ringan,Makanan
chitato lite keripik kentang rumput laut 115 g,17800.0,WANTS,Jajan & Nongkrong,Makanan Ringan,Makanan
chiki balls makanan ringan crafty cheese 50 g,7200.0,WANTS,Jajan & Nongkrong,Makanan Ringan,Makanan
oishi poppy pop jagung bakar 60 g,8700.0,WANTS,Jajan & Nongkrong,Makanan Ringan,Makanan
good time cookies double cokelat 72 g,9900.0,WANTS,Jajan & Nongkrong,Makanan Ringan,Makanan
potabee keripik kentang rumput laut panggang 65 g,8900.0,WANTS,Jajan & Nongkrong,Makanan Ringan,Makanan
tango wafer long susu vanila 100 g,6900.0,WANTS,Jajan & Nongkrong,Makanan Ringan,Makanan
floaty camilan original rasa bawang 60 g,10200.0,WANTS,Jajan & Nongkrong,Makanan Ringan,Makanan
gery snack bantal cokelat 75 g,9500.0,WANTS,Jajan & Nongkrong,Makanan Ringan,Makanan
pocky biskuit stik stroberi 39 g,9800.0,WANTS,Jajan & Nongkrong,Makanan Ringan,Makanan
hatari see hong puff malkist crackers 245 g,10200.0,WANTS,Jajan & Nongkrong,Makanan Ringan,Makanan
chupa chups permen lolipop krim calcivita 10.5 g,2300.0,WANTS,Jajan & Nongkrong,Makanan Ringan,Makanan
lay's wavy keripik kentang rasa daging sapi bakar 45 g,10200.0,WANTS,Jajan & Nongkrong,Makanan Ringan,Makanan
lemonilo brownies krispi cokelat 33 g,13700.0,WANTS,Jajan & Nongkrong,Makanan Ringan,Makanan
beng-beng share it wafer rice crispy cokelat 10 x 8 g,16900.0,WANTS,Jajan & Nongkrong,Makanan Ringan,Makanan
kusuka keripik ubi madu 42 g,9200.0,WANTS,Jajan & Nongkrong,Makanan Ringan,Makanan
regal biskuit marie superior 120 g,13800.0,WANTS,Jajan & Nongkrong,Makanan Ringan,Makanan
chiki puffs makanan ringan cheddar cheese 60 g,7200.0,WANTS,Jajan & Nongkrong,Makanan Ringan,Makanan
biskuat biskuit cokelat 106.4 g,7900.0,WANTS,Jajan & Nongkrong,Makanan Ringan,Makanan
alfamart big nori camilan rumput laut goreng original 3.2 g,5200.0,WANTS,Jajan & Nongkrong,Makanan Ringan,Makanan
pocky biskuit stik cokelat 40 g,9800.0,WANTS,Jajan & Nongkrong,Makanan Ringan,Makanan
tao kae noi seasoned laver nori rasa original 2 x 4 g,17000.0,WANTS,Jajan & Nongkrong,Makanan Ringan,Makanan
monde biskuit egg drops 110 g,10000.0,WANTS,Jajan & Nongkrong,Makanan Ringan,Makanan
lemonilo camilan brownies crunchy cokelat 18 g,5500.0,WANTS,Jajan & Nongkrong,Makanan Ringan,Makanan
dua kelinci tic tac pilus sapi panggang 80 g,7600.0,WANTS,Jajan & Nongkrong,Makanan Ringan,Makanan
khong guan mini biskuit assorted merah kaleng 650 g,55900.0,WANTS,Jajan & Nongkrong,Makanan Ringan,Makanan
nissin wafer cokelat kaleng 570 g,47900.0,WANTS,Jajan & Nongkrong,Makanan Ringan,Makanan
monde cookies mentega biru kaleng 454 g,72400.0,WANTS,Jajan & Nongkrong,Makanan Ringan,Makanan
khong guan biskuit assorted merah kaleng 1.6 kg,106500.0,WANTS,Jajan & Nongkrong,Makanan Ringan,Makanan
yupi gummy candies stroberi kiss toples 240 g,26500.0,WANTS,Jajan & Nongkrong,Makanan Ringan,Makanan
chacha cokelat susu 20 g,6300.0,WANTS,Jajan & Nongkrong,Makanan Ringan,Makanan
pringles keripik kentang original 102 g,28700.0,WANTS,Jajan & Nongkrong,Makanan Ringan,Makanan
roma malkist abon crackers 105 g,10100.0,WANTS,Jajan & Nongkrong,Makanan Ringan,Makanan
lemonilo chimi keripik ubi jagung bakar 41 g,10000.0,WANTS,Jajan & Nongkrong,Makanan Ringan,Makanan
wonhae milk bites camilan rasa cokelat pisang 60 g,9400.0,WANTS,Jajan & Nongkrong,Makanan Ringan,Makanan
oreo biskuit sandwich vanila 140 g,11900.0,WANTS,Jajan & Nongkrong,Makanan Ringan,Makanan
oreo babymonster biskuit sandwich marshmallow creme 2 x 110.4 g,10000.0,WANTS,Jajan & Nongkrong,Makanan Ringan,Makanan
roma sari gandum biskuit sandwich susu & cokelat 108 g,12200.0,WANTS,Jajan & Nongkrong,Makanan Ringan,Makanan
oreo babymonster biskuit sandwich original 105 g,10500.0,WANTS,Jajan & Nongkrong,Makanan Ringan,Makanan
silverqueen cokelat susu batang cashew 22 g,10300.0,WANTS,Jajan & Nongkrong,Makanan Ringan,Makanan
nissin crackers krispi 250 g,12800.0,WANTS,Jajan & Nongkrong,Makanan Ringan,Makanan
fitbar snack bar tiramisu delight 20 g,6000.0,WANTS,Jajan & Nongkrong,Makanan Ringan,Makanan
nextar choco pie keik cokelat isi marshmallow 6 x 24 g,18200.0,WANTS,Jajan & Nongkrong,Makanan Ringan,Makanan
dua kelinci sukro kacang atom barbekiu 95 g,8900.0,WANTS,Jajan & Nongkrong,Makanan Ringan,Makanan
silverqueen chunky bar cokelat cashew 26 g,10900.0,WANTS,Jajan & Nongkrong,Makanan Ringan,Makanan
alfamart popcorn karamel 75 g,10900.0,WANTS,Jajan & Nongkrong,Makanan Ringan,Makanan
taro net cheesy mexican jalapeno 60 g,9000.0,WANTS,Jajan & Nongkrong,Makanan Ringan,Makanan
selamat wafer krim cokelat 128 g,16800.0,WANTS,Jajan & Nongkrong,Makanan Ringan,Makanan
brio go! potato biskuit kentang original 56 g,6100.0,WANTS,Jajan & Nongkrong,Makanan Ringan,Makanan
roma malkist crackers 105 g,10100.0,WANTS,Jajan & Nongkrong,Makanan Ringan,Makanan
nabati richeese bites wafer krim keju 135 g,11900.0,WANTS,Jajan & Nongkrong,Makanan Ringan,Makanan
delfi big thunder cookie bar cokelat 36 g,9200.0,WANTS,Jajan & Nongkrong,Makanan Ringan,Makanan
kusuka keripik ubi barbeque 42 g,9200.0,WANTS,Jajan & Nongkrong,Makanan Ringan,Makanan
nextar nastar cookies selai nanas 8 x 11.25 g,9800.0,WANTS,Jajan & Nongkrong,Makanan Ringan,Makanan
potabee keripik kentang barbekiu pedas 65 g,8900.0,WANTS,Jajan & Nongkrong,Makanan Ringan,Makanan
fox's permen gummy emoti pops love & angry 35 g,4900.0,WANTS,Jajan & Nongkrong,Makanan Ringan,Makanan
fox's permen gummy emoti pops happy & sad 35 g,4900.0,WANTS,Jajan & Nongkrong,Makanan Ringan,Makanan
wong coco my jelly assorted 15 x 14 g,9100.0,WANTS,Jajan & Nongkrong,Makanan Ringan,Makanan
alfamart kacang almond 65 g,17900.0,WANTS,Jajan & Nongkrong,Makanan Ringan,Makanan
piattos snack kentang sapi panggang 65 g,11900.0,WANTS,Jajan & Nongkrong,Makanan Ringan,Makanan
oreo space dunk biskuit sandwich ice cream 105 g,10500.0,WANTS,Jajan & Nongkrong,Makanan Ringan,Makanan
yupi permen gummy neon stix 45 g,4900.0,WANTS,Jajan & Nongkrong,Makanan Ringan,Makanan
happy tos keripik tortilla hijau 140 g,13700.0,WANTS,Jajan & Nongkrong,Makanan Ringan,Makanan
nyamnyam bubble puff cokelat 18 g,5200.0,WANTS,Jajan & Nongkrong,Makanan Ringan,Makanan
biskuat bites biskuit cokelat 35 g,5200.0,WANTS,Jajan & Nongkrong,Makanan Ringan,Makanan
chitato keripik kentang keju 65 g,12400.0,WANTS,Jajan & Nongkrong,Makanan Ringan,Makanan
joa-yo rumput laut korea ekstra besar 5 g,4900.0,WANTS,Jajan & Nongkrong,Makanan Ringan,Makanan
pocky biskuit stik matcha 33 g,9800.0,WANTS,Jajan & Nongkrong,Makanan Ringan,Makanan
yupi permen gummy baby bears 45 g,4900.0,WANTS,Jajan & Nongkrong,Makanan Ringan,Makanan
japota keripik kentang madu mentega 120 g,16200.0,WANTS,Jajan & Nongkrong,Makanan Ringan,Makanan
silverqueen cokelat susu batang almond 22 g,10300.0,WANTS,Jajan & Nongkrong,Makanan Ringan,Makanan
oreo mini biskuit sandwich original 58.4 g,8900.0,WANTS,Jajan & Nongkrong,Makanan Ringan,Makanan
taro net rumput laut 32 g,5200.0,WANTS,Jajan & Nongkrong,Makanan Ringan,Makanan
alfamart rumput laut panggang original 2 x 4.5 g,11900.0,WANTS,Jajan & Nongkrong,Makanan Ringan,Makanan
alfamart twiscorn snack jagung bakar 65 g,5900.0,WANTS,Jajan & Nongkrong,Makanan Ringan,Makanan
doritos makanan ringan rasa jagung bakar 120 g,13100.0,WANTS,Jajan & Nongkrong,Makanan Ringan,Makanan
chuba keripik singkong sambal balado 125 g,13300.0,WANTS,Jajan & Nongkrong,Makanan Ringan,Makanan
sidomuncul tolak angin herbal peppermint lozenges permen pelega tenggorokan 5 pcs,4000.0,WANTS,Jajan & Nongkrong,Makanan Ringan,Makanan
tricks biskuit kentang rasa original 4 x 15 g,7200.0,WANTS,Jajan & Nongkrong,Makanan Ringan,Makanan
tini wini biti biskuit stroberi 38 g,7000.0,WANTS,Jajan & Nongkrong,Makanan Ringan,Makanan
yupi permen gummy stroberi kiss 45 g,4900.0,WANTS,Jajan & Nongkrong,Makanan Ringan,Makanan
garuda rosta kacang panggang rasa bawang 95 g,11200.0,WANTS,Jajan & Nongkrong,Makanan Ringan,Makanan
nabati siip bite snack rasa cokelat 85 g,22500.0,WANTS,Jajan & Nongkrong,Makanan Ringan,Makanan
oreo babymonster biskuit sandwich marshmallow creme 110.4 g,5000.0,WANTS,Jajan & Nongkrong,Makanan Ringan,Makanan
gizzi milk wafer selection kaleng assorted 240 g,24200.0,WANTS,Jajan & Nongkrong,Makanan Ringan,Makanan
bibigo camilan rumput laut rasa original 2 x 4 g,11200.0,WANTS,Jajan & Nongkrong,Makanan Ringan,Makanan
fox's crystal clear permen berries kaleng 170 g,24900.0,WANTS,Jajan & Nongkrong,Makanan Ringan,Makanan
fox's crystal clear permen buah-buahan kaleng 170 g,24900.0,WANTS,Jajan & Nongkrong,Makanan Ringan,Makanan
milo cube snack cokelat 67.5 g,14500.0,WANTS,Jajan & Nongkrong,Makanan Ringan,Makanan
good time family selection cookies rasa cokelat 159 g,13900.0,WANTS,Jajan & Nongkrong,Makanan Ringan,Makanan
kobe boncabe makaroni krispi level 15 135 g,11400.0,WANTS,Jajan & Nongkrong,Makanan Ringan,Makanan
amero rice bites krekers beras cokelat 65 g,8900.0,WANTS,Jajan & Nongkrong,Makanan Ringan,Makanan
paroti roti soes snack cokelat 72 g,12900.0,WANTS,Jajan & Nongkrong,Makanan Ringan,Makanan
biskies crackers sandwich biskuit cheese 96 g,9200.0,WANTS,Jajan & Nongkrong,Makanan Ringan,Makanan
qtela keripik tempe cabai rawit 55 g,8800.0,WANTS,Jajan & Nongkrong,Makanan Ringan,Makanan
roma biskuit kelapa fresh pack 138 g,9800.0,WANTS,Jajan & Nongkrong,Makanan Ringan,Makanan
nabati richoco bites wafer krim cokelat box 135 g,11900.0,WANTS,Jajan & Nongkrong,Makanan Ringan,Makanan
monde cookies mentega 150 g,24800.0,WANTS,Jajan & Nongkrong,Makanan Ringan,Makanan
chupa chups panda bears permen jeli 45 g,3900.0,WANTS,Jajan & Nongkrong,Makanan Ringan,Makanan
nabati richeese wafer krim keju 110 g,7200.0,WANTS,Jajan & Nongkrong,Makanan Ringan,Makanan
mister potato keripik kentang original kaleng 85 g,18800.0,WANTS,Jajan & Nongkrong,Makanan Ringan,Makanan
garuda ocorn snack rasa sea salt 84 g,12200.0,WANTS,Jajan & Nongkrong,Makanan Ringan,Makanan
chocolatos rich wafer roll isi krim cokelat berlapis cokelat 54 g,9700.0,WANTS,Jajan & Nongkrong,Makanan Ringan,Makanan
regal biskuit marie superior 230 g,25500.0,WANTS,Jajan & Nongkrong,Makanan Ringan,Makanan
chiki twist camilan jagung bakar 120 g,10500.0,WANTS,Jajan & Nongkrong,Makanan Ringan,Makanan
piattos snack kentang sapi panggang 115 g,16300.0,WANTS,Jajan & Nongkrong,Makanan Ringan,Makanan
taro net kentang barbekiu 62 g,9200.0,WANTS,Jajan & Nongkrong,Makanan Ringan,Makanan
silverqueen chunky bar cokelat almond 82 g,26500.0,WANTS,Jajan & Nongkrong,Makanan Ringan,Makanan
biskies sandwich crackers biskuit cokelat 96 g,9200.0,WANTS,Jajan & Nongkrong,Makanan Ringan,Makanan
nissin wafer cokelat 110 g,9900.0,WANTS,Jajan & Nongkrong,Makanan Ringan,Makanan
lay's keripik kentang rasa rumput laut 64 g,14100.0,WANTS,Jajan & Nongkrong,Makanan Ringan,Makanan
nabati richeese bites wafer krim keju 115 g,12200.0,WANTS,Jajan & Nongkrong,Makanan Ringan,Makanan
chitato keripik kentang beef mala 65 g,12200.0,WANTS,Jajan & Nongkrong,Makanan Ringan,Makanan
potabee keripik kentang sapi panggang barbekiu 65 g,9100.0,WANTS,Jajan & Nongkrong,Makanan Ringan,Makanan
oreo space dunk biskuit sandwich cokelat 105 g,10500.0,WANTS,Jajan & Nongkrong,Makanan Ringan,Makanan
doritos makanan ringan rasa jagung bakar 55 g,7800.0,WANTS,Jajan & Nongkrong,Makanan Ringan,Makanan
oishi sponge crunch cokelat 100 g,15000.0,WANTS,Jajan & Nongkrong,Makanan Ringan,Makanan
fitbar multigrain bar keju delight 20 g,6000.0,WANTS,Jajan & Nongkrong,Makanan Ringan,Makanan
dua kelinci sukro kacang oven bawang 95 g,8900.0,WANTS,Jajan & Nongkrong,Makanan Ringan,Makanan
dua kelinci tic tac pilus mix 80 g,7600.0,WANTS,Jajan & Nongkrong,Makanan Ringan,Makanan
alfamart pilus keju 150 g,15900.0,WANTS,Jajan & Nongkrong,Makanan Ringan,Makanan
twister minis wafer roll black vanilla 70 g,7900.0,WANTS,Jajan & Nongkrong,Makanan Ringan,Makanan
cheetos makanan ringan rasa jagung bakar keju 120 g,13100.0,WANTS,Jajan & Nongkrong,Makanan Ringan,Makanan
alfamart makaroni ulir pedas 150 g,14600.0,WANTS,Jajan & Nongkrong,Makanan Ringan,Makanan
nextar choco pie keik stroberi isi marshmallow 6 x 26 g,17900.0,WANTS,Jajan & Nongkrong,Makanan Ringan,Makanan
astor wafer stick double cokelat 40 g,8100.0,WANTS,Jajan & Nongkrong,Makanan Ringan,Makanan
brio go potato biskuit kentang box 104 g,10100.0,WANTS,Jajan & Nongkrong,Makanan Ringan,Makanan
cheetos makanan ringan rasa keju 120 g,13100.0,WANTS,Jajan & Nongkrong,Makanan Ringan,Makanan
wonhae topokki snack creamy rose 80 g,10700.0,WANTS,Jajan & Nongkrong,Makanan Ringan,Makanan
tini wini biti biskuit cokelat 38 g,7000.0,WANTS,Jajan & Nongkrong,Makanan Ringan,Makanan
tos tos keripik tortilla nacho cheese 130 g,12300.0,WANTS,Jajan & Nongkrong,Makanan Ringan,Makanan
delfi orion k rice crackers beras rumput laut pouch 47.4 g,12500.0,WANTS,Jajan & Nongkrong,Makanan Ringan,Makanan
kusuka keripik singkong barbekiu 60 g,7200.0,WANTS,Jajan & Nongkrong,Makanan Ringan,Makanan
monde bourbon biskuit gandum cokelat 140 g,11900.0,WANTS,Jajan & Nongkrong,Makanan Ringan,Makanan
floaty snack bantal rasa terserah 60 g,10000.0,WANTS,Jajan & Nongkrong,Makanan Ringan,Makanan
alfamart basreng stik pedas 120 g,15000.0,WANTS,Jajan & Nongkrong,Makanan Ringan,Makanan
tango wafer sassy stroberi 100 g,6900.0,WANTS,Jajan & Nongkrong,Makanan Ringan,Makanan
snickers cokelat batang 51 g,14700.0,WANTS,Jajan & Nongkrong,Makanan Ringan,Makanan
a.t.b biskuit marie susu 180 g,7700.0,WANTS,Jajan & Nongkrong,Makanan Ringan,Makanan
chiki popcorn camilan salted caramel 72 g,14900.0,WANTS,Jajan & Nongkrong,Makanan Ringan,Makanan
khong guan saltcheese crackers 200 g,11500.0,WANTS,Jajan & Nongkrong,Makanan Ringan,Makanan
oishi sponge crunch ubi 100 g,15000.0,WANTS,Jajan & Nongkrong,Makanan Ringan,Makanan
amero rice bites krekers beras sapi panggang 65 g,8900.0,WANTS,Jajan & Nongkrong,Makanan Ringan,Makanan
chupa chups cool cola permen jeli 45 g,3900.0,WANTS,Jajan & Nongkrong,Makanan Ringan,Makanan
monde serena egg rolls 70 g,14600.0,WANTS,Jajan & Nongkrong,Makanan Ringan,Makanan
paroti malkist cackers salut krim cokelat 105 g,8700.0,WANTS,Jajan & Nongkrong,Makanan Ringan,Makanan
biskuat biskuit original 106.4 g,7900.0,WANTS,Jajan & Nongkrong,Makanan Ringan,Makanan
hello panda biskuit stroberi 42 g,9300.0,WANTS,Jajan & Nongkrong,Makanan Ringan,Makanan
hello panda biskuit krim cokelat 42 g,9300.0,WANTS,Jajan & Nongkrong,Makanan Ringan,Makanan
regal biskuit marie kaleng 550 g,56500.0,WANTS,Jajan & Nongkrong,Makanan Ringan,Makanan
inaco jeli mini 15 pcs,9400.0,WANTS,Jajan & Nongkrong,Makanan Ringan,Makanan
nyamnyam fantasy stik cokelat 25 g,5200.0,WANTS,Jajan & Nongkrong,Makanan Ringan,Makanan
relaxa permen wangi barley mint 108 g,8300.0,WANTS,Jajan & Nongkrong,Makanan Ringan,Makanan
pringles snack keripik kentang salt & seaweed 102 g,28300.0,WANTS,Jajan & Nongkrong,Makanan Ringan,Makanan
hello panda biskuit rasa cookies & cream 42 g,9300.0,WANTS,Jajan & Nongkrong,Makanan Ringan,Makanan
tic tic stik renyah rasa bawang 70 g,8400.0,WANTS,Jajan & Nongkrong,Makanan Ringan,Makanan
french fries 2000 kentang goreng pedas level 3 128 g,15900.0,WANTS,Jajan & Nongkrong,Makanan Ringan,Makanan
alfamart kerupuk seblak pedas 150 g,14800.0,WANTS,Jajan & Nongkrong,Makanan Ringan,Makanan
dilan cokelat crunchy karamel mini pack 85 g,10900.0,WANTS,Jajan & Nongkrong,Makanan Ringan,Makanan
oreo space dunk biskuit sandwich stroberi 105 g,10500.0,WANTS,Jajan & Nongkrong,Makanan Ringan,Makanan
astor wafer stick cokelat double 150 g,21500.0,WANTS,Jajan & Nongkrong,Makanan Ringan,Makanan
pocky biskuit stik susu vanila 39 g,9800.0,WANTS,Jajan & Nongkrong,Makanan Ringan,Makanan
garuda kacang atom original 100 g,11100.0,WANTS,Jajan & Nongkrong,Makanan Ringan,Makanan
khong guan malkist crackers superco 138 g,8900.0,WANTS,Jajan & Nongkrong,Makanan Ringan,Makanan
wong coco puding mini 168 g,8900.0,WANTS,Jajan & Nongkrong,Makanan Ringan,Makanan
monde genji biskuit pai original 70 g,13600.0,WANTS,Jajan & Nongkrong,Makanan Ringan,Makanan
biskies sandwich biskuit oat gandum kurma 108 g,10100.0,WANTS,Jajan & Nongkrong,Makanan Ringan,Makanan
nextar choco pie keik stroberi isi marshmallow 3 x 26 g,8900.0,WANTS,Jajan & Nongkrong,Makanan Ringan,Makanan
imperial creme biskuit bluberi & krim 108 g,8900.0,WANTS,Jajan & Nongkrong,Makanan Ringan,Makanan
cho cho wafer roll cokelat meses cup 15 g,3700.0,WANTS,Jajan & Nongkrong,Makanan Ringan,Makanan
hatari biskuit krim kacang 225 g,12200.0,WANTS,Jajan & Nongkrong,Makanan Ringan,Makanan
nabati richoco wafer krim cokelat 110 g,7200.0,WANTS,Jajan & Nongkrong,Makanan Ringan,Makanan
tao kae noi big sheet rumput laut krispi pedas 3.2 g,5800.0,WANTS,Jajan & Nongkrong,Makanan Ringan,Makanan
chitato keripik kentang indomie goreng 65 g,12400.0,WANTS,Jajan & Nongkrong,Makanan Ringan,Makanan
dua kelinci tic tac kacang pilus mie goreng 80 g,7600.0,WANTS,Jajan & Nongkrong,Makanan Ringan,Makanan
qtela keripik tempe original 55 g,8800.0,WANTS,Jajan & Nongkrong,Makanan Ringan,Makanan
piattos snack kentang oseng mercon 69 g,11700.0,WANTS,Jajan & Nongkrong,Makanan Ringan,Makanan
kopiko permen kopi 105 g,11200.0,WANTS,Jajan & Nongkrong,Makanan Ringan,Makanan
suki stik ayam kecap 85 g,9400.0,WANTS,Jajan & Nongkrong,Makanan Ringan,Makanan
hello panda biskuit krim double cokelat 42 g,9300.0,WANTS,Jajan & Nongkrong,Makanan Ringan,Makanan
mari cafe permen kopi rasa cappuccino 35 g,7300.0,WANTS,Jajan & Nongkrong,Makanan Ringan,Makanan
monde piebis biskuit almond 190 g,12300.0,WANTS,Jajan & Nongkrong,Makanan Ringan,Makanan
beng-beng wafer rice crispy cokelat 3 x 20 g,10200.0,WANTS,Jajan & Nongkrong,Makanan Ringan,Makanan
kusuka keripik ubi keju balado 42 g,8900.0,WANTS,Jajan & Nongkrong,Makanan Ringan,Makanan
tricks biskuit kentang rasa ramyeon keju 4 x 15 g,7200.0,WANTS,Jajan & Nongkrong,Makanan Ringan,Makanan
ritz sandwich crackers cokelat 91 g,10100.0,WANTS,Jajan & Nongkrong,Makanan Ringan,Makanan
roma malkist crackers cokelat belgian style 90 g,10300.0,WANTS,Jajan & Nongkrong,Makanan Ringan,Makanan
alfamart kacang campur 150 g,15900.0,WANTS,Jajan & Nongkrong,Makanan Ringan,Makanan
selamat wafer sandwich cokelat double 128 g,16600.0,WANTS,Jajan & Nongkrong,Makanan Ringan,Makanan
taro net mix teriyaki barbekiu 65 g,9200.0,WANTS,Jajan & Nongkrong,Makanan Ringan,Makanan
alfamart twiscorn snack jagung balado 65 g,5900.0,WANTS,Jajan & Nongkrong,Makanan Ringan,Makanan
tropicana slim cookies keju hokkaido sachet 20 g,6700.0,WANTS,Jajan & Nongkrong,Makanan Ringan,Makanan
silverqueen bites cokelat susu almond 30 g,12200.0,WANTS,Jajan & Nongkrong,Makanan Ringan,Makanan
oishi pillows ubi 100 g,13500.0,WANTS,Jajan & Nongkrong,Makanan Ringan,Makanan
pocky biskuit stik susu cokelat 39 g,9500.0,WANTS,Jajan & Nongkrong,Makanan Ringan,Makanan
japota keripik kentang umami japanese seaweed 115 g,16200.0,WANTS,Jajan & Nongkrong,Makanan Ringan,Makanan
slai o'lai biskuit selai stroberi 128 g,8800.0,WANTS,Jajan & Nongkrong,Makanan Ringan,Makanan
twister minis wafer roll cokelat 70 g,7900.0,WANTS,Jajan & Nongkrong,Makanan Ringan,Makanan
oishi popcorn karamel 100 g,18600.0,WANTS,Jajan & Nongkrong,Makanan Ringan,Makanan
regal biskuit marie cokelat belgia 64 g,12600.0,WANTS,Jajan & Nongkrong,Makanan Ringan,Makanan
tango wafer long cokelat 100 g,6900.0,WANTS,Jajan & Nongkrong,Makanan Ringan,Makanan
chitato keripik kentang sapi panggang 35 g,7500.0,WANTS,Jajan & Nongkrong,Makanan Ringan,Makanan
finna pars kerupuk udang rumput laut 40 g,7200.0,WANTS,Jajan & Nongkrong,Makanan Ringan,Makanan
unibis bon bon biskuit krim cokelat 191 g,7900.0,WANTS,Jajan & Nongkrong,Makanan Ringan,Makanan
munchy's lexus biskuit sandwich krim keju 190 g,29900.0,WANTS,Jajan & Nongkrong,Makanan Ringan,Makanan
delbi's lovy assorted cookies coffeeccino & chocobutter 280 g,21000.0,WANTS,Jajan & Nongkrong,Makanan Ringan,Makanan
gery saluut crackers malkist matcha latte 100 g,7500.0,WANTS,Jajan & Nongkrong,Makanan Ringan,Makanan
cho cho wafer roll cokelat vanila cup 15 g,3700.0,WANTS,Jajan & Nongkrong,Makanan Ringan,Makanan
inaco assorted dessert jeli & puding gift box 600 g,22500.0,WANTS,Jajan & Nongkrong,Makanan Ringan,Makanan
choki choki pasta cokelat chococashew 36 g,5900.0,WANTS,Jajan & Nongkrong,Makanan Ringan,Makanan
beng-beng maxx wafer rice crispy cokelat 32 g,6700.0,WANTS,Jajan & Nongkrong,Makanan Ringan,Makanan
pringles keripik kentang original kaleng 102 g + 42 g,27500.0,WANTS,Jajan & Nongkrong,Makanan Ringan,Makanan
biskies sandwich crackers biskuit vanilla 108 g,9200.0,WANTS,Jajan & Nongkrong,Makanan Ringan,Makanan
chocolatos delight wafer roll cokelat 90 g,13400.0,WANTS,Jajan & Nongkrong,Makanan Ringan,Makanan
ovaltine wafer malty bites pouch 100 g,13600.0,WANTS,Jajan & Nongkrong,Makanan Ringan,Makanan
kusuka keripik singkong rumput laut 60 g,7200.0,WANTS,Jajan & Nongkrong,Makanan Ringan,Makanan
lay's wavy keripik kentang rasa daging sapi bakar 64 g,14100.0,WANTS,Jajan & Nongkrong,Makanan Ringan,Makanan
mintz permen chewy peppermint 99 g,8900.0,WANTS,Jajan & Nongkrong,Makanan Ringan,Makanan
delfi take-it big wafer cokelat 2 x 33 g,12900.0,WANTS,Jajan & Nongkrong,Makanan Ringan,Makanan
taro net kentang barbekiu 32 g,5200.0,WANTS,Jajan & Nongkrong,Makanan Ringan,Makanan
garuda pilus mi goreng 85 g,5800.0,WANTS,Jajan & Nongkrong,Makanan Ringan,Makanan
kinder joy cokelat krispi dengan kejutan girls 20 g,18200.0,WANTS,Jajan & Nongkrong,Makanan Ringan,Makanan
delfi maltitos biskuit malt crunch cokelat 26 g,7900.0,WANTS,Jajan & Nongkrong,Makanan Ringan,Makanan
pocky biskuit stik double cokelat 39 g,9800.0,WANTS,Jajan & Nongkrong,Makanan Ringan,Makanan
imperial creme biskuit krim assorted 21 x 8 g,15900.0,WANTS,Jajan & Nongkrong,Makanan Ringan,Makanan
pringles keripik kentang sour cream & onion kaleng 102 g,28700.0,WANTS,Jajan & Nongkrong,Makanan Ringan,Makanan
kata oma telur gabus rasa gula aren 50 g,10000.0,WANTS,Jajan & Nongkrong,Makanan Ringan,Makanan
nissin walens sus krim bluberi 100 g,11500.0,WANTS,Jajan & Nongkrong,Makanan Ringan,Makanan
hexos permen mint 8 x 2.5 g,4300.0,WANTS,Jajan & Nongkrong,Makanan Ringan,Makanan
alfamart kuaci original 150 g,15600.0,WANTS,Jajan & Nongkrong,Makanan Ringan,Makanan
milkita bites permen susu 24 g,4500.0,WANTS,Jajan & Nongkrong,Makanan Ringan,Makanan
gizzi wafer cokelat susu 122 g,9900.0,WANTS,Jajan & Nongkrong,Makanan Ringan,Makanan
pocky biskuit stik cookies & cream 40 g,9800.0,WANTS,Jajan & Nongkrong,Makanan Ringan,Makanan
brio go! potato biskuit kentang barbekiu 49 g,5800.0,WANTS,Jajan & Nongkrong,Makanan Ringan,Makanan
kata oma telur gabus rasa keju 50 g,10000.0,WANTS,Jajan & Nongkrong,Makanan Ringan,Makanan
choco pie marshmallow soft cake 6 x 28 g,15600.0,WANTS,Jajan & Nongkrong,Makanan Ringan,Makanan
milkita milky snack bar original 15 g,4400.0,WANTS,Jajan & Nongkrong,Makanan Ringan,Makanan
potabee keripik kentang sapi panggang barbekiu 120 g,16200.0,WANTS,Jajan & Nongkrong,Makanan Ringan,Makanan
better biskuit sandwich fun bites krim vanila 100 g,11200.0,WANTS,Jajan & Nongkrong,Makanan Ringan,Makanan
snickers cokelat batang 35 g,10200.0,WANTS,Jajan & Nongkrong,Makanan Ringan,Makanan
selamat sandwich wafer black vanilla 128 g,16800.0,WANTS,Jajan & Nongkrong,Makanan Ringan,Makanan
deka mini wafer bites ube 72 g,7500.0,WANTS,Jajan & Nongkrong,Makanan Ringan,Makanan
yupi wild safari permen jeli aneka rasa 44 g,4900.0,WANTS,Jajan & Nongkrong,Makanan Ringan,Makanan
rebo kuaci biji bunga matahari original 120 g,17600.0,WANTS,Jajan & Nongkrong,Makanan Ringan,Makanan
tao kae noi seasoned laver nori rasa pedas 2 x 4 g,17000.0,WANTS,Jajan & Nongkrong,Makanan Ringan,Makanan
better fun bites biskuit sandwich cokelat vanila pouch 100 g,13500.0,WANTS,Jajan & Nongkrong,Makanan Ringan,Makanan
gery saluut malkist crackers keju 100 g,7500.0,WANTS,Jajan & Nongkrong,Makanan Ringan,Makanan
happy tos keripik tortilla pedas 140 g,11600.0,WANTS,Jajan & Nongkrong,Makanan Ringan,Makanan
pringles keripik kentang keju cheesy kaleng 102 g,28700.0,WANTS,Jajan & Nongkrong,Makanan Ringan,Makanan
happy tos keripik tortilla jagung bakar 140 g,13600.0,WANTS,Jajan & Nongkrong,Makanan Ringan,Makanan
roma biskuit sandwich cokelat 157 g,10800.0,WANTS,Jajan & Nongkrong,Makanan Ringan,Makanan
superstar wafer full cokelat 75 g,9700.0,WANTS,Jajan & Nongkrong,Makanan Ringan,Makanan
roma biskuit kelapa krim cokelat 186 g,14900.0,WANTS,Jajan & Nongkrong,Makanan Ringan,Makanan
chupa chups permen lolipop big babol gum 15 g,2900.0,WANTS,Jajan & Nongkrong,Makanan Ringan,Makanan
qtela keripik singkong barbekiu 60 g,7800.0,WANTS,Jajan & Nongkrong,Makanan Ringan,Makanan
parago milk chewy candy permen lunak susu 108 g,8900.0,WANTS,Jajan & Nongkrong,Makanan Ringan,Makanan
mentos fresh action by golia permen rasa mint 84 g,6500.0,WANTS,Jajan & Nongkrong,Makanan Ringan,Makanan
khong guan wafer cokelat klasik 350 g,28300.0,WANTS,Jajan & Nongkrong,Makanan Ringan,Makanan
mentos permen rainbow roll 37 g,4800.0,WANTS,Jajan & Nongkrong,Makanan Ringan,Makanan
garuda rosta kacang panggang pedas 70 g,11200.0,WANTS,Jajan & Nongkrong,Makanan Ringan,Makanan
alfamart makaroni extra pedas 200 g,16500.0,WANTS,Jajan & Nongkrong,Makanan Ringan,Makanan
tango brownies crispy rasa cokelat pouch 35 g,8900.0,WANTS,Jajan & Nongkrong,Makanan Ringan,Makanan
nyamnyam fantasy stick stroberi 25 g,5200.0,WANTS,Jajan & Nongkrong,Makanan Ringan,Makanan
lay's wavy keripik kentang rasa rumput laut pedas 64 g,13900.0,WANTS,Jajan & Nongkrong,Makanan Ringan,Makanan
wong coco my jelly star toples 25 x 14 g,19500.0,WANTS,Jajan & Nongkrong,Makanan Ringan,Makanan
lotte choco pie keik cokelat isi marshmallow 12 x 28 g,20900.0,WANTS,Jajan & Nongkrong,Makanan Ringan,Makanan
delbi's sunday biskuit special sandwich 155.2 g,17000.0,WANTS,Jajan & Nongkrong,Makanan Ringan,Makanan
cadbury dairy milk cokelat susu chunks 18 x 4.5 g,28700.0,WANTS,Jajan & Nongkrong,Makanan Ringan,Makanan
get git wafer cokelat 102 g,7600.0,WANTS,Jajan & Nongkrong,Makanan Ringan,Makanan
delbis delica kukis choco dip 152 g,17000.0,WANTS,Jajan & Nongkrong,Makanan Ringan,Makanan
garuda kacang atom pedas 100 g,11300.0,WANTS,Jajan & Nongkrong,Makanan Ringan,Makanan
alfamart pang-pang manis 150 g,12500.0,WANTS,Jajan & Nongkrong,Makanan Ringan,Makanan
qtela keripik singkong balado 60 g,7800.0,WANTS,Jajan & Nongkrong,Makanan Ringan,Makanan
mister potato keripik kentang hitam ghost pepper rasa pedas kaleng 40 g,13700.0,WANTS,Jajan & Nongkrong,Makanan Ringan,Makanan
alfamart stik talas 120 g,14900.0,WANTS,Jajan & Nongkrong,Makanan Ringan,Makanan
yupi permen gummy little star 45 g,4900.0,WANTS,Jajan & Nongkrong,Makanan Ringan,Makanan
nissin lemonia cookies 130 g,9500.0,WANTS,Jajan & Nongkrong,Makanan Ringan,Makanan
top x-tra large wafer rice crispy cokelat 32 g,3900.0,WANTS,Jajan & Nongkrong,Makanan Ringan,Makanan
chitato keripik kentang ayam bumbu 65 g,12400.0,WANTS,Jajan & Nongkrong,Makanan Ringan,Makanan
oishi popcorn belgian butter cheese 100 g,18600.0,WANTS,Jajan & Nongkrong,Makanan Ringan,Makanan
unibis see hong puff malkist crackers 247 g,8900.0,WANTS,Jajan & Nongkrong,Makanan Ringan,Makanan
khong guan saltcheese combo crackers + wafer 175 g,12700.0,WANTS,Jajan & Nongkrong,Makanan Ringan,Makanan
cadbury dairy milk cokelat susu 22 g,10200.0,WANTS,Jajan & Nongkrong,Makanan Ringan,Makanan
jetz makanan ringan tortilla jagung bakar 140 g,10500.0,WANTS,Jajan & Nongkrong,Makanan Ringan,Makanan
piattos snack kentang rumput laut jumbo pack 115 g,16000.0,WANTS,Jajan & Nongkrong,Makanan Ringan,Makanan
kis permen mint cherry 75 g,8700.0,WANTS,Jajan & Nongkrong,Makanan Ringan,Makanan
sugus stick permen lunak blackcurrant 30 g,5000.0,WANTS,Jajan & Nongkrong,Makanan Ringan,Makanan
lemonilo chimi keripik ubi jagung bakar 85 g,16500.0,WANTS,Jajan & Nongkrong,Makanan Ringan,Makanan
kusuka keripik singkong barbekiu 180 g,15900.0,WANTS,Jajan & Nongkrong,Makanan Ringan,Makanan
ritz sandwich crackers keju 91 g,10100.0,WANTS,Jajan & Nongkrong,Makanan Ringan,Makanan
silverqueen chunky bar white cokelat cashew 82 g,29500.0,WANTS,Jajan & Nongkrong,Makanan Ringan,Makanan
yupi permen gummy bentuk mi 23 g,4300.0,WANTS,Jajan & Nongkrong,Makanan Ringan,Makanan
chomp-chomp mallow plain marshmallow 50 g,8900.0,WANTS,Jajan & Nongkrong,Makanan Ringan,Makanan
kusuka keripik singkong original 180 g,15900.0,WANTS,Jajan & Nongkrong,Makanan Ringan,Makanan
pringles keripik kentang keju cheesy kaleng 102 g + 42 g,27500.0,WANTS,Jajan & Nongkrong,Makanan Ringan,Makanan
lemonilo brownies keju krispi 33 g,13700.0,WANTS,Jajan & Nongkrong,Makanan Ringan,Makanan
silverqueen bites cokelat susu cashew 30 g,12200.0,WANTS,Jajan & Nongkrong,Makanan Ringan,Makanan
nyamnyam choco vanilla 25 g (re-packing moo milky vanilla 25 g),5200.0,WANTS,Jajan & Nongkrong,Makanan Ringan,Makanan
wonhae snack banana milk bites 60 g,9400.0,WANTS,Jajan & Nongkrong,Makanan Ringan,Makanan
wafello wafer cokelat blast 97.6 g,10300.0,WANTS,Jajan & Nongkrong,Makanan Ringan,Makanan
good time cookies klasik 72 g,9900.0,WANTS,Jajan & Nongkrong,Makanan Ringan,Makanan
wonhae topokki snack cheese buldak 80 g,8500.0,WANTS,Jajan & Nongkrong,Makanan Ringan,Makanan
biskuat bites biskuit original 35 g,5300.0,WANTS,Jajan & Nongkrong,Makanan Ringan,Makanan
soyjoy snack bar almond & cokelat 30 g,10800.0,WANTS,Jajan & Nongkrong,Makanan Ringan,Makanan
twistko jagung bakar 70 g,8500.0,WANTS,Jajan & Nongkrong,Makanan Ringan,Makanan
potabee keripik kentang rumput laut panggang sharing pack 120 g,16200.0,WANTS,Jajan & Nongkrong,Makanan Ringan,Makanan
oishi suky suky udang manis pedas 60 g,8700.0,WANTS,Jajan & Nongkrong,Makanan Ringan,Makanan
piattos snack kentang sambal geprek 115 g,16300.0,WANTS,Jajan & Nongkrong,Makanan Ringan,Makanan
dark wonder smooth cokelat hitam almond panggang 4 x 10 g,22100.0,WANTS,Jajan & Nongkrong,Makanan Ringan,Makanan
serena togo biskuit cokelat 128 g,9700.0,WANTS,Jajan & Nongkrong,Makanan Ringan,Makanan
bumifood quick bites camilan stik kepiitng 50 g,8300.0,WANTS,Jajan & Nongkrong,Makanan Ringan,Makanan
wong coco puding mangga 120 g,4800.0,WANTS,Jajan & Nongkrong,Makanan Ringan,Makanan
kinder joy cokelat krispi dengan kejutan boys 20 g,18200.0,WANTS,Jajan & Nongkrong,Makanan Ringan,Makanan
chomp-chomp mallow puff marshmallow stroberi 50 g,11000.0,WANTS,Jajan & Nongkrong,Makanan Ringan,Makanan
munchy's lexus biskuit sandwich krim cokelat 190 g,29900.0,WANTS,Jajan & Nongkrong,Makanan Ringan,Makanan
jagoan neon permen lolipop aneka rasa 3 x 9 g,4400.0,WANTS,Jajan & Nongkrong,Makanan Ringan,Makanan
alfamart pang-pang jagung bakar 150 g,11900.0,WANTS,Jajan & Nongkrong,Makanan Ringan,Makanan
roma sari gandum biskuit sandwich peanut butter 108 g,12200.0,WANTS,Jajan & Nongkrong,Makanan Ringan,Makanan
"joa-yo rumput laut korea pedas ekstra besar 4,8 g",4900.0,WANTS,Jajan & Nongkrong,Makanan Ringan,Makanan
yupi permen gummy stroberi kiss 110 g,12900.0,WANTS,Jajan & Nongkrong,Makanan Ringan,Makanan
silverqueen white cokelat green tea matcha 22 g,13600.0,WANTS,Jajan & Nongkrong,Makanan Ringan,Makanan
mari cafe permen kopi rasa espresso 35 g,7300.0,WANTS,Jajan & Nongkrong,Makanan Ringan,Makanan
oishi sponge crunch stroberi 100 g,15000.0,WANTS,Jajan & Nongkrong,Makanan Ringan,Makanan
oishi popcorn balado 100 g,18000.0,WANTS,Jajan & Nongkrong,Makanan Ringan,Makanan
alfamart kacang mede 60 g,16500.0,WANTS,Jajan & Nongkrong,Makanan Ringan,Makanan
silverqueen chunky minis cokelat cashew 80 g,30900.0,WANTS,Jajan & Nongkrong,Makanan Ringan,Makanan
silverqueen chunky cupid love cokelat 3 x 26 g,31900.0,WANTS,Jajan & Nongkrong,Makanan Ringan,Makanan
inaco jeli mini rasa jus bucket 50 x 15 g,26900.0,WANTS,Jajan & Nongkrong,Makanan Ringan,Makanan
alfamart yupi albi 40 g,3500.0,WANTS,Jajan & Nongkrong,Makanan Ringan,Makanan
delfi nockers cokelat nougat rasa caramel 2 x 35 g,12100.0,WANTS,Jajan & Nongkrong,Makanan Ringan,Makanan
silverqueen chunky minis cokelat cashew 80 g,30900.0,WANTS,Jajan & Nongkrong,Makanan Ringan,Makanan
mom's recipe silky pudding instan taro 110 g,13600.0,WANTS,Jajan & Nongkrong,Makanan Ringan,Makanan
mentos permen mint roll 37 g,4800.0,WANTS,Jajan & Nongkrong,Makanan Ringan,Makanan
chupa chups permen lolipop melody pops 15 g,4100.0,WANTS,Jajan & Nongkrong,Makanan Ringan,Makanan
alfamart basreng pedas 120 g,14900.0,WANTS,Jajan & Nongkrong,Makanan Ringan,Makanan
joa-yo rumput laut korea roasted original 4.5 g,5900.0,WANTS,Jajan & Nongkrong,Makanan Ringan,Makanan
nissin walens sus krim keju 100 g,13200.0,WANTS,Jajan & Nongkrong,Makanan Ringan,Makanan
gery saluut malkist crackers cokelat kelapa 105 g,9300.0,WANTS,Jajan & Nongkrong,Makanan Ringan,Makanan
mentos fruit permen bag 108 g,9000.0,WANTS,Jajan & Nongkrong,Makanan Ringan,Makanan
piattos snack kentang rumput laut 65 g,11900.0,WANTS,Jajan & Nongkrong,Makanan Ringan,Makanan
maxicorn keripik tortila barbekiu 130 g,12200.0,WANTS,Jajan & Nongkrong,Makanan Ringan,Makanan
qtela keripik singkong balado 175 g,18200.0,WANTS,Jajan & Nongkrong,Makanan Ringan,Makanan
yupi permen gummy exotic mango 45 g,4900.0,WANTS,Jajan & Nongkrong,Makanan Ringan,Makanan
bumifood quick bites camilan tofu ikan 60 g,8300.0,WANTS,Jajan & Nongkrong,Makanan Ringan,Makanan
alfamart kacang bawang 100 g,16000.0,WANTS,Jajan & Nongkrong,Makanan Ringan,Makanan
wonhae gummy cokelat truffle mixed fruit 32 g,14800.0,WANTS,Jajan & Nongkrong,Makanan Ringan,Makanan
koala-la permen gula kapas stroberi 10 g,5900.0,WANTS,Jajan & Nongkrong,Makanan Ringan,Makanan
chuba keripik singkong barbekiu 125 g,13300.0,WANTS,Jajan & Nongkrong,Makanan Ringan,Makanan
kitkat original cokelat wafer batang 2f 17 g,7100.0,WANTS,Jajan & Nongkrong,Makanan Ringan,Makanan
french fries 2000 kentang goreng pedas level 3 60 g,7900.0,WANTS,Jajan & Nongkrong,Makanan Ringan,Makanan
dua kelinci kacang kulit garing 180 g,21800.0,WANTS,Jajan & Nongkrong,Makanan Ringan,Makanan
kobe boncabe makaroni krispi keju nacho 135 g,11400.0,WANTS,Jajan & Nongkrong,Makanan Ringan,Makanan
milkita milky pudding yogurt susu 85 g,10000.0,WANTS,Jajan & Nongkrong,Makanan Ringan,Makanan
cemcem corn shots cokelat 55 g,6700.0,WANTS,Jajan & Nongkrong,Makanan Ringan,Makanan
milkita milky pudding yogurt stroberi 85 g,10000.0,WANTS,Jajan & Nongkrong,Makanan Ringan,Makanan
pringles keripik kentang sour cream & onion kaleng 102 g + 42 g,27500.0,WANTS,Jajan & Nongkrong,Makanan Ringan,Makanan
garuda kacang kulit 180 g,22500.0,WANTS,Jajan & Nongkrong,Makanan Ringan,Makanan
mentos permen mint bag 108 g,9100.0,WANTS,Jajan & Nongkrong,Makanan Ringan,Makanan
cadbury dairy milk cokelat susu cashew nut 85 g,27200.0,WANTS,Jajan & Nongkrong,Makanan Ringan,Makanan
maxicorn keripik tortila jagung bakar 130 g,12200.0,WANTS,Jajan & Nongkrong,Makanan Ringan,Makanan
cadbury dairy milk cokelat susu 85 g,27400.0,WANTS,Jajan & Nongkrong,Makanan Ringan,Makanan
bumifood quick bites camilan odeng 60 g,8300.0,WANTS,Jajan & Nongkrong,Makanan Ringan,Makanan
nyamnyam smiley biskuit sandwich cokelat 45 g,9000.0,WANTS,Jajan & Nongkrong,Makanan Ringan,Makanan
nyamnyam biskuit stik krim cokelat pisang 25 g,5200.0,WANTS,Jajan & Nongkrong,Makanan Ringan,Makanan
kinder bueno cokelat susu hazelnut 43 g,21500.0,WANTS,Jajan & Nongkrong,Makanan Ringan,Makanan
aim biskuits crackers roasted corn 180 g,14100.0,WANTS,Jajan & Nongkrong,Makanan Ringan,Makanan
chuba keripik singkong rasa keju 125 g,13000.0,WANTS,Jajan & Nongkrong,Makanan Ringan,Makanan
chitato keripik kentang sapi bumbu bakar 65 g,12400.0,WANTS,Jajan & Nongkrong,Makanan Ringan,Makanan
lemonilo brownies krispi stroberi keju 33 g,13700.0,WANTS,Jajan & Nongkrong,Makanan Ringan,Makanan
yava ya'bar snack bar cokelat 28 g,5900.0,WANTS,Jajan & Nongkrong,Makanan Ringan,Makanan
chomp-chomp mallow puff marshmallow peach 50 g,11000.0,WANTS,Jajan & Nongkrong,Makanan Ringan,Makanan
roma biskuit krim kelapa 174 g,14800.0,WANTS,Jajan & Nongkrong,Makanan Ringan,Makanan
soyjoy snack bar mochachoco cashew 30 g,10800.0,WANTS,Jajan & Nongkrong,Makanan Ringan,Makanan
wonhae permen gummy yogurt original 48 g,9500.0,WANTS,Jajan & Nongkrong,Makanan Ringan,Makanan
pocky biskuit stik cokelat share pack 7 x 20 g,27900.0,WANTS,Jajan & Nongkrong,Makanan Ringan,Makanan
tamarin permen sari asam 81 g,10300.0,WANTS,Jajan & Nongkrong,Makanan Ringan,Makanan
roma arden cookies cokelat splendid 80 g,11000.0,WANTS,Jajan & Nongkrong,Makanan Ringan,Makanan
kis permen mint apple peach 75 g,8700.0,WANTS,Jajan & Nongkrong,Makanan Ringan,Makanan
lotte choco pie keik stroberi isi marshmallow 6 x 28 g,15600.0,WANTS,Jajan & Nongkrong,Makanan Ringan,Makanan
oreo biskuit sandwich dark & white chocolate 105 g,10900.0,WANTS,Jajan & Nongkrong,Makanan Ringan,Makanan
chiki balls makanan ringan cheeky chicken 50 g,7200.0,WANTS,Jajan & Nongkrong,Makanan Ringan,Makanan
wonhae camilan topokki keju truffle mayo 80 g,10500.0,WANTS,Jajan & Nongkrong,Makanan Ringan,Makanan
roma biskuit marie gold 220 g,24300.0,WANTS,Jajan & Nongkrong,Makanan Ringan,Makanan
fisherman's friend permen bebas gula spearmint 22 g,17900.0,WANTS,Jajan & Nongkrong,Makanan Ringan,Makanan
strepsils soothing lemon madu permen pelega tenggorokan 8 pcs,23400.0,WANTS,Jajan & Nongkrong,Makanan Ringan,Makanan
cadbury dairy milk cokelat susu oreo 58.5 g,22400.0,WANTS,Jajan & Nongkrong,Makanan Ringan,Makanan
barbie choco snack biskuit assorted 45 g,3500.0,WANTS,Jajan & Nongkrong,Makanan Ringan,Makanan
cadbury dairy milk cokelat susu aerasi bubbly 46 g,17500.0,WANTS,Jajan & Nongkrong,Makanan Ringan,Makanan
mayasi festive treats kacang jepang mixed flavor 20 x 7 g,12000.0,WANTS,Jajan & Nongkrong,Makanan Ringan,Makanan
chupa chups big babol permen karet stik rasa bluberi 5 pcs,3800.0,WANTS,Jajan & Nongkrong,Makanan Ringan,Makanan
delfi take it share pack wafer cokelat 56 g,17900.0,WANTS,Jajan & Nongkrong,Makanan Ringan,Makanan
tango waffle hazelnut cokelat 3 x 25 g,8500.0,WANTS,Jajan & Nongkrong,Makanan Ringan,Makanan
gingerbon permen jahe original 125 g,10200.0,WANTS,Jajan & Nongkrong,Makanan Ringan,Makanan
chupa chups sour bites permen jeli aneka buah 56 g,12000.0,WANTS,Jajan & Nongkrong,Makanan Ringan,Makanan
milkita permen susu lolipop pink assorted 3 x 8.5 g,5700.0,WANTS,Jajan & Nongkrong,Makanan Ringan,Makanan
monde egg rolls original 110 g,19900.0,WANTS,Jajan & Nongkrong,Makanan Ringan,Makanan
frutivit jeli stik bervitamin aneka rasa 3 x 20 g,4700.0,WANTS,Jajan & Nongkrong,Makanan Ringan,Makanan
alfamart keripik aneka umbi 45 g,10800.0,WANTS,Jajan & Nongkrong,Makanan Ringan,Makanan
mentos permen feeling berry good roll 37.8 g,4800.0,WANTS,Jajan & Nongkrong,Makanan Ringan,Makanan
"oreo mini biskuit sandwich stroberi 58,4 g",8900.0,WANTS,Jajan & Nongkrong,Makanan Ringan,Makanan
kinder joy cokelat krispi dengan kejutan dc comics 20 g,18100.0,WANTS,Jajan & Nongkrong,Makanan Ringan,Makanan
gofress lite permen strip rasa icy melon 24 s,12500.0,WANTS,Jajan & Nongkrong,Makanan Ringan,Makanan
nissin wafer cokelat 325 g,24000.0,WANTS,Jajan & Nongkrong,Makanan Ringan,Makanan
chupa chups ocean fun permen jeli 90 g,16600.0,WANTS,Jajan & Nongkrong,Makanan Ringan,Makanan
pocky crushed nuts biskuit stik almond dark cokelat 25 g,13100.0,WANTS,Jajan & Nongkrong,Makanan Ringan,Makanan
m&m's cokelat susu isi kacang 37 g,13800.0,WANTS,Jajan & Nongkrong,Makanan Ringan,Makanan
yupi permen gummy asam o'ringo 45 g,4900.0,WANTS,Jajan & Nongkrong,Makanan Ringan,Makanan
mintz permen chewy duomint 99 g,8900.0,WANTS,Jajan & Nongkrong,Makanan Ringan,Makanan
oishi crackers udang pedas 130 g,15600.0,WANTS,Jajan & Nongkrong,Makanan Ringan,Makanan
good time choco dip cookies chocochips 71 g,10900.0,WANTS,Jajan & Nongkrong,Makanan Ringan,Makanan
good time cookies kopi 72 g,9900.0,WANTS,Jajan & Nongkrong,Makanan Ringan,Makanan
oishi poppy pop jagung bakar 130 g,15800.0,WANTS,Jajan & Nongkrong,Makanan Ringan,Makanan
l-men protein bar cokelat 22 g,14200.0,WANTS,Jajan & Nongkrong,Makanan Ringan,Makanan
silverqueen white cokelat green tea matcha 52 g,25700.0,WANTS,Jajan & Nongkrong,Makanan Ringan,Makanan
oreo biskuit sandwich red velvet 105 g,11700.0,WANTS,Jajan & Nongkrong,Makanan Ringan,Makanan
chupa chups sour belt permen jeli aneka buah 7 g,2800.0,WANTS,Jajan & Nongkrong,Makanan Ringan,Makanan
ubm crackers malkist square puff 350 g,16400.0,WANTS,Jajan & Nongkrong,Makanan Ringan,Makanan
kalpa wafer cokelat share it pouch 10 x 9 g,15700.0,WANTS,Jajan & Nongkrong,Makanan Ringan,Makanan
tango wafer susu vanila 99 g,12200.0,WANTS,Jajan & Nongkrong,Makanan Ringan,Makanan
alfamart popcorn keju 65 gr,11500.0,WANTS,Jajan & Nongkrong,Makanan Ringan,Makanan
tini wini biti biskuit rainbow 57 g,10000.0,WANTS,Jajan & Nongkrong,Makanan Ringan,Makanan
ritz crackers original 100 g,7400.0,WANTS,Jajan & Nongkrong,Makanan Ringan,Makanan
tini wini biti whizpy biskuit cokelat susu 22 g,3800.0,WANTS,Jajan & Nongkrong,Makanan Ringan,Makanan
milkita milky snack bar cokelat susu 15 g,4400.0,WANTS,Jajan & Nongkrong,Makanan Ringan,Makanan
garuda crunchy o'corn roasted jagung bakar 84 g,12200.0,WANTS,Jajan & Nongkrong,Makanan Ringan,Makanan
roma krim crackers 107 g,10000.0,WANTS,Jajan & Nongkrong,Makanan Ringan,Makanan
happydent white mint permen karet 14 g,5200.0,WANTS,Jajan & Nongkrong,Makanan Ringan,Makanan
yupi permen gummy calci bean 70 g,12500.0,WANTS,Jajan & Nongkrong,Makanan Ringan,Makanan
pringles keripik kentang original kaleng 66 g,22800.0,WANTS,Jajan & Nongkrong,Makanan Ringan,Makanan
chupa chups ropes permen jeli manis asam assorted 24 g,5900.0,WANTS,Jajan & Nongkrong,Makanan Ringan,Makanan
rebo kuaci biji bunga matahari milk 120 g,17600.0,WANTS,Jajan & Nongkrong,Makanan Ringan,Makanan
soyjoy snack bar stroberi 30 g,10800.0,WANTS,Jajan & Nongkrong,Makanan Ringan,Makanan
alfamart marshmallow sanrio kuromi 60 g,8500.0,WANTS,Jajan & Nongkrong,Makanan Ringan,Makanan
nabati siip bite snack rasa cokelat 57 g,7700.0,WANTS,Jajan & Nongkrong,Makanan Ringan,Makanan
mister potato keripik kentang original kaleng 35 g,11700.0,WANTS,Jajan & Nongkrong,Makanan Ringan,Makanan
ubm crackers krim 350 g,12900.0,WANTS,Jajan & Nongkrong,Makanan Ringan,Makanan
cemcem popcornz rasa cokelat 55 g,8200.0,WANTS,Jajan & Nongkrong,Makanan Ringan,Makanan
momogi makanan ringan stik cokelat 10 x 12 g,10500.0,WANTS,Jajan & Nongkrong,Makanan Ringan,Makanan
munchy's lexus cookies dark cokelat 189 g,23900.0,WANTS,Jajan & Nongkrong,Makanan Ringan,Makanan
oops star crackers rasa mi goreng 40 g,4500.0,WANTS,Jajan & Nongkrong,Makanan Ringan,Makanan
iyes kacang tanah panggang rasa bawang 125 g,9900.0,WANTS,Jajan & Nongkrong,Makanan Ringan,Makanan
oatbits biskuit oat cokelat pisang 110 g,6900.0,WANTS,Jajan & Nongkrong,Makanan Ringan,Makanan
chiki twist makanan ringan jagung bakar pedas manis 65 g,4500.0,WANTS,Jajan & Nongkrong,Makanan Ringan,Makanan
chomp-chomp marshmallow plain 200 g,27000.0,WANTS,Jajan & Nongkrong,Makanan Ringan,Makanan
oatbits biskuit oat kismis 110 g,6900.0,WANTS,Jajan & Nongkrong,Makanan Ringan,Makanan
dua kelinci kacang campur 60 g,8500.0,WANTS,Jajan & Nongkrong,Makanan Ringan,Makanan
nissin wafer choco lava 160 g,11900.0,WANTS,Jajan & Nongkrong,Makanan Ringan,Makanan
chuba keripik singkong rasa balado 125 g,11500.0,WANTS,Jajan & Nongkrong,Makanan Ringan,Makanan
roma malkist crackers cokelat kelapa 95 g,10200.0,WANTS,Jajan & Nongkrong,Makanan Ringan,Makanan
dua kelinci kacang kulit bawang 180 g,25800.0,WANTS,Jajan & Nongkrong,Makanan Ringan,Makanan
yupi permen gummy bolicious blackberry 40 g,8000.0,WANTS,Jajan & Nongkrong,Makanan Ringan,Makanan
twistko jagung bakar 145 g,16200.0,WANTS,Jajan & Nongkrong,Makanan Ringan,Makanan
dua kelinci kacang kulit sangrai 180 g,22300.0,WANTS,Jajan & Nongkrong,Makanan Ringan,Makanan
dua kelinci kacang kulit garing 75 g,9200.0,WANTS,Jajan & Nongkrong,Makanan Ringan,Makanan
ferrero rocher cokelat 3 x 12.5 g,30100.0,WANTS,Jajan & Nongkrong,Makanan Ringan,Makanan
youka permen jeli roll aneka rasa 32 g,4400.0,WANTS,Jajan & Nongkrong,Makanan Ringan,Makanan
tango walut wafer cokelat belgian box 75 g,9100.0,WANTS,Jajan & Nongkrong,Makanan Ringan,Makanan
garuda kacang rosta panggang rasa wagyu beef 95 g,11000.0,WANTS,Jajan & Nongkrong,Makanan Ringan,Makanan
nissin biskuit kelapa ijo 280 g,12700.0,WANTS,Jajan & Nongkrong,Makanan Ringan,Makanan
alfamart jagung marning 150 g,12900.0,WANTS,Jajan & Nongkrong,Makanan Ringan,Makanan
happydent x-pert permen peppermint 56 g,19900.0,WANTS,Jajan & Nongkrong,Makanan Ringan,Makanan
fisherman's friend permen bebas gula blackcurrant 22 g,17900.0,WANTS,Jajan & Nongkrong,Makanan Ringan,Makanan
wrp everyday deli chips keripik salt & pepper 40 g,14900.0,WANTS,Jajan & Nongkrong,Makanan Ringan,Makanan
oatside sereal bar oat rasa cokelat 18 g,6500.0,WANTS,Jajan & Nongkrong,Makanan Ringan,Makanan
dua kelinci camilan assorted pack 12 pcs,17500.0,WANTS,Jajan & Nongkrong,Makanan Ringan,Makanan
chomp-chomp mallow es krim marshmallow anggur 50 g,8900.0,WANTS,Jajan & Nongkrong,Makanan Ringan,Makanan
chomp-chomp mallow es krim marshmallow stroberi 50 g,8900.0,WANTS,Jajan & Nongkrong,Makanan Ringan,Makanan
chomp-chomp mallow permen marshmallow twist long stick 50 g,8900.0,WANTS,Jajan & Nongkrong,Makanan Ringan,Makanan
chomp-chomp mallow bebek marshmallow 50 g,8900.0,WANTS,Jajan & Nongkrong,Makanan Ringan,Makanan
chomp-chomp koin cokelat strip 36 g,11500.0,WANTS,Jajan & Nongkrong,Makanan Ringan,Makanan
uha kororo permen jeli anggur 40 g,13400.0,WANTS,Jajan & Nongkrong,Makanan Ringan,Makanan
pamma keripik sayur pouch 45 g,18900.0,WANTS,Jajan & Nongkrong,Makanan Ringan,Makanan
pringles snack keripik kentang hot & spicy 102 g,19000.0,WANTS,Jajan & Nongkrong,Makanan Ringan,Makanan
wong coco puding es teler 120 g,3900.0,WANTS,Jajan & Nongkrong,Makanan Ringan,Makanan
uha kororo permen jeli anggur 40 g,13400.0,WANTS,Jajan & Nongkrong,Makanan Ringan,Makanan
tong garden kacang party snack 40 g,8500.0,WANTS,Jajan & Nongkrong,Makanan Ringan,Makanan
tong garden kacang salted cashew nuts 40 g,19200.0,WANTS,Jajan & Nongkrong,Makanan Ringan,Makanan
cho cho joy wafer snack egg jumbo 40 g,20500.0,WANTS,Jajan & Nongkrong,Makanan Ringan,Makanan
tong garden kacang kulit shandong 60 g,5500.0,WANTS,Jajan & Nongkrong,Makanan Ringan,Makanan
uha kororo permen jeli peach 40 g,11900.0,WANTS,Jajan & Nongkrong,Makanan Ringan,Makanan
pringles snack keripik kentang barbeque kaleng 102 g,19000.0,WANTS,Jajan & Nongkrong,Makanan Ringan,Makanan
fisherman's friends choco mentho permen jeruk bebas gula 22 g,17900.0,WANTS,Jajan & Nongkrong,Makanan Ringan,Makanan
kata oma telur gabus rasa padang balado 50 g,8900.0,WANTS,Jajan & Nongkrong,Makanan Ringan,Makanan
momogi long stik rumput laut 10 x 12 g,10500.0,WANTS,Jajan & Nongkrong,Makanan Ringan,Makanan
tong garden kacang kuaci salted sunflower 30 g,5500.0,WANTS,Jajan & Nongkrong,Makanan Ringan,Makanan
tong garden party snack kacang campur 185 g,19900.0,WANTS,Jajan & Nongkrong,Makanan Ringan,Makanan
pororo choco stick cookie cokelat box 54 g,23000.0,WANTS,Jajan & Nongkrong,Makanan Ringan,Makanan
monde potato boro cookies kentang green 100 g,9900.0,WANTS,Jajan & Nongkrong,Makanan Ringan,Makanan
monde serena egg rolls cokelat 168 g,22900.0,WANTS,Jajan & Nongkrong,Makanan Ringan,Makanan
evyna keripik jamur krispi pizza 140 g,34500.0,WANTS,Jajan & Nongkrong,Makanan Ringan,Makanan
evyna keripik jamur krispi roastbeef 140 g,34900.0,WANTS,Jajan & Nongkrong,Makanan Ringan,Makanan
evyna emping keripik melinjo pedas manis khas minang 60 g,27900.0,WANTS,Jajan & Nongkrong,Makanan Ringan,Makanan
evyna emping keripik melinjo jagung manis keju 60 g,27900.0,WANTS,Jajan & Nongkrong,Makanan Ringan,Makanan
evyna snack gabus kentang original 120 g,31500.0,WANTS,Jajan & Nongkrong,Makanan Ringan,Makanan
yava granola snack tropical fruits 125 g,21900.0,WANTS,Jajan & Nongkrong,Makanan Ringan,Makanan
l-men protein crunch rasa daging barbekiu 20 g,13900.0,WANTS,Jajan & Nongkrong,Makanan Ringan,Makanan
tong garden sun gift soft & chewy kranberry kering 110 g,30900.0,WANTS,Jajan & Nongkrong,Makanan Ringan,Makanan
tong garden sun gift soft & chewy kismis jumbo medley 120 g,30900.0,WANTS,Jajan & Nongkrong,Makanan Ringan,Makanan
yava granola bites snack coconut banana 125 g,20900.0,WANTS,Jajan & Nongkrong,Makanan Ringan,Makanan
wong coco pudding blueberry yogurt fat free 120 g,3900.0,WANTS,Jajan & Nongkrong,Makanan Ringan,Makanan
ziplong permen eucalyptus mint bag 100 g,8500.0,WANTS,Jajan & Nongkrong,Makanan Ringan,Makanan
monde genji biskuit raisin pie 95 g,15500.0,WANTS,Jajan & Nongkrong,Makanan Ringan,Makanan
monde genji biskuit strawberry pie 95 g,15500.0,WANTS,Jajan & Nongkrong,Makanan Ringan,Makanan
khong guan cizzring kukis keju 135 g,10900.0,WANTS,Jajan & Nongkrong,Makanan Ringan,Makanan
monde collon biskuit krim vanila 40 g,6000.0,WANTS,Jajan & Nongkrong,Makanan Ringan,Makanan
monde pola snack rasa kentang 50 g,7500.0,WANTS,Jajan & Nongkrong,Makanan Ringan,Makanan
pororo choco biskuit stik kacang box 54 g,23000.0,WANTS,Jajan & Nongkrong,Makanan Ringan,Makanan
evyna makaroni keju smoked wagyu 45 g,23900.0,WANTS,Jajan & Nongkrong,Makanan Ringan,Makanan
evyna makaroni keju super rich 45 g,23900.0,WANTS,Jajan & Nongkrong,Makanan Ringan,Makanan
chupa chups permen sour belt 1 meter 50 g,11500.0,WANTS,Jajan & Nongkrong,Makanan Ringan,Makanan
qtela keripik tempe orek pouch 100 g,23800.0,WANTS,Jajan & Nongkrong,Makanan Ringan,Makanan
pocky biskuit stik rasa rose 31 g,12900.0,WANTS,Jajan & Nongkrong,Makanan Ringan,Makanan
lay's stax keripik kentang rasa original 100 g,25000.0,WANTS,Jajan & Nongkrong,Makanan Ringan,Makanan
french fries 2000 kentang goreng party pack 192 g,21000.0,WANTS,Jajan & Nongkrong,Makanan Ringan,Makanan
snickers cokelat batang 70 g,14900.0,WANTS,Jajan & Nongkrong,Makanan Ringan,Makanan
serena snack crackers rasa ayam 210 g,13900.0,WANTS,Jajan & Nongkrong,Makanan Ringan,Makanan
parago permen lunak rasa cokelat 54 g,5500.0,WANTS,Jajan & Nongkrong,Makanan Ringan,Makanan
parago permen lunak rasa anggur 54 g,5500.0,WANTS,Jajan & Nongkrong,Makanan Ringan,Makanan
parago permen lunak rasa stroberi 54 g,5500.0,WANTS,Jajan & Nongkrong,Makanan Ringan,Makanan
mayasi cashew rasa honey butter pouch 100 g,28900.0,WANTS,Jajan & Nongkrong,Makanan Ringan,Makanan
mayasi cashew rasa jagung bakar pouch 100 g,28900.0,WANTS,Jajan & Nongkrong,Makanan Ringan,Makanan
mayasi cashew rasa salted karamel pouch 100 g,28900.0,WANTS,Jajan & Nongkrong,Makanan Ringan,Makanan
pamma keripik buah pouch 45 g,24900.0,WANTS,Jajan & Nongkrong,Makanan Ringan,Makanan
pamma keripik stroberi pouch 45 g,25900.0,WANTS,Jajan & Nongkrong,Makanan Ringan,Makanan
pamma makaroni crunch rasa mie goreng 100 g,9900.0,WANTS,Jajan & Nongkrong,Makanan Ringan,Makanan
cassa artisan chips camilan keripik singkong rasa barbekiu 120 g,20000.0,WANTS,Jajan & Nongkrong,Makanan Ringan,Makanan
cassa artisan chips camilan keripik singkong rasa ayam pedas 120 g,20000.0,WANTS,Jajan & Nongkrong,Makanan Ringan,Makanan
kongbap rice crackers rasa madu mentega 50 g,9400.0,WANTS,Jajan & Nongkrong,Makanan Ringan,Makanan
kongbap rice crackers rasa keju 50 g,9400.0,WANTS,Jajan & Nongkrong,Makanan Ringan,Makanan
kongbap rice crackers rasa ayam bawang 50 g,9400.0,WANTS,Jajan & Nongkrong,Makanan Ringan,Makanan
kongbap rice crackers rasa rumput laut 50 g,9400.0,WANTS,Jajan & Nongkrong,Makanan Ringan,Makanan
kongbap rice crackers rasa barbeque 50 g,9400.0,WANTS,Jajan & Nongkrong,Makanan Ringan,Makanan
francis nutties camilan kacang with super 8 mix 31 g,11500.0,WANTS,Jajan & Nongkrong,Makanan Ringan,Makanan
francis nutties camilan kacang with berry mix 31 g,11500.0,WANTS,Jajan & Nongkrong,Makanan Ringan,Makanan
pamma keripik bawang onion crunch 20 g,12500.0,WANTS,Jajan & Nongkrong,Makanan Ringan,Makanan
pamma keripik buah naga 45 g,29900.0,WANTS,Jajan & Nongkrong,Makanan Ringan,Makanan
pamma keripik buah peach 45 g,29900.0,WANTS,Jajan & Nongkrong,Makanan Ringan,Makanan
inaco puding hokkaido melon 120 g,5000.0,WANTS,Jajan & Nongkrong,Makanan Ringan,Makanan
siumang camilan mi lidi rasa cokelat 130 g,14900.0,WANTS,Jajan & Nongkrong,Makanan Ringan,Makanan
siumang camilan mi lidi rasa barbekiu 130 g,14900.0,WANTS,Jajan & Nongkrong,Makanan Ringan,Makanan
tango emoji biskuit rasa cokelat 140 g,17500.0,WANTS,Jajan & Nongkrong,Makanan Ringan,Makanan
kata oma telur gabus rasa jagung bakar 50 g,8900.0,WANTS,Jajan & Nongkrong,Makanan Ringan,Makanan
mayasi kacang mede panggang salut tepung ala kentucky pouch 35 g,10500.0,WANTS,Jajan & Nongkrong,Makanan Ringan,Makanan
pamma stik talas sambal ebi pedas 50 g,14500.0,WANTS,Jajan & Nongkrong,Makanan Ringan,Makanan
pamma stik talas rumput laut panggang 50 g,14500.0,WANTS,Jajan & Nongkrong,Makanan Ringan,Makanan
pamma keripik talas himalayan salt 50 g,9900.0,WANTS,Jajan & Nongkrong,Makanan Ringan,Makanan
pamma keripik talas tom yum 50 g,9900.0,WANTS,Jajan & Nongkrong,Makanan Ringan,Makanan
delicyo kentang goreng rasa truffle 38 g,8500.0,WANTS,Jajan & Nongkrong,Makanan Ringan,Makanan
delicyo kentang goreng rasa pedas daun jeruk 38 g,8500.0,WANTS,Jajan & Nongkrong,Makanan Ringan,Makanan
delicyo kentang goreng rasa keju 38 g,8500.0,WANTS,Jajan & Nongkrong,Makanan Ringan,Makanan
delicyo gurizpy rasa pedas daun jeruk 38 g,8500.0,WANTS,Jajan & Nongkrong,Makanan Ringan,Makanan
delicyo crobites french chocolate 38 g,10000.0,WANTS,Jajan & Nongkrong,Makanan Ringan,Makanan
cadbury dairy milk mini bars cokelat susu oreo 80.5 g,25900.0,WANTS,Jajan & Nongkrong,Makanan Ringan,Makanan
mr. p kacang camilan kacang panggang madu 80 g,16300.0,WANTS,Jajan & Nongkrong,Makanan Ringan,Makanan
chitato keripik kentang sapi panggang 168 g,28300.0,WANTS,Jajan & Nongkrong,Makanan Ringan,Makanan
frozz permen bluberi mint 14 g,9800.0,WANTS,Jajan & Nongkrong,Makanan Ringan,Makanan
happydent white mint botol 52.8 g,17900.0,WANTS,Jajan & Nongkrong,Makanan Ringan,Makanan
strepsils original permen pelega tenggorokan 8 pcs,23400.0,WANTS,Jajan & Nongkrong,Makanan Ringan,Makanan
strepsils permen pelega tenggorokan bebas gula 8 pcs,25500.0,WANTS,Jajan & Nongkrong,Makanan Ringan,Makanan
chacha minis cokelat susu dengan mainan 12.5 g,19900.0,WANTS,Jajan & Nongkrong,Makanan Ringan,Makanan
cho cho wafer cokelat meises 35 g,8800.0,WANTS,Jajan & Nongkrong,Makanan Ringan,Makanan
tong garden kacang salted pistachios 35 g,21700.0,WANTS,Jajan & Nongkrong,Makanan Ringan,Makanan
tong garden kacang salted almonds 35 g,21700.0,WANTS,Jajan & Nongkrong,Makanan Ringan,Makanan
alfamart kacang bandung 190 g,17500.0,WANTS,Jajan & Nongkrong,Makanan Ringan,Makanan
haribo goldbears permen jeli 80 g,20000.0,WANTS,Jajan & Nongkrong,Makanan Ringan,Makanan
haribo happy-cola permen jeli rasa cola 80 g,20000.0,WANTS,Jajan & Nongkrong,Makanan Ringan,Makanan
haribo starmix permen jeli 80 g,20000.0,WANTS,Jajan & Nongkrong,Makanan Ringan,Makanan
lotte pepero biskuit stik almond 32 g,17400.0,WANTS,Jajan & Nongkrong,Makanan Ringan,Makanan
chupa chups filifolly permen karet tutti frutti 11 g,5600.0,WANTS,Jajan & Nongkrong,Makanan Ringan,Makanan
jlo chococup cokelat telur disney 25 g - assorted,13000.0,WANTS,Jajan & Nongkrong,Makanan Ringan,Makanan
jlo chococup cokelat telur avengers 25 g,13000.0,WANTS,Jajan & Nongkrong,Makanan Ringan,Makanan
strepsils extra strong permen pelega tenggorokan 8 pcs,23400.0,WANTS,Jajan & Nongkrong,Makanan Ringan,Makanan
cadbury dairy milk cokelat susu lickables 20 g,17600.0,WANTS,Jajan & Nongkrong,Makanan Ringan,Makanan
chomp-chomp mallow hati marshmallow 50 g,10000.0,WANTS,Jajan & Nongkrong,Makanan Ringan,Makanan
tong garden sunflower kuaci salted egg 120 g,20000.0,WANTS,Jajan & Nongkrong,Makanan Ringan,Makanan
chomp-chomp mallow semangka marshmallow 50 g,10000.0,WANTS,Jajan & Nongkrong,Makanan Ringan,Makanan
chupa chups big babol permen karet stick tutti frutti & blueberry 2 x 20 g,8000.0,WANTS,Jajan & Nongkrong,Makanan Ringan,Makanan
yupi permen gummy sweet artifact 77 g,13000.0,WANTS,Jajan & Nongkrong,Makanan Ringan,Makanan
amos 4d permen jeli 3d bentuk balok 72 g,18000.0,WANTS,Jajan & Nongkrong,Makanan Ringan,Makanan
amos 4d permen jeli 3d bentuk balok 40 g,10900.0,WANTS,Jajan & Nongkrong,Makanan Ringan,Makanan
chupa chups permen lolipop surprises assorted 12 g,14300.0,WANTS,Jajan & Nongkrong,Makanan Ringan,Makanan
alfamart emping manis pedas 175 g,22000.0,WANTS,Jajan & Nongkrong,Makanan Ringan,Makanan
qtela keripik singkong ayam lada hitam 100 g,14000.0,WANTS,Jajan & Nongkrong,Makanan Ringan,Makanan
delicyo kentang goreng rasa keju 38 g,8500.0,WANTS,Jajan & Nongkrong,Makanan Ringan,Makanan
delicyo gurizpy rasa pedas daun jeruk 38 g,8500.0,WANTS,Jajan & Nongkrong,Makanan Ringan,Makanan
delicyo crobites french chocolate 38 g,10000.0,WANTS,Jajan & Nongkrong,Makanan Ringan,Makanan
munchy's biskuit kraker krim 300 g,25900.0,WANTS,Jajan & Nongkrong,Makanan Ringan,Makanan
munchy's biskuit kraker sayuran 380 g,25900.0,WANTS,Jajan & Nongkrong,Makanan Ringan,Makanan
munchy's biskuit gandum rasa dark cokelat 208 g,29900.0,WANTS,Jajan & Nongkrong,Makanan Ringan,Makanan
munchy's biskuit gandum rasa stroberi dan blackcurrant 208 g,29900.0,WANTS,Jajan & Nongkrong,Makanan Ringan,Makanan
krobe kerupuk udang rumput laut 70 g,14900.0,WANTS,Jajan & Nongkrong,Makanan Ringan,Makanan
tong garden kacang honey almonds 35 g,18500.0,WANTS,Jajan & Nongkrong,Makanan Ringan,Makanan
tong garden kacang kuaci honey sunflower kernels 35 g,8900.0,WANTS,Jajan & Nongkrong,Makanan Ringan,Makanan
meiji yan yan biskuit stroberi cup 40 g,9900.0,WANTS,Jajan & Nongkrong,Makanan Ringan,Makanan
oatbits biskuit oat yogurt stroberi 110 g,6900.0,WANTS,Jajan & Nongkrong,Makanan Ringan,Makanan
diasweet fiberwafer camilan wafer rasa cokelat 180 g,26900.0,WANTS,Jajan & Nongkrong,Makanan Ringan,Makanan
roma biskuit sandwich peanut butter 157 g,10700.0,WANTS,Jajan & Nongkrong,Makanan Ringan,Makanan
lovy cookies chocobutter 12 x 27 g,28000.0,WANTS,Jajan & Nongkrong,Makanan Ringan,Makanan
jlo fizlepop lollipop avengers 15 g,4900.0,WANTS,Jajan & Nongkrong,Makanan Ringan,Makanan
tropicana slim cookies keju hokkaido 100 g,28900.0,WANTS,Jajan & Nongkrong,Makanan Ringan,Makanan
pororo ice cone snack stroberi box 54 g,35500.0,WANTS,Jajan & Nongkrong,Makanan Ringan,Makanan
lucky stick family pack cokelat 120 g,19000.0,WANTS,Jajan & Nongkrong,Makanan Ringan,Makanan
lucky stick family pack stroberi 120 g,19000.0,WANTS,Jajan & Nongkrong,Makanan Ringan,Makanan
tong garden organic snack kacang chesnuts 120 g,23900.0,WANTS,Jajan & Nongkrong,Makanan Ringan,Makanan
oriental cheese balls 60 g,12500.0,WANTS,Jajan & Nongkrong,Makanan Ringan,Makanan
oriental green pea snack 60 g,12500.0,WANTS,Jajan & Nongkrong,Makanan Ringan,Makanan
oriental ring cheese 60 g,12500.0,WANTS,Jajan & Nongkrong,Makanan Ringan,Makanan
chung jung one camilan rumput laut 9 x 4.5 g,60900.0,WANTS,Jajan & Nongkrong,Makanan Ringan,Makanan
lotte pepero biskuit stik white cookie 32 g,17400.0,WANTS,Jajan & Nongkrong,Makanan Ringan,Makanan
alfamart permen gummy rasa aneka buah 40 g,4500.0,WANTS,Jajan & Nongkrong,Makanan Ringan,Makanan
chupa chups bubblegum play tennis permen karet nanas 20 g,4700.0,WANTS,Jajan & Nongkrong,Makanan Ringan,Makanan
thalasa keripik talas jagung bakar 55 g,9800.0,WANTS,Jajan & Nongkrong,Makanan Ringan,Makanan
amos 4d permen jeli 3d bentuk arithmetic games rasa buah 72 g,18000.0,WANTS,Jajan & Nongkrong,Makanan Ringan,Makanan
amos 4d permen jeli 3d buah-buahan robot 72 g,18000.0,WANTS,Jajan & Nongkrong,Makanan Ringan,Makanan
dua kelinci tato tato snack kentang flame beef 60 g,9200.0,WANTS,Jajan & Nongkrong,Makanan Ringan,Makanan
fruzz ball permen chewy rasa buah 25.5 g,3900.0,WANTS,Jajan & Nongkrong,Makanan Ringan,Makanan
chomp-chomp marshmallow rainbow 21 g,5100.0,WANTS,Jajan & Nongkrong,Makanan Ringan,Makanan
sweet fun permen mainan rasa buah 2 g,30900.0,WANTS,Jajan & Nongkrong,Makanan Ringan,Makanan
pororo biskuit stik cokelat shooting star 54 g,24900.0,WANTS,Jajan & Nongkrong,Makanan Ringan,Makanan
chomp-chomp marshmallow sandwich 21 g,5000.0,WANTS,Jajan & Nongkrong,Makanan Ringan,Makanan
biskies sandwich biskuit oat gandum susu 135 g,18900.0,WANTS,Jajan & Nongkrong,Makanan Ringan,Makanan
mister potato keripik kentang hitam ghost pepper rasa buldak cheese 40 g,13500.0,WANTS,Jajan & Nongkrong,Makanan Ringan,Makanan
mister potato keripik kentang hitam ghost pepper rasa carbonara 40 g,13500.0,WANTS,Jajan & Nongkrong,Makanan Ringan,Makanan
amos peelz permen jeli rasa buah mangga 65 g,20900.0,WANTS,Jajan & Nongkrong,Makanan Ringan,Makanan
jlo permen apel stoberi 38 g,12900.0,WANTS,Jajan & Nongkrong,Makanan Ringan,Makanan
padjajaran permen jahe 100 g,13500.0,WANTS,Jajan & Nongkrong,Makanan Ringan,Makanan
amos peelz permen jeli rasa buah leci 65 g,20900.0,WANTS,Jajan & Nongkrong,Makanan Ringan,Makanan
delfi take-it ovaltine cokelat susu wafer 4f 35 g,15000.0,WANTS,Jajan & Nongkrong,Makanan Ringan,Makanan
tango brownies crispy rasa susu 35 g,8900.0,WANTS,Jajan & Nongkrong,Makanan Ringan,Makanan
alfamart keripik buah nangka 50 g,18500.0,WANTS,Jajan & Nongkrong,Makanan Ringan,Makanan
francis kacang almond panggang 31 g,14500.0,WANTS,Jajan & Nongkrong,Makanan Ringan,Makanan
"jlo permen jeli gummy peeling leci, anggur & peach 40 g",9900.0,WANTS,Jajan & Nongkrong,Makanan Ringan,Makanan
bean spot kue macaron 6 pcs,16000.0,WANTS,Jajan & Nongkrong,Makanan Ringan,Makanan
amos 4d permen jeli buah peach 65 g,18000.0,WANTS,Jajan & Nongkrong,Makanan Ringan,Makanan
jlo gummy bites permen jeli 100 g,18900.0,WANTS,Jajan & Nongkrong,Makanan Ringan,Makanan
amos 4d permen jeli 3d bentuk dino 72 g,18000.0,WANTS,Jajan & Nongkrong,Makanan Ringan,Makanan
paroti semprong sweet roll wijen box 38 g,6500.0,WANTS,Jajan & Nongkrong,Makanan Ringan,Makanan
sunpride lyfe keripik pisang garam & bawang 55 g,10600.0,WANTS,Jajan & Nongkrong,Makanan Ringan,Makanan
yupi permen gummy mango kiss 111 g,11000.0,WANTS,Jajan & Nongkrong,Makanan Ringan,Makanan
krobe keripik singkong original 70 g,14900.0,WANTS,Jajan & Nongkrong,Makanan Ringan,Makanan
verkade speculaas kue kering rasa rempah-rempah 200 g,19900.0,WANTS,Jajan & Nongkrong,Makanan Ringan,Makanan
verkade kokos kue kering kelapa 150 g,19900.0,WANTS,Jajan & Nongkrong,Makanan Ringan,Makanan
verkade kue kering lemon 150 g,19900.0,WANTS,Jajan & Nongkrong,Makanan Ringan,Makanan
tong garden kacang honey peanuts 50 g,8900.0,WANTS,Jajan & Nongkrong,Makanan Ringan,Makanan
bontea green permen rasa green tea isi lemon 135 g,8900.0,WANTS,Jajan & Nongkrong,Makanan Ringan,Makanan
ferrero rocher cokelat 200 g,135000.0,WANTS,Jajan & Nongkrong,Makanan Ringan,Makanan
meiji yan yan biskuit krim cokelat cup 40 g,9900.0,WANTS,Jajan & Nongkrong,Makanan Ringan,Makanan
lotte koala's march biskuit isi krim cokelat 37 g,7900.0,WANTS,Jajan & Nongkrong,Makanan Ringan,Makanan
kapal api permen rasa kopi hitam 125 g,9000.0,WANTS,Jajan & Nongkrong,Makanan Ringan,Makanan
tao kae noi crispy seaweed tom yum goong 15 g,17900.0,WANTS,Jajan & Nongkrong,Makanan Ringan,Makanan
lotte koala's march biskuit isi krim stroberi 37 g,7900.0,WANTS,Jajan & Nongkrong,Makanan Ringan,Makanan
julie's le-mond biskuit sandwich 170 g,34900.0,WANTS,Jajan & Nongkrong,Makanan Ringan,Makanan
tao kae noi tempura seaweed spicy 25 g,16900.0,WANTS,Jajan & Nongkrong,Makanan Ringan,Makanan
tao kae noi tempura seaweed original 25 g,16900.0,WANTS,Jajan & Nongkrong,Makanan Ringan,Makanan
lotte toppo biskuit stik pretzel cokelat vanila 40 g,8000.0,WANTS,Jajan & Nongkrong,Makanan Ringan,Makanan
haribo worms permen lunak jeli rasa buah 80 g,16900.0,WANTS,Jajan & Nongkrong,Makanan Ringan,Makanan
oatbits oat 8 biskuit havermout kacang hijau 142.5 g,17500.0,WANTS,Jajan & Nongkrong,Makanan Ringan,Makanan
julie's biskuit sandwich keju 168 g,34900.0,WANTS,Jajan & Nongkrong,Makanan Ringan,Makanan
miaow-miaow camilan keripik udang 50 g,12900.0,WANTS,Jajan & Nongkrong,Makanan Ringan,Makanan
miaow-miaow camilan kacang polong hijau 50 g,12900.0,WANTS,Jajan & Nongkrong,Makanan Ringan,Makanan
miaow-miaow camilan cheese rings 50 g,12900.0,WANTS,Jajan & Nongkrong,Makanan Ringan,Makanan
tao kae noi crispy seaweed japanese sauce 32 g,27900.0,WANTS,Jajan & Nongkrong,Makanan Ringan,Makanan
lotte toppo biskuit stik pretzel cocoa cokelat 40 g,8000.0,WANTS,Jajan & Nongkrong,Makanan Ringan,Makanan
haribo chamallows permen pink & white 70 g,16900.0,WANTS,Jajan & Nongkrong,Makanan Ringan,Makanan
melting sweet permen rasa jahe pouch 125 g,8500.0,WANTS,Jajan & Nongkrong,Makanan Ringan,Makanan
melting sweet permen rasa leci pouch 125 g,8500.0,WANTS,Jajan & Nongkrong,Makanan Ringan,Makanan
melting sweet permen rasa kelapa pouch 125 g,8500.0,WANTS,Jajan & Nongkrong,Makanan Ringan,Makanan
poetri bali kacang bawang original 75 g,11900.0,WANTS,Jajan & Nongkrong,Makanan Ringan,Makanan
melting sweet permen rasa jahe pouch 125 g,8500.0,WANTS,Jajan & Nongkrong,Makanan Ringan,Makanan
melting sweet permen rasa leci pouch 125 g,8500.0,WANTS,Jajan & Nongkrong,Makanan Ringan,Makanan
melting sweet permen rasa kelapa pouch 125 g,8500.0,WANTS,Jajan & Nongkrong,Makanan Ringan,Makanan
poetri bali kacang bawang original 75 g,11900.0,WANTS,Jajan & Nongkrong,Makanan Ringan,Makanan
poetri bali kacang asin 75 g,11900.0,WANTS,Jajan & Nongkrong,Makanan Ringan,Makanan
pororo ice cone snack cokelat box 54 g,35500.0,WANTS,Jajan & Nongkrong,Makanan Ringan,Makanan
nutella b-ready wafer hazelnut cokelat 6 x 22 g,52000.0,WANTS,Jajan & Nongkrong,Makanan Ringan,Makanan
inaco mini pudding aneka rasa 10 x 15 g,6500.0,WANTS,Jajan & Nongkrong,Makanan Ringan,Makanan
miaow-miaow camilan keripik ayam 50 g,12900.0,WANTS,Jajan & Nongkrong,Makanan Ringan,Makanan
diabetasol nulife camilan wafer cokelat 2 x 50 g,22000.0,WANTS,Jajan & Nongkrong,Makanan Ringan,Makanan
wafello italian bites wafer rasa karamel butter pouch 95 g,11500.0,WANTS,Jajan & Nongkrong,Makanan Ringan,Makanan
wafello italian bites wafer rasa cokelat pouch 97.5 g,11500.0,WANTS,Jajan & Nongkrong,Makanan Ringan,Makanan
laverland crunch seaweed sea salt 9 x 4.5 g,60900.0,WANTS,Jajan & Nongkrong,Makanan Ringan,Makanan
yava kacang mede wild-harvested sweet & spicy 35 g,17900.0,WANTS,Jajan & Nongkrong,Makanan Ringan,Makanan
yava kacang mede wild-harvested sea salt 32 g,17900.0,WANTS,Jajan & Nongkrong,Makanan Ringan,Makanan
yava kacang mede wild-harvested panggang 35 g,17900.0,WANTS,Jajan & Nongkrong,Makanan Ringan,Makanan
lotte koala's march biskuit isi krim susu vanila 37 g,7900.0,WANTS,Jajan & Nongkrong,Makanan Ringan,Makanan
oops pops crackers rasa keju cheesy 80 g,8900.0,WANTS,Jajan & Nongkrong,Makanan Ringan,Makanan
geli chips basreng pedas pouch 65 g,10900.0,WANTS,Jajan & Nongkrong,Makanan Ringan,Makanan
yava kacang mede wild-harvested kakao 32 g,17900.0,WANTS,Jajan & Nongkrong,Makanan Ringan,Makanan
yava kacang mede wild-harvested garlic pepper 32 g,17900.0,WANTS,Jajan & Nongkrong,Makanan Ringan,Makanan
yava krispi puffs cacao 35 g,8900.0,WANTS,Jajan & Nongkrong,Makanan Ringan,Makanan
cucu mini mallow marshmallow rasa stroberi & apel 120 g,12500.0,WANTS,Jajan & Nongkrong,Makanan Ringan,Makanan
pamma makaroni crunch rasa saus cabe thailand 100 g,14900.0,WANTS,Jajan & Nongkrong,Makanan Ringan,Makanan
haribo peaches permen lunak jeli peach 80 g,16900.0,WANTS,Jajan & Nongkrong,Makanan Ringan,Makanan
kartika toast puffies soes cream choco 72 g,10900.0,WANTS,Jajan & Nongkrong,Makanan Ringan,Makanan
kartika toast soes keju krim puffy 72 g,10900.0,WANTS,Jajan & Nongkrong,Makanan Ringan,Makanan
parago permen lunak rasa matcha 81 g,12500.0,WANTS,Jajan & Nongkrong,Makanan Ringan,Makanan
potato-q keripik kentang rasa sosis mexico 50 g,5900.0,WANTS,Jajan & Nongkrong,Makanan Ringan,Makanan
tejahe permen jahe rasa sekoteng 100 g,7500.0,WANTS,Jajan & Nongkrong,Makanan Ringan,Makanan
oreo mini biskuit sandwich cokelat 10 x 20.4 g,20900.0,WANTS,Jajan & Nongkrong,Makanan Ringan,Makanan
oreo mini biskuit sandwich stroberi 10 x 20.4 g,20900.0,WANTS,Jajan & Nongkrong,Makanan Ringan,Makanan
nextar star richoco biskuit double krim cokelat 84 g,9500.0,WANTS,Jajan & Nongkrong,Makanan Ringan,Makanan
nabati time break richoco wafer cokelat 64 g,5900.0,WANTS,Jajan & Nongkrong,Makanan Ringan,Makanan
jagoan neon permen buah lidah berwarna 125 g,9900.0,WANTS,Jajan & Nongkrong,Makanan Ringan,Makanan
nabati ahh snack korean goguma 10 x 3 g,6900.0,WANTS,Jajan & Nongkrong,Makanan Ringan,Makanan
skinnie power puffs camilan lit chicken barbekiu 50 g,10900.0,WANTS,Jajan & Nongkrong,Makanan Ringan,Makanan
poetri bali kacang bawang pedas 75 g,11900.0,WANTS,Jajan & Nongkrong,Makanan Ringan,Makanan
poetri bali kacang medan original 75 g,11900.0,WANTS,Jajan & Nongkrong,Makanan Ringan,Makanan
tao kae noi big sheet crispy seaweed japanese sauce box 12 x 3.2 g,59900.0,WANTS,Jajan & Nongkrong,Makanan Ringan,Makanan
tao kae noi big sheet crispy seaweed spicy box 12 x 3.2 g,58900.0,WANTS,Jajan & Nongkrong,Makanan Ringan,Makanan
tao kae noi big roll grilled seaweed classic box 12 x 3 g,71900.0,WANTS,Jajan & Nongkrong,Makanan Ringan,Makanan
tao kae noi big roll grilled seaweed spicy box 12 x 3 g,71900.0,WANTS,Jajan & Nongkrong,Makanan Ringan,Makanan
tao kae noi big roll grilled seaweed spicy squid box 12 x 3 g,69900.0,WANTS,Jajan & Nongkrong,Makanan Ringan,Makanan
kusuka ubi mix keripik ubi original 40 g,7900.0,WANTS,Jajan & Nongkrong,Makanan Ringan,Makanan
choki choki stix biskuit stik cokelat box 48 g,6500.0,WANTS,Jajan & Nongkrong,Makanan Ringan,Makanan
oops star crackers rasa daebak chicken 40 g,4500.0,WANTS,Jajan & Nongkrong,Makanan Ringan,Makanan
tong garden kacang telur rasa barbekiu 45 g,7900.0,WANTS,Jajan & Nongkrong,Makanan Ringan,Makanan
cucu love mallow marshmallow rasa krim stroberi 100 g,12500.0,WANTS,Jajan & Nongkrong,Makanan Ringan,Makanan
jgt biskuit sandwich rasa keju box 80 g,16000.0,WANTS,Jajan & Nongkrong,Makanan Ringan,Makanan
jgt biskuit sandwich rasa lemon box 80 g,16000.0,WANTS,Jajan & Nongkrong,Makanan Ringan,Makanan
jgt crackers mentega rasa timun box 85 g,16000.0,WANTS,Jajan & Nongkrong,Makanan Ringan,Makanan
jgt crackers mentega rasa daun bawang box 85 g,16000.0,WANTS,Jajan & Nongkrong,Makanan Ringan,Makanan
lotte toppo biskuit stik pretzel stroberi vanila 40 g,8000.0,WANTS,Jajan & Nongkrong,Makanan Ringan,Makanan
poipoi camilan anak milky melon 25 g,21000.0,WANTS,Jajan & Nongkrong,Makanan Ringan,Makanan
poipoi camilan anak beef & cheese 25 g,21000.0,WANTS,Jajan & Nongkrong,Makanan Ringan,Makanan
laverland crunch camilan rumput laut cheese 9 x 4.5 g,64900.0,WANTS,Jajan & Nongkrong,Makanan Ringan,Makanan
rasa juara krezzpy basreng jangar pedas daun jeruk pouch 120 g,19500.0,WANTS,Jajan & Nongkrong,Makanan Ringan,Makanan
rasa juara krezzpy basreng santai gurih daun jeruk pouch 120 g,19500.0,WANTS,Jajan & Nongkrong,Makanan Ringan,Makanan
cadbury dairy milk cokelat susu 382 g,109900.0,WANTS,Jajan & Nongkrong,Makanan Ringan,Makanan
parago permen lunak rasa jeruk 54 g,5500.0,WANTS,Jajan & Nongkrong,Makanan Ringan,Makanan
maicih keripik singkong level 5 100 g,20500.0,WANTS,Jajan & Nongkrong,Makanan Ringan,Makanan
mamee monster snack mi rasa barbekiu 8 x 25 g,17900.0,WANTS,Jajan & Nongkrong,Makanan Ringan,Makanan
mamee monster snack mi rasa ayam 8 x 25 g,17900.0,WANTS,Jajan & Nongkrong,Makanan Ringan,Makanan
tempenation keripik tempe rasa original 65 g,16900.0,WANTS,Jajan & Nongkrong,Makanan Ringan,Makanan
tempenation keripik tempe rasa balado 65 g,16900.0,WANTS,Jajan & Nongkrong,Makanan Ringan,Makanan
tempenation keripik tempe rasa pedas balado 65 g,16900.0,WANTS,Jajan & Nongkrong,Makanan Ringan,Makanan
tempenation keripik gethuk original 85 g,16900.0,WANTS,Jajan & Nongkrong,Makanan Ringan,Makanan
tempenation keripik gethuk balado 85 g,16900.0,WANTS,Jajan & Nongkrong,Makanan Ringan,Makanan
enon cokelat susu putih bentuk rusa 33 g,15900.0,WANTS,Jajan & Nongkrong,Makanan Ringan,Makanan
enon cokelat susu bentuk kucing rasa green tea 33 g,15900.0,WANTS,Jajan & Nongkrong,Makanan Ringan,Makanan
enon cokelat susu bentuk kelinci rasa stroberi 33 g,15900.0,WANTS,Jajan & Nongkrong,Makanan Ringan,Makanan
shinmai camilan crackers tasty seaweed 52 g,13500.0,WANTS,Jajan & Nongkrong,Makanan Ringan,Makanan
shinmai camilan crackers original 60 g,13500.0,WANTS,Jajan & Nongkrong,Makanan Ringan,Makanan
shinmai camilan crackers corn cheezy 50 g,13500.0,WANTS,Jajan & Nongkrong,Makanan Ringan,Makanan
delfi orion k rice crackers beras keju pouch 100.8 g,21900.0,WANTS,Jajan & Nongkrong,Makanan Ringan,Makanan
kylafood basreng pedas daun jeruk 80 g,13500.0,WANTS,Jajan & Nongkrong,Makanan Ringan,Makanan
kylafood basreng original daun jeruk 80 g,13500.0,WANTS,Jajan & Nongkrong,Makanan Ringan,Makanan
bumil granola snack bar yogurt berry 26 g,13900.0,WANTS,Jajan & Nongkrong,Makanan Ringan,Makanan
cremona crisp malt cokelat krim hazelnut wafer chocolate bola hati 37.5 g,21900.0,WANTS,Jajan & Nongkrong,Makanan Ringan,Makanan
cremona crisp malt cokelat krim hazelnut wafer dark chocolate 36 g,15900.0,WANTS,Jajan & Nongkrong,Makanan Ringan,Makanan
cremona crisp malt cokelat krim strawberry wafer chocolate 36 g,15900.0,WANTS,Jajan & Nongkrong,Makanan Ringan,Makanan
nims crispy choco cup cokelat starberry 60 g,21900.0,WANTS,Jajan & Nongkrong,Makanan Ringan,Makanan
nims crispy choco cup cokelat mini choco crunch 60 g,21900.0,WANTS,Jajan & Nongkrong,Makanan Ringan,Makanan
cassa artisan chips camilan keripik singkong rasa truffle 60 g,9900.0,WANTS,Jajan & Nongkrong,Makanan Ringan,Makanan
cassa artisan chips camilan keripik singkong rasa barbekiu 60 g,9900.0,WANTS,Jajan & Nongkrong,Makanan Ringan,Makanan
cassa artisan chips camilan keripik singkong rasa ayam pedas 60 g,9900.0,WANTS,Jajan & Nongkrong,Makanan Ringan,Makanan
cassa artisan chips camilan keripik singkong rasa mala pedas 60 g,9900.0,WANTS,Jajan & Nongkrong,Makanan Ringan,Makanan
joa-yo camilan rumput laut korea 12 x 4 g,28900.0,WANTS,Jajan & Nongkrong,Makanan Ringan,Makanan
enon cokelat susu bentuk harimau 33 g,15900.0,WANTS,Jajan & Nongkrong,Makanan Ringan,Makanan
superstar snaps wafer cokelat box 12 x 28 g,32900.0,WANTS,Jajan & Nongkrong,Makanan Ringan,Makanan
kopiko permen bebas gula 75 g,15900.0,WANTS,Jajan & Nongkrong,Makanan Ringan,Makanan
aceh teri nasi kriuk rasa original sachet 40 g,19000.0,WANTS,Jajan & Nongkrong,Makanan Ringan,Makanan
aceh teri nasi kriuk rasa rumput laut sachet 40 g,19000.0,WANTS,Jajan & Nongkrong,Makanan Ringan,Makanan
aceh teri nasi kriuk rasa balado sachet 40 g,19000.0,WANTS,Jajan & Nongkrong,Makanan Ringan,Makanan
aceh teri nasi kriuk rasa barbeque sachet 40 g,19000.0,WANTS,Jajan & Nongkrong,Makanan Ringan,Makanan
mister brondong popcorn karamel asin 80 g,15900.0,WANTS,Jajan & Nongkrong,Makanan Ringan,Makanan
mister brondong popcorn cokelat lava 80 g,15900.0,WANTS,Jajan & Nongkrong,Makanan Ringan,Makanan
geli chips makaraoni pipa pedas 65 g,10900.0,WANTS,Jajan & Nongkrong,Makanan Ringan,Makanan
geli chips makaraoni pipa double pedas 65 g,10900.0,WANTS,Jajan & Nongkrong,Makanan Ringan,Makanan
7cosia squeeze jelly rasa bluberi & stroberi 130 ml,12900.0,WANTS,Jajan & Nongkrong,Makanan Ringan,Makanan
7cosia squeeze jelly rasa lemon & mangga 130 ml,12900.0,WANTS,Jajan & Nongkrong,Makanan Ringan,Makanan
milkita milky snack bar original box 5 x 15 g,22900.0,WANTS,Jajan & Nongkrong,Makanan Ringan,Makanan
joa-yo rumput laut korea pedas pack 12 x 3 g,28900.0,WANTS,Jajan & Nongkrong,Makanan Ringan,Makanan
"lianggui permen music lollipop candy apel 13,5 g",30900.0,WANTS,Jajan & Nongkrong,Makanan Ringan,Makanan
"lianggui permen music lollipop candy anggur 13,5 g",30900.0,WANTS,Jajan & Nongkrong,Makanan Ringan,Makanan
"lianggui permen music lollipop candy stroberi 13,5 g",30900.0,WANTS,Jajan & Nongkrong,Makanan Ringan,Makanan
julie's charm biskuit sandwich cokelat double 86 g,21500.0,WANTS,Jajan & Nongkrong,Makanan Ringan,Makanan
julie's charm biskuit sandwich tiramisu 86 g,21500.0,WANTS,Jajan & Nongkrong,Makanan Ringan,Makanan
cheetos party pack snack isi 5 pcs,24900.0,WANTS,Jajan & Nongkrong,Makanan Ringan,Makanan
lotus biscoff biskuit sandwich vanila 110 g,29900.0,WANTS,Jajan & Nongkrong,Makanan Ringan,Makanan
lotus biscoff biskuit sandwich cokelat susu 110 g,29900.0,WANTS,Jajan & Nongkrong,Makanan Ringan,Makanan
lotus biscoff biskuit sandwich krim biscoff 110 g,29900.0,WANTS,Jajan & Nongkrong,Makanan Ringan,Makanan
snickers nougat kacang karamel bersalut cokelat 12 x 20 g,59900.0,WANTS,Jajan & Nongkrong,Makanan Ringan,Makanan
kylafood makaroni kriuk original daun jeruk 50 g,13500.0,WANTS,Jajan & Nongkrong,Makanan Ringan,Makanan
kylafood makaroni kriuk pedas daun jeruk 50 g,13500.0,WANTS,Jajan & Nongkrong,Makanan Ringan,Makanan
p'nuteri kacang atom teri 68 g,11500.0,WANTS,Jajan & Nongkrong,Makanan Ringan,Makanan
p'nuteri kacang atom nori 68 g,11500.0,WANTS,Jajan & Nongkrong,Makanan Ringan,Makanan
bento camilan seafood original 20 g,15900.0,WANTS,Jajan & Nongkrong,Makanan Ringan,Makanan
bento camilan seafood sweet & spicy 20 g,15900.0,WANTS,Jajan & Nongkrong,Makanan Ringan,Makanan
guribee rumput laut 65 g,7900.0,WANTS,Jajan & Nongkrong,Makanan Ringan,Makanan
cadbury dairy milk cokelat susu black forest 52 g,13500.0,WANTS,Jajan & Nongkrong,Makanan Ringan,Makanan
cadbury dairy milk cokelat susu fruit & nut 52 g,13500.0,WANTS,Jajan & Nongkrong,Makanan Ringan,Makanan
cadbury dairy milk cokelat susu cashew nut 52 g,13500.0,WANTS,Jajan & Nongkrong,Makanan Ringan,Makanan
fuzo snack kuaci rasa original 140 g,14500.0,WANTS,Jajan & Nongkrong,Makanan Ringan,Makanan
milo sereal bar cokelat snack 23.5 g,9000.0,WANTS,Jajan & Nongkrong,Makanan Ringan,Makanan
roma malkist crackers keju manis 90 g,10200.0,WANTS,Jajan & Nongkrong,Makanan Ringan,Makanan
tini wini biti whizpy biskuit bubble gum 22 g,3800.0,WANTS,Jajan & Nongkrong,Makanan Ringan,Makanan
lotte xylitol permen karet cool mint 55.1 g,19300.0,WANTS,Jajan & Nongkrong,Makanan Ringan,Makanan
fisherman's friend permen lemon bebas gula 22 g,17900.0,WANTS,Jajan & Nongkrong,Makanan Ringan,Makanan
happydent cool white permen karet rasa citrus mint/sweet mint 28 g,9000.0,WANTS,Jajan & Nongkrong,Makanan Ringan,Makanan
pocky crushed nuts biskuit stik almond cokelat susu 25 g,13100.0,WANTS,Jajan & Nongkrong,Makanan Ringan,Makanan
soyjoy snack bar raisin almond 30 g,10800.0,WANTS,Jajan & Nongkrong,Makanan Ringan,Makanan
nabati wafer goguma 110 g,7200.0,WANTS,Jajan & Nongkrong,Makanan Ringan,Makanan
guribee barbekiu balado 65 g,7900.0,WANTS,Jajan & Nongkrong,Makanan Ringan,Makanan
chitato keripik kentang sapi panggang 115 g,17800.0,WANTS,Jajan & Nongkrong,Makanan Ringan,Makanan
mister potato keripik kentang hitam ghost pepper rasa pedas barbekiu kaleng 40 g,13700.0,WANTS,Jajan & Nongkrong,Makanan Ringan,Makanan
tango wafer susu vanila 133 g,15300.0,WANTS,Jajan & Nongkrong,Makanan Ringan,Makanan
pringles keripik kentang sour cream & onion kaleng 42 g,14700.0,WANTS,Jajan & Nongkrong,Makanan Ringan,Makanan
mentos permen anggur roll 37 g,4800.0,WANTS,Jajan & Nongkrong,Makanan Ringan,Makanan
alfamart kacang koro kulit 150 g,15500.0,WANTS,Jajan & Nongkrong,Makanan Ringan,Makanan
mamasuka rumput laut panggang 2 x 4.5 g,17200.0,WANTS,Jajan & Nongkrong,Makanan Ringan,Makanan
mamasuka rumput laut sapi panggang korea 2 x 4.5 g,17200.0,WANTS,Jajan & Nongkrong,Makanan Ringan,Makanan
mamasuka rumput laut ayam ghost pepper 2 x 4.5 g,17200.0,WANTS,Jajan & Nongkrong,Makanan Ringan,Makanan
regal biskuit marie spesial 230 g,29900.0,WANTS,Jajan & Nongkrong,Makanan Ringan,Makanan
lay's keripik kentang rasa rumput laut 105 g,19400.0,WANTS,Jajan & Nongkrong,Makanan Ringan,Makanan
kitkat chunky original snack cokelat wafer batang 38 g,15200.0,WANTS,Jajan & Nongkrong,Makanan Ringan,Makanan
guribee keju krispi 65 g,7900.0,WANTS,Jajan & Nongkrong,Makanan Ringan,Makanan
pringles keripik kentang keju cheesy kaleng 66 g,22800.0,WANTS,Jajan & Nongkrong,Makanan Ringan,Makanan
yupi permen gummy fangs aneka rasa 90 g,12800.0,WANTS,Jajan & Nongkrong,Makanan Ringan,Makanan
cucu mega mallow marshmallow rasa vanila 100 g,15000.0,WANTS,Jajan & Nongkrong,Makanan Ringan,Makanan
alfamart kacang telur medan premium 150 g,13500.0,WANTS,Jajan & Nongkrong,Makanan Ringan,Makanan
richeese keripik kentang waffle rasa fire wings 54 g,9500.0,WANTS,Jajan & Nongkrong,Makanan Ringan,Makanan
oishi panchos keripik jagung sapi panggang 145 g,13400.0,WANTS,Jajan & Nongkrong,Makanan Ringan,Makanan
soyjoy snack bar tropical cranberries 30 g,10800.0,WANTS,Jajan & Nongkrong,Makanan Ringan,Makanan
garuda kacang kulit 370 g,39400.0,WANTS,Jajan & Nongkrong,Makanan Ringan,Makanan
frozz permen cherry mint 14 g,9700.0,WANTS,Jajan & Nongkrong,Makanan Ringan,Makanan
kopiko blister permen kopi 32 g,8200.0,WANTS,Jajan & Nongkrong,Makanan Ringan,Makanan
strepsils vitamin c permen pelega tenggorokan 8 pcs,23400.0,WANTS,Jajan & Nongkrong,Makanan Ringan,Makanan
kiss delicias permen gummy green grape 50 g,14500.0,WANTS,Jajan & Nongkrong,Makanan Ringan,Makanan
kiss delicias permen gummy peach 50 g,14500.0,WANTS,Jajan & Nongkrong,Makanan Ringan,Makanan
julie's biskuit sandwich selai kacang 180 g,34900.0,WANTS,Jajan & Nongkrong,Makanan Ringan,Makanan
ny. siok kerupuk udang oval mentah 500 g,184900.0,WANTS,Jajan & Nongkrong,Makanan Ringan,Makanan
tong garden kacang salted cashew mixed macadamias 35 g,19900.0,WANTS,Jajan & Nongkrong,Makanan Ringan,Makanan
bin bin rice crackers original 75 g,15900.0,WANTS,Jajan & Nongkrong,Makanan Ringan,Makanan
taro tempe keripik rasa sambal matah 50 g,7500.0,WANTS,Jajan & Nongkrong,Makanan Ringan,Makanan
cadbury dairy milk cokelat susu hazelnut 52 g,13500.0,WANTS,Jajan & Nongkrong,Makanan Ringan,Makanan
krisbee krunchy jagung bakar mentega 75 g,4500.0,WANTS,Jajan & Nongkrong,Makanan Ringan,Makanan
nissin gabin biskuit original 140 g,6000.0,WANTS,Jajan & Nongkrong,Makanan Ringan,Makanan
ricola original swiss herb permen bebas gula 40 g,23500.0,WANTS,Jajan & Nongkrong,Makanan Ringan,Makanan
dark wonder smooth cokelat hitam almond panggang spesial pack 2 x 56 g,22100.0,WANTS,Jajan & Nongkrong,Makanan Ringan,Makanan
kobe bon cabe camilan mi krispi rasa mi goreng mawut level 15 64 g,4000.0,WANTS,Jajan & Nongkrong,Makanan Ringan,Makanan
mayasi festival crispy crepes kaleng 125 g,12000.0,WANTS,Jajan & Nongkrong,Makanan Ringan,Makanan
oops keripik singkong sea salt 60 g,6000.0,WANTS,Jajan & Nongkrong,Makanan Ringan,Makanan
dua kelinci usagi puff gandum karamel pouch 80 g,11900.0,WANTS,Jajan & Nongkrong,Makanan Ringan,Makanan
nabati ahh richeese snack keju 10 x 3 g,7900.0,WANTS,Jajan & Nongkrong,Makanan Ringan,Makanan
astor wafer stick matcha 40 g,6500.0,WANTS,Jajan & Nongkrong,Makanan Ringan,Makanan
milo activ biskuit krim susu 104 g,9900.0,WANTS,Jajan & Nongkrong,Makanan Ringan,Makanan
dua kelinci kacang kulit garing 370 g,38900.0,WANTS,Jajan & Nongkrong,Makanan Ringan,Makanan
momogi mini stik roasted corn 70 g,9200.0,WANTS,Jajan & Nongkrong,Makanan Ringan,Makanan
lucky stick biskuit stik stroberi premium 35 g,10100.0,WANTS,Jajan & Nongkrong,Makanan Ringan,Makanan
tango wafer cokelat 133 g,15400.0,WANTS,Jajan & Nongkrong,Makanan Ringan,Makanan
chitato lite keripik kentang rumput laut aburi 65 g,12200.0,WANTS,Jajan & Nongkrong,Makanan Ringan,Makanan
kusuka keripik singkong ayam lada hitam 180 g,15900.0,WANTS,Jajan & Nongkrong,Makanan Ringan,Makanan
yupi permen gummy breakfast 92 g,15400.0,WANTS,Jajan & Nongkrong,Makanan Ringan,Makanan
silverqueen crispy cokelat susu cashew rice crispies 50 g,20800.0,WANTS,Jajan & Nongkrong,Makanan Ringan,Makanan
ricola swiss alpine herbs permen lemon mint bebas gula 40 g,23500.0,WANTS,Jajan & Nongkrong,Makanan Ringan,Makanan
milo activ biskuit rasa cokelat 96 g,9900.0,WANTS,Jajan & Nongkrong,Makanan Ringan,Makanan
cemcem stik rasa balado 60 g,7500.0,WANTS,Jajan & Nongkrong,Makanan Ringan,Makanan
alfamart jamur krispi 50 g,16300.0,WANTS,Jajan & Nongkrong,Makanan Ringan,Makanan
yupi permen gummy bolicious stroberi 40 g,8000.0,WANTS,Jajan & Nongkrong,Makanan Ringan,Makanan
mamasuka rumput laut pedas 2 x 4.5 g,17200.0,WANTS,Jajan & Nongkrong,Makanan Ringan,Makanan
yupi permen gummy big burger 32 g,5000.0,WANTS,Jajan & Nongkrong,Makanan Ringan,Makanan
cho cho wafer cokelat stroberi 35 g,8800.0,WANTS,Jajan & Nongkrong,Makanan Ringan,Makanan
chacha surprise toy cokelat susu assorted 2 x 17 g,17600.0,WANTS,Jajan & Nongkrong,Makanan Ringan,Makanan
alfamart keripik balado ante 200 g,14500.0,WANTS,Jajan & Nongkrong,Makanan Ringan,Makanan
dua kelinci sukro kacang atom original 95 g,8900.0,WANTS,Jajan & Nongkrong,Makanan Ringan,Makanan
french fries 2000 kentang goreng 130 g,15900.0,WANTS,Jajan & Nongkrong,Makanan Ringan,Makanan
tao kae noi rumput laut krispi original 15 g,22300.0,WANTS,Jajan & Nongkrong,Makanan Ringan,Makanan
fisherman's friend permen extra strong original 22 g,17900.0,WANTS,Jajan & Nongkrong,Makanan Ringan,Makanan
dua kelinci sukro kacang oven jagung bakar 95 g,8900.0,WANTS,Jajan & Nongkrong,Makanan Ringan,Makanan
kusuka keripik singkong rasa truffle 160 g,15900.0,WANTS,Jajan & Nongkrong,Makanan Ringan,Makanan
7+ bar sereal yoghurt berry 22 g,6900.0,WANTS,Jajan & Nongkrong,Makanan Ringan,Makanan
unibis mega ring tartlet cokelat 120 g,13600.0,WANTS,Jajan & Nongkrong,Makanan Ringan,Makanan
cemcem stik rasa ayam bawang 60 g,7500.0,WANTS,Jajan & Nongkrong,Makanan Ringan,Makanan
alfamart popcorn karamel 75 g,12900.0,WANTS,Jajan & Nongkrong,Makanan Ringan,Makanan
alfamart kacang kulit 180 g,18500.0,WANTS,Jajan & Nongkrong,Makanan Ringan,Makanan
kusuka keripik singkong keju bakar 60 g,5500.0,WANTS,Jajan & Nongkrong,Makanan Ringan,Makanan
tango waffle cookiez & cream 3 x 25 g,8300.0,WANTS,Jajan & Nongkrong,Makanan Ringan,Makanan
hello panda biskuit krim cokelat & stroberi share pack 6 x 25 g,23900.0,WANTS,Jajan & Nongkrong,Makanan Ringan,Makanan
"super zuper permen asam stroberi, jeruk, lemon 5 x 2.5 g",4500.0,WANTS,Jajan & Nongkrong,Makanan Ringan,Makanan
gery sereal cokelat 100 g,10500.0,WANTS,Jajan & Nongkrong,Makanan Ringan,Makanan
amos 4d permen jeli 3d buah stroberi 65 g,9400.0,WANTS,Jajan & Nongkrong,Makanan Ringan,Makanan
woods' permen peppermint lozenges lemon vitamin c 15 g,10700.0,WANTS,Jajan & Nongkrong,Makanan Ringan,Makanan
chitato lite keripik kentang keju kaleng 110 g,19900.0,WANTS,Jajan & Nongkrong,Makanan Ringan,Makanan
rebo kuaci biji bunga matahari keju 120 g,14900.0,WANTS,Jajan & Nongkrong,Makanan Ringan,Makanan
pamma keripik basreng sambal cabe merah daun jeruk 60 g,9100.0,WANTS,Jajan & Nongkrong,Makanan Ringan,Makanan
nabati siip bite snack rasa keju 62 g,5900.0,WANTS,Jajan & Nongkrong,Makanan Ringan,Makanan
munchy's lexus biskuit sandwich selai kacang 190 g,23900.0,WANTS,Jajan & Nongkrong,Makanan Ringan,Makanan
grandville gimi crunch rumput laut original 25 g,17900.0,WANTS,Jajan & Nongkrong,Makanan Ringan,Makanan
grandville gimi crunch rumput laut keju 25 g,17900.0,WANTS,Jajan & Nongkrong,Makanan Ringan,Makanan
ritz crackers original 300 g,17900.0,WANTS,Jajan & Nongkrong,Makanan Ringan,Makanan
nissin biskuit mentega kelapa kaleng 650 g,32400.0,WANTS,Jajan & Nongkrong,Makanan Ringan,Makanan
nissin wafer kacang 100 g,6900.0,WANTS,Jajan & Nongkrong,Makanan Ringan,Makanan
momogi makanan ringan stik keju 10 x 12 g,10500.0,WANTS,Jajan & Nongkrong,Makanan Ringan,Makanan
cadbury dairy milk cokelat susu cashew nut 22 g,9100.0,WANTS,Jajan & Nongkrong,Makanan Ringan,Makanan
nabati siip bite snack rasa jagung bakar 57 g,5900.0,WANTS,Jajan & Nongkrong,Makanan Ringan,Makanan
oops keripik singkong balado 60 g,5900.0,WANTS,Jajan & Nongkrong,Makanan Ringan,Makanan
dua kelinci kacang sukro oven pedas 95 g,6900.0,WANTS,Jajan & Nongkrong,Makanan Ringan,Makanan
mie kremezz camilan rasa mie goreng party pack 3 x 30 g,8500.0,WANTS,Jajan & Nongkrong,Makanan Ringan,Makanan
pororo rumput laut 2 x 5 g,18600.0,WANTS,Jajan & Nongkrong,Makanan Ringan,Makanan
bonkopi permen kopi caffe latte 165 g,12500.0,WANTS,Jajan & Nongkrong,Makanan Ringan,Makanan
astor wafer stick vanilla shake 40 g,6500.0,WANTS,Jajan & Nongkrong,Makanan Ringan,Makanan
oatside sereal bar oat rasa stroberi white chocolate 18 g,6500.0,WANTS,Jajan & Nongkrong,Makanan Ringan,Makanan
tejahe permen jahe merah 100 g,7500.0,WANTS,Jajan & Nongkrong,Makanan Ringan,Makanan
chitato lite keripik kentang keju kaleng 110 g,19900.0,WANTS,Jajan & Nongkrong,Makanan Ringan,Makanan
lidi geli barbekiu 50 g,10100.0,WANTS,Jajan & Nongkrong,Makanan Ringan,Makanan
cemcem stik rasa keju 60 g,7500.0,WANTS,Jajan & Nongkrong,Makanan Ringan,Makanan
chitato lite keripik kentang original kaleng 110 g,19900.0,WANTS,Jajan & Nongkrong,Makanan Ringan,Makanan
frozz permen barley mint 14 g,9700.0,WANTS,Jajan & Nongkrong,Makanan Ringan,Makanan
cho cho wafer cokelat rice crispy 29 g,8600.0,WANTS,Jajan & Nongkrong,Makanan Ringan,Makanan
beng-beng nuts wafer karamel almond 35 g,10800.0,WANTS,Jajan & Nongkrong,Makanan Ringan,Makanan
frozz permen anggur mint 14 g,9600.0,WANTS,Jajan & Nongkrong,Makanan Ringan,Makanan
glico pocky crushed fruits biskuit stroberi peach yogurt 38 g,12900.0,WANTS,Jajan & Nongkrong,Makanan Ringan,Makanan
lay's wavy keripik kentang rasa rumput laut pedas 105 g,19400.0,WANTS,Jajan & Nongkrong,Makanan Ringan,Makanan
yupi jumbo permen gummy korean barbeque 70 g,14900.0,WANTS,Jajan & Nongkrong,Makanan Ringan,Makanan
alfamart kemplang bangka 5 pcs,11500.0,WANTS,Jajan & Nongkrong,Makanan Ringan,Makanan
biskies black biskuit cokelat creme 72 g,7100.0,WANTS,Jajan & Nongkrong,Makanan Ringan,Makanan
biskies black biskuit milky vanila 72 g,7100.0,WANTS,Jajan & Nongkrong,Makanan Ringan,Makanan
pringles keripik kentang sour cream & onion kaleng 66 g,22800.0,WANTS,Jajan & Nongkrong,Makanan Ringan,Makanan
nutella b-ready wafer hazelnut cokelat 22 g,12000.0,WANTS,Jajan & Nongkrong,Makanan Ringan,Makanan
alfamart kacang sangrai 180 g,18100.0,WANTS,Jajan & Nongkrong,Makanan Ringan,Makanan
yupi permen gummy big frank 32 g,5300.0,WANTS,Jajan & Nongkrong,Makanan Ringan,Makanan
7+ bar sereal cocoa chia 22 g,6900.0,WANTS,Jajan & Nongkrong,Makanan Ringan,Makanan
garuda pilus rendang sapi 80 g,5800.0,WANTS,Jajan & Nongkrong,Makanan Ringan,Makanan
yeko jelly pudding stroberi 125 g,8000.0,WANTS,Jajan & Nongkrong,Makanan Ringan,Makanan
lay's stax keripik kentang rasa original 70 g,24000.0,WANTS,Jajan & Nongkrong,Makanan Ringan,Makanan
kitkat cokelat red 2f wafer batang 6 x 17 g,35200.0,WANTS,Jajan & Nongkrong,Makanan Ringan,Makanan
gofress lite permen strip rasa minty peach 24 s,12500.0,WANTS,Jajan & Nongkrong,Makanan Ringan,Makanan
fisherman's friend permen sugar free mint 22 g,17900.0,WANTS,Jajan & Nongkrong,Makanan Ringan,Makanan
tic tic stik renyah rasa bawang 135 g,15900.0,WANTS,Jajan & Nongkrong,Makanan Ringan,Makanan
wong coco puding jambu 120 g,4800.0,WANTS,Jajan & Nongkrong,Makanan Ringan,Makanan
relaxa play permen gummy boboiboy 40 g,4500.0,WANTS,Jajan & Nongkrong,Makanan Ringan,Makanan
french fries 2000 kentang goreng 62 g,7900.0,WANTS,Jajan & Nongkrong,Makanan Ringan,Makanan
chomp-chomp marshmallow rainbow 200 g,27000.0,WANTS,Jajan & Nongkrong,Makanan Ringan,Makanan
mentos permen roll fruit 37 g,4800.0,WANTS,Jajan & Nongkrong,Makanan Ringan,Makanan
cadbury dairy milk cokelat susu 52 g,14500.0,WANTS,Jajan & Nongkrong,Makanan Ringan,Makanan
chomp-chomp mallow twist marshmallow 50 g,10000.0,WANTS,Jajan & Nongkrong,Makanan Ringan,Makanan
alfamart kerupuk kulit khas isma pedas 40 g,15500.0,WANTS,Jajan & Nongkrong,Makanan Ringan,Makanan
oishi panchos keripik jagung pedas 140 g,13400.0,WANTS,Jajan & Nongkrong,Makanan Ringan,Makanan
strepsils cool + vit c permen jeruk pelega tenggorokan,37700.0,WANTS,Jajan & Nongkrong,Makanan Ringan,Makanan
astor wafer stick vanilla shake 40 g,6500.0,WANTS,Jajan & Nongkrong,Makanan Ringan,Makanan
oatside sereal bar oat rasa stroberi white chocolate 18 g,6500.0,WANTS,Jajan & Nongkrong,Makanan Ringan,Makanan
tejahe permen jahe merah 100 g,7500.0,WANTS,Jajan & Nongkrong,Makanan Ringan,Makanan
chomp-chomp mallow pink & white marshmallow 50 g,10000.0,WANTS,Jajan & Nongkrong,Makanan Ringan,Makanan
khong guan wafer stik rasa vanila 500 g,28900.0,WANTS,Jajan & Nongkrong,Makanan Ringan,Makanan
rebo kuaci biji bunga matahari kelapa 120 g,14900.0,WANTS,Jajan & Nongkrong,Makanan Ringan,Makanan
kobe bon crispy camilan mi krispi rasa mi goreng spesial level 0 64 g,4000.0,WANTS,Jajan & Nongkrong,Makanan Ringan,Makanan
wrp everyday deli chips keripik mix fruit 40 g,23900.0,WANTS,Jajan & Nongkrong,Makanan Ringan,Makanan
"inaco puding nusantara kombinasi rasa buah mangga, markisa & yogurt 3 x 120 g",10000.0,WANTS,Jajan & Nongkrong,Makanan Ringan,Makanan
tejahe permen rasa jahe original 100 g,7500.0,WANTS,Jajan & Nongkrong,Makanan Ringan,Makanan
choki choki pasta cokelat surprise 6 x 4 g,14900.0,WANTS,Jajan & Nongkrong,Makanan Ringan,Makanan
pamma keripik basreng cabe ijo ala minangkabau 60 g,9100.0,WANTS,Jajan & Nongkrong,Makanan Ringan,Makanan
fisherman's friend permen mentho cokelat bebas gula mint 22 g,17900.0,WANTS,Jajan & Nongkrong,Makanan Ringan,Makanan
dua kelinci roni makaroni krispi jagung bakar 135 g,8900.0,WANTS,Jajan & Nongkrong,Makanan Ringan,Makanan
pocky biskuit stik cokelat kaleng 4 x 40 g,39900.0,WANTS,Jajan & Nongkrong,Makanan Ringan,Makanan
"antangin herbal permen rasa jahe, mint, madu bag 100 g",7500.0,WANTS,Jajan & Nongkrong,Makanan Ringan,Makanan
nissin gabin biskuit keju 140 g,6000.0,WANTS,Jajan & Nongkrong,Makanan Ringan,Makanan
oatbits biskuit oat vitafruit 110 g,6900.0,WANTS,Jajan & Nongkrong,Makanan Ringan,Makanan
pocky biskuit stik cokelat 3 x 47 g,19000.0,WANTS,Jajan & Nongkrong,Makanan Ringan,Makanan
lay's stax keripik kentang rasa sour cream & onion 70 g,24000.0,WANTS,Jajan & Nongkrong,Makanan Ringan,Makanan
alfamart kerupuk kulit khas isma pedas 40 g,15500.0,WANTS,Jajan & Nongkrong,Makanan Ringan,Makanan
oishi panchos keripik jagung pedas 140 g,13400.0,WANTS,Jajan & Nongkrong,Makanan Ringan,Makanan
strepsils cool + vit c permen jeruk pelega tenggorokan,37700.0,WANTS,Jajan & Nongkrong,Makanan Ringan,Makanan
pringles keripik kentang original kaleng 42 g,14700.0,WANTS,Jajan & Nongkrong,Makanan Ringan,Makanan
milo nuggets snack cokelat 25 g,13900.0,WANTS,Jajan & Nongkrong,Makanan Ringan,Makanan
oishi pillows cokelat 100 g,13500.0,WANTS,Jajan & Nongkrong,Makanan Ringan,Makanan
cadbury dairy milk cokelat susu crisp it 52 g,18500.0,WANTS,Jajan & Nongkrong,Makanan Ringan,Makanan
milo cokelat batang snack 15 g,5800.0,WANTS,Jajan & Nongkrong,Makanan Ringan,Makanan
cemcem stik jagung rasa sapi panggang 60 g,7500.0,WANTS,Jajan & Nongkrong,Makanan Ringan,Makanan
deka mini wafer bites cokelat 72 g,7500.0,WANTS,Jajan & Nongkrong,Makanan Ringan,Makanan
chiki balls keju crafty 200 g,23600.0,WANTS,Jajan & Nongkrong,Makanan Ringan,Makanan
gofress permen peppermint 24 s,15100.0,WANTS,Jajan & Nongkrong,Makanan Ringan,Makanan
m&m's cokelat susu isi kacang 3 x 37 g,25900.0,WANTS,Jajan & Nongkrong,Makanan Ringan,Makanan
cemcem corn shots ayam goreng 55 g,6700.0,WANTS,Jajan & Nongkrong,Makanan Ringan,Makanan
kopiko blister permen bebas gula 32 g,12200.0,WANTS,Jajan & Nongkrong,Makanan Ringan,Makanan
pagoda permen pastiles green rasa jeruk 35 g,11800.0,WANTS,Jajan & Nongkrong,Makanan Ringan,Makanan
alfamart kerupuk kulit asli khas isma 40 g,15500.0,WANTS,Jajan & Nongkrong,Makanan Ringan,Makanan
pocky biskuit stik cokelat 3 x 47 g,19000.0,WANTS,Jajan & Nongkrong,Makanan Ringan,Makanan
lay's stax keripik kentang rasa sour cream & onion 70 g,24000.0,WANTS,Jajan & Nongkrong,Makanan Ringan,Makanan
finna pars kerupuk udang barbekiu 40 g,6900.0,WANTS,Jajan & Nongkrong,Makanan Ringan,Makanan
wong coco puding mangga 3 x 120 g,12000.0,WANTS,Jajan & Nongkrong,Makanan Ringan,Makanan
delfi orion k rice crackers beras manis pouch 64.8 g,11500.0,WANTS,Jajan & Nongkrong,Makanan Ringan,Makanan
kusuka ubi mix keripik ubi honey 40 g,7900.0,WANTS,Jajan & Nongkrong,Makanan Ringan,Makanan
inaco konnyaku jelly mix flavor 12 pcs,7900.0,WANTS,Jajan & Nongkrong,Makanan Ringan,Makanan
smax party camilan rasa keju 100 g,10900.0,WANTS,Jajan & Nongkrong,Makanan Ringan,Makanan
dua kelinci roni makaroni krispi ekstra pedas 135 g,8900.0,WANTS,Jajan & Nongkrong,Makanan Ringan,Makanan
top wafer krim rasa cokelat 280 g,11900.0,WANTS,Jajan & Nongkrong,Makanan Ringan,Makanan
tejahe permen jahe rasa bandrek 100 g,7500.0,WANTS,Jajan & Nongkrong,Makanan Ringan,Makanan
oatside sereal bar oat rasa selai kacang 18 g,6500.0,WANTS,Jajan & Nongkrong,Makanan Ringan,Makanan
monde bourbon biskuit krim cokelat kaleng 500 g,26000.0,WANTS,Jajan & Nongkrong,Makanan Ringan,Makanan
indomie premium collection mie instan goreng korean k-rose 85 g,6100.0,NEEDS,Makan & Minum Harian,Makanan Instan,Makanan
samyang stew ramen ayam pedas 145 g,22300.0,NEEDS,Makan & Minum Harian,Makanan Instan,Makanan
nissin ramen mi instan rasa miso ala hokkaido 106 g,11000.0,NEEDS,Makan & Minum Harian,Makanan Instan,Makanan
samyang mi instan ramen buldak krim karbonara ayam pedas 140 g,20300.0,NEEDS,Makan & Minum Harian,Makanan Instan,Makanan
indomie mi instan goreng aceh 90 g,3400.0,NEEDS,Makan & Minum Harian,Makanan Instan,Makanan
indomie hype abis mi instan goreng ayam geprek 85 g,3400.0,NEEDS,Makan & Minum Harian,Makanan Instan,Makanan
indomie mi instan goreng rendang 91 g,3400.0,NEEDS,Makan & Minum Harian,Makanan Instan,Makanan
indomie mi instan goreng 84 g,3300.0,NEEDS,Makan & Minum Harian,Makanan Instan,Makanan
indomie mi instan kari ayam 70 g,3400.0,NEEDS,Makan & Minum Harian,Makanan Instan,Makanan
nissin ramen mi instan rasa bawang panggang ala kyushu 106 g,11000.0,NEEDS,Makan & Minum Harian,Makanan Instan,Makanan
ramen yes mi instan goreng chicken yakitori 84 g,2600.0,NEEDS,Makan & Minum Harian,Makanan Instan,Makanan
la fonte spageti 225 g,7900.0,NEEDS,Makan & Minum Harian,Makanan Instan,Makanan
wow spageti instan aglio olio 75 g,3500.0,NEEDS,Makan & Minum Harian,Makanan Instan,Makanan
nongshim shin ramyun noodle mushroom 120 g,9900.0,NEEDS,Makan & Minum Harian,Makanan Instan,Makanan
sedaap mi instan cup rawit bingit kari mercon 79 g,5500.0,NEEDS,Makan & Minum Harian,Makanan Instan,Makanan
sedaap mi instan soto madura 70 g,2800.0,NEEDS,Makan & Minum Harian,Makanan Instan,Makanan
sedaap tasty mi instan bakmi ayam 129 g,6400.0,NEEDS,Makan & Minum Harian,Makanan Instan,Makanan
sedaap baked mi instan goreng 87 g,2600.0,NEEDS,Makan & Minum Harian,Makanan Instan,Makanan
royco sup krim instan kepiting jagung 44 g,11000.0,NEEDS,Makan & Minum Harian,Makanan Instan,Makanan
sedaap mi instan goreng ayam krispi 88 g,2900.0,NEEDS,Makan & Minum Harian,Makanan Instan,Makanan
samyang mi instan ramen ayam pedas buldak cheese 140 g,21200.0,NEEDS,Makan & Minum Harian,Makanan Instan,Makanan
samyang mi instan ramen ayam pedas original 140 g,19700.0,NEEDS,Makan & Minum Harian,Makanan Instan,Makanan
gaga mi goreng instan indonesia original 88 g,3600.0,NEEDS,Makan & Minum Harian,Makanan Instan,Makanan
sedaap mi instan cup rawit bingit bakso bleduk 77 g,5500.0,NEEDS,Makan & Minum Harian,Makanan Instan,Makanan
sukses's isi 2 mi instan goreng ayam kecap 129 g,4300.0,NEEDS,Makan & Minum Harian,Makanan Instan,Makanan
sedaap mi instan cup soto 81 g,5500.0,NEEDS,Makan & Minum Harian,Makanan Instan,Makanan
sedaap mi instan goreng selection cup korean ayam pedas 81 g,4500.0,NEEDS,Makan & Minum Harian,Makanan Instan,Makanan
sukses's isi 2 mi instan goreng rendang 132 g,4300.0,NEEDS,Makan & Minum Harian,Makanan Instan,Makanan
sedaap mi instan cup kari spesial 81 g,5500.0,NEEDS,Makan & Minum Harian,Makanan Instan,Makanan
wow spageti instan bolognese 76 g,3500.0,NEEDS,Makan & Minum Harian,Makanan Instan,Makanan
nissin cup noodles kaldu sapi cup 62 g,8100.0,NEEDS,Makan & Minum Harian,Makanan Instan,Makanan
sukses's isi 2 mi instan goreng ayam kremees 133 g,4300.0,NEEDS,Makan & Minum Harian,Makanan Instan,Makanan
sedaap mi instan goreng isi 5 x 90 g,13400.0,NEEDS,Makan & Minum Harian,Makanan Instan,Makanan
samyang mi instan ramen ayam pedas buldak ekstra pedas 140 g,21200.0,NEEDS,Makan & Minum Harian,Makanan Instan,Makanan
sedaap mi instan rebus selection cup laksa pedas 86 g,5500.0,NEEDS,Makan & Minum Harian,Makanan Instan,Makanan
gaga 100 ekstra pedas mie instan kuah jalapeno 75 g,3900.0,NEEDS,Makan & Minum Harian,Makanan Instan,Makanan
gaga 100 ekstra pedas mie instan goreng jalapeno 85 g,3900.0,NEEDS,Makan & Minum Harian,Makanan Instan,Makanan
ramen yes mi instan kuah hakata chicken 88 g,2600.0,NEEDS,Makan & Minum Harian,Makanan Instan,Makanan
sedaap mi baso spesial 77g,2800.0,NEEDS,Makan & Minum Harian,Makanan Instan,Makanan
sedaap tasty bakmi yakiniku daging 115 g,6300.0,NEEDS,Makan & Minum Harian,Makanan Instan,Makanan
omoide tsukune sate bakso ayam rasa original 55 g,8900.0,NEEDS,Makan & Minum Harian,Makanan Instan,Makanan
sedaap mi instan cup mi goreng 81 g,4500.0,NEEDS,Makan & Minum Harian,Makanan Instan,Makanan
sedaap mi instan cup ayam jerit 75 g,5500.0,NEEDS,Makan & Minum Harian,Makanan Instan,Makanan
sukses's isi 2 mi instan goreng aceh 140 g,4300.0,NEEDS,Makan & Minum Harian,Makanan Instan,Makanan
samyang mi instan ramen original 120 g,12800.0,NEEDS,Makan & Minum Harian,Makanan Instan,Makanan
samyang mi instan ramen kari ayam pedas buldak 140 g,17400.0,NEEDS,Makan & Minum Harian,Makanan Instan,Makanan
indomie mi instan soto mie 70 g,3200.0,NEEDS,Makan & Minum Harian,Makanan Instan,Makanan
indomie mi instan ayam bawang 69 g,3200.0,NEEDS,Makan & Minum Harian,Makanan Instan,Makanan
gaga mi goreng instan spesial 75 g,2500.0,NEEDS,Makan & Minum Harian,Makanan Instan,Makanan
pop mie mi instan cup goreng 12 x 43 g - karton,38500.0,NEEDS,Makan & Minum Harian,Makanan Instan,Makanan
pop mie mi instan cup soto ayam 12 x 39 g - karton,38500.0,NEEDS,Makan & Minum Harian,Makanan Instan,Makanan
pop mie mi instan cup ayam bawang 12 x 40 g - karton,38500.0,NEEDS,Makan & Minum Harian,Makanan Instan,Makanan
arirang bulgogi rice vermicelli bihun instan goreng bulgogi sapi 70 g,11000.0,NEEDS,Makan & Minum Harian,Makanan Instan,Makanan
indomie mi instan rasa rawon pedas mercon 75 g,3300.0,NEEDS,Makan & Minum Harian,Makanan Instan,Makanan
pop mie mi instan premium tori miso japanese ramen cup 77 g,6500.0,NEEDS,Makan & Minum Harian,Makanan Instan,Makanan
pop mie mi instan cup baso granat 77 g,5900.0,NEEDS,Makan & Minum Harian,Makanan Instan,Makanan
pop mie mi instan cup goreng pedes gledeek ayam pedas 75 g,5900.0,NEEDS,Makan & Minum Harian,Makanan Instan,Makanan
super bubur instan ayam 45 g,4200.0,NEEDS,Makan & Minum Harian,Makanan Instan,Makanan
indomie premium collection mie instan tori kara ayam pedas 89 g,6300.0,NEEDS,Makan & Minum Harian,Makanan Instan,Makanan
bihunku bihun instan ayam bawang 55 g,3600.0,NEEDS,Makan & Minum Harian,Makanan Instan,Makanan
indomie mi instan goreng jumbo 129 g,4400.0,NEEDS,Makan & Minum Harian,Makanan Instan,Makanan
indomie hype abis mi instan nyemek bangladesh kari 80 g,3200.0,NEEDS,Makan & Minum Harian,Makanan Instan,Makanan
indomie mi instan soto koya pedas dower 76 g,3300.0,NEEDS,Makan & Minum Harian,Makanan Instan,Makanan
indomie mi instan ayam spesial 68 g,3300.0,NEEDS,Makan & Minum Harian,Makanan Instan,Makanan
pop mie mi instan cup kuah pedes dower ayam pedas 75 g,5900.0,NEEDS,Makan & Minum Harian,Makanan Instan,Makanan
sedaap mi instan selection singapore laksa pedas 83 g,3000.0,NEEDS,Makan & Minum Harian,Makanan Instan,Makanan
sedaap mi instan ayam bawang 70 g,3000.0,NEEDS,Makan & Minum Harian,Makanan Instan,Makanan
sedaap mi instan kari spesial 75 g,3000.0,NEEDS,Makan & Minum Harian,Makanan Instan,Makanan
indomie mi instan goreng jumbo rendang 120 g,4400.0,NEEDS,Makan & Minum Harian,Makanan Instan,Makanan
sedaap mi instan soto 75 g,3100.0,NEEDS,Makan & Minum Harian,Makanan Instan,Makanan
indomie mi instan kaldu ayam 72 g,3300.0,NEEDS,Makan & Minum Harian,Makanan Instan,Makanan
sedaap mi instan goreng 90 g,3100.0,NEEDS,Makan & Minum Harian,Makanan Instan,Makanan
indomie mi instan goreng jumbo ayam panggang 127 g,4400.0,NEEDS,Makan & Minum Harian,Makanan Instan,Makanan
indomie mi instan soto banjar limau kuit 75 g,3400.0,NEEDS,Makan & Minum Harian,Makanan Instan,Makanan
sedaap mi instan rebus khas korean pedas 77 g,3000.0,NEEDS,Makan & Minum Harian,Makanan Instan,Makanan
indomie mi instan soto spesial 75 g,3300.0,NEEDS,Makan & Minum Harian,Makanan Instan,Makanan
bihunku bihun instan soto 55 g,3600.0,NEEDS,Makan & Minum Harian,Makanan Instan,Makanan
indomie mi instan soto koya nagih 76 g,3300.0,NEEDS,Makan & Minum Harian,Makanan Instan,Makanan
sedaap mi kuah kari ayam 72 g,3000.0,NEEDS,Makan & Minum Harian,Makanan Instan,Makanan
indomie mi instan premium tori miso jepang ramen 86 g,6300.0,NEEDS,Makan & Minum Harian,Makanan Instan,Makanan
bihunku bihun instan bakso sapi 55 g,3600.0,NEEDS,Makan & Minum Harian,Makanan Instan,Makanan
pop mie mi instan cup kari lava 79 g,5900.0,NEEDS,Makan & Minum Harian,Makanan Instan,Makanan
gekikara ramen mi instan hot mushroom 109 g,6900.0,NEEDS,Makan & Minum Harian,Makanan Instan,Makanan
bihunku bihun instan goreng 60 g,4200.0,NEEDS,Makan & Minum Harian,Makanan Instan,Makanan
indomie hype abis mi instan seblak hot jeletot 75 g,3200.0,NEEDS,Makan & Minum Harian,Makanan Instan,Makanan
pop spageti instan carbonara pedas 84 g,3500.0,NEEDS,Makan & Minum Harian,Makanan Instan,Makanan
super bubur instan kuah soto 46 g,4000.0,NEEDS,Makan & Minum Harian,Makanan Instan,Makanan
sedaap tasty mi instan ayam saus teriyaki 120 g,5500.0,NEEDS,Makan & Minum Harian,Makanan Instan,Makanan
bihunku bihun instan asam pedas 55 g,3600.0,NEEDS,Makan & Minum Harian,Makanan Instan,Makanan
pop spageti instan bolognese pedas 84 g,3500.0,NEEDS,Makan & Minum Harian,Makanan Instan,Makanan
wonhae topokki kids rasa carbonara instan 80 g,8900.0,NEEDS,Makan & Minum Harian,Makanan Instan,Makanan
super bubur instan kuah kari 46 g,4000.0,NEEDS,Makan & Minum Harian,Makanan Instan,Makanan
gekikara ramen mi instan goreng ayam pedas 118 g,6900.0,NEEDS,Makan & Minum Harian,Makanan Instan,Makanan
la fonte pronto mac and cheese 63 g,6500.0,NEEDS,Makan & Minum Harian,Makanan Instan,Makanan
indomie mi instan spicy ramyeon 83 g,6300.0,NEEDS,Makan & Minum Harian,Makanan Instan,Makanan
indomie mi instan soto lamongan 80 g,3300.0,NEEDS,Makan & Minum Harian,Makanan Instan,Makanan
sarimi isi 2 mi instan goreng ayam kecap 126 g,4300.0,NEEDS,Makan & Minum Harian,Makanan Instan,Makanan
mujigae wonhae mi instan black fried ramyun 125 g,10200.0,NEEDS,Makan & Minum Harian,Makanan Instan,Makanan
alfamart ramen seirock-ya jepang mi instan toripaitan ramen ekstrim 114 g,13900.0,NEEDS,Makan & Minum Harian,Makanan Instan,Makanan
indomie mi instan goreng 5 x 85 g,16500.0,NEEDS,Makan & Minum Harian,Makanan Instan,Makanan
gaga mi instan kuah soto segaar 70 g,2500.0,NEEDS,Makan & Minum Harian,Makanan Instan,Makanan
indomie mi instan soto mie 5 x 70 g,16000.0,NEEDS,Makan & Minum Harian,Makanan Instan,Makanan
super bihun instan kuah ayam 51 g,6000.0,NEEDS,Makan & Minum Harian,Makanan Instan,Makanan
la fonte spageti saus bolognese 117 g,7800.0,NEEDS,Makan & Minum Harian,Makanan Instan,Makanan
gaga 100 extra pedas mie instan cup kuah jalapeno 75 g,6900.0,NEEDS,Makan & Minum Harian,Makanan Instan,Makanan
alfamart mi instan cup mala pedas 80 g,8500.0,NEEDS,Makan & Minum Harian,Makanan Instan,Makanan
samyang mi instan ramen ayam pedas buldak carbonara 130 g,26700.0,NEEDS,Makan & Minum Harian,Makanan Instan,Makanan
indomie mi instan goreng fiery chikin 94 g,6100.0,NEEDS,Makan & Minum Harian,Makanan Instan,Makanan
burung layang terbang kwetiau goreng instan 85 g,6200.0,NEEDS,Makan & Minum Harian,Makanan Instan,Makanan
samyang mi instan goreng buldak k-rose ayam pedas 140 g,20000.0,NEEDS,Makan & Minum Harian,Makanan Instan,Makanan
sedaap tasty mi instan bakmi ayam geprek matah 124 g,5500.0,NEEDS,Makan & Minum Harian,Makanan Instan,Makanan
mamasuka sup krim ayam 55 g,10300.0,NEEDS,Makan & Minum Harian,Makanan Instan,Makanan
samyang mi instan ramen ayam pedas buldak quattro cheese 145 g,20400.0,NEEDS,Makan & Minum Harian,Makanan Instan,Makanan
bean spot bakso kuah nampool,13000.0,NEEDS,Makan & Minum Harian,Makanan Instan,Makanan
indomie hype abis mi instan nyemek jogja rendang 84 g,3200.0,NEEDS,Makan & Minum Harian,Makanan Instan,Makanan
mujigae topokki 170 g,21200.0,NEEDS,Makan & Minum Harian,Makanan Instan,Makanan
nongshim mi kuah instan neoguri udon 120 g,13400.0,NEEDS,Makan & Minum Harian,Makanan Instan,Makanan
mujigae spicy topokki 170 g,21200.0,NEEDS,Makan & Minum Harian,Makanan Instan,Makanan
lemonilo mi instan goreng pedas korea 68 g,7200.0,NEEDS,Makan & Minum Harian,Makanan Instan,Makanan
lemonilo mi instan goreng 65 g,7200.0,NEEDS,Makan & Minum Harian,Makanan Instan,Makanan
nongshim shin ramyun gourmet mi goreng pedas 131 g,14900.0,NEEDS,Makan & Minum Harian,Makanan Instan,Makanan
jolly time popcorn fun mania 100 g,35000.0,NEEDS,Makan & Minum Harian,Makanan Instan,Makanan
jolly time popcorn blast o butter 100 g,35000.0,NEEDS,Makan & Minum Harian,Makanan Instan,Makanan
jolly time popcorn big cheez 100 g,35000.0,NEEDS,Makan & Minum Harian,Makanan Instan,Makanan
paldo mi instan volcano kari ayam 140 g,23900.0,NEEDS,Makan & Minum Harian,Makanan Instan,Makanan
ommason teokbokki instan korea 180 g,14900.0,NEEDS,Makan & Minum Harian,Makanan Instan,Makanan
wonhae rose ramyun mi instan goreng saus krim rose 97 g,10200.0,NEEDS,Makan & Minum Harian,Makanan Instan,Makanan
bean spot family food nasi kare ayam box 320 g,39000.0,NEEDS,Makan & Minum Harian,Makanan Instan,Makanan
bean spot family food nasi rendang daging box 320 g,39000.0,NEEDS,Makan & Minum Harian,Makanan Instan,Makanan
gaga 100 ekstra pedas mi instan goreng lada hitam 85 g,3400.0,NEEDS,Makan & Minum Harian,Makanan Instan,Makanan
mamasuka topokki original 132 g,17900.0,NEEDS,Makan & Minum Harian,Makanan Instan,Makanan
pop mie mi instan cup goreng fiery chikin 74 g,4900.0,NEEDS,Makan & Minum Harian,Makanan Instan,Makanan
pop mie mi instan cup baso 12 x 28 g - karton,38500.0,NEEDS,Makan & Minum Harian,Makanan Instan,Makanan
nissin ufo mi goreng instan kari pedas cup 88 g,7900.0,NEEDS,Makan & Minum Harian,Makanan Instan,Makanan
sun bell tuna chili sauce 185 g,19900.0,NEEDS,Makan & Minum Harian,Makanan Instan,Makanan
sun bell tuna bumbu nasi goreng 185 g,24500.0,NEEDS,Makan & Minum Harian,Makanan Instan,Makanan
sun bell tuna chunk in vegetable oil 185 g,24500.0,NEEDS,Makan & Minum Harian,Makanan Instan,Makanan
nissin mi kuah instan kaldu ayam jepang cup 62 g,7000.0,NEEDS,Makan & Minum Harian,Makanan Instan,Makanan
nissin ufo mi goreng instan saus jepang cup 88 g,7900.0,NEEDS,Makan & Minum Harian,Makanan Instan,Makanan
green valley mac and cheese 200 g,25500.0,NEEDS,Makan & Minum Harian,Makanan Instan,Makanan
yava granola snack chocolate banana 125 g,21900.0,NEEDS,Makan & Minum Harian,Makanan Instan,Makanan
mamasuka topokki spicy cheese 105 g,9500.0,NEEDS,Makan & Minum Harian,Makanan Instan,Makanan
mamasuka topokki rose carbonara 105 g,9500.0,NEEDS,Makan & Minum Harian,Makanan Instan,Makanan
makaroniku makaroni instan elbow box 200 g,12900.0,NEEDS,Makan & Minum Harian,Makanan Instan,Makanan
san remo pasta mac and cheese 120 g,27000.0,NEEDS,Makan & Minum Harian,Makanan Instan,Makanan
san remo pasta & saus rasa four cheese 120 g,27000.0,NEEDS,Makan & Minum Harian,Makanan Instan,Makanan
nongshim mi kuah instan claypot ramyun 120 g,14900.0,NEEDS,Makan & Minum Harian,Makanan Instan,Makanan
nongshim ramyun udang 120 g,14900.0,NEEDS,Makan & Minum Harian,Makanan Instan,Makanan
mamasuka sup krim instan jagung 55 g,8900.0,NEEDS,Makan & Minum Harian,Makanan Instan,Makanan
san remo lasagna instan 250 g,31900.0,NEEDS,Makan & Minum Harian,Makanan Instan,Makanan
nongshim mi kuah instan kimchi ramyun cup 117 g,21900.0,NEEDS,Makan & Minum Harian,Makanan Instan,Makanan
burung layang terbang miesoa mi kuah ayam bawang 65 g,5900.0,NEEDS,Makan & Minum Harian,Makanan Instan,Makanan
burung layang terbang mie goreng spesial 95 g,4900.0,NEEDS,Makan & Minum Harian,Makanan Instan,Makanan
san remo pasta instan spageti 500 g,24900.0,NEEDS,Makan & Minum Harian,Makanan Instan,Makanan
arirang bone marrow rice noodle kwetiau instan kuah sumsum 70 g,11000.0,NEEDS,Makan & Minum Harian,Makanan Instan,Makanan
wong coco sweet corn 425 gr,14500.0,NEEDS,Makan & Minum Harian,Makanan Instan,Makanan
bean spot family food nasi daging lada hitam box 320 g,39000.0,NEEDS,Makan & Minum Harian,Makanan Instan,Makanan
jolly time popcorn fun mania 43 g,19500.0,NEEDS,Makan & Minum Harian,Makanan Instan,Makanan
jolly time popcorn blast o butter 43 g,19500.0,NEEDS,Makan & Minum Harian,Makanan Instan,Makanan
jolly time popcorn big cheez 43 g,19500.0,NEEDS,Makan & Minum Harian,Makanan Instan,Makanan
paldo hwa ramyun mi instan pedas 120 g,20500.0,NEEDS,Makan & Minum Harian,Makanan Instan,Makanan
paldo jjajangmen instan 200 g,26700.0,NEEDS,Makan & Minum Harian,Makanan Instan,Makanan
pop mie lapeer time mi instan cup bakso 75 g,5900.0,NEEDS,Makan & Minum Harian,Makanan Instan,Makanan
sedaap mi instan soto 5 x 75 g,13000.0,NEEDS,Makan & Minum Harian,Makanan Instan,Makanan
pop mie mi lapeer time instan cup ayam 75 g,5900.0,NEEDS,Makan & Minum Harian,Makanan Instan,Makanan
nissin irvins mi instan rasa telur asin pedas 117 g,11900.0,NEEDS,Makan & Minum Harian,Makanan Instan,Makanan
pop mie lapeer time mi instan cup kari ayam 75 g,5900.0,NEEDS,Makan & Minum Harian,Makanan Instan,Makanan
sedaap mi instan goreng selection korean ayam pedas 87 g,3200.0,NEEDS,Makan & Minum Harian,Makanan Instan,Makanan
gekikara ramen mi instan goreng carbonara pedas cup 104 g,15700.0,NEEDS,Makan & Minum Harian,Makanan Instan,Makanan
nissin irvins mi instan rasa telur asin 117 g,11900.0,NEEDS,Makan & Minum Harian,Makanan Instan,Makanan
pop mie mi instan cup goreng 80 g,6200.0,NEEDS,Makan & Minum Harian,Makanan Instan,Makanan
sedaap mi instan ayam bawang 5 x 71 g,13000.0,NEEDS,Makan & Minum Harian,Makanan Instan,Makanan
sedaap mi instan korean keju buldak 86 g,3200.0,NEEDS,Makan & Minum Harian,Makanan Instan,Makanan
wow spageti instan carbonara 80 g,3500.0,NEEDS,Makan & Minum Harian,Makanan Instan,Makanan
san remo pasta fusilli 500 g,26500.0,NEEDS,Makan & Minum Harian,Makanan Instan,Makanan
san remo pasta fettuccine 500 g,24900.0,NEEDS,Makan & Minum Harian,Makanan Instan,Makanan
san remo la pasta jamur & herb 120 g,27000.0,NEEDS,Makan & Minum Harian,Makanan Instan,Makanan
arirang mie instan korea soup sumsum 110 g,15900.0,NEEDS,Makan & Minum Harian,Makanan Instan,Makanan
arirang tasty chicken mie instan korea goreng ayam 130 g,15900.0,NEEDS,Makan & Minum Harian,Makanan Instan,Makanan
arirang ekstra pedas mie instan goreng pedas 130 g,15900.0,NEEDS,Makan & Minum Harian,Makanan Instan,Makanan
nissin mi ramen kuah instan kari jepang 100 g,7000.0,NEEDS,Makan & Minum Harian,Makanan Instan,Makanan
chee-bhot cuanki instan pedas cup 65 g,16900.0,NEEDS,Makan & Minum Harian,Makanan Instan,Makanan
mommy seblak basah instan original cup 100 g,14900.0,NEEDS,Makan & Minum Harian,Makanan Instan,Makanan
mamasuka sup krim instan sayur & bawang 55 g,8900.0,NEEDS,Makan & Minum Harian,Makanan Instan,Makanan
nongshim potato mi instan sup 110 g,15500.0,NEEDS,Makan & Minum Harian,Makanan Instan,Makanan
crystal of the sea bubuk ikan teri nasi 20 g,43500.0,NEEDS,Makan & Minum Harian,Makanan Instan,Makanan
crystal of the sea bubuk udang 20 g,37000.0,NEEDS,Makan & Minum Harian,Makanan Instan,Makanan
crystal of the sea ikan teri nasi 80 g,52500.0,NEEDS,Makan & Minum Harian,Makanan Instan,Makanan
crystal of the sea dried ebi 80 g,54500.0,NEEDS,Makan & Minum Harian,Makanan Instan,Makanan
tropicana slim mie shirataki instan rasa mie goreng istimewa 71 g,22900.0,NEEDS,Makan & Minum Harian,Makanan Instan,Makanan
arirang curry rice vermicelli bihun instan kuah kari 73 g,11000.0,NEEDS,Makan & Minum Harian,Makanan Instan,Makanan
gaga 100 extra pedas mie instan cup kuah soto 75 g,5900.0,NEEDS,Makan & Minum Harian,Makanan Instan,Makanan
best wok mi instan goreng original 85 g,4000.0,NEEDS,Makan & Minum Harian,Makanan Instan,Makanan
best wok mi instan goreng rasa pedas 80 g,4000.0,NEEDS,Makan & Minum Harian,Makanan Instan,Makanan
best wok mi instan goreng rasa korean spicy cheese 73 g,4500.0,NEEDS,Makan & Minum Harian,Makanan Instan,Makanan
best wok mi instan goreng rasa xtra hot xtra spicy 75 g,4000.0,NEEDS,Makan & Minum Harian,Makanan Instan,Makanan
green valley mac and cheese quattro formaggi 200 g,28900.0,NEEDS,Makan & Minum Harian,Makanan Instan,Makanan
cancimen cuanki ramen instan seblak pedas cup 90 g,14900.0,NEEDS,Makan & Minum Harian,Makanan Instan,Makanan
arirang mi instan kuah spicy kimchi 120 g,15900.0,NEEDS,Makan & Minum Harian,Makanan Instan,Makanan
rasa juara seblak instan original 130 g,19900.0,NEEDS,Makan & Minum Harian,Makanan Instan,Makanan
rasa juara cuanki instan ayam bawang 100 g,19900.0,NEEDS,Makan & Minum Harian,Makanan Instan,Makanan
rasa juara seblak instan cup original 60 g,16500.0,NEEDS,Makan & Minum Harian,Makanan Instan,Makanan
rasa juara batagor kuah instan cup 55 g,16500.0,NEEDS,Makan & Minum Harian,Makanan Instan,Makanan
arirang bone marrow rice noodle kwetiau instan kuah sumsum cup 160 g,58500.0,NEEDS,Makan & Minum Harian,Makanan Instan,Makanan
arirang budae jjigae mie instan kuah sup daging cup 240 g,58500.0,NEEDS,Makan & Minum Harian,Makanan Instan,Makanan
arirang korean beef curry mie instan kuah kari daging sapi cup 375 g,58500.0,NEEDS,Makan & Minum Harian,Makanan Instan,Makanan
best wok mi instan goreng rasa thai chilli lime 75 g,4000.0,NEEDS,Makan & Minum Harian,Makanan Instan,Makanan
green valley mac and cheese black truffle 200 g,31900.0,NEEDS,Makan & Minum Harian,Makanan Instan,Makanan
macs ready mac and cheese makaroni dan keju siap saji 150 g,22900.0,NEEDS,Makan & Minum Harian,Makanan Instan,Makanan
samyang mi instan ramen korean kimchi 120 g,17900.0,NEEDS,Makan & Minum Harian,Makanan Instan,Makanan
nissin cup noodles kaldu seafood 58 g,7900.0,NEEDS,Makan & Minum Harian,Makanan Instan,Makanan
gelifood seblak mie kuah jontor 70 g,13900.0,NEEDS,Makan & Minum Harian,Makanan Instan,Makanan
gelifood seblak mie kuah keju jontor 70 g,13900.0,NEEDS,Makan & Minum Harian,Makanan Instan,Makanan
momogi signature mi instan goreng jagung bakar 115 g,13500.0,NEEDS,Makan & Minum Harian,Makanan Instan,Makanan
momogi signature mi instan sup kari keju 110 g,13500.0,NEEDS,Makan & Minum Harian,Makanan Instan,Makanan
sedaap mi instan korean keju buldak 86 g,3200.0,NEEDS,Makan & Minum Harian,Makanan Instan,Makanan
wow spageti instan carbonara 80 g,3500.0,NEEDS,Makan & Minum Harian,Makanan Instan,Makanan
pop mie lapeer time mi instan cup soto ayam 75 g,5900.0,NEEDS,Makan & Minum Harian,Makanan Instan,Makanan
gekikara ramen mi instan goreng carbonara pedas 120 g,6900.0,NEEDS,Makan & Minum Harian,Makanan Instan,Makanan
mujigae oden otak-otak ikan khas korea 65 g,9900.0,NEEDS,Makan & Minum Harian,Makanan Instan,Makanan
omoide mi udon saus carbonara 200 g,18200.0,NEEDS,Makan & Minum Harian,Makanan Instan,Makanan
sedaap mi instan ayam jerit rawit 77 g,3000.0,NEEDS,Makan & Minum Harian,Makanan Instan,Makanan
gekikara ramen mi instan goreng ayam pedas cup 100 g,15700.0,NEEDS,Makan & Minum Harian,Makanan Instan,Makanan
mamasuka topokki creamy 133 g,19700.0,NEEDS,Makan & Minum Harian,Makanan Instan,Makanan
sedaap mi instan goreng ala chef devina 93 g,3200.0,NEEDS,Makan & Minum Harian,Makanan Instan,Makanan
sedaap mi instan goreng ayam bakar limau 89 g,3200.0,NEEDS,Makan & Minum Harian,Makanan Instan,Makanan
kimbo kitchen bubur ayam pouch 250 g,11000.0,NEEDS,Makan & Minum Harian,Makanan Instan,Makanan
wonhae cheese ramyun mi instan keju khas korea 90 g,14100.0,NEEDS,Makan & Minum Harian,Makanan Instan,Makanan
mujigae mi instan rapokki pedas 260 g,19900.0,NEEDS,Makan & Minum Harian,Makanan Instan,Makanan
nongshim mi goreng instan toomba 137 g,18200.0,NEEDS,Makan & Minum Harian,Makanan Instan,Makanan
la fonte pasta chifferi rigati 450 g,16900.0,NEEDS,Makan & Minum Harian,Makanan Instan,Makanan
omoide mi udon sup kake dashi 150 g,15100.0,NEEDS,Makan & Minum Harian,Makanan Instan,Makanan
migelas protevit mi instan ayam bawang 6 x 30 g,10900.0,NEEDS,Makan & Minum Harian,Makanan Instan,Makanan
la fonte pasta fettuccine 450 g,17900.0,NEEDS,Makan & Minum Harian,Makanan Instan,Makanan
la fonte pasta lasagna 230 g,21900.0,NEEDS,Makan & Minum Harian,Makanan Instan,Makanan
nestle koko krunch sereal box 300 g,35200.0,NEEDS,Makan & Minum Harian,"Roti, Selai, & Sereal",Makanan
sari roti sandwich isi cokelat 46 g,6000.0,NEEDS,Makan & Minum Harian,"Roti, Selai, & Sereal",Makanan
alfamart selai cokelat 150 g,16900.0,NEEDS,Makan & Minum Harian,"Roti, Selai, & Sereal",Makanan
paroti roti bluder isi cokelat doraemon 50 g,7500.0,NEEDS,Makan & Minum Harian,"Roti, Selai, & Sereal",Makanan
skippy selai kacang creamy 170 g,30800.0,NEEDS,Makan & Minum Harian,"Roti, Selai, & Sereal",Makanan
nestle sereal honey stars pouch 70 g,13400.0,NEEDS,Makan & Minum Harian,"Roti, Selai, & Sereal",Makanan
naraya oat choco sereal cokelat 90 g,14100.0,NEEDS,Makan & Minum Harian,"Roti, Selai, & Sereal",Makanan
sari kue by sari roti dorayaki stroberi 50 g,6000.0,NEEDS,Makan & Minum Harian,"Roti, Selai, & Sereal",Makanan
sari kue by sari roti dorayaki martabak 53 g,6000.0,NEEDS,Makan & Minum Harian,"Roti, Selai, & Sereal",Makanan
myroti roti sandwich srikaya 46 g,4500.0,NEEDS,Makan & Minum Harian,"Roti, Selai, & Sereal",Makanan
quaker 3 in 1 minuman sereal oat cokelat bag 8 x 28 g,23700.0,NEEDS,Makan & Minum Harian,"Roti, Selai, & Sereal",Makanan
simba choco chips sereal cup susu coklat 34 g,9500.0,NEEDS,Makan & Minum Harian,"Roti, Selai, & Sereal",Makanan
oreo soft cake cokelat vanila 6 x 16 g,20100.0,NEEDS,Makan & Minum Harian,"Roti, Selai, & Sereal",Makanan
myroti roti sandwich margarin manis 46 g,4500.0,NEEDS,Makan & Minum Harian,"Roti, Selai, & Sereal",Makanan
kellogg's froot loops sereal 55 g,11700.0,NEEDS,Makan & Minum Harian,"Roti, Selai, & Sereal",Makanan
morin selai cokelat kacang 150 g,28800.0,NEEDS,Makan & Minum Harian,"Roti, Selai, & Sereal",Makanan
madurasa madu original sachet 12 s,11900.0,NEEDS,Makan & Minum Harian,"Roti, Selai, & Sereal",Makanan
paroti steamed cheese cake banana 60 g,7000.0,NEEDS,Makan & Minum Harian,"Roti, Selai, & Sereal",Makanan
paroti ring cake keju 40 g,5500.0,NEEDS,Makan & Minum Harian,"Roti, Selai, & Sereal",Makanan
alfamart selai stroberi 225 g,20900.0,NEEDS,Makan & Minum Harian,"Roti, Selai, & Sereal",Makanan
nestle koko krunch sereal box 150 g,25100.0,NEEDS,Makan & Minum Harian,"Roti, Selai, & Sereal",Makanan
quaker oatmeal instan 800 g,55100.0,NEEDS,Makan & Minum Harian,"Roti, Selai, & Sereal",Makanan
myroti roti danish keju 200 g,16500.0,NEEDS,Makan & Minum Harian,"Roti, Selai, & Sereal",Makanan
ceres spread selai choco double hazelnut 350 g,54100.0,NEEDS,Makan & Minum Harian,"Roti, Selai, & Sereal",Makanan
ceres hagelslag cokelat meses klasik 140 g,26100.0,NEEDS,Makan & Minum Harian,"Roti, Selai, & Sereal",Makanan
tresno joyo madu tj jahe merah mint botol 150 g,24900.0,NEEDS,Makan & Minum Harian,"Roti, Selai, & Sereal",Makanan
bean spot roti babka cokelat kacang,9000.0,NEEDS,Makan & Minum Harian,"Roti, Selai, & Sereal",Makanan
sari roti tawar soft rasa susu jumbo 540 g,17500.0,NEEDS,Makan & Minum Harian,"Roti, Selai, & Sereal",Makanan
nestle koko krunch sereal bag 70 g,11000.0,NEEDS,Makan & Minum Harian,"Roti, Selai, & Sereal",Makanan
sari roti tawar jumbo 555 g,18000.0,NEEDS,Makan & Minum Harian,"Roti, Selai, & Sereal",Makanan
sari roti klasik kasur krim messes 185 g,11500.0,NEEDS,Makan & Minum Harian,"Roti, Selai, & Sereal",Makanan
sari roti tawar 370 g,14000.0,NEEDS,Makan & Minum Harian,"Roti, Selai, & Sereal",Makanan
sari roti sobek cokelat 204 g,17000.0,NEEDS,Makan & Minum Harian,"Roti, Selai, & Sereal",Makanan
sari roti sobek cokelat keju 214 g,17000.0,NEEDS,Makan & Minum Harian,"Roti, Selai, & Sereal",Makanan
sari roti tawar kupas 200 g,18000.0,NEEDS,Makan & Minum Harian,"Roti, Selai, & Sereal",Makanan
ceres hagelslag cokelat meses klasik 80 g,16500.0,NEEDS,Makan & Minum Harian,"Roti, Selai, & Sereal",Makanan
nestle trix sereal rasa buah cup 30 g,10200.0,NEEDS,Makan & Minum Harian,"Roti, Selai, & Sereal",Makanan
nestle koko krunch sereal cup 30 g,7900.0,NEEDS,Makan & Minum Harian,"Roti, Selai, & Sereal",Makanan
myroti roti steam cake rasa putu pandan 71 g,9500.0,NEEDS,Makan & Minum Harian,"Roti, Selai, & Sereal",Makanan
sari roti sandwich rasa pandan isi selai sarikaya 49 g,6000.0,NEEDS,Makan & Minum Harian,"Roti, Selai, & Sereal",Makanan
sari roti kasur susu 162 g,11500.0,NEEDS,Makan & Minum Harian,"Roti, Selai, & Sereal",Makanan
aice mooochii kue mochi rasa kacang merah 32 g,5000.0,NEEDS,Makan & Minum Harian,"Roti, Selai, & Sereal",Makanan
sari kue by sari roti cheese cake original 55 g,9500.0,NEEDS,Makan & Minum Harian,"Roti, Selai, & Sereal",Makanan
sari roti sandwich choco blast 45 g,6000.0,NEEDS,Makan & Minum Harian,"Roti, Selai, & Sereal",Makanan
quaker 3 in 1 minuman sereal oat vanila bag 8 x 28 g,23700.0,NEEDS,Makan & Minum Harian,"Roti, Selai, & Sereal",Makanan
sari roti sisir mentega 155 g,11000.0,NEEDS,Makan & Minum Harian,"Roti, Selai, & Sereal",Makanan
kartika toast hampers kue kering isi 5 pcs,159900.0,NEEDS,Makan & Minum Harian,"Roti, Selai, & Sereal",Makanan
quaker quick cook oatmeal 800 g,52900.0,NEEDS,Makan & Minum Harian,"Roti, Selai, & Sereal",Makanan
paroti roti sisir mentega 80 g,8000.0,NEEDS,Makan & Minum Harian,"Roti, Selai, & Sereal",Makanan
sari roti tawar milky soft 360 g,14000.0,NEEDS,Makan & Minum Harian,"Roti, Selai, & Sereal",Makanan
myroti roti tawar klasik 15 s,16000.0,NEEDS,Makan & Minum Harian,"Roti, Selai, & Sereal",Makanan
paroti roti pisang coklat 70 g,6000.0,NEEDS,Makan & Minum Harian,"Roti, Selai, & Sereal",Makanan
5days roti croissant isi fla keju 60 g,7300.0,NEEDS,Makan & Minum Harian,"Roti, Selai, & Sereal",Makanan
energen minuman sereal cokelat 10 x 30 g,29100.0,NEEDS,Makan & Minum Harian,"Roti, Selai, & Sereal",Makanan
nestle milo sereal cup 30 g,7900.0,NEEDS,Makan & Minum Harian,"Roti, Selai, & Sereal",Makanan
energen minuman sereal vanilla 10 x 29 g,27100.0,NEEDS,Makan & Minum Harian,"Roti, Selai, & Sereal",Makanan
myroti roti pie isi keju 67 g,7500.0,NEEDS,Makan & Minum Harian,"Roti, Selai, & Sereal",Makanan
myroti roti tawar lembut premium 6 s,15000.0,NEEDS,Makan & Minum Harian,"Roti, Selai, & Sereal",Makanan
alfamart meses doraemon susu 90 g,9900.0,NEEDS,Makan & Minum Harian,"Roti, Selai, & Sereal",Makanan
5days roti croissant isi pasta cokelat 60 g,5800.0,NEEDS,Makan & Minum Harian,"Roti, Selai, & Sereal",Makanan
ceres spread selai choco hazelnut 180 g,24900.0,NEEDS,Makan & Minum Harian,"Roti, Selai, & Sereal",Makanan
sari roti zuperrcreamy sandwich isi krim stroberi 43 g,5000.0,NEEDS,Makan & Minum Harian,"Roti, Selai, & Sereal",Makanan
sari kue by sari roti waffle rasa original 35 g,5000.0,NEEDS,Makan & Minum Harian,"Roti, Selai, & Sereal",Makanan
myroti roti sobek cokelat keju 225 g,16500.0,NEEDS,Makan & Minum Harian,"Roti, Selai, & Sereal",Makanan
quaker oatmeal instan 200 g,14900.0,NEEDS,Makan & Minum Harian,"Roti, Selai, & Sereal",Makanan
simba choco chips sereal cokelat 45 g,8500.0,NEEDS,Makan & Minum Harian,"Roti, Selai, & Sereal",Makanan
pia 100 kue pia cokelat & kacang hijau 138 g,12900.0,NEEDS,Makan & Minum Harian,"Roti, Selai, & Sereal",Makanan
sari kue by sari roti dorayaki cokelat 55 g,6000.0,NEEDS,Makan & Minum Harian,"Roti, Selai, & Sereal",Makanan
5days croissant mini creamy cokelat 128 g,15000.0,NEEDS,Makan & Minum Harian,"Roti, Selai, & Sereal",Makanan
paroti roti isi krim meses doraemon 40 g,3500.0,NEEDS,Makan & Minum Harian,"Roti, Selai, & Sereal",Makanan
sari roti sandwich isi krim keju 49 g,6000.0,NEEDS,Makan & Minum Harian,"Roti, Selai, & Sereal",Makanan
sari roti kasur keju 180 g,14000.0,NEEDS,Makan & Minum Harian,"Roti, Selai, & Sereal",Makanan
sari roti isi cokelat keju 55 g,5000.0,NEEDS,Makan & Minum Harian,"Roti, Selai, & Sereal",Makanan
paroti roti krim meses 200 g,13500.0,NEEDS,Makan & Minum Harian,"Roti, Selai, & Sereal",Makanan
bean spot roti cokelat keju,9000.0,NEEDS,Makan & Minum Harian,"Roti, Selai, & Sereal",Makanan
sari roti isi cokelat 55 g,5000.0,NEEDS,Makan & Minum Harian,"Roti, Selai, & Sereal",Makanan
myroti roti sandwich keju 46 g,4500.0,NEEDS,Makan & Minum Harian,"Roti, Selai, & Sereal",Makanan
sari roti zuperrcreamy sandwich isi krim cokelat 45 g,5000.0,NEEDS,Makan & Minum Harian,"Roti, Selai, & Sereal",Makanan
sari roti tawar gandum 350 g,22000.0,NEEDS,Makan & Minum Harian,"Roti, Selai, & Sereal",Makanan
5days roti croissant isi selai mixed berries 60 g,5800.0,NEEDS,Makan & Minum Harian,"Roti, Selai, & Sereal",Makanan
sari roti sobek cokelat sarikaya 214 g,18000.0,NEEDS,Makan & Minum Harian,"Roti, Selai, & Sereal",Makanan
myroti roti pie isi cokelat 67 g,7500.0,NEEDS,Makan & Minum Harian,"Roti, Selai, & Sereal",Makanan
sari roti sobek duo cokelat 72 g,8000.0,NEEDS,Makan & Minum Harian,"Roti, Selai, & Sereal",Makanan
paroti roti bagelen keju 78 g,17900.0,NEEDS,Makan & Minum Harian,"Roti, Selai, & Sereal",Makanan
paroti roti sisir keju 35 g,4000.0,NEEDS,Makan & Minum Harian,"Roti, Selai, & Sereal",Makanan
paroti roti sisir mentega 140 g,11000.0,NEEDS,Makan & Minum Harian,"Roti, Selai, & Sereal",Makanan
alfamart selai stroberi 150 g,11500.0,NEEDS,Makan & Minum Harian,"Roti, Selai, & Sereal",Makanan
kellogg's coco fills sereal gandum isi cokelat box 150 g,28400.0,NEEDS,Makan & Minum Harian,"Roti, Selai, & Sereal",Makanan
sari roti kasur klasik krim cokelat 200 g,16000.0,NEEDS,Makan & Minum Harian,"Roti, Selai, & Sereal",Makanan
5days roti croissant isi fla cokelat pisang 60 g,7300.0,NEEDS,Makan & Minum Harian,"Roti, Selai, & Sereal",Makanan
myroti roti sandwich cokelat 46 g,4500.0,NEEDS,Makan & Minum Harian,"Roti, Selai, & Sereal",Makanan
alfamart meses doraemon klasik 90 g,9900.0,NEEDS,Makan & Minum Harian,"Roti, Selai, & Sereal",Makanan
ceres cokelat meses susu 80 g,16500.0,NEEDS,Makan & Minum Harian,"Roti, Selai, & Sereal",Makanan
paroti roti isi krim meses 40 g,3500.0,NEEDS,Makan & Minum Harian,"Roti, Selai, & Sereal",Makanan
nutella hazelnut cocoa spread 200 g,53600.0,NEEDS,Makan & Minum Harian,"Roti, Selai, & Sereal",Makanan
paroti steam cake double choco 35 g,3500.0,NEEDS,Makan & Minum Harian,"Roti, Selai, & Sereal",Makanan
kartika toast cookies almond 51 g,10000.0,NEEDS,Makan & Minum Harian,"Roti, Selai, & Sereal",Makanan
sari choco selai cokelat 150 g,24000.0,NEEDS,Makan & Minum Harian,"Roti, Selai, & Sereal",Makanan
kellogg's froot loops sereal 150 g,20100.0,NEEDS,Makan & Minum Harian,"Roti, Selai, & Sereal",Makanan
simba choco chips sereal cup susu putih 34 g,9500.0,NEEDS,Makan & Minum Harian,"Roti, Selai, & Sereal",Makanan
paroti roti bagelen vanila 72 g,17500.0,NEEDS,Makan & Minum Harian,"Roti, Selai, & Sereal",Makanan
myroti roti sobek cokelat 225 g,16500.0,NEEDS,Makan & Minum Harian,"Roti, Selai, & Sereal",Makanan
myroti roti tawar funwari gandum 15 s,24000.0,NEEDS,Makan & Minum Harian,"Roti, Selai, & Sereal",Makanan
paroti kue dorayaki rasa cokelat 65 g,6000.0,NEEDS,Makan & Minum Harian,"Roti, Selai, & Sereal",Makanan
sari roti tawar klasik 360 g,12500.0,NEEDS,Makan & Minum Harian,"Roti, Selai, & Sereal",Makanan
sari roti zuperrcreamy isi krim keju 55 g,5000.0,NEEDS,Makan & Minum Harian,"Roti, Selai, & Sereal",Makanan
paroti roti gulung isi selai cokelat 60 g,6500.0,NEEDS,Makan & Minum Harian,"Roti, Selai, & Sereal",Makanan
sari roti tawar double soft 360 g,19000.0,NEEDS,Makan & Minum Harian,"Roti, Selai, & Sereal",Makanan
sari roti zuperrcreamy isi krim cokelat 55 g,5000.0,NEEDS,Makan & Minum Harian,"Roti, Selai, & Sereal",Makanan
myroti roti tawar gandum 10 s,20000.0,NEEDS,Makan & Minum Harian,"Roti, Selai, & Sereal",Makanan
tresno joyo madu tj murni botol 150 g,28700.0,NEEDS,Makan & Minum Harian,"Roti, Selai, & Sereal",Makanan
ceres cokelat meses festive warna warni 80 g,16500.0,NEEDS,Makan & Minum Harian,"Roti, Selai, & Sereal",Makanan
myroti roti steam cake rasa keju 80 g,9500.0,NEEDS,Makan & Minum Harian,"Roti, Selai, & Sereal",Makanan
uray madu murni alami 150 g,21500.0,NEEDS,Makan & Minum Harian,"Roti, Selai, & Sereal",Makanan
energen minuman sereal kacang hijau 10 x 30 g,29100.0,NEEDS,Makan & Minum Harian,"Roti, Selai, & Sereal",Makanan
nestle trix sereal rasa buah box 150 g,15200.0,NEEDS,Makan & Minum Harian,"Roti, Selai, & Sereal",Makanan
sari roti sobek duo cokelat keju 72 g,8500.0,NEEDS,Makan & Minum Harian,"Roti, Selai, & Sereal",Makanan
naraya oat choco sereal original 90 g,14100.0,NEEDS,Makan & Minum Harian,"Roti, Selai, & Sereal",Makanan
aice mooochii kue mochi rasa cokelat 32 g,5000.0,NEEDS,Makan & Minum Harian,"Roti, Selai, & Sereal",Makanan
myroti roti steam cake rasa cokelat 80 g,9500.0,NEEDS,Makan & Minum Harian,"Roti, Selai, & Sereal",Makanan
paroti roti soes snack stroberi 72 g,12900.0,NEEDS,Makan & Minum Harian,"Roti, Selai, & Sereal",Makanan
myroti roti steam cake rasa cokelat keju 71 g,9500.0,NEEDS,Makan & Minum Harian,"Roti, Selai, & Sereal",Makanan
tresno joyo madu tj kurma botol 150 g,19300.0,NEEDS,Makan & Minum Harian,"Roti, Selai, & Sereal",Makanan
energen champion minuman sereal bubuk cokelat sachet 10 x 24 g,19900.0,NEEDS,Makan & Minum Harian,"Roti, Selai, & Sereal",Makanan
goldenfil selai choco crunchy 350 g,36100.0,NEEDS,Makan & Minum Harian,"Roti, Selai, & Sereal",Makanan
champion minuman serbuk cokelat bag 4 x 24 g,10900.0,NEEDS,Makan & Minum Harian,"Roti, Selai, & Sereal",Makanan
morin selai kaya 170 g,23300.0,NEEDS,Makan & Minum Harian,"Roti, Selai, & Sereal",Makanan
alfamart selai kacang 120 g,21000.0,NEEDS,Makan & Minum Harian,"Roti, Selai, & Sereal",Makanan
morin selai stroberi 170 g,27300.0,NEEDS,Makan & Minum Harian,"Roti, Selai, & Sereal",Makanan
paroti roti bluder isi keju doraemon 50 g,8000.0,NEEDS,Makan & Minum Harian,"Roti, Selai, & Sereal",Makanan
myroti roti sobek cokelat susu 225 g,16500.0,NEEDS,Makan & Minum Harian,"Roti, Selai, & Sereal",Makanan
sari kue dorayaki pandan srikaya 53 g,6000.0,NEEDS,Makan & Minum Harian,"Roti, Selai, & Sereal",Makanan
simba choco chips sereal cokelat 150 g,18900.0,NEEDS,Makan & Minum Harian,"Roti, Selai, & Sereal",Makanan
simba choco chips sereal cup susu stroberi 34 g,9500.0,NEEDS,Makan & Minum Harian,"Roti, Selai, & Sereal",Makanan
morin selai kacang creamy 150 g,26800.0,NEEDS,Makan & Minum Harian,"Roti, Selai, & Sereal",Makanan
myroti roti danish cokelat 200 g,16500.0,NEEDS,Makan & Minum Harian,"Roti, Selai, & Sereal",Makanan
kartika toast hampers kue kering mini isi 3 pcs,64500.0,NEEDS,Makan & Minum Harian,"Roti, Selai, & Sereal",Makanan
puck keju oles krim jar 140 g,34400.0,NEEDS,Makan & Minum Harian,"Roti, Selai, & Sereal",Makanan
oreo soft cake cokelat vanila 3 x 16 g,11400.0,NEEDS,Makan & Minum Harian,"Roti, Selai, & Sereal",Makanan
kartika toast hampers kue kering isi 3 pcs,89900.0,NEEDS,Makan & Minum Harian,"Roti, Selai, & Sereal",Makanan
flora madu hutan tropis botol 350 ml,51500.0,NEEDS,Makan & Minum Harian,"Roti, Selai, & Sereal",Makanan
sari kue lapis bamkuhen cokelat 45 g,10500.0,NEEDS,Makan & Minum Harian,"Roti, Selai, & Sereal",Makanan
tresno joyo madu tj panas dalam botol 150 g,34200.0,NEEDS,Makan & Minum Harian,"Roti, Selai, & Sereal",Makanan
myroti roti danish cokelat 60 g,7500.0,NEEDS,Makan & Minum Harian,"Roti, Selai, & Sereal",Makanan
my roti roll funwari roti keju 67 g,6000.0,NEEDS,Makan & Minum Harian,"Roti, Selai, & Sereal",Makanan
bean spot roti keju manis,9000.0,NEEDS,Makan & Minum Harian,"Roti, Selai, & Sereal",Makanan
bean spot roti baso ayam,9000.0,NEEDS,Makan & Minum Harian,"Roti, Selai, & Sereal",Makanan
goldenfil choco crunchy topping 1 kg,67900.0,NEEDS,Makan & Minum Harian,"Roti, Selai, & Sereal",Makanan
nestle milo sereal active go 300 g,39000.0,NEEDS,Makan & Minum Harian,"Roti, Selai, & Sereal",Makanan
kellogg's sereal corn flakes 500 g,46500.0,NEEDS,Makan & Minum Harian,"Roti, Selai, & Sereal",Makanan
simba sereal choco chips stroberi 150 g,17500.0,NEEDS,Makan & Minum Harian,"Roti, Selai, & Sereal",Makanan
simba makura sereal isi krim coklat pouch 80 g,9500.0,NEEDS,Makan & Minum Harian,"Roti, Selai, & Sereal",Makanan
kellogg's sereal granola dark chocolate pouch 220 g,42900.0,NEEDS,Makan & Minum Harian,"Roti, Selai, & Sereal",Makanan
kellogg's sereal granola mixed berries pouch 220 g,42900.0,NEEDS,Makan & Minum Harian,"Roti, Selai, & Sereal",Makanan
morin selai topping stroberi 300 g,21900.0,NEEDS,Makan & Minum Harian,"Roti, Selai, & Sereal",Makanan
morin selai topping cokelat 300 g,25900.0,NEEDS,Makan & Minum Harian,"Roti, Selai, & Sereal",Makanan
kitkat sereal cokelat box 330 g,49900.0,NEEDS,Makan & Minum Harian,"Roti, Selai, & Sereal",Makanan
madurasa madu jahe merah lemon 160 g,19500.0,NEEDS,Makan & Minum Harian,"Roti, Selai, & Sereal",Makanan
francis granola walnut & cranberry 45 g,9400.0,NEEDS,Makan & Minum Harian,"Roti, Selai, & Sereal",Makanan
francis granola mix fruit crunchy 45 g,9400.0,NEEDS,Makan & Minum Harian,"Roti, Selai, & Sereal",Makanan
madurasa madu rasa jeruk nipis box 12 sachet,11900.0,NEEDS,Makan & Minum Harian,"Roti, Selai, & Sereal",Makanan
myroti roti isi krim susu 58 g,5000.0,NEEDS,Makan & Minum Harian,"Roti, Selai, & Sereal",Makanan
bean spot roti original choco cheese bun,10000.0,NEEDS,Makan & Minum Harian,"Roti, Selai, & Sereal",Makanan
pondan sirup maple sachet 12 x 40 ml,39900.0,NEEDS,Makan & Minum Harian,"Roti, Selai, & Sereal",Makanan
tong garden crunchy selai peanut butter 340 g,39900.0,NEEDS,Makan & Minum Harian,"Roti, Selai, & Sereal",Makanan
tong garden selai peanut butter unsweetened crunchy 340 g,42900.0,NEEDS,Makan & Minum Harian,"Roti, Selai, & Sereal",Makanan
madu enak murni botol 910 g,104900.0,NEEDS,Makan & Minum Harian,"Roti, Selai, & Sereal",Makanan
madu enak sachet original 12 s,9900.0,NEEDS,Makan & Minum Harian,"Roti, Selai, & Sereal",Makanan
quaker oatmeal instan 1.2 kg,67000.0,NEEDS,Makan & Minum Harian,"Roti, Selai, & Sereal",Makanan
sari roti croissant isi cokelat 70 g,12000.0,NEEDS,Makan & Minum Harian,"Roti, Selai, & Sereal",Makanan
ceres hagelslag festive cokelat meses warna warni 140 g,24500.0,NEEDS,Makan & Minum Harian,"Roti, Selai, & Sereal",Makanan
morin selai nanas 170 g,19900.0,NEEDS,Makan & Minum Harian,"Roti, Selai, & Sereal",Makanan
energen minuman sereal cokelat 20 x 34 g,49900.0,NEEDS,Makan & Minum Harian,"Roti, Selai, & Sereal",Makanan
energen minuman sereal vanila 20 x 32 g,49900.0,NEEDS,Makan & Minum Harian,"Roti, Selai, & Sereal",Makanan
morin selai pandan kaya 170 g,21000.0,NEEDS,Makan & Minum Harian,"Roti, Selai, & Sereal",Makanan
tropicana slim selai stroberi dengan biji chia 375 g,87900.0,NEEDS,Makan & Minum Harian,"Roti, Selai, & Sereal",Makanan
simba choco chips sereal cokelat 220 g,26900.0,NEEDS,Makan & Minum Harian,"Roti, Selai, & Sereal",Makanan
ceres hagelslag cokelat meses susu 140 g,24500.0,NEEDS,Makan & Minum Harian,"Roti, Selai, & Sereal",Makanan
madurasa madu murni botol 910 g,112500.0,NEEDS,Makan & Minum Harian,"Roti, Selai, & Sereal",Makanan
kojima korma jinten madu botol 140 ml,25000.0,NEEDS,Makan & Minum Harian,"Roti, Selai, & Sereal",Makanan
tropicana slim topping madu bebas gula 350 ml,77500.0,NEEDS,Makan & Minum Harian,"Roti, Selai, & Sereal",Makanan
quick fresh madu asli toples 500 g,50900.0,NEEDS,Makan & Minum Harian,"Roti, Selai, & Sereal",Makanan
tropicana slim selai cokelat 300 g,111900.0,NEEDS,Makan & Minum Harian,"Roti, Selai, & Sereal",Makanan
madu enak stik anggur 20 pcs,14900.0,NEEDS,Makan & Minum Harian,"Roti, Selai, & Sereal",Makanan
noccio selai kacang creamy 340 g,44900.0,NEEDS,Makan & Minum Harian,"Roti, Selai, & Sereal",Makanan
aice mooochii kue mochi rasa wijen hitam 32 g,5000.0,NEEDS,Makan & Minum Harian,"Roti, Selai, & Sereal",Makanan
madurasa madu original botol 150 g,18500.0,NEEDS,Makan & Minum Harian,"Roti, Selai, & Sereal",Makanan
myroti roti gulung danish rasa tripel keju 60 g,7500.0,NEEDS,Makan & Minum Harian,"Roti, Selai, & Sereal",Makanan
paroti roti isi krim messes 200 g,16000.0,NEEDS,Makan & Minum Harian,"Roti, Selai, & Sereal",Makanan
tresno joyo sari kurma tj botol 250 ml,23300.0,NEEDS,Makan & Minum Harian,"Roti, Selai, & Sereal",Makanan
baked id kue palm cheese 53 g,10900.0,NEEDS,Makan & Minum Harian,"Roti, Selai, & Sereal",Makanan
tresno joyo madu tj lemon botol 150 g,30100.0,NEEDS,Makan & Minum Harian,"Roti, Selai, & Sereal",Makanan
myroti roti pie isi matcha 67 g,7500.0,NEEDS,Makan & Minum Harian,"Roti, Selai, & Sereal",Makanan
nusantara madu murni botol 250 ml,56800.0,NEEDS,Makan & Minum Harian,"Roti, Selai, & Sereal",Makanan
aice mooochii kue mochi rasa kacang merah 32 g,5000.0,NEEDS,Makan & Minum Harian,"Roti, Selai, & Sereal",Makanan
delfiorion custas soft cup cake 138 g,24200.0,NEEDS,Makan & Minum Harian,"Roti, Selai, & Sereal",Makanan
5days roti croissant isi selai srikaya pandan 60 g,7300.0,NEEDS,Makan & Minum Harian,"Roti, Selai, & Sereal",Makanan
sari kue lapis bamkuhen 45 g,10500.0,NEEDS,Makan & Minum Harian,"Roti, Selai, & Sereal",Makanan
nadesha kue gambang 10 pcs,10300.0,NEEDS,Makan & Minum Harian,"Roti, Selai, & Sereal",Makanan
ovomaltine crunchy cream 230 g,72400.0,NEEDS,Makan & Minum Harian,"Roti, Selai, & Sereal",Makanan
myroti roti sobek 2 cokelat 115 g,8500.0,NEEDS,Makan & Minum Harian,"Roti, Selai, & Sereal",Makanan
tresno joyo madu tj murni botol 500 g,77900.0,NEEDS,Makan & Minum Harian,"Roti, Selai, & Sereal",Makanan
myroti roti steam cake rasa red velvet isi keju 71 g,9500.0,NEEDS,Makan & Minum Harian,"Roti, Selai, & Sereal",Makanan
myroti funwari roti gulung cokelat 67 g,6000.0,NEEDS,Makan & Minum Harian,"Roti, Selai, & Sereal",Makanan
myroti soft cake rasa keju 75 g,9500.0,NEEDS,Makan & Minum Harian,"Roti, Selai, & Sereal",Makanan
myroti roti tawar funwari 8 s,15000.0,NEEDS,Makan & Minum Harian,"Roti, Selai, & Sereal",Makanan
sari roti tawar kupas jumbo 300 g,21000.0,NEEDS,Makan & Minum Harian,"Roti, Selai, & Sereal",Makanan
bean spot roti ayam mayo,9000.0,NEEDS,Makan & Minum Harian,"Roti, Selai, & Sereal",Makanan
amanda bitliz roti bagelen original 70 g,16000.0,NEEDS,Makan & Minum Harian,"Roti, Selai, & Sereal",Makanan
amanda bitliz roti bagelen rasa keju 70 g,16000.0,NEEDS,Makan & Minum Harian,"Roti, Selai, & Sereal",Makanan
lean lab selai matcha bubuk 120 g,39900.0,NEEDS,Makan & Minum Harian,"Roti, Selai, & Sereal",Makanan
lean lab selai cokelat bubuk 120 g,39900.0,NEEDS,Makan & Minum Harian,"Roti, Selai, & Sereal",Makanan
lean lab selai hazelnut bubuk 120 g,39900.0,NEEDS,Makan & Minum Harian,"Roti, Selai, & Sereal",Makanan
lotus selai biscoff crunchy 380 g,89900.0,NEEDS,Makan & Minum Harian,"Roti, Selai, & Sereal",Makanan
lotus selai biscoff smooth 400 g,89900.0,NEEDS,Makan & Minum Harian,"Roti, Selai, & Sereal",Makanan
tropicana slim selai matcha 300 g,111900.0,NEEDS,Makan & Minum Harian,"Roti, Selai, & Sereal",Makanan
morin selai kaya khas medan 330 g,42500.0,NEEDS,Makan & Minum Harian,"Roti, Selai, & Sereal",Makanan
amanda kukis black brownies dengan keju & almond 60 g,17000.0,NEEDS,Makan & Minum Harian,"Roti, Selai, & Sereal",Makanan
amanda creem paf kue soes kering isi cokelat 70 g,17000.0,NEEDS,Makan & Minum Harian,"Roti, Selai, & Sereal",Makanan
madurasa madu murni botol 150 g,20400.0,NEEDS,Makan & Minum Harian,"Roti, Selai, & Sereal",Makanan
myroti roti steam cake rasa stroberi cokelat isi cokelat 71 g,9500.0,NEEDS,Makan & Minum Harian,"Roti, Selai, & Sereal",Makanan
aice mooochii kue mochi rasa wijen hitam 32 g,5000.0,NEEDS,Makan & Minum Harian,"Roti, Selai, & Sereal",Makanan
molagi roti croissant bites sea salt dan karamel 25 g,37000.0,NEEDS,Makan & Minum Harian,"Roti, Selai, & Sereal",Makanan
sari roti tawar pandan 370 g,18000.0,NEEDS,Makan & Minum Harian,"Roti, Selai, & Sereal",Makanan
simba choco chips sereal cokelat 300 g,28700.0,NEEDS,Makan & Minum Harian,"Roti, Selai, & Sereal",Makanan
kartika toast hampers kue kering isi 4 pcs,119900.0,NEEDS,Makan & Minum Harian,"Roti, Selai, & Sereal",Makanan
nestle sereal gold corn flakes box 150 g,17500.0,NEEDS,Makan & Minum Harian,"Roti, Selai, & Sereal",Makanan
molagi roti croissant bites truffle dan keju 25 g,37000.0,NEEDS,Makan & Minum Harian,"Roti, Selai, & Sereal",Makanan
nestle sereal honey stars box 300 g,36500.0,NEEDS,Makan & Minum Harian,"Roti, Selai, & Sereal",Makanan
myroti roti steam cake rasa pisang 80 g,9500.0,NEEDS,Makan & Minum Harian,"Roti, Selai, & Sereal",Makanan
aice mooochii kue mochi rasa cokelat 32 g,5000.0,NEEDS,Makan & Minum Harian,"Roti, Selai, & Sereal",Makanan
kartika toast hampers kue kering isi 5 pcs,159900.0,NEEDS,Makan & Minum Harian,"Roti, Selai, & Sereal",Makanan
e+ air mineral botol 500 ml,7500.0,WANTS,Jajan & Nongkrong,Minuman Ringan,Minuman
ultra teh kotak mangga 300 ml,4400.0,WANTS,Jajan & Nongkrong,Minuman Ringan,Minuman
kara sari kelapa rasa leci 220 ml,5900.0,WANTS,Jajan & Nongkrong,Minuman Ringan,Minuman
fruit tea minuman teh freeze 500 ml,7600.0,WANTS,Jajan & Nongkrong,Minuman Ringan,Minuman
pocari sweat minuman isotonik botol 2 l,19400.0,WANTS,Jajan & Nongkrong,Minuman Ringan,Minuman
volt zink minuman energi soda buah tropis 200 ml,4000.0,WANTS,Jajan & Nongkrong,Minuman Ringan,Minuman
hemaviton c1000 jeruk kaleng 330 ml,5600.0,WANTS,Jajan & Nongkrong,Minuman Ringan,Minuman
frestea minuman teh rasa melati botol 1.5 l,17300.0,WANTS,Jajan & Nongkrong,Minuman Ringan,Minuman
del monte boba teh susu taro kaleng 240 ml,7900.0,WANTS,Jajan & Nongkrong,Minuman Ringan,Minuman
le minerale air mineral galon 15 l,22000.0,WANTS,Jajan & Nongkrong,Minuman Ringan,Minuman
mogu mogu minuman nata de coco rasa anggur 320 ml,9400.0,WANTS,Jajan & Nongkrong,Minuman Ringan,Minuman
super o2 sportivo air mineral botol 600 ml,12200.0,WANTS,Jajan & Nongkrong,Minuman Ringan,Minuman
green sands minuman karbonasi lime & apple kaleng 330 ml,8900.0,WANTS,Jajan & Nongkrong,Minuman Ringan,Minuman
sinde larutan penyegar cap badak 350 ml,8400.0,WANTS,Jajan & Nongkrong,Minuman Ringan,Minuman
nipis madu minuman soda lime 330 ml,4700.0,WANTS,Jajan & Nongkrong,Minuman Ringan,Minuman
good day minuman kopi tiramisu bliss 250 ml,7700.0,WANTS,Jajan & Nongkrong,Minuman Ringan,Minuman
mogu mogu minuman nata de coco rasa melon 320 ml,9400.0,WANTS,Jajan & Nongkrong,Minuman Ringan,Minuman
fanta zero minuman soda rasa stroberi bebas gula botol 390 ml,6300.0,WANTS,Jajan & Nongkrong,Minuman Ringan,Minuman
mogu mogu minuman nata de coco rasa mangga 320 ml,9400.0,WANTS,Jajan & Nongkrong,Minuman Ringan,Minuman
coca cola zero minuman soda rasa kola fifa world cup 2026 330 ml,7200.0,WANTS,Jajan & Nongkrong,Minuman Ringan,Minuman
pocari sweat minuman isotonik botol 500 ml,8400.0,WANTS,Jajan & Nongkrong,Minuman Ringan,Minuman
you c1000 minuman isotonik air jeruk 500 ml,9200.0,WANTS,Jajan & Nongkrong,Minuman Ringan,Minuman
starbucks doubleshot minuman kopi espresso latte kaleng 220 ml,15400.0,WANTS,Jajan & Nongkrong,Minuman Ringan,Minuman
chi forest sparkling water peach botol 480 ml,9500.0,WANTS,Jajan & Nongkrong,Minuman Ringan,Minuman
pocari sweat ion water minuman isotonik rendah kalori botol 350 ml,7500.0,WANTS,Jajan & Nongkrong,Minuman Ringan,Minuman
red bull kratingdaeng minuman energi gold kaleng 250 ml,9100.0,WANTS,Jajan & Nongkrong,Minuman Ringan,Minuman
regen minuman sehat bebas gula semangka 300 ml,7600.0,WANTS,Jajan & Nongkrong,Minuman Ringan,Minuman
pocari sweat minuman isotonik kaleng 330 ml,7000.0,WANTS,Jajan & Nongkrong,Minuman Ringan,Minuman
chi forest sparkling water grape delight botol 480 ml,9500.0,WANTS,Jajan & Nongkrong,Minuman Ringan,Minuman
you c1000 minuman vitamin c mango 140 ml,7900.0,WANTS,Jajan & Nongkrong,Minuman Ringan,Minuman
extra joss ultimate minuman energi kaleng 250 ml,7000.0,WANTS,Jajan & Nongkrong,Minuman Ringan,Minuman
regen minuman sehat bebas gula lemon jeruk nipis 300 ml,7600.0,WANTS,Jajan & Nongkrong,Minuman Ringan,Minuman
regen minuman sehat bebas gula apel 300 ml,7600.0,WANTS,Jajan & Nongkrong,Minuman Ringan,Minuman
coca-cola zero sugar minuman soda rasa kola bebas gula botol 1 l,10600.0,WANTS,Jajan & Nongkrong,Minuman Ringan,Minuman
le minerale air mineral botol 24 x 330 ml - karton,50900.0,WANTS,Jajan & Nongkrong,Minuman Ringan,Minuman
wong coco nata de coco rasa cocopandan 800 g,16500.0,WANTS,Jajan & Nongkrong,Minuman Ringan,Minuman
prima air mineral 24 x 600 ml - karton,41900.0,WANTS,Jajan & Nongkrong,Minuman Ringan,Minuman
dayday minuman sarang burung 300 ml,6300.0,WANTS,Jajan & Nongkrong,Minuman Ringan,Minuman
yeo's minuman penyegar rasa kundur kaleng 300 ml,7500.0,WANTS,Jajan & Nongkrong,Minuman Ringan,Minuman
kara sari kelapa coco pandan pouch 360 g,8500.0,WANTS,Jajan & Nongkrong,Minuman Ringan,Minuman
prima air mineral 24 x 330 ml - karton,34900.0,WANTS,Jajan & Nongkrong,Minuman Ringan,Minuman
cocodee minuman air kelapa 200 ml,8000.0,WANTS,Jajan & Nongkrong,Minuman Ringan,Minuman
aqua air mineral cube 220 ml - karton,33600.0,WANTS,Jajan & Nongkrong,Minuman Ringan,Minuman
teh pucuk harum rendah gula 350 ml,4200.0,WANTS,Jajan & Nongkrong,Minuman Ringan,Minuman
teh pucuk harum melati 350 ml,4000.0,WANTS,Jajan & Nongkrong,Minuman Ringan,Minuman
pristine 8.6+ air mineral botol 400 ml,4400.0,WANTS,Jajan & Nongkrong,Minuman Ringan,Minuman
sprite zero minuman soda rasa lemon jeruk nipis bebas gula botol 1 l,10600.0,WANTS,Jajan & Nongkrong,Minuman Ringan,Minuman
ichi ocha minuman teh hijau 350 ml,3500.0,WANTS,Jajan & Nongkrong,Minuman Ringan,Minuman
tehbotol sosro minuman teh original 1 l,11200.0,WANTS,Jajan & Nongkrong,Minuman Ringan,Minuman
le minerale air mineral galon 5 l,16200.0,WANTS,Jajan & Nongkrong,Minuman Ringan,Minuman
aqua air mineral botol 330 ml,3500.0,WANTS,Jajan & Nongkrong,Minuman Ringan,Minuman
tehbotol sosro minuman teh original 250 ml,3800.0,WANTS,Jajan & Nongkrong,Minuman Ringan,Minuman
ultra teh kotak melati 300 ml,4600.0,WANTS,Jajan & Nongkrong,Minuman Ringan,Minuman
vit air mineral galon (isi ulang) 19 l,17100.0,WANTS,Jajan & Nongkrong,Minuman Ringan,Minuman
sinde larutan penyegar cap badak 500 ml,8400.0,WANTS,Jajan & Nongkrong,Minuman Ringan,Minuman
alfamart air mineral disney pet botol 600 ml,3800.0,WANTS,Jajan & Nongkrong,Minuman Ringan,Minuman
pristine 8.6+ air mineral botol 1500 ml,11500.0,WANTS,Jajan & Nongkrong,Minuman Ringan,Minuman
kiranti minuman sehat datang bulan 150 ml,7600.0,WANTS,Jajan & Nongkrong,Minuman Ringan,Minuman
alfamart air mineral karton 24 x 220 ml,21900.0,WANTS,Jajan & Nongkrong,Minuman Ringan,Minuman
cap kaki tiga larutan penyegar leci kaleng 320 ml,8000.0,WANTS,Jajan & Nongkrong,Minuman Ringan,Minuman
floridina minuman jeruk 350 ml,3700.0,WANTS,Jajan & Nongkrong,Minuman Ringan,Minuman
cap kaki tiga larutan penyegar 500 ml,9600.0,WANTS,Jajan & Nongkrong,Minuman Ringan,Minuman
isoplus minuman isotonik coco 350 ml,2900.0,WANTS,Jajan & Nongkrong,Minuman Ringan,Minuman
amo minuman berkarbonasi susu soda dreamy strawberry pet 200 ml,4500.0,WANTS,Jajan & Nongkrong,Minuman Ringan,Minuman
nutrisari jambu biji minuman jambu vitamin c 200 ml,8500.0,WANTS,Jajan & Nongkrong,Minuman Ringan,Minuman
you c1000 minuman isotonik lemon water 500 ml,9200.0,WANTS,Jajan & Nongkrong,Minuman Ringan,Minuman
adem sari ching ku sparkling herbal lemon 320 ml,10100.0,WANTS,Jajan & Nongkrong,Minuman Ringan,Minuman
cap kaki tiga cooltopia larutan penyegar lemon lime kaleng 320 ml,8000.0,WANTS,Jajan & Nongkrong,Minuman Ringan,Minuman
cap kaki tiga larutan penyegar jambu kaleng 320 ml,8000.0,WANTS,Jajan & Nongkrong,Minuman Ringan,Minuman
abc minuman kopi susu 200 ml,4300.0,WANTS,Jajan & Nongkrong,Minuman Ringan,Minuman
tehbotol sosro minuman teh original 350 ml,4500.0,WANTS,Jajan & Nongkrong,Minuman Ringan,Minuman
le minerale air mineral botol 330 ml,3700.0,WANTS,Jajan & Nongkrong,Minuman Ringan,Minuman
cap kaki tiga anak larutan penyegar leci kaleng 238 ml,7400.0,WANTS,Jajan & Nongkrong,Minuman Ringan,Minuman
sprite original minuman soda rasa lemon jeruk nipis botol 390 ml,6800.0,WANTS,Jajan & Nongkrong,Minuman Ringan,Minuman
nu minuman teh yogurt pet 450 ml,7200.0,WANTS,Jajan & Nongkrong,Minuman Ringan,Minuman
cap kaki tiga cooltopia larutan penyegar melon orange 320 ml,7700.0,WANTS,Jajan & Nongkrong,Minuman Ringan,Minuman
coca-cola original minuman soda rasa kola botol 390 ml,6500.0,WANTS,Jajan & Nongkrong,Minuman Ringan,Minuman
pino ice cup bag 6 x 50 g,7900.0,WANTS,Jajan & Nongkrong,Minuman Ringan,Minuman
vit air mineral botol 550 ml,3200.0,WANTS,Jajan & Nongkrong,Minuman Ringan,Minuman
s-tee minuman teh melati 390 ml,3700.0,WANTS,Jajan & Nongkrong,Minuman Ringan,Minuman
hydro coco minuman air kelapa original 500 ml,16300.0,WANTS,Jajan & Nongkrong,Minuman Ringan,Minuman
alfamart air mineral 48 x 220 ml - karton,21900.0,WANTS,Jajan & Nongkrong,Minuman Ringan,Minuman
buavita minuman sari buah jambu 245 ml,9700.0,WANTS,Jajan & Nongkrong,Minuman Ringan,Minuman
good day minuman kopi originale cappuccino 250 ml,8000.0,WANTS,Jajan & Nongkrong,Minuman Ringan,Minuman
abc minuman sari kacang hijau 250 ml,5800.0,WANTS,Jajan & Nongkrong,Minuman Ringan,Minuman
nu minuman teh tarik pet 330 ml,8200.0,WANTS,Jajan & Nongkrong,Minuman Ringan,Minuman
cap kaki tiga larutan penyegar jeruk kaleng 320 ml,7900.0,WANTS,Jajan & Nongkrong,Minuman Ringan,Minuman
cap panda minuman cincau kaleng 310 ml,5900.0,WANTS,Jajan & Nongkrong,Minuman Ringan,Minuman
nu green tea madu 450 ml,7200.0,WANTS,Jajan & Nongkrong,Minuman Ringan,Minuman
teh pucuk harum melati 250 ml,3800.0,WANTS,Jajan & Nongkrong,Minuman Ringan,Minuman
kara nata de coco 1 kg,21100.0,WANTS,Jajan & Nongkrong,Minuman Ringan,Minuman
wong coco nata de coco sari kelapa rasa cocopandan pouch 360 g,8400.0,WANTS,Jajan & Nongkrong,Minuman Ringan,Minuman
inaco nata de coco dalam sirup rasa vanila 1 kg,17500.0,WANTS,Jajan & Nongkrong,Minuman Ringan,Minuman
cleo air mineral botol 24 x 220 ml,21500.0,WANTS,Jajan & Nongkrong,Minuman Ringan,Minuman
aquviva air mineral botol pack 12 x 250 ml,12000.0,WANTS,Jajan & Nongkrong,Minuman Ringan,Minuman
hydro coco minuman air kelapa original 1 l,25700.0,WANTS,Jajan & Nongkrong,Minuman Ringan,Minuman
teh pucuk harum melati 250 ml,3800.0,WANTS,Jajan & Nongkrong,Minuman Ringan,Minuman
vit air mineral cup 48 x 200 ml - karton,36300.0,WANTS,Jajan & Nongkrong,Minuman Ringan,Minuman
minute maid pulpy minuman jus buah rasa jeruk botol 1 l,16000.0,WANTS,Jajan & Nongkrong,Minuman Ringan,Minuman
sunpride jus buah nanas apel kaleng 220 ml,8900.0,WANTS,Jajan & Nongkrong,Minuman Ringan,Minuman
nescafe caramel macchiato kopi kaleng 220 ml,7800.0,WANTS,Jajan & Nongkrong,Minuman Ringan,Minuman
amo minuman berkarbonasi susu soda fizzy easy original pet 200 ml,4500.0,WANTS,Jajan & Nongkrong,Minuman Ringan,Minuman
sinde larutan penyegar cap badak lemon 320 ml,8700.0,WANTS,Jajan & Nongkrong,Minuman Ringan,Minuman
kiranti sehat datang bulan jus jeruk 150 ml,8500.0,WANTS,Jajan & Nongkrong,Minuman Ringan,Minuman
prima air mineral botol 600 ml,3300.0,WANTS,Jajan & Nongkrong,Minuman Ringan,Minuman
big cola minuman karbonasi 1 l,9800.0,WANTS,Jajan & Nongkrong,Minuman Ringan,Minuman
adem sari ching ku lemon botol 350 ml,10100.0,WANTS,Jajan & Nongkrong,Minuman Ringan,Minuman
pocari sweat minuman isotonik botol 900 ml,14000.0,WANTS,Jajan & Nongkrong,Minuman Ringan,Minuman
big stroberi minuman karbonasi 1 l,9500.0,WANTS,Jajan & Nongkrong,Minuman Ringan,Minuman
nescafe latte kopi kaleng 220 ml,8000.0,WANTS,Jajan & Nongkrong,Minuman Ringan,Minuman
aqua air mineral galon (kosong) 19 l,33000.0,WANTS,Jajan & Nongkrong,Minuman Ringan,Minuman
yakult minuman susu fermentasi rasa mangga 5 x 65 ml,12200.0,WANTS,Jajan & Nongkrong,Minuman Ringan,Minuman
ultra sari kacang ijo 250 ml,6000.0,WANTS,Jajan & Nongkrong,Minuman Ringan,Minuman
frestea minuman teh rasa blackcurrant botol 500 ml,7000.0,WANTS,Jajan & Nongkrong,Minuman Ringan,Minuman
nescafe cappuccino kopi kaleng 220 ml,7800.0,WANTS,Jajan & Nongkrong,Minuman Ringan,Minuman
teh lemon madu minuman teh 350 ml,3500.0,WANTS,Jajan & Nongkrong,Minuman Ringan,Minuman
buavita jus buah asli mangga 245 ml,9800.0,WANTS,Jajan & Nongkrong,Minuman Ringan,Minuman
cap panda minuman cincau + selasih kaleng 310 ml,5900.0,WANTS,Jajan & Nongkrong,Minuman Ringan,Minuman
fruit tea minuman teh blackcurrant 250 ml,3800.0,WANTS,Jajan & Nongkrong,Minuman Ringan,Minuman
pocari sweat minuman isotonik botol 350 ml,7500.0,WANTS,Jajan & Nongkrong,Minuman Ringan,Minuman
nu minuman teh yogurt berry crush pet 450 ml,6900.0,WANTS,Jajan & Nongkrong,Minuman Ringan,Minuman
big lemon lime minuman karbonasi 1 l,9700.0,WANTS,Jajan & Nongkrong,Minuman Ringan,Minuman
cap panda minuman cincau hijau kaleng 310 ml,5900.0,WANTS,Jajan & Nongkrong,Minuman Ringan,Minuman
tebs sparkling teh minuman soda mix fruit 500 ml,8600.0,WANTS,Jajan & Nongkrong,Minuman Ringan,Minuman
alfamart air mineral disney flip top 450 ml,3900.0,WANTS,Jajan & Nongkrong,Minuman Ringan,Minuman
adem sari ching ku madu lemon 350 ml,10100.0,WANTS,Jajan & Nongkrong,Minuman Ringan,Minuman
frestea minuman teh rasa apel botol 500 ml,7300.0,WANTS,Jajan & Nongkrong,Minuman Ringan,Minuman
cap kaki tiga cooltopia larutan penyegar yuzu pomelo kaleng 320 ml,7700.0,WANTS,Jajan & Nongkrong,Minuman Ringan,Minuman
nescafe kitkat minuman kopi latte 220 ml,10900.0,WANTS,Jajan & Nongkrong,Minuman Ringan,Minuman
nu minuman es teh leci pet 450 ml,7200.0,WANTS,Jajan & Nongkrong,Minuman Ringan,Minuman
fibe mini botol 100 ml,7800.0,WANTS,Jajan & Nongkrong,Minuman Ringan,Minuman
fruit tea minuman teh blackcurrant 350 ml,4500.0,WANTS,Jajan & Nongkrong,Minuman Ringan,Minuman
cap kaki tiga anak larutan penyegar stroberi kaleng 238 ml,7400.0,WANTS,Jajan & Nongkrong,Minuman Ringan,Minuman
alfamart air mineral botol 600 ml,2000.0,WANTS,Jajan & Nongkrong,Minuman Ringan,Minuman
frestea minuman teh green tea madu 500 ml,7300.0,WANTS,Jajan & Nongkrong,Minuman Ringan,Minuman
mogu mogu minuman nata de coco rasa leci 320 ml,9400.0,WANTS,Jajan & Nongkrong,Minuman Ringan,Minuman
kopi kenangan hanya untukmu caffe latte 200 ml,7700.0,WANTS,Jajan & Nongkrong,Minuman Ringan,Minuman
caffino delizio oat cappuccino minuman kopi botol 200 ml,6400.0,WANTS,Jajan & Nongkrong,Minuman Ringan,Minuman
fit me up relax minuman karbonasi peach dengan chamomile 160 ml,7900.0,WANTS,Jajan & Nongkrong,Minuman Ringan,Minuman
coca-cola original minuman soda rasa kola kaleng 250 ml,6700.0,WANTS,Jajan & Nongkrong,Minuman Ringan,Minuman
yakult light minuman susu fermentasi 5 x 65 ml,14500.0,WANTS,Jajan & Nongkrong,Minuman Ringan,Minuman
pristine 8.6+ air mineral botol 600 ml,4900.0,WANTS,Jajan & Nongkrong,Minuman Ringan,Minuman
ron 88 air mineral botol 24 x 200 ml,1500.0,WANTS,Jajan & Nongkrong,Minuman Ringan,Minuman
inaco nata de coco crispy potongan besar 1 kg,19300.0,WANTS,Jajan & Nongkrong,Minuman Ringan,Minuman
inaco nata de coco dalam sirup rasa cocopandan pouch 360 g,5900.0,WANTS,Jajan & Nongkrong,Minuman Ringan,Minuman
ron 88 air mineral botol 24 x 380 ml - karton,2300.0,WANTS,Jajan & Nongkrong,Minuman Ringan,Minuman
crystalin air mineral botol pack 12 x 1500 ml,52000.0,WANTS,Jajan & Nongkrong,Minuman Ringan,Minuman
crystalin air mineral botol pack 24 x 600 ml,42000.0,WANTS,Jajan & Nongkrong,Minuman Ringan,Minuman
frestea minuman teh rasa apel botol 1.5 l,17300.0,WANTS,Jajan & Nongkrong,Minuman Ringan,Minuman
fanta minuman soda rasa stroberi botol 390 ml,6300.0,WANTS,Jajan & Nongkrong,Minuman Ringan,Minuman
ichitan thai minuman teh hijau susu pet 300 ml,9500.0,WANTS,Jajan & Nongkrong,Minuman Ringan,Minuman
naraya minuman kedelai botol 320 ml,8300.0,WANTS,Jajan & Nongkrong,Minuman Ringan,Minuman
aqua air mineral cup 48 x 200 ml - karton,46500.0,WANTS,Jajan & Nongkrong,Minuman Ringan,Minuman
kratingdaeng super minuman energi botol 150 ml,7500.0,WANTS,Jajan & Nongkrong,Minuman Ringan,Minuman
kopi kenangan minuman kopi japanese matcha espresso 220 ml,7700.0,WANTS,Jajan & Nongkrong,Minuman Ringan,Minuman
nestle pure life air mineral botol 600 ml,3700.0,WANTS,Jajan & Nongkrong,Minuman Ringan,Minuman
sprite zero minuman soda rasa lemon jeruk nipis bebas gula botol 390 ml,6300.0,WANTS,Jajan & Nongkrong,Minuman Ringan,Minuman
tehbotol sosro minuman teh rendah gula 350 ml,4500.0,WANTS,Jajan & Nongkrong,Minuman Ringan,Minuman
hydro coco vita-d minuman air kelapa 330 ml,12900.0,WANTS,Jajan & Nongkrong,Minuman Ringan,Minuman
mogu mogu minuman nata de coco rasa kelapa 320 ml,9400.0,WANTS,Jajan & Nongkrong,Minuman Ringan,Minuman
mizone minuman isotonik cocoboost 500 ml,7200.0,WANTS,Jajan & Nongkrong,Minuman Ringan,Minuman
nu minuman matcha lattea 330 ml,8200.0,WANTS,Jajan & Nongkrong,Minuman Ringan,Minuman
nu minuman teh choco hazeltea pet 330 ml,8200.0,WANTS,Jajan & Nongkrong,Minuman Ringan,Minuman
nu minuman teh susu 330 ml,8200.0,WANTS,Jajan & Nongkrong,Minuman Ringan,Minuman
mizone mood up minuman isotonik cranberry 500 ml,7200.0,WANTS,Jajan & Nongkrong,Minuman Ringan,Minuman
good day minuman kopi avocado delight 250 ml,7700.0,WANTS,Jajan & Nongkrong,Minuman Ringan,Minuman
hemaviton c1000 jeruk rendah gula kaleng 330 ml,5600.0,WANTS,Jajan & Nongkrong,Minuman Ringan,Minuman
ultra teh kotak blackcurrant 200 ml,4700.0,WANTS,Jajan & Nongkrong,Minuman Ringan,Minuman
fruit tea minuman teh blackcurrant 500 ml,7600.0,WANTS,Jajan & Nongkrong,Minuman Ringan,Minuman
a&w minuman soda rasa sarsaparila kaleng 250 ml,7000.0,WANTS,Jajan & Nongkrong,Minuman Ringan,Minuman
coca-cola zero sugar minuman soda rasa kola bebas gula kaleng 250 ml,7000.0,WANTS,Jajan & Nongkrong,Minuman Ringan,Minuman
nescafe kopi rasa gula aren kaleng 220 ml,7800.0,WANTS,Jajan & Nongkrong,Minuman Ringan,Minuman
coca-cola original minuman soda rasa kola botol 250 ml,4100.0,WANTS,Jajan & Nongkrong,Minuman Ringan,Minuman
buavita jus buah asli leci 245 ml,9800.0,WANTS,Jajan & Nongkrong,Minuman Ringan,Minuman
cap kaki tiga larutan penyegar 350 ml,8000.0,WANTS,Jajan & Nongkrong,Minuman Ringan,Minuman
nescafe minuman es kopi hitam 220 ml,8000.0,WANTS,Jajan & Nongkrong,Minuman Ringan,Minuman
sunpride jus buah nanas kaleng 220 ml,8900.0,WANTS,Jajan & Nongkrong,Minuman Ringan,Minuman
buavita minuman sari buah korean muscat grape 245 ml,10500.0,WANTS,Jajan & Nongkrong,Minuman Ringan,Minuman
buavita minuman sari buah korean strawberry 245 ml,10500.0,WANTS,Jajan & Nongkrong,Minuman Ringan,Minuman
polaris cafenergy minuman soda kopi cream kaleng 330 ml,5000.0,WANTS,Jajan & Nongkrong,Minuman Ringan,Minuman
aqua air mineral galon (isi ulang) 19 l,24100.0,WANTS,Jajan & Nongkrong,Minuman Ringan,Minuman
nescafe minuman kopi krim 180 ml,5700.0,WANTS,Jajan & Nongkrong,Minuman Ringan,Minuman
golda minuman kopi dolce latte pet 200 ml,4400.0,WANTS,Jajan & Nongkrong,Minuman Ringan,Minuman
coca-cola zero sugar minuman soda kola vanila bebas gula 390 ml,6300.0,WANTS,Jajan & Nongkrong,Minuman Ringan,Minuman
pocari sweat ion water minuman isotonik rendah kalori botol 500 ml,8700.0,WANTS,Jajan & Nongkrong,Minuman Ringan,Minuman
kopi kenangan hanya untukmu minuman kopi cheese latte 220 ml,7700.0,WANTS,Jajan & Nongkrong,Minuman Ringan,Minuman
good day minuman kopi funtastic mocacinno 250 ml,7700.0,WANTS,Jajan & Nongkrong,Minuman Ringan,Minuman
tehbotol sosro minuman teh tawar 350 ml,4300.0,WANTS,Jajan & Nongkrong,Minuman Ringan,Minuman
buavita jus jeruk 245 ml,9800.0,WANTS,Jajan & Nongkrong,Minuman Ringan,Minuman
sprite original minuman soda rasa lemon jeruk nipis botol 250 ml,4100.0,WANTS,Jajan & Nongkrong,Minuman Ringan,Minuman
coca-cola zero sugar minuman soda rasa kola bebas gula botol 390 ml,6300.0,WANTS,Jajan & Nongkrong,Minuman Ringan,Minuman
fanta minuman soda rasa anggur botol 390 ml,6300.0,WANTS,Jajan & Nongkrong,Minuman Ringan,Minuman
fruit tea minuman teh apel 350 ml,4500.0,WANTS,Jajan & Nongkrong,Minuman Ringan,Minuman
amidis air minum yang dimasak botol pack 24 x 220 ml,22000.0,WANTS,Jajan & Nongkrong,Minuman Ringan,Minuman
pristine 8.6+ air mineral 24 x 400 ml - karton,60000.0,WANTS,Jajan & Nongkrong,Minuman Ringan,Minuman
big minuman karbonasi rasa nipis madu pet 1 l,9500.0,WANTS,Jajan & Nongkrong,Minuman Ringan,Minuman
wong coco dugan nata de coco rasa cocopandan 1 kg,21000.0,WANTS,Jajan & Nongkrong,Minuman Ringan,Minuman
regen minuman sehat bebas gula peach 300 ml,7000.0,WANTS,Jajan & Nongkrong,Minuman Ringan,Minuman
crystalin air mineral botol pack 24 x 330 ml,41000.0,WANTS,Jajan & Nongkrong,Minuman Ringan,Minuman
inaco nata de coco dalam sirup rasa vanila pouch 360 g,5900.0,WANTS,Jajan & Nongkrong,Minuman Ringan,Minuman
ultra teh kotak leci 300 ml,4400.0,WANTS,Jajan & Nongkrong,Minuman Ringan,Minuman
tehbotol sosro minuman teh original 24 x 200 ml - karton,55000.0,WANTS,Jajan & Nongkrong,Minuman Ringan,Minuman
alfamart air mineral disney pet botol 330 ml,3000.0,WANTS,Jajan & Nongkrong,Minuman Ringan,Minuman
regen minuman sehat bebas gula leci 300 ml,7000.0,WANTS,Jajan & Nongkrong,Minuman Ringan,Minuman
buavita jus buah asli apel 250 ml,9800.0,WANTS,Jajan & Nongkrong,Minuman Ringan,Minuman
mogu mogu minuman nata de coco rasa stroberi 320 ml,9400.0,WANTS,Jajan & Nongkrong,Minuman Ringan,Minuman
aqua air mineral sport cap botol 750 ml,7800.0,WANTS,Jajan & Nongkrong,Minuman Ringan,Minuman
caffino delizio milky espresso minuman kopi botol 200 ml,6400.0,WANTS,Jajan & Nongkrong,Minuman Ringan,Minuman
nestle pure life air mineral botol 1.5 l,6700.0,WANTS,Jajan & Nongkrong,Minuman Ringan,Minuman
fruit tea minuman teh rasa apel 250 ml,3800.0,WANTS,Jajan & Nongkrong,Minuman Ringan,Minuman
sidomuncul minuman kunyit asam pet 150 ml,7200.0,WANTS,Jajan & Nongkrong,Minuman Ringan,Minuman
isoplus minuman isotonik botol 350 ml,2900.0,WANTS,Jajan & Nongkrong,Minuman Ringan,Minuman
fruit tea minuman teh apel 500 ml,7600.0,WANTS,Jajan & Nongkrong,Minuman Ringan,Minuman
alang sari cool minuman jeruk nipis 300 ml,5900.0,WANTS,Jajan & Nongkrong,Minuman Ringan,Minuman
pororo minuman rasa bluberi botol 235 ml,15000.0,WANTS,Jajan & Nongkrong,Minuman Ringan,Minuman
aqua life air mineral botol 1.1 l,11000.0,WANTS,Jajan & Nongkrong,Minuman Ringan,Minuman
mogu mogu minuman nata de coco rasa blackcurrant 320 ml,9400.0,WANTS,Jajan & Nongkrong,Minuman Ringan,Minuman
yakult minuman susu fermentasi 5 x 65 ml,11600.0,WANTS,Jajan & Nongkrong,Minuman Ringan,Minuman
nu green tea original pet 330 ml,4800.0,WANTS,Jajan & Nongkrong,Minuman Ringan,Minuman
tehbotol sosro minuman teh original 300 ml,3800.0,WANTS,Jajan & Nongkrong,Minuman Ringan,Minuman
ultra sari kacang ijo 150 ml,4200.0,WANTS,Jajan & Nongkrong,Minuman Ringan,Minuman
chi forest sparkling water bamboo grapefruit botol 480 ml,9500.0,WANTS,Jajan & Nongkrong,Minuman Ringan,Minuman
nu minuman matcha lattea 225 ml,6200.0,WANTS,Jajan & Nongkrong,Minuman Ringan,Minuman
chi forest sparkling water leci botol 480 ml,9500.0,WANTS,Jajan & Nongkrong,Minuman Ringan,Minuman
buavita minuman sari buah jambu 1000 ml,33200.0,WANTS,Jajan & Nongkrong,Minuman Ringan,Minuman
nescafe minuman kopi oat latte kaleng 220 ml,7500.0,WANTS,Jajan & Nongkrong,Minuman Ringan,Minuman
l-men 2 go kopi cappuccino protein rendah lemak 190 ml,15900.0,WANTS,Jajan & Nongkrong,Minuman Ringan,Minuman
minute maid pulpy minuman jus buah rasa jeruk botol 300 ml,6900.0,WANTS,Jajan & Nongkrong,Minuman Ringan,Minuman
ichitan thai coco pet 300 ml,7500.0,WANTS,Jajan & Nongkrong,Minuman Ringan,Minuman
del monte boba red velvet kaleng 240 ml,7900.0,WANTS,Jajan & Nongkrong,Minuman Ringan,Minuman
nu green tea madu pet 330 ml,5000.0,WANTS,Jajan & Nongkrong,Minuman Ringan,Minuman
groovy root brew minuman karbonasi sarsaparila kaleng 330 ml,8100.0,WANTS,Jajan & Nongkrong,Minuman Ringan,Minuman
chi forest minuman teh yuzu botol 450 ml,8500.0,WANTS,Jajan & Nongkrong,Minuman Ringan,Minuman
ultra teh kotak lemon 200 ml,4400.0,WANTS,Jajan & Nongkrong,Minuman Ringan,Minuman
pororo minuman rasa stroberi botol 235 ml,15000.0,WANTS,Jajan & Nongkrong,Minuman Ringan,Minuman
hemaviton c1000 lemon kaleng 330 ml,5600.0,WANTS,Jajan & Nongkrong,Minuman Ringan,Minuman
you c1000 minuman vitamin c apple 140 ml,7900.0,WANTS,Jajan & Nongkrong,Minuman Ringan,Minuman
green sands minuman karbonasi lime & apple kaleng 250 ml,6700.0,WANTS,Jajan & Nongkrong,Minuman Ringan,Minuman
hydro coco minuman air kelapa original 250 ml,9000.0,WANTS,Jajan & Nongkrong,Minuman Ringan,Minuman
bintang zero minuman berkarbonasi 330 ml,9500.0,WANTS,Jajan & Nongkrong,Minuman Ringan,Minuman
green sands minuman karbonasi lemon & grape kaleng 250 ml,6700.0,WANTS,Jajan & Nongkrong,Minuman Ringan,Minuman
you c1000 minuman vitamin c lemon 140 ml,7900.0,WANTS,Jajan & Nongkrong,Minuman Ringan,Minuman
kopi kenangan hanya untukmu indonesiano kopi hitam original pet 200 ml,7700.0,WANTS,Jajan & Nongkrong,Minuman Ringan,Minuman
tebs sparkling teh minuman soda mix fruit 330 ml,6200.0,WANTS,Jajan & Nongkrong,Minuman Ringan,Minuman
nescafe minuman es kopi cafe latte kaleng 220 ml,11500.0,WANTS,Jajan & Nongkrong,Minuman Ringan,Minuman
frestea minuman teh rasa blackcurrant 1.5 l,17000.0,WANTS,Jajan & Nongkrong,Minuman Ringan,Minuman
ichitan thai milk tea pet 300 ml,9500.0,WANTS,Jajan & Nongkrong,Minuman Ringan,Minuman
luwak white koffie original pet 220 ml,6000.0,WANTS,Jajan & Nongkrong,Minuman Ringan,Minuman
wong coco nata de coco minuman sari kelapa rasa leci 220 g,5500.0,WANTS,Jajan & Nongkrong,Minuman Ringan,Minuman
yeo's minuman bunga krisantemum 250 ml,5500.0,WANTS,Jajan & Nongkrong,Minuman Ringan,Minuman
buavita jus buah asli mangga 1 l,15000.0,WANTS,Jajan & Nongkrong,Minuman Ringan,Minuman
s-tee minuman teh melati kotak 24 x 200 ml - karton,48500.0,WANTS,Jajan & Nongkrong,Minuman Ringan,Minuman
wong coco aloe vera minuman lidah buaya rasa lemon bucket 1 kg,20000.0,WANTS,Jajan & Nongkrong,Minuman Ringan,Minuman
yeo's minuman sari kedelai kaleng 300 ml,7500.0,WANTS,Jajan & Nongkrong,Minuman Ringan,Minuman
amidis air minum yang dimasak galon 5 l,15000.0,WANTS,Jajan & Nongkrong,Minuman Ringan,Minuman
yeo's minuman jeli sarang burung kaleng 300 ml,7500.0,WANTS,Jajan & Nongkrong,Minuman Ringan,Minuman
sunpride jus buah nanas mangga kaleng 220 ml,8500.0,WANTS,Jajan & Nongkrong,Minuman Ringan,Minuman
wong lo kat liang teh kaleng 310 ml,6300.0,WANTS,Jajan & Nongkrong,Minuman Ringan,Minuman
sunpride jus buah nanas jambu kaleng 220 ml,8900.0,WANTS,Jajan & Nongkrong,Minuman Ringan,Minuman
hydro coco minuman kopi coco latte kaleng 220 ml,10900.0,WANTS,Jajan & Nongkrong,Minuman Ringan,Minuman
fanta minuman soda rasa jeruk botol 1 l,10600.0,WANTS,Jajan & Nongkrong,Minuman Ringan,Minuman
kapal api signature original kopi hitam pet 200 ml,5000.0,WANTS,Jajan & Nongkrong,Minuman Ringan,Minuman
fanta minuman soda rasa stroberi botol 1l,10800.0,WANTS,Jajan & Nongkrong,Minuman Ringan,Minuman
nescafe minuman es kopi original kaleng 220 ml,11500.0,WANTS,Jajan & Nongkrong,Minuman Ringan,Minuman
alfa air mineral clairine 8+ pet botol 450 ml,5200.0,WANTS,Jajan & Nongkrong,Minuman Ringan,Minuman
neo hormoviton pasak bumi minuman stamina pria anggur 150 ml,6800.0,WANTS,Jajan & Nongkrong,Minuman Ringan,Minuman
oronamin c minuman vitamin botol 120 ml,7200.0,WANTS,Jajan & Nongkrong,Minuman Ringan,Minuman
javana minuman teh melati 350 ml,3500.0,WANTS,Jajan & Nongkrong,Minuman Ringan,Minuman
coca-cola original minuman soda rasa kola botol 1 l,10800.0,WANTS,Jajan & Nongkrong,Minuman Ringan,Minuman
lasegar twist minuman penyegar leci lemon 320 ml,8300.0,WANTS,Jajan & Nongkrong,Minuman Ringan,Minuman
kratingdaeng minuman energi botol 150 ml,6700.0,WANTS,Jajan & Nongkrong,Minuman Ringan,Minuman
crystalin air mineral pet botol 1.5 l,5500.0,WANTS,Jajan & Nongkrong,Minuman Ringan,Minuman
nescafe minuman es kopi moka kaleng 220 ml,11500.0,WANTS,Jajan & Nongkrong,Minuman Ringan,Minuman
vit air mineral botol 1.5 l,6500.0,WANTS,Jajan & Nongkrong,Minuman Ringan,Minuman
starbucks doubleshot minuman kopi caramel kaleng 220 ml,15200.0,WANTS,Jajan & Nongkrong,Minuman Ringan,Minuman
sprite original minuman soda rasa lemon jeruk nipis botol 1 l,10600.0,WANTS,Jajan & Nongkrong,Minuman Ringan,Minuman
javana minuman teh gula batu 350 ml,3500.0,WANTS,Jajan & Nongkrong,Minuman Ringan,Minuman
teh gelas original 350 ml,2800.0,WANTS,Jajan & Nongkrong,Minuman Ringan,Minuman
lasegar minuman penyegar jeruk nipis 320 ml,8300.0,WANTS,Jajan & Nongkrong,Minuman Ringan,Minuman
kiranti sehat datang bulan leci botol 150 ml,8700.0,WANTS,Jajan & Nongkrong,Minuman Ringan,Minuman
lasegar twist minuman penyegar jeruk lemon 320 ml,8300.0,WANTS,Jajan & Nongkrong,Minuman Ringan,Minuman
kapal api signature strong kopi hitam pet 200 ml,5000.0,WANTS,Jajan & Nongkrong,Minuman Ringan,Minuman
ultra teh kotak melati 1000 ml,9900.0,WANTS,Jajan & Nongkrong,Minuman Ringan,Minuman
ichitan thai milk kopi pet 300 ml,9500.0,WANTS,Jajan & Nongkrong,Minuman Ringan,Minuman
bean spot es leci hitam 16 oz,15000.0,WANTS,Jajan & Nongkrong,Minuman Ringan,Minuman
coca-cola original minuman soda kola kaleng - karton 24 x 250 ml,109000.0,WANTS,Jajan & Nongkrong,Minuman Ringan,Minuman
sprite original minuman soda lemon jeruk nipis kaleng - karton 24 x 250 ml,109000.0,WANTS,Jajan & Nongkrong,Minuman Ringan,Minuman
fanta minuman soda stroberi kaleng - karton 24 x 250 ml,109000.0,WANTS,Jajan & Nongkrong,Minuman Ringan,Minuman
coca-cola zero sugar minuman soda rasa kola karton 24 x 250 ml,109000.0,WANTS,Jajan & Nongkrong,Minuman Ringan,Minuman
x'tragin minuman serbuk es kunyit asam + madu 5 x 23 g,15000.0,WANTS,Jajan & Nongkrong,Minuman Ringan,Minuman
sunquick jus sari buah lemon 300 ml,28900.0,WANTS,Jajan & Nongkrong,Minuman Ringan,Minuman
sunquick jus sari buah jeruk 300 ml,28900.0,WANTS,Jajan & Nongkrong,Minuman Ringan,Minuman
buavita jus apel 1 l,23000.0,WANTS,Jajan & Nongkrong,Minuman Ringan,Minuman
sunquick jus sari buah jeruk mandarin 300 ml,28900.0,WANTS,Jajan & Nongkrong,Minuman Ringan,Minuman
abc jus jambu 250 ml,8000.0,WANTS,Jajan & Nongkrong,Minuman Ringan,Minuman
abc jus mangga 250 ml,8000.0,WANTS,Jajan & Nongkrong,Minuman Ringan,Minuman
schweppes minuman karbonasi air soda kaleng 250 ml,6500.0,WANTS,Jajan & Nongkrong,Minuman Ringan,Minuman
inaco minuman jeli rasa blackcurrant 135 g,3500.0,WANTS,Jajan & Nongkrong,Minuman Ringan,Minuman
inaco minuman jeli rasa mangga 135 g,3500.0,WANTS,Jajan & Nongkrong,Minuman Ringan,Minuman
inaco minuman jeli rasa stroberi 135 g,3500.0,WANTS,Jajan & Nongkrong,Minuman Ringan,Minuman
wakely cold brew coffee oat latte minuman kopi susu gandum 230 ml,25000.0,WANTS,Jajan & Nongkrong,Minuman Ringan,Minuman
foxbud coffee minuman kopi oat aren latte 240 ml,15900.0,WANTS,Jajan & Nongkrong,Minuman Ringan,Minuman
foxbud coffee minuman kopi oat caramel macchiato 240 ml,15900.0,WANTS,Jajan & Nongkrong,Minuman Ringan,Minuman
foxbud coffee minuman kopi oat cappuccino 240 ml,15900.0,WANTS,Jajan & Nongkrong,Minuman Ringan,Minuman
coca cola original minuman soda rasa kola fifa world cup 2026 330 ml,7300.0,WANTS,Jajan & Nongkrong,Minuman Ringan,Minuman
frestea minuman teh hijau rasa madu botol 350 ml,4900.0,WANTS,Jajan & Nongkrong,Minuman Ringan,Minuman
frestea minuman teh rasa markisa botol 350 ml,4800.0,WANTS,Jajan & Nongkrong,Minuman Ringan,Minuman
pororo minuman peach botol 235 ml,15000.0,WANTS,Jajan & Nongkrong,Minuman Ringan,Minuman
bonteh teh manis 330 ml,3600.0,WANTS,Jajan & Nongkrong,Minuman Ringan,Minuman
nutrisari squeezed orange minuman jeruk peras vitamin c 200 ml,8800.0,WANTS,Jajan & Nongkrong,Minuman Ringan,Minuman
nu minuman choco hazeltea 225 ml,6200.0,WANTS,Jajan & Nongkrong,Minuman Ringan,Minuman
ichitan green tea rasa blackcurrant pet 280 ml,5200.0,WANTS,Jajan & Nongkrong,Minuman Ringan,Minuman
ichitan green tea rasa apel pet 280 ml,5200.0,WANTS,Jajan & Nongkrong,Minuman Ringan,Minuman
ichitan green tea rasa honey lemon pet 280 ml,5200.0,WANTS,Jajan & Nongkrong,Minuman Ringan,Minuman
bean spot es thai tea machiato 16 oz,18000.0,WANTS,Jajan & Nongkrong,Minuman Ringan,Minuman
fruit tea minuman teh x-treme 500 ml,7600.0,WANTS,Jajan & Nongkrong,Minuman Ringan,Minuman
aqua air mineral botol 600 ml,4000.0,WANTS,Jajan & Nongkrong,Minuman Ringan,Minuman
aqua air mineral botol 1.5 l,7000.0,WANTS,Jajan & Nongkrong,Minuman Ringan,Minuman
del monte boba kopi karamel keju kaleng 240 ml,7900.0,WANTS,Jajan & Nongkrong,Minuman Ringan,Minuman
wakely hojicha latte minuman teh hijau susu 230 ml,25000.0,WANTS,Jajan & Nongkrong,Minuman Ringan,Minuman
polaris minuman soda bitter lemon 330 ml,8000.0,WANTS,Jajan & Nongkrong,Minuman Ringan,Minuman
polaris minuman soda ginger ale 330 ml,8000.0,WANTS,Jajan & Nongkrong,Minuman Ringan,Minuman
cleo air mineral galon 5 l,15500.0,WANTS,Jajan & Nongkrong,Minuman Ringan,Minuman
regen minuman sehat bebas gula peach 12 x 300 ml,82000.0,WANTS,Jajan & Nongkrong,Minuman Ringan,Minuman
regen minuman sehat bebas gula leci 12 x 300 ml,82000.0,WANTS,Jajan & Nongkrong,Minuman Ringan,Minuman
nescafe cappuccino kopi kaleng 4 x 220 ml,27000.0,WANTS,Jajan & Nongkrong,Minuman Ringan,Minuman
wong coco aloe vera minuman lidah buaya rasa anggur low sugar pouch 280 g,7500.0,WANTS,Jajan & Nongkrong,Minuman Ringan,Minuman
pokka minuman teh leci 450 ml,5500.0,WANTS,Jajan & Nongkrong,Minuman Ringan,Minuman
acaraki golden sparkling kunyit asam minuman soda kaleng 320 ml,12500.0,WANTS,Jajan & Nongkrong,Minuman Ringan,Minuman
frestea minuman teh rasa lemon 350 ml,4800.0,WANTS,Jajan & Nongkrong,Minuman Ringan,Minuman
nestle pure life air mineral galon 15 l,23500.0,WANTS,Jajan & Nongkrong,Minuman Ringan,Minuman
pokka minuman teh oolong 300 ml,8500.0,WANTS,Jajan & Nongkrong,Minuman Ringan,Minuman
cap panda teh herbal liang kaleng 310 ml,7000.0,WANTS,Jajan & Nongkrong,Minuman Ringan,Minuman
pokka minuman teh hijau melati 300 ml,8500.0,WANTS,Jajan & Nongkrong,Minuman Ringan,Minuman
pokka minuman teh hijau melati botol 450 ml,8900.0,WANTS,Jajan & Nongkrong,Minuman Ringan,Minuman
pokka minuman teh oolong botol 450 ml,9000.0,WANTS,Jajan & Nongkrong,Minuman Ringan,Minuman
ito en oi ocha minuman teh hijau tanpa gula hojicha botol 500 ml,9500.0,WANTS,Jajan & Nongkrong,Minuman Ringan,Minuman
ultra teh kotak teh melati rendah gula 24 x 300 ml - karton,92000.0,WANTS,Jajan & Nongkrong,Minuman Ringan,Minuman
tropicana slim collagen shot minuman tinggi serat peach blossom 190 ml,9500.0,WANTS,Jajan & Nongkrong,Minuman Ringan,Minuman
ultra teh kotak melati rendah gula 750 ml,9900.0,WANTS,Jajan & Nongkrong,Minuman Ringan,Minuman
kuas minuman kunyit asam original 250 ml,10900.0,WANTS,Jajan & Nongkrong,Minuman Ringan,Minuman
kuas minuman kunyit asam lemon 250 ml,10900.0,WANTS,Jajan & Nongkrong,Minuman Ringan,Minuman
wrp active fibby minuman serat 7 x 15 g,85900.0,WANTS,Jajan & Nongkrong,Minuman Ringan,Minuman
fit me up active minuman karbonasi rasa jeruk dengan bunga krisan 160 ml,8500.0,WANTS,Jajan & Nongkrong,Minuman Ringan,Minuman
fit me up focus minuman karbonasi rasa kiwi dengan daun kelor 160 ml,8500.0,WANTS,Jajan & Nongkrong,Minuman Ringan,Minuman
fit me up uplift minuman karbonasi rasa bluberi dan bunga telang 160 ml,8500.0,WANTS,Jajan & Nongkrong,Minuman Ringan,Minuman
pokka minuman teh hijau tanpa gula houjicha botol 500 ml,12000.0,WANTS,Jajan & Nongkrong,Minuman Ringan,Minuman
pokka minuman teh hijau tanpa gula sencha botol 500 ml,12000.0,WANTS,Jajan & Nongkrong,Minuman Ringan,Minuman
pokka minuman teh hijau madu botol 450 ml,5500.0,WANTS,Jajan & Nongkrong,Minuman Ringan,Minuman
wakely oat choco drink minuman susu gandum rasa cokelat dan garam himalaya 230 ml,20200.0,WANTS,Jajan & Nongkrong,Minuman Ringan,Minuman
nutrisari jeruk madu minuman jeruk peras vitamin c 200 ml,8000.0,WANTS,Jajan & Nongkrong,Minuman Ringan,Minuman
joy tea minuman teh oolong tawar pet 350 ml,7500.0,WANTS,Jajan & Nongkrong,Minuman Ringan,Minuman
fruit tea minuman teh blackcurrant 24 x 250 ml - karton,73900.0,WANTS,Jajan & Nongkrong,Minuman Ringan,Minuman
teh pucuk harum rendah gula 24 x 350 ml - karton,89000.0,WANTS,Jajan & Nongkrong,Minuman Ringan,Minuman
yeo's minuman rasa lemon tea 250 ml,5500.0,WANTS,Jajan & Nongkrong,Minuman Ringan,Minuman
tropicana slim gula jawa bebas gula cair 350 ml,75900.0,WANTS,Jajan & Nongkrong,Minuman Ringan,Minuman
chi forest minuman teh peach botol 450 ml,8500.0,WANTS,Jajan & Nongkrong,Minuman Ringan,Minuman
inaco nata de coco dengan selasih rasa stroberi 1 kg,16500.0,WANTS,Jajan & Nongkrong,Minuman Ringan,Minuman
del monte boba kopi karamel keju kaleng 240 ml,7900.0,WANTS,Jajan & Nongkrong,Minuman Ringan,Minuman
you c1000 minuman vitamin c jeruk 140 ml,7900.0,WANTS,Jajan & Nongkrong,Minuman Ringan,Minuman
kopiko 78c minuman kopi latte pet 240 ml,9000.0,WANTS,Jajan & Nongkrong,Minuman Ringan,Minuman
if minuman air kelapa murni pet 350 ml,15000.0,WANTS,Jajan & Nongkrong,Minuman Ringan,Minuman
"vit air mineral galon (kosong) 19 l - jawa, bali, sumatera, banjarmasin, makassar",33000.0,WANTS,Jajan & Nongkrong,Minuman Ringan,Minuman
hemaviton minuman energi 150 ml,5300.0,WANTS,Jajan & Nongkrong,Minuman Ringan,Minuman
aquviva air mineral 1600 ml,6600.0,WANTS,Jajan & Nongkrong,Minuman Ringan,Minuman
kopi kenangan hanya untukmu minuman kopi mantancino 220 ml,10100.0,WANTS,Jajan & Nongkrong,Minuman Ringan,Minuman
kopi kenangan hanya untukmu minuman kopi black aren 220 ml,10100.0,WANTS,Jajan & Nongkrong,Minuman Ringan,Minuman
alfamart air mineral botol 1.5 l,4500.0,WANTS,Jajan & Nongkrong,Minuman Ringan,Minuman
good day minuman kopi groovy cookies 250 ml,6700.0,WANTS,Jajan & Nongkrong,Minuman Ringan,Minuman
mizone activ minuman isotonik lemon leci 500 ml,7200.0,WANTS,Jajan & Nongkrong,Minuman Ringan,Minuman
cleo air mineral 1 l,3900.0,WANTS,Jajan & Nongkrong,Minuman Ringan,Minuman
abc minuman kopi chocomalt pet 200 ml,4300.0,WANTS,Jajan & Nongkrong,Minuman Ringan,Minuman
red bull minuman energi kaleng 250 ml,26800.0,WANTS,Jajan & Nongkrong,Minuman Ringan,Minuman
golda minuman kopi cappucino pet 200 ml,4400.0,WANTS,Jajan & Nongkrong,Minuman Ringan,Minuman
adem sari ching ku lemon 320 ml,10100.0,WANTS,Jajan & Nongkrong,Minuman Ringan,Minuman
ichitan thai mangga kelapa pet 300 ml,9500.0,WANTS,Jajan & Nongkrong,Minuman Ringan,Minuman
fruit tea minuman teh lemon 350 ml,4500.0,WANTS,Jajan & Nongkrong,Minuman Ringan,Minuman
sinde larutan penyegar cap badak melon 320 ml,7500.0,WANTS,Jajan & Nongkrong,Minuman Ringan,Minuman
sinde larutan penyegar cap badak jambu 320 ml,7500.0,WANTS,Jajan & Nongkrong,Minuman Ringan,Minuman
sinde larutan penyegar cap badak rasa jeruk 320 ml,7500.0,WANTS,Jajan & Nongkrong,Minuman Ringan,Minuman
floridina coco minuman jeruk florida 350 ml,3700.0,WANTS,Jajan & Nongkrong,Minuman Ringan,Minuman
tehbotol sosro minuman teh original 450 ml,7200.0,WANTS,Jajan & Nongkrong,Minuman Ringan,Minuman
s-tee minuman teh melati 200 ml,2700.0,WANTS,Jajan & Nongkrong,Minuman Ringan,Minuman
fruit tea minuman teh markisa 350 ml,4500.0,WANTS,Jajan & Nongkrong,Minuman Ringan,Minuman
teh pucuk harum melati 1.3 l,10900.0,WANTS,Jajan & Nongkrong,Minuman Ringan,Minuman
teh pucuk harum melati 500 ml,5500.0,WANTS,Jajan & Nongkrong,Minuman Ringan,Minuman
teh pucuk harum rendah gula 500 ml,5500.0,WANTS,Jajan & Nongkrong,Minuman Ringan,Minuman
big minuman karbonasi rasa nipis madu pet 350 ml,3600.0,WANTS,Jajan & Nongkrong,Minuman Ringan,Minuman
prima rasa minuman fruit cocktail cup 220 ml,9500.0,WANTS,Jajan & Nongkrong,Minuman Ringan,Minuman
sinde larutan penyegar cap badak leci 320 ml,7500.0,WANTS,Jajan & Nongkrong,Minuman Ringan,Minuman
aquviva air mineral 700 ml,3000.0,WANTS,Jajan & Nongkrong,Minuman Ringan,Minuman
ichitan thai milk kopi salted caramel pet 300 ml,9500.0,WANTS,Jajan & Nongkrong,Minuman Ringan,Minuman
sprite original minuman soda rasa lemon jeruk nipis botol 1.5 l,16200.0,WANTS,Jajan & Nongkrong,Minuman Ringan,Minuman
le minerale air mineral botol 1.5 l,7100.0,WANTS,Jajan & Nongkrong,Minuman Ringan,Minuman
kopi kenangan minuman kopi mocha mint espresso 220 ml,7400.0,WANTS,Jajan & Nongkrong,Minuman Ringan,Minuman
you c1000 minuman vitamin c jeruk 6 x 140 ml,35900.0,WANTS,Jajan & Nongkrong,Minuman Ringan,Minuman
kara nata de coco kemasan ember 1 kg,18900.0,WANTS,Jajan & Nongkrong,Minuman Ringan,Minuman
abc minuman asam jawa 250 ml,5000.0,WANTS,Jajan & Nongkrong,Minuman Ringan,Minuman
kiranti pegal linu botol 120 ml,6500.0,WANTS,Jajan & Nongkrong,Minuman Ringan,Minuman
sunpride jus buah nanas markisa kaleng 220 ml,8500.0,WANTS,Jajan & Nongkrong,Minuman Ringan,Minuman
ultra teh kotak teh melati 24 x 300 ml - karton,92000.0,WANTS,Jajan & Nongkrong,Minuman Ringan,Minuman
sprite waterlymon minuman soda rasa lemon jeruk nipis botol 425 ml,5300.0,WANTS,Jajan & Nongkrong,Minuman Ringan,Minuman
yeo's minuman penyegar rasa leci kaleng 300 ml,7500.0,WANTS,Jajan & Nongkrong,Minuman Ringan,Minuman
inaco minuman lidah buaya rasa buah peach 280 g,6500.0,WANTS,Jajan & Nongkrong,Minuman Ringan,Minuman
prima air mineral botol pack 20 x 220 ml,23900.0,WANTS,Jajan & Nongkrong,Minuman Ringan,Minuman
prima rasa cocktail buah-buahan 1 l,15000.0,WANTS,Jajan & Nongkrong,Minuman Ringan,Minuman
amidis air minum yang dimasak botol 24 x 600 ml - karton,46000.0,WANTS,Jajan & Nongkrong,Minuman Ringan,Minuman
schweppes botanical minuman soda rasa tonik kaleng 250 ml,6500.0,WANTS,Jajan & Nongkrong,Minuman Ringan,Minuman
inaco minuman lidah buaya rasa buah leci 280 g,6500.0,WANTS,Jajan & Nongkrong,Minuman Ringan,Minuman
polaris minuman soda sarsaparilla 330 ml,5000.0,WANTS,Jajan & Nongkrong,Minuman Ringan,Minuman
m-150 minuman energi 150 ml,6000.0,WANTS,Jajan & Nongkrong,Minuman Ringan,Minuman
ichitan minuman teh susu keju pet 300 ml,9500.0,WANTS,Jajan & Nongkrong,Minuman Ringan,Minuman
crystalin air mineral botol 600 ml,2900.0,WANTS,Jajan & Nongkrong,Minuman Ringan,Minuman
kopi kenangan minuman kopi cappuccino double espresso 220 ml,10800.0,WANTS,Jajan & Nongkrong,Minuman Ringan,Minuman
kopi kenangan hanya untukmu minuman kopi avocuddle 220 ml,10100.0,WANTS,Jajan & Nongkrong,Minuman Ringan,Minuman
bean spot es thai tea 16 oz,15000.0,WANTS,Jajan & Nongkrong,Minuman Ringan,Minuman
pororo minuman rasa mangga botol 235 ml,15000.0,WANTS,Jajan & Nongkrong,Minuman Ringan,Minuman
le minerale air mineral botol 600 ml,4000.0,WANTS,Jajan & Nongkrong,Minuman Ringan,Minuman
jiwater air mineral pet botol 500 ml,3800.0,WANTS,Jajan & Nongkrong,Minuman Ringan,Minuman
frestea minuman teh rasa apel botol 350 ml,4900.0,WANTS,Jajan & Nongkrong,Minuman Ringan,Minuman
fanta minuman soda rasa stroberi botol 1.5 l,16200.0,WANTS,Jajan & Nongkrong,Minuman Ringan,Minuman
inaco nata de coco dengan selasih rasa jeruk 1 kg,16500.0,WANTS,Jajan & Nongkrong,Minuman Ringan,Minuman
teh pucuk harum jasmine 24 x 350 ml - karton,89000.0,WANTS,Jajan & Nongkrong,Minuman Ringan,Minuman
fanta minuman soda rasa fruit punch botol 1.5 l,16200.0,WANTS,Jajan & Nongkrong,Minuman Ringan,Minuman
f&n sarsi minuman soda rasa sarsaparilla kaleng 325 ml,7300.0,WANTS,Jajan & Nongkrong,Minuman Ringan,Minuman
you c1000 minuman vitamin c lemon 6 x 140 ml,35900.0,WANTS,Jajan & Nongkrong,Minuman Ringan,Minuman
buavita jus buah asli jeruk 1 l,23000.0,WANTS,Jajan & Nongkrong,Minuman Ringan,Minuman
kopiko lucky day minuman kopi pet 180 ml,8700.0,WANTS,Jajan & Nongkrong,Minuman Ringan,Minuman
mujigae susu cair rasa semangka botol 250 ml,11200.0,NEEDS,Makan & Minum Harian,Produk Olahan Susu,Minuman
mujigae susu cair rasa pisang 250 ml,11200.0,NEEDS,Makan & Minum Harian,Produk Olahan Susu,Minuman
cimory yogurt bites almond & dates 120 g,8800.0,NEEDS,Makan & Minum Harian,Produk Olahan Susu,Minuman
tayo susu cokelat malt 250 ml,9200.0,NEEDS,Makan & Minum Harian,Produk Olahan Susu,Minuman
kin bulgarian yogurt slurp bluberi 45 g,2900.0,NEEDS,Makan & Minum Harian,Produk Olahan Susu,Minuman
frisian flag nutribrain susu uht cair plain kotak 180 ml,4900.0,NEEDS,Makan & Minum Harian,Produk Olahan Susu,Minuman
mujigae extra creamy susu cair rasa pisang 250 ml,10900.0,NEEDS,Makan & Minum Harian,Produk Olahan Susu,Minuman
ichitan signature choco minuman cokelat hitam 300 ml,11300.0,NEEDS,Makan & Minum Harian,Produk Olahan Susu,Minuman
milo pro minuman susu kotak uht cokelat protein 225 ml,10500.0,NEEDS,Makan & Minum Harian,Produk Olahan Susu,Minuman
cimory yogurt stik rasa original 40 g,3300.0,NEEDS,Makan & Minum Harian,Produk Olahan Susu,Minuman
indomilk kids yogurt rasa stroberi pouch 70 g,5900.0,NEEDS,Makan & Minum Harian,Produk Olahan Susu,Minuman
cimory yogurt stik rasa bluberi 40 g,3300.0,NEEDS,Makan & Minum Harian,Produk Olahan Susu,Minuman
cimory minuman yogurt bluberi 240 ml,9400.0,NEEDS,Makan & Minum Harian,Produk Olahan Susu,Minuman
cimory yogurt bites stroberi 120 g,8800.0,NEEDS,Makan & Minum Harian,Produk Olahan Susu,Minuman
cimory yogurt stik anggur kyoho 40 g,3000.0,NEEDS,Makan & Minum Harian,Produk Olahan Susu,Minuman
cimory yogurt bites berry blend 120 g,8800.0,NEEDS,Makan & Minum Harian,Produk Olahan Susu,Minuman
cimory yogurt stik rasa ketan mangga 40 g,3300.0,NEEDS,Makan & Minum Harian,Produk Olahan Susu,Minuman
cimory yogurt bites bluberi 120 g,8500.0,NEEDS,Makan & Minum Harian,Produk Olahan Susu,Minuman
cimory yogurt stik rasa stroberi 40 g,3300.0,NEEDS,Makan & Minum Harian,Produk Olahan Susu,Minuman
cimory minuman yogurt original 240 ml,9400.0,NEEDS,Makan & Minum Harian,Produk Olahan Susu,Minuman
cimory yogurt bites stroberi mangga 120 g,8800.0,NEEDS,Makan & Minum Harian,Produk Olahan Susu,Minuman
cimory minuman yogurt mixed berry 240 ml,9400.0,NEEDS,Makan & Minum Harian,Produk Olahan Susu,Minuman
cimory yogurt bites stroberi leci 120 g,8800.0,NEEDS,Makan & Minum Harian,Produk Olahan Susu,Minuman
indomilk kids yogurt rasa bluberi pouch 70 g,5900.0,NEEDS,Makan & Minum Harian,Produk Olahan Susu,Minuman
cimory yogurt stik jeruk 40 g,3000.0,NEEDS,Makan & Minum Harian,Produk Olahan Susu,Minuman
cimory yogurt stik rasa brown sugar 40 g,3300.0,NEEDS,Makan & Minum Harian,Produk Olahan Susu,Minuman
diabetasol susu bubuk dewasa vanila 170 g,36700.0,NEEDS,Makan & Minum Harian,Produk Olahan Susu,Minuman
s-26 procal gold tahap 3 susu pertumbuhan anak 1-3 tahun vanila 350 g,125900.0,NEEDS,Makan & Minum Harian,Produk Olahan Susu,Minuman
hilo protein chocofit susu cair kotak 190 ml,15200.0,NEEDS,Makan & Minum Harian,Produk Olahan Susu,Minuman
frisian flag krimer kental manis putih 535 g,14900.0,NEEDS,Makan & Minum Harian,Produk Olahan Susu,Minuman
indomilk kids susu uht cokelat kotak 115 ml,3400.0,NEEDS,Makan & Minum Harian,Produk Olahan Susu,Minuman
ultra milk susu uht stroberi kotak 200 ml,7000.0,NEEDS,Makan & Minum Harian,Produk Olahan Susu,Minuman
cimory yogurt squeeze original 120 g,8500.0,NEEDS,Makan & Minum Harian,Produk Olahan Susu,Minuman
nestle goodnes kurma ajwa madinah susu steril kaleng 189 ml,10200.0,NEEDS,Makan & Minum Harian,Produk Olahan Susu,Minuman
indomilk krimer kental manis putih 6 x 37 g,8700.0,NEEDS,Makan & Minum Harian,Produk Olahan Susu,Minuman
indomilk kids susu uht stroberi kotak 115 ml,3400.0,NEEDS,Makan & Minum Harian,Produk Olahan Susu,Minuman
greenfields susu uht full cream kotak 950 ml,26000.0,NEEDS,Makan & Minum Harian,Produk Olahan Susu,Minuman
so good susu cair steril kaleng 189 ml,9200.0,NEEDS,Makan & Minum Harian,Produk Olahan Susu,Minuman
oatside susu oat cair cokelat kotak 200 ml,8900.0,NEEDS,Makan & Minum Harian,Produk Olahan Susu,Minuman
ultra mimi kids susu uht full cream kotak 125 ml,4800.0,NEEDS,Makan & Minum Harian,Produk Olahan Susu,Minuman
milku susu uht cair cokelat premium botol 200 ml,3200.0,NEEDS,Makan & Minum Harian,Produk Olahan Susu,Minuman
v-soy susu kedelai cair multi grain kotak 1000 ml,31900.0,NEEDS,Makan & Minum Harian,Produk Olahan Susu,Minuman
oatside susu oat cair caramel macchiato 200 ml,8900.0,NEEDS,Makan & Minum Harian,Produk Olahan Susu,Minuman
greenfields susu uht full cream kotak 32 x 200 ml - karton,190000.0,NEEDS,Makan & Minum Harian,Produk Olahan Susu,Minuman
ultra milk susu uht rendah lemak cokelat kotak 1 l,26200.0,NEEDS,Makan & Minum Harian,Produk Olahan Susu,Minuman
frisian flag susu uht low fat belgian cokelat kotak 225 ml,8400.0,NEEDS,Makan & Minum Harian,Produk Olahan Susu,Minuman
indomilk kids susu uht full cream tanpa tambahan gula kotak 40 x 115 ml - karton,105900.0,NEEDS,Makan & Minum Harian,Produk Olahan Susu,Minuman
frisian flag nutribrain susu uht cair cokelat kotak 180 ml,4900.0,NEEDS,Makan & Minum Harian,Produk Olahan Susu,Minuman
diamond susu uht full cream kotak 40 x 125 ml - karton,133000.0,NEEDS,Makan & Minum Harian,Produk Olahan Susu,Minuman
almond breeze susu cair vanila 946 ml,46000.0,NEEDS,Makan & Minum Harian,Produk Olahan Susu,Minuman
almond breeze susu almond cair vanilla kotak 180 ml,14000.0,NEEDS,Makan & Minum Harian,Produk Olahan Susu,Minuman
lactasoy susu kacang kedelai uht rasa original 250 ml,7500.0,NEEDS,Makan & Minum Harian,Produk Olahan Susu,Minuman
wrp active body shape minuman tinggi protein & kalsium red berries 180 g,122900.0,NEEDS,Makan & Minum Harian,Produk Olahan Susu,Minuman
arla organic full cream uht milk kotak 200 g,12000.0,NEEDS,Makan & Minum Harian,Produk Olahan Susu,Minuman
greenfields susu uht full cream kotak 40 x 105 ml - karton,129000.0,NEEDS,Makan & Minum Harian,Produk Olahan Susu,Minuman
tiga sapi susu evaporasi 500 g,15900.0,NEEDS,Makan & Minum Harian,Produk Olahan Susu,Minuman
frisian flag susu uht full cream kotak 225 ml,7300.0,NEEDS,Makan & Minum Harian,Produk Olahan Susu,Minuman
ultra mimi kids susu uht cokelat kotak 125 ml,4800.0,NEEDS,Makan & Minum Harian,Produk Olahan Susu,Minuman
ultra milk susu uht full cream kotak 1 l,23200.0,NEEDS,Makan & Minum Harian,Produk Olahan Susu,Minuman
milk life susu uht bebas laktosa original 200 ml,3900.0,NEEDS,Makan & Minum Harian,Produk Olahan Susu,Minuman
frisian flag nutribrain susu uht cair stroberi kotak 6 x 110 ml,16500.0,NEEDS,Makan & Minum Harian,Produk Olahan Susu,Minuman
cimory susu uht matcha 250 ml,7800.0,NEEDS,Makan & Minum Harian,Produk Olahan Susu,Minuman
ultra milk susu uht coklat kotak 1 l,23200.0,NEEDS,Makan & Minum Harian,Produk Olahan Susu,Minuman
oatside susu oat cair barista blend 200 ml,8900.0,NEEDS,Makan & Minum Harian,Produk Olahan Susu,Minuman
greenfields susu uht full cream kotak 105 ml,4200.0,NEEDS,Makan & Minum Harian,Produk Olahan Susu,Minuman
frisian flag nutribrain susu uht cair cokelat kotak 6 x 110 ml,16500.0,NEEDS,Makan & Minum Harian,Produk Olahan Susu,Minuman
frisian flag susu uht cokelat kotak 225 ml,7100.0,NEEDS,Makan & Minum Harian,Produk Olahan Susu,Minuman
ultra milk susu uht coklat kotak 200 ml,6900.0,NEEDS,Makan & Minum Harian,Produk Olahan Susu,Minuman
frisian flag nutribrain susu uht cair plain kotak 6 x 110 ml,16500.0,NEEDS,Makan & Minum Harian,Produk Olahan Susu,Minuman
frisian flag susu uht full cream kotak 946 ml,18900.0,NEEDS,Makan & Minum Harian,Produk Olahan Susu,Minuman
nestle dancow fortigro cokelat susu uht kotak 110 ml,3800.0,NEEDS,Makan & Minum Harian,Produk Olahan Susu,Minuman
frisian flag susu uht stroberi kotak 225 ml,7100.0,NEEDS,Makan & Minum Harian,Produk Olahan Susu,Minuman
cap enaak krimer kental manis putih pouch 535 g,17400.0,NEEDS,Makan & Minum Harian,Produk Olahan Susu,Minuman
ultra milk susu uht full cream kotak 250 ml,8600.0,NEEDS,Makan & Minum Harian,Produk Olahan Susu,Minuman
milku susu uht cair original botol 200 ml,3200.0,NEEDS,Makan & Minum Harian,Produk Olahan Susu,Minuman
v-soy soya bean milk susu kacang kedelai kotak 200 ml,9000.0,NEEDS,Makan & Minum Harian,Produk Olahan Susu,Minuman
ultra milk susu uht coklat kotak 250 ml,8500.0,NEEDS,Makan & Minum Harian,Produk Olahan Susu,Minuman
frisian flag krimer kental manis putih 240 g,10300.0,NEEDS,Makan & Minum Harian,Produk Olahan Susu,Minuman
ultra mimi kids susu uht stroberi kotak 125 ml,4800.0,NEEDS,Makan & Minum Harian,Produk Olahan Susu,Minuman
frisian flag susu uht cokelat kotak 946 ml,18900.0,NEEDS,Makan & Minum Harian,Produk Olahan Susu,Minuman
cimory minuman yogurt tanpa gula tambahan stroberi & mangga 240 ml,7600.0,NEEDS,Makan & Minum Harian,Produk Olahan Susu,Minuman
nutrive benecol blackcurrant tanpa gula 100 ml,9700.0,NEEDS,Makan & Minum Harian,Produk Olahan Susu,Minuman
biokul to go yogurt rasa mixberry with nata de coco pouch 80 g,6900.0,NEEDS,Makan & Minum Harian,Produk Olahan Susu,Minuman
frisian flag krimer kental manis putih 370 g,12300.0,NEEDS,Makan & Minum Harian,Produk Olahan Susu,Minuman
cimory susu uht biskuit marie 250 ml,7800.0,NEEDS,Makan & Minum Harian,Produk Olahan Susu,Minuman
frisian flag susu uht coconut delight kotak 946 ml,18900.0,NEEDS,Makan & Minum Harian,Produk Olahan Susu,Minuman
ultra milk susu uht coklat kotak 125 ml,4800.0,NEEDS,Makan & Minum Harian,Produk Olahan Susu,Minuman
nestle goodnes kurma & madu habbatussauda susu steril kaleng 189 ml,10200.0,NEEDS,Makan & Minum Harian,Produk Olahan Susu,Minuman
kin bulgarian yogurt original smooth & creamy 45 g,2900.0,NEEDS,Makan & Minum Harian,Produk Olahan Susu,Minuman
cimory susu uht cokelat 250 ml,7800.0,NEEDS,Makan & Minum Harian,Produk Olahan Susu,Minuman
ultra milk susu uht stroberi kotak 750 ml,18600.0,NEEDS,Makan & Minum Harian,Produk Olahan Susu,Minuman
ultra milk susu uht karamel kotak 200 ml,7000.0,NEEDS,Makan & Minum Harian,Produk Olahan Susu,Minuman
cimory minuman yogurt tanpa gula tambahan blueberry 240 ml,7600.0,NEEDS,Makan & Minum Harian,Produk Olahan Susu,Minuman
carnation susu masakan evaporasi kaleng 405 g,18900.0,NEEDS,Makan & Minum Harian,Produk Olahan Susu,Minuman
cimory susu uht tanpa gula tambahan cokelat 225 ml,7500.0,NEEDS,Makan & Minum Harian,Produk Olahan Susu,Minuman
cimory susu uht tanpa gula tambahan matcha 225 ml,7500.0,NEEDS,Makan & Minum Harian,Produk Olahan Susu,Minuman
cimory susu uht bebas laktosa kotak 250 ml,7800.0,NEEDS,Makan & Minum Harian,Produk Olahan Susu,Minuman
frisian flag krimer kental manis cokelat 240 g,10300.0,NEEDS,Makan & Minum Harian,Produk Olahan Susu,Minuman
tropicana slim almond drink chocolicious kotak 190 ml,11800.0,NEEDS,Makan & Minum Harian,Produk Olahan Susu,Minuman
cimory minuman yogurt tanpa gula tambahan stroberi 240 ml,7600.0,NEEDS,Makan & Minum Harian,Produk Olahan Susu,Minuman
kitkat minuman cokelat kaleng 220 ml,12200.0,NEEDS,Makan & Minum Harian,Produk Olahan Susu,Minuman
frisian flag susu uht coconut delight kotak 225 ml,8400.0,NEEDS,Makan & Minum Harian,Produk Olahan Susu,Minuman
carnation krimer kental manis 365 g,11400.0,NEEDS,Makan & Minum Harian,Produk Olahan Susu,Minuman
biokul to go yogurt marshmallow with nata de coco pouch 80 g,6900.0,NEEDS,Makan & Minum Harian,Produk Olahan Susu,Minuman
oatside susu oat cair barista blend kotak 1 l,31900.0,NEEDS,Makan & Minum Harian,Produk Olahan Susu,Minuman
indomilk krimer kental manis putih 370 g,11000.0,NEEDS,Makan & Minum Harian,Produk Olahan Susu,Minuman
ultra milk susu uht stroberi kotak 125 ml,4800.0,NEEDS,Makan & Minum Harian,Produk Olahan Susu,Minuman
cimory susu uht thai tea 250 ml,7800.0,NEEDS,Makan & Minum Harian,Produk Olahan Susu,Minuman
cimory susu uht tanpa gula tambahan almond 225 ml,7500.0,NEEDS,Makan & Minum Harian,Produk Olahan Susu,Minuman
oatside susu oat cair kopi 200 ml,8900.0,NEEDS,Makan & Minum Harian,Produk Olahan Susu,Minuman
frisian flag krimer kental manis putih 6 x 37 g,9200.0,NEEDS,Makan & Minum Harian,Produk Olahan Susu,Minuman
ultra milk susu uht taro kotak 200 ml,7000.0,NEEDS,Makan & Minum Harian,Produk Olahan Susu,Minuman
cimory yogurt squeeze ketan mangga 120 g,8500.0,NEEDS,Makan & Minum Harian,Produk Olahan Susu,Minuman
frisian flag susu uht low fat french vanilla kotak 225 ml,8400.0,NEEDS,Makan & Minum Harian,Produk Olahan Susu,Minuman
biokul to go yogurt rasa leci with nata de coco pouch 80 g,6900.0,NEEDS,Makan & Minum Harian,Produk Olahan Susu,Minuman
real good susu uht sereal cokelat 125 ml,3300.0,NEEDS,Makan & Minum Harian,Produk Olahan Susu,Minuman
sunbay susu evaporasi kaleng 380 g,16200.0,NEEDS,Makan & Minum Harian,Produk Olahan Susu,Minuman
hilo uht susu cair cokelat 200 ml,9900.0,NEEDS,Makan & Minum Harian,Produk Olahan Susu,Minuman
ultra milk susu uht full cream kotak 750 ml,18800.0,NEEDS,Makan & Minum Harian,Produk Olahan Susu,Minuman
milo uht activ-go cokelat pack kotak 4 x 110 ml,13200.0,NEEDS,Makan & Minum Harian,Produk Olahan Susu,Minuman
milo activ-go minuman susu cokelat original kaleng 220 ml,11500.0,NEEDS,Makan & Minum Harian,Produk Olahan Susu,Minuman
cimory susu uht cokelat hazelnut kotak 250 ml,7800.0,NEEDS,Makan & Minum Harian,Produk Olahan Susu,Minuman
cimory minuman yogurt tanpa gula tambahan tropical fruits 240 ml,7600.0,NEEDS,Makan & Minum Harian,Produk Olahan Susu,Minuman
ultra milk susu uht stroberi kotak 250 ml,8600.0,NEEDS,Makan & Minum Harian,Produk Olahan Susu,Minuman
milo minuman ekstra cokelat kaleng 220 ml,11500.0,NEEDS,Makan & Minum Harian,Produk Olahan Susu,Minuman
nutrive benecol leci tanpa gula 100 ml,9400.0,NEEDS,Makan & Minum Harian,Produk Olahan Susu,Minuman
cimory susu uht cokelat cashew kotak 250 ml,7800.0,NEEDS,Makan & Minum Harian,Produk Olahan Susu,Minuman
greenfields susu uht full cream kotak 250 ml,9200.0,NEEDS,Makan & Minum Harian,Produk Olahan Susu,Minuman
indomilk krimer kental manis swiss choco 6 x 37 g,8500.0,NEEDS,Makan & Minum Harian,Produk Olahan Susu,Minuman
omela krimer kental manis 370 g,11000.0,NEEDS,Makan & Minum Harian,Produk Olahan Susu,Minuman
greenfields susu uht stroberi kotak 250 ml,8500.0,NEEDS,Makan & Minum Harian,Produk Olahan Susu,Minuman
heavenly blush yogurt greek klasik 200 ml,19000.0,NEEDS,Makan & Minum Harian,Produk Olahan Susu,Minuman
nestle dancow fortigro cokelat susu uht kotak 4 x 110 ml,9900.0,NEEDS,Makan & Minum Harian,Produk Olahan Susu,Minuman
milku susu uht cair stroberi botol 200 ml,3200.0,NEEDS,Makan & Minum Harian,Produk Olahan Susu,Minuman
frisian flag krimer kental manis full cream gold 370 g,18600.0,NEEDS,Makan & Minum Harian,Produk Olahan Susu,Minuman
greenfields susu uht less sugar cokelat 250 ml,8500.0,NEEDS,Makan & Minum Harian,Produk Olahan Susu,Minuman
kin bulgarian yogurt original pet 200 ml,8800.0,NEEDS,Makan & Minum Harian,Produk Olahan Susu,Minuman
cimory susu uht milk tea 250 ml,7800.0,NEEDS,Makan & Minum Harian,Produk Olahan Susu,Minuman
oatside susu oat cair cokelat with straw kotak 200 ml,6200.0,NEEDS,Makan & Minum Harian,Produk Olahan Susu,Minuman
nutrive benecol stroberi tanpa gula 100 ml,9300.0,NEEDS,Makan & Minum Harian,Produk Olahan Susu,Minuman
vidoran xmart kids susu uht cokelat kotak 110 ml,2800.0,NEEDS,Makan & Minum Harian,Produk Olahan Susu,Minuman
milo minuman susu cokelat cool kaleng 220 ml,11500.0,NEEDS,Makan & Minum Harian,Produk Olahan Susu,Minuman
frisian flag krimer kental manis gula aren 240 g,9900.0,NEEDS,Makan & Minum Harian,Produk Olahan Susu,Minuman
cimory susu uht malt cokelat kotak 250 ml,7800.0,NEEDS,Makan & Minum Harian,Produk Olahan Susu,Minuman
nutrive benecol rasa jeruk botol 100 ml,9400.0,NEEDS,Makan & Minum Harian,Produk Olahan Susu,Minuman
greenfields susu uht stroberi kotak 105 ml,3900.0,NEEDS,Makan & Minum Harian,Produk Olahan Susu,Minuman
milku susu uht cair marie biskuit botol 200 ml,3200.0,NEEDS,Makan & Minum Harian,Produk Olahan Susu,Minuman
cimory yogurt squeeze stroberi 120 g,8500.0,NEEDS,Makan & Minum Harian,Produk Olahan Susu,Minuman
cimory susu uht cokelat tiramisu 250 ml,7800.0,NEEDS,Makan & Minum Harian,Produk Olahan Susu,Minuman
cimory susu uht tanpa gula tambahan marie biscuit 225 ml,7500.0,NEEDS,Makan & Minum Harian,Produk Olahan Susu,Minuman
greenfields susu uht less sugar cokelat kotak 105 ml,4200.0,NEEDS,Makan & Minum Harian,Produk Olahan Susu,Minuman
milo nutri up minuman cokelat kaleng 220 ml,11500.0,NEEDS,Makan & Minum Harian,Produk Olahan Susu,Minuman
cimory yogurt squeeze brown sugar 120 g,8500.0,NEEDS,Makan & Minum Harian,Produk Olahan Susu,Minuman
alfamart mujigae susu cair rasa melon botol 250 ml,9500.0,NEEDS,Makan & Minum Harian,Produk Olahan Susu,Minuman
milo uht activ-go cokelat pack kotak 4 x 180 ml,19500.0,NEEDS,Makan & Minum Harian,Produk Olahan Susu,Minuman
nutriboost minuman susu rasa stroberi botol 300 ml,7700.0,NEEDS,Makan & Minum Harian,Produk Olahan Susu,Minuman
cimory susu uht cokelat kotak 125 ml,3900.0,NEEDS,Makan & Minum Harian,Produk Olahan Susu,Minuman
ultra milk susu uht rendah lemak cokelat kotak 250 ml,9300.0,NEEDS,Makan & Minum Harian,Produk Olahan Susu,Minuman
greenfields fresh milk kotak 320 ml,12500.0,NEEDS,Makan & Minum Harian,Produk Olahan Susu,Minuman
kin bulgarian yogurt black smooth & creamy 45 g,3800.0,NEEDS,Makan & Minum Harian,Produk Olahan Susu,Minuman
cimory susu uht cokelat almond kotak 250 ml,7800.0,NEEDS,Makan & Minum Harian,Produk Olahan Susu,Minuman
frisian flag krimer kental manis cokelat 6 x 37 g,9200.0,NEEDS,Makan & Minum Harian,Produk Olahan Susu,Minuman
ultra milk susu uht cokelat kotak 750 ml,18700.0,NEEDS,Makan & Minum Harian,Produk Olahan Susu,Minuman
v-soy multi-grain susu kacang kedelai 300 ml,14800.0,NEEDS,Makan & Minum Harian,Produk Olahan Susu,Minuman
cap enaak krimer kental manis cokelat belgia pouch 535 g,17400.0,NEEDS,Makan & Minum Harian,Produk Olahan Susu,Minuman
olatte minuman susu peach kaleng 240 ml,9400.0,NEEDS,Makan & Minum Harian,Produk Olahan Susu,Minuman
indomilk busan susu cair uht vanila 180 ml,5000.0,NEEDS,Makan & Minum Harian,Produk Olahan Susu,Minuman
ultra mimi kids susu uht full cream kotak 40 x 125 ml - karton,146900.0,NEEDS,Makan & Minum Harian,Produk Olahan Susu,Minuman
indomilk korean susu cair uht stroberi 180 ml,5000.0,NEEDS,Makan & Minum Harian,Produk Olahan Susu,Minuman
ultra milk susu uht full cream kotak 40 x 125 ml - karton,149900.0,NEEDS,Makan & Minum Harian,Produk Olahan Susu,Minuman
cap nona krimer kental manis putih kaleng 365 g,10000.0,NEEDS,Makan & Minum Harian,Produk Olahan Susu,Minuman
greenfields susu uht less sugar cokelat kotak 40 x 105 ml - karton,129000.0,NEEDS,Makan & Minum Harian,Produk Olahan Susu,Minuman
greenfields susu uht stroberi kotak 40 x 105 ml - karton,129000.0,NEEDS,Makan & Minum Harian,Produk Olahan Susu,Minuman
milo uht activ-go cokelat kotak 36 x 110 ml - karton,99000.0,NEEDS,Makan & Minum Harian,Produk Olahan Susu,Minuman
ultra mimi kids susu uht cokelat kotak 40 x 125 ml - karton,146900.0,NEEDS,Makan & Minum Harian,Produk Olahan Susu,Minuman
cimory yogurt squeeze bluberi 120 g,8500.0,NEEDS,Makan & Minum Harian,Produk Olahan Susu,Minuman
ichitan pink milk minuman susu thai pink 300 ml,9500.0,NEEDS,Makan & Minum Harian,Produk Olahan Susu,Minuman
pororo minuman rasa susu botol 235 ml,15000.0,NEEDS,Makan & Minum Harian,Produk Olahan Susu,Minuman
frisian flag krimer kental manis putih 490 g,16400.0,NEEDS,Makan & Minum Harian,Produk Olahan Susu,Minuman
ichitan candy cloud milk minuman susu cotton candy 300 ml,9500.0,NEEDS,Makan & Minum Harian,Produk Olahan Susu,Minuman
ultra milk susu uht moka kotak 750 ml,18700.0,NEEDS,Makan & Minum Harian,Produk Olahan Susu,Minuman
milk life susu uht milkshake rasa cookies & cream 200 ml,6900.0,NEEDS,Makan & Minum Harian,Produk Olahan Susu,Minuman
mujigae susu cair rasa pisang stroberi botol 250 ml,11200.0,NEEDS,Makan & Minum Harian,Produk Olahan Susu,Minuman
mujigae susu cair rasa pisang cokelat 250 ml,11200.0,NEEDS,Makan & Minum Harian,Produk Olahan Susu,Minuman
frisian flag energo+ susu segar rasa matcha 225 ml,8400.0,NEEDS,Makan & Minum Harian,Produk Olahan Susu,Minuman
kin bulgarian yogurt black special edition pet 200 ml,8800.0,NEEDS,Makan & Minum Harian,Produk Olahan Susu,Minuman
vidoran xmart kids susu uht cokelat kotak 175 ml,5300.0,NEEDS,Makan & Minum Harian,Produk Olahan Susu,Minuman
ultra milk susu uht blueberry blast kotak 200 ml,6700.0,NEEDS,Makan & Minum Harian,Produk Olahan Susu,Minuman
mujigae susu cair rasa cheese cake 250 ml,11200.0,NEEDS,Makan & Minum Harian,Produk Olahan Susu,Minuman
bebelac susu formula cair rasa cokelat kotak 165 ml,8500.0,NEEDS,Makan & Minum Harian,Produk Olahan Susu,Minuman
diamond milk susu uht full cream kotak 1 l,23000.0,NEEDS,Makan & Minum Harian,Produk Olahan Susu,Minuman
diamond susu uht marshmallow kotak 200 ml,5900.0,NEEDS,Makan & Minum Harian,Produk Olahan Susu,Minuman
indomilk kids susu uht cokelat kotak 6 x 115 ml,17900.0,NEEDS,Makan & Minum Harian,Produk Olahan Susu,Minuman
brookfarm susu almond rasa original 200 ml,8900.0,NEEDS,Makan & Minum Harian,Produk Olahan Susu,Minuman
bebelac susu formula cair rasa plain kotak 165 ml,8500.0,NEEDS,Makan & Minum Harian,Produk Olahan Susu,Minuman
hilo teen susu bubuk vanila caramel 250 g,48700.0,NEEDS,Makan & Minum Harian,Produk Olahan Susu,Minuman
bebelac susu formula cair rasa cokelat kotak 105 ml,5400.0,NEEDS,Makan & Minum Harian,Produk Olahan Susu,Minuman
frisian flag nutribrain susu uht cair plain kotak 110 ml,3700.0,NEEDS,Makan & Minum Harian,Produk Olahan Susu,Minuman
indomilk seoul susu uht pisang kotak 180 ml,4800.0,NEEDS,Makan & Minum Harian,Produk Olahan Susu,Minuman
tropicana slim almond drink banana delight kotak 190 ml,11800.0,NEEDS,Makan & Minum Harian,Produk Olahan Susu,Minuman
brookfarm susu almond rasa dark chocolate 200 ml,8900.0,NEEDS,Makan & Minum Harian,Produk Olahan Susu,Minuman
ichitan susu gula aren pet 300 ml,9500.0,NEEDS,Makan & Minum Harian,Produk Olahan Susu,Minuman
oatside susu oat cair kopi kotak 1 l,32300.0,NEEDS,Makan & Minum Harian,Produk Olahan Susu,Minuman
anlene gold 5x susu bubuk dewasa cokelat 230 g,46900.0,NEEDS,Makan & Minum Harian,Produk Olahan Susu,Minuman
bebelac susu formula cair rasa plain kotak 105 ml,5400.0,NEEDS,Makan & Minum Harian,Produk Olahan Susu,Minuman
ovaltine 3 in 1 minuman bubuk susu cokelat 594 g,63700.0,NEEDS,Makan & Minum Harian,Produk Olahan Susu,Minuman
etawalin susu kambing bubuk box 200 g,87500.0,NEEDS,Makan & Minum Harian,Produk Olahan Susu,Minuman
ovaltine classic minuman cokelat malt 280 g,33500.0,NEEDS,Makan & Minum Harian,Produk Olahan Susu,Minuman
etawaku platinum susu kambing bubuk original 200 g,81500.0,NEEDS,Makan & Minum Harian,Produk Olahan Susu,Minuman
l-men 2 go whey protein cokelat rendah lemak 200 ml,15500.0,NEEDS,Makan & Minum Harian,Produk Olahan Susu,Minuman
cimory minuman yogurt mix fruits 240 ml,9400.0,NEEDS,Makan & Minum Harian,Produk Olahan Susu,Minuman
cimory minuman yogurt stroberi 240 ml,9400.0,NEEDS,Makan & Minum Harian,Produk Olahan Susu,Minuman
entrasol o'live susu cair steril ekstrak buah zaitun kaleng 180 ml,10000.0,NEEDS,Makan & Minum Harian,Produk Olahan Susu,Minuman
indomilk susu cair rasa stroberi 190 ml,4200.0,NEEDS,Makan & Minum Harian,Produk Olahan Susu,Minuman
binggrae susu uht pisang kotak 200 ml,20200.0,NEEDS,Makan & Minum Harian,Produk Olahan Susu,Minuman
indomilk krimer kental manis putih pouch 260 g,8500.0,NEEDS,Makan & Minum Harian,Produk Olahan Susu,Minuman
anlene actifit 3x susu bubuk dewasa cokelat 230 g,29700.0,NEEDS,Makan & Minum Harian,Produk Olahan Susu,Minuman
anlene gold 5x susu bubuk dewasa vanila 230 g,46900.0,NEEDS,Makan & Minum Harian,Produk Olahan Susu,Minuman
carnation krimer kental manis sachet 6 x 38 g,8800.0,NEEDS,Makan & Minum Harian,Produk Olahan Susu,Minuman
bear brand gold susu steril malt kaleng 140 ml,10800.0,NEEDS,Makan & Minum Harian,Produk Olahan Susu,Minuman
indomilk susu cair rasa cokelat 190 ml,4200.0,NEEDS,Makan & Minum Harian,Produk Olahan Susu,Minuman
anlene gold 5x susu bubuk dewasa vanila 560 g,103900.0,NEEDS,Makan & Minum Harian,Produk Olahan Susu,Minuman
diamond susu uht full cream kotak 200 ml,5900.0,NEEDS,Makan & Minum Harian,Produk Olahan Susu,Minuman
diamond susu uht bubble gum kotak 200 ml,6100.0,NEEDS,Makan & Minum Harian,Produk Olahan Susu,Minuman
frisian flag nutribrain susu uht cair cokelat kotak 110 ml,4000.0,NEEDS,Makan & Minum Harian,Produk Olahan Susu,Minuman
indomilk kids susu uht full cream tanpa tambahan gula kotak 115 ml,3400.0,NEEDS,Makan & Minum Harian,Produk Olahan Susu,Minuman
brookfarm susu almond rasa salted caramel 200 ml,8900.0,NEEDS,Makan & Minum Harian,Produk Olahan Susu,Minuman
frisian flag nutribrain susu uht cair plain 36 x 110 ml - karton,95000.0,NEEDS,Makan & Minum Harian,Produk Olahan Susu,Minuman
indomilk susu cair rasa bluberi 190 ml,4000.0,NEEDS,Makan & Minum Harian,Produk Olahan Susu,Minuman
ultra milk susu uht coklat kotak 40 x 125 ml - karton,149900.0,NEEDS,Makan & Minum Harian,Produk Olahan Susu,Minuman
indomilk kids susu uht cokelat rendah gula kotak 115 ml,3400.0,NEEDS,Makan & Minum Harian,Produk Olahan Susu,Minuman
indomilk kids susu uht stroberi kotak 6 x 115 ml,17900.0,NEEDS,Makan & Minum Harian,Produk Olahan Susu,Minuman
kin bulgarian yogurt mangga pet 200 ml,8800.0,NEEDS,Makan & Minum Harian,Produk Olahan Susu,Minuman
kun minuman susu uht chocomalt nata de coco 100 ml,4000.0,NEEDS,Makan & Minum Harian,Produk Olahan Susu,Minuman
frisian flag susu bubuk full cream 800 g,98200.0,NEEDS,Makan & Minum Harian,Produk Olahan Susu,Minuman
kin bulgarian yogurt crazy rich / mixed berries a2 200 ml,10000.0,NEEDS,Makan & Minum Harian,Produk Olahan Susu,Minuman
tropicana slim minuman susu bubuk diabetx 150 g,41400.0,NEEDS,Makan & Minum Harian,Produk Olahan Susu,Minuman
"hilo active susu bubuk tinggi protein rasa berry fitshake 8 x 33,5 g",130500.0,NEEDS,Makan & Minum Harian,Produk Olahan Susu,Minuman
entrasol platinum susu bubuk tinggi protein dewasa cokelat 400 g,109900.0,NEEDS,Makan & Minum Harian,Produk Olahan Susu,Minuman
l-men platinum protein tinggi rasa choco latte 231 g,118500.0,NEEDS,Makan & Minum Harian,Produk Olahan Susu,Minuman
almond breeze susu cair cokelat kotak 946 ml,46000.0,NEEDS,Makan & Minum Harian,Produk Olahan Susu,Minuman
almond breeze susu cair original kotak 946 ml,46000.0,NEEDS,Makan & Minum Harian,Produk Olahan Susu,Minuman
hilo active susu bubuk tinggi kalsium cokelat 1 kg,150000.0,NEEDS,Makan & Minum Harian,Produk Olahan Susu,Minuman
hilo teen susu bubuk cokelat 1 kg,179000.0,NEEDS,Makan & Minum Harian,Produk Olahan Susu,Minuman
oatly susu oat cair barista kotak 1 l,40900.0,NEEDS,Makan & Minum Harian,Produk Olahan Susu,Minuman
oatly susu oat cair cokelat kotak 1 l,40900.0,NEEDS,Makan & Minum Harian,Produk Olahan Susu,Minuman
lactasoy susu kacang kedelai uht rasa original 1 l,26900.0,NEEDS,Makan & Minum Harian,Produk Olahan Susu,Minuman
lactasoy susu kacang kedelai uht rasa cokelat 1 l,25900.0,NEEDS,Makan & Minum Harian,Produk Olahan Susu,Minuman
lactasoy susu kacang kedelai uht rasa cokelat 250 ml,7000.0,NEEDS,Makan & Minum Harian,Produk Olahan Susu,Minuman
lactasoy susu kacang kedelai uht unsweetened 250 ml,7000.0,NEEDS,Makan & Minum Harian,Produk Olahan Susu,Minuman
lactogrow susu uht madu vanila kotak 36 x 135 ml - karton,175000.0,NEEDS,Makan & Minum Harian,Produk Olahan Susu,Minuman
morinaga chil-go susu cair steril vanila 36 x 130 ml - karton,165900.0,NEEDS,Makan & Minum Harian,Produk Olahan Susu,Minuman
morinaga chil-go susu cair steril stroberi 36 x 130 ml - karton,165900.0,NEEDS,Makan & Minum Harian,Produk Olahan Susu,Minuman
morinaga chil-go susu cair steril cokelat 36 x 130 ml - karton,165900.0,NEEDS,Makan & Minum Harian,Produk Olahan Susu,Minuman
diamond susu uht cokelat kotak 40 x 125 ml - karton,133000.0,NEEDS,Makan & Minum Harian,Produk Olahan Susu,Minuman
diamond susu uht stroberi kotak 40 x 125 ml - karton,133000.0,NEEDS,Makan & Minum Harian,Produk Olahan Susu,Minuman
hilo teen susu bubuk tinggi protein rasa original 10 x 33 g,85000.0,NEEDS,Makan & Minum Harian,Produk Olahan Susu,Minuman
milo pro minuman susu bubuk cokelat protein 250 g,52900.0,NEEDS,Makan & Minum Harian,Produk Olahan Susu,Minuman
bebelac susu formula cair rasa plain kotak 24 x 165 ml - karton,169900.0,NEEDS,Makan & Minum Harian,Produk Olahan Susu,Minuman
bebelac susu formula cair rasa cokelat kotak 24 x 165 ml - karton,169900.0,NEEDS,Makan & Minum Harian,Produk Olahan Susu,Minuman
lactasoy susu kacang kedelai uht collagen 250 ml,8000.0,NEEDS,Makan & Minum Harian,Produk Olahan Susu,Minuman
lactasoy susu kacang kedelai uht original 500 ml,15000.0,NEEDS,Makan & Minum Harian,Produk Olahan Susu,Minuman
lactasoy susu kacang kedelai uht tinggi kalsium 500 ml,15000.0,NEEDS,Makan & Minum Harian,Produk Olahan Susu,Minuman
lactasoy susu kacang kedelai uht rasa black sesame 250 ml,8000.0,NEEDS,Makan & Minum Harian,Produk Olahan Susu,Minuman
lactasoy susu kacang kedelai uht tanpa pemanis 1 l,28900.0,NEEDS,Makan & Minum Harian,Produk Olahan Susu,Minuman
indomilk kids yogurt original 70 g,6500.0,NEEDS,Makan & Minum Harian,Produk Olahan Susu,Minuman
indomilk kids yogurt banana berries 70 g,6500.0,NEEDS,Makan & Minum Harian,Produk Olahan Susu,Minuman
v-soy susu kedelai cair original kotak 1 l,31900.0,NEEDS,Makan & Minum Harian,Produk Olahan Susu,Minuman
greenfields susu uht less sugar cokelat 950 ml,23900.0,NEEDS,Makan & Minum Harian,Produk Olahan Susu,Minuman
anlene gold 5x susu bubuk dewasa vanila 170 g,37200.0,NEEDS,Makan & Minum Harian,Produk Olahan Susu,Minuman
oatside susu oat cair cokelat kotak 1 l,29000.0,NEEDS,Makan & Minum Harian,Produk Olahan Susu,Minuman
wrp active body shape minuman tinggi protein & kalsium chococino 234 g,199000.0,NEEDS,Makan & Minum Harian,Produk Olahan Susu,Minuman
l-men lose weight protein whey rasa sereal cokelat 300 g,152500.0,NEEDS,Makan & Minum Harian,Produk Olahan Susu,Minuman
hilo gold vanila susu bubuk tinggi kalsium 500 g,90900.0,NEEDS,Makan & Minum Harian,Produk Olahan Susu,Minuman
hilo school susu bubuk tinggi kalsium rasa cokelat 500 g,90000.0,NEEDS,Makan & Minum Harian,Produk Olahan Susu,Minuman
wrp lose weight meal replacement susu bubuk cokelat 324 g,197900.0,NEEDS,Makan & Minum Harian,Produk Olahan Susu,Minuman
kin yogurt slurp xl mangga 80 g,7300.0,NEEDS,Makan & Minum Harian,Produk Olahan Susu,Minuman
greenfields susu uht rendah lemak kotak 950 ml,30100.0,NEEDS,Makan & Minum Harian,Produk Olahan Susu,Minuman
alfamart mujigae susu pisang karamel 250 ml,9500.0,NEEDS,Makan & Minum Harian,Produk Olahan Susu,Minuman
indomilk krimer kental manis swiss choco pouch 535 g,17900.0,NEEDS,Makan & Minum Harian,Produk Olahan Susu,Minuman
indomilk krimer kental manis putih 535 g,17900.0,NEEDS,Makan & Minum Harian,Produk Olahan Susu,Minuman
collagena susu cair kolagen steril kaleng 189 ml,12800.0,NEEDS,Makan & Minum Harian,Produk Olahan Susu,Minuman
frisian flag susu uht low fat californian strawberry kotak 225 ml,8300.0,NEEDS,Makan & Minum Harian,Produk Olahan Susu,Minuman
indomilk susu uht full cream cokelat kotak 950 ml,17900.0,NEEDS,Makan & Minum Harian,Produk Olahan Susu,Minuman
milo nutriactive minuman multigrain sereal cokelat uht kotak 180 ml,7100.0,NEEDS,Makan & Minum Harian,Produk Olahan Susu,Minuman
milo activ-go minuman susu cokelat uht kotak 180 ml,6200.0,NEEDS,Makan & Minum Harian,Produk Olahan Susu,Minuman
anlene gold 5x susu bubuk dewasa cokelat 560 g,103900.0,NEEDS,Makan & Minum Harian,Produk Olahan Susu,Minuman
kin bulgarian yogurt bluberi pet 200 ml,8800.0,NEEDS,Makan & Minum Harian,Produk Olahan Susu,Minuman
nutriboost minuman susu rasa jeruk botol 300 ml,7700.0,NEEDS,Makan & Minum Harian,Produk Olahan Susu,Minuman
bear brand collagen vitamin c susu steril kaleng 189 ml,11300.0,NEEDS,Makan & Minum Harian,Produk Olahan Susu,Minuman
hilo platinum cokelat swiss 12 x 35 g,87700.0,NEEDS,Makan & Minum Harian,Produk Olahan Susu,Minuman
wrp lose weight meal replacement susu bubuk stroberi 324 g,197900.0,NEEDS,Makan & Minum Harian,Produk Olahan Susu,Minuman
ultra cap sapi krimer kental manis kaleng 375 g,14500.0,NEEDS,Makan & Minum Harian,Produk Olahan Susu,Minuman
wrp lose weight meal replacement susu bubuk kopi 324 g,197900.0,NEEDS,Makan & Minum Harian,Produk Olahan Susu,Minuman
wrp on the go tinggi serat susu rendah lemak rasa kopi 200 ml,22000.0,NEEDS,Makan & Minum Harian,Produk Olahan Susu,Minuman
wrp on the go tinggi serat susu rendah lemak stroberi 200 ml,22000.0,NEEDS,Makan & Minum Harian,Produk Olahan Susu,Minuman
wrp susu rendah lemak rasa cokelat 60 g,25900.0,NEEDS,Makan & Minum Harian,Produk Olahan Susu,Minuman
almond breeze susu almond cair original kotak 180 ml,13900.0,NEEDS,Makan & Minum Harian,Produk Olahan Susu,Minuman
almond breeze susu almond cair cokelat kotak 180 ml,14000.0,NEEDS,Makan & Minum Harian,Produk Olahan Susu,Minuman
greenfields susu uht stroberi kotak 32 x 200 ml - karton,190000.0,NEEDS,Makan & Minum Harian,Produk Olahan Susu,Minuman
tropicana slim susu rendah lemak vanila 500 g,95000.0,NEEDS,Makan & Minum Harian,Produk Olahan Susu,Minuman
greenfields susu uht less sugar cokelat 32 x 200 ml - karton,190000.0,NEEDS,Makan & Minum Harian,Produk Olahan Susu,Minuman
ultra milk susu uht stroberi kotak 40 x 125 ml - karton,149900.0,NEEDS,Makan & Minum Harian,Produk Olahan Susu,Minuman
ultra cap sapi krimer kental manis cokelat kaleng 375 g,14000.0,NEEDS,Makan & Minum Harian,Produk Olahan Susu,Minuman
tropicana slim oat drink japanese cantaloupe melon kotak 190 ml,9500.0,NEEDS,Makan & Minum Harian,Produk Olahan Susu,Minuman
oatside susu oat cair cokelat with straw kotak 3 x 200 ml,17900.0,NEEDS,Makan & Minum Harian,Produk Olahan Susu,Minuman
almond breeze susu almond cair latte kotak 180 ml,14000.0,NEEDS,Makan & Minum Harian,Produk Olahan Susu,Minuman
almond breeze susu almond cair unsweetened kotak 180 ml,14000.0,NEEDS,Makan & Minum Harian,Produk Olahan Susu,Minuman
milk life susu uht milkshake stroberi 40 x 115 ml - karton,110000.0,NEEDS,Makan & Minum Harian,Produk Olahan Susu,Minuman
amh susu bubuk kambing etawa rasa original 230 g,22900.0,NEEDS,Makan & Minum Harian,Produk Olahan Susu,Minuman
ultra milk susu cair uht organik kotak 750 ml,23900.0,NEEDS,Makan & Minum Harian,Produk Olahan Susu,Minuman
hilo teen susu bubuk vanilla karamel 500 g,95000.0,NEEDS,Makan & Minum Harian,Produk Olahan Susu,Minuman
tropicana slim minuman kolagen 8000 mg stroberi 200 g,189900.0,NEEDS,Makan & Minum Harian,Produk Olahan Susu,Minuman
wrp susu rendah lemak rasa vanila 60 g,25900.0,NEEDS,Makan & Minum Harian,Produk Olahan Susu,Minuman
oat daily minuman oat cair barista edition kotak 1 l,42900.0,NEEDS,Makan & Minum Harian,Produk Olahan Susu,Minuman
hilo protein berryfit susu cair kotak 190 ml,13000.0,NEEDS,Makan & Minum Harian,Produk Olahan Susu,Minuman
collagena susu cair kolagen steril kaleng 6 x 189 ml - karton,77900.0,NEEDS,Makan & Minum Harian,Produk Olahan Susu,Minuman
tujuh kurma susu steril kurma kotak 6 x 189 ml - karton,72900.0,NEEDS,Makan & Minum Harian,Produk Olahan Susu,Minuman
quick fresh krimer kental manis putih 380 g,18000.0,NEEDS,Makan & Minum Harian,Produk Olahan Susu,Minuman
arummi susu cair cashew klasik 200 ml,9000.0,NEEDS,Makan & Minum Harian,Produk Olahan Susu,Minuman
diamond susu uht rich rasa plain 1 l,25900.0,NEEDS,Makan & Minum Harian,Produk Olahan Susu,Minuman
yeo's minuman soya immuno original 250 ml,6900.0,NEEDS,Makan & Minum Harian,Produk Olahan Susu,Minuman
yeo's minuman soya immuno cokelat 250 ml,6900.0,NEEDS,Makan & Minum Harian,Produk Olahan Susu,Minuman
arummi susu cair cashew barista 200 ml,9000.0,NEEDS,Makan & Minum Harian,Produk Olahan Susu,Minuman
arummi susu cair cashew cokelat 200 ml,9000.0,NEEDS,Makan & Minum Harian,Produk Olahan Susu,Minuman
wrp lose weight meal replacement susu bubuk green tea 324 g,197900.0,NEEDS,Makan & Minum Harian,Produk Olahan Susu,Minuman
wrp lose weight meal replacement susu bubuk sereal cokelat 324 g,197900.0,NEEDS,Makan & Minum Harian,Produk Olahan Susu,Minuman
zee susu uht tinggi protein cokelat swiss 185 ml,7500.0,NEEDS,Makan & Minum Harian,Produk Olahan Susu,Minuman
milo 3in1 activ-go susu bubuk cokelat instant bag 990 g,88500.0,NEEDS,Makan & Minum Harian,Produk Olahan Susu,Minuman
indomilk kids susu uht cokelat rendah gula kotak 40 x 115 ml - karton,105900.0,NEEDS,Makan & Minum Harian,Produk Olahan Susu,Minuman
v-soy susu kedelai cair golden grain kotak 1 l,35000.0,NEEDS,Makan & Minum Harian,Produk Olahan Susu,Minuman
nestle dancow fortigro rasa stroberi susu kotak uht 36 x 110 ml - karton,119000.0,NEEDS,Makan & Minum Harian,Produk Olahan Susu,Minuman
dancow milkyshake rasa cookies & cream susu kotak uht 36 x 180 ml - karton,229000.0,NEEDS,Makan & Minum Harian,Produk Olahan Susu,Minuman
nestle dancow fortigro rasa cokelat susu kotak uht 36 x 110 ml - karton,119000.0,NEEDS,Makan & Minum Harian,Produk Olahan Susu,Minuman
entrasol gold susu bubuk nutrisi dewasa vanila 170 g,41100.0,NEEDS,Makan & Minum Harian,Produk Olahan Susu,Minuman
hilo teen susu protein cokelat 250 g,41500.0,NEEDS,Makan & Minum Harian,Produk Olahan Susu,Minuman
frisian flag krimer kental manis cokelat 535 g,14900.0,NEEDS,Makan & Minum Harian,Produk Olahan Susu,Minuman
kin bulgarian yogurt slim berries pet 200 ml,8800.0,NEEDS,Makan & Minum Harian,Produk Olahan Susu,Minuman
kin bulgarian yogurt stroberi pet 200 ml,8800.0,NEEDS,Makan & Minum Harian,Produk Olahan Susu,Minuman
oatside susu oat cair barista blend with straw kotak 200 ml,6200.0,NEEDS,Makan & Minum Harian,Produk Olahan Susu,Minuman
olatte minuman susu rasa stroberi kaleng 240 ml,9400.0,NEEDS,Makan & Minum Harian,Produk Olahan Susu,Minuman
bear brand susu steril kaleng 189 ml,10900.0,NEEDS,Makan & Minum Harian,Produk Olahan Susu,Minuman
kin yogurt slurp xl bluberi 80 g,7300.0,NEEDS,Makan & Minum Harian,Produk Olahan Susu,Minuman
olatte minuman susu rasa pear kaleng 240 ml,9400.0,NEEDS,Makan & Minum Harian,Produk Olahan Susu,Minuman
tiga sapi krimer kental manis 490 g,13000.0,NEEDS,Makan & Minum Harian,Produk Olahan Susu,Minuman
ichitan susu cair stroberi korea 300 ml,9800.0,NEEDS,Makan & Minum Harian,Produk Olahan Susu,Minuman
anlene gold 5x susu bubuk dewasa original 230 g,46900.0,NEEDS,Makan & Minum Harian,Produk Olahan Susu,Minuman
tujuh kurma susu steril kurma kotak 189 ml,8900.0,NEEDS,Makan & Minum Harian,Produk Olahan Susu,Minuman
ultra milk susu uht full cream kotak 200 ml,7000.0,NEEDS,Makan & Minum Harian,Produk Olahan Susu,Minuman
ichitan susu cair pisang korea 300 ml,9800.0,NEEDS,Makan & Minum Harian,Produk Olahan Susu,Minuman
kun minuman susu uht chocomalt nata de coco 170 ml,6500.0,NEEDS,Makan & Minum Harian,Produk Olahan Susu,Minuman
indomilk susu uht full cream kotak 950 ml,17900.0,NEEDS,Makan & Minum Harian,Produk Olahan Susu,Minuman
anlene gold 5x susu bubuk dewasa original 560 g,103900.0,NEEDS,Makan & Minum Harian,Produk Olahan Susu,Minuman
dancow milkyshake rasa choco hazelnut susu kotak uht 36 x 180 ml - karton,229000.0,NEEDS,Makan & Minum Harian,Produk Olahan Susu,Minuman
diabetasol vita digest susu bubuk dewasa cappucino 570 g,160900.0,NEEDS,Makan & Minum Harian,Produk Olahan Susu,Minuman
diabetasol vita digest susu bubuk dewasa cokelat 950 g,245900.0,NEEDS,Makan & Minum Harian,Produk Olahan Susu,Minuman
frisian flag nutribrain susu uht cair cokelat 36 x 110 ml - karton,95000.0,NEEDS,Makan & Minum Harian,Produk Olahan Susu,Minuman
oatside susu oat cair barista blend with straw kotak 3 x 200 ml,17900.0,NEEDS,Makan & Minum Harian,Produk Olahan Susu,Minuman
cimory susu uht cokelat almond kotak 750 ml,13900.0,NEEDS,Makan & Minum Harian,Produk Olahan Susu,Minuman
diabetasol vita digest susu bubuk dewasa vanila 950 g,245900.0,NEEDS,Makan & Minum Harian,Produk Olahan Susu,Minuman
vidoran xmart kids susu uht cokelat kotak 40 x 110 ml - karton,96900.0,NEEDS,Makan & Minum Harian,Produk Olahan Susu,Minuman
ultra mimi kids susu uht stroberi kotak 40 x 125 ml - karton,146900.0,NEEDS,Makan & Minum Harian,Produk Olahan Susu,Minuman
milo activ-go susu bubuk cokelat instant bag 990 g,88500.0,NEEDS,Makan & Minum Harian,Produk Olahan Susu,Minuman
milk life susu uht classic chocolate 40 x 115 ml - karton,110000.0,NEEDS,Makan & Minum Harian,Produk Olahan Susu,Minuman
zee susu uht tinggi protein stroberi 185 ml,7500.0,NEEDS,Makan & Minum Harian,Produk Olahan Susu,Minuman
ultra milk susu uht rendah lemak kotak 1 l,23900.0,NEEDS,Makan & Minum Harian,Produk Olahan Susu,Minuman
cimory susu uht cokelat kotak 750 ml,13900.0,NEEDS,Makan & Minum Harian,Produk Olahan Susu,Minuman
brookfarm susu almond rasa matcha 200 ml,8500.0,NEEDS,Makan & Minum Harian,Produk Olahan Susu,Minuman
hilo teen susu uht cokelat 200 ml,7900.0,NEEDS,Makan & Minum Harian,Produk Olahan Susu,Minuman
v-soy susu kedelai bebas gula 4 x 200 ml,29900.0,NEEDS,Makan & Minum Harian,Produk Olahan Susu,Minuman
v-soy susu kedelai cair rendah gula 1 l,31900.0,NEEDS,Makan & Minum Harian,Produk Olahan Susu,Minuman
bear brand susu steril kaleng 30 x 189 ml - karton,289000.0,NEEDS,Makan & Minum Harian,Produk Olahan Susu,Minuman
frisian flag nutribrain susu uht cair stroberi 36 x 110 ml - karton,95000.0,NEEDS,Makan & Minum Harian,Produk Olahan Susu,Minuman
v-soy susu kedelai rasa cokelat 4 x 200 ml,29900.0,NEEDS,Makan & Minum Harian,Produk Olahan Susu,Minuman
milk life susu uht creamy vanilla 40 x 115 ml - karton,110000.0,NEEDS,Makan & Minum Harian,Produk Olahan Susu,Minuman
milo 3in1 activ-go susu bubuk cokelat instant pouch 400 g,37000.0,NEEDS,Makan & Minum Harian,Produk Olahan Susu,Minuman
nestle dancow fortigro rasa vanila susu kotak uht 36 x 110 ml - karton,119000.0,NEEDS,Makan & Minum Harian,Produk Olahan Susu,Minuman
wong coco puding blueberry yogurt 3 x 120 g,11900.0,NEEDS,Makan & Minum Harian,Produk Olahan Susu,Minuman
diamond susu uht all purpose milk plain 1 l,19900.0,NEEDS,Makan & Minum Harian,Produk Olahan Susu,Minuman
kin bulgarian yogurt slurp stroberi 45 g,3800.0,NEEDS,Makan & Minum Harian,Produk Olahan Susu,Minuman
frisian flag krimer kental manis hokkaido cheese pouch 240 g,9200.0,NEEDS,Makan & Minum Harian,Produk Olahan Susu,Minuman
vidoran xmart kids susu uht cokelat kotak 24 x 175 ml - karton,87900.0,NEEDS,Makan & Minum Harian,Produk Olahan Susu,Minuman
anlene gold 5x susu bubuk dewasa cokelat 825 g,136800.0,NEEDS,Makan & Minum Harian,Produk Olahan Susu,Minuman
ultra mimi kids susu uht vanila kotak 40 x 125 ml - karton,146900.0,NEEDS,Makan & Minum Harian,Produk Olahan Susu,Minuman
sidomuncul kunyit asam minuman kesehatan melancarkan haid sachet 5 x 25 g,12300.0,NEEDS,Makan & Minum Harian,Minuman Instan,Minuman
sariwangi teh celup melati 25 kantung celup,10900.0,NEEDS,Makan & Minum Harian,Minuman Instan,Minuman
maxcreamer box 500 g,50700.0,NEEDS,Makan & Minum Harian,Minuman Instan,Minuman
kapal api kopi gula aren 10 x 23 g,21100.0,NEEDS,Makan & Minum Harian,Minuman Instan,Minuman
abc squash delight sirup jeruk florida 425 ml,13900.0,NEEDS,Makan & Minum Harian,Minuman Instan,Minuman
nescafe kopi klasik sachet 10 x 2 g,14400.0,NEEDS,Makan & Minum Harian,Minuman Instan,Minuman
kapal api kopi bubuk instan special 150 g,26100.0,NEEDS,Makan & Minum Harian,Minuman Instan,Minuman
sosro teh celup hitam 30 kantung celup,7900.0,NEEDS,Makan & Minum Harian,Minuman Instan,Minuman
poci teh hitam celup vanila 25 x 2 g,7500.0,NEEDS,Makan & Minum Harian,Minuman Instan,Minuman
nescafe ice roast kopi instan americano bag 10 x 2 g,14400.0,NEEDS,Makan & Minum Harian,Minuman Instan,Minuman
sariwangi teh celup hitam asli 50 s,10900.0,NEEDS,Makan & Minum Harian,Minuman Instan,Minuman
tong tji teh celup melati 25 kantung celup,13100.0,NEEDS,Makan & Minum Harian,Minuman Instan,Minuman
teh cap botol teh hijau celup 25 pcs,7600.0,NEEDS,Makan & Minum Harian,Minuman Instan,Minuman
nescafe kopi klasik bubuk bag 45 g,22200.0,NEEDS,Makan & Minum Harian,Minuman Instan,Minuman
poci teh hitam celup teh asli 25 x 2 g,7500.0,NEEDS,Makan & Minum Harian,Minuman Instan,Minuman
kapal api kopi special 20 x 6 g,20900.0,NEEDS,Makan & Minum Harian,Minuman Instan,Minuman
top coffee kopi gula aren tubruk legitzz sachet 9 x 27 g,10500.0,NEEDS,Makan & Minum Harian,Minuman Instan,Minuman
luwak white koffie original 9 x 20 g,18800.0,NEEDS,Makan & Minum Harian,Minuman Instan,Minuman
good day kopi instan latte butterscotch 10 x 22 g,18900.0,NEEDS,Makan & Minum Harian,Minuman Instan,Minuman
abc kopi susu gula aren 9 x 27 g,13400.0,NEEDS,Makan & Minum Harian,Minuman Instan,Minuman
indocafe coffeemix kopi 3 in 1 sachet 10 x 20 g,20100.0,NEEDS,Makan & Minum Harian,Minuman Instan,Minuman
sosro teh celup hitam 50 kantung celup,12600.0,NEEDS,Makan & Minum Harian,Minuman Instan,Minuman
good day kopi instan latte original 10 x 22 g,18900.0,NEEDS,Makan & Minum Harian,Minuman Instan,Minuman
abc kopi susu instan 10 x 30 g,15900.0,NEEDS,Makan & Minum Harian,Minuman Instan,Minuman
pikopi kopi instan gula aren 9 x 22 g,11400.0,NEEDS,Makan & Minum Harian,Minuman Instan,Minuman
sarang tawon sirup markisa botol 430 ml,28300.0,NEEDS,Makan & Minum Harian,Minuman Instan,Minuman
top coffee kopi cappuccino sachet 12+6 x 25 g,19900.0,NEEDS,Makan & Minum Harian,Minuman Instan,Minuman
kepala djenggot teh merah 50 g,6500.0,NEEDS,Makan & Minum Harian,Minuman Instan,Minuman
top coffee kopi gula aren sachet 12+6 x 22 g,19900.0,NEEDS,Makan & Minum Harian,Minuman Instan,Minuman
chekhup 3 in 1 ipoh white coffee original 12 x 40 g,110900.0,NEEDS,Makan & Minum Harian,Minuman Instan,Minuman
chekhup kokoo 3 in 1 minuman cokelat hazelnut 12 x 40 g,102900.0,NEEDS,Makan & Minum Harian,Minuman Instan,Minuman
excelso kopi bubuk arabica gold 200 g,59900.0,NEEDS,Makan & Minum Harian,Minuman Instan,Minuman
tropicana slim minuman kopi avocado sachet 4 x 14 g,20900.0,NEEDS,Makan & Minum Harian,Minuman Instan,Minuman
torabika duo kopi instan + gula sachet 10 x 25 g,21900.0,NEEDS,Makan & Minum Harian,Minuman Instan,Minuman
torabika tora susu kopi instan full cream sachet 10 x 31 g,21900.0,NEEDS,Makan & Minum Harian,Minuman Instan,Minuman
indocafe white kopi krim instan box 10 x 12 g,24500.0,NEEDS,Makan & Minum Harian,Minuman Instan,Minuman
chekhup 2 in 1 ipoh white coffee & krimer 12 x 30 g,110900.0,NEEDS,Makan & Minum Harian,Minuman Instan,Minuman
kapal api kopi bubuk luwak blend 200 g,118500.0,NEEDS,Makan & Minum Harian,Minuman Instan,Minuman
tropicana slim minuman cafe latte 10x14 g,34000.0,NEEDS,Makan & Minum Harian,Minuman Instan,Minuman
tropicana slim minuman white coffee sachet 4 x 15 g,23000.0,NEEDS,Makan & Minum Harian,Minuman Instan,Minuman
indocafe coffeemix kopi instan rich & strong 5 x 27 g,14900.0,NEEDS,Makan & Minum Harian,Minuman Instan,Minuman
torabika cappuccino kopi instan bubuk sachet 30 x 25 g,72900.0,NEEDS,Makan & Minum Harian,Minuman Instan,Minuman
tropicana slim minuman serbuk kopi krimer french butter souffle 60 g,19500.0,NEEDS,Makan & Minum Harian,Minuman Instan,Minuman
chekhup 3 in 1 ipoh white coffee rich 12 x 40 g,110900.0,NEEDS,Makan & Minum Harian,Minuman Instan,Minuman
x'tragin kopi jahe gingseng 5 sachet,18500.0,NEEDS,Makan & Minum Harian,Minuman Instan,Minuman
tropicana slim minuman bubuk cokelat salted caramel cocoa 60 g,20900.0,NEEDS,Makan & Minum Harian,Minuman Instan,Minuman
kapal api morning blend kopi 200 g,55900.0,NEEDS,Makan & Minum Harian,Minuman Instan,Minuman
marjan boudoin sirup melon botol 460 ml,26900.0,NEEDS,Makan & Minum Harian,Minuman Instan,Minuman
marjan boudoin sirup cocopandan botol 460 ml,27400.0,NEEDS,Makan & Minum Harian,Minuman Instan,Minuman
marjan squash sirup jeruk 400 ml,14500.0,NEEDS,Makan & Minum Harian,Minuman Instan,Minuman
marjan squash sirup leci 400 ml,14500.0,NEEDS,Makan & Minum Harian,Minuman Instan,Minuman
abc squash delight sirup leci 425 ml,13400.0,NEEDS,Makan & Minum Harian,Minuman Instan,Minuman
marjan boudoin sirup leci botol 460 ml,26900.0,NEEDS,Makan & Minum Harian,Minuman Instan,Minuman
abc special grade sirup cocopandan 460 ml,30400.0,NEEDS,Makan & Minum Harian,Minuman Instan,Minuman
marjan squash sirup sirsak 400 ml,12500.0,NEEDS,Makan & Minum Harian,Minuman Instan,Minuman
maxtea tarikk 5 x 25 g,15200.0,NEEDS,Makan & Minum Harian,Minuman Instan,Minuman
fresco kopi cappuccino 6+3 x 25 g,13500.0,NEEDS,Makan & Minum Harian,Minuman Instan,Minuman
gadjah kopi tubruk asli instan 138 g,22300.0,NEEDS,Makan & Minum Harian,Minuman Instan,Minuman
kapal api mantap kopi instan + gula 8 x 25 g,14100.0,NEEDS,Makan & Minum Harian,Minuman Instan,Minuman
amh jahe merah super 5 x 20 g,6000.0,NEEDS,Makan & Minum Harian,Minuman Instan,Minuman
cap bangau sirup rasa pisang ambon botol 620 ml,26900.0,NEEDS,Makan & Minum Harian,Minuman Instan,Minuman
anget sari minuman serbuk susu jahe 5 x 28 g,9300.0,NEEDS,Makan & Minum Harian,Minuman Instan,Minuman
good day kopi freeze hazelnut macchiato sachet 5 x 30 g,15200.0,NEEDS,Makan & Minum Harian,Minuman Instan,Minuman
gadjah kopi tubruk asli instan 60 g,10600.0,NEEDS,Makan & Minum Harian,Minuman Instan,Minuman
kapal api kopi bubuk instan special 90 g,15800.0,NEEDS,Makan & Minum Harian,Minuman Instan,Minuman
teh cap botol tubruk hijau 40 g,4400.0,NEEDS,Makan & Minum Harian,Minuman Instan,Minuman
tong tji teh super ekstra harum 80 g,9700.0,NEEDS,Makan & Minum Harian,Minuman Instan,Minuman
tong tji teh seduh wangi premium 10 x 9 g,12200.0,NEEDS,Makan & Minum Harian,Minuman Instan,Minuman
kurnia specie sirup limonade siroop raspberry botol 600 ml,27000.0,NEEDS,Makan & Minum Harian,Minuman Instan,Minuman
kapal api special kopi bubuk 350 g,53400.0,NEEDS,Makan & Minum Harian,Minuman Instan,Minuman
adem sari minuman penyejuk 5 x 7 g,20300.0,NEEDS,Makan & Minum Harian,Minuman Instan,Minuman
kapal api one kopi + gula bubuk 10 x 23 g,17400.0,NEEDS,Makan & Minum Harian,Minuman Instan,Minuman
torabika creamy latte 10 x 20 g,22400.0,NEEDS,Makan & Minum Harian,Minuman Instan,Minuman
tong tji teh celup amplop jasmine 25 kantung celup,17000.0,NEEDS,Makan & Minum Harian,Minuman Instan,Minuman
torabika cappuccino kopi instan 10 x 25 g,28200.0,NEEDS,Makan & Minum Harian,Minuman Instan,Minuman
teh gopek slawi 80 g,10000.0,NEEDS,Makan & Minum Harian,Minuman Instan,Minuman
2tang teh celup melati 25 kantung celup,9600.0,NEEDS,Makan & Minum Harian,Minuman Instan,Minuman
gadjah kopi tubruk manis instan 10 x 23 g,20200.0,NEEDS,Makan & Minum Harian,Minuman Instan,Minuman
pikopi kopi instan 3 in 1 kopimix 9 x 20 g,12100.0,NEEDS,Makan & Minum Harian,Minuman Instan,Minuman
good day kopi instan 3 in 1 chococinno 10 x 20 g,16900.0,NEEDS,Makan & Minum Harian,Minuman Instan,Minuman
neo coffee kopi moccachino 3 in 1 sachet 9 x 20 g,10600.0,NEEDS,Makan & Minum Harian,Minuman Instan,Minuman
top coffee kopi instan mokachinno double shot 9 x 22 g,14400.0,NEEDS,Makan & Minum Harian,Minuman Instan,Minuman
luwak kopi murni premium 2 x 100 g,19600.0,NEEDS,Makan & Minum Harian,Minuman Instan,Minuman
top coffee kopi susu 3 in 1 instan sachet 10 x 31 g,15700.0,NEEDS,Makan & Minum Harian,Minuman Instan,Minuman
nutrisari jeruk peras minuman buah vitamin c 5 x 14 g,12700.0,NEEDS,Makan & Minum Harian,Minuman Instan,Minuman
good day kopi instan 3 in 1 mocacinno 10 x 20 g,16900.0,NEEDS,Makan & Minum Harian,Minuman Instan,Minuman
chocodrink minuman instan belgian cokelat 4 + 2 x 28 g,8100.0,NEEDS,Makan & Minum Harian,Minuman Instan,Minuman
top coffee kopi gula aren sachet 9 x 22 g,14500.0,NEEDS,Makan & Minum Harian,Minuman Instan,Minuman
nutrisari blackcurrant tea minuman serbuk 10 x 11 g,13500.0,NEEDS,Makan & Minum Harian,Minuman Instan,Minuman
prendjak teh celup wangi 25 s,7000.0,NEEDS,Makan & Minum Harian,Minuman Instan,Minuman
luwak kopi bubuk murni premium 9 x 6.5 g,9500.0,NEEDS,Makan & Minum Harian,Minuman Instan,Minuman
neo coffee 3 in 1 kopi tiramisu sachet 9 x 20 g,10600.0,NEEDS,Makan & Minum Harian,Minuman Instan,Minuman
kapal api kopi bubuk instan special mix 10 x 23 g,16500.0,NEEDS,Makan & Minum Harian,Minuman Instan,Minuman
sariwangi teh celup hitam asli 30 x 1.85 g,9100.0,NEEDS,Makan & Minum Harian,Minuman Instan,Minuman
good day kopi instan 3 in 1 latte vanila 10 x 20 g,16500.0,NEEDS,Makan & Minum Harian,Minuman Instan,Minuman
kapal api kopi hitam 350 g,37500.0,NEEDS,Makan & Minum Harian,Minuman Instan,Minuman
top coffee kopi cappuccino sachet 6+3 x 25 g,13800.0,NEEDS,Makan & Minum Harian,Minuman Instan,Minuman
luwak white koffie premium less sugar 9 s,16500.0,NEEDS,Makan & Minum Harian,Minuman Instan,Minuman
marjan squash sirup fruit punch 400 ml,12500.0,NEEDS,Makan & Minum Harian,Minuman Instan,Minuman
marjan squash sirup nanas 400 ml,12500.0,NEEDS,Makan & Minum Harian,Minuman Instan,Minuman
marjan boudoin sirup moka botol 460 ml,23900.0,NEEDS,Makan & Minum Harian,Minuman Instan,Minuman
es teh poci pandan vanila + selasih 120 g,7900.0,NEEDS,Makan & Minum Harian,Minuman Instan,Minuman
mustika ratu slimming tea celup 15 s,34200.0,NEEDS,Makan & Minum Harian,Minuman Instan,Minuman
sidomuncul este emje ginseng minuman tradisional menghangatkan tubuh sachet 5 x 30 g,23500.0,NEEDS,Makan & Minum Harian,Minuman Instan,Minuman
x'tragin minuman serbuk jahe merah 5 x 20 g,15700.0,NEEDS,Makan & Minum Harian,Minuman Instan,Minuman
x'tragin bandrek plus minuman serbuk jahe merah 5 x 19 g,14700.0,NEEDS,Makan & Minum Harian,Minuman Instan,Minuman
wonhae diy cafe minuman instan rasa blue lemonade 180 ml,9500.0,NEEDS,Makan & Minum Harian,Minuman Instan,Minuman
wonhae diy cafe minuman instan rasa peach lemonade 180 ml,9500.0,NEEDS,Makan & Minum Harian,Minuman Instan,Minuman
wonhae diy cafe minuman instan rasa pineapple lemonade 180 ml,9500.0,NEEDS,Makan & Minum Harian,Minuman Instan,Minuman
pororo minuman bebas gula rasa susu 235 ml,14700.0,NEEDS,Makan & Minum Harian,Minuman Instan,Minuman
pororo minuman bebas gula rasa strawberry 235 ml,14700.0,NEEDS,Makan & Minum Harian,Minuman Instan,Minuman
pororo minuman bebas gula rasa blueberry 235 ml,14700.0,NEEDS,Makan & Minum Harian,Minuman Instan,Minuman
huang gong minuman penyegar serbuk chrysanthemum granule 10 x 20 g,23500.0,NEEDS,Makan & Minum Harian,Minuman Instan,Minuman
excelso kopi bubuk java arabica 200 g,59900.0,NEEDS,Makan & Minum Harian,Minuman Instan,Minuman
excelso kopi bubuk kalosi toraja 200 g,65000.0,NEEDS,Makan & Minum Harian,Minuman Instan,Minuman
kepala djenggot jahe wangi ginger tea 200 g,19900.0,NEEDS,Makan & Minum Harian,Minuman Instan,Minuman
excelso assorted single serving kopi bubuk sachet 10 x 10 g,31000.0,NEEDS,Makan & Minum Harian,Minuman Instan,Minuman
nescafe gold kopi instan rich & smooth toples 100 g,115000.0,NEEDS,Makan & Minum Harian,Minuman Instan,Minuman
sariwangi minuman serbuk teh matcha latte 5 x 22 g,23500.0,NEEDS,Makan & Minum Harian,Minuman Instan,Minuman
sariwangi minuman serbuk teh earl grey milk tea 5 x 22 g,23500.0,NEEDS,Makan & Minum Harian,Minuman Instan,Minuman
bonteh minuman serbuk teh tarik 10 x 25 g,22000.0,NEEDS,Makan & Minum Harian,Minuman Instan,Minuman
bonteh minuman serbuk teh matcha creamy latte 10 x 25 g,22000.0,NEEDS,Makan & Minum Harian,Minuman Instan,Minuman
chekhup teh tarik 3 in 1 heritage milk tea 12 x 40 g,102900.0,NEEDS,Makan & Minum Harian,Minuman Instan,Minuman
tong tji teh tarik sachet 3 s,9900.0,NEEDS,Makan & Minum Harian,Minuman Instan,Minuman
tong tji teh matcha 3 s,11500.0,NEEDS,Makan & Minum Harian,Minuman Instan,Minuman
nutrisari minuman serbuk instan jeruk manis box 500 g,41900.0,NEEDS,Makan & Minum Harian,Minuman Instan,Minuman
tropicana slim sirup jeruk 750 ml,34900.0,NEEDS,Makan & Minum Harian,Minuman Instan,Minuman
tropicana slim sirup cocopandan 750 ml,34900.0,NEEDS,Makan & Minum Harian,Minuman Instan,Minuman
maxtea teh lemon instan box 30 x 25 g,46900.0,NEEDS,Makan & Minum Harian,Minuman Instan,Minuman
wrp diet tea minuman teh penurun berat badan 10 x 2.5 g,77900.0,NEEDS,Makan & Minum Harian,Minuman Instan,Minuman
tong tji teh celup jeruk purut 20 s,17500.0,NEEDS,Makan & Minum Harian,Minuman Instan,Minuman
tong tji teh celup seduh super 250 g,23900.0,NEEDS,Makan & Minum Harian,Minuman Instan,Minuman
tong tji teh celup hijau 25 s x 50 g,26500.0,NEEDS,Makan & Minum Harian,Minuman Instan,Minuman
tong tji teh lemongrass sachet 3 s,9900.0,NEEDS,Makan & Minum Harian,Minuman Instan,Minuman
tong tji teh jahe sachet 3 s,9900.0,NEEDS,Makan & Minum Harian,Minuman Instan,Minuman
sweet kokona drink chocolate 175 g,20900.0,NEEDS,Makan & Minum Harian,Minuman Instan,Minuman
tropicana slim minuman mint cocoa 60 g,20900.0,NEEDS,Makan & Minum Harian,Minuman Instan,Minuman
tropicana slim minuman serbuk instan jeruk manis 10 x 6 g,25500.0,NEEDS,Makan & Minum Harian,Minuman Instan,Minuman
tropicana slim minuman cokelat serbuk instan jeruk 4 x 15 gr,21000.0,NEEDS,Makan & Minum Harian,Minuman Instan,Minuman
tropicana slim sirup leci botol 750 ml,34900.0,NEEDS,Makan & Minum Harian,Minuman Instan,Minuman
tropicana slim 7 fruits fiber daily minuman serbuk mix berries box 180 g,125000.0,NEEDS,Makan & Minum Harian,Minuman Instan,Minuman
gadjah kopi tubruk drip indonesia blend 5 x 7.5 g,30900.0,NEEDS,Makan & Minum Harian,Minuman Instan,Minuman
gadjah kopi tubruk drip arabica mandailing 5 x 7.5 g,39000.0,NEEDS,Makan & Minum Harian,Minuman Instan,Minuman
sweet kokona drink chocolate less sugar 132 g,20900.0,NEEDS,Makan & Minum Harian,Minuman Instan,Minuman
k-mild decaf latte kopi instan dekafein 5 x 20 g,23900.0,NEEDS,Makan & Minum Harian,Minuman Instan,Minuman
zenlatte minuman serbuk teh matcha 10 x 22 g,32500.0,NEEDS,Makan & Minum Harian,Minuman Instan,Minuman
zenlatte minuman serbuk thai tea 10 x 22 g,32500.0,NEEDS,Makan & Minum Harian,Minuman Instan,Minuman
zenlatte minuman serbuk brown sugar milk tea 10 x 22 g,32500.0,NEEDS,Makan & Minum Harian,Minuman Instan,Minuman
nutrisari american sweet orange minuman buah vitamin c 10 x 14 g,20400.0,NEEDS,Makan & Minum Harian,Minuman Instan,Minuman
good day kopi instan cappuccino 10 x 25 g,25700.0,NEEDS,Makan & Minum Harian,Minuman Instan,Minuman
kapal api special kopi bubuk 250 g,43000.0,NEEDS,Makan & Minum Harian,Minuman Instan,Minuman
sidomuncul jahe wangi minuman tradisional menghangatkan tubuh 5 x 25 g,9300.0,NEEDS,Makan & Minum Harian,Minuman Instan,Minuman
fresco kopi instan kopi + gula 8 x 23 g,8200.0,NEEDS,Makan & Minum Harian,Minuman Instan,Minuman
luwak kopi gula bag 5 + 2 x 23 g,8500.0,NEEDS,Makan & Minum Harian,Minuman Instan,Minuman
sidomuncul susu jahe minuman menghangatkan badan 10 x 27 g,23500.0,NEEDS,Makan & Minum Harian,Minuman Instan,Minuman
kepala djenggot teh hijau celup 25 pcs,15300.0,NEEDS,Makan & Minum Harian,Minuman Instan,Minuman
es teh poci teh tarik gula aren 125 g,10000.0,NEEDS,Makan & Minum Harian,Minuman Instan,Minuman
zenlatte minuman serbuk teh tarik 10 x 22 g,32500.0,NEEDS,Makan & Minum Harian,Minuman Instan,Minuman
zenlatte minuman serbuk teh earl grey 10 x 22 g,32500.0,NEEDS,Makan & Minum Harian,Minuman Instan,Minuman
kepala djenggot teh melati 50 g,8000.0,NEEDS,Makan & Minum Harian,Minuman Instan,Minuman
marjan boudoin sirup vanila botol 460 ml,23900.0,NEEDS,Makan & Minum Harian,Minuman Instan,Minuman
excelso kopi bubuk robusta gold 200 g,45000.0,NEEDS,Makan & Minum Harian,Minuman Instan,Minuman
sariwangi teh celup hitam kurma & madu 25 pcs,8000.0,NEEDS,Makan & Minum Harian,Minuman Instan,Minuman
dht sirup pisang ambon botol 620 ml,29000.0,NEEDS,Makan & Minum Harian,Minuman Instan,Minuman
ellenka rich creme krimer nabati non dairy 500 g,35000.0,NEEDS,Makan & Minum Harian,Minuman Instan,Minuman
maxtea teh tarik instan box 30 x 25 g,74900.0,NEEDS,Makan & Minum Harian,Minuman Instan,Minuman
indocafe cappuccino bag 10 x 25 g,26900.0,NEEDS,Makan & Minum Harian,Minuman Instan,Minuman
so nice sosis siap makan sapi 480 g,26800.0,NEEDS,Makan & Minum Harian,Makanan Siap Saji,Produk Segar & Beku
bean spot cancimen cuanki ramen ekstra pedas cup 75 g - ready to eat,16000.0,NEEDS,Makan & Minum Harian,Makanan Siap Saji,Produk Segar & Beku
bean spot onigiri ayam suwir mc deli,12000.0,NEEDS,Makan & Minum Harian,Makanan Siap Saji,Produk Segar & Beku
bean spot ciomy cuanki ayam keju pedas 40 g - ready to eat,23000.0,NEEDS,Makan & Minum Harian,Makanan Siap Saji,Produk Segar & Beku
bean spot onigiri rendang cabe ijo mc deli,12000.0,NEEDS,Makan & Minum Harian,Makanan Siap Saji,Produk Segar & Beku
sozzis sosis siap makan sapi 75 g,8500.0,NEEDS,Makan & Minum Harian,Makanan Siap Saji,Produk Segar & Beku
sozzis sosis siap makan ayam 75 g,7500.0,NEEDS,Makan & Minum Harian,Makanan Siap Saji,Produk Segar & Beku
so nice sosis premium keju 60 g,8500.0,NEEDS,Makan & Minum Harian,Makanan Siap Saji,Produk Segar & Beku
so nice sosis premium original 60 g,8500.0,NEEDS,Makan & Minum Harian,Makanan Siap Saji,Produk Segar & Beku
so nice sosis premium pedas 60 g,8500.0,NEEDS,Makan & Minum Harian,Makanan Siap Saji,Produk Segar & Beku
so nice sosis premium smoked bratwurst 60 g,8500.0,NEEDS,Makan & Minum Harian,Makanan Siap Saji,Produk Segar & Beku
fiesta ready to go sosis daging ayam cheesy melt 65 g,8900.0,NEEDS,Makan & Minum Harian,Makanan Siap Saji,Produk Segar & Beku
so good sosis jepang keju saus pedas 55 g,9100.0,NEEDS,Makan & Minum Harian,Makanan Siap Saji,Produk Segar & Beku
so good sosis korea buldak 58 g,9100.0,NEEDS,Makan & Minum Harian,Makanan Siap Saji,Produk Segar & Beku
fiesta ready to go sosis ayam cheesy lava 60 g,9500.0,NEEDS,Makan & Minum Harian,Makanan Siap Saji,Produk Segar & Beku
fiesta ready to go siomay ayam 54 g,8600.0,NEEDS,Makan & Minum Harian,Makanan Siap Saji,Produk Segar & Beku
kanzler singles sosis sapi & ayam gochujang 60 g,9000.0,NEEDS,Makan & Minum Harian,Makanan Siap Saji,Produk Segar & Beku
kanzler singles sosis sapi & ayam original 65 g,9000.0,NEEDS,Makan & Minum Harian,Makanan Siap Saji,Produk Segar & Beku
fiesta ready to go sosis ayam dan sapi original 65 g,8900.0,NEEDS,Makan & Minum Harian,Makanan Siap Saji,Produk Segar & Beku
fiesta ready to go sosis ayam spicy korean 60 g,8900.0,NEEDS,Makan & Minum Harian,Makanan Siap Saji,Produk Segar & Beku
kanzler singles sosis sapi & ayam mini 65 g,9000.0,NEEDS,Makan & Minum Harian,Makanan Siap Saji,Produk Segar & Beku
fiesta ready to go bakso daging ayam keju 60 g,8900.0,NEEDS,Makan & Minum Harian,Makanan Siap Saji,Produk Segar & Beku
kimbo bratwurst sosis sapi 60 g,7900.0,NEEDS,Makan & Minum Harian,Makanan Siap Saji,Produk Segar & Beku
kimbo probites sosis sapi & ayam keju amerika 60 g,9200.0,NEEDS,Makan & Minum Harian,Makanan Siap Saji,Produk Segar & Beku
kanzler singles bakso gochujang 55 g,9000.0,NEEDS,Makan & Minum Harian,Makanan Siap Saji,Produk Segar & Beku
fiesta ready to go bakso daging ayam saus barbekiu 60 g,8900.0,NEEDS,Makan & Minum Harian,Makanan Siap Saji,Produk Segar & Beku
fiesta ready to go bakso sapi chessy lava 55 g,9500.0,NEEDS,Makan & Minum Harian,Makanan Siap Saji,Produk Segar & Beku
kanzler bakso original 48 g,8900.0,NEEDS,Makan & Minum Harian,Makanan Siap Saji,Produk Segar & Beku
fiesta ready to go sosis ayam hot lava 60 g,9500.0,NEEDS,Makan & Minum Harian,Makanan Siap Saji,Produk Segar & Beku
sozzis fill-o sosis siap makan ayam saus keju 45 g,4100.0,NEEDS,Makan & Minum Harian,Makanan Siap Saji,Produk Segar & Beku
kanzler singles sosis sapi & ayam tom yum 60 g,8900.0,NEEDS,Makan & Minum Harian,Makanan Siap Saji,Produk Segar & Beku
kanzler bakso keju 48 g,8900.0,NEEDS,Makan & Minum Harian,Makanan Siap Saji,Produk Segar & Beku
so good sosis korea keju buldak 58 g,9100.0,NEEDS,Makan & Minum Harian,Makanan Siap Saji,Produk Segar & Beku
fiesta ready to go sosis ayam hickory barbeque lava 60 g,9500.0,NEEDS,Makan & Minum Harian,Makanan Siap Saji,Produk Segar & Beku
fiesta ready to go sosis ayam mentai lava 60 g,9500.0,NEEDS,Makan & Minum Harian,Makanan Siap Saji,Produk Segar & Beku
so good sosis jepang saus pedas 55 g,9400.0,NEEDS,Makan & Minum Harian,Makanan Siap Saji,Produk Segar & Beku
bean spot onigiri mc deli spicy salmon,12000.0,NEEDS,Makan & Minum Harian,Makanan Siap Saji,Produk Segar & Beku
fiesta ready to go bakso sapi dan ayam mentai lava 55 g,9500.0,NEEDS,Makan & Minum Harian,Makanan Siap Saji,Produk Segar & Beku
bean spot onigiri mc deli salmon mayo,12000.0,NEEDS,Makan & Minum Harian,Makanan Siap Saji,Produk Segar & Beku
kanzler singles sosis sapi & ayam pedas 65 g,9000.0,NEEDS,Makan & Minum Harian,Makanan Siap Saji,Produk Segar & Beku
bean spot onigiri ayam pedas mc deli,12000.0,NEEDS,Makan & Minum Harian,Makanan Siap Saji,Produk Segar & Beku
bean spot onigiri mc deli tuna mayo,12000.0,NEEDS,Makan & Minum Harian,Makanan Siap Saji,Produk Segar & Beku
bean spot cancimen batagor kuah instan cup 75 g - ready to eat,16000.0,NEEDS,Makan & Minum Harian,Makanan Siap Saji,Produk Segar & Beku
kanzler singles sosis sapi & ayam keju 65 g,9000.0,NEEDS,Makan & Minum Harian,Makanan Siap Saji,Produk Segar & Beku
kanzler bakso pedas 48 g,9000.0,NEEDS,Makan & Minum Harian,Makanan Siap Saji,Produk Segar & Beku
bean spot gorengan tahu pedas,6000.0,NEEDS,Makan & Minum Harian,Makanan Siap Saji,Produk Segar & Beku
bean spot grissini sweet,8900.0,NEEDS,Makan & Minum Harian,Makanan Siap Saji,Produk Segar & Beku
bean spot grissini salty,8900.0,NEEDS,Makan & Minum Harian,Makanan Siap Saji,Produk Segar & Beku
bean spot nasindo nasi soto pouch 85 g - ready to eat,8000.0,NEEDS,Makan & Minum Harian,Makanan Siap Saji,Produk Segar & Beku
forestly minuman serbuk cokelat hazelnut 27 g,13000.0,NEEDS,Makan & Minum Harian,Makanan Siap Saji,Produk Segar & Beku
kimbo probites sosis korean hot & spicy 60 g,9200.0,NEEDS,Makan & Minum Harian,Makanan Siap Saji,Produk Segar & Beku
yuuka food teri krispi original 30 g,16900.0,NEEDS,Makan & Minum Harian,Makanan Siap Saji,Produk Segar & Beku
yuuka food teri krispi barbekiu 30 g,14900.0,NEEDS,Makan & Minum Harian,Makanan Siap Saji,Produk Segar & Beku
bean spot roti polo cokelat,9500.0,NEEDS,Makan & Minum Harian,Makanan Siap Saji,Produk Segar & Beku
bean spot roti pizza sosis,9000.0,NEEDS,Makan & Minum Harian,Makanan Siap Saji,Produk Segar & Beku
bean spot bread pisang cokelat,9000.0,NEEDS,Makan & Minum Harian,Makanan Siap Saji,Produk Segar & Beku
bean spot sosis solo,6000.0,NEEDS,Makan & Minum Harian,Makanan Siap Saji,Produk Segar & Beku
bean spot gorengan pastel,6500.0,NEEDS,Makan & Minum Harian,Makanan Siap Saji,Produk Segar & Beku
bean spot gorengan risoles smoked beef,6000.0,NEEDS,Makan & Minum Harian,Makanan Siap Saji,Produk Segar & Beku
bean spot gorengan martabak,6000.0,NEEDS,Makan & Minum Harian,Makanan Siap Saji,Produk Segar & Beku
bean spot pisang cokelat,6000.0,NEEDS,Makan & Minum Harian,Makanan Siap Saji,Produk Segar & Beku
bean spot sosis bakar,10000.0,NEEDS,Makan & Minum Harian,Makanan Siap Saji,Produk Segar & Beku
bean spot lumpia goreng pedas,5500.0,NEEDS,Makan & Minum Harian,Makanan Siap Saji,Produk Segar & Beku
bean spot gorengan samosa pedas,6000.0,NEEDS,Makan & Minum Harian,Makanan Siap Saji,Produk Segar & Beku
bean spot roti cokelat keju jadoel,7500.0,NEEDS,Makan & Minum Harian,Makanan Siap Saji,Produk Segar & Beku
bean spot gorengan martabak,6000.0,NEEDS,Makan & Minum Harian,Makanan Siap Saji,Produk Segar & Beku
bean spot gorengan pastel,6000.0,NEEDS,Makan & Minum Harian,Makanan Siap Saji,Produk Segar & Beku
bean spot gorengan risoles smokebeef,6000.0,NEEDS,Makan & Minum Harian,Makanan Siap Saji,Produk Segar & Beku
bean spot gorengan samosa pedas,6000.0,NEEDS,Makan & Minum Harian,Makanan Siap Saji,Produk Segar & Beku
bean spot gorengan tahu pedas,6000.0,NEEDS,Makan & Minum Harian,Makanan Siap Saji,Produk Segar & Beku
bean spot bakso bakar,8000.0,NEEDS,Makan & Minum Harian,Makanan Siap Saji,Produk Segar & Beku
bean spot pisang molen,6000.0,NEEDS,Makan & Minum Harian,Makanan Siap Saji,Produk Segar & Beku
bean spot pisang crunchy,5000.0,NEEDS,Makan & Minum Harian,Makanan Siap Saji,Produk Segar & Beku
bean spot roti goreng cokelat keju,7500.0,NEEDS,Makan & Minum Harian,Makanan Siap Saji,Produk Segar & Beku
bean spot roti goreng sosis,8500.0,NEEDS,Makan & Minum Harian,Makanan Siap Saji,Produk Segar & Beku
bean spot roti long john cokelat,8500.0,NEEDS,Makan & Minum Harian,Makanan Siap Saji,Produk Segar & Beku
bean spot risol bolognese,6500.0,NEEDS,Makan & Minum Harian,Makanan Siap Saji,Produk Segar & Beku
bean spot risol mac n cheese,6500.0,NEEDS,Makan & Minum Harian,Makanan Siap Saji,Produk Segar & Beku
bean spot family food nasi ayam rica box 320 g,39000.0,NEEDS,Makan & Minum Harian,Makanan Siap Saji,Produk Segar & Beku
bean spot family food nasi kuning ayam cabai hijau rica box 320 g,39000.0,NEEDS,Makan & Minum Harian,Makanan Siap Saji,Produk Segar & Beku
bean spot nasi goreng cakalang kecombrang,15000.0,NEEDS,Makan & Minum Harian,Makanan Siap Saji,Produk Segar & Beku
bean spot nasi goreng ayam cabe ijo,15000.0,NEEDS,Makan & Minum Harian,Makanan Siap Saji,Produk Segar & Beku
bean spot nasi goreng kampung,15000.0,NEEDS,Makan & Minum Harian,Makanan Siap Saji,Produk Segar & Beku
bean spot sosis bakar original kimbo,11500.0,NEEDS,Makan & Minum Harian,Makanan Siap Saji,Produk Segar & Beku
bean spot kyla batagor kuah cup 80 g - ready to eat,20000.0,NEEDS,Makan & Minum Harian,Makanan Siap Saji,Produk Segar & Beku
bean spot kimbo bakso pentol,8900.0,NEEDS,Makan & Minum Harian,Makanan Siap Saji,Produk Segar & Beku
bean spot ciomy cuanki ayam pedas 40 g - ready to eat,22000.0,NEEDS,Makan & Minum Harian,Makanan Siap Saji,Produk Segar & Beku
bean spot sosis bakar keju kimbo,11500.0,NEEDS,Makan & Minum Harian,Makanan Siap Saji,Produk Segar & Beku
bean spot nasindo nasi goreng pouch 85 g - ready to eat,8000.0,NEEDS,Makan & Minum Harian,Makanan Siap Saji,Produk Segar & Beku
bean spot kyla seblak cup 90 g - ready to eat,18000.0,NEEDS,Makan & Minum Harian,Makanan Siap Saji,Produk Segar & Beku
bean spot sosis bakar pedas kimbo,11500.0,NEEDS,Makan & Minum Harian,Makanan Siap Saji,Produk Segar & Beku
mamasuka jongga fermentasi sayur kimchi instan original 50 g,11500.0,NEEDS,Makan & Minum Harian,Makanan Siap Saji,Produk Segar & Beku
nasgul nasi gulung siap makan tongseng sapi 80 g,13900.0,NEEDS,Makan & Minum Harian,Makanan Siap Saji,Produk Segar & Beku
nasgul nasi gulung siap makan rendang sapi 80 g,13900.0,NEEDS,Makan & Minum Harian,Makanan Siap Saji,Produk Segar & Beku
nasgul nasi gulung siap makan beef bulgogi 80 gr,13900.0,NEEDS,Makan & Minum Harian,Makanan Siap Saji,Produk Segar & Beku
nasgul nasi gulung siap makan sambal teri 80 g,13900.0,NEEDS,Makan & Minum Harian,Makanan Siap Saji,Produk Segar & Beku
mamasuka jongga fermentasi sayur kimchi instan pedas 50 g,11500.0,NEEDS,Makan & Minum Harian,Makanan Siap Saji,Produk Segar & Beku
bean spot es hazelnut latte 16 oz,15000.0,NEEDS,Makan & Minum Harian,Minuman Siap Saji,Produk Segar & Beku
bean spot es matcha latte 16 oz,18000.0,NEEDS,Makan & Minum Harian,Minuman Siap Saji,Produk Segar & Beku
bean spot es kopi cappuccino,15000.0,NEEDS,Makan & Minum Harian,Minuman Siap Saji,Produk Segar & Beku
bean spot es kopi susu 16 oz,15000.0,NEEDS,Makan & Minum Harian,Minuman Siap Saji,Produk Segar & Beku
bean spot kopi djadoel 16 oz,15000.0,NEEDS,Makan & Minum Harian,Minuman Siap Saji,Produk Segar & Beku
bean spot es kopi shake cheese espresso,15000.0,NEEDS,Makan & Minum Harian,Minuman Siap Saji,Produk Segar & Beku
bean spot es teh manis,5000.0,NEEDS,Makan & Minum Harian,Minuman Siap Saji,Produk Segar & Beku
bean spot es salted caramel latte16 oz,15000.0,NEEDS,Makan & Minum Harian,Minuman Siap Saji,Produk Segar & Beku
bean spot es kopi mocha latte 16 oz,15000.0,NEEDS,Makan & Minum Harian,Minuman Siap Saji,Produk Segar & Beku
bean spot es kopi latte gula jawa,15000.0,NEEDS,Makan & Minum Harian,Minuman Siap Saji,Produk Segar & Beku
bean spot es kopi caffe latte,15000.0,NEEDS,Makan & Minum Harian,Minuman Siap Saji,Produk Segar & Beku
bean spot es kopi americano,15000.0,NEEDS,Makan & Minum Harian,Minuman Siap Saji,Produk Segar & Beku
bean spot es cokelat keju macchiato 16 oz,15000.0,NEEDS,Makan & Minum Harian,Minuman Siap Saji,Produk Segar & Beku
bean spot iced cokelat hazelnut 16 oz,15000.0,NEEDS,Makan & Minum Harian,Minuman Siap Saji,Produk Segar & Beku
bean spot kopi panas caffe mocha 8 oz,15000.0,NEEDS,Makan & Minum Harian,Minuman Siap Saji,Produk Segar & Beku
forestly minuman serbuk cokelat vanila 27 g,13000.0,NEEDS,Makan & Minum Harian,Minuman Siap Saji,Produk Segar & Beku
forestly minuman serbuk latte teh hijau 27 g,15000.0,NEEDS,Makan & Minum Harian,Minuman Siap Saji,Produk Segar & Beku
alfamart kopi papua cup 10 g,10000.0,NEEDS,Makan & Minum Harian,Minuman Siap Saji,Produk Segar & Beku
alfamart kopi sumatra cup 10 g,10000.0,NEEDS,Makan & Minum Harian,Minuman Siap Saji,Produk Segar & Beku
alfamart kopi toraja cup 10 g,10000.0,NEEDS,Makan & Minum Harian,Minuman Siap Saji,Produk Segar & Beku
bean spot buavita kopi glowing 16 oz,18000.0,NEEDS,Makan & Minum Harian,Minuman Siap Saji,Produk Segar & Beku
bean spot buavita milkshake glowing 16 oz,25000.0,NEEDS,Makan & Minum Harian,Minuman Siap Saji,Produk Segar & Beku
bean spot iced quaker choco oat vanila 16 oz,15000.0,NEEDS,Makan & Minum Harian,Minuman Siap Saji,Produk Segar & Beku
bean spot iced quaker choco cheese oat machiato 16 oz,20000.0,NEEDS,Makan & Minum Harian,Minuman Siap Saji,Produk Segar & Beku
bean spot es teh leci,10000.0,NEEDS,Makan & Minum Harian,Minuman Siap Saji,Produk Segar & Beku
bean spot es japanese blossom,12000.0,NEEDS,Makan & Minum Harian,Minuman Siap Saji,Produk Segar & Beku
bean spot es kopi hitam japanese blossom,18000.0,NEEDS,Makan & Minum Harian,Minuman Siap Saji,Produk Segar & Beku
bean spot es quaker choco berry kalcer 16 oz,25000.0,NEEDS,Makan & Minum Harian,Minuman Siap Saji,Produk Segar & Beku
bean spot es quaker dubai kalcer 16 oz,25000.0,NEEDS,Makan & Minum Harian,Minuman Siap Saji,Produk Segar & Beku
bean spot es kopi hitam strawberry hokkaido cheese,18000.0,NEEDS,Makan & Minum Harian,Minuman Siap Saji,Produk Segar & Beku
bean spot es strawberry hokkaido cheese,18000.0,NEEDS,Makan & Minum Harian,Minuman Siap Saji,Produk Segar & Beku
bean spot es mango latte 16 oz,18000.0,NEEDS,Makan & Minum Harian,Minuman Siap Saji,Produk Segar & Beku
bean spot es green tea mango 16 oz,20000.0,NEEDS,Makan & Minum Harian,Minuman Siap Saji,Produk Segar & Beku
bean spot es coconut mango 16 oz,20000.0,NEEDS,Makan & Minum Harian,Minuman Siap Saji,Produk Segar & Beku
alfamart kopi aceh cup 8 oz,10000.0,NEEDS,Makan & Minum Harian,Minuman Siap Saji,Produk Segar & Beku
alfamart kopi bali cup 8 oz,10000.0,NEEDS,Makan & Minum Harian,Minuman Siap Saji,Produk Segar & Beku
bean spot iced cokelat vanilla 16 oz,15000.0,NEEDS,Makan & Minum Harian,Minuman Siap Saji,Produk Segar & Beku
bean spot es green tea latte 16 oz,18000.0,NEEDS,Makan & Minum Harian,Minuman Siap Saji,Produk Segar & Beku
alfamart telur ayam negeri,2600.0,NEEDS,Makan & Minum Harian,Makanan Segar,Produk Segar & Beku
alfamart telur ayam kampung 6 pcs,4700.0,NEEDS,Makan & Minum Harian,Makanan Segar,Produk Segar & Beku
alfamart telur ayam kampung arab merah 4 pcs,5500.0,NEEDS,Makan & Minum Harian,Makanan Segar,Produk Segar & Beku
gado telur bebek asin 55 g,11900.0,NEEDS,Makan & Minum Harian,Makanan Segar,Produk Segar & Beku
cedea eomuk bar korean spicy 65 g,5900.0,NEEDS,Makan & Minum Harian,Makanan Beku,Produk Segar & Beku
cedea eomuk bar cheese tasty 65 g,5900.0,NEEDS,Makan & Minum Harian,Makanan Beku,Produk Segar & Beku
glico wings haku es krim bluberi cheesecake cup 110 ml,10200.0,WANTS,Jajan & Nongkrong,Es Krim,Produk Segar & Beku
campina concerto es krim icownic black moon 80 ml,8400.0,WANTS,Jajan & Nongkrong,Es Krim,Produk Segar & Beku
wall's cornetto es krim yogurt berry 108 ml,11500.0,WANTS,Jajan & Nongkrong,Es Krim,Produk Segar & Beku
glico frost bite es krim cookies cream 60 ml,6000.0,WANTS,Jajan & Nongkrong,Es Krim,Produk Segar & Beku
glico wings haku es krim monaka vanila & cokelat krispi 100 ml,6000.0,WANTS,Jajan & Nongkrong,Es Krim,Produk Segar & Beku
glico wings haku es krim almond classic deluxe cup 110 ml,11900.0,WANTS,Jajan & Nongkrong,Es Krim,Produk Segar & Beku
glico wings haku es krim monaka stroberi & cokelat krispi 100 ml,6000.0,WANTS,Jajan & Nongkrong,Es Krim,Produk Segar & Beku
glico wings frostbite es krim crunchy potato bites stik 75 ml,5500.0,WANTS,Jajan & Nongkrong,Es Krim,Produk Segar & Beku
wall's magnum es krim stroberi panna 80 ml,20800.0,WANTS,Jajan & Nongkrong,Es Krim,Produk Segar & Beku
campina hula hula es krim durian 90 ml,16300.0,WANTS,Jajan & Nongkrong,Es Krim,Produk Segar & Beku
wall's populaire es krim stroberi vanila 90 ml,5900.0,WANTS,Jajan & Nongkrong,Es Krim,Produk Segar & Beku
campina hula hula es krim kacang hijau 45 ml,5000.0,WANTS,Jajan & Nongkrong,Es Krim,Produk Segar & Beku
wall's cornetto es krim black & white 80 ml,6700.0,WANTS,Jajan & Nongkrong,Es Krim,Produk Segar & Beku
wall's paddle pop es krim rainbow 50 ml,4100.0,WANTS,Jajan & Nongkrong,Es Krim,Produk Segar & Beku
glico wings frostbite es krim mochi cookies & cream 45 ml,3800.0,WANTS,Jajan & Nongkrong,Es Krim,Produk Segar & Beku
glico wings frostbite es krim mochi choco lava 46 ml,3800.0,WANTS,Jajan & Nongkrong,Es Krim,Produk Segar & Beku
wall's cornetto es krim crunchy milky berry 80 ml,6600.0,WANTS,Jajan & Nongkrong,Es Krim,Produk Segar & Beku
wall's cornetto es krim disc oreo 110 ml,13800.0,WANTS,Jajan & Nongkrong,Es Krim,Produk Segar & Beku
wall's magnum es krim vanila klasik 80 ml,19100.0,WANTS,Jajan & Nongkrong,Es Krim,Produk Segar & Beku
campina es krim cookie creamy stick 55 ml,4600.0,WANTS,Jajan & Nongkrong,Es Krim,Produk Segar & Beku
campina concerto es krim midi cookie creamy 80 ml,6500.0,WANTS,Jajan & Nongkrong,Es Krim,Produk Segar & Beku
wall's cornetto es krim cokelat silverqueen 108 ml,15600.0,WANTS,Jajan & Nongkrong,Es Krim,Produk Segar & Beku
wall's upin ipin es krim fruity tower 66 ml,4500.0,WANTS,Jajan & Nongkrong,Es Krim,Produk Segar & Beku
campina concerto es krim midi stroberi chunk 80 ml,6500.0,WANTS,Jajan & Nongkrong,Es Krim,Produk Segar & Beku
wall's populaire es krim fruity mango 90 ml,5900.0,WANTS,Jajan & Nongkrong,Es Krim,Produk Segar & Beku
wall's feast pop es krim vanila & karamel 64 ml,10500.0,WANTS,Jajan & Nongkrong,Es Krim,Produk Segar & Beku
wall's cornetto es krim choco brownie 108 ml,11000.0,WANTS,Jajan & Nongkrong,Es Krim,Produk Segar & Beku
campina hula hula es krim alpukat 45 ml,5000.0,WANTS,Jajan & Nongkrong,Es Krim,Produk Segar & Beku
campina hula hula es krim tape ketan hitam 45 ml,5300.0,WANTS,Jajan & Nongkrong,Es Krim,Produk Segar & Beku
glico wings frostbite es krim yakoo dengan jeli stroberi 60 ml,3600.0,WANTS,Jajan & Nongkrong,Es Krim,Produk Segar & Beku
wall's magnum es krim matcha crumble 80 ml,20800.0,WANTS,Jajan & Nongkrong,Es Krim,Produk Segar & Beku
glico wings frostbite es krim mochi pandan srikaya 46 ml,3500.0,WANTS,Jajan & Nongkrong,Es Krim,Produk Segar & Beku
wall's es krim oreo cookies & cream 90 ml,9200.0,WANTS,Jajan & Nongkrong,Es Krim,Produk Segar & Beku
glico wings frostbite es krim kopi jelly gula aren stik 60 ml,4500.0,WANTS,Jajan & Nongkrong,Es Krim,Produk Segar & Beku
wall's oreo es krim stik 80 ml,10500.0,WANTS,Jajan & Nongkrong,Es Krim,Produk Segar & Beku
wall's paddle pop es krim jelly stroberi 60 ml,4700.0,WANTS,Jajan & Nongkrong,Es Krim,Produk Segar & Beku
glico wings haku es krim monaka matcha 180 ml,14800.0,WANTS,Jajan & Nongkrong,Es Krim,Produk Segar & Beku
campina hula hula es krim tape ketan hitam 45 ml,5500.0,WANTS,Jajan & Nongkrong,Es Krim,Produk Segar & Beku
wall's feast pop es krim stroberi yogurt 4 x 16 ml,10500.0,WANTS,Jajan & Nongkrong,Es Krim,Produk Segar & Beku
wall's cornetto es krim disc cokelat hazelnut 108 ml,13500.0,WANTS,Jajan & Nongkrong,Es Krim,Produk Segar & Beku
campina hula hula es krim kacang hijau 45 ml,5300.0,WANTS,Jajan & Nongkrong,Es Krim,Produk Segar & Beku
wall's magnum es krim mango yoghurt parfait 80 ml,20800.0,WANTS,Jajan & Nongkrong,Es Krim,Produk Segar & Beku
wall's feast max es krim vanila 65 ml,6700.0,WANTS,Jajan & Nongkrong,Es Krim,Produk Segar & Beku
wall's magnum es krim vanila almond 80 ml,19100.0,WANTS,Jajan & Nongkrong,Es Krim,Produk Segar & Beku
glico wings frostbite es krim boba milk tea stik 60 ml,4800.0,WANTS,Jajan & Nongkrong,Es Krim,Produk Segar & Beku
glico wings frost bite es krim cookies and cream cup 90 ml,6000.0,WANTS,Jajan & Nongkrong,Es Krim,Produk Segar & Beku
wall's feast xtra max max es krim cokelat 73 ml,9000.0,WANTS,Jajan & Nongkrong,Es Krim,Produk Segar & Beku
wall's feast max es krim cokelat 65 ml,6700.0,WANTS,Jajan & Nongkrong,Es Krim,Produk Segar & Beku
campina spongebob squarepants es krim fantastic choco banana stick 70 ml,6500.0,WANTS,Jajan & Nongkrong,Es Krim,Produk Segar & Beku
glico wings frostbite es krim cokelat double crunchy stik 70 ml,6000.0,WANTS,Jajan & Nongkrong,Es Krim,Produk Segar & Beku
wall's es krim 3 in 1 extra creamy neopolitana 350 ml,25000.0,WANTS,Jajan & Nongkrong,Es Krim,Produk Segar & Beku
wall's cornetto es krim disc cokelat 108 ml,11500.0,WANTS,Jajan & Nongkrong,Es Krim,Produk Segar & Beku
campina concerto es krim midi stroberi chunk 80 ml,6800.0,WANTS,Jajan & Nongkrong,Es Krim,Produk Segar & Beku
wall's paddle pop es krim banana race 42 ml,5800.0,WANTS,Jajan & Nongkrong,Es Krim,Produk Segar & Beku
wall's solero es krim lava berries 65 ml,8000.0,WANTS,Jajan & Nongkrong,Es Krim,Produk Segar & Beku
wall's es krim ice ball anggur 69 ml,10500.0,WANTS,Jajan & Nongkrong,Es Krim,Produk Segar & Beku
glico wings haku es krim monaka vanila 180 ml,14800.0,WANTS,Jajan & Nongkrong,Es Krim,Produk Segar & Beku
glico wings frost bite es krim cokelat vanila cup 85 ml,5900.0,WANTS,Jajan & Nongkrong,Es Krim,Produk Segar & Beku
campina spongebob squarepants es krim fantastic choco banana stick 70 ml,6000.0,WANTS,Jajan & Nongkrong,Es Krim,Produk Segar & Beku
wall's es krim ice ball guava stroberi 69 ml,10500.0,WANTS,Jajan & Nongkrong,Es Krim,Produk Segar & Beku
wall's shaky shake es krim cokelat 140 ml,11000.0,WANTS,Jajan & Nongkrong,Es Krim,Produk Segar & Beku
wall's cornetto es krim apple crumb 108 ml,10800.0,WANTS,Jajan & Nongkrong,Es Krim,Produk Segar & Beku
wall's cornetto es krim mini oreo vanila 12 x 28 ml,37000.0,WANTS,Jajan & Nongkrong,Es Krim,Produk Segar & Beku
campina hula hula es krim alpukat 45 ml,5300.0,WANTS,Jajan & Nongkrong,Es Krim,Produk Segar & Beku
wall's populaire es krim cokelat vanila 90 ml,5800.0,WANTS,Jajan & Nongkrong,Es Krim,Produk Segar & Beku
campina spongebob squarepants es krim fantastic choco banana cup 80 ml,6400.0,WANTS,Jajan & Nongkrong,Es Krim,Produk Segar & Beku
campina es krim kacang cashew 90 ml,12500.0,WANTS,Jajan & Nongkrong,Es Krim,Produk Segar & Beku
kiko stik es aneka rasa assorted 10 pcs,8800.0,WANTS,Jajan & Nongkrong,Es Krim,Produk Segar & Beku
campina spongebob squarepants es krim fantastic choco banana 80 ml,6300.0,WANTS,Jajan & Nongkrong,Es Krim,Produk Segar & Beku
campina es krim cheese cake stroberi cup 90 ml,13200.0,WANTS,Jajan & Nongkrong,Es Krim,Produk Segar & Beku
wall's calippo star wars es krim stroberi 100 ml,10400.0,WANTS,Jajan & Nongkrong,Es Krim,Produk Segar & Beku
wall's magnum cafe au lait rasa kopi susu 80 ml,20100.0,WANTS,Jajan & Nongkrong,Es Krim,Produk Segar & Beku
campina fruitzy es krim rasa apel 90 ml,5400.0,WANTS,Jajan & Nongkrong,Es Krim,Produk Segar & Beku
campina concerto es krim midi cookie creamy 80 ml,6800.0,WANTS,Jajan & Nongkrong,Es Krim,Produk Segar & Beku
"wall's upin ipin es krim semangka, jeruk, nanas 60 ml",4800.0,WANTS,Jajan & Nongkrong,Es Krim,Produk Segar & Beku
wall's oreo mini es krim oreo vanila 6 x 45 ml,24500.0,WANTS,Jajan & Nongkrong,Es Krim,Produk Segar & Beku
wall's es krim avocado brownie 350 ml,29900.0,WANTS,Jajan & Nongkrong,Es Krim,Produk Segar & Beku
wall's es krim matcha stroberi 350 ml,29900.0,WANTS,Jajan & Nongkrong,Es Krim,Produk Segar & Beku
wall's cornetto es krim mini disc cokelat & tiramisu 12 x 28 ml,37500.0,WANTS,Jajan & Nongkrong,Es Krim,Produk Segar & Beku
wall's feast double es krim coklat 75 ml,8100.0,WANTS,Jajan & Nongkrong,Es Krim,Produk Segar & Beku
campina es krim heart crunchy stroberi vanila 88 ml,6500.0,WANTS,Jajan & Nongkrong,Es Krim,Produk Segar & Beku
wall's paddle pop es krim choco lava 50 ml,4100.0,WANTS,Jajan & Nongkrong,Es Krim,Produk Segar & Beku
glico wings haku es krim tiramisu cup 110 ml,10200.0,WANTS,Jajan & Nongkrong,Es Krim,Produk Segar & Beku
wall's paddle pop es krim mochi cokelat vanila 45 ml,3400.0,WANTS,Jajan & Nongkrong,Es Krim,Produk Segar & Beku
wong coco es bon bon cokelat stroberi 5 x 85 g,8900.0,WANTS,Jajan & Nongkrong,Es Krim,Produk Segar & Beku
wall's magnum es krim cokelat luxe 80 ml,20200.0,WANTS,Jajan & Nongkrong,Es Krim,Produk Segar & Beku
wall's cornetto white cokelat & keju susu 134 ml,13700.0,WANTS,Jajan & Nongkrong,Es Krim,Produk Segar & Beku
campina tropicana es krim cokelat double crunchy 65 ml,6900.0,WANTS,Jajan & Nongkrong,Es Krim,Produk Segar & Beku
wall's magnum mini es krim almond stroberi panna 6 x 45 ml,55500.0,WANTS,Jajan & Nongkrong,Es Krim,Produk Segar & Beku
wall's calippo pokemon es krim stroberi nanas 100 ml,10500.0,WANTS,Jajan & Nongkrong,Es Krim,Produk Segar & Beku
wall's calippo pokemon es krim peach mangga 100 ml,10500.0,WANTS,Jajan & Nongkrong,Es Krim,Produk Segar & Beku
campina happy cow es krim vanila cup 85 ml,9200.0,WANTS,Jajan & Nongkrong,Es Krim,Produk Segar & Beku
glico frost bite es krim coconut shake 60 ml,4800.0,WANTS,Jajan & Nongkrong,Es Krim,Produk Segar & Beku
campina tropicana es krim cokelat vanila 65 ml,6900.0,WANTS,Jajan & Nongkrong,Es Krim,Produk Segar & Beku
campina concerto es krim choco passion 110 ml,11000.0,WANTS,Jajan & Nongkrong,Es Krim,Produk Segar & Beku
campina frozen es krim vanila cotton candy 55 ml,6300.0,WANTS,Jajan & Nongkrong,Es Krim,Produk Segar & Beku
campina fruitzy es krim rasa apel 90 ml,5100.0,WANTS,Jajan & Nongkrong,Es Krim,Produk Segar & Beku
campina es krim cookie creamy 350 ml,27000.0,WANTS,Jajan & Nongkrong,Es Krim,Produk Segar & Beku
campina es krim heart crunchy stroberi vanila 88 ml,6200.0,WANTS,Jajan & Nongkrong,Es Krim,Produk Segar & Beku
campina frozen es krim vanila cotton candy 55 ml,6000.0,WANTS,Jajan & Nongkrong,Es Krim,Produk Segar & Beku
campina es krim neapolitan 350 ml,27000.0,WANTS,Jajan & Nongkrong,Es Krim,Produk Segar & Beku
campina hula hula es krim kacang hijau maxx 65 ml,6500.0,WANTS,Jajan & Nongkrong,Es Krim,Produk Segar & Beku
campina hula hula es krim durian 90 ml,16000.0,WANTS,Jajan & Nongkrong,Es Krim,Produk Segar & Beku
campina es krim korea anggur hijau shine muscat 55 ml,4600.0,WANTS,Jajan & Nongkrong,Es Krim,Produk Segar & Beku
campina es krim rainbow pops 60 ml,5400.0,WANTS,Jajan & Nongkrong,Es Krim,Produk Segar & Beku
campina concerto es krim choco passion 110 ml,11200.0,WANTS,Jajan & Nongkrong,Es Krim,Produk Segar & Beku
campina fruitzy es krim rasa apel 90 ml,5400.0,WANTS,Jajan & Nongkrong,Es Krim,Produk Segar & Beku
wong coco es bon bon fruity aneka rasa 5 x 85 g,8500.0,WANTS,Jajan & Nongkrong,Es Krim,Produk Segar & Beku
"7cosia es lolipop indulge time rasa cola, yogurt, peach 8 x 82 g",8900.0,WANTS,Jajan & Nongkrong,Es Krim,Produk Segar & Beku
wong coco bonbon stik es rasa buah 5 x 85 ml,8000.0,WANTS,Jajan & Nongkrong,Es Krim,Produk Segar & Beku
wall's es krim tropical delight 350 ml,24500.0,WANTS,Jajan & Nongkrong,Es Krim,Produk Segar & Beku
wall's twister es krim leci anggur 55 ml,4500.0,WANTS,Jajan & Nongkrong,Es Krim,Produk Segar & Beku
campina patrick es krim stroberi cokelat vanila 65 ml,6200.0,WANTS,Jajan & Nongkrong,Es Krim,Produk Segar & Beku
wall's solero es krim mangga 65 ml,5600.0,WANTS,Jajan & Nongkrong,Es Krim,Produk Segar & Beku
wall's cornetto es krim stroberi & vanila 80 ml,6700.0,WANTS,Jajan & Nongkrong,Es Krim,Produk Segar & Beku
botan sarden mackerel saus tomat kaleng 425 g,42500.0,NEEDS,Makan & Minum Harian,Makanan Kemasan,Produk Segar & Beku
pronas kornet daging 340 g,43800.0,NEEDS,Makan & Minum Harian,Makanan Kemasan,Produk Segar & Beku
abc sarden saus tomat 425 g,29500.0,NEEDS,Makan & Minum Harian,Makanan Kemasan,Produk Segar & Beku
asahi sarden pedas kaleng 155 g,11700.0,NEEDS,Makan & Minum Harian,Makanan Kemasan,Produk Segar & Beku
abc sarden saus ekstra pedas 425 g,29500.0,NEEDS,Makan & Minum Harian,Makanan Kemasan,Produk Segar & Beku
abc sarden saus cabai 425 g,29500.0,NEEDS,Makan & Minum Harian,Makanan Kemasan,Produk Segar & Beku
asahi sarden tomat kaleng 155 g,11700.0,NEEDS,Makan & Minum Harian,Makanan Kemasan,Produk Segar & Beku
abc sarden saus ekstra pedas 155 g,10900.0,NEEDS,Makan & Minum Harian,Makanan Kemasan,Produk Segar & Beku
belfoods royal ready to go sosis ayam nami pedas 55 g,8600.0,NEEDS,Makan & Minum Harian,Makanan Kemasan,Produk Segar & Beku
abc sarden saus cabai 155 g,10900.0,NEEDS,Makan & Minum Harian,Makanan Kemasan,Produk Segar & Beku
belfoods royal ready to go sosis daging daegu original 55 g,8300.0,NEEDS,Makan & Minum Harian,Makanan Kemasan,Produk Segar & Beku
maya sarden kaleng 155 g,12500.0,NEEDS,Makan & Minum Harian,Makanan Kemasan,Produk Segar & Beku
kornetku kornet sapi sachet 50 g,6700.0,NEEDS,Makan & Minum Harian,Makanan Kemasan,Produk Segar & Beku
pronas kornet daging klasik 50 g,8500.0,NEEDS,Makan & Minum Harian,Makanan Kemasan,Produk Segar & Beku
pronas kornetku kornet beef 200 g,22400.0,NEEDS,Makan & Minum Harian,Makanan Kemasan,Produk Segar & Beku
maya sarden kaleng 425 g,29000.0,NEEDS,Makan & Minum Harian,Makanan Kemasan,Produk Segar & Beku
botan sarden saus tomat kaleng 155 g,11400.0,NEEDS,Makan & Minum Harian,Makanan Kemasan,Produk Segar & Beku
botan sarden mackerel saus tomat kaleng 155 g,15900.0,NEEDS,Makan & Minum Harian,Makanan Kemasan,Produk Segar & Beku
fiesta seafood makarel saus cabai kaleng 425 g,23500.0,NEEDS,Makan & Minum Harian,Makanan Kemasan,Produk Segar & Beku
belfoods royal ready to go sosis ayam jeju keju 55 g,8600.0,NEEDS,Makan & Minum Harian,Makanan Kemasan,Produk Segar & Beku
fiesta seafood sarden saus cabai kaleng 155 g,10700.0,NEEDS,Makan & Minum Harian,Makanan Kemasan,Produk Segar & Beku
sunpride buah nanas irisan dalam sirup pekat kaleng 567 g,16500.0,NEEDS,Makan & Minum Harian,Makanan Kemasan,Produk Segar & Beku
sunpride tropical fruit salad buah kaleng dalam sirup 825 gr,19900.0,NEEDS,Makan & Minum Harian,Makanan Kemasan,Produk Segar & Beku
imperial buah kaleng jeruk mandarin dalam sirup 312 g,17200.0,NEEDS,Makan & Minum Harian,Makanan Kemasan,Produk Segar & Beku
imperial buah kaleng peach halves dalam sirup 425 g,20200.0,NEEDS,Makan & Minum Harian,Makanan Kemasan,Produk Segar & Beku
pronas kornet daging sapi dengan jamur kaleng 340 g,36500.0,NEEDS,Makan & Minum Harian,Makanan Kemasan,Produk Segar & Beku
pronas daging ayam luncheon kaleng 340 g,36500.0,NEEDS,Makan & Minum Harian,Makanan Kemasan,Produk Segar & Beku
imperial leci buah kaleng dalam sirup 565 g,36900.0,NEEDS,Makan & Minum Harian,Makanan Kemasan,Produk Segar & Beku
ikps buah kaleng jeruk mandarin dalam sirup 425 g,20900.0,NEEDS,Makan & Minum Harian,Makanan Kemasan,Produk Segar & Beku
ikps buah kaleng yellow peach halves dalam sirup 425 g,20900.0,NEEDS,Makan & Minum Harian,Makanan Kemasan,Produk Segar & Beku
ikps buah kaleng leci dalam sirup 567 g,35000.0,NEEDS,Makan & Minum Harian,Makanan Kemasan,Produk Segar & Beku
ikps buah kaleng longan dalam sirup 567 g,37000.0,NEEDS,Makan & Minum Harian,Makanan Kemasan,Produk Segar & Beku
phra phrom buah kaleng longan dalam sirup 567 g,37000.0,NEEDS,Makan & Minum Harian,Makanan Kemasan,Produk Segar & Beku
alfamart gunting kuku besar,19900.0,WANTS,Hobi & Self-Reward,Peralatan Rias & Tata Rambut,Personal Care
trendy gunting kuku td-622e,22700.0,WANTS,Hobi & Self-Reward,Peralatan Rias & Tata Rambut,Personal Care
alfamart bt21 spons makeup,17900.0,WANTS,Hobi & Self-Reward,Peralatan Rias & Tata Rambut,Personal Care
alfamart sisir tangle brush assorted,34900.0,WANTS,Hobi & Self-Reward,Peralatan Rias & Tata Rambut,Personal Care
alfamart jarum pentul peniti 80 pcs,17900.0,WANTS,Hobi & Self-Reward,Peralatan Rias & Tata Rambut,Personal Care
trendy sisir vitex v-5 inches,5600.0,WANTS,Hobi & Self-Reward,Peralatan Rias & Tata Rambut,Personal Care
disney frozen sisir assorted,16900.0,WANTS,Hobi & Self-Reward,Peralatan Rias & Tata Rambut,Personal Care
disney princess sisir assorted,16900.0,WANTS,Hobi & Self-Reward,Peralatan Rias & Tata Rambut,Personal Care
disney princess sisir assorted,19900.0,WANTS,Hobi & Self-Reward,Peralatan Rias & Tata Rambut,Personal Care
disney lotso sisir d224 assorted,20900.0,WANTS,Hobi & Self-Reward,Peralatan Rias & Tata Rambut,Personal Care
scorlines spons makeup bulat 1 pcs,10900.0,WANTS,Hobi & Self-Reward,Peralatan Rias & Tata Rambut,Personal Care
scorlines spons makeup 2 pcs,11900.0,WANTS,Hobi & Self-Reward,Peralatan Rias & Tata Rambut,Personal Care
alfamart bt21 nail gunting kuku,22500.0,WANTS,Hobi & Self-Reward,Peralatan Rias & Tata Rambut,Personal Care
sanrio sisir anak a124 assorted,37900.0,WANTS,Hobi & Self-Reward,Peralatan Rias & Tata Rambut,Personal Care
alfamart disney sisir d225 assorted,37900.0,WANTS,Hobi & Self-Reward,Peralatan Rias & Tata Rambut,Personal Care
the wet brush sisir mini hitam,77900.0,WANTS,Hobi & Self-Reward,Peralatan Rias & Tata Rambut,Personal Care
the wet brush sisir mini pink,77900.0,WANTS,Hobi & Self-Reward,Peralatan Rias & Tata Rambut,Personal Care
the wet brush disney glitter ball sisir mini ariel,109000.0,WANTS,Hobi & Self-Reward,Peralatan Rias & Tata Rambut,Personal Care
the wet brush disney glitter ball sisir mini aurora,109000.0,WANTS,Hobi & Self-Reward,Peralatan Rias & Tata Rambut,Personal Care
the wet brush disney glitter ball sisir mini belle,109000.0,WANTS,Hobi & Self-Reward,Peralatan Rias & Tata Rambut,Personal Care
the wet brush disney glitter ball sisir mini cinderella,109000.0,WANTS,Hobi & Self-Reward,Peralatan Rias & Tata Rambut,Personal Care
the wet brush disney glitter ball sisir mini jasmine,109000.0,WANTS,Hobi & Self-Reward,Peralatan Rias & Tata Rambut,Personal Care
the wet brush disney glitter ball sisir mini rapunzel,109000.0,WANTS,Hobi & Self-Reward,Peralatan Rias & Tata Rambut,Personal Care
the wet brush hello kitty & friends sisir cinnamoroll,165900.0,WANTS,Hobi & Self-Reward,Peralatan Rias & Tata Rambut,Personal Care
the wet brush hello kitty & friends sisir kuromi,165900.0,WANTS,Hobi & Self-Reward,Peralatan Rias & Tata Rambut,Personal Care
trendy hi-comb sisir hc-164-1,12100.0,WANTS,Hobi & Self-Reward,Peralatan Rias & Tata Rambut,Personal Care
biore guard sabun mandi cair refresh lemongrass anti bakteri 100 ml,15000.0,NEEDS,Kebutuhan Rumah & Mandi,Perawatan Tubuh,Personal Care
vaseline gluta-hya serum tubuh dewy radiance 180 ml,48900.0,NEEDS,Kebutuhan Rumah & Mandi,Perawatan Tubuh,Personal Care
citra perfect bright lotion pelembap tubuh bengkoang 210 ml,24500.0,NEEDS,Kebutuhan Rumah & Mandi,Perawatan Tubuh,Personal Care
resik-v pembersih kewanitaan daun sirih aroma anggrek 90 ml,9900.0,NEEDS,Kebutuhan Rumah & Mandi,Perawatan Tubuh,Personal Care
dettol anti bakteri sabun mandi batang lasting fresh 100 g,9200.0,NEEDS,Kebutuhan Rumah & Mandi,Perawatan Tubuh,Personal Care
alfamart sabun cuci tangan strawberry pump 410 ml,15900.0,NEEDS,Kebutuhan Rumah & Mandi,Perawatan Tubuh,Personal Care
vaseline healthy bright soft + glow serum pelembap tubuh spf 20 180 ml,39500.0,NEEDS,Kebutuhan Rumah & Mandi,Perawatan Tubuh,Personal Care
shinzu'i skin lightening sabun mandi batang matsu 80 g,6300.0,NEEDS,Kebutuhan Rumah & Mandi,Perawatan Tubuh,Personal Care
purbasari minyak zaitun 150 ml,28500.0,NEEDS,Kebutuhan Rumah & Mandi,Perawatan Tubuh,Personal Care
dettol anti bakteri sabun mandi batang cool 100 g,9200.0,NEEDS,Kebutuhan Rumah & Mandi,Perawatan Tubuh,Personal Care
biore floral spa sabun mandi cair refill 400 ml,19900.0,NEEDS,Kebutuhan Rumah & Mandi,Perawatan Tubuh,Personal Care
lactacyd pembersih kewanitaan odor fresh 60 ml,38500.0,NEEDS,Kebutuhan Rumah & Mandi,Perawatan Tubuh,Personal Care
vaseline healthy bright uv extra brightening lotion pelembap tubuh glutaglow 100 ml,21900.0,NEEDS,Kebutuhan Rumah & Mandi,Perawatan Tubuh,Personal Care
giv white collection sabun mandi cair goat's milk & almond oil refill 400 ml,20700.0,NEEDS,Kebutuhan Rumah & Mandi,Perawatan Tubuh,Personal Care
giv white collection sabun mandi cair mulberry & collagen refill 400 ml,20700.0,NEEDS,Kebutuhan Rumah & Mandi,Perawatan Tubuh,Personal Care
posh deodoran roll on wanita hijab chic refreshing green 50 ml,9900.0,NEEDS,Kebutuhan Rumah & Mandi,Perawatan Tubuh,Personal Care
giv white collection sabun mandi cair sakura & pearl refill 400 ml,20200.0,NEEDS,Kebutuhan Rumah & Mandi,Perawatan Tubuh,Personal Care
alfamart sabun cuci tangan strawberry refill 375 ml,7900.0,NEEDS,Kebutuhan Rumah & Mandi,Perawatan Tubuh,Personal Care
giv white hijab sabun mandi cair oud & glutacinamide 400 ml,20700.0,NEEDS,Kebutuhan Rumah & Mandi,Perawatan Tubuh,Personal Care
alfamart sabun mandi cair fresh & protect biru refill 400 ml,10900.0,NEEDS,Kebutuhan Rumah & Mandi,Perawatan Tubuh,Personal Care
alfamart sabun cuci tangan refill green tea refill 375 ml,10000.0,NEEDS,Kebutuhan Rumah & Mandi,Perawatan Tubuh,Personal Care
alfamart sabun mandi cair clean & care hijau refill 400 ml,10900.0,NEEDS,Kebutuhan Rumah & Mandi,Perawatan Tubuh,Personal Care
biore guard sabun mandi cair refresh lemongrass anti bakteri 400 ml,19900.0,NEEDS,Kebutuhan Rumah & Mandi,Perawatan Tubuh,Personal Care
biore sabun mandi cair relaxing aromatic refill 400 ml,19900.0,NEEDS,Kebutuhan Rumah & Mandi,Perawatan Tubuh,Personal Care
gillette simply venus alat cukur wanita basic 2 pcs,22000.0,NEEDS,Kebutuhan Rumah & Mandi,Perawatan Tubuh,Personal Care
posh deodoran roll on wanita whitening 50 ml,9900.0,NEEDS,Kebutuhan Rumah & Mandi,Perawatan Tubuh,Personal Care
giv hijab collection sabun mandi cair tin & zaitun refill 400 ml,16300.0,NEEDS,Kebutuhan Rumah & Mandi,Perawatan Tubuh,Personal Care
giv white hijab sabun mandi cair shafron & niacinamide refill 400 ml,20700.0,NEEDS,Kebutuhan Rumah & Mandi,Perawatan Tubuh,Personal Care
giv white smooth & flawless sabun mandi cair sakura & pearl refill 825 ml,40900.0,NEEDS,Kebutuhan Rumah & Mandi,Perawatan Tubuh,Personal Care
marina uv white lotion pelembap tubuh e collagen asta 185 ml,7900.0,NEEDS,Kebutuhan Rumah & Mandi,Perawatan Tubuh,Personal Care
posh deodoran roll on wanita anti stain 50 ml,9900.0,NEEDS,Kebutuhan Rumah & Mandi,Perawatan Tubuh,Personal Care
purbasari lulur mandi pengantin brightening + bengkoang 500 g,34500.0,NEEDS,Kebutuhan Rumah & Mandi,Perawatan Tubuh,Personal Care
biore guard sabun mandi cair refresh lemongrass anti bakteri 725 ml,31900.0,NEEDS,Kebutuhan Rumah & Mandi,Perawatan Tubuh,Personal Care
souji sabun cuci tangan anti bakteri chamomile refill 375 ml,11200.0,NEEDS,Kebutuhan Rumah & Mandi,Perawatan Tubuh,Personal Care
vaseline gluta-hya serum tubuh flawless bright 180 ml,48900.0,NEEDS,Kebutuhan Rumah & Mandi,Perawatan Tubuh,Personal Care
shinzu'i skin lightening sabun mandi batang kirei 80 g,6300.0,NEEDS,Kebutuhan Rumah & Mandi,Perawatan Tubuh,Personal Care
giv beauty sabun mandi cair glamour passion flower 800 ml,40900.0,NEEDS,Kebutuhan Rumah & Mandi,Perawatan Tubuh,Personal Care
biore sabun mandi cair pure mild refill 400 ml,19900.0,NEEDS,Kebutuhan Rumah & Mandi,Perawatan Tubuh,Personal Care
biore sabun mandi cair pure mild 725 ml,31900.0,NEEDS,Kebutuhan Rumah & Mandi,Perawatan Tubuh,Personal Care
asepso sabun mandi batang antiseptik 80 g,12800.0,NEEDS,Kebutuhan Rumah & Mandi,Perawatan Tubuh,Personal Care
biore bright sabun mandi cair white scrub refill 380 ml,19900.0,NEEDS,Kebutuhan Rumah & Mandi,Perawatan Tubuh,Personal Care
biore bright sabun mandi cair lovely sakura refill 400 ml,19900.0,NEEDS,Kebutuhan Rumah & Mandi,Perawatan Tubuh,Personal Care
shinzu'i skin lightening sabun mandi batang kirei 3 x 100 g,19800.0,NEEDS,Kebutuhan Rumah & Mandi,Perawatan Tubuh,Personal Care
k-natural white sabun mandi cair jeju lemon refill 400 ml,15900.0,NEEDS,Kebutuhan Rumah & Mandi,Perawatan Tubuh,Personal Care
emeron lovely natural lotion pelembap tubuh deep caring green tea 400 ml,8900.0,NEEDS,Kebutuhan Rumah & Mandi,Perawatan Tubuh,Personal Care
emeron lovely natural lotion pelembap tubuh intense moisturizing 400 ml,8900.0,NEEDS,Kebutuhan Rumah & Mandi,Perawatan Tubuh,Personal Care
dove deeply nourishing sabun mandi cair refill 800 ml,37900.0,NEEDS,Kebutuhan Rumah & Mandi,Perawatan Tubuh,Personal Care
dove sensitive relief sabun mandi cair refill 400 ml,17900.0,NEEDS,Kebutuhan Rumah & Mandi,Perawatan Tubuh,Personal Care
lifebuoy sabun mandi cair anti bakteri mild care 500 g,35000.0,NEEDS,Kebutuhan Rumah & Mandi,Perawatan Tubuh,Personal Care
k-natural white sabun mandi cair sparkling magnolia pump 500 ml,25000.0,NEEDS,Kebutuhan Rumah & Mandi,Perawatan Tubuh,Personal Care
schick intuition exacta 2 alat cukur wanita sensitive 3 pcs,16000.0,NEEDS,Kebutuhan Rumah & Mandi,Perawatan Tubuh,Personal Care
gendes sweet aromatic pembersih kewanitaan foam vanilla 55 ml,50000.0,NEEDS,Kebutuhan Rumah & Mandi,Perawatan Tubuh,Personal Care
natur-e lotion pelembap tubuh daily nourishing moisturizing 245 ml,12500.0,NEEDS,Kebutuhan Rumah & Mandi,Perawatan Tubuh,Personal Care
emeron lovely natural lotion pelembap tubuh nourishing 400 ml,8900.0,NEEDS,Kebutuhan Rumah & Mandi,Perawatan Tubuh,Personal Care
vaseline healthy bright uv extra brightening lotion pelembap tubuh glutaglow 200 ml,35500.0,NEEDS,Kebutuhan Rumah & Mandi,Perawatan Tubuh,Personal Care
souji sabun cuci tangan anti bakteri japanese peach refill 375 ml,11400.0,NEEDS,Kebutuhan Rumah & Mandi,Perawatan Tubuh,Personal Care
biore sabun mandi cair relaxing aromatic 100 ml,15000.0,NEEDS,Kebutuhan Rumah & Mandi,Perawatan Tubuh,Personal Care
purbasari lotion tubuh jinten hitam habbatus sauda 200 ml,16900.0,NEEDS,Kebutuhan Rumah & Mandi,Perawatan Tubuh,Personal Care
biore guard sabun mandi cair cool peppermint anti bakteri 400 ml,19900.0,NEEDS,Kebutuhan Rumah & Mandi,Perawatan Tubuh,Personal Care
lux botanicals sabun mandi batang soft rose 3 x 100 g,14900.0,NEEDS,Kebutuhan Rumah & Mandi,Perawatan Tubuh,Personal Care
vaseline repairing jeli petroleum original 50 ml,36900.0,NEEDS,Kebutuhan Rumah & Mandi,Perawatan Tubuh,Personal Care
purbasari minyak zaitun mawar 150 ml,24900.0,NEEDS,Kebutuhan Rumah & Mandi,Perawatan Tubuh,Personal Care
jf sulfur sabun mandi batang keluarga anti bakteri 90 g,18800.0,NEEDS,Kebutuhan Rumah & Mandi,Perawatan Tubuh,Personal Care
shinzu'i skin lightening sabun mandi batang matsu 3 x 100 g,19800.0,NEEDS,Kebutuhan Rumah & Mandi,Perawatan Tubuh,Personal Care
shinzu'i skin lightening sabun mandi batang sakura 3 x 100 g,19800.0,NEEDS,Kebutuhan Rumah & Mandi,Perawatan Tubuh,Personal Care
souji sabun cuci tangan anti bakteri chamomile pump 410 ml,20900.0,NEEDS,Kebutuhan Rumah & Mandi,Perawatan Tubuh,Personal Care
caladine bedak gatal original 100 g,26500.0,NEEDS,Kebutuhan Rumah & Mandi,Perawatan Tubuh,Personal Care
purbasari lulur mandi bengkoang + whitening 200 g,20900.0,NEEDS,Kebutuhan Rumah & Mandi,Perawatan Tubuh,Personal Care
sumber ayu pembersih kewanitaan natural orchid 110 ml,11600.0,NEEDS,Kebutuhan Rumah & Mandi,Perawatan Tubuh,Personal Care
vaseline intensive care lotion pelembap tubuh aloe soothe 200 ml,36000.0,NEEDS,Kebutuhan Rumah & Mandi,Perawatan Tubuh,Personal Care
veet krim penghilang bulu kulit sensitif 60 g,63500.0,NEEDS,Kebutuhan Rumah & Mandi,Perawatan Tubuh,Personal Care
shinzu'i skin lightening sabun mandi cair matsu refill 725 g,27900.0,NEEDS,Kebutuhan Rumah & Mandi,Perawatan Tubuh,Personal Care
dove deodoran serum roll on 3% niacinamide + 10x vitamin c&e 45 ml,19000.0,NEEDS,Kebutuhan Rumah & Mandi,Perawatan Tubuh,Personal Care
k-natural white sabun mandi cair aloe vera refill 400 ml,15900.0,NEEDS,Kebutuhan Rumah & Mandi,Perawatan Tubuh,Personal Care
lux hijab series sabun mandi cair lavender & chamomile refill 380 g,15000.0,NEEDS,Kebutuhan Rumah & Mandi,Perawatan Tubuh,Personal Care
giv white smooth & glow sabun mandi cair mulberry & collagen 800 ml,29900.0,NEEDS,Kebutuhan Rumah & Mandi,Perawatan Tubuh,Personal Care
nuvo family sabun mandi cair ungu relax & protect refill 400 ml,15500.0,NEEDS,Kebutuhan Rumah & Mandi,Perawatan Tubuh,Personal Care
palmolive sabun mandi cair milk & honey refill 400 ml,32000.0,NEEDS,Kebutuhan Rumah & Mandi,Perawatan Tubuh,Personal Care
lifebuoy skin solutions sabun mandi cair yoghurt & oats 380 g,19000.0,NEEDS,Kebutuhan Rumah & Mandi,Perawatan Tubuh,Personal Care
gillette venus alat cukur wanita smooth sensitive + refill,77000.0,NEEDS,Kebutuhan Rumah & Mandi,Perawatan Tubuh,Personal Care
gillette venus alat cukur wanita comfortglide white tea + refill,99000.0,NEEDS,Kebutuhan Rumah & Mandi,Perawatan Tubuh,Personal Care
schick silk effects plus alat cukur wanita original,65000.0,NEEDS,Kebutuhan Rumah & Mandi,Perawatan Tubuh,Personal Care
palmolive naturals sabun mandi cair orchid refill 400 ml,27000.0,NEEDS,Kebutuhan Rumah & Mandi,Perawatan Tubuh,Personal Care
palmolive aroma sensations sabun mandi cair sensual refill 450 ml,32000.0,NEEDS,Kebutuhan Rumah & Mandi,Perawatan Tubuh,Personal Care
palmolive aroma sensations sabun mandi cair morning tonic refill 450 ml,32000.0,NEEDS,Kebutuhan Rumah & Mandi,Perawatan Tubuh,Personal Care
palmolive aroma sensations sabun mandi cair sensual 750 ml,69000.0,NEEDS,Kebutuhan Rumah & Mandi,Perawatan Tubuh,Personal Care
palmolive sabun mandi cair morning tonic pump 750 ml,69000.0,NEEDS,Kebutuhan Rumah & Mandi,Perawatan Tubuh,Personal Care
palmolive naturals sabun mandi cair orchid pump 1 l,79000.0,NEEDS,Kebutuhan Rumah & Mandi,Perawatan Tubuh,Personal Care
palmolive naturals sabun mandi cair susu & madu pump 1 l,79000.0,NEEDS,Kebutuhan Rumah & Mandi,Perawatan Tubuh,Personal Care
original source sabun mandi creamy vanilla & raspberry 1 l,85000.0,NEEDS,Kebutuhan Rumah & Mandi,Perawatan Tubuh,Personal Care
original source sabun mandi gel tingly mint & tea tree 250 ml,35000.0,NEEDS,Kebutuhan Rumah & Mandi,Perawatan Tubuh,Personal Care
ovale minyak zaitun tubuh 100 ml,30900.0,NEEDS,Kebutuhan Rumah & Mandi,Perawatan Tubuh,Personal Care
lux botanicals sabun mandi cair soft rose 580 ml,39900.0,NEEDS,Kebutuhan Rumah & Mandi,Perawatan Tubuh,Personal Care
betadine tisu pembersih kewanitaan gentle protection immortelle 10 s,9500.0,NEEDS,Kebutuhan Rumah & Mandi,Perawatan Tubuh,Personal Care
dove deeply nourishing sabun mandi cair pump 550 ml,45000.0,NEEDS,Kebutuhan Rumah & Mandi,Perawatan Tubuh,Personal Care
betadine pembersih kewanitaan foam lemon verbena 100 ml,47000.0,NEEDS,Kebutuhan Rumah & Mandi,Perawatan Tubuh,Personal Care
betadine pembersih kewanitaan foam immortelle 100 ml,47000.0,NEEDS,Kebutuhan Rumah & Mandi,Perawatan Tubuh,Personal Care
betadine pembersih kewanitaan firming floral 110 ml,12000.0,NEEDS,Kebutuhan Rumah & Mandi,Perawatan Tubuh,Personal Care
dove deeply nourishing sabun mandi cair botol 1 l,72000.0,NEEDS,Kebutuhan Rumah & Mandi,Perawatan Tubuh,Personal Care
prokleen sabun cuci tangan strawberry daydream jerigen 5 l,69900.0,NEEDS,Kebutuhan Rumah & Mandi,Perawatan Tubuh,Personal Care
prokleen sabun cuci tangan green tea jerigen 5 l,69900.0,NEEDS,Kebutuhan Rumah & Mandi,Perawatan Tubuh,Personal Care
aveeno lotion moisturizer pelembap tubuh colloidal oatmeal pump 354 ml,169000.0,NEEDS,Kebutuhan Rumah & Mandi,Perawatan Tubuh,Personal Care
aveeno lotion moisturizer pelembap tubuh skin relief triple oat pump 354 ml,239000.0,NEEDS,Kebutuhan Rumah & Mandi,Perawatan Tubuh,Personal Care
aveeno lotion moisturizer pelembap tubuh shooting & calming pump 354 ml,169000.0,NEEDS,Kebutuhan Rumah & Mandi,Perawatan Tubuh,Personal Care
vaseline gluta-hya serum tubuh pro-age restore collagen 200 ml,54900.0,NEEDS,Kebutuhan Rumah & Mandi,Perawatan Tubuh,Personal Care
glad2glow pomegranate serum wajah 10% niacinamide power bright 17 ml,38000.0,NEEDS,Kebutuhan Rumah & Mandi,Perawatan Tubuh,Personal Care
slavina lotion pelembap tubuh spill the night 200 ml,45000.0,NEEDS,Kebutuhan Rumah & Mandi,Perawatan Tubuh,Personal Care
slavina lotion pelembap tubuh red opium 200 ml,45000.0,NEEDS,Kebutuhan Rumah & Mandi,Perawatan Tubuh,Personal Care
slavina lotion pelembap tubuh shooting stars 200 ml,45000.0,NEEDS,Kebutuhan Rumah & Mandi,Perawatan Tubuh,Personal Care
vaseline gluta-hya serum tubuh smoothing perfector 200 ml,54900.0,NEEDS,Kebutuhan Rumah & Mandi,Perawatan Tubuh,Personal Care
aveeno lotion moisturizer pelembap tubuh shooting & calming pump 354 ml,169000.0,NEEDS,Kebutuhan Rumah & Mandi,Perawatan Tubuh,Personal Care
dettol sabun mandi cair fresh anti bakteri refill 720 g,39900.0,NEEDS,Kebutuhan Rumah & Mandi,Perawatan Tubuh,Personal Care
dettol sabun mandi cair lasting fresh anti bakteri refill 720 g,39900.0,NEEDS,Kebutuhan Rumah & Mandi,Perawatan Tubuh,Personal Care
kahf sabun mandi cair pria acne & relaxing botol 200 ml,24000.0,NEEDS,Kebutuhan Rumah & Mandi,Perawatan Tubuh,Personal Care
kahf sabun mandi cair pria brightening & cooling botol 200 ml,25000.0,NEEDS,Kebutuhan Rumah & Mandi,Perawatan Tubuh,Personal Care
aveeno sabun mandi cair daily moisturizing botol 354 ml,119900.0,NEEDS,Kebutuhan Rumah & Mandi,Perawatan Tubuh,Personal Care
aveeno sabun mandi cair skin relief botol 354 ml,145000.0,NEEDS,Kebutuhan Rumah & Mandi,Perawatan Tubuh,Personal Care
aveeno sabun mandi cair soothing & calming botol 354 ml,119900.0,NEEDS,Kebutuhan Rumah & Mandi,Perawatan Tubuh,Personal Care
dettol sabun mandi cair original anti bakteri pump 500 g,57900.0,NEEDS,Kebutuhan Rumah & Mandi,Perawatan Tubuh,Personal Care
dettol sabun mandi cair cool anti bakteri pump 500 g,57900.0,NEEDS,Kebutuhan Rumah & Mandi,Perawatan Tubuh,Personal Care
dettol sabun mandi cair fresh anti bakteri pump 500 g,57900.0,NEEDS,Kebutuhan Rumah & Mandi,Perawatan Tubuh,Personal Care
pigeon teens serum pelembap tubuh remaja calm fairy 100 ml,27900.0,NEEDS,Kebutuhan Rumah & Mandi,Perawatan Tubuh,Personal Care
lavojoy let it glow serum pelembap tubuh instant tone up spf 20 180 ml,61500.0,NEEDS,Kebutuhan Rumah & Mandi,Perawatan Tubuh,Personal Care
yuri sabun cuci tangan grape jerigen 3.7 l,120900.0,NEEDS,Kebutuhan Rumah & Mandi,Perawatan Tubuh,Personal Care
yuri sabun cuci tangan strawberry jerigen 3.7 l,120900.0,NEEDS,Kebutuhan Rumah & Mandi,Perawatan Tubuh,Personal Care
lux botanicals bright bluebell sabun mandi cair niacinamide pouch 380 g,19000.0,NEEDS,Kebutuhan Rumah & Mandi,Perawatan Tubuh,Personal Care
lady speed stick deodoran orchard blossom 45 g,49000.0,NEEDS,Kebutuhan Rumah & Mandi,Perawatan Tubuh,Personal Care
lady speed deodoran stik powder fresh 39.6 g,49000.0,NEEDS,Kebutuhan Rumah & Mandi,Perawatan Tubuh,Personal Care
lady speed deodoran stik wild freesia 45 g,49000.0,NEEDS,Kebutuhan Rumah & Mandi,Perawatan Tubuh,Personal Care
biore serum sabun mandi cair pampering almond oil & freesia 380 ml,28000.0,NEEDS,Kebutuhan Rumah & Mandi,Perawatan Tubuh,Personal Care
biore serum sabun mandi cair rejuvenating tsubaki oil & magnolia 380 ml,28000.0,NEEDS,Kebutuhan Rumah & Mandi,Perawatan Tubuh,Personal Care
biore serum sabun mandi cair rejuvenating tsubaki oil & magnolia 550 ml,65000.0,NEEDS,Kebutuhan Rumah & Mandi,Perawatan Tubuh,Personal Care
biore guard sabun cuci tangan foam anti bakteri sweet berry 250 ml,23000.0,NEEDS,Kebutuhan Rumah & Mandi,Perawatan Tubuh,Personal Care
biore guard sabun cuci tangan foam anti bakteri fresh lemon 250 ml,23000.0,NEEDS,Kebutuhan Rumah & Mandi,Perawatan Tubuh,Personal Care
secret clean propolis pembersih kewanitaan spray romantic love 8 ml,13900.0,NEEDS,Kebutuhan Rumah & Mandi,Perawatan Tubuh,Personal Care
secret clean propolis pembersih kewanitaan spray happy day 8 ml,13900.0,NEEDS,Kebutuhan Rumah & Mandi,Perawatan Tubuh,Personal Care
secret clean propolis pembersih kewanitaan spray fresh 8 ml,13900.0,NEEDS,Kebutuhan Rumah & Mandi,Perawatan Tubuh,Personal Care
citra perfect bright uv lotion pelembap tubuh bengkoang 380 ml,35000.0,NEEDS,Kebutuhan Rumah & Mandi,Perawatan Tubuh,Personal Care
citra radiant glow uv lotion pelembap tubuh pearl 380 ml,35000.0,NEEDS,Kebutuhan Rumah & Mandi,Perawatan Tubuh,Personal Care
biore guard sabun cuci tangan foam anti bakteri fruity refill 250 ml,17000.0,NEEDS,Kebutuhan Rumah & Mandi,Perawatan Tubuh,Personal Care
biore guard sabun cuci tangan foam anti bakteri fresh refill 250 ml,17000.0,NEEDS,Kebutuhan Rumah & Mandi,Perawatan Tubuh,Personal Care
vaseline gluta-hya serum burst sunscreen tubuh spf 50 200 ml,95000.0,NEEDS,Kebutuhan Rumah & Mandi,Perawatan Tubuh,Personal Care
mustika ratu body butter pelembab tubuh papaya 200 g,42500.0,NEEDS,Kebutuhan Rumah & Mandi,Perawatan Tubuh,Personal Care
mustika ratu scrub tubuh papaya 200 g,39500.0,NEEDS,Kebutuhan Rumah & Mandi,Perawatan Tubuh,Personal Care
gendes sweet aromatic pembersih kewanitaan foam bubblegum 55 ml,50000.0,NEEDS,Kebutuhan Rumah & Mandi,Perawatan Tubuh,Personal Care
gendes sweet aromatic pembersih kewanitaan spray vanilla 23 ml,43000.0,NEEDS,Kebutuhan Rumah & Mandi,Perawatan Tubuh,Personal Care
gendes sweet aromatic pembersih kewanitaan spray bubblegum 23 ml,43000.0,NEEDS,Kebutuhan Rumah & Mandi,Perawatan Tubuh,Personal Care
lux hijab series sabun mandi cair lavender & chamomile refill 800 ml,29000.0,NEEDS,Kebutuhan Rumah & Mandi,Perawatan Tubuh,Personal Care
lux botanicals sabun mandi cair bright bluebell 580 ml,33900.0,NEEDS,Kebutuhan Rumah & Mandi,Perawatan Tubuh,Personal Care
axe deodoran pria emerald sage spray 135 ml,26900.0,NEEDS,Kebutuhan Rumah & Mandi,Perawatan Tubuh,Personal Care
lux botanicals sabun mandi cair magical orchid 500 g,35900.0,NEEDS,Kebutuhan Rumah & Mandi,Perawatan Tubuh,Personal Care
slavina lotion pelembap tubuh first kiss 350 ml,57000.0,NEEDS,Kebutuhan Rumah & Mandi,Perawatan Tubuh,Personal Care
slavina lotion pelembap tubuh red opium 350 ml,57000.0,NEEDS,Kebutuhan Rumah & Mandi,Perawatan Tubuh,Personal Care
slavina lotion pelembap tubuh spill the night 350 ml,57000.0,NEEDS,Kebutuhan Rumah & Mandi,Perawatan Tubuh,Personal Care
filmore pharma best friend tisu basah pembersih kewanitaan 10 s,16900.0,NEEDS,Kebutuhan Rumah & Mandi,Perawatan Tubuh,Personal Care
giv sabun mandi cair elegance white flower & vanilla refill 400 ml,15500.0,NEEDS,Kebutuhan Rumah & Mandi,Perawatan Tubuh,Personal Care
white garden sabun mandi cair pure goat's milk & pearl refill 450 ml,29500.0,NEEDS,Kebutuhan Rumah & Mandi,Perawatan Tubuh,Personal Care
white garden sabun mandi cair lavender chamomile & goat's milk refill 450 ml,29500.0,NEEDS,Kebutuhan Rumah & Mandi,Perawatan Tubuh,Personal Care
ginza skin vitamin booster body serum bright up moist 180 ml,29000.0,NEEDS,Kebutuhan Rumah & Mandi,Perawatan Tubuh,Personal Care
ginza skin vitamin booster body serum barrier care peptides 180 ml,29000.0,NEEDS,Kebutuhan Rumah & Mandi,Perawatan Tubuh,Personal Care
rexona shower clean brightening deodorant spray 135 ml,30900.0,NEEDS,Kebutuhan Rumah & Mandi,Perawatan Tubuh,Personal Care
rexona men sport defense deodorant spray 135 ml,30900.0,NEEDS,Kebutuhan Rumah & Mandi,Perawatan Tubuh,Personal Care
glad2glow serum pelembap tubuh tropical velvet moist & smooth 300 ml,59000.0,NEEDS,Kebutuhan Rumah & Mandi,Perawatan Tubuh,Personal Care
lifebuoy fifa limited edition sabun mandi cair menthol kick assorted 360 g,18900.0,NEEDS,Kebutuhan Rumah & Mandi,Perawatan Tubuh,Personal Care
vaseline healthy bright sunscreen serum tubuh gluta vitamin spf 30 180 ml,59500.0,NEEDS,Kebutuhan Rumah & Mandi,Perawatan Tubuh,Personal Care
lifebuoy sabun cuci tangan anti bakteri total 10 pump 200 ml,24500.0,NEEDS,Kebutuhan Rumah & Mandi,Perawatan Tubuh,Personal Care
vaseline gluta-hya serum tubuh overnight radiance repair tube 200 ml,69500.0,NEEDS,Kebutuhan Rumah & Mandi,Perawatan Tubuh,Personal Care
vaseline gluta-hya serum tubuh flawless bright 100 ml,32900.0,NEEDS,Kebutuhan Rumah & Mandi,Perawatan Tubuh,Personal Care
glad2glow serum pelembap tubuh tropical velvet moist & smooth 180 ml,40900.0,NEEDS,Kebutuhan Rumah & Mandi,Perawatan Tubuh,Personal Care
glad2glow overnight bright serum tubuh creamy berry 180 ml,40900.0,NEEDS,Kebutuhan Rumah & Mandi,Perawatan Tubuh,Personal Care
mustika ratu minyak zaitun restful night 150 + 25 ml,30900.0,NEEDS,Kebutuhan Rumah & Mandi,Perawatan Tubuh,Personal Care
sumber ayu pembersih kewanitaan daun sirih clear white 90 ml,28000.0,NEEDS,Kebutuhan Rumah & Mandi,Perawatan Tubuh,Personal Care
nivea derma control defend deodoran roll on wanita 50 ml,28200.0,NEEDS,Kebutuhan Rumah & Mandi,Perawatan Tubuh,Personal Care
dove deodoran roll on ultimate repair 40 ml,8500.0,NEEDS,Kebutuhan Rumah & Mandi,Perawatan Tubuh,Personal Care
lifebuoy skin solutions sabun mandi cair tin & zaitun 380 g,22900.0,NEEDS,Kebutuhan Rumah & Mandi,Perawatan Tubuh,Personal Care
nivea derma control deodoran roll on pria defend 50 ml,26200.0,NEEDS,Kebutuhan Rumah & Mandi,Perawatan Tubuh,Personal Care
k-natural white sabun mandi cair sparkling magnolia refill 400 ml,15900.0,NEEDS,Kebutuhan Rumah & Mandi,Perawatan Tubuh,Personal Care
nuvo family sabun mandi batang anti bakteri cool protect 4 x 100 g,14900.0,NEEDS,Kebutuhan Rumah & Mandi,Perawatan Tubuh,Personal Care
nuvo family sabun mandi cair anti bakteri total protect refill 800 ml,41400.0,NEEDS,Kebutuhan Rumah & Mandi,Perawatan Tubuh,Personal Care
glad2glow serum pelembap tubuh creamy berry overnight 300 ml,59000.0,NEEDS,Kebutuhan Rumah & Mandi,Perawatan Tubuh,Personal Care
lux skin science sabun mandi cair sandalwood 360 g,17000.0,NEEDS,Kebutuhan Rumah & Mandi,Perawatan Tubuh,Personal Care
shinzu'i skin lightening sabun mandi cair sakura refill 1.5 l,60900.0,NEEDS,Kebutuhan Rumah & Mandi,Perawatan Tubuh,Personal Care
yuri sabun cuci tangan apple refill 375 ml,18500.0,NEEDS,Kebutuhan Rumah & Mandi,Perawatan Tubuh,Personal Care
bee brand soap sabun mandi batang sandal wood savona 80 g,7500.0,NEEDS,Kebutuhan Rumah & Mandi,Perawatan Tubuh,Personal Care
bee brand soap sabun mandi batang sandal wood savona 125 g,11000.0,NEEDS,Kebutuhan Rumah & Mandi,Perawatan Tubuh,Personal Care
vaseline gluta-hya serum tubuh dewy radiance 200 ml,63500.0,NEEDS,Kebutuhan Rumah & Mandi,Perawatan Tubuh,Personal Care
herborist juice for skin serum tubuh ekstrak jeruk & wortel 180 ml,32500.0,NEEDS,Kebutuhan Rumah & Mandi,Perawatan Tubuh,Personal Care
spume sabun cuci tangan strawberry jerigen 5 l,65000.0,NEEDS,Kebutuhan Rumah & Mandi,Perawatan Tubuh,Personal Care
prokleen sabun cuci tangan japanese green tea refill 800 ml,15500.0,NEEDS,Kebutuhan Rumah & Mandi,Perawatan Tubuh,Personal Care
prokleen sabun cuci tangan green apple breeze refill 800 ml,15500.0,NEEDS,Kebutuhan Rumah & Mandi,Perawatan Tubuh,Personal Care
yuri sabun cuci tangan grape pump 410 ml,30500.0,NEEDS,Kebutuhan Rumah & Mandi,Perawatan Tubuh,Personal Care
yuri sabun cuci tangan strawberry pump 410 ml,30500.0,NEEDS,Kebutuhan Rumah & Mandi,Perawatan Tubuh,Personal Care
yuri sabun cuci tangan apple pump 410 ml,30500.0,NEEDS,Kebutuhan Rumah & Mandi,Perawatan Tubuh,Personal Care
nivea intensive moisture lotion pelembap tubuh kulit kering pump 380 ml,73900.0,NEEDS,Kebutuhan Rumah & Mandi,Perawatan Tubuh,Personal Care
nivea extra bright lotion pelembap tubuh radiant & smooth pump 380 ml,67900.0,NEEDS,Kebutuhan Rumah & Mandi,Perawatan Tubuh,Personal Care
nivea extra bright lotion pelembap tubuh repair & protect pump 380 ml,70000.0,NEEDS,Kebutuhan Rumah & Mandi,Perawatan Tubuh,Personal Care
prokleen sabun cuci tangan strawberry refill 800 ml,15500.0,NEEDS,Kebutuhan Rumah & Mandi,Perawatan Tubuh,Personal Care
prokleen sabun cuci tangan fresh lemon refill 800 ml,15500.0,NEEDS,Kebutuhan Rumah & Mandi,Perawatan Tubuh,Personal Care
azarine bt21 serum sunscreen tubuh spf 50 sweet treats baby tube 100 ml,65000.0,NEEDS,Kebutuhan Rumah & Mandi,Perawatan Tubuh,Personal Care
azarine bt21 serum sunscreen tubuh spf 50 young & free tube 100 ml,61900.0,NEEDS,Kebutuhan Rumah & Mandi,Perawatan Tubuh,Personal Care
azarine bt21 serum sunscreen tubuh spf 50 sun o'clock tube 100 ml,61900.0,NEEDS,Kebutuhan Rumah & Mandi,Perawatan Tubuh,Personal Care
deorex body odorizer spray non fragrance 60 ml,59900.0,NEEDS,Kebutuhan Rumah & Mandi,Perawatan Tubuh,Personal Care
deorex body odorizer spray musk 60 ml,65000.0,NEEDS,Kebutuhan Rumah & Mandi,Perawatan Tubuh,Personal Care
cetaphil ultra gentle sabun mandi cair botol 500 ml,115000.0,NEEDS,Kebutuhan Rumah & Mandi,Perawatan Tubuh,Personal Care
scarlett fragrance brightening lotion pelembap tubuh charming 300 ml,65000.0,NEEDS,Kebutuhan Rumah & Mandi,Perawatan Tubuh,Personal Care
scarlett fragrance brightening lotion pelembap tubuh jolly 300 ml,65000.0,NEEDS,Kebutuhan Rumah & Mandi,Perawatan Tubuh,Personal Care
scarlett fragrance brightening lotion pelembap tubuh romansa 300 ml,65000.0,NEEDS,Kebutuhan Rumah & Mandi,Perawatan Tubuh,Personal Care
scarlett fragrance brightening lotion pelembap tubuh freshy 300 ml,65000.0,NEEDS,Kebutuhan Rumah & Mandi,Perawatan Tubuh,Personal Care
deorex body odorizer spray pria 60 ml,65000.0,NEEDS,Kebutuhan Rumah & Mandi,Perawatan Tubuh,Personal Care
deorex body odorizer spray extra whitening 60 ml,69900.0,NEEDS,Kebutuhan Rumah & Mandi,Perawatan Tubuh,Personal Care
deorex drymax deodoran roll on original 30 ml,85000.0,NEEDS,Kebutuhan Rumah & Mandi,Perawatan Tubuh,Personal Care
felinz wax strip penghilang bulu tubuh korean strawberry 6 s,37500.0,NEEDS,Kebutuhan Rumah & Mandi,Perawatan Tubuh,Personal Care
felinz wax strip penghilang bulu wajah vita-c 10 pcs,30500.0,NEEDS,Kebutuhan Rumah & Mandi,Perawatan Tubuh,Personal Care
nivea extra bright 10 super vitamin serum pelembap tubuh spf 15 320 ml,95000.0,NEEDS,Kebutuhan Rumah & Mandi,Perawatan Tubuh,Personal Care
nivea extra bright deodoran spray radiant & smooth 150 ml,57900.0,NEEDS,Kebutuhan Rumah & Mandi,Perawatan Tubuh,Personal Care
nivea men deodoran spray cool kick extra dry 150 ml,57900.0,NEEDS,Kebutuhan Rumah & Mandi,Perawatan Tubuh,Personal Care
filmore pharma spritz sister pembersih kewanitaan spray 50 ml,75000.0,NEEDS,Kebutuhan Rumah & Mandi,Perawatan Tubuh,Personal Care
rexona women deodoran spray seluruh tubuh frozen english pear 150 ml,67000.0,NEEDS,Kebutuhan Rumah & Mandi,Perawatan Tubuh,Personal Care
yoona gentle pembersih kewanitaan sensitive 50 ml,56500.0,NEEDS,Kebutuhan Rumah & Mandi,Perawatan Tubuh,Personal Care
shinzu'i skin lightening sabun mandi cair kirei refill 725 ml x 2 pcs,59000.0,NEEDS,Kebutuhan Rumah & Mandi,Perawatan Tubuh,Personal Care
garden of na'eem sabun mandi cair taifi rose + midnight gardenia 480 ml,41900.0,NEEDS,Kebutuhan Rumah & Mandi,Perawatan Tubuh,Personal Care
rexona deodoran lotion wanita free spirit 45 g,5000.0,NEEDS,Kebutuhan Rumah & Mandi,Perawatan Tubuh,Personal Care
rexona deodoran roll on wanita advanced smooth 45 ml,8500.0,NEEDS,Kebutuhan Rumah & Mandi,Perawatan Tubuh,Personal Care
lervia sabun mandi cair milk & avocado botol 250 g,15400.0,NEEDS,Kebutuhan Rumah & Mandi,Perawatan Tubuh,Personal Care
harmony fruity sabun mandi batang grape sparkling 70 g,3400.0,NEEDS,Kebutuhan Rumah & Mandi,Perawatan Tubuh,Personal Care
lervia sabun mandi cair milk refill 400 g,17900.0,NEEDS,Kebutuhan Rumah & Mandi,Perawatan Tubuh,Personal Care
nuvo family sabun mandi batang anti bakteri total protect 4 x 100 g,14900.0,NEEDS,Kebutuhan Rumah & Mandi,Perawatan Tubuh,Personal Care
nuvo family sabun mandi cair anti bakteri fresh protect refill 800 ml,41400.0,NEEDS,Kebutuhan Rumah & Mandi,Perawatan Tubuh,Personal Care
nuvo family sabun mandi cair anti bakteri mild protect refill 400 ml,20700.0,NEEDS,Kebutuhan Rumah & Mandi,Perawatan Tubuh,Personal Care
fres & natural dessert collection sabun mandi cair berry macaron refill 400 ml,20700.0,NEEDS,Kebutuhan Rumah & Mandi,Perawatan Tubuh,Personal Care
nuvo family sabun mandi cair anti bakteri total protect refill 400 ml,20700.0,NEEDS,Kebutuhan Rumah & Mandi,Perawatan Tubuh,Personal Care
purbasari lulur mandi sakura glow 200 g,15900.0,NEEDS,Kebutuhan Rumah & Mandi,Perawatan Tubuh,Personal Care
shinzu'i skin lightening scrub tubuh pencerah kulit sakura 200 g,17900.0,NEEDS,Kebutuhan Rumah & Mandi,Perawatan Tubuh,Personal Care
herborist lotion pelembap tubuh natural olive 200 ml,33000.0,NEEDS,Kebutuhan Rumah & Mandi,Perawatan Tubuh,Personal Care
herborist juice for skin serum pelembap tubuh apple & broccoli tube 180 ml,30200.0,NEEDS,Kebutuhan Rumah & Mandi,Perawatan Tubuh,Personal Care
mustika ratu lotion tubuh javanese jasmine 200 g,35500.0,NEEDS,Kebutuhan Rumah & Mandi,Perawatan Tubuh,Personal Care
emeron lovely white uv glowy bright lotion pelembap tubuh jeju orange 500 ml,18000.0,NEEDS,Kebutuhan Rumah & Mandi,Perawatan Tubuh,Personal Care
mustika ratu minyak zaitun 75 ml,29500.0,NEEDS,Kebutuhan Rumah & Mandi,Perawatan Tubuh,Personal Care
scarlett fragrance brightening serum tubuh purple kiss 170 ml,39900.0,NEEDS,Kebutuhan Rumah & Mandi,Perawatan Tubuh,Personal Care
herborist lulur tradisional bali milk 100 g,21500.0,NEEDS,Kebutuhan Rumah & Mandi,Perawatan Tubuh,Personal Care
fres & natural dessert collection sabun mandi cair pink cupcake refill 400 ml,20700.0,NEEDS,Kebutuhan Rumah & Mandi,Perawatan Tubuh,Personal Care
nuvo family sabun mandi cair cool protect 400 ml,20200.0,NEEDS,Kebutuhan Rumah & Mandi,Perawatan Tubuh,Personal Care
nuvo family sabun mandi batang mild protect 4 x 100 g,14900.0,NEEDS,Kebutuhan Rumah & Mandi,Perawatan Tubuh,Personal Care
sumber ayu pembersih kewanitaan daun sirih pearly white 90 ml,27400.0,NEEDS,Kebutuhan Rumah & Mandi,Perawatan Tubuh,Personal Care
k-natural white sabun mandi cair cotton flower refill 400 ml,15900.0,NEEDS,Kebutuhan Rumah & Mandi,Perawatan Tubuh,Personal Care
casablanca deodoran roll on romantic pink 50 ml,16200.0,NEEDS,Kebutuhan Rumah & Mandi,Perawatan Tubuh,Personal Care
casablanca deodoran roll on pure white 50 ml,13000.0,NEEDS,Kebutuhan Rumah & Mandi,Perawatan Tubuh,Personal Care
harmony fruity sabun mandi batang orange satsuma 70 g,3400.0,NEEDS,Kebutuhan Rumah & Mandi,Perawatan Tubuh,Personal Care
lervia sabun mandi cair milk & honey botol 250 g,15400.0,NEEDS,Kebutuhan Rumah & Mandi,Perawatan Tubuh,Personal Care
garden of na'eem sabun mandi cair royal jasmine refill 400 g,14900.0,NEEDS,Kebutuhan Rumah & Mandi,Perawatan Tubuh,Personal Care
zen antibacterial sabun mandi batang japanese red shiso with sandalwood 4 x 60 g,13900.0,NEEDS,Kebutuhan Rumah & Mandi,Perawatan Tubuh,Personal Care
nuvo family sabun mandi batang anti bakteri fresh protect 4 x 100 g,14900.0,NEEDS,Kebutuhan Rumah & Mandi,Perawatan Tubuh,Personal Care
lifebuoy sabun mandi cair anti bakteri mild care 800 g,36900.0,NEEDS,Kebutuhan Rumah & Mandi,Perawatan Tubuh,Personal Care
rexona women deodoran lotion seluruh tubuh frozen english pear 50 ml,29500.0,NEEDS,Kebutuhan Rumah & Mandi,Perawatan Tubuh,Personal Care
lifebuoy sabun mandi cair anti bakteri lemon fresh 400 g,20900.0,NEEDS,Kebutuhan Rumah & Mandi,Perawatan Tubuh,Personal Care
giv white sabun mandi batang bengkoang & yoghurt 3 x 100 g,11300.0,NEEDS,Kebutuhan Rumah & Mandi,Perawatan Tubuh,Personal Care
dettol sabun batang skincare anti bakteri 3 x 100 g,27500.0,NEEDS,Kebutuhan Rumah & Mandi,Perawatan Tubuh,Personal Care
dettol sabun mandi cair fresh anti bakteri refill 370 g,33400.0,NEEDS,Kebutuhan Rumah & Mandi,Perawatan Tubuh,Personal Care
dettol anti bakteri sabun mandi batang re-energize 3 x 100 g,26800.0,NEEDS,Kebutuhan Rumah & Mandi,Perawatan Tubuh,Personal Care
dettol sabun mandi cair cool anti bakteri refill 370 g,33400.0,NEEDS,Kebutuhan Rumah & Mandi,Perawatan Tubuh,Personal Care
nuvo family sabun mandi cair anti bakteri minyak zaitun refill 400 ml,20200.0,NEEDS,Kebutuhan Rumah & Mandi,Perawatan Tubuh,Personal Care
dettol anti bakteri sabun mandi batang lasting fresh 3 x 100 g,26800.0,NEEDS,Kebutuhan Rumah & Mandi,Perawatan Tubuh,Personal Care
lux botanicals sabun mandi cair soft rose refill 380 g,25500.0,NEEDS,Kebutuhan Rumah & Mandi,Perawatan Tubuh,Personal Care
lifebuoy sabun mandi batang anti bakteri total 10 4 x 100 g,19900.0,NEEDS,Kebutuhan Rumah & Mandi,Perawatan Tubuh,Personal Care
lifebuoy sabun mandi batang anti bakteri lemon fresh 4 x 100 g,19900.0,NEEDS,Kebutuhan Rumah & Mandi,Perawatan Tubuh,Personal Care
lifebuoy sabun mandi cair anti bakteri total 10 400 g,20900.0,NEEDS,Kebutuhan Rumah & Mandi,Perawatan Tubuh,Personal Care
lux skin science sabun mandi cair freesia fragrance refill 360 g,29900.0,NEEDS,Kebutuhan Rumah & Mandi,Perawatan Tubuh,Personal Care
lux botanicals sabun mandi cair magical orchid refill 380 g,25500.0,NEEDS,Kebutuhan Rumah & Mandi,Perawatan Tubuh,Personal Care
secret clean propolis pembersih kewanitaan 100 ml,21500.0,NEEDS,Kebutuhan Rumah & Mandi,Perawatan Tubuh,Personal Care
lux botanicals sabun mandi cair magical orchid refill 800 g,34900.0,NEEDS,Kebutuhan Rumah & Mandi,Perawatan Tubuh,Personal Care
rexona deodoran roll on wanita dreamy white 40 ml,18000.0,NEEDS,Kebutuhan Rumah & Mandi,Perawatan Tubuh,Personal Care
lifebuoy sabun mandi cair anti bakteri mild care 100 g,18400.0,NEEDS,Kebutuhan Rumah & Mandi,Perawatan Tubuh,Personal Care
lifebuoy sabun mandi cair green tea & aloe vera 380 g,22900.0,NEEDS,Kebutuhan Rumah & Mandi,Perawatan Tubuh,Personal Care
citra extra moist & bright lotion pelembap tubuh avocado 210 ml,22900.0,NEEDS,Kebutuhan Rumah & Mandi,Perawatan Tubuh,Personal Care
vaseline healthy bright serum tubuh hijab protect gluta vitamin spf 20 180 ml,39500.0,NEEDS,Kebutuhan Rumah & Mandi,Perawatan Tubuh,Personal Care
rexona deodoran roll on wanita powder dry 45 ml,23000.0,NEEDS,Kebutuhan Rumah & Mandi,Perawatan Tubuh,Personal Care
nivea extra bright lotion pelembap tubuh instant glow 190 ml,40500.0,NEEDS,Kebutuhan Rumah & Mandi,Perawatan Tubuh,Personal Care
nivea extra bright serum pelembap tubuh vitamin super c+ spf 50 170 ml,84500.0,NEEDS,Kebutuhan Rumah & Mandi,Perawatan Tubuh,Personal Care
lux botanicals sabun mandi cair soft rose botol 100 g,5500.0,NEEDS,Kebutuhan Rumah & Mandi,Perawatan Tubuh,Personal Care
nivea black & white invisible clear deodoran roll on 50 ml,27400.0,NEEDS,Kebutuhan Rumah & Mandi,Perawatan Tubuh,Personal Care
rexona men garuda edition deodoran roll on dry defender 40 ml,22500.0,NEEDS,Kebutuhan Rumah & Mandi,Perawatan Tubuh,Personal Care
nivea black & white invisible clear deodoran roll on 50 ml,27400.0,NEEDS,Kebutuhan Rumah & Mandi,Perawatan Tubuh,Personal Care
rexona men garuda edition deodoran roll on dry defender 40 ml,22500.0,NEEDS,Kebutuhan Rumah & Mandi,Perawatan Tubuh,Personal Care
nivea extra bright lotion pelembap & pencerah tubuh vitamin c & e 180 ml,49500.0,NEEDS,Kebutuhan Rumah & Mandi,Perawatan Tubuh,Personal Care
rexona deodoran roll on wanita advanced brightening 45 ml,29000.0,NEEDS,Kebutuhan Rumah & Mandi,Perawatan Tubuh,Personal Care
shinzu'i skin lightening sabun mandi cair sakura refill 380 g,28000.0,NEEDS,Kebutuhan Rumah & Mandi,Perawatan Tubuh,Personal Care
scarlett fragrance brightening lotion tubuh jolly mood booster 180 ml,36900.0,NEEDS,Kebutuhan Rumah & Mandi,Perawatan Tubuh,Personal Care
lifebuoy sabun mandi cair anti bakteri mild care 400 g,20900.0,NEEDS,Kebutuhan Rumah & Mandi,Perawatan Tubuh,Personal Care
shinzu'i skin lightening sabun mandi cair kirei pump 480 g,56000.0,NEEDS,Kebutuhan Rumah & Mandi,Perawatan Tubuh,Personal Care
shinzu'i skin lightening sabun mandi cair sakura refill 725 g,47400.0,NEEDS,Kebutuhan Rumah & Mandi,Perawatan Tubuh,Personal Care
shinzu'i skin lightening sabun mandi cair kirei refill 725 g,47400.0,NEEDS,Kebutuhan Rumah & Mandi,Perawatan Tubuh,Personal Care
shinzu'i skin lightening sabun mandi cair kirei refill 380 g,27500.0,NEEDS,Kebutuhan Rumah & Mandi,Perawatan Tubuh,Personal Care
shinzu'i skin lightening sabun mandi cair matsu refill 380 g,28000.0,NEEDS,Kebutuhan Rumah & Mandi,Perawatan Tubuh,Personal Care
lifebuoy sabun mandi cair anti bakteri cool fresh 400 g,20900.0,NEEDS,Kebutuhan Rumah & Mandi,Perawatan Tubuh,Personal Care
dove pampering care sabun mandi cair shea butter & vanila refill 400 ml,24900.0,NEEDS,Kebutuhan Rumah & Mandi,Perawatan Tubuh,Personal Care
lifebuoy sabun mandi batang anti bakteri total 10 4 x 60 g,14900.0,NEEDS,Kebutuhan Rumah & Mandi,Perawatan Tubuh,Personal Care
lifebuoy skin solutions sabun mandi cair japanese shiso & mineral clay 380 g,22900.0,NEEDS,Kebutuhan Rumah & Mandi,Perawatan Tubuh,Personal Care
lifebuoy sabun mandi batang anti bakteri mild care 4 x 100 g,19900.0,NEEDS,Kebutuhan Rumah & Mandi,Perawatan Tubuh,Personal Care
rexona deodoran roll on wanita glowing bright teen 40 ml,17500.0,NEEDS,Kebutuhan Rumah & Mandi,Perawatan Tubuh,Personal Care
rexona deodoran roll on wanita free spirit 45 ml,23000.0,NEEDS,Kebutuhan Rumah & Mandi,Perawatan Tubuh,Personal Care
fresh living by freshcare minyak zaitun 50 ml,10500.0,NEEDS,Kebutuhan Rumah & Mandi,Perawatan Tubuh,Personal Care
citra radiant glow lotion pelembap tubuh pearl 210 ml,24500.0,NEEDS,Kebutuhan Rumah & Mandi,Perawatan Tubuh,Personal Care
emeron lovely white uv lotion pelembap tubuh nutrient bright milk + almond oil 500 ml,18000.0,NEEDS,Kebutuhan Rumah & Mandi,Perawatan Tubuh,Personal Care
marina uv white lotion pelembap tubuh ekstra spf 30 185 ml,18000.0,NEEDS,Kebutuhan Rumah & Mandi,Perawatan Tubuh,Personal Care
marina uv white lotion pelembap tubuh healthy & glow 460 ml,19800.0,NEEDS,Kebutuhan Rumah & Mandi,Perawatan Tubuh,Personal Care
scarlett overnight bright boost serum tubuh dreamy 170 ml,41900.0,NEEDS,Kebutuhan Rumah & Mandi,Perawatan Tubuh,Personal Care
purbasari lulur mandi coffee milk 200 g,15900.0,NEEDS,Kebutuhan Rumah & Mandi,Perawatan Tubuh,Personal Care
citra bright sparkle serum pelembap tubuh berry blush 180 ml,22500.0,NEEDS,Kebutuhan Rumah & Mandi,Perawatan Tubuh,Personal Care
herborist natural balinese scrub tubuh stroberi 100 g,21500.0,NEEDS,Kebutuhan Rumah & Mandi,Perawatan Tubuh,Personal Care
nivea pearl & beauty deodoran roll on wanita 50 ml,28400.0,NEEDS,Kebutuhan Rumah & Mandi,Perawatan Tubuh,Personal Care
shinzu'i skin lightening sabun mandi batang myori 80 g,6300.0,NEEDS,Kebutuhan Rumah & Mandi,Perawatan Tubuh,Personal Care
purbasari goji glow sabun pembersih kewanitaan 100 ml,18900.0,NEEDS,Kebutuhan Rumah & Mandi,Perawatan Tubuh,Personal Care
purbasari pembersih kewanitaan natural 60 ml,10000.0,NEEDS,Kebutuhan Rumah & Mandi,Perawatan Tubuh,Personal Care
purbasari cybright whitening serum pelembap tubuh tube 180 ml,25900.0,NEEDS,Kebutuhan Rumah & Mandi,Perawatan Tubuh,Personal Care
purbasari gluta-hya serum pelembap tubuh tube 180 ml,28900.0,NEEDS,Kebutuhan Rumah & Mandi,Perawatan Tubuh,Personal Care
scarlett overnight bright boost serum tubuh garden of whisper 170 ml,41900.0,NEEDS,Kebutuhan Rumah & Mandi,Perawatan Tubuh,Personal Care
marina natural lotion pelembap tubuh rich moisturizing 190 ml,9400.0,NEEDS,Kebutuhan Rumah & Mandi,Perawatan Tubuh,Personal Care
emeron lovely white uv insta bright lotion pelembap tubuh white pearl 500 ml,18000.0,NEEDS,Kebutuhan Rumah & Mandi,Perawatan Tubuh,Personal Care
white inc alpha glowhite lotion tubuh mencerahkan 180 ml,29900.0,NEEDS,Kebutuhan Rumah & Mandi,Perawatan Tubuh,Personal Care
shinzu'i skin lightening scrub tubuh pencerah kulit matsu 200 g,17900.0,NEEDS,Kebutuhan Rumah & Mandi,Perawatan Tubuh,Personal Care
shinzu'i skin lightening scrub tubuh pencerah kulit kirei 200 g,17900.0,NEEDS,Kebutuhan Rumah & Mandi,Perawatan Tubuh,Personal Care
shinzu'i skin lightening lotion pelembap tubuh & pencerah kirei 210 ml,29500.0,NEEDS,Kebutuhan Rumah & Mandi,Perawatan Tubuh,Personal Care
emina uv water gel sunscreen spf 50 pa++++ 25 ml,38900.0,NEEDS,Kebutuhan Rumah & Mandi,Perawatan Tubuh,Personal Care
zen antibacterial sabun mandi batang japanese red shiso juniper berries 4 x 60 g,13900.0,NEEDS,Kebutuhan Rumah & Mandi,Perawatan Tubuh,Personal Care
zen antibacterial sabun mandi cair japanese red shiso sandalwood refill 380 g,15900.0,NEEDS,Kebutuhan Rumah & Mandi,Perawatan Tubuh,Personal Care
zen antibacterial sabun mandi cair japanese red shiso sandalwood refill 800 g,31900.0,NEEDS,Kebutuhan Rumah & Mandi,Perawatan Tubuh,Personal Care
zen antibacterial sabun mandi batang japanese red shiso & pure tea tree 4 x 60 g,13900.0,NEEDS,Kebutuhan Rumah & Mandi,Perawatan Tubuh,Personal Care
zen antibacterial sabun mandi cair japanese red shiso juniper berries refill 380 g,15900.0,NEEDS,Kebutuhan Rumah & Mandi,Perawatan Tubuh,Personal Care
resik-v khasiat manjakani pembersih kewanitaan 90 ml,20000.0,NEEDS,Kebutuhan Rumah & Mandi,Perawatan Tubuh,Personal Care
lavojoy let it glow serum pelembap tubuh skin brightening 180 ml,39900.0,NEEDS,Kebutuhan Rumah & Mandi,Perawatan Tubuh,Personal Care
kojic plankton scrub wajah dan tubuh 150 g,35900.0,NEEDS,Kebutuhan Rumah & Mandi,Perawatan Tubuh,Personal Care
natur-e white brightening serum tubuh 180 ml,38900.0,NEEDS,Kebutuhan Rumah & Mandi,Perawatan Tubuh,Personal Care
nivea deodoran roll on wanita hijab bright & fresh 50 ml,28200.0,NEEDS,Kebutuhan Rumah & Mandi,Perawatan Tubuh,Personal Care
nivea extra bright radiant & smooth deodoran roll on wanita 50 ml,28400.0,NEEDS,Kebutuhan Rumah & Mandi,Perawatan Tubuh,Personal Care
nivea deodoran roll on wanita hijab soft bright & shaveless 50 ml,28200.0,NEEDS,Kebutuhan Rumah & Mandi,Perawatan Tubuh,Personal Care
rexona deodoran roll on wanita invisible dry 45 ml,23000.0,NEEDS,Kebutuhan Rumah & Mandi,Perawatan Tubuh,Personal Care
rexona men garuda edition deodoran roll on fresh strike 40 ml,22500.0,NEEDS,Kebutuhan Rumah & Mandi,Perawatan Tubuh,Personal Care
nivea extra bright serum pelembap tubuh spf 15 care & protect tube 180 ml,24900.0,NEEDS,Kebutuhan Rumah & Mandi,Perawatan Tubuh,Personal Care
vaseline repairing jeli petroleum original 100 ml,37000.0,NEEDS,Kebutuhan Rumah & Mandi,Perawatan Tubuh,Personal Care
lervia sabun mandi cair milk avocado & kojic refill 400 g,17900.0,NEEDS,Kebutuhan Rumah & Mandi,Perawatan Tubuh,Personal Care
lifebuoy sabun mandi cair anti bakteri total 10 edisi merah putih 100 ml,5500.0,NEEDS,Kebutuhan Rumah & Mandi,Perawatan Tubuh,Personal Care
nivea extra bright serum eksfoliasi tubuh vitamin c & aha 170 ml,42500.0,NEEDS,Kebutuhan Rumah & Mandi,Perawatan Tubuh,Personal Care
resik-v khasiat manjakani pembersih kewanitaan mencerahkan 90 ml,22000.0,NEEDS,Kebutuhan Rumah & Mandi,Perawatan Tubuh,Personal Care
mustika ratu minyak zaitun 175 ml,38800.0,NEEDS,Kebutuhan Rumah & Mandi,Perawatan Tubuh,Personal Care
giv sabun mandi batang damask rose cherry blossom 3 x 100 g,11300.0,NEEDS,Kebutuhan Rumah & Mandi,Perawatan Tubuh,Personal Care
lifebuoy sabun mandi cair anti bakteri total 10 100 g,18400.0,NEEDS,Kebutuhan Rumah & Mandi,Perawatan Tubuh,Personal Care
lifebuoy fifa limited edition sabun mandi cair menthol kick assorted 85 g,9500.0,NEEDS,Kebutuhan Rumah & Mandi,Perawatan Tubuh,Personal Care
dove deodoran serum roll on 3% niacinamide + 10x collagen 45 ml,29500.0,NEEDS,Kebutuhan Rumah & Mandi,Perawatan Tubuh,Personal Care
lux botanicals sabun mandi cair sakura bloom refill 800 g,34900.0,NEEDS,Kebutuhan Rumah & Mandi,Perawatan Tubuh,Personal Care
lifebuoy sabun mandi batang anti bakteri total 10 100 g,5900.0,NEEDS,Kebutuhan Rumah & Mandi,Perawatan Tubuh,Personal Care
rdl papaya sabun wajah brightening 135 g,33900.0,NEEDS,Kebutuhan Rumah & Mandi,Perawatan Tubuh,Personal Care
lifebuoy sabun mandi batang anti bakteri mild care 4 x 60 g,14900.0,NEEDS,Kebutuhan Rumah & Mandi,Perawatan Tubuh,Personal Care
lifebuoy sabun mandi cair anti bakteri total 10 800 g,36900.0,NEEDS,Kebutuhan Rumah & Mandi,Perawatan Tubuh,Personal Care
lifebuoy fifa limited edition sabun mandi cair menthol kick assorted 500 g,44900.0,NEEDS,Kebutuhan Rumah & Mandi,Perawatan Tubuh,Personal Care
nivea extra bright serum tubuh super vitamin youth perfect 170 ml,50500.0,NEEDS,Kebutuhan Rumah & Mandi,Perawatan Tubuh,Personal Care
marina uv white lotion pelembap tubuh healthy & glow 185 ml,7900.0,NEEDS,Kebutuhan Rumah & Mandi,Perawatan Tubuh,Personal Care
veet krim penghilang bulu 60 g,54900.0,NEEDS,Kebutuhan Rumah & Mandi,Perawatan Tubuh,Personal Care
vaseline healty bright lotion pelembap tubuh fresh & cooling bright 200 ml,35500.0,NEEDS,Kebutuhan Rumah & Mandi,Perawatan Tubuh,Personal Care
yuri sabun cuci tangan strawberry refill 375 ml,22400.0,NEEDS,Kebutuhan Rumah & Mandi,Perawatan Tubuh,Personal Care
garden of na'eem sabun mandi cair taifi rose refill 400 g,14900.0,NEEDS,Kebutuhan Rumah & Mandi,Perawatan Tubuh,Personal Care
lifebuoy 3 in 1 antibakteri 380 ml,22900.0,NEEDS,Kebutuhan Rumah & Mandi,Perawatan Tubuh,Personal Care
lux skin science sabun mandi cair spring bloom fragrance refill 360 g,29900.0,NEEDS,Kebutuhan Rumah & Mandi,Perawatan Tubuh,Personal Care
pinkberry serum pelembap tubuh milk brightening tube 180 ml,36900.0,NEEDS,Kebutuhan Rumah & Mandi,Perawatan Tubuh,Personal Care
herborist minyak zaitun 150 ml,35400.0,NEEDS,Kebutuhan Rumah & Mandi,Perawatan Tubuh,Personal Care
lifebuoy sabun mandi cair anti bakteri lemon fresh 800 g,36900.0,NEEDS,Kebutuhan Rumah & Mandi,Perawatan Tubuh,Personal Care
herocyn bedak obat untuk kulit 85 g,17500.0,NEEDS,Kebutuhan Rumah & Mandi,Perawatan Tubuh,Personal Care
herborist scrub tubuh sea salt & volcanic mud 200 g,19500.0,NEEDS,Kebutuhan Rumah & Mandi,Perawatan Tubuh,Personal Care
purbasari lulur mandi putih 200 g,20900.0,NEEDS,Kebutuhan Rumah & Mandi,Perawatan Tubuh,Personal Care
nivea extra bright serum pelembap tubuh 10 super vitamin spf 15 170 ml,31900.0,NEEDS,Kebutuhan Rumah & Mandi,Perawatan Tubuh,Personal Care
natur-e active beauty lotion pelembap tubuh protect & glow / nourishing revitalizing 245 ml,28900.0,NEEDS,Kebutuhan Rumah & Mandi,Perawatan Tubuh,Personal Care
biore sabun mandi cair relaxing aromatic refill 725 ml,31900.0,NEEDS,Kebutuhan Rumah & Mandi,Perawatan Tubuh,Personal Care
glad2glow serum pelembap tubuh niacinamide bright 180 ml,37900.0,NEEDS,Kebutuhan Rumah & Mandi,Perawatan Tubuh,Personal Care
scarlett whitening intense brightening serum tubuh 5% aha bha pha 120 ml,29900.0,NEEDS,Kebutuhan Rumah & Mandi,Perawatan Tubuh,Personal Care
scarlett fragrance brightening lotion tubuh charming mood booster 180 ml,36900.0,NEEDS,Kebutuhan Rumah & Mandi,Perawatan Tubuh,Personal Care
kojic plankton sabun mandi batang bright & glow 90 g,27900.0,NEEDS,Kebutuhan Rumah & Mandi,Perawatan Tubuh,Personal Care
citra radiant fresh serum pelembap tubuh citrus blossom 180 ml,22500.0,NEEDS,Kebutuhan Rumah & Mandi,Perawatan Tubuh,Personal Care
scarlett fragrance brightening serum tubuh velvet rouge 170 ml,41900.0,NEEDS,Kebutuhan Rumah & Mandi,Perawatan Tubuh,Personal Care
nivea intensive moisture lotion pelembap tubuh kulit kering 190 ml,22500.0,NEEDS,Kebutuhan Rumah & Mandi,Perawatan Tubuh,Personal Care
lifebuoy sabun mandi cair anti bakteri total 10 500 g,49900.0,NEEDS,Kebutuhan Rumah & Mandi,Perawatan Tubuh,Personal Care
glad2glow serum pelembap tubuh retinol bright 180 ml,37900.0,NEEDS,Kebutuhan Rumah & Mandi,Perawatan Tubuh,Personal Care
lifebuoy sabun mandi cair green tea & aloe vera 800 g,29900.0,NEEDS,Kebutuhan Rumah & Mandi,Perawatan Tubuh,Personal Care
zen antibacterial sabun mandi cair japanese red shiso juniper berries refill 800 g,27900.0,NEEDS,Kebutuhan Rumah & Mandi,Perawatan Tubuh,Personal Care
nuvo sabun mandi cair nature protect refill 400 ml,15500.0,NEEDS,Kebutuhan Rumah & Mandi,Perawatan Tubuh,Personal Care
giv white sabun mandi cair bengkoang & yoghurt refill 400 ml,15500.0,NEEDS,Kebutuhan Rumah & Mandi,Perawatan Tubuh,Personal Care
lifebuoy sabun mandi batang anti bakteri total 10 edisi merah putih 100 g,2500.0,NEEDS,Kebutuhan Rumah & Mandi,Perawatan Tubuh,Personal Care
zen antibacterial sabun mandi cair japanese red shiso tea tree refill 800 g,27900.0,NEEDS,Kebutuhan Rumah & Mandi,Perawatan Tubuh,Personal Care
lux botanicals sabun mandi cair soft rose pouch 800 g,35000.0,NEEDS,Kebutuhan Rumah & Mandi,Perawatan Tubuh,Personal Care
k-natural white sabun mandi cair cotton flower pump 500 ml,25000.0,NEEDS,Kebutuhan Rumah & Mandi,Perawatan Tubuh,Personal Care
vaseline lotion pelembap tubuh spf 24 brightening protection pump 400 ml,52000.0,NEEDS,Kebutuhan Rumah & Mandi,Perawatan Tubuh,Personal Care
dove women ultimate repair deodorant spray fresh lily 135 ml,30000.0,NEEDS,Kebutuhan Rumah & Mandi,Perawatan Tubuh,Personal Care
lux botanicals sabun mandi cair velvet jasmine refill 800 g,35000.0,NEEDS,Kebutuhan Rumah & Mandi,Perawatan Tubuh,Personal Care
lifebuoy sabun mandi cair anti bakteri lemon fresh 800 g x 2 pcs,59000.0,NEEDS,Kebutuhan Rumah & Mandi,Perawatan Tubuh,Personal Care
emeron lovely white uv nature bright lotion pelembap tubuh bengkoang 500 ml,13900.0,NEEDS,Kebutuhan Rumah & Mandi,Perawatan Tubuh,Personal Care
biore serum sabun mandi cair pampering almond oil & freesia 550 ml,65000.0,NEEDS,Kebutuhan Rumah & Mandi,Perawatan Tubuh,Personal Care
biore pure mild sabun mandi cair refill 800 ml,31900.0,NEEDS,Kebutuhan Rumah & Mandi,Perawatan Tubuh,Personal Care
morris sabun mandi cair anti bakteri & brightening refill 450 ml,13500.0,NEEDS,Kebutuhan Rumah & Mandi,Perawatan Tubuh,Personal Care
morris sabun mandi cair double anti bakteri refill 450 ml,13500.0,NEEDS,Kebutuhan Rumah & Mandi,Perawatan Tubuh,Personal Care
lux botanicals sabun mandi cair sakura bloom refill 380 g,19000.0,NEEDS,Kebutuhan Rumah & Mandi,Perawatan Tubuh,Personal Care
zen antibacterial sabun mandi cair japanese red shiso sea salt refill 800 g,27900.0,NEEDS,Kebutuhan Rumah & Mandi,Perawatan Tubuh,Personal Care
lifebuoy sabun mandi cair anti bakteri mild care 800 g x 2 pcs,59000.0,NEEDS,Kebutuhan Rumah & Mandi,Perawatan Tubuh,Personal Care
purbasari white glow serum pelembap tubuh tube 180 ml,29500.0,NEEDS,Kebutuhan Rumah & Mandi,Perawatan Tubuh,Personal Care
k-natural white sabun mandi cair aloe vera pump 500 ml,25000.0,NEEDS,Kebutuhan Rumah & Mandi,Perawatan Tubuh,Personal Care
emeron lovely white uv lotion tubuh radiant bright 500 ml,13900.0,NEEDS,Kebutuhan Rumah & Mandi,Perawatan Tubuh,Personal Care
lifebuoy sabun mandi cair anti bakteri total 10 800 g x 2 pcs,59000.0,NEEDS,Kebutuhan Rumah & Mandi,Perawatan Tubuh,Personal Care
yuri sabun cuci tangan grape refill 375 ml,18500.0,NEEDS,Kebutuhan Rumah & Mandi,Perawatan Tubuh,Personal Care
fres & natural bt21 sabun mandi cair yellow in luv refill 400 ml,15500.0,NEEDS,Kebutuhan Rumah & Mandi,Perawatan Tubuh,Personal Care
betadine pembersih kewanitaan 60 ml,30000.0,NEEDS,Kebutuhan Rumah & Mandi,Perawatan Tubuh,Personal Care
lifebuoy skin solutions sabun mandi cair japanese shiso & mineral clay 800 g,39000.0,NEEDS,Kebutuhan Rumah & Mandi,Perawatan Tubuh,Personal Care
nivea extra bright serum pelembap tubuh instant glow tube 180 ml,34000.0,NEEDS,Kebutuhan Rumah & Mandi,Perawatan Tubuh,Personal Care
dettol sabun mandi cair original anti bakteri refill 720 g,39900.0,NEEDS,Kebutuhan Rumah & Mandi,Perawatan Tubuh,Personal Care
barber daily pembersih wajah pria kulit berminyak & anti jerawat 100 ml,33900.0,NEEDS,Kebutuhan Rumah & Mandi,Perawatan Pria,Personal Care
kahf deodoran roll on pria cooling power 45 ml,25900.0,NEEDS,Kebutuhan Rumah & Mandi,Perawatan Pria,Personal Care
kahf deodoran roll on pria extra dry 45 ml,28900.0,NEEDS,Kebutuhan Rumah & Mandi,Perawatan Pria,Personal Care
gillette blue 2 flexi alat cukur 1 pcs,11800.0,NEEDS,Kebutuhan Rumah & Mandi,Perawatan Pria,Personal Care
casablanca deodoran roll on pria ambitious blue 50 ml,15200.0,NEEDS,Kebutuhan Rumah & Mandi,Perawatan Pria,Personal Care
clear sampo anti ketombe pria menthol fresh active botol 160 ml,21900.0,NEEDS,Kebutuhan Rumah & Mandi,Perawatan Pria,Personal Care
gillette blue ii plus alat cukur 1 pcs,12200.0,NEEDS,Kebutuhan Rumah & Mandi,Perawatan Pria,Personal Care
kahf energizing & brightening pembersih wajah untuk kulit kusam 100 ml,45900.0,NEEDS,Kebutuhan Rumah & Mandi,Perawatan Pria,Personal Care
casablanca deodoran roll on pria dynamic black 50 ml,15200.0,NEEDS,Kebutuhan Rumah & Mandi,Perawatan Pria,Personal Care
alfamart alat cukur 1 pcs,9800.0,NEEDS,Kebutuhan Rumah & Mandi,Perawatan Pria,Personal Care
kahf oil & acne care pembersih wajah anti minyak & jerawat 100 ml,45900.0,NEEDS,Kebutuhan Rumah & Mandi,Perawatan Pria,Personal Care
barber daily pembersih wajah bright radiance 100 ml,33900.0,NEEDS,Kebutuhan Rumah & Mandi,Perawatan Pria,Personal Care
garnier men acno fight pembersih wajah foam scrub anti jerawat 100 ml,43900.0,NEEDS,Kebutuhan Rumah & Mandi,Perawatan Pria,Personal Care
barber daily shaver six blade razor alat cukur 1 pcs,11900.0,NEEDS,Kebutuhan Rumah & Mandi,Perawatan Pria,Personal Care
gillette goal ii alat cukur 2 pcs,19000.0,NEEDS,Kebutuhan Rumah & Mandi,Perawatan Pria,Personal Care
kahf bright revitalizing aminogel gel pembersih wajah pria 100 ml,47500.0,NEEDS,Kebutuhan Rumah & Mandi,Perawatan Pria,Personal Care
garnier men acno fight pembersih wajah foam scrub anti jerawat 50 ml,32000.0,NEEDS,Kebutuhan Rumah & Mandi,Perawatan Pria,Personal Care
garnier men oil control pembersih wajah 3 in 1 charcoal 50 ml,31500.0,NEEDS,Kebutuhan Rumah & Mandi,Perawatan Pria,Personal Care
garnier men acno fight pembersih wajah gel acne calming gentle 100 ml,43900.0,NEEDS,Kebutuhan Rumah & Mandi,Perawatan Pria,Personal Care
gillette blue 3 flexi pro alat cukur pria,24000.0,NEEDS,Kebutuhan Rumah & Mandi,Perawatan Pria,Personal Care
barber daily moisturizer wajah bright radiance 30 ml,33500.0,NEEDS,Kebutuhan Rumah & Mandi,Perawatan Pria,Personal Care
gillette goal super platinum pisau silet cukur merah 5 pcs,20900.0,NEEDS,Kebutuhan Rumah & Mandi,Perawatan Pria,Personal Care
gillette krim cukur foam lemon lime 175 g,54900.0,NEEDS,Kebutuhan Rumah & Mandi,Perawatan Pria,Personal Care
gillette flexi blue 3 alat cukur pria comfort 2 pcs,37300.0,NEEDS,Kebutuhan Rumah & Mandi,Perawatan Pria,Personal Care
gillette vector alat cukur 1 pcs,28900.0,NEEDS,Kebutuhan Rumah & Mandi,Perawatan Pria,Personal Care
gillette goal ii alat cukur 3 + 1 pcs,24700.0,NEEDS,Kebutuhan Rumah & Mandi,Perawatan Pria,Personal Care
gillette blue 3 flexi pro mata pisau cukur refill 2 pcs,30900.0,NEEDS,Kebutuhan Rumah & Mandi,Perawatan Pria,Personal Care
barber daily deodoran roll on power shield 50 ml,21900.0,NEEDS,Kebutuhan Rumah & Mandi,Perawatan Pria,Personal Care
clear sampo pria anti ketombe & rambut rontok 160 ml,38500.0,NEEDS,Kebutuhan Rumah & Mandi,Perawatan Pria,Personal Care
fyne pembersih wajah pria acne care + oil clear 100 ml,29900.0,NEEDS,Kebutuhan Rumah & Mandi,Perawatan Pria,Personal Care
ms glow for men hydra boost pembersih wajah 100 ml,30900.0,NEEDS,Kebutuhan Rumah & Mandi,Perawatan Pria,Personal Care
nivea men deodoran deep roll on 50 ml,25700.0,NEEDS,Kebutuhan Rumah & Mandi,Perawatan Pria,Personal Care
next prime men pembersih wajah pria brightening 100 g,39900.0,NEEDS,Kebutuhan Rumah & Mandi,Perawatan Pria,Personal Care
axe deodoran pria blue lavender spray 135 ml,44500.0,NEEDS,Kebutuhan Rumah & Mandi,Perawatan Pria,Personal Care
gillette mach3 fresh mata pisau cukur refill 2 pcs,73000.0,NEEDS,Kebutuhan Rumah & Mandi,Perawatan Pria,Personal Care
gillette mach3 fresh alat cukur 1 pcs,55000.0,NEEDS,Kebutuhan Rumah & Mandi,Perawatan Pria,Personal Care
schick exacta 2 reguler alat cukur pria hanger biru 1 pcs,12000.0,NEEDS,Kebutuhan Rumah & Mandi,Perawatan Pria,Personal Care
schick xtreme 3 men alat cukur pria disposible 2 + 1 pcs,29000.0,NEEDS,Kebutuhan Rumah & Mandi,Perawatan Pria,Personal Care
schick exacta 2 system kit alat cukur pria kit 1 pcs + 2 refill,29000.0,NEEDS,Kebutuhan Rumah & Mandi,Perawatan Pria,Personal Care
schick exacta 2 system alat cukur pria refill 2 pcs,16000.0,NEEDS,Kebutuhan Rumah & Mandi,Perawatan Pria,Personal Care
zinc sampo anti ketombe pria active cool menthol botol 340 ml,32900.0,NEEDS,Kebutuhan Rumah & Mandi,Perawatan Pria,Personal Care
marlboro pomade penata rambut water based soft 100 g,27900.0,NEEDS,Kebutuhan Rumah & Mandi,Perawatan Pria,Personal Care
marlboro pomade penata rambut water based strong 100 g,27900.0,NEEDS,Kebutuhan Rumah & Mandi,Perawatan Pria,Personal Care
himalaya herbals men pembersih wajah power glow licorice 100 ml,30000.0,NEEDS,Kebutuhan Rumah & Mandi,Perawatan Pria,Personal Care
schick quattro titanium kit alat cukur pria kit 1 pcs + 2 refill,55000.0,NEEDS,Kebutuhan Rumah & Mandi,Perawatan Pria,Personal Care
elvicto acne fight serum wajah pria untuk kulit berjerawat 20 ml,79000.0,NEEDS,Kebutuhan Rumah & Mandi,Perawatan Pria,Personal Care
elvicto sunscreen wajah pria expert spf 50 30 g,69500.0,NEEDS,Kebutuhan Rumah & Mandi,Perawatan Pria,Personal Care
elvicto deep bright pembersih wajah pria 100 ml,25000.0,NEEDS,Kebutuhan Rumah & Mandi,Perawatan Pria,Personal Care
elvicto pembersih wajah pria anti jerawat 100 ml,25000.0,NEEDS,Kebutuhan Rumah & Mandi,Perawatan Pria,Personal Care
garnier men acno fight pembersih wajah foam scrub anti jerawat 150 ml,43900.0,NEEDS,Kebutuhan Rumah & Mandi,Perawatan Pria,Personal Care
elvicto pembersih wajah pria bright scrub 100 ml,25000.0,NEEDS,Kebutuhan Rumah & Mandi,Perawatan Pria,Personal Care
pond's men pembersih wajar pria icy scrub 100 g,31000.0,NEEDS,Kebutuhan Rumah & Mandi,Perawatan Pria,Personal Care
nivea men extra bright pembersih wajah scrub vitamin c & hya 100 ml,39000.0,NEEDS,Kebutuhan Rumah & Mandi,Perawatan Pria,Personal Care
nivea men deep acne oil clear pembersih wajah scrub 100 ml,39000.0,NEEDS,Kebutuhan Rumah & Mandi,Perawatan Pria,Personal Care
rexona men fifa limited edition deodoran pria ice cool spray 135 ml,49900.0,NEEDS,Kebutuhan Rumah & Mandi,Perawatan Pria,Personal Care
cetaphil gentle skin pembersih wajah & tubuh 500 ml,279900.0,NEEDS,Kebutuhan Rumah & Mandi,Perawatan Pria,Personal Care
rexona deodoran roll on pria ultra recharge 45 ml,6500.0,NEEDS,Kebutuhan Rumah & Mandi,Perawatan Pria,Personal Care
axe deodoran pria aqua bergamot spray 135 ml,13000.0,NEEDS,Kebutuhan Rumah & Mandi,Perawatan Pria,Personal Care
zinc sampo anti ketombe pria active cool tea tree botol 170 ml,25800.0,NEEDS,Kebutuhan Rumah & Mandi,Perawatan Pria,Personal Care
rexona deodoran roll on pria ice cool 45 ml,22500.0,NEEDS,Kebutuhan Rumah & Mandi,Perawatan Pria,Personal Care
nivea men deodoran roll on cool kick extra dry 50 ml,25700.0,NEEDS,Kebutuhan Rumah & Mandi,Perawatan Pria,Personal Care
rexona deodoran roll on pria sport defence 45 ml,22500.0,NEEDS,Kebutuhan Rumah & Mandi,Perawatan Pria,Personal Care
nivea men deodoran roll on cool kick freezy green 50 ml,25200.0,NEEDS,Kebutuhan Rumah & Mandi,Perawatan Pria,Personal Care
pond's men pembersih wajah foam untuk kulit kusam & berminyak 100 g,43900.0,NEEDS,Kebutuhan Rumah & Mandi,Perawatan Pria,Personal Care
pond's men pembersih wajah foam anti jerawat 100 g,44400.0,NEEDS,Kebutuhan Rumah & Mandi,Perawatan Pria,Personal Care
next prime men pembersih wajah pria acne care 100 g,39900.0,NEEDS,Kebutuhan Rumah & Mandi,Perawatan Pria,Personal Care
nivea men extra bright foam pembersih wajah pria mencerahkan 100 ml,44700.0,NEEDS,Kebutuhan Rumah & Mandi,Perawatan Pria,Personal Care
next prime men pembersih wajah pria deep clean 100 g,39900.0,NEEDS,Kebutuhan Rumah & Mandi,Perawatan Pria,Personal Care
rexona deodoran roll on pria invisible dry 45 ml,22500.0,NEEDS,Kebutuhan Rumah & Mandi,Perawatan Pria,Personal Care
nivea men black & white invisible original deodoran roll on 50 ml,25700.0,NEEDS,Kebutuhan Rumah & Mandi,Perawatan Pria,Personal Care
garnier men turbo bright pembersih wajah duo foam untuk noda hitam 100 ml,44400.0,NEEDS,Kebutuhan Rumah & Mandi,Perawatan Pria,Personal Care
fyne sunscreen wajah pria proshield aqua barrier spf 30 30 ml,30900.0,NEEDS,Kebutuhan Rumah & Mandi,Perawatan Pria,Personal Care
garnier men oil control pembersih wajah super duo foam untuk kulit berminyak 100 ml,44300.0,NEEDS,Kebutuhan Rumah & Mandi,Perawatan Pria,Personal Care
gillette blue 3 flexi alat cukur 1 pcs,16800.0,NEEDS,Kebutuhan Rumah & Mandi,Perawatan Pria,Personal Care
gillette flexi 3 blue free fire alat cukur 3 pcs,41000.0,NEEDS,Kebutuhan Rumah & Mandi,Perawatan Pria,Personal Care
gillette blue 3 alat cukur 1 pcs,26900.0,NEEDS,Kebutuhan Rumah & Mandi,Perawatan Pria,Personal Care
men's biore pembersih wajah foam gentle bright expert 100 g,36500.0,NEEDS,Kebutuhan Rumah & Mandi,Perawatan Pria,Personal Care
men's biore pembersih wajah scrub oil clear extra cool 100 g,36500.0,NEEDS,Kebutuhan Rumah & Mandi,Perawatan Pria,Personal Care
morris men's care pembersih wajah untuk kulit berminyak & berjerawat 100 ml,26500.0,NEEDS,Kebutuhan Rumah & Mandi,Perawatan Pria,Personal Care
men's biore pembersih wajah scrub cool oil clear 100 g,37000.0,NEEDS,Kebutuhan Rumah & Mandi,Perawatan Pria,Personal Care
ms glow for men acnotion pembersih wajah anti jerawat 100 ml,34900.0,NEEDS,Kebutuhan Rumah & Mandi,Perawatan Pria,Personal Care
fyne pembersih wajah pria bright up + oil control 100 ml,29900.0,NEEDS,Kebutuhan Rumah & Mandi,Perawatan Pria,Personal Care
alfamart alat cukur one piece buy 2 get 1 free,18400.0,NEEDS,Kebutuhan Rumah & Mandi,Perawatan Pria,Personal Care
gillette blue 2 flexi alat cukur 3 + 1 pcs,37300.0,NEEDS,Kebutuhan Rumah & Mandi,Perawatan Pria,Personal Care
pond's men scrub pembersih & pencerah wajah 100 g,43900.0,NEEDS,Kebutuhan Rumah & Mandi,Perawatan Pria,Personal Care
nivea men extra bright pembersih wajah mud foam 100 ml,44900.0,NEEDS,Kebutuhan Rumah & Mandi,Perawatan Pria,Personal Care
kahf acne & pore cleanse pembersih wajah anti jerawat scrub 100 ml,46500.0,NEEDS,Kebutuhan Rumah & Mandi,Perawatan Pria,Personal Care
garnier men oil control icy scrub pembersih wajah anti komedo 100 ml,43900.0,NEEDS,Kebutuhan Rumah & Mandi,Perawatan Pria,Personal Care
men's biore pembersih wajah scrub bright expert 100 g,37000.0,NEEDS,Kebutuhan Rumah & Mandi,Perawatan Pria,Personal Care
glad2glow pembersih wajah deep pore clean 70 ml,37900.0,NEEDS,Kebutuhan Rumah & Mandi,Perawatan Pria,Personal Care
kahf sunscreen moisturizer wajah pria triple protection spf 30 30 ml,46500.0,NEEDS,Kebutuhan Rumah & Mandi,Perawatan Pria,Personal Care
kahf acne care aminogel gel pembersih wajah pria 100 ml,47500.0,NEEDS,Kebutuhan Rumah & Mandi,Perawatan Pria,Personal Care
garnier men acno fight pembersih wajah foam anti blemishes wasabi 100 ml,44400.0,NEEDS,Kebutuhan Rumah & Mandi,Perawatan Pria,Personal Care
axe deodoran pria dark temptation spray 135 ml,35500.0,NEEDS,Kebutuhan Rumah & Mandi,Perawatan Pria,Personal Care
hose x one piece sunscreen wajah pria spf 50 30 ml,36200.0,NEEDS,Kebutuhan Rumah & Mandi,Perawatan Pria,Personal Care
kahf pembersih wajah mencerahkan untuk noda hitam 100 ml,46500.0,NEEDS,Kebutuhan Rumah & Mandi,Perawatan Pria,Personal Care
rexona deodoran roll on pria natural fresh lime cool 45 ml,28500.0,NEEDS,Kebutuhan Rumah & Mandi,Perawatan Pria,Personal Care
gillette vector mata pisau cukur refill 2 pcs,29000.0,NEEDS,Kebutuhan Rumah & Mandi,Perawatan Pria,Personal Care
total care men bright intense scrub pembersih wajah pria 100 ml,32000.0,NEEDS,Kebutuhan Rumah & Mandi,Perawatan Pria,Personal Care
garnier men oil control pembersih wajah 3 in 1 charcoal anti komedo 100 ml,44400.0,NEEDS,Kebutuhan Rumah & Mandi,Perawatan Pria,Personal Care
posh deodoran roll on pria active cool 50 ml,9900.0,NEEDS,Kebutuhan Rumah & Mandi,Perawatan Pria,Personal Care
posh deodoran roll on pria active sport 50 ml,9900.0,NEEDS,Kebutuhan Rumah & Mandi,Perawatan Pria,Personal Care
barber daily pembersih wajah untuk kulit ultra sensitif 100 ml,39500.0,NEEDS,Kebutuhan Rumah & Mandi,Perawatan Pria,Personal Care
ms glow for men ultra bright pembersih wajah kulit kusam 100 ml,35900.0,NEEDS,Kebutuhan Rumah & Mandi,Perawatan Pria,Personal Care
men's biore pembersih wajah acne skincare 100 g,37000.0,NEEDS,Kebutuhan Rumah & Mandi,Perawatan Pria,Personal Care
makarizo hair energy creambath rambut kering & rusak ekstrak royal jelly 100 ml,23900.0,NEEDS,Kebutuhan Rumah & Mandi,Perawatan Rambut,Personal Care
sunsilk sampo anti ketombe & silky botol 160 ml,18900.0,NEEDS,Kebutuhan Rumah & Mandi,Perawatan Rambut,Personal Care
makarizo hair energy vitaglitz serum rambut aloe melon 6 pcs,15200.0,NEEDS,Kebutuhan Rumah & Mandi,Perawatan Rambut,Personal Care
ellips vitamin rambut hair repair 6 pcs,17400.0,NEEDS,Kebutuhan Rumah & Mandi,Perawatan Rambut,Personal Care
makarizo hair energy sampo rambut rusak & kering royal jelly botol 170 ml,29200.0,NEEDS,Kebutuhan Rumah & Mandi,Perawatan Rambut,Personal Care
makarizo hair energy creambath rambut rontok ekstrak aloe & melon 100 ml,23900.0,NEEDS,Kebutuhan Rumah & Mandi,Perawatan Rambut,Personal Care
ellips vitamin rambut hair repair 15 pcs,27500.0,NEEDS,Kebutuhan Rumah & Mandi,Perawatan Rambut,Personal Care
l'oreal paris elseve sampo anti rambut rontok 200 ml,34900.0,NEEDS,Kebutuhan Rumah & Mandi,Perawatan Rambut,Personal Care
nyu pewarna rambut hitam 2 x 30 ml,29400.0,NEEDS,Kebutuhan Rumah & Mandi,Perawatan Rambut,Personal Care
makarizo hair energy easy colourz pewarna rambut cokelat muda 26 ml,11800.0,NEEDS,Kebutuhan Rumah & Mandi,Perawatan Rambut,Personal Care
makarizo hair energy fibertherapy masker rambut royal jelly extract 30 g,9500.0,NEEDS,Kebutuhan Rumah & Mandi,Perawatan Rambut,Personal Care
makarizo hair energy fibertherapy masker rambut aloe & melon extract 30 g,9500.0,NEEDS,Kebutuhan Rumah & Mandi,Perawatan Rambut,Personal Care
l'oreal paris elseve sampo hyaluron pure 200 ml,34900.0,NEEDS,Kebutuhan Rumah & Mandi,Perawatan Rambut,Personal Care
makarizo hair energy scentsations parfum rambut morning dew 100 ml,32400.0,NEEDS,Kebutuhan Rumah & Mandi,Perawatan Rambut,Personal Care
gatsby pomade penata rambut quick & grease spray 150 ml,37000.0,NEEDS,Kebutuhan Rumah & Mandi,Perawatan Rambut,Personal Care
sunsilk sampo silky smooth botol 320 ml,36900.0,NEEDS,Kebutuhan Rumah & Mandi,Perawatan Rambut,Personal Care
sunsilk sampo glossy black botol 160 ml,18900.0,NEEDS,Kebutuhan Rumah & Mandi,Perawatan Rambut,Personal Care
sunsilk sampo hijab anti ketombe & menthol dingin botol 160 ml,18900.0,NEEDS,Kebutuhan Rumah & Mandi,Perawatan Rambut,Personal Care
makarizo hair energy sampo rambut rontok ekstrak melon & aloe botol 170 ml,29200.0,NEEDS,Kebutuhan Rumah & Mandi,Perawatan Rambut,Personal Care
sunsilk kondisioner rambut silky smooth 160 ml,18900.0,NEEDS,Kebutuhan Rumah & Mandi,Perawatan Rambut,Personal Care
clear sampo anti ketombe menthol segar botol 160 ml,21900.0,NEEDS,Kebutuhan Rumah & Mandi,Perawatan Rambut,Personal Care
clear sampo anti ketombe & rambut rontok botol 160 ml,21900.0,NEEDS,Kebutuhan Rumah & Mandi,Perawatan Rambut,Personal Care
cbd collagen repair masker rambut rusak sachet 30 + 5 g,11200.0,NEEDS,Kebutuhan Rumah & Mandi,Perawatan Rambut,Personal Care
sunsilk sampo anti ketombe & silky botol 320 ml,25000.0,NEEDS,Kebutuhan Rumah & Mandi,Perawatan Rambut,Personal Care
makarizo hair energy vitaglitz serum rambut royal jelly 6 pcs,15200.0,NEEDS,Kebutuhan Rumah & Mandi,Perawatan Rambut,Personal Care
clear sampo anti ketombe perawatan komplit botol 160 ml,21900.0,NEEDS,Kebutuhan Rumah & Mandi,Perawatan Rambut,Personal Care
cbd keratin pro masker rambut sachet 30 + 5 g,10500.0,NEEDS,Kebutuhan Rumah & Mandi,Perawatan Rambut,Personal Care
makarizo advisor masker rambut kering dan rusak sachet 30 ml,9900.0,NEEDS,Kebutuhan Rumah & Mandi,Perawatan Rambut,Personal Care
sunsilk sampo glossy black botol 320 ml,36900.0,NEEDS,Kebutuhan Rumah & Mandi,Perawatan Rambut,Personal Care
makarizo hair energy sampo anti ketombe citrus tea 170 ml,29200.0,NEEDS,Kebutuhan Rumah & Mandi,Perawatan Rambut,Personal Care
miranda pewarna rambut decoloring bleaching 30 ml,18900.0,NEEDS,Kebutuhan Rumah & Mandi,Perawatan Rambut,Personal Care
makarizo hair energy scentsations parfum rambut amber wood 100 ml,32400.0,NEEDS,Kebutuhan Rumah & Mandi,Perawatan Rambut,Personal Care
pantene miracles biotin strength kondisioner rambut rontok 150 ml,32900.0,NEEDS,Kebutuhan Rumah & Mandi,Perawatan Rambut,Personal Care
makarizo advisor tonik rambut 60 ml,35000.0,NEEDS,Kebutuhan Rumah & Mandi,Perawatan Rambut,Personal Care
pantene hijab sampo rambut rontok 160 ml,20900.0,NEEDS,Kebutuhan Rumah & Mandi,Perawatan Rambut,Personal Care
ellips vitamin rambut smooth & silky 6 pcs,17400.0,NEEDS,Kebutuhan Rumah & Mandi,Perawatan Rambut,Personal Care
makarizo salon daily professional sampo 200 ml,40500.0,NEEDS,Kebutuhan Rumah & Mandi,Perawatan Rambut,Personal Care
l'oreal paris elseve sampo glycolic gloss 200 ml,34900.0,NEEDS,Kebutuhan Rumah & Mandi,Perawatan Rambut,Personal Care
l'oreal paris elseve kondisioner glycolic gloss 175 ml,34900.0,NEEDS,Kebutuhan Rumah & Mandi,Perawatan Rambut,Personal Care
serasoft serum sampo smooth & shine botol 170 ml,18400.0,NEEDS,Kebutuhan Rumah & Mandi,Perawatan Rambut,Personal Care
pantene sampo perawatan rambut rontok botol 110 ml,19900.0,NEEDS,Kebutuhan Rumah & Mandi,Perawatan Rambut,Personal Care
rejoice sampo anti ketombe botol 150 ml,14500.0,NEEDS,Kebutuhan Rumah & Mandi,Perawatan Rambut,Personal Care
rejoice sampo rich halus lembut botol 340 ml,37900.0,NEEDS,Kebutuhan Rumah & Mandi,Perawatan Rambut,Personal Care
pantene miracles collagen repair kondisioner rambut rusak 70 ml,18900.0,NEEDS,Kebutuhan Rumah & Mandi,Perawatan Rambut,Personal Care
pantene kondisioner tanpa bilas pro-v perfec+ on 40 ml,13900.0,NEEDS,Kebutuhan Rumah & Mandi,Perawatan Rambut,Personal Care
pantene miracles kondisioner keratin glow 70 ml,18900.0,NEEDS,Kebutuhan Rumah & Mandi,Perawatan Rambut,Personal Care
pantene sampo anti ketombe botol 110 ml,19900.0,NEEDS,Kebutuhan Rumah & Mandi,Perawatan Rambut,Personal Care
emeron damage care vitamin rambut rusak 6 pcs,10900.0,NEEDS,Kebutuhan Rumah & Mandi,Perawatan Rambut,Personal Care
"emeron soft & smooth vitamin rambut halus, lembut & berkilau 6 pcs",8900.0,NEEDS,Kebutuhan Rumah & Mandi,Perawatan Rambut,Personal Care
serasoft serum sampo perawatan rambut rontok botol 170 ml,18400.0,NEEDS,Kebutuhan Rumah & Mandi,Perawatan Rambut,Personal Care
head & shoulders sampo anti ketombe menthol dingin botol 110 ml,21900.0,NEEDS,Kebutuhan Rumah & Mandi,Perawatan Rambut,Personal Care
rejoice sampo rich halus lembut 150 ml,19900.0,NEEDS,Kebutuhan Rumah & Mandi,Perawatan Rambut,Personal Care
pantene miracles biotin strength kondisioner rambut rontok 70 ml,18900.0,NEEDS,Kebutuhan Rumah & Mandi,Perawatan Rambut,Personal Care
pantene kondisioner perawatan rambut halus & lembut 160 ml,27900.0,NEEDS,Kebutuhan Rumah & Mandi,Perawatan Rambut,Personal Care
head & shoulders sampo anti ketombe lemon segar botol 160 ml,28900.0,NEEDS,Kebutuhan Rumah & Mandi,Perawatan Rambut,Personal Care
tresemme scalp care sampo anti ketombe & rambut rontok botol 170 ml,31700.0,NEEDS,Kebutuhan Rumah & Mandi,Perawatan Rambut,Personal Care
pantene kondisioner perawatan rambut rontok 160 ml,27900.0,NEEDS,Kebutuhan Rumah & Mandi,Perawatan Rambut,Personal Care
selsun gold sampo anti ketombe botol 120 ml,42000.0,NEEDS,Kebutuhan Rumah & Mandi,Perawatan Rambut,Personal Care
head & shoulders sampo anti ketombe & anti bakteri bersih & harum botol 160 ml,28900.0,NEEDS,Kebutuhan Rumah & Mandi,Perawatan Rambut,Personal Care
sunsilk power shot creambath rambut silky smooth sachet 30 g,8900.0,NEEDS,Kebutuhan Rumah & Mandi,Perawatan Rambut,Personal Care
excello pewarna rambut golden brown 2 x 20 ml,9900.0,NEEDS,Kebutuhan Rumah & Mandi,Perawatan Rambut,Personal Care
garnier ultra color pewarna rambut ash blonde 30 ml,19900.0,NEEDS,Kebutuhan Rumah & Mandi,Perawatan Rambut,Personal Care
tresemme keratin smooth masker rambut 30 g,8500.0,NEEDS,Kebutuhan Rumah & Mandi,Perawatan Rambut,Personal Care
tresemme sampo keratin smooth botol 170 ml,32700.0,NEEDS,Kebutuhan Rumah & Mandi,Perawatan Rambut,Personal Care
lifebuoy sampo anti ketombe 170 ml,18200.0,NEEDS,Kebutuhan Rumah & Mandi,Perawatan Rambut,Personal Care
garnier express cream pewarna rambut 3 coklat kehitaman 20 ml,19900.0,NEEDS,Kebutuhan Rumah & Mandi,Perawatan Rambut,Personal Care
gatsby fiber pomade penata rambut glossy 80 g,37400.0,NEEDS,Kebutuhan Rumah & Mandi,Perawatan Rambut,Personal Care
bellagio homme pomade penata rambut timeless elegance extreme hold light 80 g,26500.0,NEEDS,Kebutuhan Rumah & Mandi,Perawatan Rambut,Personal Care
gatsby clay penata rambut balm 75 g,37000.0,NEEDS,Kebutuhan Rumah & Mandi,Perawatan Rambut,Personal Care
garnier ultra color pewarna rambut 7.3 golden brown 30 g,19900.0,NEEDS,Kebutuhan Rumah & Mandi,Perawatan Rambut,Personal Care
pantene sampo perawatan rambut rontok 160 ml,27900.0,NEEDS,Kebutuhan Rumah & Mandi,Perawatan Rambut,Personal Care
nyu henna sampo pewarna rambut natural black sachet 20 ml,12500.0,NEEDS,Kebutuhan Rumah & Mandi,Perawatan Rambut,Personal Care
head & shoulders sampo anti ketombe lembut & halus botol 160 ml,28900.0,NEEDS,Kebutuhan Rumah & Mandi,Perawatan Rambut,Personal Care
pantene sampo perawatan rambut halus & lembut botol 130 ml,27900.0,NEEDS,Kebutuhan Rumah & Mandi,Perawatan Rambut,Personal Care
garnier ultra color pewarna rambut true blue 30 ml,19900.0,NEEDS,Kebutuhan Rumah & Mandi,Perawatan Rambut,Personal Care
head & shoulders sampo anti ketombe perawatan kulit kepala anti gatal botol 160 ml,28900.0,NEEDS,Kebutuhan Rumah & Mandi,Perawatan Rambut,Personal Care
nyu henna sampo pewarna rambut blue black sachet 20 ml,12500.0,NEEDS,Kebutuhan Rumah & Mandi,Perawatan Rambut,Personal Care
nyu henna sampo pewarna rambut natural brown sachet 20 ml,12500.0,NEEDS,Kebutuhan Rumah & Mandi,Perawatan Rambut,Personal Care
pantene sampo rambut hitam glow botol 160 ml,27900.0,NEEDS,Kebutuhan Rumah & Mandi,Perawatan Rambut,Personal Care
gatsby water gloss gel penata rambut hyper solid 75 g,13300.0,NEEDS,Kebutuhan Rumah & Mandi,Perawatan Rambut,Personal Care
serasoft serum sampo anti ketombe botol 170 ml,18400.0,NEEDS,Kebutuhan Rumah & Mandi,Perawatan Rambut,Personal Care
serasoft serum sampo perawatan rambut rontok botol 340 ml,47200.0,NEEDS,Kebutuhan Rumah & Mandi,Perawatan Rambut,Personal Care
garnier express cream pewarna rambut 01 hitam alami 20 g,19900.0,NEEDS,Kebutuhan Rumah & Mandi,Perawatan Rambut,Personal Care
makarizo hair energy scentsations parfum rambut white musk 100 ml,32400.0,NEEDS,Kebutuhan Rumah & Mandi,Perawatan Rambut,Personal Care
sunsilk vitamin & parfum rambut 100 ml,26900.0,NEEDS,Kebutuhan Rumah & Mandi,Perawatan Rambut,Personal Care
lifebuoy sampo activ-power serum kuat & berkilau botol 170 ml,18200.0,NEEDS,Kebutuhan Rumah & Mandi,Perawatan Rambut,Personal Care
miranda pewarna rambut natural black 30 ml,19400.0,NEEDS,Kebutuhan Rumah & Mandi,Perawatan Rambut,Personal Care
head & shoulders sampo anti ketombe & anti bakteri bersih & harum botol 300 ml,38900.0,NEEDS,Kebutuhan Rumah & Mandi,Perawatan Rambut,Personal Care
l'oreal paris elseve hyaluron moisture sampo melembabkan 280 ml,65000.0,NEEDS,Kebutuhan Rumah & Mandi,Perawatan Rambut,Personal Care
l'oreal paris elseve total repair 5 sampo rambut rusak 280 ml,60000.0,NEEDS,Kebutuhan Rumah & Mandi,Perawatan Rambut,Personal Care
l'oreal paris elseve sampo anti rambut rontok 280 ml,60000.0,NEEDS,Kebutuhan Rumah & Mandi,Perawatan Rambut,Personal Care
l'oreal paris elseve color protect sampo rambut diwarnai 280 ml,60000.0,NEEDS,Kebutuhan Rumah & Mandi,Perawatan Rambut,Personal Care
l'oreal paris elseve hyaluron pure sampo purifying 280 ml,65000.0,NEEDS,Kebutuhan Rumah & Mandi,Perawatan Rambut,Personal Care
l'oreal paris elseve hyaluron krim malam moisturizer rambut 150 ml,60000.0,NEEDS,Kebutuhan Rumah & Mandi,Perawatan Rambut,Personal Care
pantene sampo perawatan rambut rontok pump 900 ml,135000.0,NEEDS,Kebutuhan Rumah & Mandi,Perawatan Rambut,Personal Care
palmolive sampo + kondisioner intensive moisture coconut cream botol 180 ml,29000.0,NEEDS,Kebutuhan Rumah & Mandi,Perawatan Rambut,Personal Care
pantene sampo anti ketombe pump 900 ml,135000.0,NEEDS,Kebutuhan Rumah & Mandi,Perawatan Rambut,Personal Care
head & shoulders sampo anti ketombe menthol dingin pump 680 ml,103500.0,NEEDS,Kebutuhan Rumah & Mandi,Perawatan Rambut,Personal Care
head & shoulders sampo anti ketombe lemon segar 680 ml,103500.0,NEEDS,Kebutuhan Rumah & Mandi,Perawatan Rambut,Personal Care
rejoice sampo rich halus lembut pump 600 ml,72000.0,NEEDS,Kebutuhan Rumah & Mandi,Perawatan Rambut,Personal Care
pantene sampo rambut hitam glow pump 400 ml,52000.0,NEEDS,Kebutuhan Rumah & Mandi,Perawatan Rambut,Personal Care
herbal essences kondisioner argan oil of morocco 400 ml,79000.0,NEEDS,Kebutuhan Rumah & Mandi,Perawatan Rambut,Personal Care
l'oreal paris elseve extraordinary oil serum rambut gold 100 ml,119000.0,NEEDS,Kebutuhan Rumah & Mandi,Perawatan Rambut,Personal Care
head & shoulders sampo anti bakteri bersih & harum pump 400 ml,53900.0,NEEDS,Kebutuhan Rumah & Mandi,Perawatan Rambut,Personal Care
zinc sampo anti ketombe clean active sea salt botol 340 ml,30900.0,NEEDS,Kebutuhan Rumah & Mandi,Perawatan Rambut,Personal Care
garnier ultra color pewarna rambut 7.3 golden brown 55 ml,49900.0,NEEDS,Kebutuhan Rumah & Mandi,Perawatan Rambut,Personal Care
garnier creme riche pewarna rambut 6.64 merah berry 55 ml,49900.0,NEEDS,Kebutuhan Rumah & Mandi,Perawatan Rambut,Personal Care
garnier creme riche pewarna rambut 5.32 coklat caramel 55 ml,49900.0,NEEDS,Kebutuhan Rumah & Mandi,Perawatan Rambut,Personal Care
gatsby pomade penata rambut perfect rise 75 g,31500.0,NEEDS,Kebutuhan Rumah & Mandi,Perawatan Rambut,Personal Care
garnier creme riche pewarna rambut 3 coklat gelap 55 ml,49900.0,NEEDS,Kebutuhan Rumah & Mandi,Perawatan Rambut,Personal Care
clear sampo anti ketombe menthol segar pump 1.2 l,113000.0,NEEDS,Kebutuhan Rumah & Mandi,Perawatan Rambut,Personal Care
clear sampo anti ketombe perawatan komplit pump 1.2 l,113000.0,NEEDS,Kebutuhan Rumah & Mandi,Perawatan Rambut,Personal Care
pantene miracles biotin strength kondisioner rambut rontok 300 ml,49000.0,NEEDS,Kebutuhan Rumah & Mandi,Perawatan Rambut,Personal Care
pantene miracles collage repair kondisioner rambut rusak 300 ml,49000.0,NEEDS,Kebutuhan Rumah & Mandi,Perawatan Rambut,Personal Care
palmolive sampo + kondisioner anti ketombe 180 ml,29000.0,NEEDS,Kebutuhan Rumah & Mandi,Perawatan Rambut,Personal Care
palmolive naturals sampo + kondisioner ultra smooth aloe vera 180 ml,29000.0,NEEDS,Kebutuhan Rumah & Mandi,Perawatan Rambut,Personal Care
l'oreal paris elseve hyaluron moisture kondisioner melembapkan 265 ml,65000.0,NEEDS,Kebutuhan Rumah & Mandi,Perawatan Rambut,Personal Care
l'oreal paris elseve hyaluron pure kondisioner rehydrating 265 ml,65000.0,NEEDS,Kebutuhan Rumah & Mandi,Perawatan Rambut,Personal Care
sunsilk power shot creambath rambut silky smooth 180 g,39000.0,NEEDS,Kebutuhan Rumah & Mandi,Perawatan Rambut,Personal Care
sunsilk power shot creambath rambut silky gloss 180 g,39000.0,NEEDS,Kebutuhan Rumah & Mandi,Perawatan Rambut,Personal Care
sunsilk power shot creambath rambut silky gloss sachet 30 g,6000.0,NEEDS,Kebutuhan Rumah & Mandi,Perawatan Rambut,Personal Care
sunsilk vitamin & parfum rambut silky volume 100 ml,23000.0,NEEDS,Kebutuhan Rumah & Mandi,Perawatan Rambut,Personal Care
sunsilk super serum rambut silky smooth 45 ml,49900.0,NEEDS,Kebutuhan Rumah & Mandi,Perawatan Rambut,Personal Care
sunsilk super serum rambut glossy black 45 ml,49900.0,NEEDS,Kebutuhan Rumah & Mandi,Perawatan Rambut,Personal Care
lifebuoy sampo serum ginseng perawatan rambut rontok 680 ml,59900.0,NEEDS,Kebutuhan Rumah & Mandi,Perawatan Rambut,Personal Care
clear scalp tonik rambut anti ketombe pro 75 ml,49900.0,NEEDS,Kebutuhan Rumah & Mandi,Perawatan Rambut,Personal Care
sunsilk sampo glossy black botol 900 ml,69000.0,NEEDS,Kebutuhan Rumah & Mandi,Perawatan Rambut,Personal Care
ellips dry shampoo fruity 50 ml,30500.0,NEEDS,Kebutuhan Rumah & Mandi,Perawatan Rambut,Personal Care
makarizo hair energy fibertherapy creambath masker rambut ginseng extract 500 ml,65000.0,NEEDS,Kebutuhan Rumah & Mandi,Perawatan Rambut,Personal Care
tresemme keratin smooth masker rambut 180 ml,72000.0,NEEDS,Kebutuhan Rumah & Mandi,Perawatan Rambut,Personal Care
tresemme keratin smooth spray pelindung rambut dari panas 236 ml,115000.0,NEEDS,Kebutuhan Rumah & Mandi,Perawatan Rambut,Personal Care
ellips dry shampoo blossom 50 ml,30500.0,NEEDS,Kebutuhan Rumah & Mandi,Perawatan Rambut,Personal Care
ellips vitamin rambut hair repair 50 s,79900.0,NEEDS,Kebutuhan Rumah & Mandi,Perawatan Rambut,Personal Care
zinc sampo anti ketombe soft care almond botol 340 ml,32900.0,NEEDS,Kebutuhan Rumah & Mandi,Perawatan Rambut,Personal Care
zinc sampo anti ketombe black shine urang aring botol 340 ml,32900.0,NEEDS,Kebutuhan Rumah & Mandi,Perawatan Rambut,Personal Care
zinc sampo anti ketombe & perawatan rambut rontok japanese ginseng 340 ml,32900.0,NEEDS,Kebutuhan Rumah & Mandi,Perawatan Rambut,Personal Care
natur tonik rambut ekstrak aloe vera 90 ml,32000.0,NEEDS,Kebutuhan Rumah & Mandi,Perawatan Rambut,Personal Care
tresemme sampo keratin smooth refill 900 ml,103000.0,NEEDS,Kebutuhan Rumah & Mandi,Perawatan Rambut,Personal Care
emeron sampo perawatan rambut rontok aloe vera & ginseng botol 340 ml,26900.0,NEEDS,Kebutuhan Rumah & Mandi,Perawatan Rambut,Personal Care
emeron soft & smooth sampo lembut & berkilau botol 340 ml,26900.0,NEEDS,Kebutuhan Rumah & Mandi,Perawatan Rambut,Personal Care
emeron sampo anti ketombe botol 340 ml,26900.0,NEEDS,Kebutuhan Rumah & Mandi,Perawatan Rambut,Personal Care
emeron sampo hitam berkilau urang aring botol 340 ml,26900.0,NEEDS,Kebutuhan Rumah & Mandi,Perawatan Rambut,Personal Care
miranda keratin sampo smoothing & anti frizzing botol 200 ml,29000.0,NEEDS,Kebutuhan Rumah & Mandi,Perawatan Rambut,Personal Care
miranda keratin protein kondisioner smoothing & anti frizzing 200 ml,29000.0,NEEDS,Kebutuhan Rumah & Mandi,Perawatan Rambut,Personal Care
miranda keratin protein spray penutrisi rambut 100 ml,23000.0,NEEDS,Kebutuhan Rumah & Mandi,Perawatan Rambut,Personal Care
liese pewarna rambut creamy bubble milk tea brown 108 g,99000.0,NEEDS,Kebutuhan Rumah & Mandi,Perawatan Rambut,Personal Care
liese pewarna rambut creamy bubble dark chocolat 108 g,99000.0,NEEDS,Kebutuhan Rumah & Mandi,Perawatan Rambut,Personal Care
liese pewarna rambut creamy bubble mint ash 108 g,99000.0,NEEDS,Kebutuhan Rumah & Mandi,Perawatan Rambut,Personal Care
liese pewarna rambut creamy bubble rose tea brown 108 g,99000.0,NEEDS,Kebutuhan Rumah & Mandi,Perawatan Rambut,Personal Care
liese pewarna rambut creamy bubble midnight ash 108 g,99000.0,NEEDS,Kebutuhan Rumah & Mandi,Perawatan Rambut,Personal Care
liese pewarna rambut creamy bubble berry pink 108 g,99000.0,NEEDS,Kebutuhan Rumah & Mandi,Perawatan Rambut,Personal Care
lavojoy hold me tight pro scalp essence rambut anti rontok 60 ml,99900.0,NEEDS,Kebutuhan Rumah & Mandi,Perawatan Rambut,Personal Care
lavojoy hold me tight pro sampo rambut anti rontok pump 280 ml,99900.0,NEEDS,Kebutuhan Rumah & Mandi,Perawatan Rambut,Personal Care
cbd color shield sampo untuk rambut diwarnai 250 ml,39000.0,NEEDS,Kebutuhan Rumah & Mandi,Perawatan Rambut,Personal Care
cbd keratin pro masker rambut daily 250 ml,55000.0,NEEDS,Kebutuhan Rumah & Mandi,Perawatan Rambut,Personal Care
cbd keratin pro vitamin rambut daily spray 100 ml,55000.0,NEEDS,Kebutuhan Rumah & Mandi,Perawatan Rambut,Personal Care
cbd color shield kondisioner untuk rambut diwarnai 250 ml,39000.0,NEEDS,Kebutuhan Rumah & Mandi,Perawatan Rambut,Personal Care
cbd color shield masker rambut diwarnai 250 ml,55000.0,NEEDS,Kebutuhan Rumah & Mandi,Perawatan Rambut,Personal Care
mustika ratu sampo bayam perawatan rambut rontok 1 l,85900.0,NEEDS,Kebutuhan Rumah & Mandi,Perawatan Rambut,Personal Care
mustika ratu sampo bayam perawatan rambut rontok 175 ml,21000.0,NEEDS,Kebutuhan Rumah & Mandi,Perawatan Rambut,Personal Care
mustika ratu sampo merang perawatan rambut anti ketombe 175 ml,21000.0,NEEDS,Kebutuhan Rumah & Mandi,Perawatan Rambut,Personal Care
mustika ratu sampo daun waru perawatan rambut kering & rusak 175 ml,21000.0,NEEDS,Kebutuhan Rumah & Mandi,Perawatan Rambut,Personal Care
mustika ratu sampo daun landep perawatan rambut berkilau & sehat 175 ml,21000.0,NEEDS,Kebutuhan Rumah & Mandi,Perawatan Rambut,Personal Care
mustika ratu sampo teh hijau perawatan rambut lepek & anti polusi 175 ml,21000.0,NEEDS,Kebutuhan Rumah & Mandi,Perawatan Rambut,Personal Care
makarizo hair energy scentsations parfum rambut it's litchi tea time 100 ml,36500.0,NEEDS,Kebutuhan Rumah & Mandi,Perawatan Rambut,Personal Care
tresemme bond repair serum rambut rontok & patah 100 ml,115000.0,NEEDS,Kebutuhan Rumah & Mandi,Perawatan Rambut,Personal Care
tresemme keratin smooth serum rambut kusut & kering 100 ml,115000.0,NEEDS,Kebutuhan Rumah & Mandi,Perawatan Rambut,Personal Care
sasha professional pewarna rambut copper golden blonde 30 g,13200.0,NEEDS,Kebutuhan Rumah & Mandi,Perawatan Rambut,Personal Care
tancho pewarna rambut natural black 40 ml,23500.0,NEEDS,Kebutuhan Rumah & Mandi,Perawatan Rambut,Personal Care
gatsby styling wax power & spikes 75 g,25000.0,NEEDS,Kebutuhan Rumah & Mandi,Perawatan Rambut,Personal Care
head & shoulders sampo anti ketombe menthol dingin botol 70 ml,20400.0,NEEDS,Kebutuhan Rumah & Mandi,Perawatan Rambut,Personal Care
makarizo hair energy sampo rambut rontok ekstrak melon & aloe botol 330 ml,50800.0,NEEDS,Kebutuhan Rumah & Mandi,Perawatan Rambut,Personal Care
shantos romeo pomade penata rambut 75 g,36000.0,NEEDS,Kebutuhan Rumah & Mandi,Perawatan Rambut,Personal Care
nonimagic sampo pewarna rambut hitam 2 x 20 ml,26400.0,NEEDS,Kebutuhan Rumah & Mandi,Perawatan Rambut,Personal Care
makarizo hair energy easy straight krim pelurus rambut medium 120 ml,43000.0,NEEDS,Kebutuhan Rumah & Mandi,Perawatan Rambut,Personal Care
felice sampo pewarna rambut hitam sachet 30 ml,10300.0,NEEDS,Kebutuhan Rumah & Mandi,Perawatan Rambut,Personal Care
morris pomade penata rambut premium 80 g,37400.0,NEEDS,Kebutuhan Rumah & Mandi,Perawatan Rambut,Personal Care
ellips vitamin parfum rambut fragrance booster fresh & smooth 100 ml,31000.0,NEEDS,Kebutuhan Rumah & Mandi,Perawatan Rambut,Personal Care
gatsby powder clay penata rambut unbreakable smooth 20 g,50400.0,NEEDS,Kebutuhan Rumah & Mandi,Perawatan Rambut,Personal Care
gatsby krim penata rambut balm 75 g,37000.0,NEEDS,Kebutuhan Rumah & Mandi,Perawatan Rambut,Personal Care
kahf sleek classy pomade rambut water based 70 g,45000.0,NEEDS,Kebutuhan Rumah & Mandi,Perawatan Rambut,Personal Care
morris fiber wax pomade penata rambut extreme hold 80 g,40000.0,NEEDS,Kebutuhan Rumah & Mandi,Perawatan Rambut,Personal Care
sunsilk sampo silky smooth 110 ml,17900.0,NEEDS,Kebutuhan Rumah & Mandi,Perawatan Rambut,Personal Care
clear sampo anti ketombe menthol segar 110 ml,22900.0,NEEDS,Kebutuhan Rumah & Mandi,Perawatan Rambut,Personal Care
barber daily pomade penata rambut strong compound 75 ml,32900.0,NEEDS,Kebutuhan Rumah & Mandi,Perawatan Rambut,Personal Care
alfamart makarizo hair energy scentsations parfum rambut assorted 60 ml,17900.0,NEEDS,Kebutuhan Rumah & Mandi,Perawatan Rambut,Personal Care
pantene miracles collagen repair sampo rambut rusak 145 ml,34900.0,NEEDS,Kebutuhan Rumah & Mandi,Perawatan Rambut,Personal Care
pantene miracles biotin strenght sampo rambut rontok 145 ml,34900.0,NEEDS,Kebutuhan Rumah & Mandi,Perawatan Rambut,Personal Care
tresemme bond repair sampo anti rambut rontok pump 670 ml,90000.0,NEEDS,Kebutuhan Rumah & Mandi,Perawatan Rambut,Personal Care
natur sampo perawatan rambut rontok ekstrak ginseng 270 ml,42000.0,NEEDS,Kebutuhan Rumah & Mandi,Perawatan Rambut,Personal Care
natur sampo penumbuh rambut ekstrak aloe vera 270 ml,42000.0,NEEDS,Kebutuhan Rumah & Mandi,Perawatan Rambut,Personal Care
kahf bedak penata rambut pria volumized suave 10 g,59000.0,NEEDS,Kebutuhan Rumah & Mandi,Perawatan Rambut,Personal Care
zinc sampo anti ketombe cool booster mint 340 ml,32900.0,NEEDS,Kebutuhan Rumah & Mandi,Perawatan Rambut,Personal Care
zinc sampo anti ketombe active fresh lemon mint pump 680 ml,49900.0,NEEDS,Kebutuhan Rumah & Mandi,Perawatan Rambut,Personal Care
emeron sampo hitam berkilau urang aring pump 450 ml,34900.0,NEEDS,Kebutuhan Rumah & Mandi,Perawatan Rambut,Personal Care
serasoft serum sampo anti ketombe botol 340 ml,30900.0,NEEDS,Kebutuhan Rumah & Mandi,Perawatan Rambut,Personal Care
serasoft serum sampo smooth & shine botol 340 ml,30900.0,NEEDS,Kebutuhan Rumah & Mandi,Perawatan Rambut,Personal Care
dove micellar sampo rambut rontok & kulit kepala berminyak 290 ml,35000.0,NEEDS,Kebutuhan Rumah & Mandi,Perawatan Rambut,Personal Care
dove hyaluron sampo rambut rontok & kulit kepala sensitif 290 ml,35000.0,NEEDS,Kebutuhan Rumah & Mandi,Perawatan Rambut,Personal Care
dove biotin sampo rambut rontok & kulit kepala kering 290 ml,35000.0,NEEDS,Kebutuhan Rumah & Mandi,Perawatan Rambut,Personal Care
l'oreal paris elseve hyaluron pure sampo purifying 400 ml,77000.0,NEEDS,Kebutuhan Rumah & Mandi,Perawatan Rambut,Personal Care
l'oreal paris elseve total repair 5 kondisioner rambut rusak 265 ml,59000.0,NEEDS,Kebutuhan Rumah & Mandi,Perawatan Rambut,Personal Care
l'oreal paris elseve kondisioner anti rambut rontok 265 ml,59000.0,NEEDS,Kebutuhan Rumah & Mandi,Perawatan Rambut,Personal Care
l'oreal paris elseve hyaluron moisture sampo melembabkan 400 ml,77000.0,NEEDS,Kebutuhan Rumah & Mandi,Perawatan Rambut,Personal Care
sunsilk sampo silky smooth pouch 900 ml,105000.0,NEEDS,Kebutuhan Rumah & Mandi,Perawatan Rambut,Personal Care
lifebuoy sampo anti ketombe lemon dingin 340 ml,46900.0,NEEDS,Kebutuhan Rumah & Mandi,Perawatan Rambut,Personal Care
natur kondisioner ginseng & olive oil 165 ml,33900.0,NEEDS,Kebutuhan Rumah & Mandi,Perawatan Rambut,Personal Care
makarizo hair energy sampo rambut rusak & kering royal jelly botol 330 ml,39900.0,NEEDS,Kebutuhan Rumah & Mandi,Perawatan Rambut,Personal Care
erhair hairgrow sampo rambut kuat & tebal botol 100 ml,73900.0,NEEDS,Kebutuhan Rumah & Mandi,Perawatan Rambut,Personal Care
rudy hadisuwarno tonik rambut ekstrak ginseng anti rontok 220 ml,86500.0,NEEDS,Kebutuhan Rumah & Mandi,Perawatan Rambut,Personal Care
rudy hadisuwarno cosmetics serum penumbuh rambut 6 x 9 ml,125000.0,NEEDS,Kebutuhan Rumah & Mandi,Perawatan Rambut,Personal Care
makarizo advisor vitamin rambut hair recovery vitamax 50 ml,49900.0,NEEDS,Kebutuhan Rumah & Mandi,Perawatan Rambut,Personal Care
makarizo advisor tonik rambut 145 ml,59000.0,NEEDS,Kebutuhan Rumah & Mandi,Perawatan Rambut,Personal Care
natur kondisioner olive oil dan aloe vera 165 ml,33900.0,NEEDS,Kebutuhan Rumah & Mandi,Perawatan Rambut,Personal Care
makarizo hair energy scentsations parfum rambut ocean breeze 100 ml,25900.0,NEEDS,Kebutuhan Rumah & Mandi,Perawatan Rambut,Personal Care
makarizo hair energy fibertherapy masker rambut royal jelly extract 500 ml,85000.0,NEEDS,Kebutuhan Rumah & Mandi,Perawatan Rambut,Personal Care
makarizo hair energy fibertherapy masker rambut aloe & melon extract 500 g,85000.0,NEEDS,Kebutuhan Rumah & Mandi,Perawatan Rambut,Personal Care
erhair scalperfect sampo anti ketombe botol 370 ml,189000.0,NEEDS,Kebutuhan Rumah & Mandi,Perawatan Rambut,Personal Care
cbd collagen repair sampo untuk rambut rusak 250 ml,42900.0,NEEDS,Kebutuhan Rumah & Mandi,Perawatan Rambut,Personal Care
cbd collagen repair kondisioner untuk rambut rusak 250 ml,42900.0,NEEDS,Kebutuhan Rumah & Mandi,Perawatan Rambut,Personal Care
cbd collagen repair serum oil untuk rambut rusak 100 ml,65000.0,NEEDS,Kebutuhan Rumah & Mandi,Perawatan Rambut,Personal Care
sariayu frizzy hair natural sampo rambut kering & kusut 170 ml,27500.0,NEEDS,Kebutuhan Rumah & Mandi,Perawatan Rambut,Personal Care
cbd collagen repair masker rambut rusak 250 ml,59900.0,NEEDS,Kebutuhan Rumah & Mandi,Perawatan Rambut,Personal Care
wonderlux spray setter hair spray extra hold 150 ml,70900.0,NEEDS,Kebutuhan Rumah & Mandi,Perawatan Rambut,Personal Care
cbd bio+ peptide complex tonik rambut rontok 100 ml,55000.0,NEEDS,Kebutuhan Rumah & Mandi,Perawatan Rambut,Personal Care
cbd bio+ peptide complex masker rambut rontok 500 g,95500.0,NEEDS,Kebutuhan Rumah & Mandi,Perawatan Rambut,Personal Care
cbd bio+ peptide complex kondisioner rambut rontok 250 ml,45000.0,NEEDS,Kebutuhan Rumah & Mandi,Perawatan Rambut,Personal Care
clear sampo anti ketombe menthol segar botol 300 ml,39900.0,NEEDS,Kebutuhan Rumah & Mandi,Perawatan Rambut,Personal Care
zinc sampo anti ketombe hijab mawar & zaitun perawatan rambut rontok botol 170 ml,25500.0,NEEDS,Kebutuhan Rumah & Mandi,Perawatan Rambut,Personal Care
miranda pewarna rambut ash blonde 30 ml,19400.0,NEEDS,Kebutuhan Rumah & Mandi,Perawatan Rambut,Personal Care
natur sampo alami ginseng botol 140 ml,32500.0,NEEDS,Kebutuhan Rumah & Mandi,Perawatan Rambut,Personal Care
zinc sampo anti ketombe refreshing cool green tea mint botol 340 ml,43600.0,NEEDS,Kebutuhan Rumah & Mandi,Perawatan Rambut,Personal Care
head & shoulders 2 in 1 sampo + kondisioner selembut sutera anti ketombe 160 ml,32900.0,NEEDS,Kebutuhan Rumah & Mandi,Perawatan Rambut,Personal Care
rejoice rich halus lembut kondisioner rambut 150 ml,19900.0,NEEDS,Kebutuhan Rumah & Mandi,Perawatan Rambut,Personal Care
tresemme kondisioner keratin smooth 170 ml,34400.0,NEEDS,Kebutuhan Rumah & Mandi,Perawatan Rambut,Personal Care
head & shoulders sampo perawatan rambut rontok 160 ml,28900.0,NEEDS,Kebutuhan Rumah & Mandi,Perawatan Rambut,Personal Care
pantene miracles masker rambut intensive bond repair 300 ml,95500.0,NEEDS,Kebutuhan Rumah & Mandi,Perawatan Rambut,Personal Care
pantene miracle oil vitamin rambut repair & protect 90 ml,121900.0,NEEDS,Kebutuhan Rumah & Mandi,Perawatan Rambut,Personal Care
pantene sampo anti ketombe botol 160 ml,27900.0,NEEDS,Kebutuhan Rumah & Mandi,Perawatan Rambut,Personal Care
rejoice sampo rich halus lembut korean lavender botol 150 ml,19900.0,NEEDS,Kebutuhan Rumah & Mandi,Perawatan Rambut,Personal Care
head & shoulders sampo anti ketombe sub zero sensation botol 160 ml,31500.0,NEEDS,Kebutuhan Rumah & Mandi,Perawatan Rambut,Personal Care
head & shoulders sampo anti ketombe menthol dingin 160 ml - mobile legend,22900.0,NEEDS,Kebutuhan Rumah & Mandi,Perawatan Rambut,Personal Care
dove biotin sampo rambut rontok & kulit kepala kering 115 ml,23500.0,NEEDS,Kebutuhan Rumah & Mandi,Perawatan Rambut,Personal Care
garnier ultra color pewarna rambut 6.62 cranberry red 20 ml,19900.0,NEEDS,Kebutuhan Rumah & Mandi,Perawatan Rambut,Personal Care
garnier creme riche pewarna rambut 5.32 coklat caramel 20 ml,19900.0,NEEDS,Kebutuhan Rumah & Mandi,Perawatan Rambut,Personal Care
zinc sampo anti ketombe active fresh lemon botol 170 ml,25500.0,NEEDS,Kebutuhan Rumah & Mandi,Perawatan Rambut,Personal Care
zinc sampo anti ketombe cool booster mint 170 ml,25800.0,NEEDS,Kebutuhan Rumah & Mandi,Perawatan Rambut,Personal Care
nyu pewarna rambut natural brown 30 ml,20800.0,NEEDS,Kebutuhan Rumah & Mandi,Perawatan Rambut,Personal Care
zinc sampo anti ketombe refreshing cool green tea mint botol 170 ml,25800.0,NEEDS,Kebutuhan Rumah & Mandi,Perawatan Rambut,Personal Care
miranda pewarna rambut smokey ash 30 ml,19400.0,NEEDS,Kebutuhan Rumah & Mandi,Perawatan Rambut,Personal Care
bellagio homme clay penata rambut mega hold 90 g,28800.0,NEEDS,Kebutuhan Rumah & Mandi,Perawatan Rambut,Personal Care
pantene sampo rambut rusak botol 160 ml,21800.0,NEEDS,Kebutuhan Rumah & Mandi,Perawatan Rambut,Personal Care
head & shoulders sampo anti ketombe menthol dingin botol 300 ml,49900.0,NEEDS,Kebutuhan Rumah & Mandi,Perawatan Rambut,Personal Care
head & shoulders sampo anti ketombe menthol dingin botol 160 ml,28900.0,NEEDS,Kebutuhan Rumah & Mandi,Perawatan Rambut,Personal Care
head & shoulders 2 in 1 sampo + kondisioner anti ketombe menthol dingin 160 ml,32900.0,NEEDS,Kebutuhan Rumah & Mandi,Perawatan Rambut,Personal Care
garnier color naturals ultra color pewarna rambut cool ash 30 g,19900.0,NEEDS,Kebutuhan Rumah & Mandi,Perawatan Rambut,Personal Care
dove biotin tonik rambut rontok & kulit kepala kering 40 ml,41200.0,NEEDS,Kebutuhan Rumah & Mandi,Perawatan Rambut,Personal Care
dove micellar sampo rambut rontok & kulit kepala berminyak 155 ml,23500.0,NEEDS,Kebutuhan Rumah & Mandi,Perawatan Rambut,Personal Care
pantene hijab sampo anti ketombe botol 160 ml,19900.0,NEEDS,Kebutuhan Rumah & Mandi,Perawatan Rambut,Personal Care
gatsby krim penata rambut normal 125 g,17500.0,NEEDS,Kebutuhan Rumah & Mandi,Perawatan Rambut,Personal Care
lifebuoy sampo anti ketombe 340 ml,29900.0,NEEDS,Kebutuhan Rumah & Mandi,Perawatan Rambut,Personal Care
l'oreal paris elseve extraordinary oil serum rambut gold 30 ml,56500.0,NEEDS,Kebutuhan Rumah & Mandi,Perawatan Rambut,Personal Care
garnier men sampo pewarna rambut hitam 20 ml,19900.0,NEEDS,Kebutuhan Rumah & Mandi,Perawatan Rambut,Personal Care
miranda pewarna rambut decoloring bleaching 30 ml,19400.0,NEEDS,Kebutuhan Rumah & Mandi,Perawatan Rambut,Personal Care
pinkberry parfum rambut & tubuh rose better 100 ml,27000.0,NEEDS,Kebutuhan Rumah & Mandi,Perawatan Rambut,Personal Care
ellips vitamin parfum rambut fragrance booster mist me up 50 ml,14300.0,NEEDS,Kebutuhan Rumah & Mandi,Perawatan Rambut,Personal Care
sunsilk sampo silky smooth botol 160 ml,18900.0,NEEDS,Kebutuhan Rumah & Mandi,Perawatan Rambut,Personal Care
makarizo hair energy scentsations parfum rambut cherry blossom 100 ml,32400.0,NEEDS,Kebutuhan Rumah & Mandi,Perawatan Rambut,Personal Care
ellips serum rambut ultra treatment 48 ml,36900.0,NEEDS,Kebutuhan Rumah & Mandi,Perawatan Rambut,Personal Care
pantene miracles collagen repair kondisioner rambut rusak 150 ml,32900.0,NEEDS,Kebutuhan Rumah & Mandi,Perawatan Rambut,Personal Care
lifebuoy sampo anti ketombe 70 + 20 ml,14500.0,NEEDS,Kebutuhan Rumah & Mandi,Perawatan Rambut,Personal Care
head & shoulders sampo anti ketombe menthol dingin pump 400 ml,72900.0,NEEDS,Kebutuhan Rumah & Mandi,Perawatan Rambut,Personal Care
ellips vitamin rambut shiny black 6 pcs,17400.0,NEEDS,Kebutuhan Rumah & Mandi,Perawatan Rambut,Personal Care
dove biotin conditioner rambut rontok & kulit kepala kering 135 ml,29400.0,NEEDS,Kebutuhan Rumah & Mandi,Perawatan Rambut,Personal Care
head & shoulders sampo anti ketombe lemon segar botol 300 ml,49900.0,NEEDS,Kebutuhan Rumah & Mandi,Perawatan Rambut,Personal Care
cbd bio+ peptide complex sampo rambut rontok 250 ml,45000.0,NEEDS,Kebutuhan Rumah & Mandi,Perawatan Rambut,Personal Care
cbd bio+ peptide roller serum rambut rontok 10 ml,28500.0,NEEDS,Kebutuhan Rumah & Mandi,Perawatan Rambut,Personal Care
dove biotin creambath rambut rontok & kulit kepala kering 300 g,89000.0,NEEDS,Kebutuhan Rumah & Mandi,Perawatan Rambut,Personal Care
clear sampo anti ketombe menthol segar pump 400 ml,73400.0,NEEDS,Kebutuhan Rumah & Mandi,Perawatan Rambut,Personal Care
head & shoulders sampo anti ketombe lemon segar botol 160 ml - mobile legend,22900.0,NEEDS,Kebutuhan Rumah & Mandi,Perawatan Rambut,Personal Care
selsun blue 5 leaves hair sampo anti ketombe botol 120 ml,49000.0,NEEDS,Kebutuhan Rumah & Mandi,Perawatan Rambut,Personal Care
zinc sampo anti ketombe refreshing cool green tea mint 450 ml,36500.0,NEEDS,Kebutuhan Rumah & Mandi,Perawatan Rambut,Personal Care
sunsilk sampo silky smooth botol 900 ml,69000.0,NEEDS,Kebutuhan Rumah & Mandi,Perawatan Rambut,Personal Care
garnier ultra color pewarna rambut radiant blueberry 30 ml,19900.0,NEEDS,Kebutuhan Rumah & Mandi,Perawatan Rambut,Personal Care
tresemme scalp care sampo anti ketombe & rambut rontok pump 850 ml,90000.0,NEEDS,Kebutuhan Rumah & Mandi,Perawatan Rambut,Personal Care
zinc sampo anti ketombe active fresh lemon mint botol 340 ml,43600.0,NEEDS,Kebutuhan Rumah & Mandi,Perawatan Rambut,Personal Care
clear sampo anti ketombe perawatan komplit botol 300 ml,39900.0,NEEDS,Kebutuhan Rumah & Mandi,Perawatan Rambut,Personal Care
pantene sampo perawatan rambut rontok pump 400 ml,69900.0,NEEDS,Kebutuhan Rumah & Mandi,Perawatan Rambut,Personal Care
pinkberry parfum rambut & tubuh evening tea 100 ml,26500.0,NEEDS,Kebutuhan Rumah & Mandi,Perawatan Rambut,Personal Care
pantene sampo perawatan rambut rontok botol 290 ml,48900.0,NEEDS,Kebutuhan Rumah & Mandi,Perawatan Rambut,Personal Care
sunsilk vitamin & parfum rambut silky gloss 100 ml,26900.0,NEEDS,Kebutuhan Rumah & Mandi,Perawatan Rambut,Personal Care
ellips vitamin rambut hair treatment 6 pcs,17400.0,NEEDS,Kebutuhan Rumah & Mandi,Perawatan Rambut,Personal Care
emeron bt21 sampo anti rambut rontok botol 200 ml,19500.0,NEEDS,Kebutuhan Rumah & Mandi,Perawatan Rambut,Personal Care
emeron bt21 sampo anti ketombe botol 200 ml,19500.0,NEEDS,Kebutuhan Rumah & Mandi,Perawatan Rambut,Personal Care
emeron sampo perawatan rambut rontok botol 170 ml,16200.0,NEEDS,Kebutuhan Rumah & Mandi,Perawatan Rambut,Personal Care
emeron hijab clean & fresh sampo tea tree oil 170 ml,16200.0,NEEDS,Kebutuhan Rumah & Mandi,Perawatan Rambut,Personal Care
emeron sampo hitam berkilau urang aring botol 170 ml,15900.0,NEEDS,Kebutuhan Rumah & Mandi,Perawatan Rambut,Personal Care
gatsby pomade penata rambut supreme grease 75 g,31500.0,NEEDS,Kebutuhan Rumah & Mandi,Perawatan Rambut,Personal Care
pantene sampo anti ketombe pump 400 ml,69900.0,NEEDS,Kebutuhan Rumah & Mandi,Perawatan Rambut,Personal Care
gatsby water gloss gel penata rambut hyper solid 150 g,23000.0,NEEDS,Kebutuhan Rumah & Mandi,Perawatan Rambut,Personal Care
garnier men sampo pewarna rambut cokelat 20 ml,19900.0,NEEDS,Kebutuhan Rumah & Mandi,Perawatan Rambut,Personal Care
onyx serum rambut styling & pelindung rambut dari panas 65 ml,48000.0,NEEDS,Kebutuhan Rumah & Mandi,Perawatan Rambut,Personal Care
gatsby fiber clay penata rambut matte 80 g,37400.0,NEEDS,Kebutuhan Rumah & Mandi,Perawatan Rambut,Personal Care
mustika ratu tonik penyubur rambut 175 ml,45400.0,NEEDS,Kebutuhan Rumah & Mandi,Perawatan Rambut,Personal Care
cultusia sampo pewarna rambut hitam sachet 25 ml,12900.0,NEEDS,Kebutuhan Rumah & Mandi,Perawatan Rambut,Personal Care
pantene sampo anti ketombe botol 290 ml,48900.0,NEEDS,Kebutuhan Rumah & Mandi,Perawatan Rambut,Personal Care
pantene miracles masker treatment rambut repair intensive shot 4 pcs,34900.0,NEEDS,Kebutuhan Rumah & Mandi,Perawatan Rambut,Personal Care
bellagio homme pomade penata rambut modern luxe extreme hold natural 80 g,26500.0,NEEDS,Kebutuhan Rumah & Mandi,Perawatan Rambut,Personal Care
head & shoulders sampo anti ketombe halus & lembut pump 400 ml,70900.0,NEEDS,Kebutuhan Rumah & Mandi,Perawatan Rambut,Personal Care
sunsilk sampo anti ketombe & silky botol 650 ml,53000.0,NEEDS,Kebutuhan Rumah & Mandi,Perawatan Rambut,Personal Care
sunsilk sampo silky smooth botol 650 ml,53000.0,NEEDS,Kebutuhan Rumah & Mandi,Perawatan Rambut,Personal Care
clear sampo anti ketombe menthol segar pump 660 ml,64000.0,NEEDS,Kebutuhan Rumah & Mandi,Perawatan Rambut,Personal Care
sunsilk sampo glossy black botol 650 ml,53000.0,NEEDS,Kebutuhan Rumah & Mandi,Perawatan Rambut,Personal Care
tresemme sampo keratin smooth pump 670 ml,77500.0,NEEDS,Kebutuhan Rumah & Mandi,Perawatan Rambut,Personal Care
zinc sampo anti ketombe refreshing cool green tea mint pump 680 ml,49900.0,NEEDS,Kebutuhan Rumah & Mandi,Perawatan Rambut,Personal Care
lifebuoy sampo anti ketombe menthol dingin botol 680 ml,49000.0,NEEDS,Kebutuhan Rumah & Mandi,Perawatan Rambut,Personal Care
dove niacinamide sampo rambut rontok & kulit kepala berketombe 290 ml,35000.0,NEEDS,Kebutuhan Rumah & Mandi,Perawatan Rambut,Personal Care
glad2glow moisturizer pelembap & pencerah wajah pomegranate 30 g,44500.0,WANTS,Hobi & Self-Reward,Perawatan Wajah,Personal Care
pond's micellar water activated charcoal pembersih makeup kulit berminyak 100 ml,15500.0,WANTS,Hobi & Self-Reward,Perawatan Wajah,Personal Care
emina bright glow water gel moisturizer wajah niacinamide 30 g,43900.0,WANTS,Hobi & Self-Reward,Perawatan Wajah,Personal Care
pond's age miracle krim pagi pelembap wajah anti aging 10 g,42400.0,WANTS,Hobi & Self-Reward,Perawatan Wajah,Personal Care
azarine hydrasoothe sunscreen wajah gel spf 45 pa++++ 30 ml,39000.0,WANTS,Hobi & Self-Reward,Perawatan Wajah,Personal Care
emina bright stuff pembersih wajah niacinamide + oxy ceramide 100 ml,35500.0,WANTS,Hobi & Self-Reward,Perawatan Wajah,Personal Care
alfamart cotton buds kosmetik 100 s,8200.0,WANTS,Hobi & Self-Reward,Perawatan Wajah,Personal Care
ovale 2 in 1 lotion pembersih makeup perfect luminous 200 ml,34500.0,WANTS,Hobi & Self-Reward,Perawatan Wajah,Personal Care
glow & lovely derma glow krim pelembap wajah multivitamin 23 g,26000.0,WANTS,Hobi & Self-Reward,Perawatan Wajah,Personal Care
bdl brightening pembersih wajah pepaya 100 g,26900.0,WANTS,Hobi & Self-Reward,Perawatan Wajah,Personal Care
glad2glow micellar water pembersih makeup brightening 130 ml,26900.0,WANTS,Hobi & Self-Reward,Perawatan Wajah,Personal Care
hanasui collagen water sunscreen wajah spf 50 30 ml,32900.0,WANTS,Hobi & Self-Reward,Perawatan Wajah,Personal Care
emina sun battle bright glow sunscreen wajah spf 35 50 ml,33900.0,WANTS,Hobi & Self-Reward,Perawatan Wajah,Personal Care
glad2glow cherry blossom micellar water pembersih makeup 300 ml,46900.0,WANTS,Hobi & Self-Reward,Perawatan Wajah,Personal Care
selection kapas wajah 35 g,7500.0,WANTS,Hobi & Self-Reward,Perawatan Wajah,Personal Care
alfamart kapas wajah 50 g,10900.0,WANTS,Hobi & Self-Reward,Perawatan Wajah,Personal Care
alfamart cotton buds reguler refill 100 pcs,6800.0,WANTS,Hobi & Self-Reward,Perawatan Wajah,Personal Care
alfamart cotton buds spiral doraemon 100 s,9200.0,WANTS,Hobi & Self-Reward,Perawatan Wajah,Personal Care
glow & lovely pembersih wajah foam untuk kulit kusam multivitamin 100 g,36500.0,WANTS,Hobi & Self-Reward,Perawatan Wajah,Personal Care
kojiesan skin lightening sabun mandi batang pencerah wajah & tubuh hydromoist 65 g,22500.0,WANTS,Hobi & Self-Reward,Perawatan Wajah,Personal Care
selection cotton buds stik ulir 180 pcs,13900.0,WANTS,Hobi & Self-Reward,Perawatan Wajah,Personal Care
glow & lovely derma glow krim pelembap wajah multivitamin 46 g,49500.0,WANTS,Hobi & Self-Reward,Perawatan Wajah,Personal Care
glow & lovely ultimate uv duo sunscreen wajah spf 35 40 g,38500.0,WANTS,Hobi & Self-Reward,Perawatan Wajah,Personal Care
selection kapas wajah bulat 80 pcs,18200.0,WANTS,Hobi & Self-Reward,Perawatan Wajah,Personal Care
glow & lovely pembersih wajah foam untuk kulit kusam vitamin c 100 g,36500.0,WANTS,Hobi & Self-Reward,Perawatan Wajah,Personal Care
wardah symradiance 399 + niacinamide gel moisturizer wajah 30 g,48800.0,WANTS,Hobi & Self-Reward,Perawatan Wajah,Personal Care
pigeon teens pembersih wajah foam tube 100 ml,25900.0,WANTS,Hobi & Self-Reward,Perawatan Wajah,Personal Care
pond's bright miracle krim pagi pelembap wajah niasorcinol 20 g,36700.0,WANTS,Hobi & Self-Reward,Perawatan Wajah,Personal Care
pond's age miracle krim malam pelembap wajah anti aging 10 g,45900.0,WANTS,Hobi & Self-Reward,Perawatan Wajah,Personal Care
nourish acneplast patch jerawat pink 12 pcs,19500.0,WANTS,Hobi & Self-Reward,Perawatan Wajah,Personal Care
glad2glow gel pembersih wajah ceramide ph rendah bluberi 70 ml,40900.0,WANTS,Hobi & Self-Reward,Perawatan Wajah,Personal Care
garnier micellar water pembersih makeup untuk kulit sensitif 50 ml,24900.0,WANTS,Hobi & Self-Reward,Perawatan Wajah,Personal Care
selection special kapas wajah lapis tipis 175 pcs,19700.0,WANTS,Hobi & Self-Reward,Perawatan Wajah,Personal Care
glad2glow serum pembersih wajah niacinamide 70 g,37900.0,WANTS,Hobi & Self-Reward,Perawatan Wajah,Personal Care
pond's bright miracle serum wajah malam niasorcinol 14 g,21900.0,WANTS,Hobi & Self-Reward,Perawatan Wajah,Personal Care
hada labo shirojyun pembersih wajah untuk kulit kusam 100 g,39000.0,WANTS,Hobi & Self-Reward,Perawatan Wajah,Personal Care
glow & lovely bright uv duo sunscreen wajah spf 35 20 g - skincare,15000.0,WANTS,Hobi & Self-Reward,Perawatan Wajah,Personal Care
hada labo gokujyun pembersih wajah foam untuk kulit kering 100 g,37000.0,WANTS,Hobi & Self-Reward,Perawatan Wajah,Personal Care
pond's bright miracle serum wajah pagi niasorcinol 14 g,19500.0,WANTS,Hobi & Self-Reward,Perawatan Wajah,Personal Care
l'oreal paris glycolic bright pembersih wajah foam 50 ml,33000.0,WANTS,Hobi & Self-Reward,Perawatan Wajah,Personal Care
garnier bright complete booster serum pencerah wajah 30x vit c 15 ml,65000.0,WANTS,Hobi & Self-Reward,Perawatan Wajah,Personal Care
garnier bright complete serum malam pencerah wajah pure vit c 15 ml,70000.0,WANTS,Hobi & Self-Reward,Perawatan Wajah,Personal Care
garnier micellar water pembersih makeup salicylic bha 400 ml,69000.0,WANTS,Hobi & Self-Reward,Perawatan Wajah,Personal Care
paket olay regenerist krim pagi pelembap wajah anti aging + krim malam retinol 24,359000.0,WANTS,Hobi & Self-Reward,Perawatan Wajah,Personal Care
paket olay total effects 7 in 1 krim pagi pelembap wajah spf 15 + krim malam,185000.0,WANTS,Hobi & Self-Reward,Perawatan Wajah,Personal Care
sariayu acne care pembersih wajah foam anti jerawat 75 g,23500.0,WANTS,Hobi & Self-Reward,Perawatan Wajah,Personal Care
citra pearly white moisturizer pelembap wajah 40 g,55500.0,WANTS,Hobi & Self-Reward,Perawatan Wajah,Personal Care
garnier micellar water in oil pembersih makeup waterproof 125 ml,61500.0,WANTS,Hobi & Self-Reward,Perawatan Wajah,Personal Care
nivea pelembap bibir original 4.8 g,26900.0,WANTS,Hobi & Self-Reward,Perawatan Wajah,Personal Care
emina bright stuff pembersih wajah prebiotic anti jerawat 50 ml,20900.0,WANTS,Hobi & Self-Reward,Perawatan Wajah,Personal Care
kojiesan dream white sabun mandi batang wajah & tubuh anti aging 65 g,19900.0,WANTS,Hobi & Self-Reward,Perawatan Wajah,Personal Care
skin aqua uv whitening milk sunscreen wajah & tubuh spf 50 40 g,59500.0,WANTS,Hobi & Self-Reward,Perawatan Wajah,Personal Care
paket olay regenerist krim pagi pelembap wajah + pembersih wajah anti aging,259000.0,WANTS,Hobi & Self-Reward,Perawatan Wajah,Personal Care
l'oreal paris glycolic bright pembersih wajah foam 100 ml,59900.0,WANTS,Hobi & Self-Reward,Perawatan Wajah,Personal Care
l'oreal paris uv defender protector invisible fluid sunscreen wajah spf 50 30 ml,69900.0,WANTS,Hobi & Self-Reward,Perawatan Wajah,Personal Care
emina cica triacid acne clear moisturizer wajah water gel 30 g,35000.0,WANTS,Hobi & Self-Reward,Perawatan Wajah,Personal Care
emina pelembab wajah bio-retinol + 3% hydra amino 30 g,35000.0,WANTS,Hobi & Self-Reward,Perawatan Wajah,Personal Care
carasun solar smart uv light sunscreen wajah spf 50 30 g,29500.0,WANTS,Hobi & Self-Reward,Perawatan Wajah,Personal Care
ariul the perfect refresh your day tisu basah pembersih makeup 20 s,19000.0,WANTS,Hobi & Self-Reward,Perawatan Wajah,Personal Care
pond's age miracle krim pagi pelembap wajah ultimate youth anti aging spf 18 50 g,145000.0,WANTS,Hobi & Self-Reward,Perawatan Wajah,Personal Care
emina bright stuff gel pelembap wajah tone up 20 ml,22500.0,WANTS,Hobi & Self-Reward,Perawatan Wajah,Personal Care
pond's bright miracle krim pelembap wajah spf 30 20 g,19500.0,WANTS,Hobi & Self-Reward,Perawatan Wajah,Personal Care
pure paw paw ointment pelembap bibir multifungsi original 25 g,59000.0,WANTS,Hobi & Self-Reward,Perawatan Wajah,Personal Care
wardah acnederm toner wajah anti komedo 100 ml,29500.0,WANTS,Hobi & Self-Reward,Perawatan Wajah,Personal Care
wardah acnederm moisturizer malam pelembap wajah 40 ml,37000.0,WANTS,Hobi & Self-Reward,Perawatan Wajah,Personal Care
wardah acnederm moisturizer pagi pelembap wajah spf 15 40 ml,35000.0,WANTS,Hobi & Self-Reward,Perawatan Wajah,Personal Care
wardah crystal secret serum pencerah wajah untuk noda hitam 20 ml,89000.0,WANTS,Hobi & Self-Reward,Perawatan Wajah,Personal Care
wardah crystal secret krim malam pencerah wajah tube 15 ml,49000.0,WANTS,Hobi & Self-Reward,Perawatan Wajah,Personal Care
wardah crystal secret essence wajah pure treatment 50 ml,77000.0,WANTS,Hobi & Self-Reward,Perawatan Wajah,Personal Care
wardah acnederm acne spot treatment gel obat jerawat 15 g,25000.0,WANTS,Hobi & Self-Reward,Perawatan Wajah,Personal Care
hanasui masker wajah peel off egg white 80 g,15000.0,WANTS,Hobi & Self-Reward,Perawatan Wajah,Personal Care
safi age defy krim pagi pelembap wajah spf 25 ekstrak gold & silk protein 25 g,54000.0,WANTS,Hobi & Self-Reward,Perawatan Wajah,Personal Care
safi age defy krim malam pelembap wajah ekstrak gold & silk protein 25 g,59000.0,WANTS,Hobi & Self-Reward,Perawatan Wajah,Personal Care
safi acne expert pembersih wajah whipped foam untuk kulit berminyak 100 g,23900.0,WANTS,Hobi & Self-Reward,Perawatan Wajah,Personal Care
safi acne expert pembersih wajah clarifying 2 in 1 150 ml,36000.0,WANTS,Hobi & Self-Reward,Perawatan Wajah,Personal Care
safi naturals micellar water pembersih makeup ekstrak daun neem 200 ml,31000.0,WANTS,Hobi & Self-Reward,Perawatan Wajah,Personal Care
pond's age miracle ultimate youth serum wajah anti aging 30 g,165000.0,WANTS,Hobi & Self-Reward,Perawatan Wajah,Personal Care
pigeon teens moisturizer pelembap wajah remaja 50 ml,32900.0,WANTS,Hobi & Self-Reward,Perawatan Wajah,Personal Care
hanasui micellar water kolagen pembersih makeup triple action 100 ml,25000.0,WANTS,Hobi & Self-Reward,Perawatan Wajah,Personal Care
skintific 5x ceramide gel moisturizer pelembap wajah barrier repair 30 g,148100.0,WANTS,Hobi & Self-Reward,Perawatan Wajah,Personal Care
skintific 5x ceramide serum sunscreen wajah spf 50 30 ml,105800.0,WANTS,Hobi & Self-Reward,Perawatan Wajah,Personal Care
skintific msh niacinamide gel moisturizer pelembap wajah brightening 30 g,148100.0,WANTS,Hobi & Self-Reward,Perawatan Wajah,Personal Care
skintific 10% niacinamide serum wajah brightening 20 ml,149000.0,WANTS,Hobi & Self-Reward,Perawatan Wajah,Personal Care
skintific 5x ceramide paket perawatan wajah barrier repair 4 pcs,159000.0,WANTS,Hobi & Self-Reward,Perawatan Wajah,Personal Care
skintific masker wajah clay anti pores & jerawat mugwort stik 40 g,94000.0,WANTS,Hobi & Self-Reward,Perawatan Wajah,Personal Care
skintific 5x ceramide toner wajah soothing 80 ml,123000.0,WANTS,Hobi & Self-Reward,Perawatan Wajah,Personal Care
skintific 2% salicylic acid serum wajah anti jerawat 20 ml,148100.0,WANTS,Hobi & Self-Reward,Perawatan Wajah,Personal Care
pinkberry skin concern serum pencerah wajah 15 ml,31600.0,WANTS,Hobi & Self-Reward,Perawatan Wajah,Personal Care
pinkberry skin concern serum wajah anti jerawat 15 ml,31600.0,WANTS,Hobi & Self-Reward,Perawatan Wajah,Personal Care
skin aqua tone up uv essence sunscreen wajah spf 50 pa++++ 40 ml,59000.0,WANTS,Hobi & Self-Reward,Perawatan Wajah,Personal Care
acnes natural care pembersih wajah untuk kulit berminyak tube 100 g,25000.0,WANTS,Hobi & Self-Reward,Perawatan Wajah,Personal Care
acnes natural care pembersih wajah deep pore cleanser 100 g,25000.0,WANTS,Hobi & Self-Reward,Perawatan Wajah,Personal Care
acnes treatment series sealing jell obat jerawat 9 g,17000.0,WANTS,Hobi & Self-Reward,Perawatan Wajah,Personal Care
acnes treatment series toner wajah mini roll on,21000.0,WANTS,Hobi & Self-Reward,Perawatan Wajah,Personal Care
skintific 5% panthenol water gel pelembap wajah kulit berjerawat 45 g,135000.0,WANTS,Hobi & Self-Reward,Perawatan Wajah,Personal Care
skintific all day light sunscreen mist wajah spf 50 120 ml,95000.0,WANTS,Hobi & Self-Reward,Perawatan Wajah,Personal Care
himalaya purifying pembersih wajah foam neem 150 ml,49000.0,WANTS,Hobi & Self-Reward,Perawatan Wajah,Personal Care
himalaya pembersih wajah untuk kulit kering aloe vera tube 100 ml,27000.0,WANTS,Hobi & Self-Reward,Perawatan Wajah,Personal Care
himalaya pelembap bibir 10 g,21000.0,WANTS,Hobi & Self-Reward,Perawatan Wajah,Personal Care
megrhythm masker mata steam lavender 5 s,39000.0,WANTS,Hobi & Self-Reward,Perawatan Wajah,Personal Care
megrhythm masker mata steam chamomile 5 s,39000.0,WANTS,Hobi & Self-Reward,Perawatan Wajah,Personal Care
omg oh my glow sunscreen wajah bright booster spf 50 25 ml,25000.0,WANTS,Hobi & Self-Reward,Perawatan Wajah,Personal Care
implora 8+ ceramide gel moisturizer pelembap wajah kulit kering 50 ml,33000.0,WANTS,Hobi & Self-Reward,Perawatan Wajah,Personal Care
implora 8+ ceramide gel moisturizer pelembap wajah kulit kering refill 50 ml,15000.0,WANTS,Hobi & Self-Reward,Perawatan Wajah,Personal Care
pond's age miracle krim malam pelembap wajah ultimate youth anti aging 50 g,145000.0,WANTS,Hobi & Self-Reward,Perawatan Wajah,Personal Care
facetology triple care sunscreen wajah kulit kering & kusam spf 40 40 ml,74900.0,WANTS,Hobi & Self-Reward,Perawatan Wajah,Personal Care
the originote pembersih wajah cicamide low ph 150 ml,42900.0,WANTS,Hobi & Self-Reward,Perawatan Wajah,Personal Care
pond's uv miracle bright sunscreen wajah gel spf 50 15 g,29000.0,WANTS,Hobi & Self-Reward,Perawatan Wajah,Personal Care
garnier super uv cooling watergel sunscreen wajah spf 35 20 ml,42000.0,WANTS,Hobi & Self-Reward,Perawatan Wajah,Personal Care
pond's uv protect sunscreen serum wajah tekstur pekat spf 50 30 g,95000.0,WANTS,Hobi & Self-Reward,Perawatan Wajah,Personal Care
pigeon teens jelly glow masker tidur 30 g,31900.0,WANTS,Hobi & Self-Reward,Perawatan Wajah,Personal Care
pigeon teens acne ranger serum wajah anti jerawat remaja 20 ml,29900.0,WANTS,Hobi & Self-Reward,Perawatan Wajah,Personal Care
pigeon teens hydra squad serum pelembap wajah remaja 20 ml,29900.0,WANTS,Hobi & Self-Reward,Perawatan Wajah,Personal Care
biore uv fresh look sunscreen wajah kulit berminyak spf 50 30 g,24900.0,WANTS,Hobi & Self-Reward,Perawatan Wajah,Personal Care
pond's bright miracle serum wajah niasorcinol 30 g,69900.0,WANTS,Hobi & Self-Reward,Perawatan Wajah,Personal Care
senka perfect whip pembersih wajah foam anti jerawat 100 g,59000.0,WANTS,Hobi & Self-Reward,Perawatan Wajah,Personal Care
senka perfect whip pembersih wajah foam fuji sakura 100 g,44900.0,WANTS,Hobi & Self-Reward,Perawatan Wajah,Personal Care
senka perfect whip pembersih wajah foam white clay 120 g,49000.0,WANTS,Hobi & Self-Reward,Perawatan Wajah,Personal Care
senka perfect whip pembersih wajah foam collagen in 120 g,65500.0,WANTS,Hobi & Self-Reward,Perawatan Wajah,Personal Care
y.o.u radiance glow serum wajah vitamin c & niacinamide 20 ml,71900.0,WANTS,Hobi & Self-Reward,Perawatan Wajah,Personal Care
y.o.u radiance glow pembersih wajah vitamin c & niacinamide 100 g,35500.0,WANTS,Hobi & Self-Reward,Perawatan Wajah,Personal Care
wardah tranexamic alpha arbutin gel moisturizer wajah untuk noda hitam 30 g,97000.0,WANTS,Hobi & Self-Reward,Perawatan Wajah,Personal Care
npure cica beat the sun sunscreen wajah matte spf 50 35 ml,74500.0,WANTS,Hobi & Self-Reward,Perawatan Wajah,Personal Care
npure cica beat the sun sunscreen wajah glow spf 50 35 ml,74500.0,WANTS,Hobi & Self-Reward,Perawatan Wajah,Personal Care
skintific alaska volcano masker wajah clay stick 40 g,107000.0,WANTS,Hobi & Self-Reward,Perawatan Wajah,Personal Care
npure centella asiatica toner wajah anti jerawat 150 ml,99000.0,WANTS,Hobi & Self-Reward,Perawatan Wajah,Personal Care
npure centella asiatica pembersih wajah anti jerawat 100 ml,85000.0,WANTS,Hobi & Self-Reward,Perawatan Wajah,Personal Care
npure noni probiotics gel pembersih wajah hypoallergenic 50 ml,37000.0,WANTS,Hobi & Self-Reward,Perawatan Wajah,Personal Care
npure cica acne clear pad eksfoliasi wajah anti jerawat travel 5 + 2 s,20500.0,WANTS,Hobi & Self-Reward,Perawatan Wajah,Personal Care
cosrx gel pembersih wajah low ph good morning 50 ml,55000.0,WANTS,Hobi & Self-Reward,Perawatan Wajah,Personal Care
glad2glow exfo smooth peeling gel wajah 50 g,40000.0,WANTS,Hobi & Self-Reward,Perawatan Wajah,Personal Care
banana boat simply protect aqua long wearing sunscreen tubuh spf 50 50 ml,87000.0,WANTS,Hobi & Self-Reward,Perawatan Wajah,Personal Care
wardah cica complex + panthenol ceramide gel moisturizer wajah 30 g,95000.0,WANTS,Hobi & Self-Reward,Perawatan Wajah,Personal Care
skintific niacinamide bright boost masker wajah clay stick 40 g,90700.0,WANTS,Hobi & Self-Reward,Perawatan Wajah,Personal Care
derma angel patch jerawat ultra thin pagi & malam 18 pcs,33000.0,WANTS,Hobi & Self-Reward,Perawatan Wajah,Personal Care
pigeon teens poreless warrior serum wajah pori besar & berminyak 20 ml,29900.0,WANTS,Hobi & Self-Reward,Perawatan Wajah,Personal Care
pigeon teens x-foliate army serum wajah eksfoliasi 20 ml,29900.0,WANTS,Hobi & Self-Reward,Perawatan Wajah,Personal Care
pigeon teens calm fairy serum wajah kulit kemerahan 20 ml,29900.0,WANTS,Hobi & Self-Reward,Perawatan Wajah,Personal Care
pigeon teens bright heroes micellar water pembersih wajah 100 ml,22900.0,WANTS,Hobi & Self-Reward,Perawatan Wajah,Personal Care
somethinc copy paste tinted sunscreen spf 40 w01 bijoux 50 ml,145000.0,WANTS,Hobi & Self-Reward,Perawatan Wajah,Personal Care
somethinc copy paste tinted sunscreen spf 40 n01 nina 50 ml,145000.0,WANTS,Hobi & Self-Reward,Perawatan Wajah,Personal Care
emina glorad+ serum wajah water-sphere 20 ml,80000.0,WANTS,Hobi & Self-Reward,Perawatan Wajah,Personal Care
emina glorad+ pembersih wajah & makeup amino fusion 100 ml,50900.0,WANTS,Hobi & Self-Reward,Perawatan Wajah,Personal Care
emina glorad+ serum mata eye wake up roller 15 ml,67000.0,WANTS,Hobi & Self-Reward,Perawatan Wajah,Personal Care
skintific matte fit serum sunscreen wajah spf 50 50 g,126500.0,WANTS,Hobi & Self-Reward,Perawatan Wajah,Personal Care
skintific 12% aha bha pha lha serum peeling wajah 30 ml,123000.0,WANTS,Hobi & Self-Reward,Perawatan Wajah,Personal Care
skintific lock the look setting spray wajah 80 ml,123500.0,WANTS,Hobi & Self-Reward,Perawatan Wajah,Personal Care
skintific retinol skin renewal serum wajah 20 ml,149000.0,WANTS,Hobi & Self-Reward,Perawatan Wajah,Personal Care
skintific retinol skin renewal moisturizer pelembap wajah 30 g,149000.0,WANTS,Hobi & Self-Reward,Perawatan Wajah,Personal Care
himalaya brightening vitamin c serum wajah orange 15 ml,40000.0,WANTS,Hobi & Self-Reward,Perawatan Wajah,Personal Care
himalaya turmeric serum wajah untuk noda hitam 15 ml,40000.0,WANTS,Hobi & Self-Reward,Perawatan Wajah,Personal Care
himalaya turmeric pembersih wajah untuk noda hitam 100 ml,30000.0,WANTS,Hobi & Self-Reward,Perawatan Wajah,Personal Care
freeman hydrating masker wajah gel krim glacier water + pink peony 175 ml,45000.0,WANTS,Hobi & Self-Reward,Perawatan Wajah,Personal Care
freeman anti-stress masker wajah clay dead sea minerals 175 ml,45000.0,WANTS,Hobi & Self-Reward,Perawatan Wajah,Personal Care
pigeon teens bright heroes pelembap wajah 50 ml,31900.0,WANTS,Hobi & Self-Reward,Perawatan Wajah,Personal Care
pond's uv miracle sunscreen wajah bright spf 35 25 g,25000.0,WANTS,Hobi & Self-Reward,Perawatan Wajah,Personal Care
pond's uv miracle sunscreen wajah bright spf 50 25 g,49000.0,WANTS,Hobi & Self-Reward,Perawatan Wajah,Personal Care
wardah uv shield tone up sunscreen wajah spf 50 30 ml,69000.0,WANTS,Hobi & Self-Reward,Perawatan Wajah,Personal Care
wardah uv shield physical sunscreen serum wajah spf 50 30 ml,69000.0,WANTS,Hobi & Self-Reward,Perawatan Wajah,Personal Care
wardah vitamin c + adenosine radiant charge gel moisturizer wajah 30 g,91000.0,WANTS,Hobi & Self-Reward,Perawatan Wajah,Personal Care
wardah lip rescue jelly balm pelembap bibir dusty rose 7 g,42500.0,WANTS,Hobi & Self-Reward,Perawatan Wajah,Personal Care
npure cica acne care complex masker wajah lembaran anti jerawat 28 g,17900.0,WANTS,Hobi & Self-Reward,Perawatan Wajah,Personal Care
npure cica beat the sun sunscreen wajah spray spf 50 50 ml,74500.0,WANTS,Hobi & Self-Reward,Perawatan Wajah,Personal Care
npure sheet mask noni probiotics masker wajah lembaran hypoallergenic 20 g,17900.0,WANTS,Hobi & Self-Reward,Perawatan Wajah,Personal Care
npure licorice potion of light serum wajah bright & glow 20 ml,85000.0,WANTS,Hobi & Self-Reward,Perawatan Wajah,Personal Care
garnier bright complete booster serum pencerah wajah 30x vit c 8 ml,31500.0,WANTS,Hobi & Self-Reward,Perawatan Wajah,Personal Care
emina barrier water gel moisturizer wajah ceramide 30 g,43900.0,WANTS,Hobi & Self-Reward,Perawatan Wajah,Personal Care
facetology triple care sunscreen wajah kulit berminyak & jerawat spf 40 40 ml,69900.0,WANTS,Hobi & Self-Reward,Perawatan Wajah,Personal Care
pond's uv miracle sunscreen wajah hydrate spf 50 pa++++ 15 g,20700.0,WANTS,Hobi & Self-Reward,Perawatan Wajah,Personal Care
pond's hydra miracle ultra light biome pelembab wajah cera hyamino 15 g,34900.0,WANTS,Hobi & Self-Reward,Perawatan Wajah,Personal Care
kojiesan pembersih wajah pencerah kulit hydromoist 50 g,39900.0,WANTS,Hobi & Self-Reward,Perawatan Wajah,Personal Care
glad2glow jeju tangerine vita c power bright glow moisturizer pelembab wajah 30 g,37900.0,WANTS,Hobi & Self-Reward,Perawatan Wajah,Personal Care
glad2glow madagascar centella light cleansing oil pembersih wajah 100 ml,58900.0,WANTS,Hobi & Self-Reward,Perawatan Wajah,Personal Care
glad2glow pembersih wajah low ph 5.5 70 ml,37900.0,WANTS,Hobi & Self-Reward,Perawatan Wajah,Personal Care
glad2glow pembersih wajah matcha anti jerawat 80 g,43900.0,WANTS,Hobi & Self-Reward,Perawatan Wajah,Personal Care
glad2glow micellar water pembersih makeup pore clearing 130 ml,26900.0,WANTS,Hobi & Self-Reward,Perawatan Wajah,Personal Care
glad2glow pembersih wajah glycolic acid 70 g,37900.0,WANTS,Hobi & Self-Reward,Perawatan Wajah,Personal Care
nivea pelembap bibir caring color rose 4.8 g,31900.0,WANTS,Hobi & Self-Reward,Perawatan Wajah,Personal Care
nivea soft krim moisturizer jar 50 ml,21500.0,WANTS,Hobi & Self-Reward,Perawatan Wajah,Personal Care
clean & clear kertas minyak wajah 60 s,41000.0,WANTS,Hobi & Self-Reward,Perawatan Wajah,Personal Care
jf sulfur pembersih wajah foam anti jerawat tube 70 g,27500.0,WANTS,Hobi & Self-Reward,Perawatan Wajah,Personal Care
glow & lovely krim pencerah wajah + bedak multivitamin 20 g,29900.0,WANTS,Hobi & Self-Reward,Perawatan Wajah,Personal Care
wardah uv shield sunscreen serum wajah collagen peptide spf 50 30 ml,67000.0,WANTS,Hobi & Self-Reward,Perawatan Wajah,Personal Care
pond's bright miracle whip collagen niasorcinol pembersih wajah foam 100 g,37100.0,WANTS,Hobi & Self-Reward,Perawatan Wajah,Personal Care
somethinc pembersih wajah gentle jelly ph rendah 40 ml,50500.0,WANTS,Hobi & Self-Reward,Perawatan Wajah,Personal Care
the originote sunscreen wajah ceramella spf 50 tube 50 g,48500.0,WANTS,Hobi & Self-Reward,Perawatan Wajah,Personal Care
glad2glow masker wajah clay anti jerawat mugwort stik 25 g,47000.0,WANTS,Hobi & Self-Reward,Perawatan Wajah,Personal Care
vaseline lip care pelembab bibir warna mellow rose 3 g,59900.0,WANTS,Hobi & Self-Reward,Perawatan Wajah,Personal Care
the originote mugwort b3 masker wajah clay stik 40 g,43900.0,WANTS,Hobi & Self-Reward,Perawatan Wajah,Personal Care
glad2glow masker wajah clay volcano stik 25 g,47000.0,WANTS,Hobi & Self-Reward,Perawatan Wajah,Personal Care
glad2glow serum wajah peach retinol 17 ml,40900.0,WANTS,Hobi & Self-Reward,Perawatan Wajah,Personal Care
glad2glow masker pencerah wajah clay pomegranate stik 25 g,47000.0,WANTS,Hobi & Self-Reward,Perawatan Wajah,Personal Care
glad2glow aha bha pha serum peeling wajah 15 ml,51500.0,WANTS,Hobi & Self-Reward,Perawatan Wajah,Personal Care
glad2glow perfect vita c pembersih wajah bright glow 80 g,43900.0,WANTS,Hobi & Self-Reward,Perawatan Wajah,Personal Care
alfamart kapas kecantikan sanrio 150 s,16900.0,WANTS,Hobi & Self-Reward,Perawatan Wajah,Personal Care
npure licorice potion of light serum wajah bright & glow 20 ml,85000.0,WANTS,Hobi & Self-Reward,Perawatan Wajah,Personal Care
npure licorice masker wajah lembaran bright & glow 30 g,17900.0,WANTS,Hobi & Self-Reward,Perawatan Wajah,Personal Care
npure licorice bright & glow pad eksfoliasi wajah travel pack 5 + 2 pcs,19900.0,WANTS,Hobi & Self-Reward,Perawatan Wajah,Personal Care
pond's bright miracle ultra light biome pelembab wajah niasorcinol 50 g,97000.0,WANTS,Hobi & Self-Reward,Perawatan Wajah,Personal Care
pond's hydra miracle ultra light biome pelembab wajah cera hyamino 50 g,97000.0,WANTS,Hobi & Self-Reward,Perawatan Wajah,Personal Care
wardah perfect bright tone up micellar water pembersih makeup 400 ml,99000.0,WANTS,Hobi & Self-Reward,Perawatan Wajah,Personal Care
wardah acnederm micellar water pembersih makeup kulit berjerawat 400 ml,99000.0,WANTS,Hobi & Self-Reward,Perawatan Wajah,Personal Care
labore biomerepair barrier revive krim pelembap wajah 50 ml,179000.0,WANTS,Hobi & Self-Reward,Perawatan Wajah,Personal Care
labore gentlebiome pembersih wajah kulit sensitif 100 ml,82500.0,WANTS,Hobi & Self-Reward,Perawatan Wajah,Personal Care
pond's uv miracle sunscreen wajah gel hydrate spf 50 25 g,39000.0,WANTS,Hobi & Self-Reward,Perawatan Wajah,Personal Care
light+ by wardah serum moisturizer wajah hpr retinoid bright + acne 28 g,36900.0,WANTS,Hobi & Self-Reward,Perawatan Wajah,Personal Care
omg oh my glow pembersih wajah bright booster 100 ml,21000.0,WANTS,Hobi & Self-Reward,Perawatan Wajah,Personal Care
omg oh my glow hydrapower micellar water pembersih makeup 300 ml,42000.0,WANTS,Hobi & Self-Reward,Perawatan Wajah,Personal Care
omg oh my glow gel moisturizer wajah 5% niacinamide 45 g,33000.0,WANTS,Hobi & Self-Reward,Perawatan Wajah,Personal Care
omg oh my glow gel moisturizer wajah calming 2% cica-b5 45 g,33000.0,WANTS,Hobi & Self-Reward,Perawatan Wajah,Personal Care
glad2glow 3d acid acne moisturizer wajah kiwi 30 g,40000.0,WANTS,Hobi & Self-Reward,Perawatan Wajah,Personal Care
glad2glow serum pelembap bibir strawberry glaze 7 g,49000.0,WANTS,Hobi & Self-Reward,Perawatan Wajah,Personal Care
glad2glow serum pelembap bibir berry soda 7 g,49000.0,WANTS,Hobi & Self-Reward,Perawatan Wajah,Personal Care
glad2glow juicy serum pelembap bibir mixberry 5.5 g,40000.0,WANTS,Hobi & Self-Reward,Perawatan Wajah,Personal Care
glad2glow double bright krim pagi pelembap wajah 30 g,77000.0,WANTS,Hobi & Self-Reward,Perawatan Wajah,Personal Care
glad2glow centella gel moisturizer pelembap wajah anti jerawat 100 g,59000.0,WANTS,Hobi & Self-Reward,Perawatan Wajah,Personal Care
glad2glow acne toner pad eksfoliasi wajah centella salicylic acid 30 s,59000.0,WANTS,Hobi & Self-Reward,Perawatan Wajah,Personal Care
char mi cotton buds lancip makeup 80 s,8900.0,WANTS,Hobi & Self-Reward,Perawatan Wajah,Personal Care
vaseline lip therapy pelembap bibir original 4.8 g,32500.0,WANTS,Hobi & Self-Reward,Perawatan Wajah,Personal Care
erha acneact acne spot gel obat jerawat 10 g,59000.0,WANTS,Hobi & Self-Reward,Perawatan Wajah,Personal Care
erha acneact pembersih wajah scrub anti jerawat tube 60 ml,95000.0,WANTS,Hobi & Self-Reward,Perawatan Wajah,Personal Care
pond's age miracle ultimate youth serum wajah anti aging sachet 7 g,19400.0,WANTS,Hobi & Self-Reward,Perawatan Wajah,Personal Care
hanasui power bright serum wajah untuk noda hitam 20 ml,29000.0,WANTS,Hobi & Self-Reward,Perawatan Wajah,Personal Care
hanasui power barrier serum wajah 20 ml,29000.0,WANTS,Hobi & Self-Reward,Perawatan Wajah,Personal Care
azarine hydramax c sunscreen wajah gel spf 50 40 ml,61900.0,WANTS,Hobi & Self-Reward,Perawatan Wajah,Personal Care
garnier sakura glow pembersih wajah low ph niacinamide 100 ml,39900.0,WANTS,Hobi & Self-Reward,Perawatan Wajah,Personal Care
garnier bright complete pembersih wajah low ph vitamin c 100 ml,39900.0,WANTS,Hobi & Self-Reward,Perawatan Wajah,Personal Care
scora phytobright gentle low ph pembersih wajah kulit sensitif 75 g,38800.0,WANTS,Hobi & Self-Reward,Perawatan Wajah,Personal Care
derma angel patch jerawat salicylic acid pagi 6 + 3 pcs,19000.0,WANTS,Hobi & Self-Reward,Perawatan Wajah,Personal Care
scora bright me up sunscreen wajah spf 40 30 g,39900.0,WANTS,Hobi & Self-Reward,Perawatan Wajah,Personal Care
glow & lovely bright serum sunscreen wajah uv duo spf 50 30 ml,43500.0,WANTS,Hobi & Self-Reward,Perawatan Wajah,Personal Care
himalaya purifying pembersih wajah neem tube 100 ml,26900.0,WANTS,Hobi & Self-Reward,Perawatan Wajah,Personal Care
hanasui power serum wajah retinol expert 20 ml,36900.0,WANTS,Hobi & Self-Reward,Perawatan Wajah,Personal Care
senka perfect whip pembersih wajah foam beauty 120 g,57900.0,WANTS,Hobi & Self-Reward,Perawatan Wajah,Personal Care
ms glow for men dual cream pelembap wajah 30 + 30 g,48000.0,WANTS,Hobi & Self-Reward,Perawatan Wajah,Personal Care
hanasui vit c + collagen serum pengencang wajah 20 ml,23900.0,WANTS,Hobi & Self-Reward,Perawatan Wajah,Personal Care
hanasui collagen water sunscreen wajah spf 30 30 ml,27500.0,WANTS,Hobi & Self-Reward,Perawatan Wajah,Personal Care
hanasui calm & clear micellar water pembersih makeup 300 ml,44500.0,WANTS,Hobi & Self-Reward,Perawatan Wajah,Personal Care
garnier bright complete pembersih wajah vitamin c 50 ml,27000.0,WANTS,Hobi & Self-Reward,Perawatan Wajah,Personal Care
garnier micellar water pembersih makeup air mawar 125 ml,29900.0,WANTS,Hobi & Self-Reward,Perawatan Wajah,Personal Care
acnes natural care pembersih wajah complete white 50 g,17500.0,WANTS,Hobi & Self-Reward,Perawatan Wajah,Personal Care
hada labo shirojyun pembersih wajah untuk kulit kusam 50 g,25900.0,WANTS,Hobi & Self-Reward,Perawatan Wajah,Personal Care
lip ice sheer color pelembap bibir stroberi 2 g,25900.0,WANTS,Hobi & Self-Reward,Perawatan Wajah,Personal Care
derma angel patch jerawat salicylic acid pagi 6 pcs,19000.0,WANTS,Hobi & Self-Reward,Perawatan Wajah,Personal Care
acnol lotion obat jerawat 10 ml,21500.0,WANTS,Hobi & Self-Reward,Perawatan Wajah,Personal Care
vienna pad kolagen mata revitalizing 4 s,21500.0,WANTS,Hobi & Self-Reward,Perawatan Wajah,Personal Care
nivea sun extra protect aura sunscreen serum pencerah wajah spf 50+ pa+++ 30 ml,65000.0,WANTS,Hobi & Self-Reward,Perawatan Wajah,Personal Care
safi ultimate bright toner & pembersih wajah purifying 150 ml,54100.0,WANTS,Hobi & Self-Reward,Perawatan Wajah,Personal Care
erha truwhite pembersih wajah untuk kulit kusam 90 ml,95000.0,WANTS,Hobi & Self-Reward,Perawatan Wajah,Personal Care
implora peeling serum eksfoliasi wajah 20 ml,36000.0,WANTS,Hobi & Self-Reward,Perawatan Wajah,Personal Care
safi white pembersih wajah anti jerawat 50 g,19900.0,WANTS,Hobi & Self-Reward,Perawatan Wajah,Personal Care
somethinc holyshield uv watery gel sunscreen wajah spf 50 15 ml,50900.0,WANTS,Hobi & Self-Reward,Perawatan Wajah,Personal Care
somethinc pembersih wajah gentle jelly ph rendah 100 ml,127900.0,WANTS,Hobi & Self-Reward,Perawatan Wajah,Personal Care
hanasui power post acne serum wajah bekas jerawat 20 ml,29000.0,WANTS,Hobi & Self-Reward,Perawatan Wajah,Personal Care
hanasui power serum wajah anti jerawat 20 ml,29000.0,WANTS,Hobi & Self-Reward,Perawatan Wajah,Personal Care
kye patch jerawat bening tea tree infusion 36 s,30500.0,WANTS,Hobi & Self-Reward,Perawatan Wajah,Personal Care
kye kapas pembersih makeup watermelon blueberry glow 15 s,16900.0,WANTS,Hobi & Self-Reward,Perawatan Wajah,Personal Care
azarine serum obat jerawat 20 ml,25000.0,WANTS,Hobi & Self-Reward,Perawatan Wajah,Personal Care
nivea micellair pembersih makeup anti jerawat & kulit sensitif 400 ml,95000.0,WANTS,Hobi & Self-Reward,Perawatan Wajah,Personal Care
nivea micellair pembersih makeup & pencerah wajah pearl bright 400 ml,95000.0,WANTS,Hobi & Self-Reward,Perawatan Wajah,Personal Care
skintific symwhite 377 serum wajah untuk noda hitam 20 ml,169000.0,WANTS,Hobi & Self-Reward,Perawatan Wajah,Personal Care
azarine moisture sepiwhite serum wajah niacinamide 5% 20 ml,53900.0,WANTS,Hobi & Self-Reward,Perawatan Wajah,Personal Care
erha acneact pembersih wajah untuk kulit berminyak & berjerawat tube 100 ml,85000.0,WANTS,Hobi & Self-Reward,Perawatan Wajah,Personal Care
erha skinsitive pembersih wajah untuk kulit sensitif ultracalm tube 80 g,89000.0,WANTS,Hobi & Self-Reward,Perawatan Wajah,Personal Care
vio acne shield patch jerawat gambar makanan jepang 12 pcs,17900.0,WANTS,Hobi & Self-Reward,Perawatan Wajah,Personal Care
vio acne shield patch jerawat gambar buah 12 pcs,17900.0,WANTS,Hobi & Self-Reward,Perawatan Wajah,Personal Care
implora masker wajah lembaran blueberry melembapkan 25 g,4000.0,WANTS,Hobi & Self-Reward,Perawatan Wajah,Personal Care
implora masker wajah lembaran aloe vera anti jerawat 25 g,4000.0,WANTS,Hobi & Self-Reward,Perawatan Wajah,Personal Care
implora masker wajah lembaran papaya mengecilkan pori 25 g,4000.0,WANTS,Hobi & Self-Reward,Perawatan Wajah,Personal Care
implora masker wajah lembaran avocado anti aging 25 g,4000.0,WANTS,Hobi & Self-Reward,Perawatan Wajah,Personal Care
sariayu sunscreen serum wajah tone up spf 30 30 ml,38500.0,WANTS,Hobi & Self-Reward,Perawatan Wajah,Personal Care
azarine intense luminous barrier moisturizer pelembap wajah 30 g,49000.0,WANTS,Hobi & Self-Reward,Perawatan Wajah,Personal Care
azarine advanced youth barrier moisturizer pelembap wajah 30 g,49000.0,WANTS,Hobi & Self-Reward,Perawatan Wajah,Personal Care
cetaphil pembersih wajah daily 236 ml,139000.0,WANTS,Hobi & Self-Reward,Perawatan Wajah,Personal Care
somethinc calm down skinpair r-cover krim pelembap wajah refill 50 ml,195000.0,WANTS,Hobi & Self-Reward,Perawatan Wajah,Personal Care
vio post acne patch noda bekas jerawat 18 pcs,14900.0,WANTS,Hobi & Self-Reward,Perawatan Wajah,Personal Care
erha age corrector serum wajah anti aging 20 ml,209000.0,WANTS,Hobi & Self-Reward,Perawatan Wajah,Personal Care
erha age corrector pembersih wajah anti aging 90 ml,73900.0,WANTS,Hobi & Self-Reward,Perawatan Wajah,Personal Care
skintific serum wajah 10% pure vitamin c 10 g,163900.0,WANTS,Hobi & Self-Reward,Perawatan Wajah,Personal Care
skintific 5x ceramide barrier gel moisturizer wajah 30 g,163900.0,WANTS,Hobi & Self-Reward,Perawatan Wajah,Personal Care
light+ by wardah serum moisturizer wajah vitamin b12 calm & reset 30 g,43000.0,WANTS,Hobi & Self-Reward,Perawatan Wajah,Personal Care
jf sulfur facial foam pembersih wajah acne protect 70 g,26900.0,WANTS,Hobi & Self-Reward,Perawatan Wajah,Personal Care
jf sulfur gel anti jerawat 10 g,26900.0,WANTS,Hobi & Self-Reward,Perawatan Wajah,Personal Care
jf sulfur gel acne spot care 10 g,30500.0,WANTS,Hobi & Self-Reward,Perawatan Wajah,Personal Care
jf acne tisu basah pembersih wajah anti jerawat 10 s,12200.0,WANTS,Hobi & Self-Reward,Perawatan Wajah,Personal Care
derma angel patch jerawat salicylic acid malam 6 pcs,17500.0,WANTS,Hobi & Self-Reward,Perawatan Wajah,Personal Care
derma angel patch jerawat pagi original 6 pcs,13500.0,WANTS,Hobi & Self-Reward,Perawatan Wajah,Personal Care
derma angel acne care masker wajah stik anti jerawat 20 g,25900.0,WANTS,Hobi & Self-Reward,Perawatan Wajah,Personal Care
kojiesan skin lightening sabun mandi batang pencerah wajah & tubuh 65 g,22500.0,WANTS,Hobi & Self-Reward,Perawatan Wajah,Personal Care
shinzu'i whitessentials sunscreen wajah brightening spf 35 30 ml,29900.0,WANTS,Hobi & Self-Reward,Perawatan Wajah,Personal Care
garnier bright complete pembersih wajah vitamin c 100 ml,30900.0,WANTS,Hobi & Self-Reward,Perawatan Wajah,Personal Care
shinzu'i whitessentials pembersih wajah untuk kulit kusam 80 + 20 ml,23900.0,WANTS,Hobi & Self-Reward,Perawatan Wajah,Personal Care
glad2glow moisturizer pelembap wajah anti jerawat blueberry 30 g,49900.0,WANTS,Hobi & Self-Reward,Perawatan Wajah,Personal Care
azarine calm my acne sunscreen moisturiser pelembap wajah spf 35 40 g,33900.0,WANTS,Hobi & Self-Reward,Perawatan Wajah,Personal Care
hose pembersih wajah brightening & exfoliating 100 ml,35900.0,WANTS,Hobi & Self-Reward,Perawatan Wajah,Personal Care
pinkberry 8-glow pembersih wajah untuk kulit kusam 100 ml,26400.0,WANTS,Hobi & Self-Reward,Perawatan Wajah,Personal Care
garnier bright complete serum pembersih wajah vitamin c 100 ml,39900.0,WANTS,Hobi & Self-Reward,Perawatan Wajah,Personal Care
nivea pembersih wajah foam untuk kulit kusam pearl 100 g,38300.0,WANTS,Hobi & Self-Reward,Perawatan Wajah,Personal Care
glad2glow micellar water pembersih makeup cherry blossom betaine 130 ml,33500.0,WANTS,Hobi & Self-Reward,Perawatan Wajah,Personal Care
poise pembersih wajah foam anti bakteri 100 g,20900.0,WANTS,Hobi & Self-Reward,Perawatan Wajah,Personal Care
hanasui power bright expert serum pencerah wajah 20 ml,34900.0,WANTS,Hobi & Self-Reward,Perawatan Wajah,Personal Care
hanasui gentle retinol moisturizer gel wajah anti aging 30 g,39900.0,WANTS,Hobi & Self-Reward,Perawatan Wajah,Personal Care
implora perfect shield sunscreen wajah spf 40 50 ml,37900.0,WANTS,Hobi & Self-Reward,Perawatan Wajah,Personal Care
garnier mochi dry touch krim pelembap wajah salicylic 30 ml,46900.0,WANTS,Hobi & Self-Reward,Perawatan Wajah,Personal Care
garnier micellar water pembersih makeup salicylic bha 125 ml,29900.0,WANTS,Hobi & Self-Reward,Perawatan Wajah,Personal Care
garnier bright complete pembersih wajah scrub vitamin c 100 ml,30900.0,WANTS,Hobi & Self-Reward,Perawatan Wajah,Personal Care
wardah uv shield sunscreen serum wajah airy smooth spf 50 25 ml,40500.0,WANTS,Hobi & Self-Reward,Perawatan Wajah,Personal Care
garnier micellar water pembersih makeup untuk kulit sensitif 125 ml,29900.0,WANTS,Hobi & Self-Reward,Perawatan Wajah,Personal Care
wardah bright now pembersih wajah glutathione bio-enzyme smooth glow f(x) 100 ml,36000.0,WANTS,Hobi & Self-Reward,Perawatan Wajah,Personal Care
acnes treatment series pembersih wajah creamy anti bakteri & jerawat tube 50 g,16900.0,WANTS,Hobi & Self-Reward,Perawatan Wajah,Personal Care
garnier sakura glow pembersih wajah tube 100 ml,30900.0,WANTS,Hobi & Self-Reward,Perawatan Wajah,Personal Care
kojiesan skin lightening krim pencerah wajah 30 g,69500.0,WANTS,Hobi & Self-Reward,Perawatan Wajah,Personal Care
hada labo gokujyun pembersih wajah untuk kulit kering 50 g,25900.0,WANTS,Hobi & Self-Reward,Perawatan Wajah,Personal Care
garnier micellar peeling water 1% aha + pha 125 ml,22900.0,WANTS,Hobi & Self-Reward,Perawatan Wajah,Personal Care
garnier micellar water pembersih makeup vitamin c 125 ml,29900.0,WANTS,Hobi & Self-Reward,Perawatan Wajah,Personal Care
wardah lightening pembersih wajah whip foam 100 ml,34900.0,WANTS,Hobi & Self-Reward,Perawatan Wajah,Personal Care
wardah crystal secret pembersih wajah foam 100 ml,40300.0,WANTS,Hobi & Self-Reward,Perawatan Wajah,Personal Care
wardah bright now pembersih wajah vitamin c mugwort clay oil control 100 ml,36000.0,WANTS,Hobi & Self-Reward,Perawatan Wajah,Personal Care
wardah uv shield sunscreen moisturizer wajah anti jerawat spf 35 35 ml,40500.0,WANTS,Hobi & Self-Reward,Perawatan Wajah,Personal Care
wardah uv shield sunscreen serum wajah bright-c hydrating spf 35 40 ml,40500.0,WANTS,Hobi & Self-Reward,Perawatan Wajah,Personal Care
viva air mawar penyegar wajah 200 ml,12900.0,WANTS,Hobi & Self-Reward,Perawatan Wajah,Personal Care
the originote hyalu-bha micellar water pembersih make up 300 ml,47300.0,WANTS,Hobi & Self-Reward,Perawatan Wajah,Personal Care
azzura diamond bright sunscreen spf 50 pa+++ 30ml,28500.0,WANTS,Hobi & Self-Reward,Perawatan Wajah,Personal Care
biore uv fresh look sunscreen wajah tinted cover beige spf 50 30 g,29900.0,WANTS,Hobi & Self-Reward,Perawatan Wajah,Personal Care
poise luminous white pembersih wajah foam untuk kulit kusam 100 g,20900.0,WANTS,Hobi & Self-Reward,Perawatan Wajah,Personal Care
biore plester komedo charcoal 4 pcs,15400.0,WANTS,Hobi & Self-Reward,Perawatan Wajah,Personal Care
poise luminous bright micellar water pembersih makeup 100 ml,20500.0,WANTS,Hobi & Self-Reward,Perawatan Wajah,Personal Care
safi hydra glow pembersih wajah untuk kulit kering 125 g,27900.0,WANTS,Hobi & Self-Reward,Perawatan Wajah,Personal Care
poise clear shine pembersih wajah foam untuk kulit berminyak 100 g,20900.0,WANTS,Hobi & Self-Reward,Perawatan Wajah,Personal Care
ginza pembersih wajah busa daily brightening 110 ml,31300.0,WANTS,Hobi & Self-Reward,Perawatan Wajah,Personal Care
ginza txa brightening moisturizer pelembap & pencerah wajah 30 g,29700.0,WANTS,Hobi & Self-Reward,Perawatan Wajah,Personal Care
ginza pembersih wajah busa daily acne care 110 ml,31500.0,WANTS,Hobi & Self-Reward,Perawatan Wajah,Personal Care
viva tonik pembersih wajah bengkuang 200 ml,12500.0,WANTS,Hobi & Self-Reward,Perawatan Wajah,Personal Care
viva susu pembersih wajah bengkuang 200 ml,12900.0,WANTS,Hobi & Self-Reward,Perawatan Wajah,Personal Care
clean & clear pembersih wajah vitamin c 100 ml,31200.0,WANTS,Hobi & Self-Reward,Perawatan Wajah,Personal Care
the originote moisturizer pelembap wajah brightening 50 ml,47000.0,WANTS,Hobi & Self-Reward,Perawatan Wajah,Personal Care
hanasui bright expert + tranexamic acid moisturizer gel wajah 30 g,39900.0,WANTS,Hobi & Self-Reward,Perawatan Wajah,Personal Care
clean & clear pembersih wajah foam anti jerawat 100 ml,21900.0,WANTS,Hobi & Self-Reward,Perawatan Wajah,Personal Care
cetaphil gentle skin pembersih wajah & tubuh 59 ml,50900.0,WANTS,Hobi & Self-Reward,Perawatan Wajah,Personal Care
cetaphil pembersih wajah eksfoliasi 178 ml,114800.0,WANTS,Hobi & Self-Reward,Perawatan Wajah,Personal Care
vaseline lip therapy rosy lips tube 7 g,46500.0,WANTS,Hobi & Self-Reward,Perawatan Wajah,Personal Care
y.o.u hy amino ac-ttack pembersih wajah anti jerawat 100 g,28900.0,WANTS,Hobi & Self-Reward,Perawatan Wajah,Personal Care
scarlett acne peace daily sunscreen wajah spf 35 30 ml,29900.0,WANTS,Hobi & Self-Reward,Perawatan Wajah,Personal Care
scarlett low ph pembersih wajah gel glow bright 70 ml,29900.0,WANTS,Hobi & Self-Reward,Perawatan Wajah,Personal Care
scarlett low ph pembersih wajah gel glow bright 70 ml,29900.0,WANTS,Hobi & Self-Reward,Perawatan Wajah,Personal Care
amaterasun uv waterbarrier sunscreen wajah spf 35 40 g,34500.0,WANTS,Hobi & Self-Reward,Perawatan Wajah,Personal Care
scora niacinamide hydramoist gel pelembap wajah 45 ml,36900.0,WANTS,Hobi & Self-Reward,Perawatan Wajah,Personal Care
scarlett ultra light sunscreen wajah spf 50 30 ml,36900.0,WANTS,Hobi & Self-Reward,Perawatan Wajah,Personal Care
facetology triple care acne calm micellar water pembersih makeup 100 ml,32900.0,WANTS,Hobi & Self-Reward,Perawatan Wajah,Personal Care
scarlett pembersih wajah untuk kulit kusam 100 ml,43900.0,WANTS,Hobi & Self-Reward,Perawatan Wajah,Personal Care
scora salicylic acid gentle low ph pembersih wajah anti jerawat 75 ml,36900.0,WANTS,Hobi & Self-Reward,Perawatan Wajah,Personal Care
"scora 2,5% d-panthenol barrier shield moisturizer wajah 40 g",41500.0,WANTS,Hobi & Self-Reward,Perawatan Wajah,Personal Care
glow & lovely glass bright serum pelembap wajah niacinamide + hyaluronic 30 g,29900.0,WANTS,Hobi & Self-Reward,Perawatan Wajah,Personal Care
hanasui power serum eksfoliasi wajah 20 ml,34900.0,WANTS,Hobi & Self-Reward,Perawatan Wajah,Personal Care
wardah hydrabalm lip care pelembap bibir candy strawberry spf 15 4 g,34000.0,WANTS,Hobi & Self-Reward,Perawatan Wajah,Personal Care
pond's hydra miracle ultra light biome pembersih wajah cera hyamino 90 g,26900.0,WANTS,Hobi & Self-Reward,Perawatan Wajah,Personal Care
pond's bright miracle whip collagen pembersih wajah & pencerah foam 100 g,26900.0,WANTS,Hobi & Self-Reward,Perawatan Wajah,Personal Care
pond's bright miracle charcoal pembersih wajah foam kulit berminyak 100 g,24900.0,WANTS,Hobi & Self-Reward,Perawatan Wajah,Personal Care
pond's bright miracle pembersih wajah foam niasorcinol 100 g,24900.0,WANTS,Hobi & Self-Reward,Perawatan Wajah,Personal Care
hanasui gold whitening serum pencerah wajah & anti aging 20 ml,23900.0,WANTS,Hobi & Self-Reward,Perawatan Wajah,Personal Care
y.o.u acneplus spot care pro obat jerawat 15 g,35900.0,WANTS,Hobi & Self-Reward,Perawatan Wajah,Personal Care
wardah perfect bright tone up micellar water pembersih makeup 100 ml,34000.0,WANTS,Hobi & Self-Reward,Perawatan Wajah,Personal Care
glad2glow milk amino acids pembersih wajah 80 g,43900.0,WANTS,Hobi & Self-Reward,Perawatan Wajah,Personal Care
the originote tisu pembersih wajah micellar 10 s,17900.0,WANTS,Hobi & Self-Reward,Perawatan Wajah,Personal Care
poise pembersih wajah foam anti jerawat 100 g,20900.0,WANTS,Hobi & Self-Reward,Perawatan Wajah,Personal Care
emina low ph micellar water pembersih makeup hyalubright & smooth 300 ml,50500.0,WANTS,Hobi & Self-Reward,Perawatan Wajah,Personal Care
pond's bright miracle pembersih wajah foam niasorcinol 50 g,27500.0,WANTS,Hobi & Self-Reward,Perawatan Wajah,Personal Care
glad2glow moisturizer wajah retinol peach 30 g,51500.0,WANTS,Hobi & Self-Reward,Perawatan Wajah,Personal Care
hanasui ceramide probiotics moisturizer gel pelembap wajah 30 g,39900.0,WANTS,Hobi & Self-Reward,Perawatan Wajah,Personal Care
pond's micellar water miracle niasorcinol pembersih makeup mencerahkan 100 ml,23900.0,WANTS,Hobi & Self-Reward,Perawatan Wajah,Personal Care
emina bright stuff pembersih wajah niacinamide + oxy ceramide 50 ml,19900.0,WANTS,Hobi & Self-Reward,Perawatan Wajah,Personal Care
kojiesan skin lightening sabun mandi batang pencerah wajah & tubuh travel pack 6 x 20 g,36500.0,WANTS,Hobi & Self-Reward,Perawatan Wajah,Personal Care
scarlett low ph pembersih wajah gel acne peace 70 ml,29900.0,WANTS,Hobi & Self-Reward,Perawatan Wajah,Personal Care
pond's bright miracle ultra light biome pembersih wajah niasorcinol 90 g,26900.0,WANTS,Hobi & Self-Reward,Perawatan Wajah,Personal Care
npure acne power clear micellar water pembersih makeup 300 ml,45900.0,WANTS,Hobi & Self-Reward,Perawatan Wajah,Personal Care
himalaya purifying masker wajah clay neem anti jerawat 30 g,39900.0,WANTS,Hobi & Self-Reward,Perawatan Wajah,Personal Care
glow & lovely pembersih wajah foam untuk kulit kusam multivitamin 50 g,22500.0,WANTS,Hobi & Self-Reward,Perawatan Wajah,Personal Care
himalaya purifying masker wajah neem 50 ml,19500.0,WANTS,Hobi & Self-Reward,Perawatan Wajah,Personal Care
hanasui bright & clear micellar water pembersih makeup 300 ml,43500.0,WANTS,Hobi & Self-Reward,Perawatan Wajah,Personal Care
pinkberry ceraglow gel moisturizer pelembap wajah 30 ml,26900.0,WANTS,Hobi & Self-Reward,Perawatan Wajah,Personal Care
hose x one piece pembersih wajah anti jerawat tube 100 ml,23600.0,WANTS,Hobi & Self-Reward,Perawatan Wajah,Personal Care
pinkberry ahacne pembersih wajah anti jerawat 100 ml,26900.0,WANTS,Hobi & Self-Reward,Perawatan Wajah,Personal Care
pinkberry ceracalm moisturizer gel pelembap wajah 30 ml,26900.0,WANTS,Hobi & Self-Reward,Perawatan Wajah,Personal Care
pond's age miracle ultimate youth pembersih wajah anti aging 100 g,36500.0,WANTS,Hobi & Self-Reward,Perawatan Wajah,Personal Care
hose pembersih wajah low ph anti jerawat 100 ml,35900.0,WANTS,Hobi & Self-Reward,Perawatan Wajah,Personal Care
pinkberry sun goes down silky sun serum sunscreen wajah spf 50 30 ml,38900.0,WANTS,Hobi & Self-Reward,Perawatan Wajah,Personal Care
garnier mochi dry touch krim pelembap wajah vitamin c 30 ml,46900.0,WANTS,Hobi & Self-Reward,Perawatan Wajah,Personal Care
kahf triple action pembersih wajah anti minyak & komedo 100 ml,48500.0,WANTS,Hobi & Self-Reward,Perawatan Wajah,Personal Care
garnier micellar water pembersih makeup untuk kulit sensitif 300 + 100 ml,49900.0,WANTS,Hobi & Self-Reward,Perawatan Wajah,Personal Care
viva gold whitening serum wajah 20 ml,21900.0,WANTS,Hobi & Self-Reward,Perawatan Wajah,Personal Care
shinzu'i whitessentials pembersih wajah anti jerawat 80 + 20 ml,24400.0,WANTS,Hobi & Self-Reward,Perawatan Wajah,Personal Care
glad2glow centella gel moisturizer pelembap wajah anti jerawat 55 g,51500.0,WANTS,Hobi & Self-Reward,Perawatan Wajah,Personal Care
wardah c-defense pembersih wajah creamy energizing 100 ml,36900.0,WANTS,Hobi & Self-Reward,Perawatan Wajah,Personal Care
nivea pelembap bibir stroberi shine 4.8 g,26900.0,WANTS,Hobi & Self-Reward,Perawatan Wajah,Personal Care
pond's bright miracle ultra light biome pelembab wajah niasorcinol 15 g,34900.0,WANTS,Hobi & Self-Reward,Perawatan Wajah,Personal Care
himalaya purifying masker wajah neem 100 ml,33900.0,WANTS,Hobi & Self-Reward,Perawatan Wajah,Personal Care
wardah lightening krim pagi pelembab wajah spf 30 tube 20 ml,21900.0,WANTS,Hobi & Self-Reward,Perawatan Wajah,Personal Care
senka perfect whip pembersih wajah foam beauty 50 g,26500.0,WANTS,Hobi & Self-Reward,Perawatan Wajah,Personal Care
glad2glow micellar water pembersih makeup mugwort salicylic acid 130 ml,33500.0,WANTS,Hobi & Self-Reward,Perawatan Wajah,Personal Care
ovale 2 in 1 lotion pembersih makeup untuk kulit berminyak anti jerawat 200 ml,34000.0,WANTS,Hobi & Self-Reward,Perawatan Wajah,Personal Care
hose x one piece pembersih wajah untuk kulit kusam tube 100 ml,23600.0,WANTS,Hobi & Self-Reward,Perawatan Wajah,Personal Care
pinkberry sun goes down sunscreen wajah spf 40 30 ml,34800.0,WANTS,Hobi & Self-Reward,Perawatan Wajah,Personal Care
derma angel patch jerawat pagi 6 pcs + malam 3 pcs,13500.0,WANTS,Hobi & Self-Reward,Perawatan Wajah,Personal Care
pigeon teens pembersih wajah foam mild 100 g,21900.0,WANTS,Hobi & Self-Reward,Perawatan Wajah,Personal Care
the originote micellar water pembersih makeup hyalurose pump 300 ml,46900.0,WANTS,Hobi & Self-Reward,Perawatan Wajah,Personal Care
hanasui serum wajah anti jerawat 20 ml,23900.0,WANTS,Hobi & Self-Reward,Perawatan Wajah,Personal Care
dream whitening sabun batang pembersih wajah kulit kusam pepaya 100 g,16500.0,WANTS,Hobi & Self-Reward,Perawatan Wajah,Personal Care
pigeon teens sunscreen remaja spf 35 30 ml,34900.0,WANTS,Hobi & Self-Reward,Perawatan Wajah,Personal Care
facetology triple care acne calm micellar water pembersih makeup 300 ml,41500.0,WANTS,Hobi & Self-Reward,Perawatan Wajah,Personal Care
cetaphil gentle skin pembersih wajah & tubuh 118 ml,76900.0,WANTS,Hobi & Self-Reward,Perawatan Wajah,Personal Care
vaseline lip care pelembap bibir rosy tinted 10 g,35200.0,WANTS,Hobi & Self-Reward,Perawatan Wajah,Personal Care
emina bright stuff krim moisturizer wajah ultra light 20 ml,29500.0,WANTS,Hobi & Self-Reward,Perawatan Wajah,Personal Care
glad2glow centella salicylic acid pembersih wajah gel anti jerawat 70 ml,43500.0,WANTS,Hobi & Self-Reward,Perawatan Wajah,Personal Care
viva vit c collagen serum wajah 20 ml,21900.0,WANTS,Hobi & Self-Reward,Perawatan Wajah,Personal Care
hanasui lightweight pro calming sunscreen wajah spf 50 pa++++ 30 ml,32900.0,WANTS,Hobi & Self-Reward,Perawatan Wajah,Personal Care
pond's bright miracle niacinamide susu pembersih wajah mencerahkan 150 ml,16500.0,WANTS,Hobi & Self-Reward,Perawatan Wajah,Personal Care
the originote moisturizer pelembap wajah hyalucera 50 ml,43500.0,WANTS,Hobi & Self-Reward,Perawatan Wajah,Personal Care
scora sheer glow krim tone up wajah 20 g,29900.0,WANTS,Hobi & Self-Reward,Perawatan Wajah,Personal Care
vio acne shield patch jerawat karakter 24 pcs,38000.0,WANTS,Hobi & Self-Reward,Perawatan Wajah,Personal Care
garnier mochi dry touch krim pelembap wajah niacinamide 30 ml,46900.0,WANTS,Hobi & Self-Reward,Perawatan Wajah,Personal Care
safi white natural pembersih wajah untuk kulit kusam naturally bright 50 g,17300.0,WANTS,Hobi & Self-Reward,Perawatan Wajah,Personal Care
hada labo gokujyun moisturizer lotion pelembap wajah 100 ml,39000.0,WANTS,Hobi & Self-Reward,Perawatan Wajah,Personal Care
pond's bright miracle krim pelembap wajah niasorcinol 40 g,45000.0,WANTS,Hobi & Self-Reward,Perawatan Wajah,Personal Care
acnes natural care pembersih wajah complete white 100 g,25000.0,WANTS,Hobi & Self-Reward,Perawatan Wajah,Personal Care
viva pensil alis hitam 1.3 g,37800.0,WANTS,Hobi & Self-Reward,Riasan Wajah & Tubuh,Personal Care
moko moko my precious lip cream dreamy nude pink 2.5 ml,22800.0,WANTS,Hobi & Self-Reward,Riasan Wajah & Tubuh,Personal Care
moko moko my precious eyeliner hitam 2.5 ml,22900.0,WANTS,Hobi & Self-Reward,Riasan Wajah & Tubuh,Personal Care
moko moko my precious lip tint strawberry red 2.5 ml,22800.0,WANTS,Hobi & Self-Reward,Riasan Wajah & Tubuh,Personal Care
maybelline superstay lip cream vinyl ink matte 65 saucy,135000.0,WANTS,Hobi & Self-Reward,Riasan Wajah & Tubuh,Personal Care
l'oreal paris infallible lip cream matte resistance 115 snooze your alarm,119000.0,WANTS,Hobi & Self-Reward,Riasan Wajah & Tubuh,Personal Care
l'oreal paris infallible lip cream matte resistance 210 tropical vacay,119000.0,WANTS,Hobi & Self-Reward,Riasan Wajah & Tubuh,Personal Care
l'oreal paris infallible lip cream matte resistance 230 shopping spree,119000.0,WANTS,Hobi & Self-Reward,Riasan Wajah & Tubuh,Personal Care
l'oreal paris infallible lip cream matte resistance 120 major crush,119000.0,WANTS,Hobi & Self-Reward,Riasan Wajah & Tubuh,Personal Care
l'oreal paris infallible lip cream matte resistance 601 worth it,119000.0,WANTS,Hobi & Self-Reward,Riasan Wajah & Tubuh,Personal Care
l'oreal paris infallible lip cream matte resistance 630 rose heat,119000.0,WANTS,Hobi & Self-Reward,Riasan Wajah & Tubuh,Personal Care
moko moko my precious lip cream lush red 2.5 ml,22800.0,WANTS,Hobi & Self-Reward,Riasan Wajah & Tubuh,Personal Care
pigeon teens bedak wajah remaja uv protection natural 14 g,34900.0,WANTS,Hobi & Self-Reward,Riasan Wajah & Tubuh,Personal Care
implora jelly lip tint mariposa 5 ml,19000.0,WANTS,Hobi & Self-Reward,Riasan Wajah & Tubuh,Personal Care
implora jelly lip tint savvy red 5 ml,19000.0,WANTS,Hobi & Self-Reward,Riasan Wajah & Tubuh,Personal Care
implora jelly lip tint burnt orange 5 ml,19000.0,WANTS,Hobi & Self-Reward,Riasan Wajah & Tubuh,Personal Care
implora jelly lip tint rosewood 5 ml,19000.0,WANTS,Hobi & Self-Reward,Riasan Wajah & Tubuh,Personal Care
maybelline superstay lip liquid matte ink 365 enthusiast,125000.0,WANTS,Hobi & Self-Reward,Riasan Wajah & Tubuh,Personal Care
maybelline superstay lip cream vinyl ink matte 60 mischievous,135000.0,WANTS,Hobi & Self-Reward,Riasan Wajah & Tubuh,Personal Care
maybelline superstay lip cream vinyl ink matte 130 extra,135000.0,WANTS,Hobi & Self-Reward,Riasan Wajah & Tubuh,Personal Care
hanasui eyebrowtiful pensil alis cokelat,14000.0,WANTS,Hobi & Self-Reward,Riasan Wajah & Tubuh,Personal Care
hanasui eyebrowtiful pensil alis black,14000.0,WANTS,Hobi & Self-Reward,Riasan Wajah & Tubuh,Personal Care
hanasui eyebrowtiful pensil alis cokelat muda,14000.0,WANTS,Hobi & Self-Reward,Riasan Wajah & Tubuh,Personal Care
hanasui eyetractive eyeliner pensil,27000.0,WANTS,Hobi & Self-Reward,Riasan Wajah & Tubuh,Personal Care
wardah eyexpert eyeliner hitam,77000.0,WANTS,Hobi & Self-Reward,Riasan Wajah & Tubuh,Personal Care
wardah maskara the volume expert 7 g,77000.0,WANTS,Hobi & Self-Reward,Riasan Wajah & Tubuh,Personal Care
wardah colorfit velvet matte lip mousse cream 09 ombre charmer 4 g,67900.0,WANTS,Hobi & Self-Reward,Riasan Wajah & Tubuh,Personal Care
wardah colorfit velvet matte lip mousse cream sweet cinnamon 4 g,67900.0,WANTS,Hobi & Self-Reward,Riasan Wajah & Tubuh,Personal Care
wardah everyday luminous bedak tabur wajah 01 light beige 30 g,41000.0,WANTS,Hobi & Self-Reward,Riasan Wajah & Tubuh,Personal Care
maybelline superstay lip liquid matte ink 205 assertive,125000.0,WANTS,Hobi & Self-Reward,Riasan Wajah & Tubuh,Personal Care
skintific cover all perfect cushion wajah spf 35 vanila 11 g,147000.0,WANTS,Hobi & Self-Reward,Riasan Wajah & Tubuh,Personal Care
skintific cover all perfect cushion wajah spf 35 ivory 11 g,147000.0,WANTS,Hobi & Self-Reward,Riasan Wajah & Tubuh,Personal Care
skintific cover all perfect cushion wajah spf 35 petal 11 g,147000.0,WANTS,Hobi & Self-Reward,Riasan Wajah & Tubuh,Personal Care
skintific cover all perfect cushion wajah spf 35 almond 11 g,147000.0,WANTS,Hobi & Self-Reward,Riasan Wajah & Tubuh,Personal Care
skintific cover all perfect cushion wajah spf 35 beige 11 g,147000.0,WANTS,Hobi & Self-Reward,Riasan Wajah & Tubuh,Personal Care
wardah glasting lip liquid 01 caramel coat 3.5 g,83000.0,WANTS,Hobi & Self-Reward,Riasan Wajah & Tubuh,Personal Care
wardah glasting lip liquid 02 peach polish 3.5 g,83000.0,WANTS,Hobi & Self-Reward,Riasan Wajah & Tubuh,Personal Care
wardah glasting lip liquid 04 rosewood radiance 3.5 g,83000.0,WANTS,Hobi & Self-Reward,Riasan Wajah & Tubuh,Personal Care
implora pomade alis cokelat gelap 2.5 g,19000.0,WANTS,Hobi & Self-Reward,Riasan Wajah & Tubuh,Personal Care
implora pomade alis abu gelap 2.5 g,19000.0,WANTS,Hobi & Self-Reward,Riasan Wajah & Tubuh,Personal Care
omg oh my glam mattelast lip cream matte latte 3.5 g,22500.0,WANTS,Hobi & Self-Reward,Riasan Wajah & Tubuh,Personal Care
omg oh my glam mattelast lip cream matte cappucino 3.5 g,22500.0,WANTS,Hobi & Self-Reward,Riasan Wajah & Tubuh,Personal Care
omg oh my glam mattelast lip cream matte espresso 3.5 g,25500.0,WANTS,Hobi & Self-Reward,Riasan Wajah & Tubuh,Personal Care
barenbliss peach makes perfect lip tint glossy - 06 brave enough,57900.0,WANTS,Hobi & Self-Reward,Riasan Wajah & Tubuh,Personal Care
somethinc checkmatte lipstik 16 paladin 3.8 g,85000.0,WANTS,Hobi & Self-Reward,Riasan Wajah & Tubuh,Personal Care
somethinc hooman breathable uv cushion spf 35 n01 nina 15 g,165000.0,WANTS,Hobi & Self-Reward,Riasan Wajah & Tubuh,Personal Care
somethinc copy paste breathable cushion spf 33 n01 nina 15 g,165000.0,WANTS,Hobi & Self-Reward,Riasan Wajah & Tubuh,Personal Care
somethinc hangover voluminous fiber lash maskara waterproof 7 g,72000.0,WANTS,Hobi & Self-Reward,Riasan Wajah & Tubuh,Personal Care
skintific perfect stay velvet matte cushion 01 vanilla 11 g,169000.0,WANTS,Hobi & Self-Reward,Riasan Wajah & Tubuh,Personal Care
skintific perfect stay velvet matte cushion 02 ivory 11 g,169000.0,WANTS,Hobi & Self-Reward,Riasan Wajah & Tubuh,Personal Care
skintific perfect stay velvet matte cushion 03 petal 11 g,169000.0,WANTS,Hobi & Self-Reward,Riasan Wajah & Tubuh,Personal Care
somethinc hooman breathable uv cushion spf 35 n02 charlotte 15 g,165000.0,WANTS,Hobi & Self-Reward,Riasan Wajah & Tubuh,Personal Care
somethinc copy paste breathable cushion spf 33 n02 charlotte 15 g,165000.0,WANTS,Hobi & Self-Reward,Riasan Wajah & Tubuh,Personal Care
somethinc checkmatte lipstik 04 grandmaster 3.8 g,85000.0,WANTS,Hobi & Self-Reward,Riasan Wajah & Tubuh,Personal Care
emina airy surprise lip tint + gantungan 01 y2k gal 3 g,60000.0,WANTS,Hobi & Self-Reward,Riasan Wajah & Tubuh,Personal Care
emina airy surprise lip tint + gantungan 02 chillax 3 g,55000.0,WANTS,Hobi & Self-Reward,Riasan Wajah & Tubuh,Personal Care
emina airy surprise lip tint + gantungan 03 1-000-pink 3 g,55000.0,WANTS,Hobi & Self-Reward,Riasan Wajah & Tubuh,Personal Care
emina airy surprise lip tint + gantungan 04 bewitched 3 g,55000.0,WANTS,Hobi & Self-Reward,Riasan Wajah & Tubuh,Personal Care
emina airy surprise lip tint + gantungan 05 flip phone 3 g,55000.0,WANTS,Hobi & Self-Reward,Riasan Wajah & Tubuh,Personal Care
emina airy surprise lip tint + gantungan 08 yada yada 3 g,55000.0,WANTS,Hobi & Self-Reward,Riasan Wajah & Tubuh,Personal Care
skintific peptide nourishing serum pelembap & pencerah bibir 6.5 ml,103000.0,WANTS,Hobi & Self-Reward,Riasan Wajah & Tubuh,Personal Care
skintific ultra cover bedak wajah foundation matte 01 vanilla 9 g,149000.0,WANTS,Hobi & Self-Reward,Riasan Wajah & Tubuh,Personal Care
skintific ultra cover bedak wajah foundation matte 02 ivory 9 g,149000.0,WANTS,Hobi & Self-Reward,Riasan Wajah & Tubuh,Personal Care
skintific ultra cover bedak wajah foundation matte 03 petal 9 g,149000.0,WANTS,Hobi & Self-Reward,Riasan Wajah & Tubuh,Personal Care
judydoll maskara besi 01 black 2 g,107000.0,WANTS,Hobi & Self-Reward,Riasan Wajah & Tubuh,Personal Care
judydoll perona pipi 06 peach mousse,59900.0,WANTS,Hobi & Self-Reward,Riasan Wajah & Tubuh,Personal Care
judydoll perona pipi 48 ash pink,59900.0,WANTS,Hobi & Self-Reward,Riasan Wajah & Tubuh,Personal Care
pigeon teens bright heroes bedak tabur wajah 12 g,24900.0,WANTS,Hobi & Self-Reward,Riasan Wajah & Tubuh,Personal Care
wardah moist dew lip tint 01 rosemilk parfait 3 g,55000.0,WANTS,Hobi & Self-Reward,Riasan Wajah & Tubuh,Personal Care
wardah moist dew lip tint 02 pink lemonade 3 g,55000.0,WANTS,Hobi & Self-Reward,Riasan Wajah & Tubuh,Personal Care
maybelline lash sensational firework maskara waterproof 8.75 ml,143900.0,WANTS,Hobi & Self-Reward,Riasan Wajah & Tubuh,Personal Care
maybelline superstay lumi matte foundation 120 spf 16 35 ml,135900.0,WANTS,Hobi & Self-Reward,Riasan Wajah & Tubuh,Personal Care
maybelline superstay lumi matte foundation 128 spf 16 35 ml,135900.0,WANTS,Hobi & Self-Reward,Riasan Wajah & Tubuh,Personal Care
maybelline superstay lumi matte foundation 220 spf 16 35 ml,135900.0,WANTS,Hobi & Self-Reward,Riasan Wajah & Tubuh,Personal Care
maybelline superstay teddy lip tint 15 skinnydip 5 ml,123000.0,WANTS,Hobi & Self-Reward,Riasan Wajah & Tubuh,Personal Care
maybelline superstay teddy lip tint 25 baby tee 5 ml,123000.0,WANTS,Hobi & Self-Reward,Riasan Wajah & Tubuh,Personal Care
maybelline superstay teddy lip tint 55 knee high 5 ml,123000.0,WANTS,Hobi & Self-Reward,Riasan Wajah & Tubuh,Personal Care
esqa flawless bedak wajah foundation custard 6.5 g,139000.0,WANTS,Hobi & Self-Reward,Riasan Wajah & Tubuh,Personal Care
esqa flawless bedak wajah foundation granola 6.5 g,139000.0,WANTS,Hobi & Self-Reward,Riasan Wajah & Tubuh,Personal Care
esqa flawless bedak wajah foundation vanila 6.5 g,139000.0,WANTS,Hobi & Self-Reward,Riasan Wajah & Tubuh,Personal Care
esqa flawless concealer cair custard 5 g,119000.0,WANTS,Hobi & Self-Reward,Riasan Wajah & Tubuh,Personal Care
esqa flawless concealer cair granola 5 g,119000.0,WANTS,Hobi & Self-Reward,Riasan Wajah & Tubuh,Personal Care
esqa flawless concealer cair vanila 5 g,119000.0,WANTS,Hobi & Self-Reward,Riasan Wajah & Tubuh,Personal Care
esqa flawless micro bedak tabur custard 12 g,129000.0,WANTS,Hobi & Self-Reward,Riasan Wajah & Tubuh,Personal Care
esqa flawless micro bedak tabur vanila 12 g,129000.0,WANTS,Hobi & Self-Reward,Riasan Wajah & Tubuh,Personal Care
esqa minimalist blurring serum skin tint spf 35 custard 35 ml,145000.0,WANTS,Hobi & Self-Reward,Riasan Wajah & Tubuh,Personal Care
esqa minimalist blurring serum skin tint spf 35 granola 35 ml,145000.0,WANTS,Hobi & Self-Reward,Riasan Wajah & Tubuh,Personal Care
esqa minimalist blurring serum skin tint spf 35 vanila 35 ml,145000.0,WANTS,Hobi & Self-Reward,Riasan Wajah & Tubuh,Personal Care
esqa wonder crush serum perona pipi cair icons only 6 ml,109000.0,WANTS,Hobi & Self-Reward,Riasan Wajah & Tubuh,Personal Care
esqa goddess palet eyeshadow mauve 9 g,189000.0,WANTS,Hobi & Self-Reward,Riasan Wajah & Tubuh,Personal Care
esqa glaze trio palet eyeshadow day dreaming 4.5 g,95000.0,WANTS,Hobi & Self-Reward,Riasan Wajah & Tubuh,Personal Care
esqa intense eyeliner tahan air hitam 1 ml,107000.0,WANTS,Hobi & Self-Reward,Riasan Wajah & Tubuh,Personal Care
esqa pomade pensil alis cokelat gelap 0.1 g,99000.0,WANTS,Hobi & Self-Reward,Riasan Wajah & Tubuh,Personal Care
esqa slick drip serum lip tint rose souffle 2.5 ml,92000.0,WANTS,Hobi & Self-Reward,Riasan Wajah & Tubuh,Personal Care
esqa slick drip serum lip tint royal ruby 2.5 ml,92000.0,WANTS,Hobi & Self-Reward,Riasan Wajah & Tubuh,Personal Care
wardah lightening bedak wajah 02 pink beige 12 g,65900.0,WANTS,Hobi & Self-Reward,Riasan Wajah & Tubuh,Personal Care
wardah lightening bedak wajah 02 pink beige refill,44500.0,WANTS,Hobi & Self-Reward,Riasan Wajah & Tubuh,Personal Care
viva pensil alis cokelat 1.3 g,45500.0,WANTS,Hobi & Self-Reward,Riasan Wajah & Tubuh,Personal Care
wardah lightening bedak wajah 03 pink fair 12 g,63900.0,WANTS,Hobi & Self-Reward,Riasan Wajah & Tubuh,Personal Care
wardah lightening bedak wajah 03 pink fair refill,44500.0,WANTS,Hobi & Self-Reward,Riasan Wajah & Tubuh,Personal Care
pixy uv whitening bedak wajah two way cake natural white 12.2 g,54200.0,WANTS,Hobi & Self-Reward,Riasan Wajah & Tubuh,Personal Care
viva pensil alis cokelat gelap 1.3 g,44500.0,WANTS,Hobi & Self-Reward,Riasan Wajah & Tubuh,Personal Care
pixy uv whitening stik concealer & base foundation 01 natural beige,46200.0,WANTS,Hobi & Self-Reward,Riasan Wajah & Tubuh,Personal Care
wardah colorfit perfect glow cushion 23w warm ivory spf 40 15 g,115000.0,WANTS,Hobi & Self-Reward,Riasan Wajah & Tubuh,Personal Care
wardah colorfit perfect glow cushion 32n neutral beige spf 40 15 g,115000.0,WANTS,Hobi & Self-Reward,Riasan Wajah & Tubuh,Personal Care
wardah colorfit 5d blur cloud cushion 23w warm ivory spf 50 15 g,139000.0,WANTS,Hobi & Self-Reward,Riasan Wajah & Tubuh,Personal Care
wardah colorfit 5d blur cloud cushion 32n neutral beige spf 50 15 g,139000.0,WANTS,Hobi & Self-Reward,Riasan Wajah & Tubuh,Personal Care
somethinc forever stay comfort lip glaze cream 03 treschic,92000.0,WANTS,Hobi & Self-Reward,Riasan Wajah & Tubuh,Personal Care
somethinc forever stay comfort lip glaze cream 05 unreal,89000.0,WANTS,Hobi & Self-Reward,Riasan Wajah & Tubuh,Personal Care
somethinc forever stay comfort lip glaze cream 06 mantra,89000.0,WANTS,Hobi & Self-Reward,Riasan Wajah & Tubuh,Personal Care
somethinc forever stay comfort lip glaze cream 07 sassy,89000.0,WANTS,Hobi & Self-Reward,Riasan Wajah & Tubuh,Personal Care
somethinc forever stay comfort lip glaze cream 08 notty,89000.0,WANTS,Hobi & Self-Reward,Riasan Wajah & Tubuh,Personal Care
glad2glow perfect cover cushion foundation 02 praline 11 g,85000.0,WANTS,Hobi & Self-Reward,Riasan Wajah & Tubuh,Personal Care
glad2glow perfect cover cushion foundation 03 custard 11 g,85000.0,WANTS,Hobi & Self-Reward,Riasan Wajah & Tubuh,Personal Care
esqa flawless serum cushion satin spf 50 custard 15 g,169000.0,WANTS,Hobi & Self-Reward,Riasan Wajah & Tubuh,Personal Care
esqa flawless serum cushion satin spf 50 granola 15 g,169000.0,WANTS,Hobi & Self-Reward,Riasan Wajah & Tubuh,Personal Care
esqa flawless serum cushion satin spf 50 vanila 15 g,169000.0,WANTS,Hobi & Self-Reward,Riasan Wajah & Tubuh,Personal Care
omg oh my glam mattelast lip cream matte 28 cromboloni 2.9 g,23000.0,WANTS,Hobi & Self-Reward,Riasan Wajah & Tubuh,Personal Care
omg oh my glam mattelast lip cream matte 12 scarlet 2.9 g,23000.0,WANTS,Hobi & Self-Reward,Riasan Wajah & Tubuh,Personal Care
omg oh my glam colorlast lip vinyl gloss 05 scarlet 2.5 g,35000.0,WANTS,Hobi & Self-Reward,Riasan Wajah & Tubuh,Personal Care
omg oh my glam colorlast lip vinyl gloss 01 perfect match 2.5 g,35000.0,WANTS,Hobi & Self-Reward,Riasan Wajah & Tubuh,Personal Care
omg oh my glam coverlast cushion 32n natural 15 g,60000.0,WANTS,Hobi & Self-Reward,Riasan Wajah & Tubuh,Personal Care
omg oh my glam coverlast cushion 13c ivory 15 g,60000.0,WANTS,Hobi & Self-Reward,Riasan Wajah & Tubuh,Personal Care
omg oh my glam coverlast cushion 50n creme 15 g,60000.0,WANTS,Hobi & Self-Reward,Riasan Wajah & Tubuh,Personal Care
omg oh my glam colorlast lip vinyl gloss 06 trendsetter 2.5 g,35000.0,WANTS,Hobi & Self-Reward,Riasan Wajah & Tubuh,Personal Care
judydoll slim eyebrow pensil alis 01 grey brown 1 g,65900.0,WANTS,Hobi & Self-Reward,Riasan Wajah & Tubuh,Personal Care
judydoll tinted sunscreen ivory 40 ml,179900.0,WANTS,Hobi & Self-Reward,Riasan Wajah & Tubuh,Personal Care
judydoll tinted sunscreen beige 40 ml,179900.0,WANTS,Hobi & Self-Reward,Riasan Wajah & Tubuh,Personal Care
judydoll ink eyeliner intense black eyeliner 5 ml,76900.0,WANTS,Hobi & Self-Reward,Riasan Wajah & Tubuh,Personal Care
judydoll lip matte n107 red velvet 6 ml,63500.0,WANTS,Hobi & Self-Reward,Riasan Wajah & Tubuh,Personal Care
judydoll lip matte n101 milky pink 6 ml,63900.0,WANTS,Hobi & Self-Reward,Riasan Wajah & Tubuh,Personal Care
judydoll lip matte n104 rosy wood 6 ml,63900.0,WANTS,Hobi & Self-Reward,Riasan Wajah & Tubuh,Personal Care
judydoll lip matte n14 raspberry pout 6 ml,63900.0,WANTS,Hobi & Self-Reward,Riasan Wajah & Tubuh,Personal Care
hanasui mattedorable lip cream matte 01 - kiss 4 g,29500.0,WANTS,Hobi & Self-Reward,Riasan Wajah & Tubuh,Personal Care
hanasui mattedorable lip cream matte 06 - ritz 4 g,29500.0,WANTS,Hobi & Self-Reward,Riasan Wajah & Tubuh,Personal Care
hanasui mattedorable lip cream matte 08 - fancy 4 g,29500.0,WANTS,Hobi & Self-Reward,Riasan Wajah & Tubuh,Personal Care
hanasui perona pipi perfect cheek blush & go 2.5 g,39000.0,WANTS,Hobi & Self-Reward,Riasan Wajah & Tubuh,Personal Care
hanasui fix and glow setting spray 60 ml,29900.0,WANTS,Hobi & Self-Reward,Riasan Wajah & Tubuh,Personal Care
hanasui tintdorable lip tint stain cooper-07 3.5 g,20000.0,WANTS,Hobi & Self-Reward,Riasan Wajah & Tubuh,Personal Care
hanasui serum cushion wajah soulmatte 102 natural 15 g,75000.0,WANTS,Hobi & Self-Reward,Riasan Wajah & Tubuh,Personal Care
hanasui mattedorable lip cream matte 05 - classy 4 g,29500.0,WANTS,Hobi & Self-Reward,Riasan Wajah & Tubuh,Personal Care
hanasui mattedorable lip cream matte 07 - spark 4 g,29500.0,WANTS,Hobi & Self-Reward,Riasan Wajah & Tubuh,Personal Care
hanasui lip cream forest berry boba edition 4 g,29000.0,WANTS,Hobi & Self-Reward,Riasan Wajah & Tubuh,Personal Care
hanasui lip cream brown sugar boba edition 4 g,29000.0,WANTS,Hobi & Self-Reward,Riasan Wajah & Tubuh,Personal Care
hanasui lip cream salted caramel boba edition 4 g,29000.0,WANTS,Hobi & Self-Reward,Riasan Wajah & Tubuh,Personal Care
hanasui tintdorable lip tint stain coral-05 3.5 g,20000.0,WANTS,Hobi & Self-Reward,Riasan Wajah & Tubuh,Personal Care
hanasui tintdorable lip tint stain bloody-06 3.5 g,20000.0,WANTS,Hobi & Self-Reward,Riasan Wajah & Tubuh,Personal Care
hanasui tintdorable lip tint stain dreamy - 09 3.5 g,20000.0,WANTS,Hobi & Self-Reward,Riasan Wajah & Tubuh,Personal Care
implora cat kuku nudes,36000.0,WANTS,Hobi & Self-Reward,Riasan Wajah & Tubuh,Personal Care
implora cat kuku red,36000.0,WANTS,Hobi & Self-Reward,Riasan Wajah & Tubuh,Personal Care
somethinc brow wiz retractable pensil alis dark brown 1 g,73900.0,WANTS,Hobi & Self-Reward,Riasan Wajah & Tubuh,Personal Care
somethinc brow wiz retractable pensil alis gray brown 1 g,73900.0,WANTS,Hobi & Self-Reward,Riasan Wajah & Tubuh,Personal Care
somethinc copy paste breathable cushion spf 33 n01 nina refill 15 g,145000.0,WANTS,Hobi & Self-Reward,Riasan Wajah & Tubuh,Personal Care
somethinc hooman breathable uv cushion spf 35 n01 nina refill 15 g,145000.0,WANTS,Hobi & Self-Reward,Riasan Wajah & Tubuh,Personal Care
barenbliss peach makes perfect lip tint - 12 fly high,69000.0,WANTS,Hobi & Self-Reward,Riasan Wajah & Tubuh,Personal Care
maybelline eyeliner line tattoo high impact,89000.0,WANTS,Hobi & Self-Reward,Riasan Wajah & Tubuh,Personal Care
maybelline maskara waterproof volum express hyper curl 9.2 ml,95500.0,WANTS,Hobi & Self-Reward,Riasan Wajah & Tubuh,Personal Care
marina bedak wajah uv protect 12 g,12200.0,WANTS,Hobi & Self-Reward,Riasan Wajah & Tubuh,Personal Care
pixy uv whitening bedak wajah two way cake perfect fit natural white refill 12.2 g,32700.0,WANTS,Hobi & Self-Reward,Riasan Wajah & Tubuh,Personal Care
wardah lightening bb tint spf 32 01 neutral fair 15 ml,41000.0,WANTS,Hobi & Self-Reward,Riasan Wajah & Tubuh,Personal Care
emina bright stuff bedak tabur wajah 55 g,31900.0,WANTS,Hobi & Self-Reward,Riasan Wajah & Tubuh,Personal Care
moko moko my precious maskara midnight black 2.5 ml,22900.0,WANTS,Hobi & Self-Reward,Riasan Wajah & Tubuh,Personal Care
pixy uv whitening bedak wajah two way cake perfect fit natural beige refill,32700.0,WANTS,Hobi & Self-Reward,Riasan Wajah & Tubuh,Personal Care
implora day to day pensil alis taupe 0.08 g,21000.0,WANTS,Hobi & Self-Reward,Riasan Wajah & Tubuh,Personal Care
implora day to day pensil alis ash brown 0.08 g,21000.0,WANTS,Hobi & Self-Reward,Riasan Wajah & Tubuh,Personal Care
implora day to day pensil alis cokelat gelap 0.08 g,21000.0,WANTS,Hobi & Self-Reward,Riasan Wajah & Tubuh,Personal Care
implora day to day bedak wajah two way cake 01 porcelain 10 g,56500.0,WANTS,Hobi & Self-Reward,Riasan Wajah & Tubuh,Personal Care
implora day to day bedak wajah two way cake 04 honey 10 g,56500.0,WANTS,Hobi & Self-Reward,Riasan Wajah & Tubuh,Personal Care
implora day to day bedak wajah two way cake 05 toffee 10 g,56500.0,WANTS,Hobi & Self-Reward,Riasan Wajah & Tubuh,Personal Care
implora day to day bedak wajah two way cake 01 porcelain refill 10 g,38000.0,WANTS,Hobi & Self-Reward,Riasan Wajah & Tubuh,Personal Care
implora day to day bedak wajah two way cake 04 honey refill 10 g,38000.0,WANTS,Hobi & Self-Reward,Riasan Wajah & Tubuh,Personal Care
implora day to day bedak wajah two way cake 05 toffee refill 10 g,38000.0,WANTS,Hobi & Self-Reward,Riasan Wajah & Tubuh,Personal Care
implora day to day lip bullet lipstik + gantungan 01 intention 1.5 g,27000.0,WANTS,Hobi & Self-Reward,Riasan Wajah & Tubuh,Personal Care
implora day to day lip bullet lipstik + gantungan 04 attention 1.5 g,27000.0,WANTS,Hobi & Self-Reward,Riasan Wajah & Tubuh,Personal Care
implora day to day lip bullet lipstik + gantungan 05 at night 1.5 g,27000.0,WANTS,Hobi & Self-Reward,Riasan Wajah & Tubuh,Personal Care
implora day to day matte lip cream 01 uplifted 4 g,26500.0,WANTS,Hobi & Self-Reward,Riasan Wajah & Tubuh,Personal Care
implora day to day matte lip cream 03 passionate 4 g,26500.0,WANTS,Hobi & Self-Reward,Riasan Wajah & Tubuh,Personal Care
implora day to day matte lip cream 06 attitude 4 g,26500.0,WANTS,Hobi & Self-Reward,Riasan Wajah & Tubuh,Personal Care
implora even better foundation cair matte 01 ivory 25 g,25000.0,WANTS,Hobi & Self-Reward,Riasan Wajah & Tubuh,Personal Care
implora even better foundation cair matte 03 linen 25 g,25000.0,WANTS,Hobi & Self-Reward,Riasan Wajah & Tubuh,Personal Care
somethinc tipsy lash lift lengthening maskara keratin 7 g,100000.0,WANTS,Hobi & Self-Reward,Riasan Wajah & Tubuh,Personal Care
somethinc hooman under control bedak tabur translucent 14 g,149000.0,WANTS,Hobi & Self-Reward,Riasan Wajah & Tubuh,Personal Care
somethinc hooman under control bedak tabur neutral 13 g,149000.0,WANTS,Hobi & Self-Reward,Riasan Wajah & Tubuh,Personal Care
somethinc hooman breathable uv cushion spf 35 n02 charlotte refill 15 g,145000.0,WANTS,Hobi & Self-Reward,Riasan Wajah & Tubuh,Personal Care
somethinc copy paste breathable cushion spf 33 n02 charlotte refill 15 g,145000.0,WANTS,Hobi & Self-Reward,Riasan Wajah & Tubuh,Personal Care
skintific daily filter perfect skin tint 02 ivory 28 g,109000.0,WANTS,Hobi & Self-Reward,Riasan Wajah & Tubuh,Personal Care
maybelline superstay lumi matte foundation 111 spf 16 18 ml,85000.0,WANTS,Hobi & Self-Reward,Riasan Wajah & Tubuh,Personal Care
maybelline superstay lumi matte foundation 120 spf 16 18 ml,85000.0,WANTS,Hobi & Self-Reward,Riasan Wajah & Tubuh,Personal Care
skintific daily filter perfect skin tint 01 vanilla 28 g,109000.0,WANTS,Hobi & Self-Reward,Riasan Wajah & Tubuh,Personal Care
maybelline fit me foundation 128 warm nude 5 ml,38500.0,WANTS,Hobi & Self-Reward,Riasan Wajah & Tubuh,Personal Care
maybelline fit me foundation 220 natural beige 5 ml,38500.0,WANTS,Hobi & Self-Reward,Riasan Wajah & Tubuh,Personal Care
maybelline fit me foundation 120 classic ivory 5 ml,38500.0,WANTS,Hobi & Self-Reward,Riasan Wajah & Tubuh,Personal Care
somethinc brow matters triangle pensil alis dark brown 0.1 g,60000.0,WANTS,Hobi & Self-Reward,Riasan Wajah & Tubuh,Personal Care
confidence popok celana dewasa ekstra serap m 10 pcs,54900.0,NEEDS,Kebutuhan Rumah & Mandi,Pembalut & Popok Dewasa,Personal Care
charm safe night pembalut celana menstruasi all size 2 pcs,12900.0,NEEDS,Kebutuhan Rumah & Mandi,Pembalut & Popok Dewasa,Personal Care
laurier natural clean pantyliner 40 pcs,14500.0,NEEDS,Kebutuhan Rumah & Mandi,Pembalut & Popok Dewasa,Personal Care
charm body fit pembalut wanita extra maxi wing 23 cm 10 pcs,11900.0,NEEDS,Kebutuhan Rumah & Mandi,Pembalut & Popok Dewasa,Personal Care
confidence popok celana dewasa ekstra serap l 8 pcs,54900.0,NEEDS,Kebutuhan Rumah & Mandi,Pembalut & Popok Dewasa,Personal Care
laurier relax night pembalut wanita wing malam 35 cm 18 pcs,23900.0,NEEDS,Kebutuhan Rumah & Mandi,Pembalut & Popok Dewasa,Personal Care
confidence popok celana dewasa ekstra serap xl 6 pcs,54900.0,NEEDS,Kebutuhan Rumah & Mandi,Pembalut & Popok Dewasa,Personal Care
laurier relax night pembalut wanita wing malam 30 cm 16 pcs,17900.0,NEEDS,Kebutuhan Rumah & Mandi,Pembalut & Popok Dewasa,Personal Care
laurier relax night pembalut wanita wing malam 30 cm 8 pcs,7900.0,NEEDS,Kebutuhan Rumah & Mandi,Pembalut & Popok Dewasa,Personal Care
laurier active day x-tra pembalut wanita non wing 30 pcs,19500.0,NEEDS,Kebutuhan Rumah & Mandi,Pembalut & Popok Dewasa,Personal Care
softex daun sirih pembalut wanita non wing 23 cm 18 pcs,14500.0,NEEDS,Kebutuhan Rumah & Mandi,Pembalut & Popok Dewasa,Personal Care
alfamart popok perekat dewasa l 7 pcs,36900.0,NEEDS,Kebutuhan Rumah & Mandi,Pembalut & Popok Dewasa,Personal Care
parenty popok celana dewasa ekstra serap l 8 + 4 pcs,59900.0,NEEDS,Kebutuhan Rumah & Mandi,Pembalut & Popok Dewasa,Personal Care
alfamart popok perekat dewasa m 8 pcs,36900.0,NEEDS,Kebutuhan Rumah & Mandi,Pembalut & Popok Dewasa,Personal Care
alfamart popok celana dewasa m 8 pcs,35900.0,NEEDS,Kebutuhan Rumah & Mandi,Pembalut & Popok Dewasa,Personal Care
alfamart popok celana dewasa l 8 pcs,42900.0,NEEDS,Kebutuhan Rumah & Mandi,Pembalut & Popok Dewasa,Personal Care
laurier active day pembalut wanita wing 22 cm 30 pcs,20900.0,NEEDS,Kebutuhan Rumah & Mandi,Pembalut & Popok Dewasa,Personal Care
laurier super slimguard pembalut wanita wing 22.5 cm 10 pcs,14500.0,NEEDS,Kebutuhan Rumah & Mandi,Pembalut & Popok Dewasa,Personal Care
charm safe night pembalut wanita wing malam 29 cm 9 pcs,9700.0,NEEDS,Kebutuhan Rumah & Mandi,Pembalut & Popok Dewasa,Personal Care
charm body fit pembalut wanita extra maxi non wing 23 cm 30 pcs,23200.0,NEEDS,Kebutuhan Rumah & Mandi,Pembalut & Popok Dewasa,Personal Care
charm cooling fresh pembalut wanita wing malam ekstrak daun mint 29 cm 10 pcs,14900.0,NEEDS,Kebutuhan Rumah & Mandi,Pembalut & Popok Dewasa,Personal Care
charm body fit pembalut wanita extra maxi wing 23 cm 28 pcs,21500.0,NEEDS,Kebutuhan Rumah & Mandi,Pembalut & Popok Dewasa,Personal Care
charm maxi pembalut wanita wing 26 cm 16 pcs,15900.0,NEEDS,Kebutuhan Rumah & Mandi,Pembalut & Popok Dewasa,Personal Care
charm cooling fresh pembalut wanita wing malam ekstrak daun mint 42 cm 6 pcs,14900.0,NEEDS,Kebutuhan Rumah & Mandi,Pembalut & Popok Dewasa,Personal Care
lifree popok perekat dewasa l 7 pcs,46900.0,NEEDS,Kebutuhan Rumah & Mandi,Pembalut & Popok Dewasa,Personal Care
certainty cegah iritasi popok perekat dewasa l 7 pcs,39900.0,NEEDS,Kebutuhan Rumah & Mandi,Pembalut & Popok Dewasa,Personal Care
flou by pokana pembalut wanita wing 34 cm 6 pcs,19900.0,NEEDS,Kebutuhan Rumah & Mandi,Pembalut & Popok Dewasa,Personal Care
certainty cegah iritasi popok celana dewasa xl 6 pcs,39900.0,NEEDS,Kebutuhan Rumah & Mandi,Pembalut & Popok Dewasa,Personal Care
lifree tipis & nyaman popok celana dewasa xl 6 pcs,56900.0,NEEDS,Kebutuhan Rumah & Mandi,Pembalut & Popok Dewasa,Personal Care
lifree tipis & nyaman popok celana dewasa l 8 pcs,56900.0,NEEDS,Kebutuhan Rumah & Mandi,Pembalut & Popok Dewasa,Personal Care
flou by pokana pembalut wanita wing 30 cm 8 pcs,19900.0,NEEDS,Kebutuhan Rumah & Mandi,Pembalut & Popok Dewasa,Personal Care
lifree popok celana dewasa ekstra serap m 10 pcs,59900.0,NEEDS,Kebutuhan Rumah & Mandi,Pembalut & Popok Dewasa,Personal Care
lifree popok perekat dewasa xl 6 pcs,46900.0,NEEDS,Kebutuhan Rumah & Mandi,Pembalut & Popok Dewasa,Personal Care
lifree tipis & nyaman popok celana dewasa m 10 pcs,56900.0,NEEDS,Kebutuhan Rumah & Mandi,Pembalut & Popok Dewasa,Personal Care
charm cooling fresh pembalut wanita wing malam ekstrak daun mint 35 cm 8 pcs,14900.0,NEEDS,Kebutuhan Rumah & Mandi,Pembalut & Popok Dewasa,Personal Care
charm pantyliner cooling fresh ekstrak daun mint 32 pcs,17900.0,NEEDS,Kebutuhan Rumah & Mandi,Pembalut & Popok Dewasa,Personal Care
charm cooling fresh pembalut wanita non wing natural mint 23 cm 17 pcs,14900.0,NEEDS,Kebutuhan Rumah & Mandi,Pembalut & Popok Dewasa,Personal Care
charm pantyliner cooling fresh long & wide ekstrak daun mint 28 pcs,18900.0,NEEDS,Kebutuhan Rumah & Mandi,Pembalut & Popok Dewasa,Personal Care
charm cooling fresh pembalut wanita wing natural mint 23 cm 15 pcs,14900.0,NEEDS,Kebutuhan Rumah & Mandi,Pembalut & Popok Dewasa,Personal Care
charm safe night sleep protect+ pembalut celana menstruasi wanita l - xl 2 pcs,18500.0,NEEDS,Kebutuhan Rumah & Mandi,Pembalut & Popok Dewasa,Personal Care
charm safe night pembalut wanita wing malam 35 cm 18 pcs,24900.0,NEEDS,Kebutuhan Rumah & Mandi,Pembalut & Popok Dewasa,Personal Care
charm safe night pembalut wanita wing malam 29 cm 30 pcs,28900.0,NEEDS,Kebutuhan Rumah & Mandi,Pembalut & Popok Dewasa,Personal Care
softex daun sirih pantyliner 15 cm 44 pcs,16900.0,NEEDS,Kebutuhan Rumah & Mandi,Pembalut & Popok Dewasa,Personal Care
softex daun sirih pantyliner 18 cm 30 pcs,14900.0,NEEDS,Kebutuhan Rumah & Mandi,Pembalut & Popok Dewasa,Personal Care
bagus nina anion pembalut wanita wing 27 cm 10 pcs,26900.0,NEEDS,Kebutuhan Rumah & Mandi,Pembalut & Popok Dewasa,Personal Care
bagus nina anion pembalut wanita wing 33 cm 8 pcs,33900.0,NEEDS,Kebutuhan Rumah & Mandi,Pembalut & Popok Dewasa,Personal Care
bagus nina anion pantyliner 15 cm 20 pcs,18500.0,NEEDS,Kebutuhan Rumah & Mandi,Pembalut & Popok Dewasa,Personal Care
yoona pantyliner 15 cm 20 pcs,21500.0,NEEDS,Kebutuhan Rumah & Mandi,Pembalut & Popok Dewasa,Personal Care
yoona pembalut wanita organik day 24.5 cm 10 pcs,26500.0,NEEDS,Kebutuhan Rumah & Mandi,Pembalut & Popok Dewasa,Personal Care
yoona pembalut wanita organik malam 29 cm 8 pcs,26500.0,NEEDS,Kebutuhan Rumah & Mandi,Pembalut & Popok Dewasa,Personal Care
yoona pembalut wanita organik malam 36 cm 6 pcs,27500.0,NEEDS,Kebutuhan Rumah & Mandi,Pembalut & Popok Dewasa,Personal Care
confidence popok celana dewasa daily fresh m 9 pcs,45000.0,NEEDS,Kebutuhan Rumah & Mandi,Pembalut & Popok Dewasa,Personal Care
confidence popok celana dewasa daily fresh l 8 pcs,45000.0,NEEDS,Kebutuhan Rumah & Mandi,Pembalut & Popok Dewasa,Personal Care
carefree pantyliner breathable 40 pcs,27000.0,NEEDS,Kebutuhan Rumah & Mandi,Pembalut & Popok Dewasa,Personal Care
carefree pantyliner healthy fresh 40 pcs,30900.0,NEEDS,Kebutuhan Rumah & Mandi,Pembalut & Popok Dewasa,Personal Care
alfamart popok perekat dewasa xl 6 pcs,43900.0,NEEDS,Kebutuhan Rumah & Mandi,Pembalut & Popok Dewasa,Personal Care
oto popok celana dewasa l 16 pcs,110000.0,NEEDS,Kebutuhan Rumah & Mandi,Pembalut & Popok Dewasa,Personal Care
oto popok celana dewasa xl 12 pcs,85000.0,NEEDS,Kebutuhan Rumah & Mandi,Pembalut & Popok Dewasa,Personal Care
oto popok perekat dewasa l 14 pcs,79900.0,NEEDS,Kebutuhan Rumah & Mandi,Pembalut & Popok Dewasa,Personal Care
oto popok perekat dewasa xl 12 pcs,85000.0,NEEDS,Kebutuhan Rumah & Mandi,Pembalut & Popok Dewasa,Personal Care
softex daun sirih pembalut wanita wing malam 36 cm 12 pcs,19500.0,NEEDS,Kebutuhan Rumah & Mandi,Pembalut & Popok Dewasa,Personal Care
softex comfort night pembalut wanita wing malam 36 cm 12 pcs,15900.0,NEEDS,Kebutuhan Rumah & Mandi,Pembalut & Popok Dewasa,Personal Care
laurier relax night pembalut wanita wing malam 40 cm 8 pcs,19900.0,NEEDS,Kebutuhan Rumah & Mandi,Pembalut & Popok Dewasa,Personal Care
laurier daun sirih pembalut wanita wing malam 35 cm 12 pcs,18500.0,NEEDS,Kebutuhan Rumah & Mandi,Pembalut & Popok Dewasa,Personal Care
laurier daun sirih pembalut wanita wing 25 cm 16 pcs,15900.0,NEEDS,Kebutuhan Rumah & Mandi,Pembalut & Popok Dewasa,Personal Care
softex beary cool pembalut wanita slim wing natural lavender 23 cm 14 pads,14900.0,NEEDS,Kebutuhan Rumah & Mandi,Pembalut & Popok Dewasa,Personal Care
softex daun sirih pembalut wanita wing malam 29 cm 16 pcs,19500.0,NEEDS,Kebutuhan Rumah & Mandi,Pembalut & Popok Dewasa,Personal Care
softex daun sirih pembalut wanita wing malam 29 cm 24 pcs,25500.0,NEEDS,Kebutuhan Rumah & Mandi,Pembalut & Popok Dewasa,Personal Care
confidence classic popok perekat dewasa malam m 8 pcs,42900.0,NEEDS,Kebutuhan Rumah & Mandi,Pembalut & Popok Dewasa,Personal Care
confidence classic popok perekat dewasa malam l 7 pcs,44900.0,NEEDS,Kebutuhan Rumah & Mandi,Pembalut & Popok Dewasa,Personal Care
softex daun sirih pembalut wanita wing 3 in 1 16 pcs,23500.0,NEEDS,Kebutuhan Rumah & Mandi,Pembalut & Popok Dewasa,Personal Care
oto popok celana dewasa m 8 pcs,38500.0,NEEDS,Kebutuhan Rumah & Mandi,Pembalut & Popok Dewasa,Personal Care
hers protex cinnamoroll pembalut wanita wing malam 30 cm 20 + 2 pcs,16500.0,NEEDS,Kebutuhan Rumah & Mandi,Pembalut & Popok Dewasa,Personal Care
happily popok celana dewasa l 8 pcs,38900.0,NEEDS,Kebutuhan Rumah & Mandi,Pembalut & Popok Dewasa,Personal Care
hers protex pembalut wanita wing malam 30 cm 20 pcs,13900.0,NEEDS,Kebutuhan Rumah & Mandi,Pembalut & Popok Dewasa,Personal Care
confidence classic popok perekat dewasa malam xl 6 pcs,44900.0,NEEDS,Kebutuhan Rumah & Mandi,Pembalut & Popok Dewasa,Personal Care
confidence popok celana dewasa pas badan l 8 pcs,45900.0,NEEDS,Kebutuhan Rumah & Mandi,Pembalut & Popok Dewasa,Personal Care
laurier relax night pembalut wanita wing malam 30 cm 24 pcs,26700.0,NEEDS,Kebutuhan Rumah & Mandi,Pembalut & Popok Dewasa,Personal Care
laurier relax night pembalut celana menstruasi serap maksimal 2 pcs,14900.0,NEEDS,Kebutuhan Rumah & Mandi,Pembalut & Popok Dewasa,Personal Care
softex daun sirih pembalut wanita wing 36 cm 18 pcs,25500.0,NEEDS,Kebutuhan Rumah & Mandi,Pembalut & Popok Dewasa,Personal Care
softex daun sirih pembalut wanita wing 42 cm 8 pcs,17900.0,NEEDS,Kebutuhan Rumah & Mandi,Pembalut & Popok Dewasa,Personal Care
softex daun sirih pembalut wanita wing 23 cm 30 pcs,25500.0,NEEDS,Kebutuhan Rumah & Mandi,Pembalut & Popok Dewasa,Personal Care
softex daun sirih pembalut wanita wing 23 cm 20 pcs,16900.0,NEEDS,Kebutuhan Rumah & Mandi,Pembalut & Popok Dewasa,Personal Care
laurier super slimguard pembalut wanita wing 22.5 cm 20 pcs,25900.0,NEEDS,Kebutuhan Rumah & Mandi,Pembalut & Popok Dewasa,Personal Care
softex gravity pembalut wanita non wing 23 cm 20 pcs,13900.0,NEEDS,Kebutuhan Rumah & Mandi,Pembalut & Popok Dewasa,Personal Care
happily popok celana dewasa m 10 pcs,38900.0,NEEDS,Kebutuhan Rumah & Mandi,Pembalut & Popok Dewasa,Personal Care
hers protex cool breeze cinnamoroll pembalut wing 23.5 cm 15 + 2 pcs,12500.0,NEEDS,Kebutuhan Rumah & Mandi,Pembalut & Popok Dewasa,Personal Care
"hers protex natural pembalut wanita wing daun sirih 23,5 cm 20 + 2 pcs",12900.0,NEEDS,Kebutuhan Rumah & Mandi,Pembalut & Popok Dewasa,Personal Care
charm safe night pembalut wanita wing malam 42 cm 7 pcs,19900.0,NEEDS,Kebutuhan Rumah & Mandi,Pembalut & Popok Dewasa,Personal Care
charm safe night pembalut wanita wing malam 35 cm 11 pcs,16900.0,NEEDS,Kebutuhan Rumah & Mandi,Pembalut & Popok Dewasa,Personal Care
charm safe night pembalut wanita wing malam 42 cm 14 pcs,34500.0,NEEDS,Kebutuhan Rumah & Mandi,Pembalut & Popok Dewasa,Personal Care
hers protex cinnamoroll pembalut wanita wing 23.5 cm 20 + 2 pcs,13500.0,NEEDS,Kebutuhan Rumah & Mandi,Pembalut & Popok Dewasa,Personal Care
laurier relax night pembalut wanita wing malam 35 cm 12 pcs,20300.0,NEEDS,Kebutuhan Rumah & Mandi,Pembalut & Popok Dewasa,Personal Care
softex daun sirih + green tea pantyliner 15 cm 20 pcs,7500.0,NEEDS,Kebutuhan Rumah & Mandi,Pembalut & Popok Dewasa,Personal Care
charm safe night pembalut wanita wing malam 29 cm 18 pcs,18900.0,NEEDS,Kebutuhan Rumah & Mandi,Pembalut & Popok Dewasa,Personal Care
hers protex cool breeze cinnamoroll pembalut malam wing 30 cm 10 + 2 pcs,12500.0,NEEDS,Kebutuhan Rumah & Mandi,Pembalut & Popok Dewasa,Personal Care
charm safe night pembalut wanita wing malam 35 cm 12 pcs,16900.0,NEEDS,Kebutuhan Rumah & Mandi,Pembalut & Popok Dewasa,Personal Care
confidence popok celana dewasa pas badan m 10 pcs,45900.0,NEEDS,Kebutuhan Rumah & Mandi,Pembalut & Popok Dewasa,Personal Care
ladis pembalut celana menstruasi wanita m 3 pcs,11900.0,NEEDS,Kebutuhan Rumah & Mandi,Pembalut & Popok Dewasa,Personal Care
lifree ekstra serap popok celana dewasa xxl 5 pcs,59900.0,NEEDS,Kebutuhan Rumah & Mandi,Pembalut & Popok Dewasa,Personal Care
certainty cegah iritasi popok perekat dewasa m 8 pcs,39900.0,NEEDS,Kebutuhan Rumah & Mandi,Pembalut & Popok Dewasa,Personal Care
certainty cegah iritasi popok celana dewasa l 7 pcs,39900.0,NEEDS,Kebutuhan Rumah & Mandi,Pembalut & Popok Dewasa,Personal Care
parenty popok celana dewasa ekstra serap xl 8 + 4 pcs,79900.0,NEEDS,Kebutuhan Rumah & Mandi,Pembalut & Popok Dewasa,Personal Care
lifree ekstra serap popok celana dewasa xl 6 pcs,59900.0,NEEDS,Kebutuhan Rumah & Mandi,Pembalut & Popok Dewasa,Personal Care
charm pembalut wanita wing daun sirih + herbal 29 cm 10 pcs,14900.0,NEEDS,Kebutuhan Rumah & Mandi,Pembalut & Popok Dewasa,Personal Care
lifree ekstra serap popok celana dewasa l 8 pcs,59900.0,NEEDS,Kebutuhan Rumah & Mandi,Pembalut & Popok Dewasa,Personal Care
charm cooling fresh pembalut wanita wing natural cucumber 23 cm 14 pcs,14700.0,NEEDS,Kebutuhan Rumah & Mandi,Pembalut & Popok Dewasa,Personal Care
laurier pantyliner non-perfume 40 pcs,13800.0,NEEDS,Kebutuhan Rumah & Mandi,Pembalut & Popok Dewasa,Personal Care
softex beary cool pembalut wanita slim wing natural lavender 36 cm 8 pads,14900.0,NEEDS,Kebutuhan Rumah & Mandi,Pembalut & Popok Dewasa,Personal Care
softex gravity pembalut wanita wing 23 cm 20 pcs,15900.0,NEEDS,Kebutuhan Rumah & Mandi,Pembalut & Popok Dewasa,Personal Care
softex pembalut celana menstruasi wanita 2 pcs,12900.0,NEEDS,Kebutuhan Rumah & Mandi,Pembalut & Popok Dewasa,Personal Care
charm safe night daun sirih pembalut wing malam 35 cm 11 pcs,16900.0,NEEDS,Kebutuhan Rumah & Mandi,Pembalut & Popok Dewasa,Personal Care
charm safe night daun sirih pembalut wing malam 29 cm 17 pcs,19300.0,NEEDS,Kebutuhan Rumah & Mandi,Pembalut & Popok Dewasa,Personal Care
hers protex pembalut wanita wing malam 35 cm 12 pads,10900.0,NEEDS,Kebutuhan Rumah & Mandi,Pembalut & Popok Dewasa,Personal Care
softex beary cool pantyliner natural lavender 20 pads,7900.0,NEEDS,Kebutuhan Rumah & Mandi,Pembalut & Popok Dewasa,Personal Care
charm daun sirih herbal pembalut wanita wing malam 35 cm 8 pcs,11400.0,NEEDS,Kebutuhan Rumah & Mandi,Pembalut & Popok Dewasa,Personal Care
charm pantyliner daun sirih + herbal 32 pcs,10900.0,NEEDS,Kebutuhan Rumah & Mandi,Pembalut & Popok Dewasa,Personal Care
certainty cegah iritasi popok perekat dewasa xl 6 pcs,31900.0,NEEDS,Kebutuhan Rumah & Mandi,Pembalut & Popok Dewasa,Personal Care
softex pembalut celana menstruasi xl 2 pcs,15000.0,NEEDS,Kebutuhan Rumah & Mandi,Pembalut & Popok Dewasa,Personal Care
certainty cegah iritasi popok celana dewasa m 8 pcs,39900.0,NEEDS,Kebutuhan Rumah & Mandi,Pembalut & Popok Dewasa,Personal Care
softex comfort night pembalut wanita wing malam 29 cm 18 pcs,15900.0,NEEDS,Kebutuhan Rumah & Mandi,Pembalut & Popok Dewasa,Personal Care
oto popok celana dewasa unisex l 8 pcs,45500.0,NEEDS,Kebutuhan Rumah & Mandi,Pembalut & Popok Dewasa,Personal Care
oto popok celana dewasa unisex xl 8 pcs,60900.0,NEEDS,Kebutuhan Rumah & Mandi,Pembalut & Popok Dewasa,Personal Care
charm body fit pembalut wanita extra maxi non wing 23 cm 10 pcs,7300.0,NEEDS,Kebutuhan Rumah & Mandi,Pembalut & Popok Dewasa,Personal Care
pepsodent pasta gigi pencegah gigi berlubang 225 g,12900.0,NEEDS,Kebutuhan Rumah & Mandi,Perawatan Gigi & Mulut,Personal Care
pepsodent nanosoft sikat gigi sensitive soft,14600.0,NEEDS,Kebutuhan Rumah & Mandi,Perawatan Gigi & Mulut,Personal Care
closeup white attraction pasta gigi lemon essence + sea salt 95 g,26000.0,NEEDS,Kebutuhan Rumah & Mandi,Perawatan Gigi & Mulut,Personal Care
pepsodent pasta gigi pencegah gigi berlubang 2 x 190 g,30400.0,NEEDS,Kebutuhan Rumah & Mandi,Perawatan Gigi & Mulut,Personal Care
betadine obat kumur antiseptik 190 ml,42800.0,NEEDS,Kebutuhan Rumah & Mandi,Perawatan Gigi & Mulut,Personal Care
ciptadent sikat gigi perfect care soft 3 pcs,17900.0,NEEDS,Kebutuhan Rumah & Mandi,Perawatan Gigi & Mulut,Personal Care
alfamart tusuk gigi reguler 200 pcs,8900.0,NEEDS,Kebutuhan Rumah & Mandi,Perawatan Gigi & Mulut,Personal Care
total care obat kumur siwak salt 250 ml,15500.0,NEEDS,Kebutuhan Rumah & Mandi,Perawatan Gigi & Mulut,Personal Care
oral-b cross action deep clean sikat gigi anti plak lembut 3 pcs,42200.0,NEEDS,Kebutuhan Rumah & Mandi,Perawatan Gigi & Mulut,Personal Care
formula sikat gigi silver protector ripple soft 3 pcs,13900.0,NEEDS,Kebutuhan Rumah & Mandi,Perawatan Gigi & Mulut,Personal Care
listerine obat kumur antiseptik multi protect zero 250 ml,31900.0,NEEDS,Kebutuhan Rumah & Mandi,Perawatan Gigi & Mulut,Personal Care
sensodyne sikat gigi sensitive soft 2 pcs,23500.0,NEEDS,Kebutuhan Rumah & Mandi,Perawatan Gigi & Mulut,Personal Care
ciptadent pasta gigi fresh mint 225 g,14500.0,NEEDS,Kebutuhan Rumah & Mandi,Perawatan Gigi & Mulut,Personal Care
closeup pasta gigi menthol fresh 160 g,23500.0,NEEDS,Kebutuhan Rumah & Mandi,Perawatan Gigi & Mulut,Personal Care
pepsodent pasta gigi action 123 herbal 120 g,19800.0,NEEDS,Kebutuhan Rumah & Mandi,Perawatan Gigi & Mulut,Personal Care
pepsodent complete 8 pasta gigi multi protection 150 g,21000.0,NEEDS,Kebutuhan Rumah & Mandi,Perawatan Gigi & Mulut,Personal Care
pepsodent action 123 pasta gigi siwak & mint 150 g + 25 g,21800.0,NEEDS,Kebutuhan Rumah & Mandi,Perawatan Gigi & Mulut,Personal Care
pepsodent pasta gigi ekonomis 150 g,13200.0,NEEDS,Kebutuhan Rumah & Mandi,Perawatan Gigi & Mulut,Personal Care
pepsodent pasta gigi strong fresh cool mint 190 + 15 g,15500.0,NEEDS,Kebutuhan Rumah & Mandi,Perawatan Gigi & Mulut,Personal Care
pepsodent pasta gigi pencegah gigi berlubang 72 g,8000.0,NEEDS,Kebutuhan Rumah & Mandi,Perawatan Gigi & Mulut,Personal Care
ciptadent sikat gigi flexi clean soft isi 3 pcs,7500.0,NEEDS,Kebutuhan Rumah & Mandi,Perawatan Gigi & Mulut,Personal Care
closeup pasta gigi menthol fresh 65 g,9400.0,NEEDS,Kebutuhan Rumah & Mandi,Perawatan Gigi & Mulut,Personal Care
formula glowow mood crystal sikat gigi 3 pcs,13900.0,NEEDS,Kebutuhan Rumah & Mandi,Perawatan Gigi & Mulut,Personal Care
pepsodent action 123 pasta gigi penyegar mulut herbal 190 g,26400.0,NEEDS,Kebutuhan Rumah & Mandi,Perawatan Gigi & Mulut,Personal Care
closeup pasta gigi menthol fresh 100 g,19500.0,NEEDS,Kebutuhan Rumah & Mandi,Perawatan Gigi & Mulut,Personal Care
listerine obat kumur antiseptik cool mint 250 ml,27400.0,NEEDS,Kebutuhan Rumah & Mandi,Perawatan Gigi & Mulut,Personal Care
sensodyne pasta gigi pencegah gigi berlubang & sensitif 60 g,13900.0,NEEDS,Kebutuhan Rumah & Mandi,Perawatan Gigi & Mulut,Personal Care
sensodyne pasta gigi pencegah gigi berlubang & sensitif 40 g,9500.0,NEEDS,Kebutuhan Rumah & Mandi,Perawatan Gigi & Mulut,Personal Care
pepsodent ultra white ultimate bright pasta gigi 90 g,50500.0,NEEDS,Kebutuhan Rumah & Mandi,Perawatan Gigi & Mulut,Personal Care
pepsodent sensitive expert pasta gigi original 60 g,20000.0,NEEDS,Kebutuhan Rumah & Mandi,Perawatan Gigi & Mulut,Personal Care
pepsodent sikat gigi brilian soft 3 pcs,9600.0,NEEDS,Kebutuhan Rumah & Mandi,Perawatan Gigi & Mulut,Personal Care
listerine obat kumur antiseptik zero 250 ml,27400.0,NEEDS,Kebutuhan Rumah & Mandi,Perawatan Gigi & Mulut,Personal Care
formula sikat gigi silver protector double action soft,5400.0,NEEDS,Kebutuhan Rumah & Mandi,Perawatan Gigi & Mulut,Personal Care
enzim pasta gigi fresh mint 124 g,27500.0,NEEDS,Kebutuhan Rumah & Mandi,Perawatan Gigi & Mulut,Personal Care
alfamart tusuk & benang gigi 30 pcs,8900.0,NEEDS,Kebutuhan Rumah & Mandi,Perawatan Gigi & Mulut,Personal Care
sensodyne sikat gigi multi action soft 2 pcs,34000.0,NEEDS,Kebutuhan Rumah & Mandi,Perawatan Gigi & Mulut,Personal Care
formula pasta gigi family 160 g,13800.0,NEEDS,Kebutuhan Rumah & Mandi,Perawatan Gigi & Mulut,Personal Care
formula mobile oral care sikat + pasta gigi soft travel pack,17900.0,NEEDS,Kebutuhan Rumah & Mandi,Perawatan Gigi & Mulut,Personal Care
colgate optic white purple pasta gigi pemutih 100 g,38900.0,NEEDS,Kebutuhan Rumah & Mandi,Perawatan Gigi & Mulut,Personal Care
formula sikat gigi silver protector diamond medium 3 pcs,13900.0,NEEDS,Kebutuhan Rumah & Mandi,Perawatan Gigi & Mulut,Personal Care
systema sikat gigi nine degree sensitive 3 pcs,20500.0,NEEDS,Kebutuhan Rumah & Mandi,Perawatan Gigi & Mulut,Personal Care
formula sikat gigi sparkling white soft 3 pcs,32500.0,NEEDS,Kebutuhan Rumah & Mandi,Perawatan Gigi & Mulut,Personal Care
listerine obat kumur antiseptik cool mint 100 ml,9900.0,NEEDS,Kebutuhan Rumah & Mandi,Perawatan Gigi & Mulut,Personal Care
alfamart tusuk gigi plastik 60 pcs,9500.0,NEEDS,Kebutuhan Rumah & Mandi,Perawatan Gigi & Mulut,Personal Care
sensodyne pasta gigi repair & protect original 100 g,51900.0,NEEDS,Kebutuhan Rumah & Mandi,Perawatan Gigi & Mulut,Personal Care
pepsodent pasta gigi + sikat gigi soft kemasan travel size assorted,22900.0,NEEDS,Kebutuhan Rumah & Mandi,Perawatan Gigi & Mulut,Personal Care
listerine obat kumur antiseptik multi protect zero 100 ml,13200.0,NEEDS,Kebutuhan Rumah & Mandi,Perawatan Gigi & Mulut,Personal Care
sasha pasta gigi anti bakteri siwak & sirih 150 g,20200.0,NEEDS,Kebutuhan Rumah & Mandi,Perawatan Gigi & Mulut,Personal Care
total care obat kumur cool mint 100 ml,10000.0,NEEDS,Kebutuhan Rumah & Mandi,Perawatan Gigi & Mulut,Personal Care
formula pasta gigi strong protector 160 g,9900.0,NEEDS,Kebutuhan Rumah & Mandi,Perawatan Gigi & Mulut,Personal Care
oral-b cross action sikat gigi ultra thin 1 pcs,27900.0,NEEDS,Kebutuhan Rumah & Mandi,Perawatan Gigi & Mulut,Personal Care
formula sikat gigi maxi care 3 pcs,18500.0,NEEDS,Kebutuhan Rumah & Mandi,Perawatan Gigi & Mulut,Personal Care
systema nano pasta gigi spring fresh 190 g,11400.0,NEEDS,Kebutuhan Rumah & Mandi,Perawatan Gigi & Mulut,Personal Care
oral-b pro health clinical pro flex sikat gigi 3 pcs,49000.0,NEEDS,Kebutuhan Rumah & Mandi,Perawatan Gigi & Mulut,Personal Care
oral-b cross action sikat gigi ultra thin 3 pcs,52000.0,NEEDS,Kebutuhan Rumah & Mandi,Perawatan Gigi & Mulut,Personal Care
closeup white now purple pasta gigi pemutih 95 g,50500.0,NEEDS,Kebutuhan Rumah & Mandi,Perawatan Gigi & Mulut,Personal Care
darlie pasta gigi all shiny white foamy baking soda 140 g,27300.0,NEEDS,Kebutuhan Rumah & Mandi,Perawatan Gigi & Mulut,Personal Care
zact pasta gigi stain penghilang noda 190 g,15900.0,NEEDS,Kebutuhan Rumah & Mandi,Perawatan Gigi & Mulut,Personal Care
pepsodent white pasta gigi value pack 2 x 225 g,23900.0,NEEDS,Kebutuhan Rumah & Mandi,Perawatan Gigi & Mulut,Personal Care
ciptadent pasta gigi herbal 190 g,14500.0,NEEDS,Kebutuhan Rumah & Mandi,Perawatan Gigi & Mulut,Personal Care
ciptadent pasta gigi fresh mint 190 g,13800.0,NEEDS,Kebutuhan Rumah & Mandi,Perawatan Gigi & Mulut,Personal Care
systema pasta gigi triple advance 190 g,11900.0,NEEDS,Kebutuhan Rumah & Mandi,Perawatan Gigi & Mulut,Personal Care
systema pasta gigi menthol breeze 190 g,11400.0,NEEDS,Kebutuhan Rumah & Mandi,Perawatan Gigi & Mulut,Personal Care
colgate sikat gigi gentle gum care 2 pcs,39900.0,NEEDS,Kebutuhan Rumah & Mandi,Perawatan Gigi & Mulut,Personal Care
colgate total active prevention pasta gigi charcoal clean 110 g,29900.0,NEEDS,Kebutuhan Rumah & Mandi,Perawatan Gigi & Mulut,Personal Care
oral-b sikat gigi fresh clean black soft,9500.0,NEEDS,Kebutuhan Rumah & Mandi,Perawatan Gigi & Mulut,Personal Care
systema active clean sikat gigi soft 2 pcs,14900.0,NEEDS,Kebutuhan Rumah & Mandi,Perawatan Gigi & Mulut,Personal Care
ciptadent fresh maxi cool pasta gigi mint 190 g,13800.0,NEEDS,Kebutuhan Rumah & Mandi,Perawatan Gigi & Mulut,Personal Care
oral-b sikat gigi all rounder 123 clean medium 3 pcs,22400.0,NEEDS,Kebutuhan Rumah & Mandi,Perawatan Gigi & Mulut,Personal Care
oral-b sikat gigi soft & slim extra soft,20400.0,NEEDS,Kebutuhan Rumah & Mandi,Perawatan Gigi & Mulut,Personal Care
colgate total active prevention pasta gigi whitening 110 g,29900.0,NEEDS,Kebutuhan Rumah & Mandi,Perawatan Gigi & Mulut,Personal Care
oral-b gentle clean sensitivex sikat gigi ultra lembut 1 pcs,27900.0,NEEDS,Kebutuhan Rumah & Mandi,Perawatan Gigi & Mulut,Personal Care
listerine obat kumur antiseptik watermelon mint 250 ml,19900.0,NEEDS,Kebutuhan Rumah & Mandi,Perawatan Gigi & Mulut,Personal Care
sensodyne pasta gigi fresh mint 60 g,19500.0,NEEDS,Kebutuhan Rumah & Mandi,Perawatan Gigi & Mulut,Personal Care
listerine obat kumur antiseptik sakura & peach 250 ml,21900.0,NEEDS,Kebutuhan Rumah & Mandi,Perawatan Gigi & Mulut,Personal Care
ciptadent pasta gigi cool mint 190 g,13800.0,NEEDS,Kebutuhan Rumah & Mandi,Perawatan Gigi & Mulut,Personal Care
ciptadent sikat gigi crystal clean soft 3 pcs,8900.0,NEEDS,Kebutuhan Rumah & Mandi,Perawatan Gigi & Mulut,Personal Care
systema sikat gigi smart clean 3 pcs,8900.0,NEEDS,Kebutuhan Rumah & Mandi,Perawatan Gigi & Mulut,Personal Care
total care obat kumur cool mint 250 ml,20500.0,NEEDS,Kebutuhan Rumah & Mandi,Perawatan Gigi & Mulut,Personal Care
pepsodent pasta gigi pencegah gigi berlubang 190 g,18800.0,NEEDS,Kebutuhan Rumah & Mandi,Perawatan Gigi & Mulut,Personal Care
pepsodent sensitive expert pasta gigi whitening 100 g,42000.0,NEEDS,Kebutuhan Rumah & Mandi,Perawatan Gigi & Mulut,Personal Care
pepsodent sikat gigi 5 star clean soft 3 pcs,14500.0,NEEDS,Kebutuhan Rumah & Mandi,Perawatan Gigi & Mulut,Personal Care
pepsodent kids pasta gigi anak fresh orange 45 g,9200.0,NEEDS,Kebutuhan Rumah & Mandi,Perawatan Gigi & Mulut,Personal Care
pepsodent fifa limited edition pasta gigi fresh breath best defender 95 g,19500.0,NEEDS,Kebutuhan Rumah & Mandi,Perawatan Gigi & Mulut,Personal Care
pepsodent sensitive expert pasta gigi whitening 60 g,20000.0,NEEDS,Kebutuhan Rumah & Mandi,Perawatan Gigi & Mulut,Personal Care
darlie pasta gigi all shiny white enzyme floral fresh 120 g,35000.0,NEEDS,Kebutuhan Rumah & Mandi,Perawatan Gigi & Mulut,Personal Care
darlie double action pasta gigi fresh protect 2 in 1 160 g,35000.0,NEEDS,Kebutuhan Rumah & Mandi,Perawatan Gigi & Mulut,Personal Care
darlie sikat gigi volcanic charcoal soft 2 pcs,35000.0,NEEDS,Kebutuhan Rumah & Mandi,Perawatan Gigi & Mulut,Personal Care
darlie sikat gigi nano charcoal gold soft,18000.0,NEEDS,Kebutuhan Rumah & Mandi,Perawatan Gigi & Mulut,Personal Care
darlie sikat gigi spiral clean extra soft,17000.0,NEEDS,Kebutuhan Rumah & Mandi,Perawatan Gigi & Mulut,Personal Care
enzim pasta gigi orthodontic 124 g,58000.0,NEEDS,Kebutuhan Rumah & Mandi,Perawatan Gigi & Mulut,Personal Care
darlie pasta gigi double action fresh clean 225 g,32000.0,NEEDS,Kebutuhan Rumah & Mandi,Perawatan Gigi & Mulut,Personal Care
darlie pasta gigi & perawatan gusi sensitivity relief 140 g,35000.0,NEEDS,Kebutuhan Rumah & Mandi,Perawatan Gigi & Mulut,Personal Care
darlie pasta gigi & perawatan gusi lasting fresh 140 g,35000.0,NEEDS,Kebutuhan Rumah & Mandi,Perawatan Gigi & Mulut,Personal Care
sensodyne pasta gigi cool gel 160 g,37900.0,NEEDS,Kebutuhan Rumah & Mandi,Perawatan Gigi & Mulut,Personal Care
polident pembersih gigi palsu 30 tablet,36900.0,NEEDS,Kebutuhan Rumah & Mandi,Perawatan Gigi & Mulut,Personal Care
colgate optic white pasta gigi mint plus mineral 100 g,45000.0,NEEDS,Kebutuhan Rumah & Mandi,Perawatan Gigi & Mulut,Personal Care
colgate optic white o2 pasta gigi aromatic menthol 85 g,90000.0,NEEDS,Kebutuhan Rumah & Mandi,Perawatan Gigi & Mulut,Personal Care
colgate plax obat kumur freshmint splash 750 ml,59000.0,NEEDS,Kebutuhan Rumah & Mandi,Perawatan Gigi & Mulut,Personal Care
darlie double action multicare pasta gigi cool mint 180 g,29000.0,NEEDS,Kebutuhan Rumah & Mandi,Perawatan Gigi & Mulut,Personal Care
darlie pasta & sikat gigi double action kemasan travel size,29900.0,NEEDS,Kebutuhan Rumah & Mandi,Perawatan Gigi & Mulut,Personal Care
darlie pasta & sikat gigi all shiny white charcoal clean kemasan travel size,29900.0,NEEDS,Kebutuhan Rumah & Mandi,Perawatan Gigi & Mulut,Personal Care
colgate total active prevention pasta gigi charcoal deep clean 150 g,39000.0,NEEDS,Kebutuhan Rumah & Mandi,Perawatan Gigi & Mulut,Personal Care
colgate sikat gigi cushion clean assorted 2 pcs,75000.0,NEEDS,Kebutuhan Rumah & Mandi,Perawatan Gigi & Mulut,Personal Care
colgate sikat gigi elektrik proclinical charcoal 1 pcs,259500.0,NEEDS,Kebutuhan Rumah & Mandi,Perawatan Gigi & Mulut,Personal Care
colgate sikat gigi easy comfort 1pcs assorted,53000.0,NEEDS,Kebutuhan Rumah & Mandi,Perawatan Gigi & Mulut,Personal Care
colgate plax obat kumur peppermint fresh 750 ml,59000.0,NEEDS,Kebutuhan Rumah & Mandi,Perawatan Gigi & Mulut,Personal Care
colgate optic white purple serum booster pemutih gigi 40 ml,150000.0,NEEDS,Kebutuhan Rumah & Mandi,Perawatan Gigi & Mulut,Personal Care
colgate sikat gigi + pasta gigi slimsoft charcoal travel kit assorted,33500.0,NEEDS,Kebutuhan Rumah & Mandi,Perawatan Gigi & Mulut,Personal Care
sensodyne cavity pasta gigi pencegah gigi berlubang & sensitif 80 g,21500.0,NEEDS,Kebutuhan Rumah & Mandi,Perawatan Gigi & Mulut,Personal Care
closeup everfresh pasta gigi triple fresh formula icy white 160 g,25000.0,NEEDS,Kebutuhan Rumah & Mandi,Perawatan Gigi & Mulut,Personal Care
listerine obat kumur antiseptik natural green tea 500 ml,49900.0,NEEDS,Kebutuhan Rumah & Mandi,Perawatan Gigi & Mulut,Personal Care
pepsodent sensitive mineral expert pasta gigi active remin complex 105 g,51900.0,NEEDS,Kebutuhan Rumah & Mandi,Perawatan Gigi & Mulut,Personal Care
listerine obat kumur antiseptik fresh citrus 500 ml,45000.0,NEEDS,Kebutuhan Rumah & Mandi,Perawatan Gigi & Mulut,Personal Care
listerine obat kumur antiseptik zero 500 ml,45000.0,NEEDS,Kebutuhan Rumah & Mandi,Perawatan Gigi & Mulut,Personal Care
closeup pasta gigi multivitamin complete fresh protection 160 g,27800.0,NEEDS,Kebutuhan Rumah & Mandi,Perawatan Gigi & Mulut,Personal Care
sensodyne pasta gigi herbal 100 g,40000.0,NEEDS,Kebutuhan Rumah & Mandi,Perawatan Gigi & Mulut,Personal Care
sensodyne pasta gigi fresh mint 100 g,38000.0,NEEDS,Kebutuhan Rumah & Mandi,Perawatan Gigi & Mulut,Personal Care
sensodyne pasta gigi deep clean 100 g,40000.0,NEEDS,Kebutuhan Rumah & Mandi,Perawatan Gigi & Mulut,Personal Care
sensodyne pasta gigi cool gel 100 g,38000.0,NEEDS,Kebutuhan Rumah & Mandi,Perawatan Gigi & Mulut,Personal Care
pepsodent gum expert pasta gigi whitening 60 g,20000.0,NEEDS,Kebutuhan Rumah & Mandi,Perawatan Gigi & Mulut,Personal Care
closeup pasta gigi menthol fresh 2 x 160 g,37000.0,NEEDS,Kebutuhan Rumah & Mandi,Perawatan Gigi & Mulut,Personal Care
formula sikat gigi genio soft 3 pcs,8200.0,NEEDS,Kebutuhan Rumah & Mandi,Perawatan Gigi & Mulut,Personal Care
pepsodent complete 8 pasta gigi whitening 190 g,29400.0,NEEDS,Kebutuhan Rumah & Mandi,Perawatan Gigi & Mulut,Personal Care
closeup precision clean sikat gigi ultra soft assorted 2 pcs,27300.0,NEEDS,Kebutuhan Rumah & Mandi,Perawatan Gigi & Mulut,Personal Care
pepsodent sikat gigi gentle care soft,11200.0,NEEDS,Kebutuhan Rumah & Mandi,Perawatan Gigi & Mulut,Personal Care
pepsodent nanosoft sikat gigi sensitive soft 3 pcs,39500.0,NEEDS,Kebutuhan Rumah & Mandi,Perawatan Gigi & Mulut,Personal Care
sensodyne pasta gigi repair & protect extra fresh 100 g,51900.0,NEEDS,Kebutuhan Rumah & Mandi,Perawatan Gigi & Mulut,Personal Care
formula sikat gigi sparkling white soft 1 pcs,14500.0,NEEDS,Kebutuhan Rumah & Mandi,Perawatan Gigi & Mulut,Personal Care
alfamart tusuk gigi 75 pcs,8300.0,NEEDS,Kebutuhan Rumah & Mandi,Perawatan Gigi & Mulut,Personal Care
pepsodent action 123 pasta gigi complete 190 g,30200.0,NEEDS,Kebutuhan Rumah & Mandi,Perawatan Gigi & Mulut,Personal Care
ciptadent pasta gigi cool mint 225 g,14500.0,NEEDS,Kebutuhan Rumah & Mandi,Perawatan Gigi & Mulut,Personal Care
listerine obat kumur antiseptik cool mint 500 ml,35900.0,NEEDS,Kebutuhan Rumah & Mandi,Perawatan Gigi & Mulut,Personal Care
pepsodent sensitive expert pasta gigi complete care 60 g,20000.0,NEEDS,Kebutuhan Rumah & Mandi,Perawatan Gigi & Mulut,Personal Care
sensodyne pasta gigi repair & protect whitening 100 g,40400.0,NEEDS,Kebutuhan Rumah & Mandi,Perawatan Gigi & Mulut,Personal Care
oral-b soft & slim sikat gigi sensitif 3 pcs,34100.0,NEEDS,Kebutuhan Rumah & Mandi,Perawatan Gigi & Mulut,Personal Care
pepsodent action 123 nature essential pasta gigi charcoal 160 g,29000.0,NEEDS,Kebutuhan Rumah & Mandi,Perawatan Gigi & Mulut,Personal Care
pepsodent pasta gigi gum expert 100 g,34000.0,NEEDS,Kebutuhan Rumah & Mandi,Perawatan Gigi & Mulut,Personal Care
close up pasta gigi + sikat gigi kemasan travel size,23500.0,NEEDS,Kebutuhan Rumah & Mandi,Perawatan Gigi & Mulut,Personal Care
formula flip go sikat + pasta gigi flip go nano charcoal travel pack,22700.0,NEEDS,Kebutuhan Rumah & Mandi,Perawatan Gigi & Mulut,Personal Care
formula sikat gigi platinum protector extreme clean soft,16200.0,NEEDS,Kebutuhan Rumah & Mandi,Perawatan Gigi & Mulut,Personal Care
pepsodent sensitive expert pasta gigi original 100 g,42000.0,NEEDS,Kebutuhan Rumah & Mandi,Perawatan Gigi & Mulut,Personal Care
formula sikat gigi platinum protector extreme clean soft 3 pcs,30500.0,NEEDS,Kebutuhan Rumah & Mandi,Perawatan Gigi & Mulut,Personal Care
char mi tusuk & benang gigi 30 pcs,13900.0,NEEDS,Kebutuhan Rumah & Mandi,Perawatan Gigi & Mulut,Personal Care
char mi tusuk gigi plastik 3 x 60 s,27900.0,NEEDS,Kebutuhan Rumah & Mandi,Perawatan Gigi & Mulut,Personal Care
listerine obat kumur antiseptik multi protect sensitive 500 ml,49900.0,NEEDS,Kebutuhan Rumah & Mandi,Perawatan Gigi & Mulut,Personal Care
secret clean propolis obat kumur antiseptik orange mint 150 ml,30500.0,NEEDS,Kebutuhan Rumah & Mandi,Perawatan Gigi & Mulut,Personal Care
secret clean propolis obat kumur antiseptik peppermint 150 ml,30500.0,NEEDS,Kebutuhan Rumah & Mandi,Perawatan Gigi & Mulut,Personal Care
darlie double action pasta gigi fresh clean 2 x 225 g,59000.0,NEEDS,Kebutuhan Rumah & Mandi,Perawatan Gigi & Mulut,Personal Care
closeup wicked pink goes with green pasta gigi 95 g,24900.0,NEEDS,Kebutuhan Rumah & Mandi,Perawatan Gigi & Mulut,Personal Care
pepsodent nanosoft sikat gigi sensitive soft 2 pcs,27900.0,NEEDS,Kebutuhan Rumah & Mandi,Perawatan Gigi & Mulut,Personal Care
total care obat kumur anti bakteri cool mint 400 ml,19900.0,NEEDS,Kebutuhan Rumah & Mandi,Perawatan Gigi & Mulut,Personal Care
darlie pasta gigi charcoal charcoal clean 140 g,27300.0,NEEDS,Kebutuhan Rumah & Mandi,Perawatan Gigi & Mulut,Personal Care
darlie pasta gigi double action fresh clean 120 g,17900.0,NEEDS,Kebutuhan Rumah & Mandi,Perawatan Gigi & Mulut,Personal Care
sensodyne pasta gigi fresh mint 160 g,37900.0,NEEDS,Kebutuhan Rumah & Mandi,Perawatan Gigi & Mulut,Personal Care
oral-b sikat gigi all rounder 123 clean soft,6800.0,NEEDS,Kebutuhan Rumah & Mandi,Perawatan Gigi & Mulut,Personal Care
pepsodent action 123 pasta gigi center fresh 160 g,24500.0,NEEDS,Kebutuhan Rumah & Mandi,Perawatan Gigi & Mulut,Personal Care
pepsodent sensitive expert complete care 100 ml,30900.0,NEEDS,Kebutuhan Rumah & Mandi,Perawatan Gigi & Mulut,Personal Care
closeup white now kaolin pasta gigi pemutih 95 g,23900.0,NEEDS,Kebutuhan Rumah & Mandi,Perawatan Gigi & Mulut,Personal Care
pepsodent pencegah gigi berlubang pasta gigi fresh cool mint 190 g,12900.0,NEEDS,Kebutuhan Rumah & Mandi,Perawatan Gigi & Mulut,Personal Care
scarlett whitening extrait de parfum velvet rouge 30 ml,55900.0,WANTS,Hobi & Self-Reward,Parfum & Cologne,Personal Care
casablanca homme eau de toilette pria aqua 100 ml,28900.0,WANTS,Hobi & Self-Reward,Parfum & Cologne,Personal Care
scarlett whitening parfum wanita sweet memories 30 ml,55900.0,WANTS,Hobi & Self-Reward,Parfum & Cologne,Personal Care
pucelle cologne wanita dainty 100 ml,37400.0,WANTS,Hobi & Self-Reward,Parfum & Cologne,Personal Care
pucelle cologne wanita lucent 100 ml,37400.0,WANTS,Hobi & Self-Reward,Parfum & Cologne,Personal Care
vitalis men parfum pria morning run 100 ml,30900.0,WANTS,Hobi & Self-Reward,Parfum & Cologne,Personal Care
gatsby white up eau de toilette pria sky reflection 50 ml,35400.0,WANTS,Hobi & Self-Reward,Parfum & Cologne,Personal Care
gatsby white up eau de toilette pria blanc wood 50 ml,35400.0,WANTS,Hobi & Self-Reward,Parfum & Cologne,Personal Care
romano eau de toilette pria grandiose 100 ml,56500.0,WANTS,Hobi & Self-Reward,Parfum & Cologne,Personal Care
morris parfum pria aquatic black edition 100 ml,48900.0,WANTS,Hobi & Self-Reward,Parfum & Cologne,Personal Care
eversense extrait de parfum wanita purple hibiscus 30 ml,47900.0,WANTS,Hobi & Self-Reward,Parfum & Cologne,Personal Care
eversense extrait de parfum wanita pink lotus 30 ml,47900.0,WANTS,Hobi & Self-Reward,Parfum & Cologne,Personal Care
scarlett extrait de parfum sahara mirage 30 ml,59900.0,WANTS,Hobi & Self-Reward,Parfum & Cologne,Personal Care
pinkberry intense edition extrait de parfum discovery set 3 x 10 ml,69900.0,WANTS,Hobi & Self-Reward,Parfum & Cologne,Personal Care
morris parfum wanita travel edition paris 100 ml,29000.0,WANTS,Hobi & Self-Reward,Parfum & Cologne,Personal Care
kahf eau de toilette pria revered oud 35 ml,72000.0,WANTS,Hobi & Self-Reward,Parfum & Cologne,Personal Care
kahf eau de toilette pria humbling forest 35 ml,72000.0,WANTS,Hobi & Self-Reward,Parfum & Cologne,Personal Care
kahf eau de toilette pria invigorating waterfall 35 ml,72000.0,WANTS,Hobi & Self-Reward,Parfum & Cologne,Personal Care
kahf eau de toilette pria true brotherhood 35 ml,72000.0,WANTS,Hobi & Self-Reward,Parfum & Cologne,Personal Care
implora zodiac series parfum wanita aquarius 30 ml,25000.0,WANTS,Hobi & Self-Reward,Parfum & Cologne,Personal Care
implora zodiac series parfum pria aries 30 ml,25000.0,WANTS,Hobi & Self-Reward,Parfum & Cologne,Personal Care
implora zodiac series parfum wanita gemini 30 ml,25000.0,WANTS,Hobi & Self-Reward,Parfum & Cologne,Personal Care
implora zodiac series parfum pria leo 30 ml,25000.0,WANTS,Hobi & Self-Reward,Parfum & Cologne,Personal Care
implora zodiac series parfum wanita pisces 30 ml,25000.0,WANTS,Hobi & Self-Reward,Parfum & Cologne,Personal Care
implora zodiac series parfum pria taurus 30 ml,25000.0,WANTS,Hobi & Self-Reward,Parfum & Cologne,Personal Care
implora zodiac series parfum wanita virgo 30 ml,25000.0,WANTS,Hobi & Self-Reward,Parfum & Cologne,Personal Care
implora zodiac series parfum unisex cancer 30 ml,25000.0,WANTS,Hobi & Self-Reward,Parfum & Cologne,Personal Care
implora zodiac series parfum pria capricorn 30 ml,25000.0,WANTS,Hobi & Self-Reward,Parfum & Cologne,Personal Care
implora zodiac series parfum wanita libra 30 ml,25000.0,WANTS,Hobi & Self-Reward,Parfum & Cologne,Personal Care
implora zodiac series parfum unisex sagitarius 30 ml,25000.0,WANTS,Hobi & Self-Reward,Parfum & Cologne,Personal Care
implora zodiac series parfum pria scorpio 30 ml,25000.0,WANTS,Hobi & Self-Reward,Parfum & Cologne,Personal Care
pinkberry intense edition extrait de parfum wanita come back stronger 50 ml,115000.0,WANTS,Hobi & Self-Reward,Parfum & Cologne,Personal Care
pinkberry intense edition extrait de parfum wanita lady luck 50 ml,115000.0,WANTS,Hobi & Self-Reward,Parfum & Cologne,Personal Care
pinkberry intense edition extrait de parfum unisex memento 50 ml,115000.0,WANTS,Hobi & Self-Reward,Parfum & Cologne,Personal Care
elvicto extrait de parfum pria beach club 35 ml,99900.0,WANTS,Hobi & Self-Reward,Parfum & Cologne,Personal Care
elvicto extrait de parfum pria escobar 35 ml,99900.0,WANTS,Hobi & Self-Reward,Parfum & Cologne,Personal Care
elvicto extrait de parfum pria suit & tie 35 ml,99900.0,WANTS,Hobi & Self-Reward,Parfum & Cologne,Personal Care
elvicto extrait de parfum pria xtrovert 35 ml,99900.0,WANTS,Hobi & Self-Reward,Parfum & Cologne,Personal Care
crusita extrait de parfum scandal 50 ml,175000.0,WANTS,Hobi & Self-Reward,Parfum & Cologne,Personal Care
crusita extrait de parfum pria gentlemen 50 ml,162000.0,WANTS,Hobi & Self-Reward,Parfum & Cologne,Personal Care
crusita extrait de parfum es teh manis 50 ml,185000.0,WANTS,Hobi & Self-Reward,Parfum & Cologne,Personal Care
morris frosted edition eau de parfume eternal glacier 100 ml,29000.0,WANTS,Hobi & Self-Reward,Parfum & Cologne,Personal Care
morris black edition eau de parfume n-33 aromatic 100 ml,35000.0,WANTS,Hobi & Self-Reward,Parfum & Cologne,Personal Care
aoera eau de parfum prestige 50 ml,125000.0,WANTS,Hobi & Self-Reward,Parfum & Cologne,Personal Care
aoera eau de parfum pretty 50 ml,149000.0,WANTS,Hobi & Self-Reward,Parfum & Cologne,Personal Care
aoera eau de parfum royale 50 ml,125000.0,WANTS,Hobi & Self-Reward,Parfum & Cologne,Personal Care
scarlett parfum wanita passionate 30 ml,62900.0,WANTS,Hobi & Self-Reward,Parfum & Cologne,Personal Care
scarlett parfum wanita euphoria 30 ml,62900.0,WANTS,Hobi & Self-Reward,Parfum & Cologne,Personal Care
fres & natural eau de toilette wanita song of spring 100 ml,30500.0,WANTS,Hobi & Self-Reward,Parfum & Cologne,Personal Care
fres & natural dessert collection body mist wanita pink cupcake 100 ml,14600.0,WANTS,Hobi & Self-Reward,Parfum & Cologne,Personal Care
posh hijab chic body spray wanita green blossom 150 ml,18900.0,WANTS,Hobi & Self-Reward,Parfum & Cologne,Personal Care
casablanca homme body mist cologne parfum aqua 100 ml,13900.0,WANTS,Hobi & Self-Reward,Parfum & Cologne,Personal Care
casablanca femme body mist cologne wanita romantic 100 ml,17900.0,WANTS,Hobi & Self-Reward,Parfum & Cologne,Personal Care
casablanca femme eau de toilette wanita pure 100 ml,24900.0,WANTS,Hobi & Self-Reward,Parfum & Cologne,Personal Care
regazza femme eau de toilette wanita glow 50 ml,26900.0,WANTS,Hobi & Self-Reward,Parfum & Cologne,Personal Care
regazza femme eau de toilette wanita passionate 50 ml,26900.0,WANTS,Hobi & Self-Reward,Parfum & Cologne,Personal Care
evangeline extrait de parfum sweet lychee 100 ml,64900.0,WANTS,Hobi & Self-Reward,Parfum & Cologne,Personal Care
eskulin eau de parfum twilight amour 30 ml,31500.0,WANTS,Hobi & Self-Reward,Parfum & Cologne,Personal Care
braven code parfum pria oud wood 100 ml,40500.0,WANTS,Hobi & Self-Reward,Parfum & Cologne,Personal Care
gatsby blue parfum pria air code 75 ml,37900.0,WANTS,Hobi & Self-Reward,Parfum & Cologne,Personal Care
bellagio homme eau de toilette pria rave culture 100 ml,41900.0,WANTS,Hobi & Self-Reward,Parfum & Cologne,Personal Care
fres & natural hijab refresh body mist wanita cotton dreams 100 ml,14600.0,WANTS,Hobi & Self-Reward,Parfum & Cologne,Personal Care
napoleon eau de toilette pria nero 100 ml,62900.0,WANTS,Hobi & Self-Reward,Parfum & Cologne,Personal Care
vitalis parfum wanita eau de royale couture 50 ml,49900.0,WANTS,Hobi & Self-Reward,Parfum & Cologne,Personal Care
posh men perfumed body spray pria ice cool aqua frost 150 ml,18900.0,WANTS,Hobi & Self-Reward,Parfum & Cologne,Personal Care
hose x one piece parfum pria blue supreme assorted 50 ml,34900.0,WANTS,Hobi & Self-Reward,Parfum & Cologne,Personal Care
marina body spray wanita let's talk 150 ml,20000.0,WANTS,Hobi & Self-Reward,Parfum & Cologne,Personal Care
bellagio eau de parfum pria prestige collection black shadow 50 ml,31500.0,WANTS,Hobi & Self-Reward,Parfum & Cologne,Personal Care
bellagio eau de parfum pria prestige collection darker blue 50 ml,31500.0,WANTS,Hobi & Self-Reward,Parfum & Cologne,Personal Care
fres & natural bt21 body mist wanita persona blush 100 ml,14600.0,WANTS,Hobi & Self-Reward,Parfum & Cologne,Personal Care
posh men parfum pria red bullet 100 ml,30000.0,WANTS,Hobi & Self-Reward,Parfum & Cologne,Personal Care
pinkberry parfum wanita wild berry 50 ml,43900.0,WANTS,Hobi & Self-Reward,Parfum & Cologne,Personal Care
pinkberry parfum wanita dream 50 ml,32400.0,WANTS,Hobi & Self-Reward,Parfum & Cologne,Personal Care
hose parfum pria blue 50 ml,33900.0,WANTS,Hobi & Self-Reward,Parfum & Cologne,Personal Care
hose parfum pria grey santal 50 ml,42900.0,WANTS,Hobi & Self-Reward,Parfum & Cologne,Personal Care
hose x one piece parfum pria black oud assorted 50 ml,44200.0,WANTS,Hobi & Self-Reward,Parfum & Cologne,Personal Care
hose x one piece parfum pria grey assorted 50 ml,43900.0,WANTS,Hobi & Self-Reward,Parfum & Cologne,Personal Care
pinkberry parfum wanita wild blush 50 ml,43900.0,WANTS,Hobi & Self-Reward,Parfum & Cologne,Personal Care
hose parfum pria coco woud 50 ml,43900.0,WANTS,Hobi & Self-Reward,Parfum & Cologne,Personal Care
bizarre parfum wanita chic haute 50 ml,37400.0,WANTS,Hobi & Self-Reward,Parfum & Cologne,Personal Care
fres & natural hijab refresh body mist wanita midnight secret 100 ml,14600.0,WANTS,Hobi & Self-Reward,Parfum & Cologne,Personal Care
posh men body spray pria cool blue 150 ml,18900.0,WANTS,Hobi & Self-Reward,Parfum & Cologne,Personal Care
scarlett whitening parfum wanita dreamy 30 ml,55900.0,WANTS,Hobi & Self-Reward,Parfum & Cologne,Personal Care
posh hijab chic body spray wanita purple wish 150 ml,18900.0,WANTS,Hobi & Self-Reward,Parfum & Cologne,Personal Care
scarlett extrait de parfum tea amor parfum wanita 30 ml,55900.0,WANTS,Hobi & Self-Reward,Parfum & Cologne,Personal Care
vitalis eau de parfum extra bloom 50 ml,33500.0,WANTS,Hobi & Self-Reward,Parfum & Cologne,Personal Care
eversense celestial shell extrait de parfume 30 ml,42900.0,WANTS,Hobi & Self-Reward,Parfum & Cologne,Personal Care
eversense extrait de parfum royal allure 30 ml,42700.0,WANTS,Hobi & Self-Reward,Parfum & Cologne,Personal Care
morris parfum pria woody black edition 100 ml,39500.0,WANTS,Hobi & Self-Reward,Parfum & Cologne,Personal Care
morris parfum wanita glam midnight love 100 ml,35500.0,WANTS,Hobi & Self-Reward,Parfum & Cologne,Personal Care
morris lifestyle edition parfum pria creative 100 ml,34400.0,WANTS,Hobi & Self-Reward,Parfum & Cologne,Personal Care
morris lifestyle edition parfum pria metropolis 100 ml,44500.0,WANTS,Hobi & Self-Reward,Parfum & Cologne,Personal Care
evangeline premium parfum wanita baby powder 100 ml,37500.0,WANTS,Hobi & Self-Reward,Parfum & Cologne,Personal Care
morris white edition parfum pria fresh 100 ml,40700.0,WANTS,Hobi & Self-Reward,Parfum & Cologne,Personal Care
xchange extrait de parfum noir absolute 50 ml,49900.0,WANTS,Hobi & Self-Reward,Parfum & Cologne,Personal Care
evangeline parfum wanita black sakura 100 ml,37500.0,WANTS,Hobi & Self-Reward,Parfum & Cologne,Personal Care
morris tropical edition parfum wanita romance 110 ml,34700.0,WANTS,Hobi & Self-Reward,Parfum & Cologne,Personal Care
xchange extrait de parfum aqua myth 50 ml,43400.0,WANTS,Hobi & Self-Reward,Parfum & Cologne,Personal Care
gatsby bold parfum pria star code 75 ml,37900.0,WANTS,Hobi & Self-Reward,Parfum & Cologne,Personal Care
bellagio homme parfum pria rave culture 50 ml,26900.0,WANTS,Hobi & Self-Reward,Parfum & Cologne,Personal Care
evangeline parfum wanita black vanilla 100 ml,37500.0,WANTS,Hobi & Self-Reward,Parfum & Cologne,Personal Care
casablanca femme eau de toilette wanita romantic 100 ml,26900.0,WANTS,Hobi & Self-Reward,Parfum & Cologne,Personal Care
nco by hanasui parfum wanita bloomique 100 ml,33500.0,WANTS,Hobi & Self-Reward,Parfum & Cologne,Personal Care
vitalis eau de parfum glam slay 50 ml,29900.0,WANTS,Hobi & Self-Reward,Parfum & Cologne,Personal Care
zwitsal body mist dewasa 100 ml,22000.0,WANTS,Hobi & Self-Reward,Parfum & Cologne,Personal Care
fres & natural bt21 body mist wanita love yourself 100 ml,11800.0,WANTS,Hobi & Self-Reward,Parfum & Cologne,Personal Care
romano cologne pria force 100 ml,57000.0,WANTS,Hobi & Self-Reward,Parfum & Cologne,Personal Care
scarlett parfum wanita euphoria 30 ml,62900.0,WANTS,Hobi & Self-Reward,Parfum & Cologne,Personal Care
napoleon parfum pria navy 65 ml,39500.0,WANTS,Hobi & Self-Reward,Parfum & Cologne,Personal Care
marina eau de toilette wanita fresh sparkle 150 ml,22500.0,WANTS,Hobi & Self-Reward,Parfum & Cologne,Personal Care
pinkberry parfum wanita twinkle 50 ml,51900.0,WANTS,Hobi & Self-Reward,Parfum & Cologne,Personal Care
pinkberry parfum wanita wild dream 50 ml,42900.0,WANTS,Hobi & Self-Reward,Parfum & Cologne,Personal Care
pinkberry parfum wanita spring waltz 50 ml,30900.0,WANTS,Hobi & Self-Reward,Parfum & Cologne,Personal Care
nco by hanasui eau de parfum wanita amethyst 100 ml,33500.0,WANTS,Hobi & Self-Reward,Parfum & Cologne,Personal Care
vitalis body scent wanita bizarre 120 ml,19900.0,WANTS,Hobi & Self-Reward,Parfum & Cologne,Personal Care
pucelle parfum wanita the stuner 50 ml,34500.0,WANTS,Hobi & Self-Reward,Parfum & Cologne,Personal Care
pinkberry parfum wanita mermaid tears 50 ml,30500.0,WANTS,Hobi & Self-Reward,Parfum & Cologne,Personal Care
posh men body spray pria red extreme 150 ml,18900.0,WANTS,Hobi & Self-Reward,Parfum & Cologne,Personal Care
bellagio homme eau de toilette pria sport blu 100 ml,34900.0,WANTS,Hobi & Self-Reward,Parfum & Cologne,Personal Care
romano eau de toilette parfum saku pria force 18 ml,12200.0,WANTS,Hobi & Self-Reward,Parfum & Cologne,Personal Care
regazza femme parfum wanita fascinating 50 ml,34500.0,WANTS,Hobi & Self-Reward,Parfum & Cologne,Personal Care
evangeline parfum wanita red sakura 100 ml,37500.0,WANTS,Hobi & Self-Reward,Parfum & Cologne,Personal Care
morris frosted edition parfum wanita n-26 rose vanilla 100 ml,35000.0,WANTS,Hobi & Self-Reward,Parfum & Cologne,Personal Care
scarlett whitening extrait parfum golden elixir 30 ml,55900.0,WANTS,Hobi & Self-Reward,Parfum & Cologne,Personal Care
evangeline parfum wanita black musk 100 ml,37500.0,WANTS,Hobi & Self-Reward,Parfum & Cologne,Personal Care
braven code parfum pria cool water 100 ml,40500.0,WANTS,Hobi & Self-Reward,Parfum & Cologne,Personal Care
morris parfum wanita pure romantic 100 ml,42900.0,WANTS,Hobi & Self-Reward,Parfum & Cologne,Personal Care
evangeline parfum wanita white musk 100 ml,35500.0,WANTS,Hobi & Self-Reward,Parfum & Cologne,Personal Care
morris eau de parfum smoothie pink 100 ml,48500.0,WANTS,Hobi & Self-Reward,Parfum & Cologne,Personal Care
pucelle eau de luxe parfum wanita the sigma 50 ml,34500.0,WANTS,Hobi & Self-Reward,Parfum & Cologne,Personal Care
pinkberry parfum wanita starry night 50 ml,30500.0,WANTS,Hobi & Self-Reward,Parfum & Cologne,Personal Care
scarlett extrait de parfum pistachio crush parfum wanita 30 ml,55900.0,WANTS,Hobi & Self-Reward,Parfum & Cologne,Personal Care
braven extreme extrait de parfum pria aqua 100 ml,62900.0,WANTS,Hobi & Self-Reward,Parfum & Cologne,Personal Care
scarlett parfum wanita la foret fairy 30 ml,55900.0,WANTS,Hobi & Self-Reward,Parfum & Cologne,Personal Care
axe parfum saku pria dark temptation 17 ml,4900.0,WANTS,Hobi & Self-Reward,Parfum & Cologne,Personal Care
fres & natural bt21 body mist yellow in luv 100 ml,11500.0,WANTS,Hobi & Self-Reward,Parfum & Cologne,Personal Care
dulcolax obat pencahar 10 tablet,24300.0,NEEDS,Kebutuhan Rumah & Mandi,Obat-Obatan,Kebutuhan Kesehatan
vicks formula 44 obat batuk cair 54 ml,24000.0,NEEDS,Kebutuhan Rumah & Mandi,Obat-Obatan,Kebutuhan Kesehatan
autan lotion anti nyamuk sakura tube 50 ml,7900.0,NEEDS,Kebutuhan Rumah & Mandi,Obat-Obatan,Kebutuhan Kesehatan
entrostop obat diare 10 tablet,10500.0,NEEDS,Kebutuhan Rumah & Mandi,Obat-Obatan,Kebutuhan Kesehatan
ob herbal obat batuk cair sachet 15 ml,3400.0,NEEDS,Kebutuhan Rumah & Mandi,Obat-Obatan,Kebutuhan Kesehatan
termorex plus obat batuk & flu anak cair rasa jeruk 60 ml,23300.0,NEEDS,Kebutuhan Rumah & Mandi,Obat-Obatan,Kebutuhan Kesehatan
insto regular obat tetes mata 7.5 ml,15900.0,NEEDS,Kebutuhan Rumah & Mandi,Obat-Obatan,Kebutuhan Kesehatan
konidin obat batuk strip 4 tablet,3000.0,NEEDS,Kebutuhan Rumah & Mandi,Obat-Obatan,Kebutuhan Kesehatan
vicks vaporub obat gosok pereda flu original 25 g,23300.0,NEEDS,Kebutuhan Rumah & Mandi,Obat-Obatan,Kebutuhan Kesehatan
sidomuncul tolak angin flu obat herbal masuk angin cair sachet 5 x 15 ml,26400.0,NEEDS,Kebutuhan Rumah & Mandi,Obat-Obatan,Kebutuhan Kesehatan
mylanta obat maag 10 tablet kunyah,10900.0,NEEDS,Kebutuhan Rumah & Mandi,Obat-Obatan,Kebutuhan Kesehatan
autan lotion anti nyamuk jeruk dan lemon tube 50 ml,13800.0,NEEDS,Kebutuhan Rumah & Mandi,Obat-Obatan,Kebutuhan Kesehatan
freshcare press & relax minyak angin aromaterapi strong 10 ml,17100.0,NEEDS,Kebutuhan Rumah & Mandi,Obat-Obatan,Kebutuhan Kesehatan
microlax gel obat pencahar tube 5 ml,25900.0,NEEDS,Kebutuhan Rumah & Mandi,Obat-Obatan,Kebutuhan Kesehatan
panadol obat flu & batuk 10 kaplet,19500.0,NEEDS,Kebutuhan Rumah & Mandi,Obat-Obatan,Kebutuhan Kesehatan
cap lang gpu minyak urut sereh 60 ml,24400.0,NEEDS,Kebutuhan Rumah & Mandi,Obat-Obatan,Kebutuhan Kesehatan
freshcare minyak angin aromaterapi roll on lavender 10 ml,16700.0,NEEDS,Kebutuhan Rumah & Mandi,Obat-Obatan,Kebutuhan Kesehatan
panadol extra obat sakit kepala 10 kaplet,15000.0,NEEDS,Kebutuhan Rumah & Mandi,Obat-Obatan,Kebutuhan Kesehatan
hot in cream krim pereda nyeri otot tube 60 g,27400.0,NEEDS,Kebutuhan Rumah & Mandi,Obat-Obatan,Kebutuhan Kesehatan
soffell lotion anti nyamuk korean summer botol 60 g,9900.0,NEEDS,Kebutuhan Rumah & Mandi,Obat-Obatan,Kebutuhan Kesehatan
mylanta obat maag cair 50 ml,19900.0,NEEDS,Kebutuhan Rumah & Mandi,Obat-Obatan,Kebutuhan Kesehatan
vfresh minyak angin aromaterapi roll on hot 8 ml,15200.0,NEEDS,Kebutuhan Rumah & Mandi,Obat-Obatan,Kebutuhan Kesehatan
hansaplast koyo panas resealable 10 s,11600.0,NEEDS,Kebutuhan Rumah & Mandi,Obat-Obatan,Kebutuhan Kesehatan
polysilane suspensi obat maag & kembung 100 ml,28900.0,NEEDS,Kebutuhan Rumah & Mandi,Obat-Obatan,Kebutuhan Kesehatan
bejo obat herbal masuk angin cair jahe merah sachet 6 x 15 ml,15500.0,NEEDS,Kebutuhan Rumah & Mandi,Obat-Obatan,Kebutuhan Kesehatan
ob combi obat batuk berdahak cair mentol 100 ml,20200.0,NEEDS,Kebutuhan Rumah & Mandi,Obat-Obatan,Kebutuhan Kesehatan
ob combi obat batuk berdahak cair mentol sachet 5 x 7.5 ml,4000.0,NEEDS,Kebutuhan Rumah & Mandi,Obat-Obatan,Kebutuhan Kesehatan
tresno joyo tj joybee madu multivitamin anak jeruk 100 ml,19900.0,NEEDS,Kebutuhan Rumah & Mandi,Obat-Obatan,Kebutuhan Kesehatan
antangin jrg obat herbal masuk angin cair sachet 5 x 15 ml,23800.0,NEEDS,Kebutuhan Rumah & Mandi,Obat-Obatan,Kebutuhan Kesehatan
antangin jrg obat masuk angin strip 4 tablet,5800.0,NEEDS,Kebutuhan Rumah & Mandi,Obat-Obatan,Kebutuhan Kesehatan
antangin jrg obat herbal masuk angin cair sachet 15 ml,5600.0,NEEDS,Kebutuhan Rumah & Mandi,Obat-Obatan,Kebutuhan Kesehatan
ob herbal obat batuk cair 60 ml,22500.0,NEEDS,Kebutuhan Rumah & Mandi,Obat-Obatan,Kebutuhan Kesehatan
obh combi herbal obat batuk berdahak 60 ml,16900.0,NEEDS,Kebutuhan Rumah & Mandi,Obat-Obatan,Kebutuhan Kesehatan
tresno joyo tj joybee grow emulsion multivitamin nafsu makan anak jeruk 200 ml,25700.0,NEEDS,Kebutuhan Rumah & Mandi,Obat-Obatan,Kebutuhan Kesehatan
komix herbal obat batuk cair original sachet 4 x 15 ml,12400.0,NEEDS,Kebutuhan Rumah & Mandi,Obat-Obatan,Kebutuhan Kesehatan
safe care minyak angin aromaterapi roll on 10 ml,23200.0,NEEDS,Kebutuhan Rumah & Mandi,Obat-Obatan,Kebutuhan Kesehatan
freshcare minyak angin kayu putih roll on 10 ml,16900.0,NEEDS,Kebutuhan Rumah & Mandi,Obat-Obatan,Kebutuhan Kesehatan
kalpanax salep kulit anti jamur pot 6 g,14200.0,NEEDS,Kebutuhan Rumah & Mandi,Obat-Obatan,Kebutuhan Kesehatan
cap lang minyak kayu putih 30 ml,15500.0,NEEDS,Kebutuhan Rumah & Mandi,Obat-Obatan,Kebutuhan Kesehatan
sidomuncul tolak angin obat herbal masuk angin cair sachet 5 x 15 ml,24800.0,NEEDS,Kebutuhan Rumah & Mandi,Obat-Obatan,Kebutuhan Kesehatan
byebye-fever plester kompres demam bayi 1 s,9700.0,NEEDS,Kebutuhan Rumah & Mandi,Obat-Obatan,Kebutuhan Kesehatan
vegeta herbal minuman sari serat alami aroma anggur merah 5 g,4100.0,NEEDS,Kebutuhan Rumah & Mandi,Obat-Obatan,Kebutuhan Kesehatan
koolfever plester kompres demam bayi 1 s,7400.0,NEEDS,Kebutuhan Rumah & Mandi,Obat-Obatan,Kebutuhan Kesehatan
freshcare minyak angin aromaterapi smash double inhaler + roll on matcha 8 ml,16800.0,NEEDS,Kebutuhan Rumah & Mandi,Obat-Obatan,Kebutuhan Kesehatan
paramex obat sakit kepala strip 4 tablet,3500.0,NEEDS,Kebutuhan Rumah & Mandi,Obat-Obatan,Kebutuhan Kesehatan
salonpas koyo pereda nyeri 10 s,9900.0,NEEDS,Kebutuhan Rumah & Mandi,Obat-Obatan,Kebutuhan Kesehatan
koolfever plester kompres demam anak 1 s,10800.0,NEEDS,Kebutuhan Rumah & Mandi,Obat-Obatan,Kebutuhan Kesehatan
cap lang minyak kayu putih roll on 15 ml,9900.0,NEEDS,Kebutuhan Rumah & Mandi,Obat-Obatan,Kebutuhan Kesehatan
cap lang minyak kayu putih bayi plus chamomile 60 ml,18900.0,NEEDS,Kebutuhan Rumah & Mandi,Obat-Obatan,Kebutuhan Kesehatan
sidomuncul tolak angin obat herbal masuk angin cair anak sachet 10 ml,4900.0,NEEDS,Kebutuhan Rumah & Mandi,Obat-Obatan,Kebutuhan Kesehatan
freshcare vapobalm balsem & double inhaler matcha 10 g,16500.0,NEEDS,Kebutuhan Rumah & Mandi,Obat-Obatan,Kebutuhan Kesehatan
byebye-fever plester kompres demam anak 1 s,13600.0,NEEDS,Kebutuhan Rumah & Mandi,Obat-Obatan,Kebutuhan Kesehatan
antangin junior obat herbal masuk angin cair 1 pcs,4200.0,NEEDS,Kebutuhan Rumah & Mandi,Obat-Obatan,Kebutuhan Kesehatan
freshcare minyak angin aromaterapi roll on strong 15 + 5 ml,21700.0,NEEDS,Kebutuhan Rumah & Mandi,Obat-Obatan,Kebutuhan Kesehatan
panadol paracetamol obat sakit kepala 10 kaplet,13500.0,NEEDS,Kebutuhan Rumah & Mandi,Obat-Obatan,Kebutuhan Kesehatan
freshcare minyak angin aromaterapi smash double inhaler + roll on fruity 8 ml,16500.0,NEEDS,Kebutuhan Rumah & Mandi,Obat-Obatan,Kebutuhan Kesehatan
freshcare minyak angin aromaterapi roll on strong 10 ml,16800.0,NEEDS,Kebutuhan Rumah & Mandi,Obat-Obatan,Kebutuhan Kesehatan
cap lang minyak kayu putih 60 ml,27900.0,NEEDS,Kebutuhan Rumah & Mandi,Obat-Obatan,Kebutuhan Kesehatan
neozep forte obat flu strip 4 tablet,3500.0,NEEDS,Kebutuhan Rumah & Mandi,Obat-Obatan,Kebutuhan Kesehatan
salonpas extra hot koyo pereda nyeri 10 s,9900.0,NEEDS,Kebutuhan Rumah & Mandi,Obat-Obatan,Kebutuhan Kesehatan
promag obat maag & kembung mint segar 10 tablet kunyah,11200.0,NEEDS,Kebutuhan Rumah & Mandi,Obat-Obatan,Kebutuhan Kesehatan
sidomuncul esemag obat gangguan lambung 10 ml,2700.0,NEEDS,Kebutuhan Rumah & Mandi,Obat-Obatan,Kebutuhan Kesehatan
obh combi anak obat batuk & flu cair stroberi 60 ml,19200.0,NEEDS,Kebutuhan Rumah & Mandi,Obat-Obatan,Kebutuhan Kesehatan
freshcare minyak angin aromaterapi smash double inhaler + roll on 8 ml,16700.0,NEEDS,Kebutuhan Rumah & Mandi,Obat-Obatan,Kebutuhan Kesehatan
salonpas koyo pereda nyeri 20 lembar,16800.0,NEEDS,Kebutuhan Rumah & Mandi,Obat-Obatan,Kebutuhan Kesehatan
cap lang minyak kayu putih plus 30 ml,16000.0,NEEDS,Kebutuhan Rumah & Mandi,Obat-Obatan,Kebutuhan Kesehatan
mixagrip obat flu & batuk strip 4 kaplet,4300.0,NEEDS,Kebutuhan Rumah & Mandi,Obat-Obatan,Kebutuhan Kesehatan
antimo obat anti mabuk perjalanan strip 10 tablet,7000.0,NEEDS,Kebutuhan Rumah & Mandi,Obat-Obatan,Kebutuhan Kesehatan
cap lang minyak kayu putih bayi plus lavender 60 ml,18900.0,NEEDS,Kebutuhan Rumah & Mandi,Obat-Obatan,Kebutuhan Kesehatan
tempra paracetamol obat penurun demam cair anak rasa anggur 30 ml,25000.0,NEEDS,Kebutuhan Rumah & Mandi,Obat-Obatan,Kebutuhan Kesehatan
komix herbal obat batuk cair original sachet 15 ml,3000.0,NEEDS,Kebutuhan Rumah & Mandi,Obat-Obatan,Kebutuhan Kesehatan
cap lang gpu minyak urut sereh 30 ml,15000.0,NEEDS,Kebutuhan Rumah & Mandi,Obat-Obatan,Kebutuhan Kesehatan
so fresh minyak angin aromaterapi roll on hot 2 x 10 ml,11900.0,NEEDS,Kebutuhan Rumah & Mandi,Obat-Obatan,Kebutuhan Kesehatan
cap lang minyak kayu putih eucalyptus aromaterapi lavender 60 ml,32500.0,NEEDS,Kebutuhan Rumah & Mandi,Obat-Obatan,Kebutuhan Kesehatan
cap lang minyak kayu putih 120 ml,55600.0,NEEDS,Kebutuhan Rumah & Mandi,Obat-Obatan,Kebutuhan Kesehatan
sakatonik abc vitamin anak alfabet stroberi 24 tablet,25400.0,NEEDS,Kebutuhan Rumah & Mandi,Obat-Obatan,Kebutuhan Kesehatan
procold obat flu dan batuk 6 kaplet,7200.0,NEEDS,Kebutuhan Rumah & Mandi,Obat-Obatan,Kebutuhan Kesehatan
diapet obat diare 10 kapsul,9700.0,NEEDS,Kebutuhan Rumah & Mandi,Obat-Obatan,Kebutuhan Kesehatan
oskadon obat sakit kepala strip 4 tablet,1700.0,NEEDS,Kebutuhan Rumah & Mandi,Obat-Obatan,Kebutuhan Kesehatan
decolgen pe obat flu & sakit kepala strip 4 tablet,2800.0,NEEDS,Kebutuhan Rumah & Mandi,Obat-Obatan,Kebutuhan Kesehatan
salonpas hot koyo pereda nyeri 10 s,8000.0,NEEDS,Kebutuhan Rumah & Mandi,Obat-Obatan,Kebutuhan Kesehatan
bodrex obat sakit kepala 20 tablet,10000.0,NEEDS,Kebutuhan Rumah & Mandi,Obat-Obatan,Kebutuhan Kesehatan
freshcare minyak angin aromaterapi roll on citrus 10 ml,16800.0,NEEDS,Kebutuhan Rumah & Mandi,Obat-Obatan,Kebutuhan Kesehatan
laxing obat pencahar melancarkan buang air besar 10 kapsul,14600.0,NEEDS,Kebutuhan Rumah & Mandi,Obat-Obatan,Kebutuhan Kesehatan
bejo obat herbal masuk angin cair jahe merah sachet 15 ml,3900.0,NEEDS,Kebutuhan Rumah & Mandi,Obat-Obatan,Kebutuhan Kesehatan
geliga balsem otot 20 g,13800.0,NEEDS,Kebutuhan Rumah & Mandi,Obat-Obatan,Kebutuhan Kesehatan
imboost kids suplemen daya tahan tubuh anak sirup 45 ml,18600.0,NEEDS,Kebutuhan Rumah & Mandi,Obat-Obatan,Kebutuhan Kesehatan
polysilane obat maag & kembung mint strip 8 tablet kunyah,10500.0,NEEDS,Kebutuhan Rumah & Mandi,Obat-Obatan,Kebutuhan Kesehatan
promag herbal obat gangguan lambung cair box isi 6 x 15 ml,17500.0,NEEDS,Kebutuhan Rumah & Mandi,Obat-Obatan,Kebutuhan Kesehatan
caladine lotion obat anti gatal 60 ml,22800.0,NEEDS,Kebutuhan Rumah & Mandi,Obat-Obatan,Kebutuhan Kesehatan
cap lang minyak kayu putih eucalyptus aromaterapi original 60 ml,32500.0,NEEDS,Kebutuhan Rumah & Mandi,Obat-Obatan,Kebutuhan Kesehatan
sakatonik abc curcuma madu vitamin penambah nafsu makan anak 24 tablet hisap,30000.0,NEEDS,Kebutuhan Rumah & Mandi,Obat-Obatan,Kebutuhan Kesehatan
vicks vaporub obat gosok pereda flu original 10 g,10000.0,NEEDS,Kebutuhan Rumah & Mandi,Obat-Obatan,Kebutuhan Kesehatan
cap lang minyak kayu putih eucalyptus aromaterapi lavender 30 ml,15900.0,NEEDS,Kebutuhan Rumah & Mandi,Obat-Obatan,Kebutuhan Kesehatan
procold obat flu 6 kaplet,5900.0,NEEDS,Kebutuhan Rumah & Mandi,Obat-Obatan,Kebutuhan Kesehatan
obh combi obat batuk flu menthol 100 ml,24500.0,NEEDS,Kebutuhan Rumah & Mandi,Obat-Obatan,Kebutuhan Kesehatan
promag suspensi obat maag & kembung mint segar sachet 10 ml,3100.0,NEEDS,Kebutuhan Rumah & Mandi,Obat-Obatan,Kebutuhan Kesehatan
mixagrip obat flu strip 4 kaplet,3900.0,NEEDS,Kebutuhan Rumah & Mandi,Obat-Obatan,Kebutuhan Kesehatan
cap lang inhaler pelega hidung tersumbat,11000.0,NEEDS,Kebutuhan Rumah & Mandi,Obat-Obatan,Kebutuhan Kesehatan
komix obh obat batuk berdahak & pilek cair sachet 6 x 7 ml,12500.0,NEEDS,Kebutuhan Rumah & Mandi,Obat-Obatan,Kebutuhan Kesehatan
imboost cough obat batuk cair rasa mint 60 ml,29900.0,NEEDS,Kebutuhan Rumah & Mandi,Obat-Obatan,Kebutuhan Kesehatan
insto dry eyes obat tetes mata 7.5 ml,18900.0,NEEDS,Kebutuhan Rumah & Mandi,Obat-Obatan,Kebutuhan Kesehatan
siladex obat batuk berdahak cair 60 ml,20300.0,NEEDS,Kebutuhan Rumah & Mandi,Obat-Obatan,Kebutuhan Kesehatan
hot in cream pereda nyeri otot strong tube 60 g,27400.0,NEEDS,Kebutuhan Rumah & Mandi,Obat-Obatan,Kebutuhan Kesehatan
neo rheumacyl neuro obat pereda nyeri 10 tablet,11400.0,NEEDS,Kebutuhan Rumah & Mandi,Obat-Obatan,Kebutuhan Kesehatan
freshcare minyak angin aromaterapi roll on splash fruity 10 ml,17700.0,NEEDS,Kebutuhan Rumah & Mandi,Obat-Obatan,Kebutuhan Kesehatan
vidoran gummy nutri multivitamin anak 54 g,12900.0,NEEDS,Kebutuhan Rumah & Mandi,Obat-Obatan,Kebutuhan Kesehatan
plossa minyak angin aromaterapi inhaler roll on eucalyptus 10 ml,14900.0,NEEDS,Kebutuhan Rumah & Mandi,Obat-Obatan,Kebutuhan Kesehatan
vicks inhaler keychain pelega hidung tersumbat 0.5 ml,19900.0,NEEDS,Kebutuhan Rumah & Mandi,Obat-Obatan,Kebutuhan Kesehatan
fitkom hi-c multivitamin daya tahan tubuh anak anggur 21 tablet hisap,21900.0,NEEDS,Kebutuhan Rumah & Mandi,Obat-Obatan,Kebutuhan Kesehatan
bodrexin obat penurun demam anak cair rasa jeruk 60 ml,12200.0,NEEDS,Kebutuhan Rumah & Mandi,Obat-Obatan,Kebutuhan Kesehatan
laserin obat batuk cair 60 ml,20400.0,NEEDS,Kebutuhan Rumah & Mandi,Obat-Obatan,Kebutuhan Kesehatan
sidomuncul tolak angin obat herbal masuk angin cair bebas gula sachet 5 x 15 ml,28100.0,NEEDS,Kebutuhan Rumah & Mandi,Obat-Obatan,Kebutuhan Kesehatan
sidomuncul tolak angin obat herbal masuk angin cair sachet 15 ml,6500.0,NEEDS,Kebutuhan Rumah & Mandi,Obat-Obatan,Kebutuhan Kesehatan
insto cool obat tetes mata 7.5 ml,18300.0,NEEDS,Kebutuhan Rumah & Mandi,Obat-Obatan,Kebutuhan Kesehatan
freshcare press & relax minyak angin kayu putih 10 ml,17100.0,NEEDS,Kebutuhan Rumah & Mandi,Obat-Obatan,Kebutuhan Kesehatan
hansaplast koyo hangat resealable 10 s,11600.0,NEEDS,Kebutuhan Rumah & Mandi,Obat-Obatan,Kebutuhan Kesehatan
cap lang minyak kayu putih eucalyptus original 120 ml,35000.0,NEEDS,Kebutuhan Rumah & Mandi,Obat-Obatan,Kebutuhan Kesehatan
proris ibuprofen obat penurun demam cair anak rasa jeruk 60 ml,30900.0,NEEDS,Kebutuhan Rumah & Mandi,Obat-Obatan,Kebutuhan Kesehatan
tresno joyo tj joybee madu multivitamin anak original 100 ml,15000.0,NEEDS,Kebutuhan Rumah & Mandi,Obat-Obatan,Kebutuhan Kesehatan
panadol obat cold & flu 10 kaplet,19700.0,NEEDS,Kebutuhan Rumah & Mandi,Obat-Obatan,Kebutuhan Kesehatan
combantrin obat cacing cair jeruk 10 ml,24900.0,NEEDS,Kebutuhan Rumah & Mandi,Obat-Obatan,Kebutuhan Kesehatan
neo rheumacyl hot krim pereda nyeri 100 ml,19100.0,NEEDS,Kebutuhan Rumah & Mandi,Obat-Obatan,Kebutuhan Kesehatan
vicks formula obat batuk cair jahe madu 56 ml,21700.0,NEEDS,Kebutuhan Rumah & Mandi,Obat-Obatan,Kebutuhan Kesehatan
vicks formula obat batuk cair jahe madu 105 ml,33800.0,NEEDS,Kebutuhan Rumah & Mandi,Obat-Obatan,Kebutuhan Kesehatan
paramex nyeri otot hot cream krim pegal & nyeri sendi 60 g,17900.0,NEEDS,Kebutuhan Rumah & Mandi,Obat-Obatan,Kebutuhan Kesehatan
plossa minyak angin aromaterapi dual inhaler roll on sarangheo 10 ml,12500.0,NEEDS,Kebutuhan Rumah & Mandi,Obat-Obatan,Kebutuhan Kesehatan
cap kapak minyak angin 10 ml,26100.0,NEEDS,Kebutuhan Rumah & Mandi,Obat-Obatan,Kebutuhan Kesehatan
cap kapak minyak angin 28 ml,56400.0,NEEDS,Kebutuhan Rumah & Mandi,Obat-Obatan,Kebutuhan Kesehatan
fitkom multivitamin gummy anak strawberry funtasy 21 g,12300.0,NEEDS,Kebutuhan Rumah & Mandi,Obat-Obatan,Kebutuhan Kesehatan
safe care minyak angin aromaterapi roll on strong 10 ml,23100.0,NEEDS,Kebutuhan Rumah & Mandi,Obat-Obatan,Kebutuhan Kesehatan
ob herbal habbatussauda obat batuk cair 60 ml,21900.0,NEEDS,Kebutuhan Rumah & Mandi,Obat-Obatan,Kebutuhan Kesehatan
shen nong si four season minyak angin winter 12 ml,21300.0,NEEDS,Kebutuhan Rumah & Mandi,Obat-Obatan,Kebutuhan Kesehatan
freshcare vapobalm balsem & double inhaler sakura 10 g,16500.0,NEEDS,Kebutuhan Rumah & Mandi,Obat-Obatan,Kebutuhan Kesehatan
cap ibu dan anak obat batuk cair 300 ml,88000.0,NEEDS,Kebutuhan Rumah & Mandi,Obat-Obatan,Kebutuhan Kesehatan
autan lotion anti nyamuk floral & protect tube 50 ml,11900.0,NEEDS,Kebutuhan Rumah & Mandi,Obat-Obatan,Kebutuhan Kesehatan
yunnan baiyao herbal obat pendarahan 16 kapsul,87900.0,NEEDS,Kebutuhan Rumah & Mandi,Obat-Obatan,Kebutuhan Kesehatan
yulin zheng gu shui minyak gosok spray 60 ml,68900.0,NEEDS,Kebutuhan Rumah & Mandi,Obat-Obatan,Kebutuhan Kesehatan
sanjin watermelon frost permen pelega tenggorokan box 12 pcs,17500.0,NEEDS,Kebutuhan Rumah & Mandi,Obat-Obatan,Kebutuhan Kesehatan
sanjin watermelon frost pelega tenggorokan semprot 3 g,32500.0,NEEDS,Kebutuhan Rumah & Mandi,Obat-Obatan,Kebutuhan Kesehatan
golden throat lozenges permen pelega tenggorokan 12 pcs,19500.0,NEEDS,Kebutuhan Rumah & Mandi,Obat-Obatan,Kebutuhan Kesehatan
shen nong si die da yao jing obat luka herbal 30 cc,24900.0,NEEDS,Kebutuhan Rumah & Mandi,Obat-Obatan,Kebutuhan Kesehatan
antangin junior obat herbal masuk angin cair sachet 5 pcs,18000.0,NEEDS,Kebutuhan Rumah & Mandi,Obat-Obatan,Kebutuhan Kesehatan
antangin good night suplemen herbal gangguan tidur strip 4 tablet,6500.0,NEEDS,Kebutuhan Rumah & Mandi,Obat-Obatan,Kebutuhan Kesehatan
rapet wangi obat herbal kewanitaan 10 kaplet,11900.0,NEEDS,Kebutuhan Rumah & Mandi,Obat-Obatan,Kebutuhan Kesehatan
megrhythm plester relaksasi good-night steam patch lavender 5 s,39000.0,NEEDS,Kebutuhan Rumah & Mandi,Obat-Obatan,Kebutuhan Kesehatan
shen nong si four season minyak angin winter 20 ml,24500.0,NEEDS,Kebutuhan Rumah & Mandi,Obat-Obatan,Kebutuhan Kesehatan
shen nong si four season minyak angin 20 ml,26000.0,NEEDS,Kebutuhan Rumah & Mandi,Obat-Obatan,Kebutuhan Kesehatan
tianhe zhuifeng gao koyo rematik 10 pcs,37500.0,NEEDS,Kebutuhan Rumah & Mandi,Obat-Obatan,Kebutuhan Kesehatan
tianhe gutong tiegao koyo pelancar peredaran darah 10 pcs,59900.0,NEEDS,Kebutuhan Rumah & Mandi,Obat-Obatan,Kebutuhan Kesehatan
tianhe shexiang zhuanggu gao koyo relaksasi otot 10 pcs,37500.0,NEEDS,Kebutuhan Rumah & Mandi,Obat-Obatan,Kebutuhan Kesehatan
salonpas jet spray pereda nyeri otot 118 ml,61900.0,NEEDS,Kebutuhan Rumah & Mandi,Obat-Obatan,Kebutuhan Kesehatan
caladine lotion anti gatal iritasi fresh & calming aloe vera 50 ml,17900.0,NEEDS,Kebutuhan Rumah & Mandi,Obat-Obatan,Kebutuhan Kesehatan
expert boost vitamin d gummy anak & dewasa 600 iu 30 pcs,66000.0,NEEDS,Kebutuhan Rumah & Mandi,Obat-Obatan,Kebutuhan Kesehatan
"cool-vita dha suplemen kesehatan anak gummy rasa apel, mangga, dan jeruk 10 pcs",29900.0,NEEDS,Kebutuhan Rumah & Mandi,Obat-Obatan,Kebutuhan Kesehatan
antangin good night sirup herbal suplemen gangguan tidur 5 x 15 ml,19900.0,NEEDS,Kebutuhan Rumah & Mandi,Obat-Obatan,Kebutuhan Kesehatan
leukoplast elastic plester luka 6 s,15900.0,NEEDS,Kebutuhan Rumah & Mandi,Obat-Obatan,Kebutuhan Kesehatan
leukoplast aqua pro plester luka 6 s,19900.0,NEEDS,Kebutuhan Rumah & Mandi,Obat-Obatan,Kebutuhan Kesehatan
feminax obat pereda nyeri haid strip 4 tablet,3500.0,NEEDS,Kebutuhan Rumah & Mandi,Obat-Obatan,Kebutuhan Kesehatan
shen nong si four season minyak angin 12 ml,24100.0,NEEDS,Kebutuhan Rumah & Mandi,Obat-Obatan,Kebutuhan Kesehatan
holisticare super ester-c vitamin c anak 30 tablet,45900.0,NEEDS,Kebutuhan Rumah & Mandi,Obat-Obatan,Kebutuhan Kesehatan
sumagesic paracetamol obat sakit kepala strip 4 tablet,3200.0,NEEDS,Kebutuhan Rumah & Mandi,Obat-Obatan,Kebutuhan Kesehatan
degirol obat radang mulut & tenggorokan 20 tablet hisap,29500.0,NEEDS,Kebutuhan Rumah & Mandi,Obat-Obatan,Kebutuhan Kesehatan
hansaplast salep luka 20 g,49000.0,NEEDS,Kebutuhan Rumah & Mandi,Obat-Obatan,Kebutuhan Kesehatan
tiger balm balsam pereda nyeri otot merah 20 g,21500.0,NEEDS,Kebutuhan Rumah & Mandi,Obat-Obatan,Kebutuhan Kesehatan
tiger balm balsam pereda nyeri otot putih 20 g,21500.0,NEEDS,Kebutuhan Rumah & Mandi,Obat-Obatan,Kebutuhan Kesehatan
vegeta scrubber minuman sari serat alami jeruk 6 x 7.1 g,18100.0,NEEDS,Kebutuhan Rumah & Mandi,Obat-Obatan,Kebutuhan Kesehatan
salonpas jet spray pereda nyeri 60 ml,33900.0,NEEDS,Kebutuhan Rumah & Mandi,Obat-Obatan,Kebutuhan Kesehatan
counterpain koyo pereda nyeri 10 s,9700.0,NEEDS,Kebutuhan Rumah & Mandi,Obat-Obatan,Kebutuhan Kesehatan
sidomuncul tolak angin obat herbal batuk berdahak madu sachet 5 x 15 ml,26900.0,NEEDS,Kebutuhan Rumah & Mandi,Obat-Obatan,Kebutuhan Kesehatan
counterpain krim pereda nyeri otot 30 g,46200.0,NEEDS,Kebutuhan Rumah & Mandi,Obat-Obatan,Kebutuhan Kesehatan
plossa minyak angin aromaterapi inhaler roll on citrus 10 ml,17100.0,NEEDS,Kebutuhan Rumah & Mandi,Obat-Obatan,Kebutuhan Kesehatan
rohto cool obat tetes mata 7 ml,21400.0,NEEDS,Kebutuhan Rumah & Mandi,Obat-Obatan,Kebutuhan Kesehatan
herbakof obat batuk cair herbal 60 ml,16500.0,NEEDS,Kebutuhan Rumah & Mandi,Obat-Obatan,Kebutuhan Kesehatan
hansaplast kain elastis plester luka 10 s,8000.0,NEEDS,Kebutuhan Rumah & Mandi,Obat-Obatan,Kebutuhan Kesehatan
hansaplast plester luka kedap air disney frozen mix ukuran 10 s,12700.0,NEEDS,Kebutuhan Rumah & Mandi,Obat-Obatan,Kebutuhan Kesehatan
hansaplast junior fun plester luka anak elastis motif karakter 10 s,7500.0,NEEDS,Kebutuhan Rumah & Mandi,Obat-Obatan,Kebutuhan Kesehatan
herbakof obat batuk herbal double action cair 100 ml,19000.0,NEEDS,Kebutuhan Rumah & Mandi,Obat-Obatan,Kebutuhan Kesehatan
promag herbal obat gangguan lambung cair sachet 10 ml,3800.0,NEEDS,Kebutuhan Rumah & Mandi,Obat-Obatan,Kebutuhan Kesehatan
bodrex migra obat sakit kepala migrain 4 kaplet,2500.0,NEEDS,Kebutuhan Rumah & Mandi,Obat-Obatan,Kebutuhan Kesehatan
lukajel gel luka antiseptik 10 g,12200.0,NEEDS,Kebutuhan Rumah & Mandi,Obat-Obatan,Kebutuhan Kesehatan
woods' naturals obat batuk cair herbal 60 ml,34700.0,NEEDS,Kebutuhan Rumah & Mandi,Obat-Obatan,Kebutuhan Kesehatan
koolfever plester kompres demam dewasa 1 s,12200.0,NEEDS,Kebutuhan Rumah & Mandi,Obat-Obatan,Kebutuhan Kesehatan
hansaplast antiseptik pembersih luka semprot 40 ml,36500.0,NEEDS,Kebutuhan Rumah & Mandi,Obat-Obatan,Kebutuhan Kesehatan
hansaplast kain elastis plester luka finger strips 6 s,17400.0,NEEDS,Kebutuhan Rumah & Mandi,Obat-Obatan,Kebutuhan Kesehatan
hansaplast plester luka aqua protect mix ukuran 6 s,19100.0,NEEDS,Kebutuhan Rumah & Mandi,Obat-Obatan,Kebutuhan Kesehatan
sidomuncul tolak linu obat herbal pegal linu & nyeri sendi cair sachet 15 ml,4800.0,NEEDS,Kebutuhan Rumah & Mandi,Obat-Obatan,Kebutuhan Kesehatan
curcuma plus grow emulsion suplemen kesehatan anak rasa jeruk 200 ml,41900.0,NEEDS,Kebutuhan Rumah & Mandi,Obat-Obatan,Kebutuhan Kesehatan
soffell lotion anti nyamuk geranium 60 g,13100.0,NEEDS,Kebutuhan Rumah & Mandi,Obat-Obatan,Kebutuhan Kesehatan
cabe koyo pereda nyeri 10 s,19300.0,NEEDS,Kebutuhan Rumah & Mandi,Obat-Obatan,Kebutuhan Kesehatan
salonpas gel pereda nyeri tube 30 g,13200.0,NEEDS,Kebutuhan Rumah & Mandi,Obat-Obatan,Kebutuhan Kesehatan
soffell lotion anti nyamuk kulit jeruk 60 g,13200.0,NEEDS,Kebutuhan Rumah & Mandi,Obat-Obatan,Kebutuhan Kesehatan
cap lang minyak kayu putih plus 60 ml,31500.0,NEEDS,Kebutuhan Rumah & Mandi,Obat-Obatan,Kebutuhan Kesehatan
cerebrofort marine gummy multivitamin anak strawberry 20 g,12400.0,NEEDS,Kebutuhan Rumah & Mandi,Obat-Obatan,Kebutuhan Kesehatan
so fresh minyak angin aromaterapi citrus 2 x 10 ml,11900.0,NEEDS,Kebutuhan Rumah & Mandi,Obat-Obatan,Kebutuhan Kesehatan
mixagrip herbal greges obat masuk angin sachet 6 x 15 ml,21700.0,NEEDS,Kebutuhan Rumah & Mandi,Obat-Obatan,Kebutuhan Kesehatan
so fresh minyak angin aromaterapi roll on eucalyptus 2 x 10 ml,11900.0,NEEDS,Kebutuhan Rumah & Mandi,Obat-Obatan,Kebutuhan Kesehatan
bodrex extra obat sakit kepala 4 kaplet,3100.0,NEEDS,Kebutuhan Rumah & Mandi,Obat-Obatan,Kebutuhan Kesehatan
byebye-fever plester kompres demam dewasa 1 s,15200.0,NEEDS,Kebutuhan Rumah & Mandi,Obat-Obatan,Kebutuhan Kesehatan
termorex paracetamol obat penurun demam anak cair rasa jeruk 60 ml,20500.0,NEEDS,Kebutuhan Rumah & Mandi,Obat-Obatan,Kebutuhan Kesehatan
88 salep kulit pot 6 g,18500.0,NEEDS,Kebutuhan Rumah & Mandi,Obat-Obatan,Kebutuhan Kesehatan
"youvit multivitamin gummy anak rasa stroberi, jeruk & nanas 7 hari 28 g",19100.0,NEEDS,Kebutuhan Rumah & Mandi,Obat-Obatan,Kebutuhan Kesehatan
ambeven obat wasir 10 kapsul,27800.0,NEEDS,Kebutuhan Rumah & Mandi,Obat-Obatan,Kebutuhan Kesehatan
konidin obh obat batuk cair sachet 5 x 7 ml,7000.0,NEEDS,Kebutuhan Rumah & Mandi,Obat-Obatan,Kebutuhan Kesehatan
tempra forte paracetamol obat penurun demam cair anak rasa jeruk 60 ml,57500.0,NEEDS,Kebutuhan Rumah & Mandi,Obat-Obatan,Kebutuhan Kesehatan
obh nellco special obat batuk cair 100 ml,33900.0,NEEDS,Kebutuhan Rumah & Mandi,Obat-Obatan,Kebutuhan Kesehatan
minyak tawon 912 obat gosok 50 ml,30100.0,NEEDS,Kebutuhan Rumah & Mandi,Obat-Obatan,Kebutuhan Kesehatan
vfresh minyak angin aromaterapi roll on lavender 8 ml,15200.0,NEEDS,Kebutuhan Rumah & Mandi,Obat-Obatan,Kebutuhan Kesehatan
combantrin obat cacing 2 tablet,23000.0,NEEDS,Kebutuhan Rumah & Mandi,Obat-Obatan,Kebutuhan Kesehatan
vfresh minyak angin aromaterapi roll on original 8 ml,15200.0,NEEDS,Kebutuhan Rumah & Mandi,Obat-Obatan,Kebutuhan Kesehatan
freshcare minyak angin aromaterapi smash double inhaler + roll on sakura 8 ml,16500.0,NEEDS,Kebutuhan Rumah & Mandi,Obat-Obatan,Kebutuhan Kesehatan
woods' peppermint expectorant obat batuk cair berdahak 60 ml,30000.0,NEEDS,Kebutuhan Rumah & Mandi,Obat-Obatan,Kebutuhan Kesehatan
antangin mint obat herbal masuk angin cair sachet 15 ml,5600.0,NEEDS,Kebutuhan Rumah & Mandi,Obat-Obatan,Kebutuhan Kesehatan
tiger balm balsam pereda nyeri otot putih 20 g,21500.0,NEEDS,Kebutuhan Rumah & Mandi,Obat-Obatan,Kebutuhan Kesehatan
zam-buk salep gatal & memar 25 g,44900.0,NEEDS,Kebutuhan Rumah & Mandi,Obat-Obatan,Kebutuhan Kesehatan
salonpas gel patch pereda nyeri dingin 2 s,17500.0,NEEDS,Kebutuhan Rumah & Mandi,Obat-Obatan,Kebutuhan Kesehatan
peditox obat pembasmi kutu rambut 50 ml,10500.0,NEEDS,Kebutuhan Rumah & Mandi,Obat-Obatan,Kebutuhan Kesehatan
hansaplast plester luka elastis mix ukuran 20 s,14500.0,NEEDS,Kebutuhan Rumah & Mandi,Obat-Obatan,Kebutuhan Kesehatan
"youvit suplemen omega 3 gummy anak peach, jeruk & raspberi 7 hari 28 g",20900.0,NEEDS,Kebutuhan Rumah & Mandi,Obat-Obatan,Kebutuhan Kesehatan
siang pure oil minyak angin menthol peppermint 25 ml,83500.0,NEEDS,Kebutuhan Rumah & Mandi,Obat-Obatan,Kebutuhan Kesehatan
"youvit multivitamin gummy anak rasa stroberi, jeruk & nanas 30 hari 120 g",69000.0,NEEDS,Kebutuhan Rumah & Mandi,Obat-Obatan,Kebutuhan Kesehatan
"youvit suplemen omega 3 gummy anak peach, jeruk & raspberi 30 hari 120 g",85000.0,NEEDS,Kebutuhan Rumah & Mandi,Obat-Obatan,Kebutuhan Kesehatan
hansaplast junior fun plester luka anak elastis motif karakter 100 s,41000.0,NEEDS,Kebutuhan Rumah & Mandi,Obat-Obatan,Kebutuhan Kesehatan
hansaplast plester luka sensitif xl 5 lembar,43900.0,NEEDS,Kebutuhan Rumah & Mandi,Obat-Obatan,Kebutuhan Kesehatan
hansaplast second skin protection plester luka 6 s,67500.0,NEEDS,Kebutuhan Rumah & Mandi,Obat-Obatan,Kebutuhan Kesehatan
plossa minyak angin aromaterapi inhaler roll on blue mountain 10 ml,16900.0,NEEDS,Kebutuhan Rumah & Mandi,Obat-Obatan,Kebutuhan Kesehatan
salonpas plester pereda nyeri patch 5 s,32500.0,NEEDS,Kebutuhan Rumah & Mandi,Obat-Obatan,Kebutuhan Kesehatan
dettol plester antiseptik tahan air 10 s,9900.0,NEEDS,Kebutuhan Rumah & Mandi,Obat-Obatan,Kebutuhan Kesehatan
antangin habbatussauda obat herbal masuk angin cair sachet 5 x 15 ml,18900.0,NEEDS,Kebutuhan Rumah & Mandi,Obat-Obatan,Kebutuhan Kesehatan
autan spray anti nyamuk refresh spritz tube 100 ml,18400.0,NEEDS,Kebutuhan Rumah & Mandi,Obat-Obatan,Kebutuhan Kesehatan
cap lang minyak kayu putih plus 120 ml,66400.0,NEEDS,Kebutuhan Rumah & Mandi,Obat-Obatan,Kebutuhan Kesehatan
vicks formula 44 obat batuk cair 100 ml,40200.0,NEEDS,Kebutuhan Rumah & Mandi,Obat-Obatan,Kebutuhan Kesehatan
hot in cream pereda nyeri otot original 120 ml,39000.0,NEEDS,Kebutuhan Rumah & Mandi,Obat-Obatan,Kebutuhan Kesehatan
actifed plus obat batuk & pilek cair 60 ml,72600.0,NEEDS,Kebutuhan Rumah & Mandi,Obat-Obatan,Kebutuhan Kesehatan
kalpanax krim kulit anti jamur tube 5 g,17900.0,NEEDS,Kebutuhan Rumah & Mandi,Obat-Obatan,Kebutuhan Kesehatan
actifed obat batuk berdahak cair 60 ml,75500.0,NEEDS,Kebutuhan Rumah & Mandi,Obat-Obatan,Kebutuhan Kesehatan
hansaplast rol kain 1.25 cm x 5 m,20000.0,NEEDS,Kebutuhan Rumah & Mandi,Obat-Obatan,Kebutuhan Kesehatan
norit obat diare tube 40 tablet,17500.0,NEEDS,Kebutuhan Rumah & Mandi,Obat-Obatan,Kebutuhan Kesehatan
woods' peppermint antitussive obat batuk cair tidak berdahak 60 ml,30000.0,NEEDS,Kebutuhan Rumah & Mandi,Obat-Obatan,Kebutuhan Kesehatan
laserin obat batuk cair 110 ml,36500.0,NEEDS,Kebutuhan Rumah & Mandi,Obat-Obatan,Kebutuhan Kesehatan
hot in cream go krim pereda nyeri otot 100 g,36500.0,NEEDS,Kebutuhan Rumah & Mandi,Obat-Obatan,Kebutuhan Kesehatan
cap lang minyak kayu putih 210 ml,69900.0,NEEDS,Kebutuhan Rumah & Mandi,Obat-Obatan,Kebutuhan Kesehatan
antangin junior obat herbal masuk angin cair sachet 5 pcs,18000.0,NEEDS,Kebutuhan Rumah & Mandi,Obat-Obatan,Kebutuhan Kesehatan
"cool-vita dha suplemen kesehatan anak gummy rasa apel, mangga, dan jeruk 10 pcs",29900.0,NEEDS,Kebutuhan Rumah & Mandi,Obat-Obatan,Kebutuhan Kesehatan
fatigon spirit multivitamin stamina 6 kaplet,8500.0,OTHERS,Lain-lain & Darurat,Vitamin & Suplemen,Kebutuhan Kesehatan
cdr suplemen kalsium kesehatan tulang & tubuh jeruk mandarin 10 tablet,62900.0,OTHERS,Lain-lain & Darurat,Vitamin & Suplemen,Kebutuhan Kesehatan
xonce vitamin c hisap jeruk 2 tablet,3200.0,OTHERS,Lain-lain & Darurat,Vitamin & Suplemen,Kebutuhan Kesehatan
cdr suplemen kalsium kesehatan tulang & tubuh jeruk mandarin 2 tablet,12700.0,OTHERS,Lain-lain & Darurat,Vitamin & Suplemen,Kebutuhan Kesehatan
imboost original suplemen daya tahan tubuh 4 tablet,22500.0,OTHERS,Lain-lain & Darurat,Vitamin & Suplemen,Kebutuhan Kesehatan
ej sport go extra level suplemen kesehatan pisang 2 x 50 ml,18600.0,OTHERS,Lain-lain & Darurat,Vitamin & Suplemen,Kebutuhan Kesehatan
vitacimin vitamin c hisap sweetlet 2 tablet,2800.0,OTHERS,Lain-lain & Darurat,Vitamin & Suplemen,Kebutuhan Kesehatan
amunizer minuman vitamin c 1000 mg 140 ml,7200.0,OTHERS,Lain-lain & Darurat,Vitamin & Suplemen,Kebutuhan Kesehatan
sangobion suplemen penambah darah 4 kapsul,10800.0,OTHERS,Lain-lain & Darurat,Vitamin & Suplemen,Kebutuhan Kesehatan
sangobion suplemen penambah darah 10 kapsul,26500.0,OTHERS,Lain-lain & Darurat,Vitamin & Suplemen,Kebutuhan Kesehatan
sidomuncul vitamin c 1000 minuman suplemen kesehatan lemon 6 x 4 g,10700.0,OTHERS,Lain-lain & Darurat,Vitamin & Suplemen,Kebutuhan Kesehatan
imboost suplemen daya tahan tubuh effervescent vitamin c & d3 jeruk 2 tablet,12300.0,OTHERS,Lain-lain & Darurat,Vitamin & Suplemen,Kebutuhan Kesehatan
holisticare super ester-c vitamin c suplemen daya tahan tubuh 4 tablet,8700.0,OTHERS,Lain-lain & Darurat,Vitamin & Suplemen,Kebutuhan Kesehatan
enervon active multivitamin daya tahan tubuh 4 tablet,6300.0,OTHERS,Lain-lain & Darurat,Vitamin & Suplemen,Kebutuhan Kesehatan
hemaviton action imunup multivitamin daya tahan tubuh 5 kapsul,8000.0,OTHERS,Lain-lain & Darurat,Vitamin & Suplemen,Kebutuhan Kesehatan
fatigon suplemen kesehatan multivitamin & mineral 6 kaplet,9900.0,OTHERS,Lain-lain & Darurat,Vitamin & Suplemen,Kebutuhan Kesehatan
natur-e skin start natural suplemen kecantikan vitamin e 100 iu 16 kapsul,20100.0,OTHERS,Lain-lain & Darurat,Vitamin & Suplemen,Kebutuhan Kesehatan
redoxon triple action suplemen daya tahan tubuh effervescent jeruk 10 tablet,60900.0,OTHERS,Lain-lain & Darurat,Vitamin & Suplemen,Kebutuhan Kesehatan
cdr suplemen kalsium kesehatan tulang & tubuh jeruk mandarin 15 tablet,87400.0,OTHERS,Lain-lain & Darurat,Vitamin & Suplemen,Kebutuhan Kesehatan
pharmaton go suplemen kesehatan tubuh 6 kaplet,19400.0,OTHERS,Lain-lain & Darurat,Vitamin & Suplemen,Kebutuhan Kesehatan
neurobion vitamin neurotropik kesehatan saraf 10 tablet,33200.0,OTHERS,Lain-lain & Darurat,Vitamin & Suplemen,Kebutuhan Kesehatan
pasakbuwono ceng plus suplemen stamina pria 2 kaplet,10300.0,OTHERS,Lain-lain & Darurat,Vitamin & Suplemen,Kebutuhan Kesehatan
l-men gainmass whey protein cokelat 225 g,91300.0,OTHERS,Lain-lain & Darurat,Vitamin & Suplemen,Kebutuhan Kesehatan
imboost bone effervescent suplemen kesehatan tulang & gigi jeruk 2 s,13700.0,OTHERS,Lain-lain & Darurat,Vitamin & Suplemen,Kebutuhan Kesehatan
tj herbal madu masuk angin 140 g,29400.0,OTHERS,Lain-lain & Darurat,Vitamin & Suplemen,Kebutuhan Kesehatan
imboost extra vitamin c & d3 suplemen daya tahan tubuh 4 kaplet,23900.0,OTHERS,Lain-lain & Darurat,Vitamin & Suplemen,Kebutuhan Kesehatan
interlac probiotik drops suplemen pencernaan anak 5 ml,277700.0,OTHERS,Lain-lain & Darurat,Vitamin & Suplemen,Kebutuhan Kesehatan
flimeal minuman sereal stroberi 12 x 50 g,184500.0,OTHERS,Lain-lain & Darurat,Vitamin & Suplemen,Kebutuhan Kesehatan
flimeal minuman sereal cokelat susu 12 x 50 g,184500.0,OTHERS,Lain-lain & Darurat,Vitamin & Suplemen,Kebutuhan Kesehatan
flimeal minuman sereal cokelat vegan 12 x 50 g,184500.0,OTHERS,Lain-lain & Darurat,Vitamin & Suplemen,Kebutuhan Kesehatan
flimeal minuman sereal cokelat susu travel pack 4 x 50 g,70500.0,OTHERS,Lain-lain & Darurat,Vitamin & Suplemen,Kebutuhan Kesehatan
fufang ejiao jiang suplemen kesehatan 12 pcs,260900.0,OTHERS,Lain-lain & Darurat,Vitamin & Suplemen,Kebutuhan Kesehatan
redoxon triple action suplemen daya tahan tubuh effervescent blackcurrant 10 tablet,42900.0,OTHERS,Lain-lain & Darurat,Vitamin & Suplemen,Kebutuhan Kesehatan
cdr fortos suplemen kalsium & vitamin d jeruk mandarin 10 tablet,49900.0,OTHERS,Lain-lain & Darurat,Vitamin & Suplemen,Kebutuhan Kesehatan
blackmores koalakids suplemen kesehatan anak pelindung tubuh 60 tablet,212500.0,OTHERS,Lain-lain & Darurat,Vitamin & Suplemen,Kebutuhan Kesehatan
flimty fiber minuman serbuk tinggi serat blackcurrant sachet 16 x 15 g,225000.0,OTHERS,Lain-lain & Darurat,Vitamin & Suplemen,Kebutuhan Kesehatan
flimty fiber minuman serbuk tinggi serat raspberry sachet 16 x 15 g,225000.0,OTHERS,Lain-lain & Darurat,Vitamin & Suplemen,Kebutuhan Kesehatan
flimty fiber minuman serbuk tinggi serat blackcurrant travel pack 5 x 15 g,76900.0,OTHERS,Lain-lain & Darurat,Vitamin & Suplemen,Kebutuhan Kesehatan
flimty fiber minuman serbuk tinggi serat raspberry travel pack 5 x 15 g,76900.0,OTHERS,Lain-lain & Darurat,Vitamin & Suplemen,Kebutuhan Kesehatan
flimty fiber minuman serbuk tinggi serat mango sachet 16 x 15 g,225000.0,OTHERS,Lain-lain & Darurat,Vitamin & Suplemen,Kebutuhan Kesehatan
flimcol minuman kolagen 5000 mg stroberi 10 x 15 g,154900.0,OTHERS,Lain-lain & Darurat,Vitamin & Suplemen,Kebutuhan Kesehatan
cool-vita collagen suplemen kecantikan gummy rasa jeruk bali dan lemon 10 pcs,33900.0,OTHERS,Lain-lain & Darurat,Vitamin & Suplemen,Kebutuhan Kesehatan
konilife bone suplemen kesehatan tulang 30 pcs,115000.0,OTHERS,Lain-lain & Darurat,Vitamin & Suplemen,Kebutuhan Kesehatan
konilife chlorofit suplemen makanan memelihara kesehatan tubuh 30 kapsul,115000.0,OTHERS,Lain-lain & Darurat,Vitamin & Suplemen,Kebutuhan Kesehatan
konilife d3 4000 iu suplemen untuk daya tahan tubuh 30 kapsul,95000.0,OTHERS,Lain-lain & Darurat,Vitamin & Suplemen,Kebutuhan Kesehatan
konilife imunea suplemen makanan untuk daya tahan tubuh 30 kapsul,95000.0,OTHERS,Lain-lain & Darurat,Vitamin & Suplemen,Kebutuhan Kesehatan
konilife urafit suplemen makanan untuk pegal linu dan nyeri sendi 30 kapsul,95000.0,OTHERS,Lain-lain & Darurat,Vitamin & Suplemen,Kebutuhan Kesehatan
konilife visionpro suplemen kesehatan mata 30 kapsul,195000.0,OTHERS,Lain-lain & Darurat,Vitamin & Suplemen,Kebutuhan Kesehatan
fortiboost immuno sirup suplemen kesehatan tubuh 60 ml,30000.0,OTHERS,Lain-lain & Darurat,Vitamin & Suplemen,Kebutuhan Kesehatan
fortiboost suplemen kesehatan d3 1000 iu 30 tablet,75900.0,OTHERS,Lain-lain & Darurat,Vitamin & Suplemen,Kebutuhan Kesehatan
hemaviton fitomega 3 suplemen kesehatan minyak ikan 30 kapsul lunak,47900.0,OTHERS,Lain-lain & Darurat,Vitamin & Suplemen,Kebutuhan Kesehatan
sakatonik activ permen gummy vitamin anemia box 6 x 6 pcs,79900.0,OTHERS,Lain-lain & Darurat,Vitamin & Suplemen,Kebutuhan Kesehatan
blackmores calcimag multi suplemen kesehatan tulang 30 tablet,117000.0,OTHERS,Lain-lain & Darurat,Vitamin & Suplemen,Kebutuhan Kesehatan
sidomuncul vitamin c 1000 minuman suplemen kesehatan collagen 6 x 4 g,12900.0,OTHERS,Lain-lain & Darurat,Vitamin & Suplemen,Kebutuhan Kesehatan
sidomuncul vitamin c 1000 minuman suplemen kesehatan sweet orange 6 x 4 g,11500.0,OTHERS,Lain-lain & Darurat,Vitamin & Suplemen,Kebutuhan Kesehatan
imboost suplemen daya tahan tubuh effervescent vitamin c & d3 jeruk 8 tablet,49300.0,OTHERS,Lain-lain & Darurat,Vitamin & Suplemen,Kebutuhan Kesehatan
sakatonik activ permen gummy vitamin anemia 6 pcs,19900.0,OTHERS,Lain-lain & Darurat,Vitamin & Suplemen,Kebutuhan Kesehatan
vicee vitamin c hisap lemon 2 tablet,2300.0,OTHERS,Lain-lain & Darurat,Vitamin & Suplemen,Kebutuhan Kesehatan
enervon-c multivitamin suplemen daya tahan tubuh botol 30 tablet,39900.0,OTHERS,Lain-lain & Darurat,Vitamin & Suplemen,Kebutuhan Kesehatan
enervon-c multivitamin suplemen daya tahan tubuh 4 tablet,7800.0,OTHERS,Lain-lain & Darurat,Vitamin & Suplemen,Kebutuhan Kesehatan
enervon fizz suplemen daya tahan tubuh effervescent vitamin c & b complex 8 tablet,34500.0,OTHERS,Lain-lain & Darurat,Vitamin & Suplemen,Kebutuhan Kesehatan
hemaviton stamina plus multivitamin suplemen kesehatan 5 kaplet,9700.0,OTHERS,Lain-lain & Darurat,Vitamin & Suplemen,Kebutuhan Kesehatan
redoxon triple action suplemen daya tahan tubuh effervescent jeruk 2 tablet,12500.0,OTHERS,Lain-lain & Darurat,Vitamin & Suplemen,Kebutuhan Kesehatan
extra joss active minuman suplemen kesehatan 6 x 4.2 g,10700.0,OTHERS,Lain-lain & Darurat,Vitamin & Suplemen,Kebutuhan Kesehatan
neurobion forte vitamin neurotropik kesehatan saraf 10 tablet,58700.0,OTHERS,Lain-lain & Darurat,Vitamin & Suplemen,Kebutuhan Kesehatan
cool-vita suplemen kecantikan collagen effervescent peach 10 tablet,21200.0,OTHERS,Lain-lain & Darurat,Vitamin & Suplemen,Kebutuhan Kesehatan
holisticare super ester-c vitamin c suplemen daya tahan tubuh 30 tablet,63200.0,OTHERS,Lain-lain & Darurat,Vitamin & Suplemen,Kebutuhan Kesehatan
welmove suplemen sendi 5 kaplet,15900.0,OTHERS,Lain-lain & Darurat,Vitamin & Suplemen,Kebutuhan Kesehatan
neo hormoviton pasak bumi suplemen stamina pria 5 kapsul,8900.0,OTHERS,Lain-lain & Darurat,Vitamin & Suplemen,Kebutuhan Kesehatan
imboost bone suplemen kesehatan tulang & gigi effervescent jeruk 8 tablet,49800.0,OTHERS,Lain-lain & Darurat,Vitamin & Suplemen,Kebutuhan Kesehatan
neurobion vitamin neurotropik kesehatan saraf 10 tablet,33200.0,OTHERS,Lain-lain & Darurat,Vitamin & Suplemen,Kebutuhan Kesehatan
natur-e active beauty natural suplemen kecantikan vitamin e 300 iu 16 kapsul,46500.0,OTHERS,Lain-lain & Darurat,Vitamin & Suplemen,Kebutuhan Kesehatan
natur-e advanced suplemen kesehatan 16 kapsul,42500.0,OTHERS,Lain-lain & Darurat,Vitamin & Suplemen,Kebutuhan Kesehatan
blackmores odourless fish oil 1000 suplemen kesehatan minyak ikan 30 kapsul,99900.0,OTHERS,Lain-lain & Darurat,Vitamin & Suplemen,Kebutuhan Kesehatan
blackmores multivitamins + minerals suplemen kesehatan 30 tablet,170000.0,OTHERS,Lain-lain & Darurat,Vitamin & Suplemen,Kebutuhan Kesehatan
holisticare ester c-1000 vitamin c suplemen daya tahan tubuh 30 tablet,139900.0,OTHERS,Lain-lain & Darurat,Vitamin & Suplemen,Kebutuhan Kesehatan
blackmores vitamin ibu hamil & menyusui 60 kapsul,255500.0,OTHERS,Lain-lain & Darurat,Vitamin & Suplemen,Kebutuhan Kesehatan
blackmores daily immune c 500 suplemen kesehatan daya tahan tubuh 30 tablet,88900.0,OTHERS,Lain-lain & Darurat,Vitamin & Suplemen,Kebutuhan Kesehatan
imboost extra vitamin c & d3 suplemen daya tahan tubuh 30 kaplet,142000.0,OTHERS,Lain-lain & Darurat,Vitamin & Suplemen,Kebutuhan Kesehatan
little joy supramix gold bubuk ikan pouch 22 g,27500.0,OTHERS,Lain-lain & Darurat,Vitamin & Suplemen,Kebutuhan Kesehatan
lo han kuo obat panas dalam infusion box 12 x 14 g,21900.0,OTHERS,Lain-lain & Darurat,Vitamin & Suplemen,Kebutuhan Kesehatan
blackmores bio d3 1000 iu suplemen kesehatan tinggi vitamin d 30 tablet,57500.0,OTHERS,Lain-lain & Darurat,Vitamin & Suplemen,Kebutuhan Kesehatan
natur-e white suplemen kesehatan 16 kapsul,44500.0,OTHERS,Lain-lain & Darurat,Vitamin & Suplemen,Kebutuhan Kesehatan
scott's emulsion vita multivitamin anak jeruk 400 ml,69900.0,OTHERS,Lain-lain & Darurat,Vitamin & Suplemen,Kebutuhan Kesehatan
vivo 0.03 kondom premium ekstra tipis 3 pcs,31500.0,NEEDS,Kebutuhan Rumah & Mandi,Alat Kesehatan,Kebutuhan Kesehatan
sutra kondom impor bergerigi 3 pcs,16400.0,NEEDS,Kebutuhan Rumah & Mandi,Alat Kesehatan,Kebutuhan Kesehatan
akurat strip uji kehamilan,16800.0,NEEDS,Kebutuhan Rumah & Mandi,Alat Kesehatan,Kebutuhan Kesehatan
fiesta kondom impor strawberry 3 pcs,22700.0,NEEDS,Kebutuhan Rumah & Mandi,Alat Kesehatan,Kebutuhan Kesehatan
sutra ok kondom impor 12 pcs,48400.0,NEEDS,Kebutuhan Rumah & Mandi,Alat Kesehatan,Kebutuhan Kesehatan
sutra 003 kondom impor super tipis 2 pcs,19500.0,NEEDS,Kebutuhan Rumah & Mandi,Alat Kesehatan,Kebutuhan Kesehatan
sutra kondom impor cinta 3 pcs,11500.0,NEEDS,Kebutuhan Rumah & Mandi,Alat Kesehatan,Kebutuhan Kesehatan
sensitif strip uji kehamilan pribadi,34500.0,NEEDS,Kebutuhan Rumah & Mandi,Alat Kesehatan,Kebutuhan Kesehatan
andalan strip uji kehamilan,7000.0,NEEDS,Kebutuhan Rumah & Mandi,Alat Kesehatan,Kebutuhan Kesehatan
fiesta kondom impor sangat tipis 3 pcs,23600.0,NEEDS,Kebutuhan Rumah & Mandi,Alat Kesehatan,Kebutuhan Kesehatan
sutra kondom impor klasik 3 pcs,11300.0,NEEDS,Kebutuhan Rumah & Mandi,Alat Kesehatan,Kebutuhan Kesehatan
fiesta kondom impor max dotted 3 pcs,14900.0,NEEDS,Kebutuhan Rumah & Mandi,Alat Kesehatan,Kebutuhan Kesehatan
sutra kondom impor klasik 12 pcs,29900.0,NEEDS,Kebutuhan Rumah & Mandi,Alat Kesehatan,Kebutuhan Kesehatan
durex love jeans kondom extra pelumas 3 pcs,15500.0,NEEDS,Kebutuhan Rumah & Mandi,Alat Kesehatan,Kebutuhan Kesehatan
sutra gel pelumas 50 ml,28200.0,NEEDS,Kebutuhan Rumah & Mandi,Alat Kesehatan,Kebutuhan Kesehatan
magic power tisu antiseptik 6 s,16500.0,NEEDS,Kebutuhan Rumah & Mandi,Alat Kesehatan,Kebutuhan Kesehatan
sutra ok kondom impor 3 pcs,15200.0,NEEDS,Kebutuhan Rumah & Mandi,Alat Kesehatan,Kebutuhan Kesehatan
magic power tisu antiseptik ice blast 6 sachet,16200.0,NEEDS,Kebutuhan Rumah & Mandi,Alat Kesehatan,Kebutuhan Kesehatan
vigel gel pelumas 60 g,37000.0,NEEDS,Kebutuhan Rumah & Mandi,Alat Kesehatan,Kebutuhan Kesehatan
durex extra safe kondom tebal 3 pcs,30900.0,NEEDS,Kebutuhan Rumah & Mandi,Alat Kesehatan,Kebutuhan Kesehatan
alfamart tinytan masker dewasa 3d duckbill + 8 air patch,12900.0,NEEDS,Kebutuhan Rumah & Mandi,Alat Kesehatan,Kebutuhan Kesehatan
alfamart tinytan masker dewasa 4d kf98 + 8 air patch,12900.0,NEEDS,Kebutuhan Rumah & Mandi,Alat Kesehatan,Kebutuhan Kesehatan
alfamart tinytan masker dewasa 5d kn95 + 8 air patch,12900.0,NEEDS,Kebutuhan Rumah & Mandi,Alat Kesehatan,Kebutuhan Kesehatan
durex performa kondom tahan lama 3 pcs,43900.0,NEEDS,Kebutuhan Rumah & Mandi,Alat Kesehatan,Kebutuhan Kesehatan
durex invisible kondom extra tipis 2 pcs,57500.0,NEEDS,Kebutuhan Rumah & Mandi,Alat Kesehatan,Kebutuhan Kesehatan
disney masker kain anak assorted,9900.0,NEEDS,Kebutuhan Rumah & Mandi,Alat Kesehatan,Kebutuhan Kesehatan
disney masker kain dewasa wanita,9900.0,NEEDS,Kebutuhan Rumah & Mandi,Alat Kesehatan,Kebutuhan Kesehatan
scorlines masker kain non medis hijab head loop 3 ply,7900.0,NEEDS,Kebutuhan Rumah & Mandi,Alat Kesehatan,Kebutuhan Kesehatan
sure tez strip uji kehamilan,25900.0,NEEDS,Kebutuhan Rumah & Mandi,Alat Kesehatan,Kebutuhan Kesehatan
disney masker kain headloop assorted,9900.0,NEEDS,Kebutuhan Rumah & Mandi,Alat Kesehatan,Kebutuhan Kesehatan
alfamart masker dewasa duckbill premium 3d 20 s,34900.0,NEEDS,Kebutuhan Rumah & Mandi,Alat Kesehatan,Kebutuhan Kesehatan
alfamart masker kain dewasa wanita assorted,14900.0,NEEDS,Kebutuhan Rumah & Mandi,Alat Kesehatan,Kebutuhan Kesehatan
q-life menstrual care plester hangat pereda nyeri haid 1 pcs,16900.0,NEEDS,Kebutuhan Rumah & Mandi,Alat Kesehatan,Kebutuhan Kesehatan
durex extra safe kondom tebal 12 pcs,85000.0,NEEDS,Kebutuhan Rumah & Mandi,Alat Kesehatan,Kebutuhan Kesehatan
durex performa kondom tahan lama 6 pcs,55000.0,NEEDS,Kebutuhan Rumah & Mandi,Alat Kesehatan,Kebutuhan Kesehatan
sos masker dewasa earloop 3 ply 50 s,32900.0,NEEDS,Kebutuhan Rumah & Mandi,Alat Kesehatan,Kebutuhan Kesehatan
alfamart masker anak we bare bears 3 s,7700.0,NEEDS,Kebutuhan Rumah & Mandi,Alat Kesehatan,Kebutuhan Kesehatan
alfamart justice league masker anak 3d duckbill 5 pcs,12400.0,NEEDS,Kebutuhan Rumah & Mandi,Alat Kesehatan,Kebutuhan Kesehatan
alfamart justice league masker anak kf94 4d 4 ply 5 pcs,14100.0,NEEDS,Kebutuhan Rumah & Mandi,Alat Kesehatan,Kebutuhan Kesehatan
alfamart justice league patch aromaterapi 12 s,8900.0,NEEDS,Kebutuhan Rumah & Mandi,Alat Kesehatan,Kebutuhan Kesehatan
durex fetherlite kondom extra tipis aman 12 pcs,85000.0,NEEDS,Kebutuhan Rumah & Mandi,Alat Kesehatan,Kebutuhan Kesehatan
alfamart masker dewasa medis earloop 3 ply 5 pcs,7900.0,NEEDS,Kebutuhan Rumah & Mandi,Alat Kesehatan,Kebutuhan Kesehatan
scorlines masker kain non medis ear loop 3 ply,7900.0,NEEDS,Kebutuhan Rumah & Mandi,Alat Kesehatan,Kebutuhan Kesehatan
disney marvel masker kain anak,14900.0,NEEDS,Kebutuhan Rumah & Mandi,Alat Kesehatan,Kebutuhan Kesehatan
marvel masker kain dewasa pria 1 pcs,14900.0,NEEDS,Kebutuhan Rumah & Mandi,Alat Kesehatan,Kebutuhan Kesehatan
pokana masker dewasa kn95 color series earloop 2 pcs,25000.0,NEEDS,Kebutuhan Rumah & Mandi,Alat Kesehatan,Kebutuhan Kesehatan
thankful masker dewasa earloop 4 ply 30 pcs,53500.0,NEEDS,Kebutuhan Rumah & Mandi,Alat Kesehatan,Kebutuhan Kesehatan
alfamart masker kain anak assorted,14900.0,NEEDS,Kebutuhan Rumah & Mandi,Alat Kesehatan,Kebutuhan Kesehatan
vivo vibe little bunny ring getar & kondom latex,109900.0,NEEDS,Kebutuhan Rumah & Mandi,Alat Kesehatan,Kebutuhan Kesehatan
thankful masker dewasa warna 3d 3 s,8500.0,NEEDS,Kebutuhan Rumah & Mandi,Alat Kesehatan,Kebutuhan Kesehatan
sensi masker dewasa duckbill xl 6 s,17000.0,NEEDS,Kebutuhan Rumah & Mandi,Alat Kesehatan,Kebutuhan Kesehatan
nexcare 3m masker dewasa 3 ply 3 pcs,8900.0,NEEDS,Kebutuhan Rumah & Mandi,Alat Kesehatan,Kebutuhan Kesehatan
sensi masker anak duckbill 3 ply 5 s,19000.0,NEEDS,Kebutuhan Rumah & Mandi,Alat Kesehatan,Kebutuhan Kesehatan
softies masker medis duckshape 3 ply 5 s,10900.0,NEEDS,Kebutuhan Rumah & Mandi,Alat Kesehatan,Kebutuhan Kesehatan
sensi masker dewasa duckbill 3 ply 6 pcs,17000.0,NEEDS,Kebutuhan Rumah & Mandi,Alat Kesehatan,Kebutuhan Kesehatan
oto underpad perlak sekali pakai 10 pcs,34900.0,NEEDS,Kebutuhan Rumah & Mandi,Alat Kesehatan,Kebutuhan Kesehatan
durex love jeans kondom extra pelumas 12 pcs,39900.0,NEEDS,Kebutuhan Rumah & Mandi,Alat Kesehatan,Kebutuhan Kesehatan
skrineer masker dewasa multi fungsi earloop 5 pcs,6900.0,NEEDS,Kebutuhan Rumah & Mandi,Alat Kesehatan,Kebutuhan Kesehatan
thankful masker dewasa earloop 4 ply 5 pcs,7700.0,NEEDS,Kebutuhan Rumah & Mandi,Alat Kesehatan,Kebutuhan Kesehatan
anytime masker dewasa 3d duckbill 4 ply earloop 7 pcs,14500.0,NEEDS,Kebutuhan Rumah & Mandi,Alat Kesehatan,Kebutuhan Kesehatan
skrineer masker dewasa duckbill white 4 ply 5 + 2 pcs,17900.0,NEEDS,Kebutuhan Rumah & Mandi,Alat Kesehatan,Kebutuhan Kesehatan
pokana masker dewasa medis 3 ply black & grey 5 s,11000.0,NEEDS,Kebutuhan Rumah & Mandi,Alat Kesehatan,Kebutuhan Kesehatan
durex play pelumas bahan dasar air 50 ml,69900.0,NEEDS,Kebutuhan Rumah & Mandi,Alat Kesehatan,Kebutuhan Kesehatan
thankful masker dewasa headloop 4 ply 5 pcs,8700.0,NEEDS,Kebutuhan Rumah & Mandi,Alat Kesehatan,Kebutuhan Kesehatan
okamoto 0.03 kondom real fit 2 pcs,30000.0,NEEDS,Kebutuhan Rumah & Mandi,Alat Kesehatan,Kebutuhan Kesehatan
alfamart masker dewasa 3 ply earloop 20 s,13500.0,NEEDS,Kebutuhan Rumah & Mandi,Alat Kesehatan,Kebutuhan Kesehatan
alfamart masker dewasa kn95 5 ply duckbill premium 4 s,12900.0,NEEDS,Kebutuhan Rumah & Mandi,Alat Kesehatan,Kebutuhan Kesehatan
lovers tisu antiseptik pria 6 s,17300.0,NEEDS,Kebutuhan Rumah & Mandi,Alat Kesehatan,Kebutuhan Kesehatan
sutra kondom impor bergerigi 12 pcs,45900.0,NEEDS,Kebutuhan Rumah & Mandi,Alat Kesehatan,Kebutuhan Kesehatan
pokana masker medis earloop 5 pcs,8700.0,NEEDS,Kebutuhan Rumah & Mandi,Alat Kesehatan,Kebutuhan Kesehatan
magic power spray antiseptik pria 15 ml,24400.0,NEEDS,Kebutuhan Rumah & Mandi,Alat Kesehatan,Kebutuhan Kesehatan
okamoto kondom platinum 003 2 pcs,42000.0,NEEDS,Kebutuhan Rumah & Mandi,Alat Kesehatan,Kebutuhan Kesehatan
durex play pelumas sweet strawberry 50 ml,91200.0,NEEDS,Kebutuhan Rumah & Mandi,Alat Kesehatan,Kebutuhan Kesehatan
diapro value perlak sekali pakai segala usia 10 pcs,35900.0,NEEDS,Kebutuhan Rumah & Mandi,Alat Kesehatan,Kebutuhan Kesehatan
vivo 0.01 kondom ekstra tipis non latex 2 pcs,49900.0,NEEDS,Kebutuhan Rumah & Mandi,Alat Kesehatan,Kebutuhan Kesehatan
vivo 0.03 kondom premium ekstra tipis 12 pcs,89000.0,NEEDS,Kebutuhan Rumah & Mandi,Alat Kesehatan,Kebutuhan Kesehatan
vivo classic thin kondom premium 12 pcs,45000.0,NEEDS,Kebutuhan Rumah & Mandi,Alat Kesehatan,Kebutuhan Kesehatan
vivo ultra thin kondom premium 12 pcs,53900.0,NEEDS,Kebutuhan Rumah & Mandi,Alat Kesehatan,Kebutuhan Kesehatan
vivo vibe naughty devil ring getar & kondom latex,105500.0,NEEDS,Kebutuhan Rumah & Mandi,Alat Kesehatan,Kebutuhan Kesehatan
vivo pelumas stroberi 60 g,65000.0,NEEDS,Kebutuhan Rumah & Mandi,Alat Kesehatan,Kebutuhan Kesehatan
alfamart masker dewasa 3d duckbill hitam premium 5 pcs,12700.0,NEEDS,Kebutuhan Rumah & Mandi,Alat Kesehatan,Kebutuhan Kesehatan
skrineer masker hijab duckbill 4 ply headloop 5 + 2 pcs assorted,20900.0,NEEDS,Kebutuhan Rumah & Mandi,Alat Kesehatan,Kebutuhan Kesehatan
alfamart premium masker dewasa 3d 3 ply earloop 5 pcs,12400.0,NEEDS,Kebutuhan Rumah & Mandi,Alat Kesehatan,Kebutuhan Kesehatan
alfamart masker dewasa 4d duckbill premium 4 s,13900.0,NEEDS,Kebutuhan Rumah & Mandi,Alat Kesehatan,Kebutuhan Kesehatan
antis pembersih tangan spray jasmine tea 55 ml,14900.0,NEEDS,Kebutuhan Rumah & Mandi,Produk Higienis,Kebutuhan Kesehatan
instance pembersih tangan spray 100 ml,13900.0,NEEDS,Kebutuhan Rumah & Mandi,Produk Higienis,Kebutuhan Kesehatan
dettol cairan antiseptik botol 95 ml,30000.0,NEEDS,Kebutuhan Rumah & Mandi,Produk Higienis,Kebutuhan Kesehatan
antis double action pembersih tangan spray jeruk nipis 55 ml,15600.0,NEEDS,Kebutuhan Rumah & Mandi,Produk Higienis,Kebutuhan Kesehatan
ika alkohol 70% 100 ml,23900.0,NEEDS,Kebutuhan Rumah & Mandi,Produk Higienis,Kebutuhan Kesehatan
betadine obat luka antiseptik 30 ml,31800.0,NEEDS,Kebutuhan Rumah & Mandi,Produk Higienis,Kebutuhan Kesehatan
dettol cairan antiseptik botol 245 ml,78400.0,NEEDS,Kebutuhan Rumah & Mandi,Produk Higienis,Kebutuhan Kesehatan
nuvo pembersih tangan fresh blossom 85 ml,4300.0,NEEDS,Kebutuhan Rumah & Mandi,Produk Higienis,Kebutuhan Kesehatan
betadine bening antiseptik luka semprot 30 ml,19700.0,NEEDS,Kebutuhan Rumah & Mandi,Produk Higienis,Kebutuhan Kesehatan
betadine ointment obat salep luka antiseptik 5 g,10000.0,NEEDS,Kebutuhan Rumah & Mandi,Produk Higienis,Kebutuhan Kesehatan
dettol cairan antiseptik botol 750 ml,149900.0,NEEDS,Kebutuhan Rumah & Mandi,Produk Higienis,Kebutuhan Kesehatan
betadine sabun cair antiseptik 100 ml,31000.0,NEEDS,Kebutuhan Rumah & Mandi,Produk Higienis,Kebutuhan Kesehatan
hot wheels colour shifters mainan mobil anak assorted,49900.0,WANTS,Hobi & Self-Reward,Mainan & Hiburan,Lifestyle
polly pocket boneka mainan anak assorted kecil,29900.0,WANTS,Hobi & Self-Reward,Mainan & Hiburan,Lifestyle
mega pokemon ball mainan anak assorted,39900.0,WANTS,Hobi & Self-Reward,Mainan & Hiburan,Lifestyle
hot wheels new pull back racer mainan mobil anak assorted,49900.0,WANTS,Hobi & Self-Reward,Mainan & Hiburan,Lifestyle
emco hot shots bolt-xf pistol peluru busa mainan anak assorted,54900.0,WANTS,Hobi & Self-Reward,Mainan & Hiburan,Lifestyle
hot wheels neon speeders mainan mobil anak assorted,32900.0,WANTS,Hobi & Self-Reward,Mainan & Hiburan,Lifestyle
alfamart puffy buddies boneka keychain assorted,149900.0,WANTS,Hobi & Self-Reward,Mainan & Hiburan,Lifestyle
marvel spider-man puzzle 2 in 1 mainan anak,10900.0,WANTS,Hobi & Self-Reward,Mainan & Hiburan,Lifestyle
apolo wobble wobble mainan anak seri hewan assorted,54900.0,WANTS,Hobi & Self-Reward,Mainan & Hiburan,Lifestyle
marvel puzzle tempat pensil + puzzle mainan anak assorted,13500.0,WANTS,Hobi & Self-Reward,Mainan & Hiburan,Lifestyle
disney rubik mainan anak d100s2 assorted,20500.0,WANTS,Hobi & Self-Reward,Mainan & Hiburan,Lifestyle
disney puzzle mobil mainan anak d100s2 assorted,14500.0,WANTS,Hobi & Self-Reward,Mainan & Hiburan,Lifestyle
apolo whack a pal mainan anak fidget assorted,24900.0,WANTS,Hobi & Self-Reward,Mainan & Hiburan,Lifestyle
hot wheels fast & furious 2025 mainan mobil anak assorted,32900.0,WANTS,Hobi & Self-Reward,Mainan & Hiburan,Lifestyle
apolo where's my food mainan anak assorted,29900.0,WANTS,Hobi & Self-Reward,Mainan & Hiburan,Lifestyle
hot wheels 57th anniversary mainan mobil anak assorted,32900.0,WANTS,Hobi & Self-Reward,Mainan & Hiburan,Lifestyle
apolo glimmer gems mainan anak assorted,29900.0,WANTS,Hobi & Self-Reward,Mainan & Hiburan,Lifestyle
emco kix brix mainan bricks sepatu assorted,44900.0,WANTS,Hobi & Self-Reward,Mainan & Hiburan,Lifestyle
gar'da kencana kartu permainan domino,10400.0,WANTS,Hobi & Self-Reward,Mainan & Hiburan,Lifestyle
apolo msz mainan mobil anak pullback assorted,70500.0,WANTS,Hobi & Self-Reward,Mainan & Hiburan,Lifestyle
matchbox basic mainan mobil anak assorted,35900.0,WANTS,Hobi & Self-Reward,Mainan & Hiburan,Lifestyle
hot wheels monster trucks mainan mobil anak assorted,99900.0,WANTS,Hobi & Self-Reward,Mainan & Hiburan,Lifestyle
my little pony puzzle 2 in 1 mainan anak assorted,18500.0,WANTS,Hobi & Self-Reward,Mainan & Hiburan,Lifestyle
unicorn stiker mainan anak assorted,19900.0,WANTS,Hobi & Self-Reward,Mainan & Hiburan,Lifestyle
unicorn mainan kosmetik anak set,34900.0,WANTS,Hobi & Self-Reward,Mainan & Hiburan,Lifestyle
emco me & my charmz mainan diy gelang & kalung anak,39900.0,WANTS,Hobi & Self-Reward,Mainan & Hiburan,Lifestyle
emco slime time mainan anak,24900.0,WANTS,Hobi & Self-Reward,Mainan & Hiburan,Lifestyle
uno express seri indonesia kartu permainan assorted,24900.0,WANTS,Hobi & Self-Reward,Mainan & Hiburan,Lifestyle
monster jam mainan mobil anak assorted,34900.0,WANTS,Hobi & Self-Reward,Mainan & Hiburan,Lifestyle
cat little machines mainan mobil anak assorted,32900.0,WANTS,Hobi & Self-Reward,Mainan & Hiburan,Lifestyle
matchbox premium mainan mobil anak assorted,59900.0,WANTS,Hobi & Self-Reward,Mainan & Hiburan,Lifestyle
emco lil chefz fun with food mainan buah / sayur anak,49900.0,WANTS,Hobi & Self-Reward,Mainan & Hiburan,Lifestyle
rhino unicorn water slime mainan anak assorted,35500.0,WANTS,Hobi & Self-Reward,Mainan & Hiburan,Lifestyle
tech deck mainan skateboard jari assorted,59900.0,WANTS,Hobi & Self-Reward,Mainan & Hiburan,Lifestyle
fullhouse kartu permainan remi,13000.0,WANTS,Hobi & Self-Reward,Mainan & Hiburan,Lifestyle
emco fun with colors mainan anak,49900.0,WANTS,Hobi & Self-Reward,Mainan & Hiburan,Lifestyle
matchbox special themed mainan mobil anak assorted,35900.0,WANTS,Hobi & Self-Reward,Mainan & Hiburan,Lifestyle
frozen slime mix mainan anak assorted,21900.0,WANTS,Hobi & Self-Reward,Mainan & Hiburan,Lifestyle
disney princess slime mix mainan anak assorted,21900.0,WANTS,Hobi & Self-Reward,Mainan & Hiburan,Lifestyle
disney princess stiker diamond mainan anak assorted,16500.0,WANTS,Hobi & Self-Reward,Mainan & Hiburan,Lifestyle
disney princess squishy jelly mainan anak assorted,22000.0,WANTS,Hobi & Self-Reward,Mainan & Hiburan,Lifestyle
uno get wild kartu permainan,50900.0,WANTS,Hobi & Self-Reward,Mainan & Hiburan,Lifestyle
uno flip kartu permainan,60900.0,WANTS,Hobi & Self-Reward,Mainan & Hiburan,Lifestyle
uno all wild kartu permainan,60900.0,WANTS,Hobi & Self-Reward,Mainan & Hiburan,Lifestyle
uno no mercy kartu permainan,66900.0,WANTS,Hobi & Self-Reward,Mainan & Hiburan,Lifestyle
emco super dough dessert parlour mainan plastisin anak bentuk es krim & waffle,80900.0,WANTS,Hobi & Self-Reward,Mainan & Hiburan,Lifestyle
emco marvel mainan mobil anak + track flip & crash challenge assorted,99000.0,WANTS,Hobi & Self-Reward,Mainan & Hiburan,Lifestyle
disney slime mainan anak d224 assorted,21900.0,WANTS,Hobi & Self-Reward,Mainan & Hiburan,Lifestyle
disney squishy jelly princess d224 mainan anak assorted,22500.0,WANTS,Hobi & Self-Reward,Mainan & Hiburan,Lifestyle
disney balon tiup mainan anak d224 assorted,13900.0,WANTS,Hobi & Self-Reward,Mainan & Hiburan,Lifestyle
emco hydraulic systems mainan anak ekskavator,299000.0,WANTS,Hobi & Self-Reward,Mainan & Hiburan,Lifestyle
majorette collectible wheel mainan mobil anak assorted,52500.0,WANTS,Hobi & Self-Reward,Mainan & Hiburan,Lifestyle
play-doh mini mainan anak 4 pcs 224 g,34900.0,WANTS,Hobi & Self-Reward,Mainan & Hiburan,Lifestyle
disney cars stiker 3d shake me mainan anak,13900.0,WANTS,Hobi & Self-Reward,Mainan & Hiburan,Lifestyle
majorette vintage ford mustang mainan mobil anak assorted,52500.0,WANTS,Hobi & Self-Reward,Mainan & Hiburan,Lifestyle
marvel celengan assorted,19900.0,WANTS,Hobi & Self-Reward,Mainan & Hiburan,Lifestyle
disney celengan assorted,19900.0,WANTS,Hobi & Self-Reward,Mainan & Hiburan,Lifestyle
disney frozen ii stiker 3d shake me mainan anak,19900.0,WANTS,Hobi & Self-Reward,Mainan & Hiburan,Lifestyle
disney frozen paket seni mini,19900.0,WANTS,Hobi & Self-Reward,Mainan & Hiburan,Lifestyle
disney frozen ii album stiker mainan anak assorted,9700.0,WANTS,Hobi & Self-Reward,Mainan & Hiburan,Lifestyle
play-doh mainan anak assorted 1 pcs,19000.0,WANTS,Hobi & Self-Reward,Mainan & Hiburan,Lifestyle
rhino wiggly jelly mainan anak,39000.0,WANTS,Hobi & Self-Reward,Mainan & Hiburan,Lifestyle
deno slime pupoo mainan anak assorted,27900.0,WANTS,Hobi & Self-Reward,Mainan & Hiburan,Lifestyle
rhino catch the monster mainan anak assorted,39000.0,WANTS,Hobi & Self-Reward,Mainan & Hiburan,Lifestyle
d-no balon air boom jumbo mainan anak 72 pcs,24900.0,WANTS,Hobi & Self-Reward,Mainan & Hiburan,Lifestyle
apolo balon quu mainan anak assorted,24900.0,WANTS,Hobi & Self-Reward,Mainan & Hiburan,Lifestyle
rhino shimmer shacker mainan anak assorted,39900.0,WANTS,Hobi & Self-Reward,Mainan & Hiburan,Lifestyle
rhino stiker doodle diy mainan anak assorted,39900.0,WANTS,Hobi & Self-Reward,Mainan & Hiburan,Lifestyle
hot wheels compact case tempat penyimpanan,69900.0,WANTS,Hobi & Self-Reward,Mainan & Hiburan,Lifestyle
rhino sweetlicious squishy mainan anak assorted,39000.0,WANTS,Hobi & Self-Reward,Mainan & Hiburan,Lifestyle
rhino delta bot mainan robot anak assorted,39900.0,WANTS,Hobi & Self-Reward,Mainan & Hiburan,Lifestyle
sanrio stiker embossed mainan anak assorted,19900.0,WANTS,Hobi & Self-Reward,Mainan & Hiburan,Lifestyle
sanrio stiker shaker mainan anak assorted,19900.0,WANTS,Hobi & Self-Reward,Mainan & Hiburan,Lifestyle
sanrio cinnamoroll play set mainan anak assorted,39900.0,WANTS,Hobi & Self-Reward,Mainan & Hiburan,Lifestyle
emco metal-z racers mainan mobil anak pull back assorted,59900.0,WANTS,Hobi & Self-Reward,Mainan & Hiburan,Lifestyle
rhino mi gemesh mainan anak assorted,39900.0,WANTS,Hobi & Self-Reward,Mainan & Hiburan,Lifestyle
qman pokemon quest mainan bricks anak assorted,32900.0,WANTS,Hobi & Self-Reward,Mainan & Hiburan,Lifestyle
rhino bola remas anti stres mainan anak assorted,49900.0,WANTS,Hobi & Self-Reward,Mainan & Hiburan,Lifestyle
ldcx mainan anak sanrio face off figures assorted,59900.0,WANTS,Hobi & Self-Reward,Mainan & Hiburan,Lifestyle
sanrio diy mainan anak lukis patung a124 assorted,29900.0,WANTS,Hobi & Self-Reward,Mainan & Hiburan,Lifestyle
uno flip express kartu permainan,29900.0,WANTS,Hobi & Self-Reward,Mainan & Hiburan,Lifestyle
sanrio jelly stiker mainan anak assorted,19900.0,WANTS,Hobi & Self-Reward,Mainan & Hiburan,Lifestyle
rhino glimmer bliss balon mainan anak,39900.0,WANTS,Hobi & Self-Reward,Mainan & Hiburan,Lifestyle
blokees mainan action figures transformers galaxy version 01 - blind box,79900.0,WANTS,Hobi & Self-Reward,Mainan & Hiburan,Lifestyle
blokees mainan action figures transformers defender version 02 - blind box,29900.0,WANTS,Hobi & Self-Reward,Mainan & Hiburan,Lifestyle
rhino tarik-tarik mainan anak assorted,39900.0,WANTS,Hobi & Self-Reward,Mainan & Hiburan,Lifestyle
zuru rainbocorns eggzania boneka plush baby mania rainbow 1 pcs assorted,59900.0,WANTS,Hobi & Self-Reward,Mainan & Hiburan,Lifestyle
sanrio squishy jelly a224 mainan anak assorted,39900.0,WANTS,Hobi & Self-Reward,Mainan & Hiburan,Lifestyle
rhino lightlyte diy mainan anak assorted,39900.0,WANTS,Hobi & Self-Reward,Mainan & Hiburan,Lifestyle
hot wheels the hot ones mainan mobil anak assorted,59900.0,WANTS,Hobi & Self-Reward,Mainan & Hiburan,Lifestyle
apolo meow play mainan anak assorted,21900.0,WANTS,Hobi & Self-Reward,Mainan & Hiburan,Lifestyle
alfamart disney shaker diorama mainan anak assorted d125,19900.0,WANTS,Hobi & Self-Reward,Mainan & Hiburan,Lifestyle
barbie fashionista aksesoris gelang mainan anak assorted,54900.0,WANTS,Hobi & Self-Reward,Mainan & Hiburan,Lifestyle
vr toys kawaii mainan kuku princess tempel palsu mainan anak 12 pcs assorted,15900.0,WANTS,Hobi & Self-Reward,Mainan & Hiburan,Lifestyle
my little pony figure assorted,59900.0,WANTS,Hobi & Self-Reward,Mainan & Hiburan,Lifestyle
fuggler funny ugly monster gantungan kunci collectible assorted,59900.0,WANTS,Hobi & Self-Reward,Mainan & Hiburan,Lifestyle
hot wheels 25th anniversary series fast & furious mainan mobil assorted,59900.0,WANTS,Hobi & Self-Reward,Mainan & Hiburan,Lifestyle
hot wheels new pearl & chrome mainan mobil assorted,59900.0,WANTS,Hobi & Self-Reward,Mainan & Hiburan,Lifestyle
spongebob squarepants buddies mainan collectible figurines assorted,29900.0,WANTS,Hobi & Self-Reward,Mainan & Hiburan,Lifestyle
bydesign squish attack smiley face mainan anak squishy assorted,39900.0,WANTS,Hobi & Self-Reward,Mainan & Hiburan,Lifestyle
bydesign ugly cute pop eyes axolotl mainan anak squishy assorted,28500.0,WANTS,Hobi & Self-Reward,Mainan & Hiburan,Lifestyle
bydesign irre sqweezy tube man mainan anak squishy assorted,39900.0,WANTS,Hobi & Self-Reward,Mainan & Hiburan,Lifestyle
apolo snap toys mainan anak assorted,29900.0,WANTS,Hobi & Self-Reward,Mainan & Hiburan,Lifestyle
super dough flower maker mainan anak assorted,49900.0,WANTS,Hobi & Self-Reward,Mainan & Hiburan,Lifestyle
apolo majestic sand mainan anak pasir ajaib assorted,37900.0,WANTS,Hobi & Self-Reward,Mainan & Hiburan,Lifestyle
gabby's doll house mainan anak assorted,24900.0,WANTS,Hobi & Self-Reward,Mainan & Hiburan,Lifestyle
barbie gantungan kunci jet tag assorted,49900.0,WANTS,Hobi & Self-Reward,Mainan & Hiburan,Lifestyle
hot wheels silver pantone mainan mobil assorted,59900.0,WANTS,Hobi & Self-Reward,Mainan & Hiburan,Lifestyle
disney avenger pop pack set alat tulis topper puzzle assorted,13500.0,WANTS,Hobi & Self-Reward,Mainan & Hiburan,Lifestyle
disney princess paket seni mini,11900.0,WANTS,Hobi & Self-Reward,Mainan & Hiburan,Lifestyle
disney princess stiker 3d shake me mainan anak,19900.0,WANTS,Hobi & Self-Reward,Mainan & Hiburan,Lifestyle
disney princess stiker 3d mainan anak assorted,9900.0,WANTS,Hobi & Self-Reward,Mainan & Hiburan,Lifestyle
disney stiker 3d mainan anak frozen,9900.0,WANTS,Hobi & Self-Reward,Mainan & Hiburan,Lifestyle
stiker 3d hewan mainan anak assorted,9900.0,WANTS,Hobi & Self-Reward,Mainan & Hiburan,Lifestyle
stiker 3d kendaraan mainan anak assorted,9900.0,WANTS,Hobi & Self-Reward,Mainan & Hiburan,Lifestyle
magic princess slime mainan anak assorted,34900.0,WANTS,Hobi & Self-Reward,Mainan & Hiburan,Lifestyle
sanrio diy beads diamond painting a124 mainan anak assorted,29900.0,WANTS,Hobi & Self-Reward,Mainan & Hiburan,Lifestyle
sanrio slime a124 mainan anak assorted,39900.0,WANTS,Hobi & Self-Reward,Mainan & Hiburan,Lifestyle
vr toys mini pancing mania mainan anak assorted,29900.0,WANTS,Hobi & Self-Reward,Mainan & Hiburan,Lifestyle
alfamart disney catch the jelly mainan anak assorted d125,34900.0,WANTS,Hobi & Self-Reward,Mainan & Hiburan,Lifestyle
vr toys mainan slime color wheel putty,32900.0,WANTS,Hobi & Self-Reward,Mainan & Hiburan,Lifestyle
alfamart marvel yoyo d225 mainan anak assorted,29900.0,WANTS,Hobi & Self-Reward,Mainan & Hiburan,Lifestyle
alfamart disney balon tiup lotso assorted,24900.0,WANTS,Hobi & Self-Reward,Mainan & Hiburan,Lifestyle
alfamart disney balon tiup marvel assorted,24900.0,WANTS,Hobi & Self-Reward,Mainan & Hiburan,Lifestyle
alfamart disney slime mix mainan anak d225 assorted,34900.0,WANTS,Hobi & Self-Reward,Mainan & Hiburan,Lifestyle
apolo action figure mini ultraman assorted,49900.0,WANTS,Hobi & Self-Reward,Mainan & Hiburan,Lifestyle
emco tornado tops mainan gasing anak single top,29900.0,WANTS,Hobi & Self-Reward,Mainan & Hiburan,Lifestyle
emco tornado tops mainan gasing anak launcher dan top,69900.0,WANTS,Hobi & Self-Reward,Mainan & Hiburan,Lifestyle
vr toys letter bandz aksesoris mainan diy gelang anak,34900.0,WANTS,Hobi & Self-Reward,Mainan & Hiburan,Lifestyle
vr toys amizing kitchen mainan makanan anak,44900.0,WANTS,Hobi & Self-Reward,Mainan & Hiburan,Lifestyle
rhino plush boneka keychain blind box assorted,29900.0,WANTS,Hobi & Self-Reward,Mainan & Hiburan,Lifestyle
rhino resin keychain blind box assorted,29900.0,WANTS,Hobi & Self-Reward,Mainan & Hiburan,Lifestyle
duck a looz figure assorted,39900.0,WANTS,Hobi & Self-Reward,Mainan & Hiburan,Lifestyle
emco pop a toy egg mainan anak surprise assorted,14900.0,WANTS,Hobi & Self-Reward,Mainan & Hiburan,Lifestyle
blokees wheels mainan transformers c01 roll out assorted,37900.0,WANTS,Hobi & Self-Reward,Mainan & Hiburan,Lifestyle
vr toys gorgeous girl xoxo blind box mainan anak assorted,29900.0,WANTS,Hobi & Self-Reward,Mainan & Hiburan,Lifestyle
hot wheels basic cars mainan mobil anak assorted,35900.0,WANTS,Hobi & Self-Reward,Mainan & Hiburan,Lifestyle
vr toys bear cup slime mainan anak assorted,39900.0,WANTS,Hobi & Self-Reward,Mainan & Hiburan,Lifestyle
thomas & friends mainan kereta koleksi anak assorted,24900.0,WANTS,Hobi & Self-Reward,Mainan & Hiburan,Lifestyle
hot wheels mattel 80 anniversary mainan mobil assorted,15900.0,WANTS,Hobi & Self-Reward,Mainan & Hiburan,Lifestyle
emco nubiez boneka mainan anak my lil' baby assorted,27900.0,WANTS,Hobi & Self-Reward,Mainan & Hiburan,Lifestyle
hot wheels silver series porsche 935 mainan mobil chinese new year 2026,59900.0,WANTS,Hobi & Self-Reward,Mainan & Hiburan,Lifestyle
sanrio characters kartu koleksi assorted,4350.0,WANTS,Hobi & Self-Reward,Mainan & Hiburan,Lifestyle
iqangel the magic single pendulum mainan anak susun balok & marble run,230000.0,WANTS,Hobi & Self-Reward,Mainan & Hiburan,Lifestyle
iqangel creative mainan susun balok & marble run anak 58 pcs,189000.0,WANTS,Hobi & Self-Reward,Mainan & Hiburan,Lifestyle
iqangel mainan mobil truk anak,30000.0,WANTS,Hobi & Self-Reward,Mainan & Hiburan,Lifestyle
iqangel mainan anak bentuk mobil polisi,30000.0,WANTS,Hobi & Self-Reward,Mainan & Hiburan,Lifestyle
iqangel animal series mainan anak bentuk gajah abu-abu,30000.0,WANTS,Hobi & Self-Reward,Mainan & Hiburan,Lifestyle
iqangel animal series mainan anak bentuk gajah biru,30000.0,WANTS,Hobi & Self-Reward,Mainan & Hiburan,Lifestyle
iqangel animal series mainan anak bentuk rusa cokelat,30000.0,WANTS,Hobi & Self-Reward,Mainan & Hiburan,Lifestyle
iqangel animal series mainan anak bentuk rusa pink,30000.0,WANTS,Hobi & Self-Reward,Mainan & Hiburan,Lifestyle
iqangel animal series mainan anak bentuk sapi pink,30000.0,WANTS,Hobi & Self-Reward,Mainan & Hiburan,Lifestyle
iqangel animal series mainan anak bentuk burung hantu navy,30000.0,WANTS,Hobi & Self-Reward,Mainan & Hiburan,Lifestyle
iqangel animal series mainan anak bentuk burung hantu biru,30000.0,WANTS,Hobi & Self-Reward,Mainan & Hiburan,Lifestyle
iqangel engineering mainan truk ekskavator anak,43000.0,WANTS,Hobi & Self-Reward,Mainan & Hiburan,Lifestyle
beringin toys xylophone h01 mainan anak,32900.0,WANTS,Hobi & Self-Reward,Mainan & Hiburan,Lifestyle
iqangel animal series mainan anak bentuk sapi putih,30000.0,WANTS,Hobi & Self-Reward,Mainan & Hiburan,Lifestyle
iqangel animal series mainan anak bentuk sapi cokelat,30000.0,WANTS,Hobi & Self-Reward,Mainan & Hiburan,Lifestyle
iqangel mainan mandi anak pump & spray,90000.0,WANTS,Hobi & Self-Reward,Mainan & Hiburan,Lifestyle
iqangel mainan diy mandi bayi & anak,159000.0,WANTS,Hobi & Self-Reward,Mainan & Hiburan,Lifestyle
iqangel mainan anak boneka bayi merangkak pink,155000.0,WANTS,Hobi & Self-Reward,Mainan & Hiburan,Lifestyle
iqangel light & sound mainan mobil ambulans anak iqbt0147-1,53900.0,WANTS,Hobi & Self-Reward,Mainan & Hiburan,Lifestyle
iqangel light & sound mainan truk ekskavator anak,53900.0,WANTS,Hobi & Self-Reward,Mainan & Hiburan,Lifestyle
iqangel mainan mobil anak dinosaurus biru,30000.0,WANTS,Hobi & Self-Reward,Mainan & Hiburan,Lifestyle
iqangel mainan mobil anak soft pull back 2 pcs,117000.0,WANTS,Hobi & Self-Reward,Mainan & Hiburan,Lifestyle
iqangel light & sound mainan mobil ambulans anak iq698,53900.0,WANTS,Hobi & Self-Reward,Mainan & Hiburan,Lifestyle
minecraft flippin figs 2 in 1 mainan anak assorted,165000.0,WANTS,Hobi & Self-Reward,Mainan & Hiburan,Lifestyle
mega bloks big building bag balok susun mainan anak 60 pcs,280000.0,WANTS,Hobi & Self-Reward,Mainan & Hiburan,Lifestyle
iqangel mainan kerincingan & gigitan bayi bentuk apel,52000.0,WANTS,Hobi & Self-Reward,Mainan & Hiburan,Lifestyle
iqangel mainan kerincingan & gigitan bayi bahan silikon,76000.0,WANTS,Hobi & Self-Reward,Mainan & Hiburan,Lifestyle
iqangel gripnchew mainan kerincingan & gigitan bayi,95200.0,WANTS,Hobi & Self-Reward,Mainan & Hiburan,Lifestyle
goodway mainan kerincingan & gigitan bayi colorful ring,52000.0,WANTS,Hobi & Self-Reward,Mainan & Hiburan,Lifestyle
goodway mainan kerincingan & gigitan bayi bentuk tamborin,31200.0,WANTS,Hobi & Self-Reward,Mainan & Hiburan,Lifestyle
beringin toys funny fisher game mainan anak pancing ikan magnet,43000.0,WANTS,Hobi & Self-Reward,Mainan & Hiburan,Lifestyle
beringin toys early eduaction mainan anak huruf alfabet magnet,50000.0,WANTS,Hobi & Self-Reward,Mainan & Hiburan,Lifestyle
beringin toys puzzle wooden metal box mainan anak,46000.0,WANTS,Hobi & Self-Reward,Mainan & Hiburan,Lifestyle
beringin toys stacking puzzle metal box mainan anak,46000.0,WANTS,Hobi & Self-Reward,Mainan & Hiburan,Lifestyle
beringin toys puzzle 3d cube metal box mainan anak,46700.0,WANTS,Hobi & Self-Reward,Mainan & Hiburan,Lifestyle
beringin toys puzzle balok construction metal box mainan anak,46000.0,WANTS,Hobi & Self-Reward,Mainan & Hiburan,Lifestyle
rhino bubble galaxy mainan pistol gelembung sabun 1 pcs assorted,39000.0,WANTS,Hobi & Self-Reward,Mainan & Hiburan,Lifestyle
barbie snowflakez mainan anak pasir kinetik assorted,39900.0,WANTS,Hobi & Self-Reward,Mainan & Hiburan,Lifestyle
matchbox skybusters mainan pesawat anak assorted,64900.0,WANTS,Hobi & Self-Reward,Mainan & Hiburan,Lifestyle
disney stitch minis action figure kapsul mainan anak assorted,34900.0,WANTS,Hobi & Self-Reward,Mainan & Hiburan,Lifestyle
emco pocket titans mainan anak assorted,27900.0,WANTS,Hobi & Self-Reward,Mainan & Hiburan,Lifestyle
emco mainan washy kitties assorted,29900.0,WANTS,Hobi & Self-Reward,Mainan & Hiburan,Lifestyle
crayola imagipals mainan bentuk hewan assorted,19900.0,WANTS,Hobi & Self-Reward,Mainan & Hiburan,Lifestyle
emco boba tea mainan squishy assorted,29900.0,WANTS,Hobi & Self-Reward,Mainan & Hiburan,Lifestyle
thats gross eye flinger mainan ketapel led,18500.0,WANTS,Hobi & Self-Reward,Mainan & Hiburan,Lifestyle
puff ups plush ball mainan bola boneka assorted,49900.0,WANTS,Hobi & Self-Reward,Mainan & Hiburan,Lifestyle
vr toys toilet trouble mainan anak assorted,19900.0,WANTS,Hobi & Self-Reward,Mainan & Hiburan,Lifestyle
vr toys magnetic racing car mainan mobil anak assorted,24900.0,WANTS,Hobi & Self-Reward,Mainan & Hiburan,Lifestyle
deno squeeze bola remas mainan anak,19900.0,WANTS,Hobi & Self-Reward,Mainan & Hiburan,Lifestyle
emco pokeball mainan anak assorted,64900.0,WANTS,Hobi & Self-Reward,Mainan & Hiburan,Lifestyle
emco pop a toy mainan anak kejutan assorted,7900.0,WANTS,Hobi & Self-Reward,Mainan & Hiburan,Lifestyle
emco bling bandz aksesoris gelang mainan anak,44900.0,WANTS,Hobi & Self-Reward,Mainan & Hiburan,Lifestyle
emco gyrotron mainan gasing anak assorted,19900.0,WANTS,Hobi & Self-Reward,Mainan & Hiburan,Lifestyle
emco pop a toy mystery box mainan anak,44900.0,WANTS,Hobi & Self-Reward,Mainan & Hiburan,Lifestyle
toy source frugish boneka buah dan sayur keychain assorted,39900.0,WANTS,Hobi & Self-Reward,Mainan & Hiburan,Lifestyle
irre squish tible mainan squishy kool kube assorted,34900.0,WANTS,Hobi & Self-Reward,Mainan & Hiburan,Lifestyle
squeeze kitty mainan squishy kucing assorted,37500.0,WANTS,Hobi & Self-Reward,Mainan & Hiburan,Lifestyle
alfamart eco paper bag tanpa handle,1000.0,WANTS,Hobi & Self-Reward,Fashion,Lifestyle
alfamart tas belanja eco bag 38 x 45 cm assorted,6100.0,WANTS,Hobi & Self-Reward,Fashion,Lifestyle
scorlines celana dalam wanita l 2 pcs,33500.0,WANTS,Hobi & Self-Reward,Fashion,Lifestyle
scorlines celana dalam wanita xl 2 pcs,33500.0,WANTS,Hobi & Self-Reward,Fashion,Lifestyle
alfamart sandal slippers all size,31900.0,WANTS,Hobi & Self-Reward,Fashion,Lifestyle
gtman celana dalam pria gmkm size xl 3 pcs,78900.0,WANTS,Hobi & Self-Reward,Fashion,Lifestyle
alfamart singlet kaos dalam putih l,34900.0,WANTS,Hobi & Self-Reward,Fashion,Lifestyle
alfamart / scorlines singlet kaos dalam putih xl,34900.0,WANTS,Hobi & Self-Reward,Fashion,Lifestyle
scorlines kaos kaki sekolah anak,19900.0,WANTS,Hobi & Self-Reward,Fashion,Lifestyle
gtman celana dalam pria gmkm size l 3 pcs,79700.0,WANTS,Hobi & Self-Reward,Fashion,Lifestyle
alfamart sandal jepit modern 11 assorted,31500.0,WANTS,Hobi & Self-Reward,Fashion,Lifestyle
alfamart sandal jepit classic 10 assorted,25500.0,WANTS,Hobi & Self-Reward,Fashion,Lifestyle
pierre cardin pringle kaos kaki pria kasual anti bakteri,33800.0,WANTS,Hobi & Self-Reward,Fashion,Lifestyle
alfamart ikat rambut basic assorted,15900.0,WANTS,Hobi & Self-Reward,Fashion,Lifestyle
scorlines jepit rambut unicorn besar,19000.0,WANTS,Hobi & Self-Reward,Fashion,Lifestyle
scorlines jepit rambut unicorn,11900.0,WANTS,Hobi & Self-Reward,Fashion,Lifestyle
scorlines ikat rambut karet jepang basic,12500.0,WANTS,Hobi & Self-Reward,Fashion,Lifestyle
scorlines jepit rambut 2 pcs assorted,12500.0,WANTS,Hobi & Self-Reward,Fashion,Lifestyle
alfamart celana dalam pria classic brief xl 3 pcs,42900.0,WANTS,Hobi & Self-Reward,Fashion,Lifestyle
alfamart celana dalam pria classic brief l 3 pcs,42900.0,WANTS,Hobi & Self-Reward,Fashion,Lifestyle
scorlines kaos oblong misty m,33900.0,WANTS,Hobi & Self-Reward,Fashion,Lifestyle
scorlines kaos oblong misty l,43900.0,WANTS,Hobi & Self-Reward,Fashion,Lifestyle
scorlines kaos oblong misty xl,43900.0,WANTS,Hobi & Self-Reward,Fashion,Lifestyle
alfamart boxer pria l / xl assorted,26900.0,WANTS,Hobi & Self-Reward,Fashion,Lifestyle
alfamart kaos oblong putih l,45900.0,WANTS,Hobi & Self-Reward,Fashion,Lifestyle
disney princess aksesoris rambut set assorted,13500.0,WANTS,Hobi & Self-Reward,Fashion,Lifestyle
marvel spider-man topi assorted,48500.0,WANTS,Hobi & Self-Reward,Fashion,Lifestyle
disney ikat rambut d100s1 assorted,8900.0,WANTS,Hobi & Self-Reward,Fashion,Lifestyle
disney princess jepit rambut anak d100s2 assorted,10500.0,WANTS,Hobi & Self-Reward,Fashion,Lifestyle
alfamart kaos kaki olahraga assorted,19900.0,WANTS,Hobi & Self-Reward,Fashion,Lifestyle
alfamart kaos kaki bisnis assorted,21500.0,WANTS,Hobi & Self-Reward,Fashion,Lifestyle
alfamart celana dalam pria classic brief m 3 pcs,41900.0,WANTS,Hobi & Self-Reward,Fashion,Lifestyle
scorlines celana boxer pria l,26500.0,WANTS,Hobi & Self-Reward,Fashion,Lifestyle
alfamart tas belanja we bare bears assorted,34900.0,WANTS,Hobi & Self-Reward,Fashion,Lifestyle
alfamart celana dalam wanita l 2 pcs,33900.0,WANTS,Hobi & Self-Reward,Fashion,Lifestyle
alfamart kaos oblong putih xl,45900.0,WANTS,Hobi & Self-Reward,Fashion,Lifestyle
alfamart bt21 jepit rambut karakter assorted,28500.0,WANTS,Hobi & Self-Reward,Fashion,Lifestyle
alfamart bt21 ikat rambut assorted,28900.0,WANTS,Hobi & Self-Reward,Fashion,Lifestyle
alfamart bt21 cermin set assorted,28500.0,WANTS,Hobi & Self-Reward,Fashion,Lifestyle
alfamart bt21 ikat rambut assorted,28900.0,WANTS,Hobi & Self-Reward,Fashion,Lifestyle
alfamart cepol hijab assorted,29900.0,WANTS,Hobi & Self-Reward,Fashion,Lifestyle
vr toys lucky phone charm strap gantungan ponsel assorted,44900.0,WANTS,Hobi & Self-Reward,Fashion,Lifestyle
alfamart disney gantungan kunci kristal assorted d125,34900.0,WANTS,Hobi & Self-Reward,Fashion,Lifestyle
alfamart celana dalam boxer pria sport xl assorted,39900.0,WANTS,Hobi & Self-Reward,Fashion,Lifestyle
alfamart celana dalam boxer pria sport l assorted,39900.0,WANTS,Hobi & Self-Reward,Fashion,Lifestyle
alfamart sandal jepit premium all size assorted,49900.0,WANTS,Hobi & Self-Reward,Fashion,Lifestyle
alfamart sandal jepit classic 10.5 assorted,26500.0,WANTS,Hobi & Self-Reward,Fashion,Lifestyle
alfamart sandal jepit new assorted,31300.0,WANTS,Hobi & Self-Reward,Fashion,Lifestyle
alfamart kaos kaki pendek assorted,19900.0,WANTS,Hobi & Self-Reward,Fashion,Lifestyle
gtman brief celana dalam pria gtk-05 m 2 pcs,104500.0,WANTS,Hobi & Self-Reward,Fashion,Lifestyle
gtman total comfort celana dalam pria mini spandex 708 l 2 pcs,80500.0,WANTS,Hobi & Self-Reward,Fashion,Lifestyle
gtman brief celana dalam pria gtk-05 l 2 pcs,104500.0,WANTS,Hobi & Self-Reward,Fashion,Lifestyle
gtman total comfort celana dalam pria mini spandex 708 xl 2 pcs,80500.0,WANTS,Hobi & Self-Reward,Fashion,Lifestyle
alfamart tas belanja eco bag 30 x 40 cm assorted,4600.0,WANTS,Hobi & Self-Reward,Fashion,Lifestyle
alfamart eco paper bag,1900.0,WANTS,Hobi & Self-Reward,Fashion,Lifestyle
scorlines jepit rambut jedai assorted,15000.0,WANTS,Hobi & Self-Reward,Fashion,Lifestyle
alfamart celana dalam wanita xl 2 pcs,44900.0,WANTS,Hobi & Self-Reward,Fashion,Lifestyle
alfamart bt21 ikat rambut assorted,15900.0,WANTS,Hobi & Self-Reward,Fashion,Lifestyle
alfamart bt21 ikat rambut karakter assorted,24500.0,WANTS,Hobi & Self-Reward,Fashion,Lifestyle
alfamart lem perekat serbaguna 10 g,8900.0,OTHERS,Lain-lain & Darurat,Perlengkapan Kantor & Sekolah,Lifestyle
alfamart kenko gunting sc-838n,15500.0,OTHERS,Lain-lain & Darurat,Perlengkapan Kantor & Sekolah,Lifestyle
alfamart kertas kado assorted 3 s,7900.0,OTHERS,Lain-lain & Darurat,Perlengkapan Kantor & Sekolah,Lifestyle
alfamart amplop p 104 20 pcs,5200.0,OTHERS,Lain-lain & Darurat,Perlengkapan Kantor & Sekolah,Lifestyle
alfamart kenko lakban fragile roll 48 mm assorted,15900.0,OTHERS,Lain-lain & Darurat,Perlengkapan Kantor & Sekolah,Lifestyle
snowman spidol warna 12 pcs,27200.0,OTHERS,Lain-lain & Darurat,Perlengkapan Kantor & Sekolah,Lifestyle
aica aibon lem perekat serbaguna 70 g,21000.0,OTHERS,Lain-lain & Darurat,Perlengkapan Kantor & Sekolah,Lifestyle
alfamart kenko tipex cair botol,10000.0,OTHERS,Lain-lain & Darurat,Perlengkapan Kantor & Sekolah,Lifestyle
kenko paket pensil alat tulis + penghapus,11700.0,OTHERS,Lain-lain & Darurat,Perlengkapan Kantor & Sekolah,Lifestyle
pilot pulpen hitam bpt-p 2 pcs,9500.0,OTHERS,Lain-lain & Darurat,Perlengkapan Kantor & Sekolah,Lifestyle
snowman spidol papan tulis hitam,16000.0,OTHERS,Lain-lain & Darurat,Perlengkapan Kantor & Sekolah,Lifestyle
kiky buku kuitansi mini 36 lembar,4400.0,OTHERS,Lain-lain & Darurat,Perlengkapan Kantor & Sekolah,Lifestyle
adinata buku catatan assorted,36500.0,OTHERS,Lain-lain & Darurat,Perlengkapan Kantor & Sekolah,Lifestyle
alfamart amplop lebaran panjang (a) 5 pcs,9900.0,OTHERS,Lain-lain & Darurat,Perlengkapan Kantor & Sekolah,Lifestyle
alfamart amplop lebaran pendek (a) 8 pcs,9900.0,OTHERS,Lain-lain & Darurat,Perlengkapan Kantor & Sekolah,Lifestyle
alfamart lakban bening 48 mm x 50 m,12200.0,OTHERS,Lain-lain & Darurat,Perlengkapan Kantor & Sekolah,Lifestyle
disney buku catatan d224 assorted,8900.0,OTHERS,Lain-lain & Darurat,Perlengkapan Kantor & Sekolah,Lifestyle
adinata buku catatan assorted,36500.0,OTHERS,Lain-lain & Darurat,Perlengkapan Kantor & Sekolah,Lifestyle
alfamart kenko pensil warna 12 pcs,24200.0,OTHERS,Lain-lain & Darurat,Perlengkapan Kantor & Sekolah,Lifestyle
alfamart kenko staples hd-10,16200.0,OTHERS,Lain-lain & Darurat,Perlengkapan Kantor & Sekolah,Lifestyle
faber-castell pensil 2b 2 pcs,13900.0,OTHERS,Lain-lain & Darurat,Perlengkapan Kantor & Sekolah,Lifestyle
pilot pulpen hitam bpp-gpl 2 pcs,8800.0,OTHERS,Lain-lain & Darurat,Perlengkapan Kantor & Sekolah,Lifestyle
faster pulpen hitam 3 pcs,14900.0,OTHERS,Lain-lain & Darurat,Perlengkapan Kantor & Sekolah,Lifestyle
alfamart kenko staples no.10 2 pcs,6200.0,OTHERS,Lain-lain & Darurat,Perlengkapan Kantor & Sekolah,Lifestyle
kiky buku gambar 20 x 30 cm,9100.0,OTHERS,Lain-lain & Darurat,Perlengkapan Kantor & Sekolah,Lifestyle
alfamart kenko lakban kain hitam 48 mm,30100.0,OTHERS,Lain-lain & Darurat,Perlengkapan Kantor & Sekolah,Lifestyle
kiky buku binder a5 wo pp,33600.0,OTHERS,Lain-lain & Darurat,Perlengkapan Kantor & Sekolah,Lifestyle
alfamart kenko paket pensil 501,15000.0,OTHERS,Lain-lain & Darurat,Perlengkapan Kantor & Sekolah,Lifestyle
adinata penggaris karakter 30 cm assorted,19500.0,OTHERS,Lain-lain & Darurat,Perlengkapan Kantor & Sekolah,Lifestyle
faber-castell pensil warna 12 pcs,29900.0,OTHERS,Lain-lain & Darurat,Perlengkapan Kantor & Sekolah,Lifestyle
kiky buku tulis boxy 40 lembar,13600.0,OTHERS,Lain-lain & Darurat,Perlengkapan Kantor & Sekolah,Lifestyle
adinata paket alat tulis 7 pcs assorted,40500.0,OTHERS,Lain-lain & Darurat,Perlengkapan Kantor & Sekolah,Lifestyle
alfamart amplop p 90 10 pcs,5500.0,OTHERS,Lain-lain & Darurat,Perlengkapan Kantor & Sekolah,Lifestyle
alfamart kenko pulpen gel k-1 black 2 pcs,20000.0,OTHERS,Lain-lain & Darurat,Perlengkapan Kantor & Sekolah,Lifestyle
alfamart perekat dua sisi hitam 21 mm x 4.5 mm,19900.0,OTHERS,Lain-lain & Darurat,Perlengkapan Kantor & Sekolah,Lifestyle
kiky kertas hvs a4 80 g 100 s,26500.0,OTHERS,Lain-lain & Darurat,Perlengkapan Kantor & Sekolah,Lifestyle
faber-castell penghapus 2 pcs,7000.0,OTHERS,Lain-lain & Darurat,Perlengkapan Kantor & Sekolah,Lifestyle
faber-castell paket alat tulis ujian standar,37600.0,OTHERS,Lain-lain & Darurat,Perlengkapan Kantor & Sekolah,Lifestyle
alfamart kenko tipex gulung 12 m x 5 mm,15000.0,OTHERS,Lain-lain & Darurat,Perlengkapan Kantor & Sekolah,Lifestyle
alfamart kenko cutter l-500 blister,33100.0,OTHERS,Lain-lain & Darurat,Perlengkapan Kantor & Sekolah,Lifestyle
kenko pulpen nk-7 3 pcs,10000.0,OTHERS,Lain-lain & Darurat,Perlengkapan Kantor & Sekolah,Lifestyle
alfamart selotip 12 mm x 72 y,10000.0,OTHERS,Lain-lain & Darurat,Perlengkapan Kantor & Sekolah,Lifestyle
wiggle pulpen 3 warna assorted,10000.0,OTHERS,Lain-lain & Darurat,Perlengkapan Kantor & Sekolah,Lifestyle
wiggle pulpen aksesoris assorted,10000.0,OTHERS,Lain-lain & Darurat,Perlengkapan Kantor & Sekolah,Lifestyle
wiggle rautan assorted,10000.0,OTHERS,Lain-lain & Darurat,Perlengkapan Kantor & Sekolah,Lifestyle
faber-castell spidol warna 12 pcs,33000.0,OTHERS,Lain-lain & Darurat,Perlengkapan Kantor & Sekolah,Lifestyle
sanrio buku catatan kecil a124 assorted,15900.0,OTHERS,Lain-lain & Darurat,Perlengkapan Kantor & Sekolah,Lifestyle
standard pulpen hitam mikro nx-7 0.38 3 pcs,15600.0,OTHERS,Lain-lain & Darurat,Perlengkapan Kantor & Sekolah,Lifestyle
faber-castell krayon oil pastel 12 pcs,25900.0,OTHERS,Lain-lain & Darurat,Perlengkapan Kantor & Sekolah,Lifestyle
emco disney princess tempat pensil diy coloring assorted,25900.0,OTHERS,Lain-lain & Darurat,Perlengkapan Kantor & Sekolah,Lifestyle
kenko pulpen gel 2 pcs,10200.0,OTHERS,Lain-lain & Darurat,Perlengkapan Kantor & Sekolah,Lifestyle
kiky kertas folio double garis 10 s,5800.0,OTHERS,Lain-lain & Darurat,Perlengkapan Kantor & Sekolah,Lifestyle
alfamart kenko lem stik 15 g,9500.0,OTHERS,Lain-lain & Darurat,Perlengkapan Kantor & Sekolah,Lifestyle
alfamart perekat dua sisi 12 mm x 6 m,7400.0,OTHERS,Lain-lain & Darurat,Perlengkapan Kantor & Sekolah,Lifestyle
snowman spidol papan tulis permanen hitam,13400.0,OTHERS,Lain-lain & Darurat,Perlengkapan Kantor & Sekolah,Lifestyle
kiky buku tulis 38 lembar karakter,8000.0,OTHERS,Lain-lain & Darurat,Perlengkapan Kantor & Sekolah,Lifestyle
uhu lem perekat serbaguna 20 ml,18800.0,OTHERS,Lain-lain & Darurat,Perlengkapan Kantor & Sekolah,Lifestyle
materai 10.000,11500.0,OTHERS,Lain-lain & Darurat,Perlengkapan Kantor & Sekolah,Lifestyle
alfamart kertas kado assorted 2 s,9900.0,OTHERS,Lain-lain & Darurat,Perlengkapan Kantor & Sekolah,Lifestyle
kiky buku tulis 38 lembar 10 pcs,55900.0,OTHERS,Lain-lain & Darurat,Perlengkapan Kantor & Sekolah,Lifestyle
disney cars paket mewarnai anak,20000.0,OTHERS,Lain-lain & Darurat,Perlengkapan Kantor & Sekolah,Lifestyle
disney frozen paket mewarnai anak,20000.0,OTHERS,Lain-lain & Darurat,Perlengkapan Kantor & Sekolah,Lifestyle
alfamart kertas kado karakter assorted 2 s,10000.0,OTHERS,Lain-lain & Darurat,Perlengkapan Kantor & Sekolah,Lifestyle
marvel pop pack paket alat tulis boy,19900.0,OTHERS,Lain-lain & Darurat,Perlengkapan Kantor & Sekolah,Lifestyle
disney princess pop pack paket alat tulis girl,19900.0,OTHERS,Lain-lain & Darurat,Perlengkapan Kantor & Sekolah,Lifestyle
disney tsum tsum pop pack paket alat tulis assorted,13500.0,OTHERS,Lain-lain & Darurat,Perlengkapan Kantor & Sekolah,Lifestyle
faber-castell pensil warna classic 24 pcs,63000.0,OTHERS,Lain-lain & Darurat,Perlengkapan Kantor & Sekolah,Lifestyle
dextone epoxy adhesives lem besi 5 menit 48 g,17000.0,OTHERS,Lain-lain & Darurat,Perlengkapan Kantor & Sekolah,Lifestyle
dextone instan glue lem tetes serbaguna 15 g,8000.0,OTHERS,Lain-lain & Darurat,Perlengkapan Kantor & Sekolah,Lifestyle
dextone instant glue universal lem tetes sepatu 20 g,35000.0,OTHERS,Lain-lain & Darurat,Perlengkapan Kantor & Sekolah,Lifestyle
kiky pulpen transluscent 12 pcs,17000.0,OTHERS,Lain-lain & Darurat,Perlengkapan Kantor & Sekolah,Lifestyle
alfamart lakban brown 48 mm x 50 m,19900.0,OTHERS,Lain-lain & Darurat,Perlengkapan Kantor & Sekolah,Lifestyle
alfamart lakban coklat 48 mm x 50 m,12000.0,OTHERS,Lain-lain & Darurat,Perlengkapan Kantor & Sekolah,Lifestyle
scorlines jas hujan plastik poncho assorted,16200.0,OTHERS,Lain-lain & Darurat,Perlengkapan Otomotif,Lifestyle
kit wash & glow sampo mobil pouch 720 ml,17000.0,OTHERS,Lain-lain & Darurat,Perlengkapan Otomotif,Lifestyle
stella hang n flip pengharum mobil aqua reflection 9 ml,29600.0,OTHERS,Lain-lain & Darurat,Perlengkapan Otomotif,Lifestyle
stella hang n flip pengharum mobil jasmine flow 9 ml,29600.0,OTHERS,Lain-lain & Darurat,Perlengkapan Otomotif,Lifestyle
alfamart jas hujan disposable raincoat jaket celana,18200.0,OTHERS,Lain-lain & Darurat,Perlengkapan Otomotif,Lifestyle
alfamart lap kanebo motor,16400.0,OTHERS,Lain-lain & Darurat,Perlengkapan Otomotif,Lifestyle
glade pengharum mobil gantung pouch apple 70 g,13500.0,OTHERS,Lain-lain & Darurat,Perlengkapan Otomotif,Lifestyle
ambi pur pengharum mobil aqua 7 ml,37900.0,OTHERS,Lain-lain & Darurat,Perlengkapan Otomotif,Lifestyle
idola jas hujan assorted,47100.0,OTHERS,Lain-lain & Darurat,Perlengkapan Otomotif,Lifestyle
airpro pengharum mobil no 5 10 ml,28600.0,OTHERS,Lain-lain & Darurat,Perlengkapan Otomotif,Lifestyle
stella pengharum mobil red kiss 7 ml,23700.0,OTHERS,Lain-lain & Darurat,Perlengkapan Otomotif,Lifestyle
unik spons cuci mobil,14500.0,OTHERS,Lain-lain & Darurat,Perlengkapan Otomotif,Lifestyle
stella pengharum mobil gantung happy day,18200.0,OTHERS,Lain-lain & Darurat,Perlengkapan Otomotif,Lifestyle
tugas negara bos jas hujan setelan regular assorted,100000.0,OTHERS,Lain-lain & Darurat,Perlengkapan Otomotif,Lifestyle
tugas negara bos jas hujan setelan scothlite assorted,99000.0,OTHERS,Lain-lain & Darurat,Perlengkapan Otomotif,Lifestyle
ambi pur car clip pengharum mobil downy passion 2.2 ml,44900.0,OTHERS,Lain-lain & Darurat,Perlengkapan Otomotif,Lifestyle
ambi pur pengharum mobil sky breeze 2 ml,40800.0,OTHERS,Lain-lain & Darurat,Perlengkapan Otomotif,Lifestyle
stella pengharum mobil lily dream 7 ml,23200.0,OTHERS,Lain-lain & Darurat,Perlengkapan Otomotif,Lifestyle
bayfresh pengharum mobil gantung caramel vanila & coffee,12100.0,OTHERS,Lain-lain & Darurat,Perlengkapan Otomotif,Lifestyle
bayfresh hang n go pengharum mobil strawberry bubblegum,12400.0,OTHERS,Lain-lain & Darurat,Perlengkapan Otomotif,Lifestyle
megacools minyak pelumas rantai motor 300 ml,35400.0,OTHERS,Lain-lain & Darurat,Perlengkapan Otomotif,Lifestyle
ambi pur car clip pengharum mobil downy mystique 2.2 ml,44900.0,OTHERS,Lain-lain & Darurat,Perlengkapan Otomotif,Lifestyle
stella pengharum mobil orange blossom 7 ml,23700.0,OTHERS,Lain-lain & Darurat,Perlengkapan Otomotif,Lifestyle
kit back to black penghitam plastik & trim motor 115 ml,29700.0,OTHERS,Lain-lain & Darurat,Perlengkapan Otomotif,Lifestyle
otogard glo wash & shine sampo mobil pouch 700 ml,15900.0,OTHERS,Lain-lain & Darurat,Perlengkapan Otomotif,Lifestyle
otogard glo wash & wax sampo mobil pouch 720 ml,19900.0,OTHERS,Lain-lain & Darurat,Perlengkapan Otomotif,Lifestyle
otogard glo crystal clear cairan pembersih kaca mobil 400 ml,12900.0,OTHERS,Lain-lain & Darurat,Perlengkapan Otomotif,Lifestyle
otogard glo hyper black pengkilap ban mobil 165 ml,24900.0,OTHERS,Lain-lain & Darurat,Perlengkapan Otomotif,Lifestyle
carrera spons cuci mobil serbaguna,7000.0,OTHERS,Lain-lain & Darurat,Perlengkapan Otomotif,Lifestyle
carrera sampo mobil plus wax 400 ml,16900.0,OTHERS,Lain-lain & Darurat,Perlengkapan Otomotif,Lifestyle
carrera pengkilap ban refill 200 ml,12900.0,OTHERS,Lain-lain & Darurat,Perlengkapan Otomotif,Lifestyle
motul oli motor gp matic 4t 10w-40 1 l,66900.0,OTHERS,Lain-lain & Darurat,Perlengkapan Otomotif,Lifestyle
kit motor premium doff perawatan cat motor doff 130 ml,22900.0,OTHERS,Lain-lain & Darurat,Perlengkapan Otomotif,Lifestyle
kit gp-9 pelumas multiguna spray anti karat 225 g,32700.0,OTHERS,Lain-lain & Darurat,Perlengkapan Otomotif,Lifestyle
disney tongkat e-toll,19900.0,OTHERS,Lain-lain & Darurat,Perlengkapan Otomotif,Lifestyle
kit wash & glow sampo mobil botol 900 ml,29900.0,OTHERS,Lain-lain & Darurat,Perlengkapan Otomotif,Lifestyle
kit black magic pengkilap ban spray 400 ml,41000.0,OTHERS,Lain-lain & Darurat,Perlengkapan Otomotif,Lifestyle
kit black magic penghitam & pengkilap ban aerosol 450 ml,46900.0,OTHERS,Lain-lain & Darurat,Perlengkapan Otomotif,Lifestyle
bayfresh pengharum mobil gantung orange verbena,11900.0,OTHERS,Lain-lain & Darurat,Perlengkapan Otomotif,Lifestyle
kenmaster plas chamois kanebo lap mobil yellow pendek 2 pcs,44500.0,OTHERS,Lain-lain & Darurat,Perlengkapan Otomotif,Lifestyle
kenmaster plas chamois kanebo lap mobil yellow jumbo 66 x 43 cm,39900.0,OTHERS,Lain-lain & Darurat,Perlengkapan Otomotif,Lifestyle
airpro wooden bottle pengharum mobil invictar 10 ml,26900.0,OTHERS,Lain-lain & Darurat,Perlengkapan Otomotif,Lifestyle
kit cairan pembersih kaca mobil wiper 500 ml,15900.0,OTHERS,Lain-lain & Darurat,Perlengkapan Otomotif,Lifestyle
kit detailer pengkilap & pelindung body mobil / motor,24900.0,OTHERS,Lain-lain & Darurat,Perlengkapan Otomotif,Lifestyle
kit penghilang goresan mobil / motor 60 g,13500.0,OTHERS,Lain-lain & Darurat,Perlengkapan Otomotif,Lifestyle
bayfresh pengharum mobil gantung vanilla ice cream,11900.0,OTHERS,Lain-lain & Darurat,Perlengkapan Otomotif,Lifestyle
airpro pengharum mobil sauvignon 10 ml,26900.0,OTHERS,Lain-lain & Darurat,Perlengkapan Otomotif,Lifestyle
kit back to black penghitam body mobil botol 250 ml,63900.0,OTHERS,Lain-lain & Darurat,Perlengkapan Otomotif,Lifestyle
kit wash & glow sampo mobil jerigen 3.7 l,64900.0,OTHERS,Lain-lain & Darurat,Perlengkapan Otomotif,Lifestyle
airpro invent pengharum mobil lush retreat 9 ml,34500.0,OTHERS,Lain-lain & Darurat,Perlengkapan Otomotif,Lifestyle
airpro invent pengharum mobil midnight breeze 9 ml,34500.0,OTHERS,Lain-lain & Darurat,Perlengkapan Otomotif,Lifestyle
airpro viva life series pengharum mobil tokyo sakura 42 g,39900.0,OTHERS,Lain-lain & Darurat,Perlengkapan Otomotif,Lifestyle
airpro viva life series pengharum mobil paris fresh 42 g,39900.0,OTHERS,Lain-lain & Darurat,Perlengkapan Otomotif,Lifestyle
airpro pengharum mobil signature 10 ml,26900.0,OTHERS,Lain-lain & Darurat,Perlengkapan Otomotif,Lifestyle
airpro pengharum mobil the prestegious 10 ml,26900.0,OTHERS,Lain-lain & Darurat,Perlengkapan Otomotif,Lifestyle
airpro pengharum mobil divine flare 10 ml,26900.0,OTHERS,Lain-lain & Darurat,Perlengkapan Otomotif,Lifestyle
kit wash & wax sampo mobil pouch 720 ml,34900.0,OTHERS,Lain-lain & Darurat,Perlengkapan Otomotif,Lifestyle
motul scooter gear oli transmisi motor 80w-90 120 ml,16900.0,OTHERS,Lain-lain & Darurat,Perlengkapan Otomotif,Lifestyle
carrera sampo mobil 800 ml,9900.0,OTHERS,Lain-lain & Darurat,Perlengkapan Otomotif,Lifestyle
motul oli motor scooter le mb hc-tech 4t 10w-30 800 ml,56900.0,OTHERS,Lain-lain & Darurat,Perlengkapan Otomotif,Lifestyle
bayfresh hang n go pengharum mobil dark ice,12400.0,OTHERS,Lain-lain & Darurat,Perlengkapan Otomotif,Lifestyle
bayfresh hang n go pengharum mobil frozen lime,12400.0,OTHERS,Lain-lain & Darurat,Perlengkapan Otomotif,Lifestyle
kit black magic gel pengkilap ban refill 180 ml,14500.0,OTHERS,Lain-lain & Darurat,Perlengkapan Otomotif,Lifestyle
kit pembersih motor serbaguna 100 ml,15700.0,OTHERS,Lain-lain & Darurat,Perlengkapan Otomotif,Lifestyle
airpro pengharum mobil davidoff cool waves 10 ml,28600.0,OTHERS,Lain-lain & Darurat,Perlengkapan Otomotif,Lifestyle
alfamart lap kanebo mobil 40 x 30 cm,29400.0,OTHERS,Lain-lain & Darurat,Perlengkapan Otomotif,Lifestyle
stella pengharum mobil gantung fruity & fresh,18200.0,OTHERS,Lain-lain & Darurat,Perlengkapan Otomotif,Lifestyle
smartheart makanan anjing kering adult rasa sapi panggang 1.5 kg,81900.0,WANTS,Hobi & Self-Reward,Makanan Anjing,Pet Foods
smartheart makanan anjing kering puppy rasa sapi & susu 1.3 kg,62900.0,WANTS,Hobi & Self-Reward,Makanan Anjing,Pet Foods
smartheart makanan anjing kering ras kecil sapi panggang 1.3 kg,62900.0,WANTS,Hobi & Self-Reward,Makanan Anjing,Pet Foods
smartheart makanan anjing basah adult rasa sapi & hati 400 g,24900.0,WANTS,Hobi & Self-Reward,Makanan Anjing,Pet Foods
"pedigree makanan anjing basah adult rasa ayam, hati panggang & sayuran pouch 80 g",7500.0,WANTS,Hobi & Self-Reward,Makanan Anjing,Pet Foods
pedigree makanan anjing basah adult rasa sapi kaleng 400 g,25900.0,WANTS,Hobi & Self-Reward,Makanan Anjing,Pet Foods
"pedigree makanan anjing kering puppy rasa ayam, telur & susu 1.3 kg",72900.0,WANTS,Hobi & Self-Reward,Makanan Anjing,Pet Foods
pedigree makanan anjing basah adult rasa daging sapi dalam kuah pouch 130 g,10000.0,WANTS,Hobi & Self-Reward,Makanan Anjing,Pet Foods
pedigree makanan anjing basah puppy rasa ayam dalam kuah pouch 130 g,10000.0,WANTS,Hobi & Self-Reward,Makanan Anjing,Pet Foods
"pedigree makanan anjing basah puppy rasa daging sapi, telur & sayuran pouch 80 g",7500.0,WANTS,Hobi & Self-Reward,Makanan Anjing,Pet Foods
pedigree makanan anjing kering adult rasa sapi & sayuran 1.5 kg,74900.0,WANTS,Hobi & Self-Reward,Makanan Anjing,Pet Foods
pedigree schmackos snack makanan anjing kering rasa daging sapi asap 70 g,25000.0,WANTS,Hobi & Self-Reward,Makanan Anjing,Pet Foods
cat choize makanan kucing kering adult rasa tuna & makerel 500 g,30800.0,WANTS,Hobi & Self-Reward,Makanan Kucing,Pet Foods
alfamart cat choize makanan kucing kering kitten rasa tuna 400 g,27100.0,WANTS,Hobi & Self-Reward,Makanan Kucing,Pet Foods
alfamart cat choize makanan kucing kering adult rasa tuna 450 g,27000.0,WANTS,Hobi & Self-Reward,Makanan Kucing,Pet Foods
me-o makanan kucing basah kitten tuna dalam jeli kaleng 400 g,21700.0,WANTS,Hobi & Self-Reward,Makanan Kucing,Pet Foods
me-o pet makanan kucing kering adult rasa tuna 450 g,30200.0,WANTS,Hobi & Self-Reward,Makanan Kucing,Pet Foods
me-o makanan kucing basah kitten rasa tuna pouch 80 g,8500.0,WANTS,Hobi & Self-Reward,Makanan Kucing,Pet Foods
whiskas makanan kucing basah adult tuna 80 g,8100.0,WANTS,Hobi & Self-Reward,Makanan Kucing,Pet Foods
me-o makanan kucing basah adult rasa tuna pouch 80 g,8500.0,WANTS,Hobi & Self-Reward,Makanan Kucing,Pet Foods
whiskas makanan kucing basah kitten rasa tuna pouch 80 g,8100.0,WANTS,Hobi & Self-Reward,Makanan Kucing,Pet Foods
me-o makanan kucing basah adult rasa ikan laut dalam jeli pouch 80 g,8500.0,WANTS,Hobi & Self-Reward,Makanan Kucing,Pet Foods
alfamart cat choize makanan kucing basah kitten rasa tuna sachet 70 g,8300.0,WANTS,Hobi & Self-Reward,Makanan Kucing,Pet Foods
cat choize makanan kucing kering adult rasa tuna & salmon 500 g,31200.0,WANTS,Hobi & Self-Reward,Makanan Kucing,Pet Foods
cat choize makanan kucing kering kitten rasa tuna & salmon milk 450 g,31200.0,WANTS,Hobi & Self-Reward,Makanan Kucing,Pet Foods
alfamart cat choize doraemon makanan kucing kering adult rasa tuna & salmon 450 g,27000.0,WANTS,Hobi & Self-Reward,Makanan Kucing,Pet Foods
whiskas makanan kucing basah adult rasa ikan laut pouch 80 g,8100.0,WANTS,Hobi & Self-Reward,Makanan Kucing,Pet Foods
felix makanan kucing basah kitten rasa tuna dalam jelly pouch 85 g,8600.0,WANTS,Hobi & Self-Reward,Makanan Kucing,Pet Foods
alfamart cat choize makanan kucing basah adult rasa tuna sachet 70 g,8300.0,WANTS,Hobi & Self-Reward,Makanan Kucing,Pet Foods
felix makanan kucing basah adult rasa salmon dalam jelly pouch 85 g,8600.0,WANTS,Hobi & Self-Reward,Makanan Kucing,Pet Foods
whiskas makanan kucing basah kitten rasa makerel pouch 80 g,8100.0,WANTS,Hobi & Self-Reward,Makanan Kucing,Pet Foods
alfamart cat choize makanan kucing kering adult rasa tuna 1 kg,51000.0,WANTS,Hobi & Self-Reward,Makanan Kucing,Pet Foods
alfamart bio creamy + taurine snack makanan kucing basah rasa tuna sachet 4 x 15 g,16100.0,WANTS,Hobi & Self-Reward,Makanan Kucing,Pet Foods
me-o makanan kucing basah adult rasa tuna dalam jeli 400 g,21700.0,WANTS,Hobi & Self-Reward,Makanan Kucing,Pet Foods
whiskas makanan kucing kering kitten rasa ikan laut pouch 50 g,6800.0,WANTS,Hobi & Self-Reward,Makanan Kucing,Pet Foods
alfamart makanan kucing basah adult tuna 400 g,15900.0,WANTS,Hobi & Self-Reward,Makanan Kucing,Pet Foods
alfamart cat choize makanan kucing basah kitten rasa tuna & ayam 70 g,8300.0,WANTS,Hobi & Self-Reward,Makanan Kucing,Pet Foods
alfamart cat choize makanan kucing kering kitten rasa tuna 900 g,52200.0,WANTS,Hobi & Self-Reward,Makanan Kucing,Pet Foods
whiskas makanan kucing kering adult tuna 200 g,17000.0,WANTS,Hobi & Self-Reward,Makanan Kucing,Pet Foods
whiskas junior makanan kucing kering tuna salmon 180 g,17000.0,WANTS,Hobi & Self-Reward,Makanan Kucing,Pet Foods
me-o creamy treats makanan kucing basah rasa salmon sachet 4 x 15 g,31500.0,WANTS,Hobi & Self-Reward,Makanan Kucing,Pet Foods
whiskas makanan kucing basah adult tuna 400 g,21900.0,WANTS,Hobi & Self-Reward,Makanan Kucing,Pet Foods
me-o makanan kucing basah kitten rasa otak-otak pouch 80 g,8500.0,WANTS,Hobi & Self-Reward,Makanan Kucing,Pet Foods
me-o makanan kucing basah adult rasa otak-otak pouch 80 g,8400.0,WANTS,Hobi & Self-Reward,Makanan Kucing,Pet Foods
friskies makanan kucing kitten dry discoveries 400 g,24900.0,WANTS,Hobi & Self-Reward,Makanan Kucing,Pet Foods
friskies makanan kucing kering adult seafood sensation 400 g,24900.0,WANTS,Hobi & Self-Reward,Makanan Kucing,Pet Foods
whiskas makanan kucing kering kitten ikan laut & susu 1.1 kg,63000.0,WANTS,Hobi & Self-Reward,Makanan Kucing,Pet Foods
whiskas makanan kucing basah adult rasa ikan laut kaleng 400 g,24000.0,WANTS,Hobi & Self-Reward,Makanan Kucing,Pet Foods
whiskas makanan kucing kering adult ikan laut 480 g,27500.0,WANTS,Hobi & Self-Reward,Makanan Kucing,Pet Foods
whiskas makanan kucing kering adult anti bulu rontok skin & coat 1.1 kg,75000.0,WANTS,Hobi & Self-Reward,Makanan Kucing,Pet Foods
me-o makanan kucing basah adult rasa sarden & salmon kaleng 400 g,17500.0,WANTS,Hobi & Self-Reward,Makanan Kucing,Pet Foods
me-o makanan kucing basah adult rasa tuna & sarden kaleng 400 g,17500.0,WANTS,Hobi & Self-Reward,Makanan Kucing,Pet Foods
me-o makanan kucing basah kitten rasa tuna & sarden kaleng 400 g,17500.0,WANTS,Hobi & Self-Reward,Makanan Kucing,Pet Foods
felix makanan kucing basah adult rasa ayam dalam jeli pouch 85 g,7000.0,WANTS,Hobi & Self-Reward,Makanan Kucing,Pet Foods
felix makanan kucing basah kitten rasa ayam dalam jeli pouch 85 g,7000.0,WANTS,Hobi & Self-Reward,Makanan Kucing,Pet Foods
friskies makanan kucing kering adult rasa meaty grills 400 g,24900.0,WANTS,Hobi & Self-Reward,Makanan Kucing,Pet Foods
whiskas makanan kucing basah adult makerel 6 x 80 g,39000.0,WANTS,Hobi & Self-Reward,Makanan Kucing,Pet Foods
me-o makanan kucing kering adult rasa salmon 1.1 kg,71900.0,WANTS,Hobi & Self-Reward,Makanan Kucing,Pet Foods
whiskas makanan kucing kering adult rasa ikan laut 1.2 kg,73900.0,WANTS,Hobi & Self-Reward,Makanan Kucing,Pet Foods
me-o makanan kucing kering adult rasa tuna 1.2 kg,71900.0,WANTS,Hobi & Self-Reward,Makanan Kucing,Pet Foods
me-o makanan kucing kering kitten rasa ikan laut 1.1 kg,79900.0,WANTS,Hobi & Self-Reward,Makanan Kucing,Pet Foods
whiskas makanan kucing kering kitten makerel 450 g,31900.0,WANTS,Hobi & Self-Reward,Makanan Kucing,Pet Foods
whiskas makanan kucing kering adult makerel 480 g,30000.0,WANTS,Hobi & Self-Reward,Makanan Kucing,Pet Foods
whiskas makanan kucing kering adult anti bulu rontok 450 g,34900.0,WANTS,Hobi & Self-Reward,Makanan Kucing,Pet Foods
cat choize makanan kucing kering kitten rasa tuna & salmon milk 1.1 kg,59900.0,WANTS,Hobi & Self-Reward,Makanan Kucing,Pet Foods
cat choize makanan kucing kering adult rasa tuna & salmon 1.2 kg,59900.0,WANTS,Hobi & Self-Reward,Makanan Kucing,Pet Foods
cat choize makanan kucing kering adult rasa tuna & makerel 1.2 kg,59900.0,WANTS,Hobi & Self-Reward,Makanan Kucing,Pet Foods
me-o adult makanan kucing basah rasa tuna & ikan putih 80 g,7500.0,WANTS,Hobi & Self-Reward,Makanan Kucing,Pet Foods
me-o makanan kucing basah kitten rasa tuna sarden dalam jeli 80 g,7500.0,WANTS,Hobi & Self-Reward,Makanan Kucing,Pet Foods
me-o makanan kucing basah adult rasa makerel 80 g,7500.0,WANTS,Hobi & Self-Reward,Makanan Kucing,Pet Foods
me-o makanan kucing basah adult rasa pempek ikan putih & telur 80 g,7500.0,WANTS,Hobi & Self-Reward,Makanan Kucing,Pet Foods
me-o adult makanan kucing basah rasa pempek ikan & udang 80 g,7500.0,WANTS,Hobi & Self-Reward,Makanan Kucing,Pet Foods
me-o makanan kucing kering kitten rasa ikan laut 400 g,31700.0,WANTS,Hobi & Self-Reward,Makanan Kucing,Pet Foods
whiskas makanan kucing kering adult tuna 480 g,38200.0,WANTS,Hobi & Self-Reward,Makanan Kucing,Pet Foods
whiskas makanan kucing kering kitten tuna salmon 450 g,39700.0,WANTS,Hobi & Self-Reward,Makanan Kucing,Pet Foods
life cat makanan kucing basah kitten rasa tuna kaleng 400 g,21500.0,WANTS,Hobi & Self-Reward,Makanan Kucing,Pet Foods
bio creamy snack makanan kucing basah rasa tuna sachet 4 x 15 g,17000.0,WANTS,Hobi & Self-Reward,Makanan Kucing,Pet Foods
kittie bittie makanan kucing kering adult rasa tuna 120 g,7500.0,WANTS,Hobi & Self-Reward,Makanan Kucing,Pet Foods
me-o makanan kucing kering kitten rasa ikan laut pouch 50 g,6700.0,WANTS,Hobi & Self-Reward,Makanan Kucing,Pet Foods
alfamart creamy treats snack makanan kucing adult tuna sachet 4 x 15 g,14900.0,WANTS,Hobi & Self-Reward,Makanan Kucing,Pet Foods
whiskas junior makanan kucing basah mousse ayam 80 g,8100.0,WANTS,Hobi & Self-Reward,Makanan Kucing,Pet Foods
me-o creamy snack makanan kucing basah adult rasa tuna sachet 4 x 15 g,31500.0,WANTS,Hobi & Self-Reward,Makanan Kucing,Pet Foods
whiskas makanan kucing basah adult ayam & salmon 80 g,8100.0,WANTS,Hobi & Self-Reward,Makanan Kucing,Pet Foods
whiskas makanan kucing kering kitten rasa ikan laut 450 g,40000.0,WANTS,Hobi & Self-Reward,Makanan Kucing,Pet Foods
me-o makanan kucing kering adult rasa tuna pouch 200 g,20700.0,WANTS,Hobi & Self-Reward,Makanan Kucing,Pet Foods
supercat fiesta makanan kucing kering adult rasa ikan 50 g,7000.0,WANTS,Hobi & Self-Reward,Makanan Kucing,Pet Foods
supercat fiesta makanan kucing kering kitten rasa ikan 50 g,5900.0,WANTS,Hobi & Self-Reward,Makanan Kucing,Pet Foods
supercat mix mix snack makanan kucing kering classic salmon 60 g,10900.0,WANTS,Hobi & Self-Reward,Makanan Kucing,Pet Foods
kittie bittie makanan kucing kering adult rasa salmon 120 g,6000.0,WANTS,Hobi & Self-Reward,Makanan Kucing,Pet Foods
whiskas tasty mix junior makanan kucing basah tuna salmon labu 70 g,8900.0,WANTS,Hobi & Self-Reward,Makanan Kucing,Pet Foods
cat choize makanan kucing basah adult rasa tuna sachet 75 g,5500.0,WANTS,Hobi & Self-Reward,Makanan Kucing,Pet Foods
kitekat makanan kucing basah adult rasa ayam & salmon 70 g,5500.0,WANTS,Hobi & Self-Reward,Makanan Kucing,Pet Foods
kitekat makanan kucing basah kitten rasa ayam & salmon 70 g,5500.0,WANTS,Hobi & Self-Reward,Makanan Kucing,Pet Foods
whiskas junior makanan kucing kering tuna salmon 1.1 kg,73900.0,WANTS,Hobi & Self-Reward,Makanan Kucing,Pet Foods
maxlife makanan kucing kering adult tuna 1 kg,62900.0,WANTS,Hobi & Self-Reward,Makanan Kucing,Pet Foods
maxlife makanan kucing kering adult makerel 1 kg,62900.0,WANTS,Hobi & Self-Reward,Makanan Kucing,Pet Foods
"me-o makanan kucing basah adult rasa sarden, ayam, dan nasi pouch 80 g",7500.0,WANTS,Hobi & Self-Reward,Makanan Kucing,Pet Foods
me-o makanan kucing kering kitten rasa ikan gabus 1.1 kg,79900.0,WANTS,Hobi & Self-Reward,Makanan Kucing,Pet Foods
me-o makanan kucing kering adult rasa ikan bandeng 1.2 kg,71900.0,WANTS,Hobi & Self-Reward,Makanan Kucing,Pet Foods
cat choize makanan kucing basah kitten rasa tuna sachet 75 g,5500.0,WANTS,Hobi & Self-Reward,Makanan Kucing,Pet Foods
whiskas makanan kucing basah adult makerel & salmon 80 g,7900.0,WANTS,Hobi & Self-Reward,Makanan Kucing,Pet Foods
whiskas makanan kucing basah kitten rasa tuna 6 x 80 g,39000.0,WANTS,Hobi & Self-Reward,Makanan Kucing,Pet Foods
whiskas makanan kucing kering adult tuna & salmon 480 g,38200.0,WANTS,Hobi & Self-Reward,Makanan Kucing,Pet Foods
cuties catz makanan kucing kering adult tuna 500 g,13900.0,WANTS,Hobi & Self-Reward,Makanan Kucing,Pet Foods
whiskas makanan kucing basah adult tuna 6 x 80 g,39000.0,WANTS,Hobi & Self-Reward,Makanan Kucing,Pet Foods
cuties catz makanan kucing basah adult tuna 75 g,5500.0,WANTS,Hobi & Self-Reward,Makanan Kucing,Pet Foods
whiskas makanan kucing kering adult tuna 1.2 kg,55800.0,WANTS,Hobi & Self-Reward,Makanan Kucing,Pet Foods
whiskas makanan kucing basah adult makerel 80 g,7900.0,WANTS,Hobi & Self-Reward,Makanan Kucing,Pet Foods
me-o creamy snack makanan kucing basah rasa hati & ayam sachet 4 x 15 g,31700.0,WANTS,Hobi & Self-Reward,Makanan Kucing,Pet Foods
cuties catz makanan kucing kitten kering salmon 450 g,13900.0,WANTS,Hobi & Self-Reward,Makanan Kucing,Pet Foods
felix makanan kucing basah adult rasa tuna dalam jeli pouch 85 g,7000.0,WANTS,Hobi & Self-Reward,Makanan Kucing,Pet Foods
whiskas makanan kucing basah adult saba panggang 80 g,7900.0,WANTS,Hobi & Self-Reward,Makanan Kucing,Pet Foods
whiskas makanan kucing basah rasa tuna & ikan putih pouch 80 g,7900.0,WANTS,Hobi & Self-Reward,Makanan Kucing,Pet Foods
alfamart pasir kucing aroma kopi 3.5 l,29900.0,WANTS,Hobi & Self-Reward,Makanan Hewan Peliharan Lainnya,Pet Foods
cat comfy pasir kucing aroma apel 5 l,43800.0,WANTS,Hobi & Self-Reward,Makanan Hewan Peliharan Lainnya,Pet Foods
cat comfy pasir kucing aroma kopi 5 l,37900.0,WANTS,Hobi & Self-Reward,Makanan Hewan Peliharan Lainnya,Pet Foods
