,category,subcategory,product,price
0,Kebutuhan Dapur,Perlengkapan Dapur & Ruang Makan,SGI Botol Minum Warna Warni Assorted 530 ml,29.900
1,Kebutuhan Dapur,Perlengkapan Dapur & Ruang Makan,SGI Botol Minum Bola 530 ml,29.900
2,Kebutuhan Dapur,Perlengkapan Dapur & Ruang Makan,Alfamart Gelas Kertas Kecil 15 pcs,18.500
3,Kebutuhan Dapur,Perlengkapan Dapur & Ruang Makan,Alfamart Sarung Tangan Plastik 100 pcs,14.500
4,Kebutuhan Dapur,Perlengkapan Dapur & Ruang Makan,Bright Tabung Gas Elpiji (Kosong) 5.5 kg,330.000
5,Kebutuhan Dapur,Perlengkapan Dapur & Ruang Makan,Alfamart Tempat Makan 750 ml 5 pcs,17.900
6,Kebutuhan Dapur,Perlengkapan Dapur & Ruang Makan,Alfamart Sedotan Plastik Flexibel 50 pcs,10.900
7,Kebutuhan Dapur,Perlengkapan Dapur & Ruang Makan,Alfamart Sendok Makan Plastik 10 pcs,10.100
8,Kebutuhan Dapur,Perlengkapan Dapur & Ruang Makan,Alfamart Piring Plastik 20 pcs,19.100
9,Kebutuhan Dapur,Perlengkapan Dapur & Ruang Makan,Hi-Cook Tabung Gas Mini Portabel 230 g,26.500
10,Kebutuhan Dapur,Perlengkapan Dapur & Ruang Makan,Wonder Fuel Tabung Gas Mini Portabel 220 g,25.900
11,Kebutuhan Dapur,Perlengkapan Dapur & Ruang Makan,Gema Tabung Gas Mini Portabel 250 g,25.500
12,Kebutuhan Dapur,Perlengkapan Dapur & Ruang Makan,Bright Gas Elpiji (Refill) 5.5 kg (C),
13,Kebutuhan Dapur,Perlengkapan Dapur & Ruang Makan,Bright Tabung Gas Elpiji (Kosong) 12 kg (A),
14,Kebutuhan Dapur,Perlengkapan Dapur & Ruang Makan,Bright Gas Elpiji (Refill) 5.5 kg (B),
15,Kebutuhan Dapur,Perlengkapan Dapur & Ruang Makan,Bright Gas Elpiji (Refill) 12 kg (C),
16,Kebutuhan Dapur,Perlengkapan Dapur & Ruang Makan,Bright Gas Elpiji (Refill) 12 kg (B),
17,Kebutuhan Dapur,Perlengkapan Dapur & Ruang Makan,Disney Toys Story Tempat Makan,
18,Kebutuhan Dapur,Perlengkapan Dapur & Ruang Makan,Disney Frozen Tempat Makan,
19,Kebutuhan Dapur,Perlengkapan Dapur & Ruang Makan,Disney Spider-Man Tempat Makan,
20,Kebutuhan Dapur,Perlengkapan Dapur & Ruang Makan,Disney Mickey Mouse Tempat Minum,
21,Kebutuhan Dapur,Perlengkapan Dapur & Ruang Makan,Disney Lotso Tempat Minum,
22,Kebutuhan Dapur,Perlengkapan Dapur & Ruang Makan,Disney Tempat Minum 550 ml,
23,Kebutuhan Dapur,Perlengkapan Dapur & Ruang Makan,Alfamart Disney Chopper Bumbu Mickey Mouse Assorted,
24,Kebutuhan Dapur,Perlengkapan Dapur & Ruang Makan,Ecentio Botol Minum Teh Abu-Abu 500 ml,
25,Kebutuhan Dapur,Perlengkapan Dapur & Ruang Makan,Ecentio Sport Botol Minum Biru 750 ml,
26,Kebutuhan Dapur,Perlengkapan Dapur & Ruang Makan,Bright Tabung Gas Elpiji (Kosong) 12 kg,
27,Kebutuhan Dapur,Perlengkapan Dapur & Ruang Makan,Freemir Chopper Manual Mini Serbaguna 170 ml,
28,Kebutuhan Dapur,Perlengkapan Dapur & Ruang Makan,Bright Tabung Gas Elpiji (Kosong) 5.5 kg (A),
29,Kebutuhan Dapur,Perlengkapan Dapur & Ruang Makan,Ecentio Tempat Makan Tiga Sekat,
30,Kebutuhan Dapur,Perlengkapan Dapur & Ruang Makan,Bright Gas Elpiji (Refill) 5.5 kg (A),
31,Kebutuhan Dapur,Perlengkapan Dapur & Ruang Makan,Sanrio Gelas Tinggi Assorted,
32,Kebutuhan Dapur,Perlengkapan Dapur & Ruang Makan,Freemir Set Teko & Cangkir 5 pcs,
33,Kebutuhan Dapur,Perlengkapan Dapur & Ruang Makan,Bright Gas Elpiji (Refill) 12 kg (A),
34,Kebutuhan Dapur,Perlengkapan Dapur & Ruang Makan,Flipper Tusuk Sate 100 s,
35,Kebutuhan Dapur,Perlengkapan Dapur & Ruang Makan,Sanrio Gelas Medium Assorted,
36,Kebutuhan Dapur,Perlengkapan Dapur & Ruang Makan,Ecentio Tempat Makan Dua Tingkat 1000 ml,
37,Kebutuhan Dapur,Perlengkapan Dapur & Ruang Makan,Inti Collection Tusuk Sate 50 pcs,
38,Kebutuhan Dapur,Perlengkapan Dapur & Ruang Makan,Lekue Tempat Makan Kotak 2 pcs,
39,Kebutuhan Dapur,Perlengkapan Dapur & Ruang Makan,Lekue Tempat Makan Persegi Panjang 2 pcs,
40,Kebutuhan Dapur,Perlengkapan Dapur & Ruang Makan,Alfamart Sendok Plastik Bening 10 pcs,
41,Kebutuhan Dapur,Perlengkapan Dapur & Ruang Makan,Disney Frozen Tempat Minum Assorted,
42,Kebutuhan Dapur,Perlengkapan Dapur & Ruang Makan,Bagus Aluminium Foil Pembungkus Makanan Box 30 x 7 cm,
43,Kebutuhan Dapur,Perlengkapan Dapur & Ruang Makan,Bright Gas Elpiji (Refill) 5.5 kg,117.500
44,Kebutuhan Dapur,Perlengkapan Dapur & Ruang Makan,Hi-Cook Korek Api Pemantik Gas Lighter Assorted Color 1 pcs,17.900
45,Kebutuhan Dapur,Perlengkapan Dapur & Ruang Makan,Bright Gas Tabung Gas Mini Portabel 220 g,26.500
46,Kebutuhan Dapur,Perlengkapan Dapur & Ruang Makan,Kenmaster Korek Api Pemantik Gas Lighter JW690 1 pcs Assorted,20.900
47,Kebutuhan Dapur,Perlengkapan Dapur & Ruang Makan,Hi-Cook Fuel Bahan Bakar Korek Api Pemantik Gas 80 g,9.900
48,Kebutuhan Dapur,Perlengkapan Dapur & Ruang Makan,Bright Gas Elpiji (Refill) 12 kg,247.500
49,Kebutuhan Dapur,Perlengkapan Dapur & Ruang Makan,Bagus Kantong Plastik Zipper Bag Double Lock 17 x 15 cm 30 s,23.900
50,Kebutuhan Dapur,Perlengkapan Dapur & Ruang Makan,Bagus Kantong Plastik Zipper Bag Double Lock 33 x 40 cm 12 s,38.900
51,Kebutuhan Dapur,Perlengkapan Dapur & Ruang Makan,Bagus Aluminium Foil Pembungkus Makanan Refill 30 x 7 cm,19.500
52,Kebutuhan Dapur,Perlengkapan Dapur & Ruang Makan,Bagus Cling Plastik Wrap Pembungkus Serbaguna Box 30 x 20 cm,23.900
53,Kebutuhan Dapur,Perlengkapan Dapur & Ruang Makan,Bagus Cling Plastik Wrap Pembungkus Serbaguna Refill 30 x 30 cm,19.900
54,Kebutuhan Dapur,Perlengkapan Dapur & Ruang Makan,Klin Pak Plastik Wrap Pembungkus Serbaguna Box 30 m,24.500
55,Kebutuhan Dapur,Perlengkapan Dapur & Ruang Makan,Hi-Cook Noorthgaz Tabung Gas Mini Portabel 235 g,21.000
56,Kebutuhan Dapur,Perlengkapan Dapur & Ruang Makan,Bagus Zipper Bag Kids Kantong Plastik Triple Lock Pouch 18 x 18 cm 25 s,39.900
57,Kebutuhan Dapur,Bahan Masakan,Iboe Toetiek Sambal Bayi Cumi 130 g,
58,Kebutuhan Dapur,Bahan Masakan,Sunchang Ssamjang Pasta Kacang Kedelai 200 g,
59,Kebutuhan Dapur,Bahan Masakan,S&B Golden Curry Bumbu Kari Japanese Mix Sauce Mild 92 g,
60,Kebutuhan Dapur,Bahan Masakan,Raja Bihun Super 120 g,
61,Kebutuhan Dapur,Bahan Masakan,Anak Ajaib Beras Premium 5 kg,
62,Kebutuhan Dapur,Bahan Masakan,Elephas Maximus Beras Slyp 5 kg,
63,Kebutuhan Dapur,Bahan Masakan,Indofood Bumbu Tabur Serbaguna Keju 25 g,
64,Kebutuhan Dapur,Bahan Masakan,Alfamart Beras Kepala 5 kg,
65,Kebutuhan Dapur,Bahan Masakan,Raja Banjar Sambal Acan Mangga 125 g,
66,Kebutuhan Dapur,Bahan Masakan,Alfamart Gula Merah 400 g,
67,Kebutuhan Dapur,Bahan Masakan,Ibu Tuty Bumbu Pecel Madiun 200 g,
68,Kebutuhan Dapur,Bahan Masakan,Lombok Gandaria Kecap Manis Refill 550 ml,
69,Kebutuhan Dapur,Bahan Masakan,Aladdin Minyak Goreng Sawit Pouch 1.8 L,
70,Kebutuhan Dapur,Bahan Masakan,Raja Banjar Sambal Acan Limau 125 g,
71,Kebutuhan Dapur,Bahan Masakan,Jay's Paprika Bubuk Botol 70 g,
72,Kebutuhan Dapur,Bahan Masakan,Jay's Onion Powder Bawang Bombay Bubuk Botol 90 g,
73,Kebutuhan Dapur,Bahan Masakan,Nio Rara Minyak Goreng Pet 1 L,
74,Kebutuhan Dapur,Bahan Masakan,Lee Kum Kee Kecap Asin Botol 250 ml,
75,Kebutuhan Dapur,Bahan Masakan,Cap Udang Kecap Manis 600 ml,
76,Kebutuhan Dapur,Bahan Masakan,Asli Bali Bumbu Rujak Botol 320 ml,
77,Kebutuhan Dapur,Bahan Masakan,Ghidza Sasuke Abon Tuna Original 50 g,
78,Kebutuhan Dapur,Bahan Masakan,Lee Kum Kee Saus Barbekiu 240 g,
79,Kebutuhan Dapur,Bahan Masakan,A'Fikri Sambal Dabu-Dabu Sagela 4 x 17 g,
80,Kebutuhan Dapur,Bahan Masakan,Mut Food Abon Cakalang Rica 100 g,
81,Kebutuhan Dapur,Bahan Masakan,Ceu Meti Sambal Obonk Cakalang 140 g,
82,Kebutuhan Dapur,Bahan Masakan,Lee Kum Kee Saus Tiram Cap Panda Botol 510 g,
83,Kebutuhan Dapur,Bahan Masakan,IE IE Gula Batu Kristal 200 g,
84,Kebutuhan Dapur,Bahan Masakan,Fayola Bawang Goreng 60 g,
85,Kebutuhan Dapur,Bahan Masakan,Nira Gula Semut Organik Pouch 250 g,
86,Kebutuhan Dapur,Bahan Masakan,Mawar Melati Beras SLYP Super 10 kg,
87,Kebutuhan Dapur,Bahan Masakan,2 Jempol Beras SLYP Super 5 kg,
88,Kebutuhan Dapur,Bahan Masakan,Dua Merpati Beras 10 kg,
89,Kebutuhan Dapur,Bahan Masakan,Ma'Eda Kacang Cokelat Susu 100 g,
90,Kebutuhan Dapur,Bahan Masakan,Top Anak Raja Beras Pulen Pouch 5 kg,
91,Kebutuhan Dapur,Bahan Masakan,Lawson Saus Odeng Pedas Sachet,
92,Kebutuhan Dapur,Bahan Masakan,Indofood Bumbu Tabur Serbaguna Barbekiu 25 g,
93,Kebutuhan Dapur,Bahan Masakan,Food Station Setra Ramos Beras Premium 5 kg,
94,Kebutuhan Dapur,Bahan Masakan,Cap Gunung Emas Beras Kotamobagu 5 kg,
95,Kebutuhan Dapur,Bahan Masakan,Alfamart Beras Merah Lokal 2 kg,
96,Kebutuhan Dapur,Bahan Masakan,Bunaken Indah Beras Premium 5 kg,
97,Kebutuhan Dapur,Bahan Masakan,Befood Punokawan Beras Premium 5 kg,
98,Kebutuhan Dapur,Bahan Masakan,Gudang Berkah Beras Kotamobagu 5 kg,
99,Kebutuhan Dapur,Bahan Masakan,Minang Raya Beras Slyp Super 5 kg,
100,Kebutuhan Dapur,Bahan Masakan,Bunaken Indah Beras Premium 10 kg,
101,Kebutuhan Dapur,Bahan Masakan,Supra Salt Garam Meja Beryodium 500 g,
102,Kebutuhan Dapur,Bahan Masakan,Aladdin Minyak Goreng Sawit Pouch 900 ml,
103,Kebutuhan Dapur,Bahan Masakan,Raja Koki Beras Premium 5 kg,
104,Kebutuhan Dapur,Bahan Masakan,Candi Mulyo Beras Premium 5 kg,
105,Kebutuhan Dapur,Bahan Masakan,Alfamart Food Station Beras Merah 2 kg,
106,Kebutuhan Dapur,Bahan Masakan,Cap Kolam Ikan Beras Ungu 5 kg,
107,Kebutuhan Dapur,Bahan Masakan,169 Beras Super Premium 5 kg,
108,Kebutuhan Dapur,Bahan Masakan,Harumas Beras Premium Pandan Wangi 10 kg,
109,Kebutuhan Dapur,Bahan Masakan,Alfamart Kacang Hijau 250 g,
110,Kebutuhan Dapur,Bahan Masakan,Padamu Bihun Jagung 300 g,
111,Kebutuhan Dapur,Bahan Masakan,Lombok Kuning Sambal Simpati Botol 140 g,
112,Kebutuhan Dapur,Bahan Masakan,Lombok Gandaria Kecap Manis Pet 135 ml,
113,Kebutuhan Dapur,Bahan Masakan,Jawa Raya Beras Premium 5 kg,
114,Kebutuhan Dapur,Bahan Masakan,Alfamart Beras Pulen Wangi 5 kg,
115,Kebutuhan Dapur,Bahan Masakan,Alfamart Gula Batu 250 g,
116,Kebutuhan Dapur,Bahan Masakan,Lodan Garam Beriodium 500 g,
117,Kebutuhan Dapur,Bahan Masakan,Alfamart Beras Merah 2 kg,44.500
118,Kebutuhan Dapur,Bahan Masakan,Ajinomoto Bumbu Penyedap Umami 90 g,5.000
119,Kebutuhan Dapur,Bahan Masakan,dua Belibis Cuka Dapur Botol 150 ml,5.200
120,Kebutuhan Dapur,Bahan Masakan,MamaSuka Delisaos Saus Sambal Ekstra Pedas Hot Lava Volcano Botol 260 ml,17.200
121,Kebutuhan Dapur,Bahan Masakan,Indofood Sambal Pedas Dahsyat Botol 275 ml,15.500
122,Kebutuhan Dapur,Bahan Masakan,Sedaap Kecap Manis Kedelai Hitam Spesial Refill 725 g,23.500
123,Kebutuhan Dapur,Bahan Masakan,MamaSuka Delisaos Saus Bulgogi Botol 260 ml,17.700
124,Kebutuhan Dapur,Bahan Masakan,Kobe Selera Bumbu Instan Ayam Goreng Lengkuas 80 g,3.300
125,Kebutuhan Dapur,Bahan Masakan,Bango Kecap Manis Refill 380 g,15.000
126,Kebutuhan Dapur,Bahan Masakan,Putri Batik Beras Premium 5 kg,
127,Kebutuhan Dapur,Bahan Masakan,Cap Kapal Garam Beryodium 500 g,
128,Kebutuhan Dapur,Bahan Masakan,Raja Platinum Beras Super 10 kg,
129,Kebutuhan Dapur,Bahan Masakan,Cap Kapal Garam Beryodium 250 g,
130,Kebutuhan Dapur,Bahan Masakan,Harumas Beras Premium 5 kg,
131,Kebutuhan Dapur,Bahan Masakan,Mentari Beras 5 kg,
132,Kebutuhan Dapur,Bahan Masakan,Lahap Beras Premium 5 kg,
133,Kebutuhan Dapur,Bahan Masakan,Selancar Beras 5 kg,
134,Kebutuhan Dapur,Bahan Masakan,FS Gula Kristal Putih 1kg,
135,Kebutuhan Dapur,Bahan Masakan,Finna Saus Sambal Ekstra Pedas Botol 340 ml,13.900
136,Kebutuhan Dapur,Bahan Masakan,Finna Saus untuk Ayam Goreng Botol 340 ml,19.000
137,Kebutuhan Dapur,Bahan Masakan,Sedap Wangi Kecap Inggris Botol 320 ml,34.900
138,Kebutuhan Dapur,Bahan Masakan,Filippo Berio Minyak Zaitun Murni 250 ml,72.900
139,Kebutuhan Dapur,Bahan Masakan,Filippo Berio Minyak Zaitun Ekstra Virgin 250 ml,84.900
140,Kebutuhan Dapur,Bahan Masakan,Mazola Minyak Goreng Jagung Botol 450 ml,62.000
141,Kebutuhan Dapur,Bahan Masakan,Sasa Santan Kelapa Cair 1 L,69.000
142,Kebutuhan Dapur,Bahan Masakan,Sasa Saus Sambal Asli Refill 950 g,21.000
143,Kebutuhan Dapur,Bahan Masakan,Sasa Saus Tomat Refill 950 g,18.000
144,Kebutuhan Dapur,Bahan Masakan,Anak Raja Beras Setra Ramos 5 kg,74.500
145,Kebutuhan Dapur,Bahan Masakan,Saori Saus Oriental Saus Tiram Botol 1 L,51.900
146,Kebutuhan Dapur,Bahan Masakan,Saori Saus Oriental Saus Teriyaki Botol 1 L,52.500
147,Kebutuhan Dapur,Bahan Masakan,Mayumi Saus Mayones Original 1 kg,57.500
148,Kebutuhan Dapur,Bahan Masakan,Kobe Bumbu Aduk Nasi Bebek Hitam 3 x 20 g,6.500
149,Kebutuhan Dapur,Bahan Masakan,Kobe Bumbu Aduk Nasi Rendang 3 x 20 g,6.500
150,Kebutuhan Dapur,Bahan Masakan,Del Monte Saus Pasta Carbonara Jamur 180 g,17.500
151,Kebutuhan Dapur,Bahan Masakan,Del Monte Saus Pasta Carbonara 180 g,17.500
152,Kebutuhan Dapur,Bahan Masakan,Barco Minyak Goreng Kelapa Botol 2 L,120.900
153,Kebutuhan Dapur,Bahan Masakan,Finna Home Vermicelli Sohun Jagung 50 g,2.400
154,Kebutuhan Dapur,Bahan Masakan,Abe Food Potabon Abon Sapi Pouch 100 g,40.900
155,Kebutuhan Dapur,Bahan Masakan,Abe Food Potabon Abon Ayam Pouch 100 g,37.900
156,Kebutuhan Dapur,Bahan Masakan,Tropicana Slim Beras Porang Instan 1 kg,204.900
157,Kebutuhan Dapur,Bahan Masakan,Kongbap Beras Multi Grain Mix Chiaseed & Quinoa 150 g,12.900
158,Kebutuhan Dapur,Bahan Masakan,Kongbap Beras Multi Grain Mix Shirataki 150 g,12.900
159,Kebutuhan Dapur,Bahan Masakan,Anak Raja Beras Organik Aromatik 5 kg,129.000
160,Kebutuhan Dapur,Bahan Masakan,Jay's Kitchen Bumbu Bawang Putih untuk Roti 20 g,16.900
161,Kebutuhan Dapur,Bahan Masakan,Jay's Kitchen Bumbu Penyedap Serbaguna 18 g,11.900
162,Kebutuhan Dapur,Bahan Masakan,Jay's Kitchen Paprika Bubuk 12 g,10.500
163,Kebutuhan Dapur,Bahan Masakan,Jay's Kitchen Daun Oregano 6 g,10.500
164,Kebutuhan Dapur,Bahan Masakan,Jay's Kitchen Daun Basil 5 g,11.000
165,Kebutuhan Dapur,Bahan Masakan,Jay's Kitchen Daun Parsley 4 g,10.500
166,Kebutuhan Dapur,Bahan Masakan,Jay's Kitchen Lada Hitam Remah 8 g,11.900
167,Kebutuhan Dapur,Bahan Masakan,Jay's Kitchen Kayu Manis Bubuk 12 g,9.500
168,Kebutuhan Dapur,Bahan Masakan,Uleg Sambal Terasi 500 g,35.900
169,Kebutuhan Dapur,Bahan Masakan,Finega Cuka Apel 250 ml,58.900
170,Kebutuhan Dapur,Bahan Masakan,Finega Cuka Lemon 250 ml,58.900
171,Kebutuhan Dapur,Bahan Masakan,Finega Cuka Nanas 250 ml,58.900
172,Kebutuhan Dapur,Bahan Masakan,Topi Koki Beras Fortifikasi Kristal 5 kg,116.500
173,Kebutuhan Dapur,Bahan Masakan,Topi Koki Beras Fortifikasi Heritage 5 kg,137.500
174,Kebutuhan Dapur,Bahan Masakan,Royco Bumbu Kaldu Penyedap Rasa Ikan 36 g,2.400
175,Kebutuhan Dapur,Bahan Masakan,Lee Kum Kee Bumbu Instan Nasi Goreng Oriental 120 g,29.500
176,Kebutuhan Dapur,Bahan Masakan,Lee Kum Kee Saus Tiram Kum Chun 510 g,36.500
177,Kebutuhan Dapur,Bahan Masakan,Alfamart Garam 500 g,11.200
178,Kebutuhan Dapur,Bahan Masakan,Royco Bumbu Instan Ayam Saus Telur Asin 22 g,8.300
179,Kebutuhan Dapur,Bahan Masakan,Diabetamil Pemanis Gula Rendah Kalori 50 pcs,34.200
180,Kebutuhan Dapur,Bahan Masakan,SUS Gula Pasir Lokal 1 kg,17.500
181,Kebutuhan Dapur,Bahan Masakan,Del Monte Saus Tomat Botol 265 ml,12.400
182,Kebutuhan Dapur,Bahan Masakan,Totole Kaldu Rasa Jamur Sachet 40 g,7.200
183,Kebutuhan Dapur,Bahan Masakan,FINNA Seleraku Kerupuk Udang Mentah 200 g,8.700
184,Kebutuhan Dapur,Bahan Masakan,Kobe BonCabe Nori Sambal Tabur Level 2 20 g,13.800
185,Kebutuhan Dapur,Bahan Masakan,Kobe BonCabe Max End Sambal Tabur Level 50 Botol 30 g,16.700
186,Kebutuhan Dapur,Bahan Masakan,Bango Kecap Manis Refill 950 g,34.500
187,Kebutuhan Dapur,Bahan Masakan,Kecap Benteng SH Manis Sedang Botol 300 ml,17.100
188,Kebutuhan Dapur,Bahan Masakan,MamaSuka Gim Bori Rumput Laut Kering Tabur Original Botol 30 g,14.200
189,Kebutuhan Dapur,Bahan Masakan,Racik Tepung Bumbu Serbaguna 210 g,6.800
190,Kebutuhan Dapur,Bahan Masakan,Kobe Bumbu Aduk Nasi Uduk 3 x 15 g,7.500
191,Kebutuhan Dapur,Bahan Masakan,Beeru Stevia Pemanis Natural 5 ml,35.900
192,Kebutuhan Dapur,Bahan Masakan,Kobe Selera Bumbu Instan Opor Ayam 75 g,3.000
193,Kebutuhan Dapur,Bahan Masakan,Kewpie Salad Dressing dengan Keju 150 g,30.900
194,Kebutuhan Dapur,Bahan Masakan,MamaSuka Delisaos Saus Pedas Ayam Korea Honey Original 320 g,17.000
195,Kebutuhan Dapur,Bahan Masakan,MamaSuka Delisaos Saus Pedas Ayam Korea Honey Garlic 320 g,17.000
196,Kebutuhan Dapur,Bahan Masakan,Kobe Selera Bumbu Instan Soto Ayam 75 g,3.000
197,Kebutuhan Dapur,Bahan Masakan,Bumboo Bumbu Kaldu Jamur 75 g,32.900
198,Kebutuhan Dapur,Bahan Masakan,Bumboo Bumbu Keju 75 g,34.500
199,Kebutuhan Dapur,Bahan Masakan,Kananori Bumbu Tabur Rumput Laut Rasa Teri 30 g,15.900
200,Kebutuhan Dapur,Bahan Masakan,Kananori Bumbu Tabur Rumput Laut Rasa Cakalang 30 g,15.900
201,Kebutuhan Dapur,Bahan Masakan,Kananori Bumbu Tabur Rumput Laut Rasa Wijen 30 g,15.900
202,Kebutuhan Dapur,Bahan Masakan,Nature Beras Cokelat Organik 1 kg,29.900
203,Kebutuhan Dapur,Bahan Masakan,Nature Beras Putih Organik 1 kg,29.900
204,Kebutuhan Dapur,Bahan Masakan,Nature Beras Pandan Wangi Organik 2 kg,64.900
205,Kebutuhan Dapur,Bahan Masakan,Kewpie Salad Dressing dengan Yogurt Sachet 70 g,10.500
206,Kebutuhan Dapur,Bahan Masakan,Lee Kum Kee Saus Cabai dengan Bawang Putih 226 g,42.900
207,Kebutuhan Dapur,Bahan Masakan,Dougo Minyak Goreng Canola Botol 1 L,73.500
208,Kebutuhan Dapur,Bahan Masakan,Dougo Minyak Goreng Jagung Botol 1 L,84.900
209,Kebutuhan Dapur,Bahan Masakan,Mahsuri Saus Tiram Botol 255 g,21.900
210,Kebutuhan Dapur,Bahan Masakan,Lee Kum Kee Saus Tiram Choy Sun Botol 510 g,42.900
211,Kebutuhan Dapur,Bahan Masakan,Mazola Minyak Goreng Bunga Matahari Botol 900 ml,102.900
212,Kebutuhan Dapur,Bahan Masakan,Raja Platinum Beras Slyp Super 5 kg,74.500
213,Kebutuhan Dapur,Bahan Masakan,UN-GLU Beras M-400 5 kg,74.500
214,Kebutuhan Dapur,Bahan Masakan,Tropicana Slim Santan Kelapa Bubuk Rendah Lemak 5 x 20 g,23.900
215,Kebutuhan Dapur,Bahan Masakan,Bango Kecap Manis Refill 1.5 kg,49.900
216,Kebutuhan Dapur,Bahan Masakan,Tropicana Slim Kecap Manis Bebas Gula Botol 200 ml,34.900
217,Kebutuhan Dapur,Bahan Masakan,Ellenka Fiber Creme Krimer Serbaguna 450 g,62.900
218,Kebutuhan Dapur,Bahan Masakan,Lee Kum Kee Chiu Chow Style Minyak Cabai 205 ml,42.900
219,Kebutuhan Dapur,Bahan Masakan,Burung Layang Terbang Miesoa Instan 130 g,6.900
220,Kebutuhan Dapur,Bahan Masakan,Burung Layang Terbang Mie Hongkong 140 g,13.900
221,Kebutuhan Dapur,Bahan Masakan,Kikkoman Saus Bulgogi Botol 300 g,23.900
222,Kebutuhan Dapur,Bahan Masakan,Kikkoman Kecap Asin Jepang Botol 150 ml,21.000
223,Kebutuhan Dapur,Bahan Masakan,Totole Kaldu Rasa Jamur 400 g,56.900
224,Kebutuhan Dapur,Bahan Masakan,Royco Saus Tiram Botol 135 ml,11.300
225,Kebutuhan Dapur,Bahan Masakan,Lee Kum Kee Saus Seafood Botol 410 ml,40.900
226,Kebutuhan Dapur,Bahan Masakan,Del Monte Saus Barbekiu Refill 1 kg,34.900
227,Kebutuhan Dapur,Bahan Masakan,Kecap Asin Cap Hati Angsa Botol 275 ml,12.500
228,Kebutuhan Dapur,Bahan Masakan,Finna Kerupuk Udang Nusantara 250 g,31.500
229,Kebutuhan Dapur,Bahan Masakan,Desaku Ketumbar Bubuk Pouch 100 g,14.900
230,Kebutuhan Dapur,Bahan Masakan,"Desaku Bumbu Sambal Goreng 12,5 g",2.800
231,Kebutuhan Dapur,Bahan Masakan,"Desaku Bumbu Gulai Padang 12,5 g",2.800
232,Kebutuhan Dapur,Bahan Masakan,Del Monte Saus Lada Hitam Refill 250 g,10.900
233,Kebutuhan Dapur,Bahan Masakan,Del Monte Saus Barbekiu Korea Refill 250 g,10.900
234,Kebutuhan Dapur,Bahan Masakan,Burung Layang Terbang Miesoa Box 350 g,23.900
235,Kebutuhan Dapur,Bahan Masakan,Anak Raja Beras Pulen Pouch 1 kg,19.500
236,Kebutuhan Dapur,Bahan Masakan,Raja Ultima Beras Premium 5 kg,74.500
237,Kebutuhan Dapur,Bahan Masakan,Dua Belibis Saus Cabai Botol 235 ml,16.900
238,Kebutuhan Dapur,Bahan Masakan,Mahorahora Gula Aren Bubuk Murni 200 g,20.300
239,Kebutuhan Dapur,Bahan Masakan,Kobe Bumbu Aduk Nasi Kuning 3 x 15 g,7.500
240,Kebutuhan Dapur,Bahan Masakan,ABC Saus Bumbu Kacang Serbaguna 180 g,16.000
241,Kebutuhan Dapur,Bahan Masakan,Masako Bumbu Kaldu Rasa Jamur Sachet 40 g,4.300
242,Kebutuhan Dapur,Bahan Masakan,Del Monte Saus Pasta Carbonara Keju 180 g,19.700
243,Kebutuhan Dapur,Bahan Masakan,Rasa Masa Bumbu Masak Instan Nusantara Gulai Ayam 40 g,3.900
244,Kebutuhan Dapur,Bahan Masakan,Rasa Masa Bumbu Masak Instan Nusantara Rendang 50 g,5.500
245,Kebutuhan Dapur,Bahan Masakan,"Desaku Marinasi Bumbu Gorengan Tempe, Ikan & Ayam 100 g",14.300
246,Kebutuhan Dapur,Bahan Masakan,Maggi Magic Lezat Bumbu Penyedap Rasa Serbaguna 80 g,6.400
247,Kebutuhan Dapur,Bahan Masakan,Rasa Masa Bumbu Masak Instan Nusantara Opor Ayam 40 g,3.900
248,Kebutuhan Dapur,Bahan Masakan,Topi Koki Beras Setra Royale 5 kg,92.600
249,Kebutuhan Dapur,Bahan Masakan,Kobe BonCabe Cakar Naga Balado Level 15 60 g,5.900
250,Kebutuhan Dapur,Bahan Masakan,Sasa Sambal Ekstra Pedas Botol 275 ml,16.300
251,Kebutuhan Dapur,Bahan Masakan,Maggi Saus Tiram Botol 150 g,10.100
252,Kebutuhan Dapur,Bahan Masakan,Royco Bumbu Penyedap Rasa Kaldu Ayam 220 g,9.400
253,Kebutuhan Dapur,Bahan Masakan,Royco Bumbu Kaldu Penyedap Rasa Sapi 220 g,9.400
254,Kebutuhan Dapur,Bahan Masakan,Sasa Santan Kelapa Cair 65 ml,5.700
255,Kebutuhan Dapur,Bahan Masakan,Maestro Salad Dressing Wijen Sangrai 100 g,6.200
256,Kebutuhan Dapur,Bahan Masakan,Alfamart Bawang Goreng Pouch 60 g,26.500
257,Kebutuhan Dapur,Bahan Masakan,Kewpie Salad Dressing dengan Wijen Sangrai Sachet 50 ml,8.200
258,Kebutuhan Dapur,Bahan Masakan,ABC Sambal Extreme Pedas Botol 270 ml,17.500
259,Kebutuhan Dapur,Bahan Masakan,Anak Raja Beras Pulen Wangi Fortifikasi Premium 5 kg,95.000
260,Kebutuhan Dapur,Bahan Masakan,ABC Saus Bumbu Kacang Serbaguna Pouch 60 g,5.500
261,Kebutuhan Dapur,Bahan Masakan,Hok-1 Beras Premium 5 kg,74.500
262,Kebutuhan Dapur,Bahan Masakan,Topi Koki Beras Long Grain Kristal 2.5 kg,58.900
263,Kebutuhan Dapur,Bahan Masakan,Befood Slyp Super Beras Premium 5 kg,74.500
264,Kebutuhan Dapur,Bahan Masakan,Lee Kum Kee Saus Tiram Cap Panda Botol 770 g,63.900
265,Kebutuhan Dapur,Bahan Masakan,Sania Beras Premium 5 kg,74.500
266,Kebutuhan Dapur,Bahan Masakan,Cap Anak Raja Beras Pulen 5 kg,74.500
267,Kebutuhan Dapur,Bahan Masakan,Camar Minyak Goreng Pouch 2 L,41.900
268,Kebutuhan Dapur,Bahan Masakan,"Desaku Bumbu Balado 12,5 g",2.800
269,Kebutuhan Dapur,Bahan Masakan,"Desaku Bumbu Kari 12,5 g",2.800
270,Kebutuhan Dapur,Bahan Masakan,"Desaku Bumbu Opor 12,5 g",2.800
271,Kebutuhan Dapur,Bahan Masakan,Rose Brand Bihun Jagung 320 g,10.000
272,Kebutuhan Dapur,Bahan Masakan,Harumas Minyak Goreng Sawit Pouch 2 L,41.500
273,Kebutuhan Dapur,Bahan Masakan,Sumo Beras Pulen Fortifikasi Kemasan Merah 5 kg,90.500
274,Kebutuhan Dapur,Bahan Masakan,Maggi Seasoning Bumbu Masak Botol 100 ml,17.500
275,Kebutuhan Dapur,Bahan Masakan,Tabasco Saus Pedas Red Pepper 60 ml,54.900
276,Kebutuhan Dapur,Bahan Masakan,Tropicana Slim Pemanis Nol Kalori Diabtx 25 s,28.900
277,Kebutuhan Dapur,Bahan Masakan,Bertolli Minyak Zaitun Ekstra Light 250 ml,76.900
278,Kebutuhan Dapur,Bahan Masakan,Bertolli Minyak Zaitun Ekstra Virgin 250 ml,82.900
279,Kebutuhan Dapur,Bahan Masakan,Happy Minyak Goreng Kedelai Murni Botol 1 L,50.500
280,Kebutuhan Dapur,Bahan Masakan,Happy Minyak Goreng Kedelai Murni Pouch 1 L,42.900
281,Kebutuhan Dapur,Bahan Masakan,Mazola Minyak Goreng Kanola Botol 900 ml,102.900
282,Kebutuhan Dapur,Bahan Masakan,Mazola Minyak Goreng Kedelai Botol 900 ml,102.900
283,Kebutuhan Dapur,Bahan Masakan,Filippo Berio Minyak Zaitun Ekstra Light 250 ml,72.900
284,Kebutuhan Dapur,Bahan Masakan,Tropicana Slim Minyak Jagung 946 ml,109.900
285,Kebutuhan Dapur,Bahan Masakan,Tropicana Slim Beras Merah Organik 1 kg,49.900
286,Kebutuhan Dapur,Bahan Masakan,Kobe Tepung Bumbu Kentucky Super Crispy 850 g,25.900
287,Kebutuhan Dapur,Bahan Masakan,Sasa Tepung Bumbu Ayam Goreng Renyah 900 g,18.900
288,Kebutuhan Dapur,Bahan Masakan,Kongbap Beras Multi Grain Mix Original 150 g,12.900
289,Kebutuhan Dapur,Bahan Masakan,Tropicana Slim Stevia Pemanis Natural 50 s,69.000
290,Kebutuhan Dapur,Bahan Masakan,Pronas Abon Daging Sapi Original Pouch 100 g,36.500
291,Kebutuhan Dapur,Bahan Masakan,Fortune Beras Pulen Premium 5 kg,73.500
292,Kebutuhan Dapur,Bahan Masakan,Rose Brand Gula Halus 500 g,14.900
293,Kebutuhan Dapur,Bahan Masakan,ABC Kecap Manis 825 g,26.900
294,Kebutuhan Dapur,Bahan Masakan,Rose Brand Sirup Fruktosa Gula Cair Rendah Kalori 500 g,19.900
295,Kebutuhan Dapur,Bahan Masakan,Tropicana Slim Minyak Bunga Matahari 946 ml,89.900
296,Kebutuhan Dapur,Bahan Masakan,Tropicana Slim Extra Virgin Olive Oil 500 ml,169.900
297,Kebutuhan Dapur,Bahan Masakan,Sajiku Tepung Bumbu Serbaguna 210 g,8.200
298,Kebutuhan Dapur,Bahan Masakan,Del Monte Sambal Ekstra Pedas 24 x 8 g,8.300
299,Kebutuhan Dapur,Bahan Masakan,Indofood Racik Bumbu Spesial Gulai 45 g,7.100
300,Kebutuhan Dapur,Bahan Masakan,Enak Eco Sambal Pecel Pedas 185 g,21.200
301,Kebutuhan Dapur,Bahan Masakan,Fortune Minyak Goreng Pouch 2 L,42.800
302,Kebutuhan Dapur,Bahan Masakan,Sasa Tepung Bumbu Serbaguna Original 210 g,7.700
303,Kebutuhan Dapur,Bahan Masakan,Indofood Sambal Ekstra Pedas 275 ml,14.100
304,Kebutuhan Dapur,Bahan Masakan,Tropicana Slim Pemanis Nol Kalori Diabtx 50 x 2 g,55.200
305,Kebutuhan Dapur,Bahan Masakan,Bango Kecap Manis Botol 385 g,25.500
306,Kebutuhan Dapur,Bahan Masakan,ABC Sambal Asli Botol 270 ml,16.700
307,Kebutuhan Dapur,Bahan Masakan,ABC Sambal Ekstra Pedas Botol 270 ml,16.600
308,Kebutuhan Dapur,Bahan Masakan,Sasa Tepung Bumbu Serbaguna Hot & Spicy 210 g,7.700
309,Kebutuhan Dapur,Bahan Masakan,Sasa Tepung Bumbu Ala Kentucky Ayam Krispi 200 g,7.700
310,Kebutuhan Dapur,Bahan Masakan,Lee Kum Kee Minyak Wijen 115 ml,50.300
311,Kebutuhan Dapur,Bahan Masakan,Mayumi Saus Mayones Original 100 g,8.500
312,Kebutuhan Dapur,Bahan Masakan,Alfamart Beras Setra Ramos 5 kg,74.500
313,Kebutuhan Dapur,Bahan Masakan,Alfamart Gula Pasir Lokal 1 kg,17.500
314,Kebutuhan Dapur,Bahan Masakan,Alfamart Gula Merah 400 g,14.900
315,Kebutuhan Dapur,Bahan Masakan,Alfamart Gula Batu 250 g,11.800
316,Kebutuhan Dapur,Bahan Masakan,Alfamart Kacang Hijau Mentah 250 g,11.500
317,Kebutuhan Dapur,Bahan Masakan,Alfamart Lada Putih Refill 50 g,17.900
318,Kebutuhan Dapur,Bahan Masakan,ABC Sambal Extra Pedas Pouch 380 g,19.800
319,Kebutuhan Dapur,Bahan Masakan,Ladaku Merica Bubuk 8 x 1 g,5.400
320,Kebutuhan Dapur,Bahan Masakan,Tropicana Slim Pemanis Nol Kalori Diabtx 100 x 2 g,97.200
321,Kebutuhan Dapur,Bahan Masakan,Sovia Minyak Goreng Sawit Pouch 2 L,42.600
322,Kebutuhan Dapur,Bahan Masakan,Alfamart Minyak Goreng Pouch 2 L,42.900
323,Kebutuhan Dapur,Bahan Masakan,Cap Tanam Jagung Bihun Jagung 320 g,13.300
324,Kebutuhan Dapur,Bahan Masakan,Uleg Sambal Terasi 10 x 17 g,16.800
325,Kebutuhan Dapur,Bahan Masakan,Alfamart Beras Pandan Wangi 5 kg,115.500
326,Kebutuhan Dapur,Bahan Masakan,Alfamart Gula Pasir Lokal Putih 1 kg,17.500
327,Kebutuhan Dapur,Bahan Masakan,Kobe Super Crispy Tepung Bumbu Kentucky 200 g,7.500
328,Kebutuhan Dapur,Bahan Masakan,Kikkoman Saus Teriyaki Bawang Botol 300 g,21.000
329,Kebutuhan Dapur,Bahan Masakan,Kikkoman Saus Pedas ala Korea Gochujang Botol 300 g,23.000
330,Kebutuhan Dapur,Bahan Masakan,Sedaap Kecap Manis Pouch 1 kg,25.900
331,Kebutuhan Dapur,Bahan Masakan,Tropicana Slim Beras Shirataki Instan Rasa Nasi Uduk Pouch 72 g,34.900
332,Kebutuhan Dapur,Bahan Masakan,MamaSuka Sup Krim Instan Daging Sapi Lada Hitam 55 g,8.900
333,Kebutuhan Dapur,Bahan Masakan,Pura The Purest Sea Salt Garam Kasar 300 g,39.500
334,Kebutuhan Dapur,Bahan Masakan,Masako Light Bumbu Kaldu Penyedap Rasa Ayam 50 g,4.500
335,Kebutuhan Dapur,Bahan Masakan,Kewpie Salad Dressing Caesar 200 ml,34.500
336,Kebutuhan Dapur,Bahan Masakan,Pura Garam Himalaya dengan Bawang Putih 125 g,45.000
337,Kebutuhan Dapur,Bahan Masakan,Pura Garam Himalaya dengan Lada Hitam 125 g,45.000
338,Kebutuhan Dapur,Bahan Masakan,Desaku Kunyit Bubuk Pouch 100 g,19.900
339,Kebutuhan Dapur,Bahan Masakan,Kecap Benteng SH Manis Sedang Refill 620 ml,30.900
340,Kebutuhan Dapur,Bahan Masakan,Finna Kacang Hijau Box 450 g,25.900
341,Kebutuhan Dapur,Bahan Masakan,Finna Kacang Merah Brene Bone Box 450 g,26.900
342,Kebutuhan Dapur,Bahan Masakan,Finna Jagung Popcorn Box 500 g,17.500
343,Kebutuhan Dapur,Bahan Masakan,Tropicana Slim Kaldu Ayam dan Jamur 100 g,28.500
344,Kebutuhan Dapur,Bahan Masakan,Mayumi Saus Salad Buah 70 g,5.900
345,Kebutuhan Dapur,Bahan Masakan,Little Dragon Sambal Bawang Box 10 x 8 g,20.900
346,Kebutuhan Dapur,Bahan Masakan,Little Dragon Sambal Terasi Box 10 x 8 g,20.900
347,Kebutuhan Dapur,Bahan Masakan,Lee Kum Kee Bumbu Instan Saus Kung Pao 100 g,29.900
348,Kebutuhan Dapur,Bahan Masakan,Lee Kum Kee Bumbu Instan Nasi Ayam Hainan 100 g,29.500
349,Kebutuhan Dapur,Bahan Masakan,Kikkoman Saus Barbekiu Botol 300 g,23.000
350,Kebutuhan Dapur,Bahan Masakan,Kikkoman Saus Teriyaki Lada Hitam Botol 300 g,19.900
351,Kebutuhan Dapur,Bahan Masakan,Pura The Purest Sea Salt Garam Halus 300 g,39.500
352,Kebutuhan Dapur,Bahan Masakan,Cap Gajah Citric Acid Pengatur Keasaman Asam Sitrat 50 g,2.900
353,Kebutuhan Dapur,Bahan Masakan,TTS Pearl River Bridge Kecap Jamur Botol 150 ml,14.900
354,Kebutuhan Dapur,Bahan Masakan,TTS Pearl River Bridge Kecap Botol 150 ml,14.900
355,Kebutuhan Dapur,Bahan Masakan,Tropicana Slim Pemanis Alami Gula Buah 50 pcs,49.900
356,Kebutuhan Dapur,Bahan Masakan,Garuda Popcorn Instant Rasa Caramel Butter 80 g,10.200
357,Kebutuhan Dapur,Bahan Masakan,Alfamart Abon Sapi 100 g,17.800
358,Kebutuhan Dapur,Bahan Masakan,Cap 3 Ayam Mi Telur Pipih 200 g,5.800
359,Kebutuhan Dapur,Bahan Masakan,Sasa Tepung Bumbu Bakwan Spesial 210 g,7.700
360,Kebutuhan Dapur,Bahan Masakan,FILMA Minyak Goreng Pouch 2 L,44.000
361,Kebutuhan Dapur,Bahan Masakan,Sasa Santan Kelapa Bubuk 20 g,3.900
362,Kebutuhan Dapur,Bahan Masakan,Tropicana Slim Pemanis Rendah Kalori Klasik 50 x 2.5 g,54.900
363,Kebutuhan Dapur,Bahan Masakan,Kobe Tepung Bumbu Bakwan Kress 200 g,7.500
364,Kebutuhan Dapur,Bahan Masakan,Masako Bumbu Kaldu Penyedap Rasa Ayam 250 g,11.900
365,Kebutuhan Dapur,Bahan Masakan,Saori Saus Oriental Saus Tiram Botol 270 ml,23.600
366,Kebutuhan Dapur,Bahan Masakan,Kobe Bumbu Nasi Goreng Super Pedas 20 g,2.700
367,Kebutuhan Dapur,Bahan Masakan,Kewpie Mayones Original Tube 150 g,34.500
368,Kebutuhan Dapur,Bahan Masakan,bamboe Bumbu Instan Rawon 54 g,12.500
369,Kebutuhan Dapur,Bahan Masakan,bamboe Asia Bumbu Instan Tom Yum 60 g,15.400
370,Kebutuhan Dapur,Bahan Masakan,ABC Saus Tomat Botol 270 ml,17.100
371,Kebutuhan Dapur,Bahan Masakan,Del Monte Saus Barbekiu Refill 250 g,11.300
372,Kebutuhan Dapur,Bahan Masakan,Refina Garam Meja Beriodium Refill 500 g,11.500
373,Kebutuhan Dapur,Bahan Masakan,Kara Sun Santan Kelapa Cair Siap Pakai 200 ml,20.000
374,Kebutuhan Dapur,Bahan Masakan,kara Santan Krim Kelapa Siap Pakai 200 ml,21.200
375,Kebutuhan Dapur,Bahan Masakan,Sania Minyak Goreng Pouch 2 L,43.000
376,Kebutuhan Dapur,Bahan Masakan,Indofood Sambal Bangkok Botol 335 ml,19.000
377,Kebutuhan Dapur,Bahan Masakan,ABC Kecap Manis Refill 685 g,22.400
378,Kebutuhan Dapur,Bahan Masakan,SunCo Minyak Goreng Pouch 2 L,46.300
379,Kebutuhan Dapur,Bahan Masakan,Indofood Sambal Pedas Botol 275 ml,13.900
380,Kebutuhan Dapur,Bahan Masakan,ABC Kecap Manis Botol 275 ml,19.800
381,Kebutuhan Dapur,Bahan Masakan,ABC Sambal Asli Botol 130 ml,8.200
382,Kebutuhan Dapur,Bahan Masakan,ABC Sambal Asli Botol 335 ml,18.700
383,Kebutuhan Dapur,Bahan Masakan,Indofood Sambal Pedas Botol 135 ml,8.100
384,Kebutuhan Dapur,Bahan Masakan,ABC Sambal Ekstra Pedas Botol 130 ml,8.200
385,Kebutuhan Dapur,Bahan Masakan,ABC Sambal Ekstra Pedas Botol 335 ml,18.700
386,Kebutuhan Dapur,Bahan Masakan,Indofood Racik Bumbu Spesial Soto Ayam 45 g,7.200
387,Kebutuhan Dapur,Bahan Masakan,Koepoe Koepoe Lada Putih Bubuk Bumbu Dapur 85 g,30.900
388,Kebutuhan Dapur,Bahan Masakan,Ajinomoto Umami Bumbu Penyedap Rasa MSG 250 g,16.000
389,Kebutuhan Dapur,Bahan Masakan,Sasa Gourmet MSG Bubuk 100 g,7.100
390,Kebutuhan Dapur,Bahan Masakan,DOLPIN Garam Beryodium 500 g,14.400
391,Kebutuhan Dapur,Bahan Masakan,Barco Minyak Goreng Kelapa Pouch 1 L,59.900
392,Kebutuhan Dapur,Bahan Masakan,ABC Kecap Inggris Botol 195 ml,16.300
393,Kebutuhan Dapur,Bahan Masakan,Indofood Racik Bumbu Spesial Kare 45 g,6.800
394,Kebutuhan Dapur,Bahan Masakan,Indofood Racik Bumbu Spesial Rendang 50 g,7.200
395,Kebutuhan Dapur,Bahan Masakan,Indofood Racik Bumbu Spesial Opor Ayam 45 g,7.100
396,Kebutuhan Dapur,Bahan Masakan,Indofood Sambal Ekstra Pedas Botol 335 ml,17.400
397,Kebutuhan Dapur,Bahan Masakan,ABC Terasi Udang 20 x 3.8 g,9.300
398,Kebutuhan Dapur,Bahan Masakan,Sajiku Bumbu Instan Nasi Goreng Ayam 20 g,2.500
399,Kebutuhan Dapur,Bahan Masakan,Saori Saus Oriental Saus Tiram 133 ml,13.400
400,Kebutuhan Dapur,Bahan Masakan,Saori Saus Oriental Saus Tiram 23 ml,3.500
401,Kebutuhan Dapur,Bahan Masakan,ABC Minyak Wijen Botol 195 ml,61.500
402,Kebutuhan Dapur,Bahan Masakan,Sasa Bumbu Lumur Ayam Spesial 26 g,2.500
403,Kebutuhan Dapur,Bahan Masakan,MamaKoko Santan Kelapa Cair 65 ml,4.400
404,Kebutuhan Dapur,Bahan Masakan,Haan Gula Aren 250 g,20.800
405,Kebutuhan Dapur,Bahan Masakan,Bimoli Minyak Goreng Pouch 2 L,39.900
406,Kebutuhan Dapur,Bahan Masakan,Bertolli Minyak Zaitun Ekstra Light 500 ml,148.900
407,Kebutuhan Dapur,Bahan Masakan,Bertolli Minyak Zaitun Ekstra Virgin 500 ml,159.900
408,Kebutuhan Dapur,Bahan Masakan,Lee Kum Kee Saus Tiram Premium Botol 510 g,76.900
409,Kebutuhan Dapur,Bahan Masakan,Lee Kum Kee Saus Tiram Jamur Botol 510 ml,52.900
410,Kebutuhan Dapur,Bahan Masakan,Lee Kum Kee Minyak Wijen Murni 207 ml,68.900
411,Kebutuhan Dapur,Bahan Masakan,Bimoli Minyak Goreng Pouch 1 L,20.400
412,Kebutuhan Dapur,Bahan Masakan,Bimoli Special Minyak Goreng Pouch 2 L,41.300
413,Kebutuhan Dapur,Bahan Masakan,Finna Kecap Ikan Cap Kerang Botol 200 ml,17.500
414,Kebutuhan Dapur,Bahan Masakan,Flimrice Beras Shirataki Instan Box 7 x 40 g,61.900
415,Kebutuhan Dapur,Bahan Masakan,Flimrice Beras Shirataki 1 kg,183.500
416,Kebutuhan Dapur,Bahan Masakan,Bumbu Bunda Elia BB Booster Minyak Lemak Sapi 100 ml,29.900
417,Kebutuhan Dapur,Bahan Masakan,Sasa Gourmet MSG Bubuk 250 g,15.000
418,Kebutuhan Dapur,Bahan Masakan,Maestro Mayones Sachet 100 g,4.400
419,Kebutuhan Dapur,Bahan Masakan,Dua Belibis Saus Cabai Botol 135 ml,7.900
420,Kebutuhan Dapur,Bahan Masakan,Saori Saus Oriental Saus Teriyaki Botol 135 ml,10.900
421,Kebutuhan Dapur,Bahan Masakan,Sedaap Kecap Manis 700 g,15.500
422,Kebutuhan Dapur,Bahan Masakan,Sajiku Bumbu Instan Nasi Goreng Pedas 20 g,2.300
423,Kebutuhan Dapur,Bahan Masakan,Kara Sun Santan Kelapa Cair Siap Pakai 65 ml,4.800
424,Kebutuhan Dapur,Bahan Masakan,Diabetasol Nulife Pemanis Gula Tanpa Kalori 50 s,39.900
425,Kebutuhan Dapur,Bahan Masakan,ABC Kecap Asin Botol 131 ml,4.800
426,Kebutuhan Dapur,Bahan Masakan,Del Monte Sambal Ekstra Pedas Botol 330 ml,14.200
427,Kebutuhan Dapur,Bahan Masakan,MamaSuka Mayones 300 g,25.700
428,Kebutuhan Dapur,Bahan Masakan,Lee Kum Kee Saus Tiram Botol 145 g,12.200
429,Kebutuhan Dapur,Bahan Masakan,Bango Kecap Manis 189 g,9.900
430,Kebutuhan Dapur,Bahan Masakan,Kobe BonCabe Sambal Tabur Original Level 15 45 g,9.800
431,Kebutuhan Dapur,Bahan Masakan,Del Monte Saus Spageti Refill 250 g,9.500
432,Kebutuhan Dapur,Bahan Masakan,La Fonte Saus Pasta Bolognese 315 g,18.500
433,Kebutuhan Dapur,Bahan Masakan,Kobe BonCabe Sambal Tabur Level 30 Botol 40 g,13.700
434,Kebutuhan Dapur,Bahan Masakan,Indofood Racik Bumbu Instan Ayam Goreng 25 g,2.300
435,Kebutuhan Dapur,Bahan Masakan,Sasa Saus Sambal Ekstra Pedas Sachet 24 pcs,6.900
436,Kebutuhan Dapur,Bahan Masakan,Maya TunaDalam Minyak Kedelai 185 g,24.200
437,Kebutuhan Dapur,Bahan Masakan,ABC Nusantara Sambal Terasi 10 x 18 g,13.500
438,Kebutuhan Dapur,Bahan Masakan,Sasa Santan Kelapa Cair 200 ml,16.500
439,Kebutuhan Dapur,Bahan Masakan,MamaSuka Delisaos Saus Sambal Pedas Hot Lava Botol 260 ml,15.500
440,Kebutuhan Dapur,Bahan Masakan,Tropical Minyak Goreng Botol 1 L,23.100
441,Kebutuhan Dapur,Bahan Masakan,Maestro Thousand Island Salad Dressing 100 g,4.400
442,Kebutuhan Dapur,Bahan Masakan,La Fonte Chicken Bolognese Saus Pasta 290 g,17.900
443,Kebutuhan Dapur,Bahan Masakan,Saori Saus Oriental Lada Hitam Botol 133 ml,10.900
444,Kebutuhan Dapur,Bahan Masakan,Masako Bumbu Kaldu Penyedap Rasa Sapi 250 g,9.000
445,Kebutuhan Dapur,Bahan Masakan,Indofood Racik Bumbu Instan Sayur Asem 33 g,2.300
446,Kebutuhan Dapur,Bahan Masakan,Sasa Bumbu Ungkep Ayam Kalasan 33 g,2.000
447,Kebutuhan Dapur,Bahan Masakan,Kewpie Salad Dressing Wijen Sangrai Botol 200 ml,29.900
448,Kebutuhan Dapur,Bahan Masakan,Indofood Racik Bumbu Instan Nasi Goreng Spesial Sosis 3 x 20 g,5.900
449,Kebutuhan Dapur,Bahan Masakan,Kewpie Mayones Original 70 g,4.900
450,Kebutuhan Dapur,Bahan Masakan,Mayumi Saus Mayones Pedas 100 g,7.000
451,Kebutuhan Dapur,Bahan Masakan,Ellenka Fiber Creme Krimer Serbaguna 100 g,13.300
452,Kebutuhan Dapur,Bahan Masakan,Bumbu Bunda Elia BB Booster Minyak Lemak Ayam 100 ml,29.900
453,Kebutuhan Dapur,Bahan Masakan,Bumbu Bunda Santan Kelapa Bubuk 50 g,41.900
454,Kebutuhan Dapur,Bahan Masakan,Bumbu Bunda Minyak Kelapa 500 ml,65.900
455,Kebutuhan Dapur,Bahan Masakan,MamaSuka Delisaos Bumbu Pasta Instan Gochujang Pedas 200 g,12.900
456,Kebutuhan Dapur,Bahan Masakan,Tropicana Slim Minyak Goreng Canola Botol 946 ml,74.500
457,Kebutuhan Dapur,Bahan Masakan,Koepoe KoepoePewarna Makanan Hijau Muda 30 ml,3.900
458,Kebutuhan Dapur,Bahan Masakan,Koepoe Koepoe Pasta Pewarna & Perasa Cocopandan 60 ml,7.900
459,Kebutuhan Dapur,Bahan Masakan,Koepoe Koepoe Pasta Pewarna & Perasa Cokelat 60 ml,7.900
460,Kebutuhan Dapur,Bahan Masakan,Koepoe Koepoe Pewarna Makanan Cokelat 30 ml,3.900
461,Kebutuhan Dapur,Bahan Masakan,Koepoe Koepoe Pasta Pewarna & Perasa Vanila 60 ml,7.900
462,Kebutuhan Dapur,Bahan Masakan,Lee Kum Kee Kecap Asin Premium Botol 500 ml,29.900
463,Kebutuhan Dapur,Bahan Masakan,Filippo Berio Minyak Zaitun Ekstra Virgin 500 ml,143.900
464,Kebutuhan Dapur,Bahan Masakan,Filippo Berio Minyak Zaitun Ekstra Light 500 ml,117.900
465,Kebutuhan Dapur,Bahan Masakan,Del Monte Sambal Ekstra Pedas Refill 1 kg,23.500
466,Kebutuhan Dapur,Bahan Masakan,Del Monte Saus Tomat Refill 1 kg,18.500
467,Kebutuhan Dapur,Bahan Masakan,Heinz Saus Tomat Botol 325 g,15.900
468,Kebutuhan Dapur,Bahan Masakan,Maestro Mayones Refill 1 kg,30.900
469,Kebutuhan Dapur,Bahan Masakan,Koepoe Koepoe Perisa Alami Bawang Putih Bubuk 130 g,14.900
470,Kebutuhan Dapur,Bahan Masakan,Koepoe Koepoe Daun Oregano Bumbu Dapur Botol 42 g,14.900
471,Kebutuhan Dapur,Bahan Masakan,Koepoe Koepoe Daun Parsley Bumbu Dapur Botol 19 g,10.900
472,Kebutuhan Dapur,Bahan Masakan,Dua Belibis Saus Cabai Refill 1 kg,32.500
473,Kebutuhan Dapur,Bahan Masakan,Dua Belibis Saus Cabai Botol 650 g,26.900
474,Kebutuhan Dapur,Bahan Masakan,Dua Belibis Saus Tomat Refill 1 kg,17.900
475,Kebutuhan Dapur,Bahan Masakan,Maestro Salad Dressing Thousand Island Botol 237 ml,16.900
476,Kebutuhan Dapur,Bahan Masakan,Maestro Salad Dressing Wijen Sangrai Botol 237 ml,17.900
477,Kebutuhan Dapur,Bahan Masakan,Del Monte Saus Sambal Ekstra Pedas Botol 135 ml,5.800
478,Kebutuhan Dapur,Bahan Masakan,Royco Saus Tiram Botol 275 ml,16.000
479,Kebutuhan Dapur,Bahan Masakan,Sedaap Bumbu Kaldu Rasa Ayam 250 g,8.900
480,Kebutuhan Dapur,Bahan Masakan,Sedaap Bumbu Kaldu Rasa Sapi 250 g,8.900
481,Kebutuhan Dapur,Bahan Masakan,Sedaap Kecap Manis Refill 280 g,7.500
482,Kebutuhan Dapur,Bahan Masakan,Sasa Bumbu Kari Jepang Original 40 g,7.400
483,Kebutuhan Dapur,Bahan Masakan,La Fonte Saus Pasta Carbonara 315 g,21.500
484,Kebutuhan Dapur,Bahan Masakan,MamaSuka Gim Bori Rumput Laut Kering Tabur Pedas Botol 25 g,9.900
485,Kebutuhan Dapur,Bahan Masakan,Dua Belibis Saus Cabe Pedas Lada Botol 235 ml,12.800
486,Kebutuhan Dapur,Bahan Masakan,Royco Bumbu Instan Rendang 45 g,5.900
487,Kebutuhan Dapur,Bahan Masakan,Lee Kum Kee Saus Tiram Sachet 30 g,2.600
488,Kebutuhan Dapur,Bahan Masakan,Pronas Saus Spageti Bolognese Sapi Pouch 315 g,19.900
489,Kebutuhan Dapur,Bahan Masakan,Indofood Sambal Ekstra Pedas Botol 135 ml,8.100
490,Kebutuhan Dapur,Bahan Masakan,ABC Kecap Manis Botol 130 ml,10.300
491,Kebutuhan Dapur,Bahan Masakan,PRONAS Kornet Daging Sapi Kaleng 198 g,29.900
492,Kebutuhan Dapur,Bahan Masakan,Del Monte Ketchup Saus Tomat Sachet 24 x 8 g,5.300
493,Kebutuhan Dapur,Bahan Masakan,Tropical Minyak Goreng Kelapa Sawit Botol 2 L,44.900
494,Kebutuhan Dapur,Bahan Masakan,GulaVit PIR Gula Pasir Kristal Putih Bervitamin C & D 1 kg,17.500
495,Kebutuhan Dapur,Bahan Masakan,Gulaku Gula Pasir Tebu Kuning 1 kg,17.500
496,Kebutuhan Dapur,Bahan Masakan,Happy Sweet Gula Tebu Premium Bag 1 kg,
497,Kebutuhan Dapur,Bahan Masakan,Fukumi Beras Porang Konjac Sachet 7 pcs,57.900
498,Kebutuhan Dapur,Bahan Masakan,ABC Sambal Asli 1 kg,22.900
499,Kebutuhan Dapur,Bahan Masakan,ABC Sambal Extra Pedas 950 g,22.900
500,Kebutuhan Dapur,Bahan Masakan,Olivoila Minyak Zaitun Ekstra Virgin 500 ml,148.900
501,Kebutuhan Dapur,Bahan Masakan,Sania Royale Minyak Goreng Kedelai Botol 1 L,42.500
502,Kebutuhan Dapur,Bahan Masakan,Koepoe Koepoe Lada Hitam Bubuk Bumbu Dapur 83 g,18.900
503,Kebutuhan Dapur,Bahan Masakan,Evyna Gula Kelapa Alami 320 g,30.900
504,Kebutuhan Dapur,Bahan Masakan,Diabetasol Pemanis Nol Kalori 100 sachet,61.600
505,Kebutuhan Dapur,Bahan Masakan,Fukumi Beras Porang Konjac Pouch 1 kg,188.900
506,Kebutuhan Dapur,Bahan Masakan,Lobo Bumbu Pasta Tom Yum 30 g,10.900
507,Kebutuhan Dapur,Bahan Masakan,Ikan Dorang Minyak Kelapa Murni 250 ml,68.900
508,Kebutuhan Dapur,Bahan Masakan,Ikan Dorang Minyak Goreng Kelapa Pouch 950 ml,56.900
509,Kebutuhan Dapur,Bahan Masakan,Bango Kecap Manis Hitam Gurih Refill 550 g,11.900
510,Kebutuhan Dapur,Bahan Masakan,Dua Belibis Saus Cabai Sachet Bag 24 x 8 g,9.900
511,Kebutuhan Dapur,Bahan Masakan,ABC Sambal Asli Pouch 380 g,15.900
512,Kebutuhan Dapur,Bahan Masakan,Grouu Minyak Lemak Ayam Botol 250 ml,36.500
513,Kebutuhan Dapur,Bahan Masakan,Grouu Minyak Lemak Sapi Botol 250 ml,47.500
514,Kebutuhan Dapur,Bahan Masakan,Grouu Bumbu Santan Kelapa Anak 50 g,15.900
515,Kebutuhan Dapur,Bahan Masakan,Grouu Bumbu Kaldu Sapi Anak 90 g,21.500
516,Kebutuhan Dapur,Bahan Masakan,Grouu Bumbu Kaldu Ayam Anak 90 g,21.500
517,Kebutuhan Dapur,Bahan Masakan,Grouu Bumbu Keju Anak 85 g,17.500
518,Kebutuhan Dapur,Bahan Masakan,Mahsuri Saus Cabe Botol 235 g,9.900
519,Kebutuhan Dapur,Bahan Masakan,Tudung Tepung Bumbu Perkedel 50 g,4.900
520,Kebutuhan Dapur,Bahan Masakan,Tudung Bumbu Nasi Kuning 55 g,12.900
521,Kebutuhan Dapur,Bahan Masakan,Tudung Bumbu Nasi Uduk 55 g,12.900
522,Kebutuhan Dapur,Bahan Masakan,Tudung Tepung Bumbu Cireng 100 g,7.900
523,Kebutuhan Dapur,Bahan Masakan,Yuuka Food Kerupuk Mawar Kecil Mentah 300 g,22.900
524,Kebutuhan Dapur,Bahan Masakan,Yuuka Food Kerupuk Mawar Besar Mentah 300 g,22.900
525,Kebutuhan Dapur,Bahan Masakan,Yuuka Food Abon Rumput Laut Original 50 g,25.900
526,Kebutuhan Dapur,Bahan Masakan,Sasa House Bumbu Instan Kari Jepang Pedas 40 g,6.900
527,Kebutuhan Dapur,Bahan Masakan,Tropical Minyak Goreng Kelapa Sawit Botol 1.5 L,33.200
528,Kebutuhan Dapur,Bahan Masakan,Royco Bumbu Instan Opor Ayam 45 g,5.500
529,Kebutuhan Dapur,Bahan Masakan,Royco Bumbu Instan Soto Ayam 40 g,5.500
530,Kebutuhan Dapur,Bahan Masakan,Tropicana Slim Beras Porang Instan Sachet 10 x 40 g,79.900
531,Kebutuhan Dapur,Bahan Masakan,Lee Kum Kee Saus Tiram Cap Panda Botol 255 g,24.900
532,Kebutuhan Dapur,Bahan Masakan,Bango Kecap Asin 132 g,5.500
533,Kebutuhan Dapur,Bahan Masakan,Mahsuri Saus Gurih Asam Manis Botol 265 g,22.900
534,Kebutuhan Dapur,Bahan Masakan,Rose Brand Gula Pasir Kristal Putih Premium 1 kg,17.500
535,Kebutuhan Dapur,Bahan Masakan,Gulaku Gula Pasir Tebu Premium 1 kg,17.500
536,Kebutuhan Dapur,Bahan Masakan,SUS Gula Pasir Lokal Kuning 1 kg,17.500
537,Kebutuhan Dapur,Bahan Masakan,PSM Gula Pasir Kristal Putih Premium 1 kg,17.500
538,Kebutuhan Dapur,Bahan Masakan,Rose Brand Gula Pasir Tebu Kuning 1 kg,17.500
539,Kebutuhan Dapur,Bahan Masakan,Dua Belibis Saus Cabe Botol 335 ml,18.400
540,Kebutuhan Dapur,Bahan Masakan,Royco Bumbu Kaldu Penyedap Rasa Ayam 94 g,6.300
541,Kebutuhan Dapur,Bahan Masakan,Sania Minyak Goreng Pouch 1 L,21.600
542,Kebutuhan Dapur,Bahan Masakan,Dua Belibis Saus Cabe Ekstra Pedas Botol 235 ml,19.800
543,Kebutuhan Dapur,Bahan Masakan,Bango Kecap Manis Refill 700 g,21.500
544,Kebutuhan Dapur,Bahan Masakan,Indofood Kecap Manis Refill 725 g,19.400
545,Kebutuhan Dapur,Bahan Masakan,Kereta Kencana Beras Premium 5 kg,74.500
546,Kebutuhan Dapur,Bahan Masakan,GMP Gula Pasir Kristal Putih 1 kg,17.500
547,Kebutuhan Dapur,Bahan Masakan,Sugaro Gula Pasir Kristal Putih 1 kg,
548,Kebutuhan Dapur,Bahan Roti & Kue,Pondan Brownies Kukus 230 g,16.300
549,Kebutuhan Dapur,Bahan Roti & Kue,Cap Pak Tani Gunung Tepung Tapioka 500 g,13.700
550,Kebutuhan Dapur,Bahan Roti & Kue,Kraft Keju Cheddar All In 1 150 g,18.200
551,Kebutuhan Dapur,Bahan Roti & Kue,Colatta Cokelat Compound Hitam 180 g,24.000
552,Kebutuhan Dapur,Bahan Roti & Kue,Sania Tepung Beras 500 g,12.200
553,Kebutuhan Dapur,Bahan Roti & Kue,Blue Band 5 In1 Serbaguna Margarin 190 g,6.900
554,Kebutuhan Dapur,Bahan Roti & Kue,Prochiz Quick Melt Keju Cheddar Olahan 160 g,27.500
555,Kebutuhan Dapur,Bahan Roti & Kue,Sasa Tepung Bumbu Pisang Goreng Vanila 210 g,7.700
556,Kebutuhan Dapur,Bahan Roti & Kue,Prochiz Slices Keju Cheddar Lembaran 10 s,14.800
557,Kebutuhan Dapur,Bahan Roti & Kue,Prochiz Keju Cheddar Olahan Oles 160 g,14.800
558,Kebutuhan Dapur,Bahan Roti & Kue,Prochiz Gold Keju Cheddar Olahan Box 160 g,16.200
559,Kebutuhan Dapur,Bahan Roti & Kue,Koepoe Koepoe Perisa Vanila Bahan Kue 20 g,9.600
560,Kebutuhan Dapur,Bahan Roti & Kue,Kobe Tepung Tempe Goreng Kriuk 200 g,7.500
561,Kebutuhan Dapur,Bahan Roti & Kue,MamaSuka Tepung Roti 100 g,9.500
562,Kebutuhan Dapur,Bahan Roti & Kue,Koepoe Koepoe Baking Powder Pengembang Kue 45 g,7.400
563,Kebutuhan Dapur,Bahan Roti & Kue,Koepoe Koepoe Soda Kue 81 g,6.100
564,Kebutuhan Dapur,Bahan Roti & Kue,Koepoe Koepoe SP Pengemulsi Bahan Kue 30 g,10.400
565,Kebutuhan Dapur,Bahan Roti & Kue,Rose Brand Tepung Beras Putih 500 g,12.600
566,Kebutuhan Dapur,Bahan Roti & Kue,Rose Brand Tepung Ketan Putih 500 g,17.400
567,Kebutuhan Dapur,Bahan Roti & Kue,Maizenaku Corn Starch 150 g,7.600
568,Kebutuhan Dapur,Bahan Roti & Kue,Van Houten Kakao Bubuk Box 80 g,30.800
569,Kebutuhan Dapur,Bahan Roti & Kue,Sania Tepung Terigu Serbaguna 1 kg,13.700
570,Kebutuhan Dapur,Bahan Roti & Kue,Kunci Biru Tepung Terigu 1 kg,14.200
571,Kebutuhan Dapur,Bahan Roti & Kue,Segitiga Biru Tepung Terigu 1 kg,14.900
572,Kebutuhan Dapur,Bahan Roti & Kue,ForVita Margarin Serbaguna 200 g,6.400
573,Kebutuhan Dapur,Bahan Roti & Kue,ForVita Margarin Serbaguna Box 250 g,12.700
574,Kebutuhan Dapur,Bahan Roti & Kue,Simas Palmia Margarin Serbaguna 200 g,6.400
575,Kebutuhan Dapur,Bahan Roti & Kue,NutriCake Brownies Coklat 230 g,13.400
576,Kebutuhan Dapur,Bahan Roti & Kue,FITRI Margarin Serbaguna 200 g,
577,Kebutuhan Dapur,Bahan Roti & Kue,Anchor Unsalted Butter Mentega Asli New Zealand 200 g,
578,Kebutuhan Dapur,Bahan Roti & Kue,Anchor Salted Butter Mentega Asli New Zealand 200 g,
579,Kebutuhan Dapur,Bahan Roti & Kue,Windmolen Kakao Bubuk Box 80 g,
580,Kebutuhan Dapur,Bahan Roti & Kue,Arla Kids Cheese Stick 18 g,
581,Kebutuhan Dapur,Bahan Roti & Kue,Anchor Minidish Salted Butter 10 x 7 g - Mentega Asli New Zealand,
582,Kebutuhan Dapur,Bahan Roti & Kue,Anchor Minidish Unsalted Butter Asli New Zealand 10 x 7 g,
583,Kebutuhan Dapur,Bahan Roti & Kue,Kompas Tepung Terigu Serbaguna Premium 1 kg,
584,Kebutuhan Dapur,Bahan Roti & Kue,Pondan Pancake Mix Keju 125 g,13.900
585,Kebutuhan Dapur,Bahan Roti & Kue,Pondan Pancake Mix Cokelat 125 g,13.900
586,Kebutuhan Dapur,Bahan Roti & Kue,Pondan Tepung Bakso Goreng 100 g,6.800
587,Kebutuhan Dapur,Bahan Roti & Kue,Sunpride Selai Filling Rasa Nanas 500 g,38.500
588,Kebutuhan Dapur,Bahan Roti & Kue,Francis Tepung Premix Pancake Mix Original 200 g,17.500
589,Kebutuhan Dapur,Bahan Roti & Kue,Francis Tepung Premix Pancake Mix Cokelat 200 g,17.500
590,Kebutuhan Dapur,Bahan Roti & Kue,Prochiz Gold Slices Keju Cheddar Lembaran 12 s,13.500
591,Kebutuhan Dapur,Bahan Roti & Kue,MamaSuka Tepung Maizena 150 g,5.600
592,Kebutuhan Dapur,Bahan Roti & Kue,Haan Wippy Cream Pouch 200 g,45.900
593,Kebutuhan Dapur,Bahan Roti & Kue,Colatta Glaze Topping & Dekorasi Tiramisu 250 g,21.500
594,Kebutuhan Dapur,Bahan Roti & Kue,Rose Brand Corn Starch Pati Jagung Tepung Maizena 250 g,7.900
595,Kebutuhan Dapur,Bahan Roti & Kue,Wijsman Preserved Dutch Butter 200 g,109.500
596,Kebutuhan Dapur,Bahan Roti & Kue,Pondan Pancake Mix Original 250 g,18.500
597,Kebutuhan Dapur,Bahan Roti & Kue,Colatta Glaze Topping & Dekorasi Dark Cokelat 250 g,22.000
598,Kebutuhan Dapur,Bahan Roti & Kue,Coco Nasi Matahari Dua Walet Tepung Agar-agar untuk Beras 7x3 g,18.500
599,Kebutuhan Dapur,Bahan Roti & Kue,OREO Cookie Crumb Original 1 kg,79.000
600,Kebutuhan Dapur,Bahan Roti & Kue,TULIP Cokelat Compound Hitam 225 g,26.500
601,Kebutuhan Dapur,Bahan Roti & Kue,Haan Ragi Instan 44 g,16.000
602,Kebutuhan Dapur,Bahan Roti & Kue,Colatta Choco Chips 150 g,19.900
603,Kebutuhan Dapur,Bahan Roti & Kue,Kobe Tepung Roti Crispy 200 g,10.500
604,Kebutuhan Dapur,Bahan Roti & Kue,Maizenaku Tepung Pati Jagung 300 g,11.900
605,Kebutuhan Dapur,Bahan Roti & Kue,Gasol Tepung Organik Beras Putih 200 g,18.900
606,Kebutuhan Dapur,Bahan Roti & Kue,Gasol Tepung Organik Beras Merah 200 g,18.900
607,Kebutuhan Dapur,Bahan Roti & Kue,Gasol Tepung Organik Kacang Hijau 200 g,18.900
608,Kebutuhan Dapur,Bahan Roti & Kue,Kraft Keju Cheddar 150 g,19.900
609,Kebutuhan Dapur,Bahan Roti & Kue,Kraft Keju Cheddar Singles 8 Lembar,22.500
610,Kebutuhan Dapur,Bahan Roti & Kue,Kraft Keju Quick Melt + Mozza 150 g,26.500
611,Kebutuhan Dapur,Bahan Roti & Kue,MEG Keju Serbaguna Lembaran 10 s,12.500
612,Kebutuhan Dapur,Bahan Roti & Kue,Blue Band Serbaguna Margarin Tub 230 g,14.500
613,Kebutuhan Dapur,Bahan Roti & Kue,Blue Band Serbaguna Margarin 200 g,9.900
614,Kebutuhan Dapur,Bahan Roti & Kue,Emina Cheese Mozza Keju Lembaran Mozzarella & Cheddar 5 x 15 g,13.000
615,Kebutuhan Dapur,Bahan Roti & Kue,Filma Margarin Serbaguna 200 g,6.500
616,Kebutuhan Dapur,Bahan Roti & Kue,Emina Keju Mozzarella Box 160 g,27.800
617,Kebutuhan Dapur,Bahan Roti & Kue,Emina Cheese Shred Box 160 g,12.500
618,Kebutuhan Dapur,Bahan Roti & Kue,Blue Band Margarin Kue & Cookie Sachet 200 g,12.000
619,Kebutuhan Dapur,Bahan Roti & Kue,WinCheez Keju Cheedar Olahan Gold Box 170 g,10.800
620,Kebutuhan Dapur,Bahan Roti & Kue,MEG Keju Cheddar Serbaguna Box 160 g,11.900
621,Kebutuhan Dapur,Bahan Roti & Kue,Frisian Flag Keju Cheddar Blok 150 g,16.300
622,Kebutuhan Dapur,Bahan Roti & Kue,ForVita Margarin Cup 200 g,7.000
623,Kebutuhan Dapur,Bahan Roti & Kue,WinCheez Keju Cheedar Olahan Spreadable 150 g,11.500
624,Kebutuhan Dapur,Bahan Roti & Kue,Palmia Margarin Butter Sachet 200 g,8.900
625,Kebutuhan Dapur,Bahan Roti & Kue,Kraft Keju Cheddar Mini 30 g,6.200
626,Kebutuhan Dapur,Bahan Roti & Kue,Koepoe Koepoe TBM Pengemulsi Bahan Kue 80 g,11.900
627,Kebutuhan Dapur,Bahan Roti & Kue,Haan Pancake Mix Tepung Kue Vanila 180 g,18.900
628,Kebutuhan Dapur,Bahan Roti & Kue,Haan Pancake Mix Tepung Kue Cokelat 150 g,18.900
629,Kebutuhan Dapur,Bahan Roti & Kue,Haan Pancake Mix Tepung Kue Keju 150 g,18.900
630,Kebutuhan Dapur,Bahan Roti & Kue,Prochiz Quick Melt Keju Cheddar Olahan Slice 5 s,10.100
631,Kebutuhan Dapur,Bahan Puding & Agar-Agar,Swallow Globe Tepung Agar-Agar Plain 7 g,6.000
632,Kebutuhan Dapur,Bahan Puding & Agar-Agar,Swallow Globe Tepung Agar-Agar Merah 7 g,6.000
633,Kebutuhan Dapur,Bahan Puding & Agar-Agar,Nutrijell Puding Instan Belgian Chocolate 130 g,13.800
634,Kebutuhan Dapur,Bahan Puding & Agar-Agar,Nutrijell Jeli Serbuk Instan Rasa Dark Cokelat 24 g,7.800
635,Kebutuhan Dapur,Bahan Puding & Agar-Agar,Mom's Recipe Silky Pudding Instan Cokelat 110 g,13.600
636,Kebutuhan Dapur,Bahan Puding & Agar-Agar,Nutrijell Jeli Serbuk Instan Kopi 20 g,7.800
637,Kebutuhan Dapur,Bahan Puding & Agar-Agar,Nutrijell Puding Instan Susu Rasa Coklat Pouch 145 g,14.100
638,Kebutuhan Dapur,Bahan Puding & Agar-Agar,Nutrijell Jeli Serbuk Instan Cincau 15 g,6.400
639,Kebutuhan Dapur,Bahan Puding & Agar-Agar,Nutrijell My Vla Bubuk Instan Vla Vanila 60 g,7.300
640,Kebutuhan Dapur,Bahan Puding & Agar-Agar,Nutrijell Jeli Serbuk Instan Stroberi 15 g,6.600
641,Kebutuhan Dapur,Bahan Puding & Agar-Agar,Nutrijell Jeli Serbuk Instan Plain 15 g,6.400
642,Kebutuhan Dapur,Bahan Puding & Agar-Agar,Nutrijell Jeli Serbuk Instan Mangga 15 g,6.400
643,Kebutuhan Dapur,Bahan Puding & Agar-Agar,Nutrijell Jeli Serbuk Instan Coklat 30 g,8.100
644,Kebutuhan Dapur,Bahan Puding & Agar-Agar,Nutrijell Puding Instan Susu Rasa Mangga Pouch 170 g,11.800
645,Kebutuhan Dapur,Bahan Puding & Agar-Agar,Nutrijell Jeli Serbuk Instan Anggur 15 g,4.900
646,Kebutuhan Dapur,Bahan Puding & Agar-Agar,Nutrijell Jeli Serbuk Instan Leci 15 g,4.900
647,Kebutuhan Dapur,Bahan Puding & Agar-Agar,Nutrijell Puding Instan Instan Susu Stroberi 145 g,11.800
648,Kebutuhan Dapur,Bahan Puding & Agar-Agar,Haan Puding Instan Cokelat 130 g,10.900
649,Kebutuhan Dapur,Bahan Puding & Agar-Agar,Pondan Puding Mix Silky Cokelat 100 g,11.500
650,Kebutuhan Dapur,Bahan Puding & Agar-Agar,Mom's Recipe Silky Pudding Instan Matcha 100 g,13.600
651,Kebutuhan Dapur,Bahan Puding & Agar-Agar,Mom's Recipe Silky Pudding Instan Peach155 g,13.500
652,Kebutuhan Dapur,Bahan Puding & Agar-Agar,Mom's Recipe Silky Puding Instan Biskuit 155 g,13.500
653,Kebutuhan Dapur,Bahan Puding & Agar-Agar,Mom's Recipe Silky Pudding Instan Alpukat 155 g,13.500
654,Kebutuhan Dapur,Bahan Puding & Agar-Agar,Mom's Recipe Silky Pudding Instan Bubble Gum 155 g,13.500
655,Kebutuhan Dapur,Bahan Puding & Agar-Agar,Mom's Recipe Silky Pudding Instan Leci 155 g,13.500
656,Kebutuhan Dapur,Bahan Puding & Agar-Agar,Mom's Recipe Silky Pudding Instan Stroberi 155 g,13.500
657,Kebutuhan Ibu & Anak,Makanan Bayi & Anak,Promina Mi Batita Ayam Kampung Box 75 g,12.400
658,Kebutuhan Ibu & Anak,Makanan Bayi & Anak,Alamii Snack Anak Cokelat Puffs Rasa Real Belgian Cokelat 18 g,10.500
659,Kebutuhan Ibu & Anak,Makanan Bayi & Anak,Alamii Honey Permen Gummy Anak Wild Berries 40 g,12.900
660,Kebutuhan Ibu & Anak,Makanan Bayi & Anak,Promina Bubur Bayi Salmon Labu Madu Box 120 g,18.200
661,Kebutuhan Ibu & Anak,Makanan Bayi & Anak,Abe Food Kindy Biskwit Camilan Anak Rasa Sayur Pouch 40 g,
662,Kebutuhan Ibu & Anak,Makanan Bayi & Anak,Promina Softcorn Snack Bayi Rasa Yogurt Stroberi 15 g,
663,Kebutuhan Ibu & Anak,Makanan Bayi & Anak,Milna Crunch Cheese Snack Bayi Box 20 g,
664,Kebutuhan Ibu & Anak,Makanan Bayi & Anak,Promina Baby Crunchies Snack Bayi Keju Cheddar 20 g,11.800
665,Kebutuhan Ibu & Anak,Makanan Bayi & Anak,Nestle Cerelac Bubur Bayi Sereal Instant Susu Beras Merah 120 g,17.900
666,Kebutuhan Ibu & Anak,Makanan Bayi & Anak,Promina Arrowroot Biskuit Bayi Keju 110 g,19.900
667,Kebutuhan Ibu & Anak,Makanan Bayi & Anak,PoiPoi Snack Anak Bervitamin Vegie 25 g,21.000
668,Kebutuhan Ibu & Anak,Makanan Bayi & Anak,PoiPoi Snack Anak Bervitamin Milky 25 g,21.000
669,Kebutuhan Ibu & Anak,Makanan Bayi & Anak,PoiPoi Snack Anak Bervitamin Mix Fruits 25 g,21.000
670,Kebutuhan Ibu & Anak,Makanan Bayi & Anak,Omo Crunch It Camilan Anak Cokelat Pouch 25 g,16.900
671,Kebutuhan Ibu & Anak,Makanan Bayi & Anak,Omo Crunch It Camilan Anak Stroberi Pouch 25 g,16.900
672,Kebutuhan Ibu & Anak,Makanan Bayi & Anak,Omo Crunch It Camilan Anak Keju Pouch 25 g,16.900
673,Kebutuhan Ibu & Anak,Makanan Bayi & Anak,Omo Crunch It Camilan Anak Jagung Bakar Keju Pouch 25 g,16.900
674,Kebutuhan Ibu & Anak,Makanan Bayi & Anak,Omo Krispy-O Camilan Anak Apel Stroberi Pouch 15 g,6.000
675,Kebutuhan Ibu & Anak,Makanan Bayi & Anak,Omo Krispy-O Camilan Anak Bluberi Pouch 15 g,6.000
676,Kebutuhan Ibu & Anak,Makanan Bayi & Anak,Omo Krispy-O Camilan Anak Cokelat Susu Pouch 15 g,6.000
677,Kebutuhan Ibu & Anak,Makanan Bayi & Anak,Omo Krispy-O Camilan Anak Keju Pouch 15 g,6.000
678,Kebutuhan Ibu & Anak,Makanan Bayi & Anak,Omo Krispy-O Camilan Anak Ayam Jagung 15 g,6.000
679,Kebutuhan Ibu & Anak,Makanan Bayi & Anak,"Yummy Bites Sereal Bayi Labu, Wortel, & Jagung Manis 150 g",29.900
680,Kebutuhan Ibu & Anak,Makanan Bayi & Anak,Yummy Bites Camilan Anak Rumput Laut Keju Pouch 30 g,28.900
681,Kebutuhan Ibu & Anak,Makanan Bayi & Anak,Abe Food Kindy Biskwit Camilan Anak Rasa Keju Pouch 40 g,23.900
682,Kebutuhan Ibu & Anak,Makanan Bayi & Anak,Abe Food Kindy Biskwit Camilan Anak Rasa Cokelat Pouch 40 g,23.900
683,Kebutuhan Ibu & Anak,Makanan Bayi & Anak,Abe Food Kindy Biskwit Camilan Anak Rasa Stroberi Pouch 40 g,23.900
684,Kebutuhan Ibu & Anak,Makanan Bayi & Anak,Abe Food Kookids Camilan Anak Cookies Cokelat Chips Pouch 100 g,26.000
685,Kebutuhan Ibu & Anak,Makanan Bayi & Anak,Abe Food Kookids Camilan Anak Cookies Double Cokelat Chips Pouch 100 g,26.000
686,Kebutuhan Ibu & Anak,Makanan Bayi & Anak,Abe Food Kookids Camilan Anak Cookies Oatmeal Pouch 100 g,26.000
687,Kebutuhan Ibu & Anak,Makanan Bayi & Anak,Nelly's Pantry Camilan Anak Puff Rasa Pisang 25 g,16.900
688,Kebutuhan Ibu & Anak,Makanan Bayi & Anak,Nelly's Pantry Camilan Anak Puff Rasa Kaldu Ayam 25 g,16.900
689,Kebutuhan Ibu & Anak,Makanan Bayi & Anak,Sunkrisps Stik Pelangi Camilan Bayi Rasa Keju 50 g,26.900
690,Kebutuhan Ibu & Anak,Makanan Bayi & Anak,Sunkrisps Stik Pelangi Camilan Bayi Rasa Veggie 50 g,26.900
691,Kebutuhan Ibu & Anak,Makanan Bayi & Anak,Sunkrisps Rainbow Puff Kue Sus Kering Cokelat Original 50 g,26.900
692,Kebutuhan Ibu & Anak,Makanan Bayi & Anak,Sunkrisps Rainbow Puff Kue Sus Kering Cokelat Keju 50 g,26.900
693,Kebutuhan Ibu & Anak,Makanan Bayi & Anak,Happy Bites Rice Rusks Camilan Bayi Bluberi 50 g,27.900
694,Kebutuhan Ibu & Anak,Makanan Bayi & Anak,Happy Bites Rice Rusks Camilan Bayi Pisang 50 g,27.900
695,Kebutuhan Ibu & Anak,Makanan Bayi & Anak,Happy Bites Rice Rusks Camilan Bayi Apel 50 g,27.900
696,Kebutuhan Ibu & Anak,Makanan Bayi & Anak,Grandville Popcorn Gourmet Anak Karamel 50 g,21.900
697,Kebutuhan Ibu & Anak,Makanan Bayi & Anak,Grandville Popcorn Gourmet Anak Keju 50 g,21.900
698,Kebutuhan Ibu & Anak,Makanan Bayi & Anak,Grandville Popcorn Gourmet Anak Crunchy Floss 50 g,21.900
699,Kebutuhan Ibu & Anak,Makanan Bayi & Anak,Grandville Popcorn Gourmet Anak Hokkaido Milk 50 g,21.900
700,Kebutuhan Ibu & Anak,Makanan Bayi & Anak,Grandville Abon Sapi Anak Original 90 g,39.900
701,Kebutuhan Ibu & Anak,Makanan Bayi & Anak,Grandville Abon Sapi Anak Pedas 90 g,39.900
702,Kebutuhan Ibu & Anak,Makanan Bayi & Anak,Grandville Abon Ayam Anak Original 90 g,37.900
703,Kebutuhan Ibu & Anak,Makanan Bayi & Anak,Grandville Abon Ayam Anak Pedas 90 g,37.900
704,Kebutuhan Ibu & Anak,Makanan Bayi & Anak,Grandville Abon Ikan Anak Original 90 g,39.900
705,Kebutuhan Ibu & Anak,Makanan Bayi & Anak,Grandville Abon Ikan Anak Pedas 90 g,39.900
706,Kebutuhan Ibu & Anak,Makanan Bayi & Anak,Serena Folabee Biskuit Anak Original 75 g,8.900
707,Kebutuhan Ibu & Anak,Makanan Bayi & Anak,Noolie Makanan Suplemen Anak Nutri Melt Rasa Susu Original 18 g,61.000
708,Kebutuhan Ibu & Anak,Makanan Bayi & Anak,Sun Bubur Bayi Tim Opor Ayam 100 g,16.000
709,Kebutuhan Ibu & Anak,Makanan Bayi & Anak,Promina Sup Krim Bayi Rasa Jagung & Ayam 30 g,9.800
710,Kebutuhan Ibu & Anak,Makanan Bayi & Anak,Sun Bubur Bayi Tim Soto Ayam 100 g,16.000
711,Kebutuhan Ibu & Anak,Makanan Bayi & Anak,Bumboo Abon Ayam 90 g,37.900
712,Kebutuhan Ibu & Anak,Makanan Bayi & Anak,Bumboo Abon Sapi 90 g,41.900
713,Kebutuhan Ibu & Anak,Makanan Bayi & Anak,Bumboo Abon Tuna 75 g,42.900
714,Kebutuhan Ibu & Anak,Makanan Bayi & Anak,Alamii Snack Anak Yogurt Stroberi Puffs 25 g,18.900
715,Kebutuhan Ibu & Anak,Makanan Bayi & Anak,Yummy Bites Greek Yogurt Custard Cokelat 100 g,19.500
716,Kebutuhan Ibu & Anak,Makanan Bayi & Anak,Yummy Bites Rice Crackers Snack Bayi Stroberi 25 g,17.900
717,Kebutuhan Ibu & Anak,Makanan Bayi & Anak,SUN Biskuit Marie Keju Anak 80 g,9.600
718,Kebutuhan Ibu & Anak,Makanan Bayi & Anak,Promina Softcorn Snack Bayi Rasa Buttermilk 15 g,9.200
719,Kebutuhan Ibu & Anak,Makanan Bayi & Anak,Milna Crunch Berries Yogurt Snack Bayi Box 20 g,10.200
720,Kebutuhan Ibu & Anak,Makanan Bayi & Anak,Promina Yogurt Melts Snack Bayi Rasa Susu 8 g,15.200
721,Kebutuhan Ibu & Anak,Makanan Bayi & Anak,Promina Yogurt Melts Snack Bayi Rasa Stroberi 8 g,15.200
722,Kebutuhan Ibu & Anak,Makanan Bayi & Anak,Promina Baby Crunchies Snack Bayi Krim Ayam Brokoli 20 g,11.800
723,Kebutuhan Ibu & Anak,Makanan Bayi & Anak,Alamii Honey Permen Gummy Anak Tropical Rush 40 g,12.400
724,Kebutuhan Ibu & Anak,Makanan Bayi & Anak,Promina Sup Mi Bayi Rasa Daging Sayur 84 g,12.400
725,Kebutuhan Ibu & Anak,Makanan Bayi & Anak,Nestle Cerelac Bubur Bayi Sereal Instant Susu Pisang 120 g,18.900
726,Kebutuhan Ibu & Anak,Makanan Bayi & Anak,Sun Bubur Bayi Ayam Kampung & Bayam 120 g,11.800
727,Kebutuhan Ibu & Anak,Makanan Bayi & Anak,Nestle Cerelac Bubur Bayi Sereal Instant Kacang Hijau 120 g,12.400
728,Kebutuhan Ibu & Anak,Makanan Bayi & Anak,Nestle Cerelac Bubur Bayi Sereal Instant Beras Merah 120 g,12.500
729,Kebutuhan Ibu & Anak,Makanan Bayi & Anak,SUN Biskuit Bayi Marie Susu 150 g,16.100
730,Kebutuhan Ibu & Anak,Makanan Bayi & Anak,Promina Biskuit Bayi Marie Susu 150 g,19.000
731,Kebutuhan Ibu & Anak,Makanan Bayi & Anak,Sun Bubur Bayi Beras Merah 120 g,11.100
732,Kebutuhan Ibu & Anak,Makanan Bayi & Anak,Milna Biskuit Bayi Original 110 g,19.400
733,Kebutuhan Ibu & Anak,Makanan Bayi & Anak,Sun Bubur Bayi Ekonomis Pisang 120 g,7.500
734,Kebutuhan Ibu & Anak,Makanan Bayi & Anak,Promina Bubur Bayi Tim Ayam Kampung Tomat Wortel 100 g,16.500
735,Kebutuhan Ibu & Anak,Makanan Bayi & Anak,Promina Bubur Bayi Tim Daging dan Brokoli 100 g,16.500
736,Kebutuhan Ibu & Anak,Makanan Bayi & Anak,Alamii Snack Anak Cheese Puffs Rasa Keju Cheddar Pouch 15 g,9.400
737,Kebutuhan Ibu & Anak,Makanan Bayi & Anak,Alamii Snack Anak Golden Veggie Rasa Jagung Manis & Wortel Puffs 15 g,9.400
738,Kebutuhan Ibu & Anak,Makanan Bayi & Anak,Sun Bubur Bayi Ekonomis Beras Merah 120 g,7.500
739,Kebutuhan Ibu & Anak,Makanan Bayi & Anak,SUN Bubur Bayi Rasa Tim Ayam Sayur 100 g,15.500
740,Kebutuhan Ibu & Anak,Makanan Bayi & Anak,Yummy Bites Rice Crackers Snack Bayi Apel 25 g,17.900
741,Kebutuhan Ibu & Anak,Makanan Bayi & Anak,Promina Arrowroot Biskuit Bayi Cokelat 110 g,18.900
742,Kebutuhan Ibu & Anak,Makanan Bayi & Anak,Promina Bubur Bayi Tim Ati Ayam Kampung 100 g,18.900
743,Kebutuhan Ibu & Anak,Makanan Bayi & Anak,Serena Folabee Biskuit Anak Rasa Cokelat 75 g,8.900
744,Kebutuhan Ibu & Anak,Makanan Bayi & Anak,Promina Homemade Bubur Bayi Salmon Kentang Wortel 100 g,23.500
745,Kebutuhan Ibu & Anak,Makanan Bayi & Anak,Milna Rice Crackers Snack Bayi Ubi Wortel 20 g,15.900
746,Kebutuhan Ibu & Anak,Makanan Bayi & Anak,Yummy Bites Bebe Roll Snack Bayi Bluberi 40 g,34.900
747,Kebutuhan Ibu & Anak,Makanan Bayi & Anak,Yummy Bites Bebe Roll Snack Bayi Keju 40 g,34.900
748,Kebutuhan Ibu & Anak,Makanan Bayi & Anak,Promina Pasta Bayi Ayam Bayam Creamy 60 g,9.900
749,Kebutuhan Ibu & Anak,Makanan Bayi & Anak,Alamii Snack Anak Cokelat Puffs Rasa Real Belgian Cokelat 30 g,18.900
750,Kebutuhan Ibu & Anak,Makanan Bayi & Anak,Alamii Snack Anak Tomat Cheesy Puffs Rasa Tomat Creamy Cheddar 25 g,18.900
751,Kebutuhan Ibu & Anak,Makanan Bayi & Anak,Alamii Snack Anak Keju Puffs Rasa Keju Cheddar Asli 25 g,18.900
752,Kebutuhan Ibu & Anak,Makanan Bayi & Anak,Alamii Snack Anak Golden Veggie Rasa Jagung Manis & Wortel Puffs 25 g,18.900
753,Kebutuhan Ibu & Anak,Makanan Bayi & Anak,Alamii Snack Anak Peanut Butter Puffs Rasa Real Selai Kacang 30 g,18.900
754,Kebutuhan Ibu & Anak,Makanan Bayi & Anak,"Yummy Bites Greek Yogurt Markisa, Mangga, Apel & Pisang 100 g",17.900
755,Kebutuhan Ibu & Anak,Makanan Bayi & Anak,Yummy Bites Bebe Roll Snack Bayi Stroberi 40 g,34.900
756,Kebutuhan Ibu & Anak,Makanan Bayi & Anak,Alamii Snack Anak Puffs Rasa Ayam Jamur 25 g,18.900
757,Kebutuhan Ibu & Anak,Makanan Bayi & Anak,Yummy Bites Snack Bayi Pancake & Waffle Mix 130 g,17.900
758,Kebutuhan Ibu & Anak,Makanan Bayi & Anak,Promina Bubur Bayi Rasa Tim Salmon Norwegia 100 g,18.900
759,Kebutuhan Ibu & Anak,Makanan Bayi & Anak,Promina Bubur Bayi Rasa Tim Sapi Wortel 120 g,18.000
760,Kebutuhan Ibu & Anak,Makanan Bayi & Anak,Promina Bubur Bayi Milky Beras Merah 120 g,15.400
761,Kebutuhan Ibu & Anak,Makanan Bayi & Anak,Bumbu Bunda Elia Bumbu Kaldu Sapi 50 g,65.900
762,Kebutuhan Ibu & Anak,Makanan Bayi & Anak,Grouu Eatsy Bubur Bayi Siap Saji Rasa Soto Ayam 120 g,24.700
763,Kebutuhan Ibu & Anak,Makanan Bayi & Anak,Grouu Eatsy Bubur Bayi Siap Saji Rasa Rendang Sapi 120 g,24.700
764,Kebutuhan Ibu & Anak,Makanan Bayi & Anak,Bumbu Bunda Elia BB Booster Nasi Instan Beef Salmon 200 g,51.900
765,Kebutuhan Ibu & Anak,Makanan Bayi & Anak,Bumbu Bunda Elia BB Booster Nasi Instan Beef Steak 200 g,51.900
766,Kebutuhan Ibu & Anak,Makanan Bayi & Anak,Bumbu Bunda Elia BB Booster Nasi Instan Chicken Salmon 200 g,51.900
767,Kebutuhan Ibu & Anak,Makanan Bayi & Anak,Bumbu Bunda Elia Bumbu Kaldu Ayam Kampung 50 g,59.900
768,Kebutuhan Ibu & Anak,Makanan Bayi & Anak,Bumbu Bunda Elia Kecap Manis 140 ml,27.900
769,Kebutuhan Ibu & Anak,Makanan Bayi & Anak,Bumbu Bunda Elia Saus Tiram 150 ml,24.900
770,Kebutuhan Ibu & Anak,Makanan Bayi & Anak,Molagi Gugu Melts Yogurt Camilan Bayi Rasa Mangga 20 g,39.900
771,Kebutuhan Ibu & Anak,Makanan Bayi & Anak,Molagi Gugu Melts Yogurt Camilan Bayi Rasa Pisang & Stroberi 20 g,39.900
772,Kebutuhan Ibu & Anak,Makanan Bayi & Anak,Molagi Gugu Melts Yogurt Camilan Bayi Rasa Buah Naga & Mangga 20 g,39.900
773,Kebutuhan Ibu & Anak,Makanan Bayi & Anak,Molagi Gugu Melts Yogurt Camilan Bayi Rasa Cokelat Butir 20 g,39.900
774,Kebutuhan Ibu & Anak,Makanan Bayi & Anak,Molagi Gugu Melts Yogurt Camilan Bayi Rasa Pisang & Apel 20 g,39.900
775,Kebutuhan Ibu & Anak,Makanan Bayi & Anak,Gasol Bubur Beras Ayam Labu 100 g,26.500
776,Kebutuhan Ibu & Anak,Makanan Bayi & Anak,Gasol Bubur Beras Ayam Brokoli 100 g,26.500
777,Kebutuhan Ibu & Anak,Makanan Bayi & Anak,Promina Puffs Snack Bayi Pisang 15 g,7.900
778,Kebutuhan Ibu & Anak,Makanan Bayi & Anak,Promina Puffs Snack Bayi Bluberi 15 g,7.900
779,Kebutuhan Ibu & Anak,Makanan Bayi & Anak,Milna Bubur Bayi DHA Sup Ayam Wortel 100 g,16.800
780,Kebutuhan Ibu & Anak,Makanan Bayi & Anak,Promina Puffs Snack Bayi Apel Stroberi 15 g,7.900
781,Kebutuhan Ibu & Anak,Makanan Bayi & Anak,Milna Nature Puffs Organic Snack Bayi Apel & Mix Berries 15 g,7.900
782,Kebutuhan Ibu & Anak,Makanan Bayi & Anak,Milna Nature Puffs Organic Snack Bayi Pisang 15 g,7.900
783,Kebutuhan Ibu & Anak,Makanan Bayi & Anak,Promina Pasta Mac and Cheese 70 g,10.600
784,Kebutuhan Ibu & Anak,Makanan Bayi & Anak,Yummy Bites Rice Crackers Snack Bayi Pisang 25 g,17.200
785,Kebutuhan Ibu & Anak,Makanan Bayi & Anak,Milna Bubur Bayi Instan Tim Hati Ayam Bayam 100 g,16.800
786,Kebutuhan Ibu & Anak,Makanan Bayi & Anak,Milna Wgain Bubur Bayi Ayam Bayam 120 g,34.400
787,Kebutuhan Ibu & Anak,Makanan Bayi & Anak,Milna Nature Puffs Organik Snack Bayi Keju 15 g,7.900
788,Kebutuhan Ibu & Anak,Makanan Bayi & Anak,Promina Rice Cracker Rasa Mix Berries 20 g,16.500
789,Kebutuhan Ibu & Anak,Makanan Bayi & Anak,Promina Silky Puding Bayi Rasa Cokelat 100 g,13.900
790,Kebutuhan Ibu & Anak,Makanan Bayi & Anak,Milna Rice Crackers Snack Bayi Apel Jeruk 20 g,14.900
791,Kebutuhan Ibu & Anak,Makanan Bayi & Anak,Yummy Bites Rice Crackers Snack Bayi Bluberi 25 g,17.200
792,Kebutuhan Ibu & Anak,Makanan Bayi & Anak,Milna Bubur Bayi Organik Veggie & Corn 120 g,37.700
793,Kebutuhan Ibu & Anak,Makanan Bayi & Anak,Milna Wgain Bubur Bayi Ayam Kacang Polong 120 g,32.900
794,Kebutuhan Ibu & Anak,Makanan Bayi & Anak,Milna Biskuit Bayi Finger Original 52 g,9.500
795,Kebutuhan Ibu & Anak,Makanan Bayi & Anak,Monde Boromon Snack Anak Cookies Original 100 g,14.900
796,Kebutuhan Ibu & Anak,Makanan Bayi & Anak,Monde Boromon Snack Anak Cookies Susu 100 g,14.900
797,Kebutuhan Ibu & Anak,Makanan Bayi & Anak,Monde Boromon Snack Anak Cookies Mix Fruit 100 g,14.900
798,Kebutuhan Ibu & Anak,Makanan Bayi & Anak,Monde Potato Boro Snack Anak Cookies Kentang Rasa Jeruk 100 g,9.900
799,Kebutuhan Ibu & Anak,Makanan Bayi & Anak,Yummy Bites Crackers 123 Snack Bayi Pisang 50 g,27.900
800,Kebutuhan Ibu & Anak,Makanan Bayi & Anak,Yummy Bites Crackers 123 Snack Bayi Stroberi 50 g,27.900
801,Kebutuhan Ibu & Anak,Makanan Bayi & Anak,Promina Sup Mi Bayi Rasa Ayam dan Sayur 81 g,11.700
802,Kebutuhan Ibu & Anak,Makanan Bayi & Anak,Sun Bubur Bayi Sereal Pisang Susu 120 g,7.900
803,Kebutuhan Ibu & Anak,Makanan Bayi & Anak,Yummy Bites Organic Makanan Bayi Mi Brokoli & Ubi 80 g,16.900
804,Kebutuhan Ibu & Anak,Makanan Bayi & Anak,Yummy Bites Organic Makanan Bayi Mi Kangkung dan Bit 80 g,16.900
805,Kebutuhan Ibu & Anak,Makanan Bayi & Anak,Yummy Bites Organic Makanan Bayi Mi Bayam & Labu 80 g,16.900
806,Kebutuhan Ibu & Anak,Makanan Bayi & Anak,Grouu Selai Kurma MPASI Bayi & Anak 250 g,34.900
807,Kebutuhan Ibu & Anak,Makanan Bayi & Anak,Grouu Crispy Rice Cake Snack Anak Original 20 g,12.500
808,Kebutuhan Ibu & Anak,Makanan Bayi & Anak,Grouu Crispy Rice Cake Snack Anak Californian Steak 20 g,12.500
809,Kebutuhan Ibu & Anak,Makanan Bayi & Anak,Grouu Crispy Rice Cake Snack Anak Sweet Corn & Beet 20 g,12.500
810,Kebutuhan Ibu & Anak,Makanan Bayi & Anak,Grouu Puffs Snack Anak Pisang Stroberi 25 g,14.900
811,Kebutuhan Ibu & Anak,Makanan Bayi & Anak,Grouu Puffs Snack Anak Tomato Herbs 25 g,14.900
812,Kebutuhan Ibu & Anak,Makanan Bayi & Anak,Monde Boromon Biskuit Multigrain Snack Anak Apel 50 g,7.900
813,Kebutuhan Ibu & Anak,Makanan Bayi & Anak,Monde Boromon Biskuit Multigrain Snack Anak Stroberi 50 g,7.900
814,Kebutuhan Ibu & Anak,Makanan Bayi & Anak,Alamii Snack Anak Oat & Milk Biscuits 60 g,14.900
815,Kebutuhan Ibu & Anak,Makanan Bayi & Anak,Alamii Snack Anak Milk & Cocoa Biscuits 60 g,14.900
816,Kebutuhan Ibu & Anak,Makanan Bayi & Anak,Alamii Snack Anak Seaweed & Veggie Biscuits 60 g,14.900
817,Kebutuhan Ibu & Anak,Makanan Bayi & Anak,Promina Rice Crackers Snack Bayi Beef Broccoli 20 g,13.900
818,Kebutuhan Ibu & Anak,Makanan Bayi & Anak,Sun Bubur Bayi Sereal Susu Daging Sapi & Kacang Merah Box 120 g,8.900
819,Kebutuhan Ibu & Anak,Makanan Bayi & Anak,SUN Biskuit Bayi Marie Susu 80 g,6.900
820,Kebutuhan Ibu & Anak,Makanan Bayi & Anak,Little Joy Bumbu Tabur MPASI Red Bean Cheese & Beef Sachet 10 x 2.2 g,20.400
821,Kebutuhan Ibu & Anak,Makanan Bayi & Anak,Little Joy Bumbu Tabur MPASI with Egg Salmon & Seaweed Sachet 10 x 2.2 g,24.000
822,Kebutuhan Ibu & Anak,Makanan Bayi & Anak,Little Joy Potamix Beef Bubuk Kentang Serbaguna Box 100 g,19.500
823,Kebutuhan Ibu & Anak,Makanan Bayi & Anak,Little Joy Potamix Salmon Bubuk Kentang Serbaguna Box 100 g,21.000
824,Kebutuhan Ibu & Anak,Makanan Bayi & Anak,Grouu My First Abon Sapi Pouch 80 g,29.900
825,Kebutuhan Ibu & Anak,Makanan Bayi & Anak,Grouu My First Abon Ayam Pouch 80 g,29.900
826,Kebutuhan Ibu & Anak,Makanan Bayi & Anak,Pureats Organik Snack Anak Puffs Rasa Apel 30 g,27.900
827,Kebutuhan Ibu & Anak,Makanan Bayi & Anak,Pureats Organik Snack Anak Puffs Rasa Berries 30 g,27.900
828,Kebutuhan Ibu & Anak,Makanan Bayi & Anak,Pureats Organik Snack Anak Melty Stick Rasa Mangga Peach Brokoli 30 g,27.900
829,Kebutuhan Ibu & Anak,Makanan Bayi & Anak,Pureats Organik Snack Anak Melty Stick Rasa Stroberi Beetroot 30 g,27.900
830,Kebutuhan Ibu & Anak,Makanan Bayi & Anak,Pureats Snack Anak Buah Kering Apel Mangga 15 g,29.900
831,Kebutuhan Ibu & Anak,Makanan Bayi & Anak,Pureats Snack Anak Buah Kering Pisang Stroberi 15 g,29.900
832,Kebutuhan Ibu & Anak,Makanan Bayi & Anak,Pureats Snack Anak Buah Kering Dragon Fruit Mulberry 15 g,29.900
833,Kebutuhan Ibu & Anak,Makanan Bayi & Anak,Pureats Snack Yogurt Anak Smoothie Melts Rasa Pisang Nanas 18 g,29.900
834,Kebutuhan Ibu & Anak,Makanan Bayi & Anak,Grouu Silky Pudding Instan Bubuk Rasa Strawberry Banana 100 g,21.900
835,Kebutuhan Ibu & Anak,Makanan Bayi & Anak,Grouu Silky Pudding Instan Bubuk Rasa Mango Coconut 100 g,21.900
836,Kebutuhan Ibu & Anak,Makanan Bayi & Anak,Grouu Silky Pudding Instan Bubuk Rasa Milky Taro 100 g,21.900
837,Kebutuhan Ibu & Anak,Makanan Bayi & Anak,Promina Melty Buns Biskuit Mini Original 42 g,9.900
838,Kebutuhan Ibu & Anak,Makanan Bayi & Anak,Promina Puffs Snack Bayi Wagyu Beef 15 g,7.900
839,Kebutuhan Ibu & Anak,Makanan Bayi & Anak,Promina Pasta Spageti Bolognese 60 g,10.600
840,Kebutuhan Ibu & Anak,Makanan Bayi & Anak,Promina Multigrain Cookies Blubbery Cheese Oat 42 g,7.500
841,Kebutuhan Ibu & Anak,Makanan Bayi & Anak,Promina Multigrain Cookies Choco Almond Quinoa 42 g,7.500
842,Kebutuhan Ibu & Anak,Makanan Bayi & Anak,Promina Bubur Bayi Ayam Kampung Brokoli Keju 120 g,18.200
843,Kebutuhan Ibu & Anak,Makanan Bayi & Anak,Milna Biskuit Bayi Pisang 110 g,19.400
844,Kebutuhan Ibu & Anak,Makanan Bayi & Anak,Grouu Super Rice Mix Nasi Instan Butter Cheese 200 g,26.900
845,Kebutuhan Ibu & Anak,Makanan Bayi & Anak,Grouu Super Rice Mix Nasi Instan Beef Steak 200 g,26.900
846,Kebutuhan Ibu & Anak,Makanan Bayi & Anak,Grouu Super Rice Mix Nasi Instan Roasted Chicken 200 g,26.900
847,Kebutuhan Ibu & Anak,Makanan Bayi & Anak,Alamii Lil' Puffs Edisi Disney Strawberry Milk 15 g,9.900
848,Kebutuhan Ibu & Anak,Makanan Bayi & Anak,Alamii Lil' Puffs Edisi Disney Banana Milk 15 g,9.900
849,Kebutuhan Ibu & Anak,Makanan Bayi & Anak,Noolie Makanan Suplemen Anak Freeze Dried Vegetable Cake 31 g,86.900
850,Kebutuhan Ibu & Anak,Makanan Bayi & Anak,Grouu Eatsy Bubur Bayi Siap Saji Rasa Salmon Lodeh 120 g,29.900
851,Kebutuhan Ibu & Anak,Makanan Bayi & Anak,Noolie Probiotic Bites Strawberry Cheesecake 20 g,144.900
852,Kebutuhan Ibu & Anak,Makanan Bayi & Anak,Alamii Mi Wortel untuk Anak Rasa Ayam 64 g,12.500
853,Kebutuhan Ibu & Anak,Makanan Bayi & Anak,Alamii Mi Wortel untuk Anak Rasa Sup Miso 63 g,12.500
854,Kebutuhan Ibu & Anak,Makanan Bayi & Anak,Sun Bubur Bayi Sereal Liwet Ayam Kampung 120 g,9.900
855,Kebutuhan Ibu & Anak,Makanan Bayi & Anak,Milna Bubur Bayi Organik Creamy Quinoa & Berries 100 g,37.700
856,Kebutuhan Ibu & Anak,Makanan Bayi & Anak,Milna Goodmil Bubur Bayi Beras Merah Semur Ayam 100 g,25.900
857,Kebutuhan Ibu & Anak,Makanan Bayi & Anak,Milna Biskuit Bayi Jeruk 110 g,16.900
858,Kebutuhan Ibu & Anak,Makanan Bayi & Anak,Grouu Minyak Lemak Ayam Botol 145 ml,26.700
859,Kebutuhan Ibu & Anak,Makanan Bayi & Anak,Grouu Minyak Lemak Sapi Botol 145 ml,35.700
860,Kebutuhan Ibu & Anak,Makanan Bayi & Anak,Noolie Bubur Bayi Rasa Labu dan Kurma 100 g,27.900
861,Kebutuhan Ibu & Anak,Makanan Bayi & Anak,Noolie Bubur Bayi Rasa Ubi dan Kacang Merah 100 g,27.900
862,Kebutuhan Ibu & Anak,Makanan Bayi & Anak,Noolie Bubur Bayi Rasa Daging Sapi dan Wortel 100 g,32.900
863,Kebutuhan Ibu & Anak,Makanan Bayi & Anak,Noolie Bubur Bayi Rasa Ayam dan Jamur Shitake 100 g,30.900
864,Kebutuhan Ibu & Anak,Makanan Bayi & Anak,Molagi First Flavor Puffs Camilan Bayi Rasa Truffle 25 g,37.900
865,Kebutuhan Ibu & Anak,Makanan Bayi & Anak,Molagi First Flavor Puffs Camilan Bayi Rasa Sup Ayam 25 g,37.900
866,Kebutuhan Ibu & Anak,Makanan Bayi & Anak,Molagi Gugu Pops Camilan Bayi Rasa Labu 25 g,37.900
867,Kebutuhan Ibu & Anak,Makanan Bayi & Anak,Molagi Gugu Pops Camilan Bayi Rasa Ubi 25 g,37.900
868,Kebutuhan Ibu & Anak,Susu Formula Bayi & Anak,Morinaga chil-go Infanutri Susu Bubuk Pertumbuhan Anak 6 - 12 Bulan 270 g,36.900
869,Kebutuhan Ibu & Anak,Susu Formula Bayi & Anak,SGM Eksplor 5+ IronC Susu Bubuk Pertumbuhan Anak Madu 575 g,52.200
870,Kebutuhan Ibu & Anak,Susu Formula Bayi & Anak,SGM Eksplor 3+ IronC Susu Bubuk Pertumbuhan Anak Madu 600 g,56.900
871,Kebutuhan Ibu & Anak,Susu Formula Bayi & Anak,PediaSure Triplesure Susu Pertumbuhan Anak Vanila 200 g,109.900
872,Kebutuhan Ibu & Anak,Susu Formula Bayi & Anak,Milo Activ-Go Susu Bubuk Cokelat Instant Sachet 4 x 22 g,10.800
873,Kebutuhan Ibu & Anak,Susu Formula Bayi & Anak,vidoran My Baby Susu Formula Bayi 0-6 Bulan 550 g,49.700
874,Kebutuhan Ibu & Anak,Susu Formula Bayi & Anak,vidoran My Baby Susu Formula Bayi 6-12 Bulan 550 g,49.700
875,Kebutuhan Ibu & Anak,Susu Formula Bayi & Anak,Nestle Dancow Baby Susu Formula Bayi 6-12 Bulan Bubuk 120 g,12.500
876,Kebutuhan Ibu & Anak,Susu Formula Bayi & Anak,Bebelove Susu Formula Bayi Bubuk 6-12 Bulan 600 g,119.400
877,Kebutuhan Ibu & Anak,Susu Formula Bayi & Anak,Bebelove Susu Formula Bayi Bubuk 0-6 Bulan 600 g,119.400
878,Kebutuhan Ibu & Anak,Susu Formula Bayi & Anak,Lactogrow Pro 1+ Susu Pertumbuhan Anak 1-3 Tahun Vanila 1 kg,156.700
879,Kebutuhan Ibu & Anak,Susu Formula Bayi & Anak,Nestle Dancow GroPlus Susu Bubuk Pertumbuhan Anak Rasa Vanila 400 g,69.900
880,Kebutuhan Ibu & Anak,Susu Formula Bayi & Anak,SGM Eksplor 3+ IronC Susu Bubuk Pertumbuhan Anak Vanila 600 g,56.900
881,Kebutuhan Ibu & Anak,Susu Formula Bayi & Anak,Morinaga chil-school Soya 4 Susu Bubuk Pertumbuhan Anak 3-12 Tahun Vanila 600 g,134.700
882,Kebutuhan Ibu & Anak,Susu Formula Bayi & Anak,Nestle Dancow Baby Susu Bubuk Formula Bayi 0-6 Bulan 120 g,12.500
883,Kebutuhan Ibu & Anak,Susu Formula Bayi & Anak,Nutribaby Royal 1 Susu Bubuk Formula Bayi 0-6 Bulan 400 g,
884,Kebutuhan Ibu & Anak,Susu Formula Bayi & Anak,Morinaga BMT 1 Platinum Susu Bubuk Formula Bayi 0-6 Bulan Plain 400 g,
885,Kebutuhan Ibu & Anak,Susu Formula Bayi & Anak,S-26 Promil Gold Tahap 1 Susu Formula Bayi 0-6 Bulan 400 g,
886,Kebutuhan Ibu & Anak,Susu Formula Bayi & Anak,S-26 Promil Gold Tahap 2 Susu Formula Bayi 6-12 Bulan 400 g,
887,Kebutuhan Ibu & Anak,Susu Formula Bayi & Anak,Morinaga chil-kid 3 Platinum Susu Bubuk Pertumbuhan Anak 1-3 Tahun Vanila 400 g,
888,Kebutuhan Ibu & Anak,Susu Formula Bayi & Anak,Morinaga chil-mil 2 Platinum Susu Bubuk Formula Bayi 6-12 Bulan 400 g,
889,Kebutuhan Ibu & Anak,Susu Formula Bayi & Anak,Nutribaby Royal 1 Susu Formula Bayi 0-6 Bulan 800 g,
890,Kebutuhan Ibu & Anak,Susu Formula Bayi & Anak,Nutribaby Royal 2 Susu Formula Bayi 6-12 Bulan 800 g,
891,Kebutuhan Ibu & Anak,Susu Formula Bayi & Anak,S-26 Promil Tahap 2 Susu Formula Bayi 6-12 Bulan 400 g,
892,Kebutuhan Ibu & Anak,Susu Formula Bayi & Anak,S-26 Promil Tahap 1 Susu Formula Bayi 0-6 Bulan 400 g,
893,Kebutuhan Ibu & Anak,Susu Formula Bayi & Anak,Frisian Flag Primagro 1+ Susu Anak 1-3 Tahun Cokelat 350 g,
894,Kebutuhan Ibu & Anak,Susu Formula Bayi & Anak,Frisian Baby Primamil Susu Formula Bayi 6-12 Bulan 360 g,
895,Kebutuhan Ibu & Anak,Susu Formula Bayi & Anak,Nestle Dancow Baby Susu Formula Bayi 6-12 Bulan Bubuk 550 g,
896,Kebutuhan Ibu & Anak,Susu Formula Bayi & Anak,Lactogen Pro 2 Susu Bubuk Formula Bayi 6-12 Bulan 735 g,
897,Kebutuhan Ibu & Anak,Susu Formula Bayi & Anak,Nutrilon Royal 4 Susu Bubuk Pertumbuhan Anak Vanila 400 g,
898,Kebutuhan Ibu & Anak,Susu Formula Bayi & Anak,S-26 Procal Gold Tahap 3 Susu Pertumbuhan Anak 1-3 Tahun Vanila 900 g,
899,Kebutuhan Ibu & Anak,Susu Formula Bayi & Anak,Bebelove Susu Formula Bayi Bubuk 6-12 Bulan 1.8 kg,342.000
900,Kebutuhan Ibu & Anak,Susu Formula Bayi & Anak,Enfagrow A+ Neurapro 3 Susu Bubuk Pertumbuhan Anak 1-3 Tahun Vanila 3.6 kg,1.850.000
901,Kebutuhan Ibu & Anak,Susu Formula Bayi & Anak,Morinaga chil-go Infanutri Susu Bubuk Formula Bayi 0-6 Bulan 270 g,36.900
902,Kebutuhan Ibu & Anak,Susu Formula Bayi & Anak,Enfagrow A+ 3 Susu Bubuk Pertumbuhan Anak 1-3 Tahun Plain 400 g,239.000
903,Kebutuhan Ibu & Anak,Susu Formula Bayi & Anak,Enfagrow A+ 3 Susu Bubuk Pertumbuhan Anak 1-3 Tahun Plain 800 g,459.000
904,Kebutuhan Ibu & Anak,Susu Formula Bayi & Anak,Enfagrow A+ 3 Susu Bubuk Pertumbuhan Anak 1-3 Tahun Plain 1800 g,989.000
905,Kebutuhan Ibu & Anak,Susu Formula Bayi & Anak,Enfamil A+ 1 Susu Bubuk Formula Bayi 0-6 Bulan 1800 g,1.085.000
906,Kebutuhan Ibu & Anak,Susu Formula Bayi & Anak,Enfamil A+ 2 Susu Bubuk Formula Bayi Lanjutan 6-12 Bulan 1800 g,1.035.000
907,Kebutuhan Ibu & Anak,Susu Formula Bayi & Anak,Enfamil A+ Gentle Care 1 Susu Bubuk Formula Bayi Pencernaan 800 g,609.000
908,Kebutuhan Ibu & Anak,Susu Formula Bayi & Anak,Morinaga chil-kid 3 Gold Susu Bubuk Pertumbuhan Anak 1-3 Tahun Vanila 985 g,210.900
909,Kebutuhan Ibu & Anak,Susu Formula Bayi & Anak,Morinaga chil-kid 3 Gold Susu Bubuk Pertumbuhan Anak 1-3 Tahun Madu 985 g,210.900
910,Kebutuhan Ibu & Anak,Susu Formula Bayi & Anak,Morinaga chil-mil 2 P-HP Susu Bubuk Formula Bayi 6-12 Bulan Plain 800 g,362.000
911,Kebutuhan Ibu & Anak,Susu Formula Bayi & Anak,Nestle Dancow Fortigro Susu Bubuk Instan 1000 g,113.900
912,Kebutuhan Ibu & Anak,Susu Formula Bayi & Anak,Enfagrow Essential 3 Susu Formula Bubuk Pertumbuhan Anak 1-3 Tahun Vanila 1.8 kg,459.000
913,Kebutuhan Ibu & Anak,Susu Formula Bayi & Anak,Morinaga BMT 1 Gold Susu Bubuk Formula Bayi 0-6 Bulan Plain 780 g,199.000
914,Kebutuhan Ibu & Anak,Susu Formula Bayi & Anak,S-26 Promil Gold Tahap 1 Susu Formula Bayi 0-6 Bulan 900 g,387.500
915,Kebutuhan Ibu & Anak,Susu Formula Bayi & Anak,S-26 Promil Gold Tahap 2 Susu Formula Bayi 6-12 Bulan 900 g,382.900
916,Kebutuhan Ibu & Anak,Susu Formula Bayi & Anak,Morinaga BMT 1 P-HP Susu Formula Bayi 0-6 Bulan Plain 400 g,187.500
917,Kebutuhan Ibu & Anak,Susu Formula Bayi & Anak,Morinaga chil-kid 3 Platinum Susu Bubuk Pertumbuhan Anak 1-3 Tahun Madu 800 g,295.900
918,Kebutuhan Ibu & Anak,Susu Formula Bayi & Anak,Morinaga BMT 1 Platinum Susu Bubuk Formula Bayi 0-6 Bulan Plain 800 g,325.000
919,Kebutuhan Ibu & Anak,Susu Formula Bayi & Anak,Morinaga chil-mil 2 Platinum Susu Bubuk Formula Bayi 6-12 Bulan 800 g,308.000
920,Kebutuhan Ibu & Anak,Susu Formula Bayi & Anak,Enfagrow A+ 3 Susu Bubuk Pertumbuhan Anak 1-3 Tahun Madu 800 g,435.000
921,Kebutuhan Ibu & Anak,Susu Formula Bayi & Anak,Enfagrow A+ Neurapro 4 Susu Bubuk Pertumbuhan Anak Vanila 400 g,215.000
922,Kebutuhan Ibu & Anak,Susu Formula Bayi & Anak,Morinaga chil-mil Gold Susu Bubuk Formula Bayi 6-12 Bulan 780 g,192.000
923,Kebutuhan Ibu & Anak,Susu Formula Bayi & Anak,Enfamil A+ Gentle Care 1 Susu Bubuk Formula Bayi Pencernaan 350 g,272.000
924,Kebutuhan Ibu & Anak,Susu Formula Bayi & Anak,S-26 Promil Tahap 1 Susu Formula Bayi 0-6 Bulan 700 g,200.000
925,Kebutuhan Ibu & Anak,Susu Formula Bayi & Anak,Enfagrow Essential 4 Susu Pertumbuhan Anak Vanila 400 g,105.000
926,Kebutuhan Ibu & Anak,Susu Formula Bayi & Anak,Enfagrow Essential 3 Susu Pertumbuhan Anak 1-3 Tahun Vanila 400 g,111.000
927,Kebutuhan Ibu & Anak,Susu Formula Bayi & Anak,S-26 Promil Tahap 2 Susu Formula Bayi 6-12 Bulan 700 g,200.000
928,Kebutuhan Ibu & Anak,Susu Formula Bayi & Anak,Frisian Flag Primagro 1+ Susu Anak 1-3 Tahun Vanila 350 g,49.900
929,Kebutuhan Ibu & Anak,Susu Formula Bayi & Anak,Morinaga chil-kid 3 Gold Susu Bubuk Pertumbuhan Anak 1-3 Tahun Vanila 780 g,175.900
930,Kebutuhan Ibu & Anak,Susu Formula Bayi & Anak,Lactogen Pro 1 Susu Bubuk Formula Bayi 0-6 Bulan 180 g,33.700
931,Kebutuhan Ibu & Anak,Susu Formula Bayi & Anak,Lactogen Pro 1 Susu Bubuk Formula Bayi 0-6 Bulan 350 g,65.200
932,Kebutuhan Ibu & Anak,Susu Formula Bayi & Anak,Lactogen Pro 1 Susu Formula Bayi 0-6 Bulan 735 g,138.900
933,Kebutuhan Ibu & Anak,Susu Formula Bayi & Anak,Lactogen Pro 2 Susu Bubuk Formula Bayi 6-12 Bulan 350 g,65.200
934,Kebutuhan Ibu & Anak,Susu Formula Bayi & Anak,Morinaga chil-school 4 Susu Bubuk Pertumbuhan Anak 3-12 Tahun Vanila 780 g,155.400
935,Kebutuhan Ibu & Anak,Susu Formula Bayi & Anak,Nutrilon Royal 3 Susu Bubuk Pertumbuhan Anak Madu 400 g,114.200
936,Kebutuhan Ibu & Anak,Susu Formula Bayi & Anak,Frisian Baby Primamil Susu Formula Bayi 6-12 Bulan 600 g,69.600
937,Kebutuhan Ibu & Anak,Susu Formula Bayi & Anak,HiLo School Cokelat Susu Bubuk Tinggi Kalsium 250 g,48.100
938,Kebutuhan Ibu & Anak,Susu Formula Bayi & Anak,Frisian Baby Primamil Susu Formula Bayi 0-6 Bulan 600 g,69.800
939,Kebutuhan Ibu & Anak,Susu Formula Bayi & Anak,Bebelac 1+ GroGreat+ Susu Bubuk Pertumbuhan Anak Madu 175 g,34.000
940,Kebutuhan Ibu & Anak,Susu Formula Bayi & Anak,Bebelac 1+ GroGreat+ Susu Bubuk Pertumbuhan Anak Madu 350 g,68.000
941,Kebutuhan Ibu & Anak,Susu Formula Bayi & Anak,Bebelac 1+ GroGreat+ Susu Bubuk Pertumbuhan Anak Vanila 350 g,68.000
942,Kebutuhan Ibu & Anak,Susu Formula Bayi & Anak,Bebelac 3+ GroGreat+ Susu Bubuk Pertumbuhan Anak Madu 350 g,63.000
943,Kebutuhan Ibu & Anak,Susu Formula Bayi & Anak,Bebelac 3+ GroGreat+ Susu Bubuk Pertumbuhan Anak Madu 800 g,135.600
944,Kebutuhan Ibu & Anak,Susu Formula Bayi & Anak,Bebelac 3+ GroGreat+ Susu Bubuk Pertumbuhan Anak Vanila 350 g,63.000
945,Kebutuhan Ibu & Anak,Susu Formula Bayi & Anak,Bebelac 3+ GroGreat+ Susu Bubuk Pertumbuhan Vanila 800 g,135.600
946,Kebutuhan Ibu & Anak,Susu Formula Bayi & Anak,Bebelove Susu Formula Bayi Bubuk 0-6 Bulan 350 g,70.000
947,Kebutuhan Ibu & Anak,Susu Formula Bayi & Anak,Bebelove Susu Formula Bayi Bubuk 6-12 Bulan 175 g,35.000
948,Kebutuhan Ibu & Anak,Susu Formula Bayi & Anak,Bebelove Susu Formula Bayi Bubuk 6-12 Bulan 350 g,69.800
949,Kebutuhan Ibu & Anak,Susu Formula Bayi & Anak,Bebelove Susu Formula Bayi Bubuk 6-12 Bulan 800 g,152.700
950,Kebutuhan Ibu & Anak,Susu Formula Bayi & Anak,Bebelove Susu Formula Bayi Bubuk 0-6 Bulan 800 g,152.700
951,Kebutuhan Ibu & Anak,Susu Formula Bayi & Anak,SGM Ananda ISOPRO SOY 0-6 Bulan Susu Formula Bayi Bubuk 200 g,31.400
952,Kebutuhan Ibu & Anak,Susu Formula Bayi & Anak,SGM Ananda Soya 2 6-12 Bulan Susu Formula Bayi 400 g,59.300
953,Kebutuhan Ibu & Anak,Susu Formula Bayi & Anak,SGM Ananda 1 (0-6 Bulan) Susu Formula Bayi Bubuk 150 g,15.800
954,Kebutuhan Ibu & Anak,Susu Formula Bayi & Anak,SGM Ananda 1 (0-6 Bulan) Susu Formula Bayi Bubuk 400 g,43.400
955,Kebutuhan Ibu & Anak,Susu Formula Bayi & Anak,SGM Ananda 1 (0-6 Bulan) Susu Formula Bayi Bubuk 1 kg,94.200
956,Kebutuhan Ibu & Anak,Susu Formula Bayi & Anak,SGM Ananda 2 (6-12 Bulan) Susu Formula Bayi Bubuk 400 g,43.400
957,Kebutuhan Ibu & Anak,Susu Formula Bayi & Anak,SGM Eksplor 1+ IronC Susu Bubuk Pertumbuhan Anak Madu 150 g,15.800
958,Kebutuhan Ibu & Anak,Susu Formula Bayi & Anak,SGM Eksplor 1+ IronC Susu Bubuk Pertumbuhan Anak Madu 400 g,43.400
959,Kebutuhan Ibu & Anak,Susu Formula Bayi & Anak,SGM Eksplor 1+ IronC Susu Bubuk Pertumbuhan Anak Vanila 400 g,43.400
960,Kebutuhan Ibu & Anak,Susu Formula Bayi & Anak,SGM Eksplor 3+ IronC Susu Bubuk Pertumbuhan Anak Vanila 400 g,41.800
961,Kebutuhan Ibu & Anak,Susu Formula Bayi & Anak,SGM Eksplor 3+ IronC Susu Bubuk Pertumbuhan Anak Madu 400 g,41.800
962,Kebutuhan Ibu & Anak,Susu Formula Bayi & Anak,SGM Eksplor 3+ IronC Susu Bubuk Pertumbuhan Anak Cokelat 400 g,41.800
963,Kebutuhan Ibu & Anak,Susu Formula Bayi & Anak,Milo 3in1 Activ-Go Susu Bubuk Cokelat Instant 790 g,86.800
964,Kebutuhan Ibu & Anak,Susu Formula Bayi & Anak,Milo Activ-Go Susu Bubuk Cokelat Instant Pouch 790 g,84.900
965,Kebutuhan Ibu & Anak,Susu Formula Bayi & Anak,Nestle Dancow FortiGro Susu Bubuk Instan Cokelat 390 g,49.200
966,Kebutuhan Ibu & Anak,Susu Formula Bayi & Anak,Nestle Dancow FortiGro Susu Bubuk Full Cream 780 g,109.300
967,Kebutuhan Ibu & Anak,Susu Formula Bayi & Anak,Nestle Dancow FortiGro Susu Bubuk Instan 780 g,100.700
968,Kebutuhan Ibu & Anak,Susu Formula Bayi & Anak,Nestle Dancow 1+ Imunutri Susu Bubuk Pertumbuhan Anak 1-3 tahun Madu 350 g,41.900
969,Kebutuhan Ibu & Anak,Susu Formula Bayi & Anak,Morinaga chil-mil 2 Susu Bubuk Formula Bayi 6-12 Bulan 190 g,49.300
970,Kebutuhan Ibu & Anak,Susu Formula Bayi & Anak,Morinaga chil-kid 3 Gold Susu Bubuk Pertumbuhan Anak 1-3 Tahun Madu 190 g,44.900
971,Kebutuhan Ibu & Anak,Susu Formula Bayi & Anak,Morinaga chil-kid 3 Gold Susu Bubuk Pertumbuhan Anak 1-3 Tahun Vanila 190 g,44.900
972,Kebutuhan Ibu & Anak,Susu Formula Bayi & Anak,Nestle Dancow FortiGro Susu Instan 195 g,27.600
973,Kebutuhan Ibu & Anak,Susu Formula Bayi & Anak,SGM Eksplor 5+ IronC Susu Bubuk Pertumbuhan Madu Anak 400 g,41.800
974,Kebutuhan Ibu & Anak,Susu Formula Bayi & Anak,SGM Ananda 1 Susu Formula Bayi 0-6 Bulan 550 g,52.800
975,Kebutuhan Ibu & Anak,Susu Formula Bayi & Anak,Enfagrow A+ 3 Susu Formula Bubuk Pertumbuhan Anak 1-3 Tahun Vanila 1800 g,970.900
976,Kebutuhan Ibu & Anak,Susu Formula Bayi & Anak,Enfagrow A+ 4 Susu Bubuk Pertumbuhan Anak 3-12 Tahun Vanila 1800 g,870.000
977,Kebutuhan Ibu & Anak,Susu Formula Bayi & Anak,PediaSure Susu Bubuk Pertumbuhan Anak Vanila Box 4 x 450 g,752.900
978,Kebutuhan Ibu & Anak,Susu Formula Bayi & Anak,Enfagrow Essential 4 Susu Formula Bubuk Pertumbuhan Anak >3 Tahun Vanila 1800 g,439.000
979,Kebutuhan Ibu & Anak,Susu Formula Bayi & Anak,Morinaga chil-school Gold Susu Bubuk Pertumbuhan Anak Vanila 4 x 390 g,295.900
980,Kebutuhan Ibu & Anak,Susu Formula Bayi & Anak,Morinaga chil-school Soya 4 Susu Bubuk Pertumbuhan Anak 3-12 Tahun Madu 600 g,132.900
981,Kebutuhan Ibu & Anak,Susu Formula Bayi & Anak,S-26 Promil Gold pHPro 2 Susu Formula Bayi 6-12 Bulan 800 g,415.000
982,Kebutuhan Ibu & Anak,Susu Formula Bayi & Anak,Nutribaby Royal Cesabio 1 Susu Bubuk Formula Bayi 0-6 Bulan 400 g,145.000
983,Kebutuhan Ibu & Anak,Susu Formula Bayi & Anak,Enfamil A+ Gentle Care 2 Susu Bubuk Formula Bayi Pencernaan 800 g,579.000
984,Kebutuhan Ibu & Anak,Susu Formula Bayi & Anak,Bebelove Susu Formula Bayi Bubuk 0-6 Bulan 175 g,34.900
985,Kebutuhan Ibu & Anak,Susu Formula Bayi & Anak,Bebelove Susu Formula Bayi Bubuk 0-6 Bulan 1.8 kg,342.000
986,Kebutuhan Ibu & Anak,Susu Formula Bayi & Anak,Nestle Dancow 3+ Imunutri Susu Bubuk Pertumbuhan Anak 3-5 tahun Madu 1kg,107.500
987,Kebutuhan Ibu & Anak,Susu Formula Bayi & Anak,Nestle Dancow Fortigro Susu Bubuk Cokelat 1000 g,107.900
988,Kebutuhan Ibu & Anak,Susu Formula Bayi & Anak,SGM Ananda 2 (6-12 Bulan) Susu Formula Bayi Bubuk 550 g,52.800
989,Kebutuhan Ibu & Anak,Susu Formula Bayi & Anak,SGM Eksplor 3+ IronC Susu Bubuk Pertumbuhan Anak Madu 150 g,15.800
990,Kebutuhan Ibu & Anak,Susu Formula Bayi & Anak,Morinaga chil-school 4 Gold Susu Bubuk Pertumbuhan Anak 3-12 Tahun Vanila 390 g,80.200
991,Kebutuhan Ibu & Anak,Susu Formula Bayi & Anak,Enfamil A+ 2 Susu Bubuk Formula Bayi Lanjutan 6-12 Bulan 400 g,242.000
992,Kebutuhan Ibu & Anak,Susu Formula Bayi & Anak,Morinaga chil-kid 3 Gold Susu Bubuk Pertumbuhan Anak 1-3 Tahun Madu 780 g,176.100
993,Kebutuhan Ibu & Anak,Susu Formula Bayi & Anak,Nestle Dancow 3+ Imunutri Susu Bubuk Pertumbuhan Anak 3-5 tahun Madu 350 g,39.100
994,Kebutuhan Ibu & Anak,Susu Formula Bayi & Anak,Nestle Dancow 3+ Imunutri Susu Bubuk Pertumbuhan Anak 3-5 tahun Vanila 350 g,39.100
995,Kebutuhan Ibu & Anak,Susu Formula Bayi & Anak,Nestle Dancow 1+ Imunutri Susu Bubuk Pertumbuhan Anak 1-3 tahun Vanila 350 g,41.900
996,Kebutuhan Ibu & Anak,Susu Formula Bayi & Anak,Nestle Dancow 5+ Imunutri Susu Bubuk Pertumbuhan Anak 5-6 tahun Madu 350 g,39.900
997,Kebutuhan Ibu & Anak,Susu Formula Bayi & Anak,Nutribaby Royal 2 Susu Formula Bayi 6-12 Bulan 400 g,133.800
998,Kebutuhan Ibu & Anak,Susu Formula Bayi & Anak,Morinaga BMT 1 Gold Susu Bubuk Formula Bayi 0-6 Bulan Plain 390 g,99.400
999,Kebutuhan Ibu & Anak,Susu Formula Bayi & Anak,Enfamil A+ 1 Susu Bubuk Formula Bayi 0-6 Bulan 400 g,251.400
1000,Kebutuhan Ibu & Anak,Susu Formula Bayi & Anak,Frisian Flag Primagro 1+ Susu Anak 1-3 Tahun Madu 350 g,49.900
1001,Kebutuhan Ibu & Anak,Susu Formula Bayi & Anak,Boneeto Susu Bubuk Anak Yummy Choco 685 g,82.500
1002,Kebutuhan Ibu & Anak,Susu Formula Bayi & Anak,Boneeto Susu Bubuk Instan Yummy Choco 320 g,46.700
1003,Kebutuhan Ibu & Anak,Susu Formula Bayi & Anak,Bebelac 1+ GroGreat+ Susu Bubuk Pertumbuhan Anak Vanila 1 kg,174.900
1004,Kebutuhan Ibu & Anak,Susu Formula Bayi & Anak,Bebelac 1+ GroGreat+ Susu Bubuk Pertumbuhan Anak Madu 1 kg,174.900
1005,Kebutuhan Ibu & Anak,Susu Formula Bayi & Anak,Bebelac Gold 3 Susu Bubuk Pertumbuhan Anak Vanila 700 g,125.200
1006,Kebutuhan Ibu & Anak,Susu Formula Bayi & Anak,Bebelac Gold Soya 3 Susu Bubuk Pertumbuhan Anak Vanila 700 g,82.800
1007,Kebutuhan Ibu & Anak,Susu Formula Bayi & Anak,Bebelac 1+ GroGreat+ Susu Bubuk Pertumbuhan Anak Vanila 600 g,96.300
1008,Kebutuhan Ibu & Anak,Susu Formula Bayi & Anak,Bebelac Gold 3 Susu Bubuk Pertumbuhan Anak Vanila 360 g,45.700
1009,Kebutuhan Ibu & Anak,Susu Formula Bayi & Anak,Bebelac Gold 3 Susu Bubuk Pertumbuhan Anak Madu 700 g,86.000
1010,Kebutuhan Ibu & Anak,Susu Formula Bayi & Anak,SGM Eksplor 1+ IronC Susu Bubuk Pertumbuhan Anak Madu 900 g,80.900
1011,Kebutuhan Ibu & Anak,Susu Formula Bayi & Anak,SGM Eksplor ISOPRO SOY 1+ Susu Bubuk Pertumbuhan Anak Vanila 700 g,88.500
1012,Kebutuhan Ibu & Anak,Susu Formula Bayi & Anak,SGM Eksplor 1+ IronC Susu Bubuk Pertumbuhan Anak Vanila 900 g,80.900
1013,Kebutuhan Ibu & Anak,Susu Formula Bayi & Anak,SGM Eksplor ISOPRO SOY 1+ Susu Bubuk Pertumbuhan Anak Madu 700 g,88.500
1014,Kebutuhan Ibu & Anak,Susu Formula Bayi & Anak,Bebelac 3+ GroGreat+ Susu Bubuk Pertumbuhan Anak Madu 1 kg,163.500
1015,Kebutuhan Ibu & Anak,Susu Formula Bayi & Anak,Bebelac 3+ GroGreat+ Susu Bubuk Pertumbuhan Anak Vanila 1 kg,163.500
1016,Kebutuhan Ibu & Anak,Susu Formula Bayi & Anak,Pediasure Triplesure Susu Pertumbuhan Anak Cokelat 380 g,167.900
1017,Kebutuhan Ibu & Anak,Susu Formula Bayi & Anak,Bebelac 1+ GroGreat+ Susu Bubuk Pertumbuhan Anak Madu 600 g,109.900
1018,Kebutuhan Ibu & Anak,Susu Formula Bayi & Anak,Milo Activ-Go Susu Bubuk Cokelat Instant Bag 300 g,26.000
1019,Kebutuhan Ibu & Anak,Susu Formula Bayi & Anak,Nestle Dancow 1+ Imunutri Susu Bubuk Pertumbuhan Anak 1-3 tahun Vanila 750 g,72.900
1020,Kebutuhan Ibu & Anak,Susu Formula Bayi & Anak,Lactogrow Pro 3+ Susu Bubuk Pertumbuhan Anak Pra Sekolah Madu 735 g,102.900
1021,Kebutuhan Ibu & Anak,Susu Formula Bayi & Anak,Lactogrow Pro 3+ Susu Bubuk Pertumbuhan Anak Pra Sekolah Vanila 735 g,102.900
1022,Kebutuhan Ibu & Anak,Susu Formula Bayi & Anak,SGM Eksplor 3+ IronC Susu Bubuk Pertumbuhan Anak Vanila 900 g,77.700
1023,Kebutuhan Ibu & Anak,Susu Formula Bayi & Anak,SGM Eksplor 3+ IronC Susu Bubuk Pertumbuhan Anak Cokelat 900 g,77.700
1024,Kebutuhan Ibu & Anak,Susu Formula Bayi & Anak,Lactogrow Pro 1+ Susu Pertumbuhan Anak 1 - 3 Tahun Original 735 g,119.400
1025,Kebutuhan Ibu & Anak,Susu Formula Bayi & Anak,SGM Eksplor 3+ IronC Susu Bubuk Pertumbuhan Anak Madu 900 g,77.700
1026,Kebutuhan Ibu & Anak,Susu Formula Bayi & Anak,S-26 Procal Tahap 3 Susu Pertumbuhan Anak 1-3 Tahun Vanila 400 g,94.200
1027,Kebutuhan Ibu & Anak,Susu Formula Bayi & Anak,Lactogrow Pro 1+ Susu Bubuk Pertumbuhan Anak 1-3 Tahun Madu 735 g,119.400
1028,Kebutuhan Ibu & Anak,Susu Formula Bayi & Anak,S-26 Procal Gold Tahap 3 Susu Bubuk Pertumbuhan Anak 1-3 Tahun Vanila 400 g,149.900
1029,Kebutuhan Ibu & Anak,Susu Formula Bayi & Anak,Nestle Dancow 1+ Imunutri Susu Bubuk Pertumbuhan Anak 1-3 tahun Madu 750 g,72.900
1030,Kebutuhan Ibu & Anak,Susu Formula Bayi & Anak,Lactogrow Pro 1+ Susu Pertumbuhan Anak 1 - 3 Tahun Vanila 735 g,119.400
1031,Kebutuhan Ibu & Anak,Susu Formula Bayi & Anak,Milo Activ-Go Susu Bubuk Cokelat Instant Sachet 18 X 34 g,55.000
1032,Kebutuhan Ibu & Anak,Susu Formula Bayi & Anak,Morinaga chil-kid Soya 3 Susu Bubuk Pertumbuhan Anak 1-3 Tahun Vanila 600 g,130.000
1033,Kebutuhan Ibu & Anak,Susu Formula Bayi & Anak,Enfagrow Essential 4 Susu Bubuk Pertumbuhan Anak >3 Tahun Vanila 800 g,183.900
1034,Kebutuhan Ibu & Anak,Susu Formula Bayi & Anak,Nutrilon Royal 3 Susu Bubuk Pertumbuhan Anak Madu 800 g,
1035,Kebutuhan Ibu & Anak,Susu Formula Bayi & Anak,Nutrilon Royal 3 Susu Bubuk Pertumbuhan Anak Vanila 800 g,
1036,Kebutuhan Ibu & Anak,Susu Formula Bayi & Anak,Nutrilon Royal 4 Susu Bubuk Pertumbuhan Anak Vanila 800 g,
1037,Kebutuhan Ibu & Anak,Susu Formula Bayi & Anak,Enfagrow A+ 3 Susu Bubuk Pertumbuhan Anak 1-3 Tahun Vanila 400 g,
1038,Kebutuhan Ibu & Anak,Susu Formula Bayi & Anak,S-26 Promise Tahap 4 Susu Pertumbuhan Anak 3-12 Tahun Vanila 400 g,
1039,Kebutuhan Ibu & Anak,Susu Formula Bayi & Anak,PediaSure Triplesure Susu Pertumbuhan Anak Madu 380 g,
1040,Kebutuhan Ibu & Anak,Susu Formula Bayi & Anak,PediaSure Triplesure Susu Pertumbuhan Anak Vanila 380 g,
1041,Kebutuhan Ibu & Anak,Susu Formula Bayi & Anak,Enfagrow Essential 3 Susu Bubuk Pertumbuhan Anak 1-3 Tahun Vanila 800 g,
1042,Kebutuhan Ibu & Anak,Susu Formula Bayi & Anak,Enfagrow A+ 3 Susu Bubuk Pertumbuhan Anak 1-3 Tahun Vanila 800 g,
1043,Kebutuhan Ibu & Anak,Susu Formula Bayi & Anak,Nutrilon Royal 3 Susu Bubuk Pertumbuhan Anak Madu 1.8 kg,446.900
1044,Kebutuhan Ibu & Anak,Susu Formula Bayi & Anak,Nutrilon Royal 3 Susu Bubuk Pertumbuhan Anak Vanila 1.8 kg,446.900
1045,Kebutuhan Ibu & Anak,Susu Formula Bayi & Anak,Nutrilon Royal 4 Susu Bubuk Pertumbuhan Anak Vanila 1.8 kg,426.800
1046,Kebutuhan Ibu & Anak,Susu Formula Bayi & Anak,Nutrilon Royal 4 Susu Bubuk Pertumbuhan Anak Madu 800 g,199.000
1047,Kebutuhan Ibu & Anak,Susu Formula Bayi & Anak,S-26 Procal Ultima Tahap 3 Susu Pertumbuhan Anak 1-3 Tahun Vanila 850 g,394.000
1048,Kebutuhan Ibu & Anak,Susu Formula Bayi & Anak,SGM Eksplor 5+ IronC Susu Bubuk Pertumbuhan Anak Vanila 575 g,47.900
1049,Kebutuhan Ibu & Anak,Susu Formula Bayi & Anak,Frisian Flag Kompleta Susu Bubuk Instan Cokelat 800 g,70.800
1050,Kebutuhan Ibu & Anak,Susu Formula Bayi & Anak,Nestle Dancow FortiGro Susu Bubuk Instan Cokelat 780 g,79.300
1051,Kebutuhan Ibu & Anak,Susu Formula Bayi & Anak,Nestle Dancow FortiGro Susu Bubuk Full Cream 390 g,52.700
1052,Kebutuhan Ibu & Anak,Susu Formula Bayi & Anak,Nestle Dancow 5+ Imunutri Susu Bubuk Pertumbuhan Anak 5-6 tahun Madu 750 g,71.900
1053,Kebutuhan Ibu & Anak,Susu Formula Bayi & Anak,Frisian Flag Primagro 1+ Susu Anak 1-3 Tahun Vanila 700 g,73.900
1054,Kebutuhan Ibu & Anak,Susu Formula Bayi & Anak,vidoran Xmart 1+ Susu Pertumbuhan Anak 1-3 Tahun Madu 325 g,29.500
1055,Kebutuhan Ibu & Anak,Susu Formula Bayi & Anak,Morinaga chil-kid 3 Platinum Susu Bubuk Pertumbuhan Anak 1-3 Tahun Vanila 800 g,302.600
1056,Kebutuhan Ibu & Anak,Susu Formula Bayi & Anak,SGM Eksplor 5+ IronC Susu Bubuk Pertumbuhan Anak Madu 900 g,69.900
1057,Kebutuhan Ibu & Anak,Susu Formula Bayi & Anak,SGM Eksplor ISOPRO SOY 1+ Susu Bubuk Pertumbuhan Anak Vanila 400 g,60.400
1058,Kebutuhan Ibu & Anak,Susu Formula Bayi & Anak,SGM Eksplor ISOPRO SOY 1+ Susu Bubuk Pertumbuhan Anak Madu 400 g,60.400
1059,Kebutuhan Ibu & Anak,Susu Formula Bayi & Anak,Nestle Dancow 1+ Imunutri Susu Bubuk Pertumbuhan Anak 1-3 tahun Madu 120 g,11.900
1060,Kebutuhan Ibu & Anak,Susu Formula Bayi & Anak,Bebelac 1+ GroGreat+ Susu Bubuk Pertumbuhan Anak Vanila 800 g,146.800
1061,Kebutuhan Ibu & Anak,Susu Formula Bayi & Anak,Frisian Flag Primagro 3+ Susu Anak 4-6 Tahun Madu 700 g,69.900
1062,Kebutuhan Ibu & Anak,Susu Formula Bayi & Anak,Nutrilon Royal 3 Susu Bubuk Pertumbuhan Anak Vanila 400 g,97.100
1063,Kebutuhan Ibu & Anak,Susu Formula Bayi & Anak,Zee Nutripro Complex Susu Bubuk Rasa Swizz Cokelat 340 g,39.900
1064,Kebutuhan Ibu & Anak,Susu Formula Bayi & Anak,Bebelac 1+ GroGreat+ Susu Bubuk Pertumbuhan Anak Madu 800 g,146.800
1065,Kebutuhan Ibu & Anak,Susu Formula Bayi & Anak,vidoran Xmart 3+ Susu Pertumbuhan Anak 3-5 Tahun Madu 325 g,29.500
1066,Kebutuhan Ibu & Anak,Susu Formula Bayi & Anak,Vidoran Xmart 1+ Susu Pertumbuhan Anak 1-3 Tahun Vanilla 325 g,29.500
1067,Kebutuhan Ibu & Anak,Susu Formula Bayi & Anak,Nestle Dancow 3+ Imunutri Susu Bubuk Pertumbuhan Anak 3-5 tahun Vanila 750 g,72.400
1068,Kebutuhan Ibu & Anak,Susu Formula Bayi & Anak,Nestle Dancow 3+ Imunutri Susu Bubuk Pertumbuhan Anak 3-5 tahun Madu 750 g,72.400
1069,Kebutuhan Ibu & Anak,Susu Formula Bayi & Anak,SGM Eksplor 1+ IronC Susu Bubuk Pertumbuhan Anak Vanila 600 g,59.400
1070,Kebutuhan Ibu & Anak,Susu Formula Bayi & Anak,vidoran Xmart 1+ Susu Pertumbuhan Anak 1-3 Tahun Madu 700 g,58.900
1071,Kebutuhan Ibu & Anak,Susu Formula Bayi & Anak,vidoran Xmart 3+ Susu Bubuk Pertumbuhan Anak 3-5 Tahun Madu 700 g,53.900
1072,Kebutuhan Ibu & Anak,Susu Formula Bayi & Anak,Morinaga chil-school 4 Susu Bubuk Pertumbuhan Anak 3-12 Tahun Madu 780 g,135.100
1073,Kebutuhan Ibu & Anak,Susu Formula Bayi & Anak,Lactogrow Pro 1+ Susu Bubuk Pertumbuhan Anak 1-3 Tahun Madu 350 g,60.000
1074,Kebutuhan Ibu & Anak,Susu Formula Bayi & Anak,SGM Eksplor 1+ IronC Susu Bubuk Pertumbuhan Anak Madu 600 g,59.400
1075,Kebutuhan Ibu & Anak,Susu Formula Bayi & Anak,vidoran Xmart 1+ Susu Pertumbuhan Anak 1-3 Tahun Vanila 700 g,58.900
1076,Kebutuhan Ibu & Anak,Susu Formula Bayi & Anak,S-26 Procal Tahap 3 Susu Pertumbuhan Anak 1-3 Tahun Vanila 700 g,167.400
1077,Kebutuhan Ibu & Anak,Susu Formula Bayi & Anak,vidoran Xmart 1+ Susu Pertumbuhan Anak 1-3 Tahun Madu 900 g,72.800
1078,Kebutuhan Ibu & Anak,Susu Formula Bayi & Anak,Nestle Dancow 1+ Imunutri Susu Bubuk Pertumbuhan Anak 1-3 tahun Vanila 120 g,11.900
1079,Kebutuhan Ibu & Anak,Susu Formula Bayi & Anak,vidoran Xmart 3+ Susu Pertumbuhan Anak 3-5 Tahun Madu 900 g,67.000
1080,Kebutuhan Ibu & Anak,Susu Formula Bayi & Anak,Nestle Batita 3+ Susu Bubuk Pertumbuhan Anak Madu 850 g,54.900
1081,Kebutuhan Ibu & Anak,Susu Formula Bayi & Anak,Nestle BATITA 1+ Susu Bubuk Pertumbuhan Anak Madu Box 850 g,56.800
1082,Kebutuhan Ibu & Anak,Susu Formula Bayi & Anak,vidoran Xmart 3+ Susu Pertumbuhan Anak 3-5 Tahun Vanila 700 g,53.900
1083,Kebutuhan Ibu & Anak,Susu Formula Bayi & Anak,vidoran Xmart 5+ Susu Pertumbuhan Anak 5-12 Tahun Madu 700 g,51.500
1084,Kebutuhan Ibu & Anak,Susu Formula Bayi & Anak,Lactogrow Pro 1+ Susu Bubuk Pertumbuhan Anak 1-3 Tahun Vanila 350 g,60.000
1085,Kebutuhan Ibu & Anak,Susu Formula Bayi & Anak,Morinaga chil-go 1+ Susu Bubuk Pertumbuhan Anak 1 - 3 Tahun Madu 660 g,69.900
1086,Kebutuhan Ibu & Anak,Susu Formula Bayi & Anak,Morinaga chil-go 3+ Susu Bubuk Pertumbuhan Anak 3 - 12 Tahun Madu 660 g,67.900
1087,Kebutuhan Ibu & Anak,Susu Formula Bayi & Anak,vidoran Xmart 1+ Susu Pertumbuhan Anak 1-3 Tahun Vanila 900 g,72.800
1088,Kebutuhan Ibu & Anak,Susu Formula Bayi & Anak,vidoran Xmart 3+ Susu Pertumbuhan Anak 3 - 5 Tahun Vanila 900 g,67.000
1089,Kebutuhan Ibu & Anak,Susu Formula Bayi & Anak,Nestle Dancow 1+ Imunutri Susu Bubuk Pertumbuhan Anak 1-3 tahun Madu 1kg,105.100
1090,Kebutuhan Ibu & Anak,Susu Formula Bayi & Anak,Nestle Dancow FortiGro Instant Susu Bubuk Pertumbuhan Anak 390 g,49.600
1091,Kebutuhan Ibu & Anak,Susu Formula Bayi & Anak,Enfagrow A+ 4 Susu Bubuk Pertumbuhan Anak 3-12 Tahun Vanila 800 g,
1092,Kebutuhan Ibu & Anak,Susu Formula Bayi & Anak,Morinaga Morigro Gromax Susu Bubuk Pertumbuhan Anak 1-12 Tahun Vanila 800 g,
1093,Kebutuhan Ibu & Anak,Susu Formula Bayi & Anak,Zee Nutripro Susu Bubuk Rasa Vanila Twist dengan Krunchzee 340 g,
1094,Kebutuhan Ibu & Anak,Susu Formula Bayi & Anak,Frisian Flag Primagro 1+ Susu Anak 1-3 Tahun Madu 700 g,
1095,Kebutuhan Ibu & Anak,Susu Formula Bayi & Anak,Nestle Dancow 3+ Imunutri Susu Bubuk Pertumbuhan Anak 3-5 Tahun Cokelat 750 g,
1096,Kebutuhan Ibu & Anak,Susu Formula Bayi & Anak,PediaSure Triplesure Susu Pertumbuhan Anak Rasa Madu 800 g,
1097,Kebutuhan Ibu & Anak,Susu Formula Bayi & Anak,PediaSure Triplesure Susu Pertumbuhan Anak Rasa Vanila 800 g,
1098,Kebutuhan Ibu & Anak,Susu Formula Bayi & Anak,PediaSure Triplesure Susu Pertumbuhan Anak Rasa Cokelat 800 g,
1099,Kebutuhan Ibu & Anak,Susu Formula Bayi & Anak,vidoran Xmart 3+ Susu Bubuk Pertumbuhan Anak 3-5 Tahun Vanilla 325 g,29.500
1100,Kebutuhan Ibu & Anak,Susu Formula Bayi & Anak,Bebelac 1+ GroGreat+ Susu Bubuk Pertumbuhan Anak Vanila 1.8 kg,295.000
1101,Kebutuhan Ibu & Anak,Susu Formula Bayi & Anak,Bebelac 3+ GroGreat+ Susu Bubuk Pertumbuhan Anak Madu 1.8 kg,279.000
1102,Kebutuhan Ibu & Anak,Susu Formula Bayi & Anak,S-26 Procal Tahap 3 Susu Pertumbuhan Anak 1-3 Tahun Vanila 1.4 kg,309.000
1103,Kebutuhan Ibu & Anak,Susu Formula Bayi & Anak,S-26 Procal Gold Tahap 3 Susu Pertumbuhan Anak 1-3 Tahun Vanila 1.6 kg,535.000
1104,Kebutuhan Ibu & Anak,Susu Formula Bayi & Anak,S-26 Promise Gold Tahap 4 Susu Pertumbuhan Anak 3-12 Tahun Vanila 1.6 kg,469.000
1105,Kebutuhan Ibu & Anak,Susu Formula Bayi & Anak,Morinaga chil-kid 3 Gold Susu Bubuk Pertumbuhan Anak 1-3 Tahun Madu 4 x 390 g,318.900
1106,Kebutuhan Ibu & Anak,Susu Formula Bayi & Anak,Morinaga chil-kid 3 Gold Susu Pertumbuhan Anak 1-3 Tahun Vanila 4 x 390 g,318.900
1107,Kebutuhan Ibu & Anak,Susu Formula Bayi & Anak,S-26 Promise Gold Tahap 4 Susu Pertumbuhan Anak 3-12 Tahun Vanila 900 g,289.000
1108,Kebutuhan Ibu & Anak,Susu Formula Bayi & Anak,Morinaga chil-go 1+ Susu Bubuk Pertumbuhan Anak 1 - 3 Tahun Vanila 660 g,69.900
1109,Kebutuhan Ibu & Anak,Susu Formula Bayi & Anak,Morinaga chil-go 3+ Susu Bubuk Pertumbuhan Anak 3 - 12 Tahun Vanila 660 g,67.900
1110,Kebutuhan Ibu & Anak,Susu Formula Bayi & Anak,Pediasure Go Susu UHT Vanila 110 ml,11.700
1111,Kebutuhan Ibu & Anak,Susu Formula Bayi & Anak,SGM Eksplor 5+ IronC Susu Bubuk Pertumbuhan Cokelat Anak 900 g,69.900
1112,Kebutuhan Ibu & Anak,Susu Formula Bayi & Anak,Zee Nutripro Susu Bubuk Rasa Swizz Cokelat 600 g,68.300
1113,Kebutuhan Ibu & Anak,Susu Formula Bayi & Anak,Nestle Dancow FortiGro Susu Bubuk Instan Cokelat Crunch 346.5 g,40.900
1114,Kebutuhan Ibu & Anak,Susu Formula Bayi & Anak,vidoran Xmart 1+ Susu Pertumbuhan Anak 1-3 Tahun Madu 125 g,11.400
1115,Kebutuhan Ibu & Anak,Susu Formula Bayi & Anak,SGM Ananda 2 (6-12 Bulan) Susu Formula Bayi Bubuk 1 kg,94.200
1116,Kebutuhan Ibu & Anak,Susu Formula Bayi & Anak,Milo Minuman Bubuk Cokelat Less Sugar Bag 10 x 28 g,
1117,Kebutuhan Ibu & Anak,Susu Formula Bayi & Anak,Frisian Flag Primagro 3+ Susu Anak 4-6 Tahun Vanila 700 g,
1118,Kebutuhan Ibu & Anak,Susu Formula Bayi & Anak,Nestle Dancow 3+ Imunutri Susu Bubuk Pertumbuhan Anak 3-5 tahun Madu 120 g,
1119,Kebutuhan Ibu & Anak,Susu Formula Bayi & Anak,Nestle Dancow 3+ Imunutri Susu Bubuk Pertumbuhan Anak 3-5 tahun Vanila 1 kg,
1120,Kebutuhan Ibu & Anak,Susu Formula Bayi & Anak,S-26 Promise Tahap 4 Susu Pertumbuhan Anak 3-12 Tahun Vanila 1.4 kg,285.000
1121,Kebutuhan Ibu & Anak,Susu Formula Bayi & Anak,Indomilk Opti Nutri Susu Bubuk Full Cream 800 g,84.500
1122,Kebutuhan Ibu & Anak,Susu Formula Bayi & Anak,HiLo School Vanila Susu Bubuk Tinggi Kalsium 1 kg,168.000
1123,Kebutuhan Ibu & Anak,Susu Formula Bayi & Anak,HiLo School Susu Bubuk Tinggi Kalsium Rasa Cokelat 1 kg,168.000
1124,Kebutuhan Ibu & Anak,Susu Formula Bayi & Anak,Enfagrow A+ Gentle Care Susu Bubuk Pertumbuhan Anak Pencernaan 800 g,479.900
1125,Kebutuhan Ibu & Anak,Susu Formula Bayi & Anak,Healthyway 1+ Susu Bubuk Pertumbuhan Anak 1-3 Tahun Madu 700 g,57.800
1126,Kebutuhan Ibu & Anak,Susu Formula Bayi & Anak,Healthyway 3+ Susu Bubuk Pertumbuhan Anak 3-5 Tahun Vanila 700 g,54.600
1127,Kebutuhan Ibu & Anak,Susu Formula Bayi & Anak,Healthyway 1+ Susu Bubuk Pertumbuhan Anak 1-3 Tahun Vanila 700 g,57.800
1128,Kebutuhan Ibu & Anak,Susu Formula Bayi & Anak,Healthyway 3+ Susu Bubuk Pertumbuhan Anak 3-5 Tahun Madu 700 g,54.600
1129,Kebutuhan Ibu & Anak,Susu Formula Bayi & Anak,Morinaga chil-school Gold Susu Bubuk Pertumbuhan Anak Madu 4 x 390 g,272.900
1130,Kebutuhan Ibu & Anak,Susu Formula Bayi & Anak,Morinaga chil-school Platinum Susu Bubuk Pertumbuhan Anak Vanila 800 g,229.900
1131,Kebutuhan Ibu & Anak,Susu Formula Bayi & Anak,S-26 Procal Gold pHPro 3 Susu Pertumbuhan Anak 1-3 Tahun 800 g,345.000
1132,Kebutuhan Ibu & Anak,Susu Formula Bayi & Anak,Frisian Flag Primagro 1+ Susu Anak 1-3 Tahun Madu 2 kg,199.000
1133,Kebutuhan Ibu & Anak,Susu Formula Bayi & Anak,Frisian Flag Primagro 1+ Susu Anak 1-3 Tahun Vanila 2 kg,199.000
1134,Kebutuhan Ibu & Anak,Susu Formula Bayi & Anak,Frisian Flag Primagro 3+ Susu Anak 4-6 Tahun Madu 2 kg,189.000
1135,Kebutuhan Ibu & Anak,Susu Formula Bayi & Anak,Frisian Flag Primagro 3+ Susu Anak 4-6 Tahun Vanila 2 kg,189.000
1136,Kebutuhan Ibu & Anak,Susu Formula Bayi & Anak,Bebelac 3+ GroGreat+ Susu Bubuk Pertumbuhan Vanila 1.8 kg,279.000
1137,Kebutuhan Ibu & Anak,Susu Formula Bayi & Anak,Bebelac 1+ GroGreat+ Susu Bubuk Pertumbuhan Anak Vanila 3 kg,489.000
1138,Kebutuhan Ibu & Anak,Susu Formula Bayi & Anak,Bebelac 1+ GroGreat+ Susu Bubuk Pertumbuhan Anak Madu 3 kg,489.000
1139,Kebutuhan Ibu & Anak,Susu Formula Bayi & Anak,Bebelac 3+ GroGreat+ Susu Bubuk Pertumbuhan Anak Madu 3 kg,465.000
1140,Kebutuhan Ibu & Anak,Susu Formula Bayi & Anak,Bebelac 3+ GroGreat+ Susu Bubuk Pertumbuhan Anak Vanila 3 kg,465.000
1141,Kebutuhan Ibu & Anak,Susu Formula Bayi & Anak,Morinaga Morigro Gromax Susu Bubuk Pertumbuhan Anak 1-12 Tahun Madu 200 g,77.900
1142,Kebutuhan Ibu & Anak,Susu Formula Bayi & Anak,Morinaga Morigro Gromax Susu Bubuk Pertumbuhan Anak 1-12 Tahun Madu 800 g,281.900
1143,Kebutuhan Ibu & Anak,Susu Formula Bayi & Anak,Morinaga chil-go 1+ Susu Bubuk Pertumbuhan Anak 1 - 3 Tahun Vanila 270 g,29.900
1144,Kebutuhan Ibu & Anak,Susu Formula Bayi & Anak,Morinaga chil-go 3+ Susu Bubuk Pertumbuhan Anak 3 - 12 Tahun Vanila 270 g,29.900
1145,Kebutuhan Ibu & Anak,Susu Formula Bayi & Anak,Morinaga chil-go 1+ Susu Bubuk Pertumbuhan Anak 1 - 3 Tahun Madu 950 g,101.900
1146,Kebutuhan Ibu & Anak,Susu Formula Bayi & Anak,Morinaga chil-go 1+ Susu Bubuk Pertumbuhan Anak 1- 3 Tahun Vanila 950 g,101.900
1147,Kebutuhan Ibu & Anak,Susu Formula Bayi & Anak,Morinaga chil-go 3+ Susu Bubuk Pertumbuhan Anak 3 - 12 Tahun Madu 950 g,95.900
1148,Kebutuhan Ibu & Anak,Susu Formula Bayi & Anak,Morinaga chil-go 3+ Susu Bubuk Pertumbuhan Anak 3 - 12 Tahun Vanila 950 g,95.900
1149,Kebutuhan Ibu & Anak,Susu Formula Bayi & Anak,Enfagrow A+ Neurapro 4 Susu Bubuk Pertumbuhan Anak 3-12 Tahun Vanila 3 kg,1.089.900
1150,Kebutuhan Ibu & Anak,Susu Formula Bayi & Anak,Enfagrow A+ 3 Susu Bubuk Pertumbuhan Anak 1-3 Tahun Vanila 3 kg,1.239.900
1151,Kebutuhan Ibu & Anak,Susu Formula Bayi & Anak,Boneeto Susu Bubuk Hi-Calcium Creamy Vanilla 685 g,67.000
1152,Kebutuhan Ibu & Anak,Susu Formula Bayi & Anak,Morinaga Morigro Gromax Susu Bubuk Pertumbuhan Anak 1-12 Tahun Vanila 400 g,152.900
1153,Kebutuhan Ibu & Anak,Susu Formula Bayi & Anak,Morinaga Morigro Gromax Susu Bubuk Pertumbuhan Anak 1-12 Tahun Madu 400 g,152.900
1154,Kebutuhan Ibu & Anak,Susu Formula Bayi & Anak,SGM Eksplor 1+ IronC Susu Pertumbuhan Anak Madu 3 kg,249.900
1155,Kebutuhan Ibu & Anak,Susu Formula Bayi & Anak,SGM Eksplor 1+ IronC Susu Bubuk Pertumbuhan Anak Vanila 3 kg,249.900
1156,Kebutuhan Ibu & Anak,Susu Formula Bayi & Anak,SGM Eksplor 3+ IronC Susu Bubuk Pertumbuhan Anak Vanila 3 kg,235.900
1157,Kebutuhan Ibu & Anak,Susu Formula Bayi & Anak,SGM Eksplor 3+ IronC Susu Bubuk Pertumbuhan Anak Madu 3 kg,235.900
1158,Kebutuhan Ibu & Anak,Susu Formula Bayi & Anak,Nutren Junior Susu Pertumbuhan Anak Vanila 400 g,158.500
1159,Kebutuhan Ibu & Anak,Susu Formula Bayi & Anak,Morinaga chil-kid 3 P-HP Susu Bubuk Pertumbuhan Anak 1-3 Tahun Plain 800 g,325.900
1160,Kebutuhan Ibu & Anak,Susu Formula Bayi & Anak,Morinaga chil-school Platinum Susu Bubuk Pertumbuhan Anak Madu 800 g,232.900
1161,Kebutuhan Ibu & Anak,Susu Formula Bayi & Anak,Frisian Flag Primagro 1+ Susu Bubuk Pertumbuhan Anak Vanila 3000 g,295.000
1162,Kebutuhan Ibu & Anak,Susu Formula Bayi & Anak,Frisian Flag Primagro 1+ Susu Bubuk Pertumbuhan Anak Madu 3000 g,295.000
1163,Kebutuhan Ibu & Anak,Susu Formula Bayi & Anak,Frisian Flag Primagro 3+ Susu Bubuk Pertumbuhan Anak Vanila 3000 g,279.000
1164,Kebutuhan Ibu & Anak,Susu Formula Bayi & Anak,Frisian Flag Primagro 3+ Susu Bubuk Pertumbuhan Anak Madu 3000 g,279.000
1165,Kebutuhan Ibu & Anak,Susu Formula Bayi & Anak,Nutren Junior Susu Pertumbuhan Anak Vanila 800 g,301.900
1166,Kebutuhan Ibu & Anak,Susu Formula Bayi & Anak,Lactogrow Pro 3+ Susu Bubuk Pertumbuhan Anak Pra Sekolah Madu 1 kg,122.900
1167,Kebutuhan Ibu & Anak,Susu Formula Bayi & Anak,Lactogrow Pro 1+ Susu Bubuk Pertumbuhan Anak 1-3 Tahun Madu 1 kg,140.000
1168,Kebutuhan Ibu & Anak,Susu Formula Bayi & Anak,SGM Eksplor 1+ IronC Susu Bubuk Pertumbuhan Anak Vanila 150 g,15.800
1169,Kebutuhan Ibu & Anak,Susu Formula Bayi & Anak,SGM Ananda 2 (6-12 Bulan) Susu Formula Bayi Bubuk 150 g,15.800
1170,Kebutuhan Ibu & Anak,Susu Formula Bayi & Anak,vidoran Xmart 5+ Susu Pertumbuhan Anak 5-12 Tahun Cokelat 700 g,52.000
1171,Kebutuhan Ibu & Anak,Susu Formula Bayi & Anak,Enfagrow Essential 3 Susu Bubuk Pertumbuhan Anak 1-3 Tahun Vanila 240 g,47.500
1172,Kebutuhan Ibu & Anak,Perlengkapan Mandi & Perawatan Anak,Paseo Tisu Basah Bayi Purified Water 50 s - Beli 1 Gratis 1,12.900
1173,Kebutuhan Ibu & Anak,Perlengkapan Mandi & Perawatan Anak,Doremi Cologne Anak Hijab Nussa Rarra 100 ml,22.100
1174,Kebutuhan Ibu & Anak,Perlengkapan Mandi & Perawatan Anak,Zwitsal Kids Sabun Mandi & Sampo Anak Soft & Moisturizing Pump 280 ml,33.200
1175,Kebutuhan Ibu & Anak,Perlengkapan Mandi & Perawatan Anak,Pepsodent Kids Paket Sikat Gigi + Pasta Gigi Anak Stroberi 45 g,17.400
1176,Kebutuhan Ibu & Anak,Perlengkapan Mandi & Perawatan Anak,My Baby Lotion Rambut Bayi Black & Shine 100 ml,23.900
1177,Kebutuhan Ibu & Anak,Perlengkapan Mandi & Perawatan Anak,Zwitsal Natural Lotion Rambut Bayi Minyak Almond & Vitamin E 100 ml,31.000
1178,Kebutuhan Ibu & Anak,Perlengkapan Mandi & Perawatan Anak,Lactacyd Baby Sabun Mandi & Sampo Bayi Gentle Care Botol 60 ml,38.900
1179,Kebutuhan Ibu & Anak,Perlengkapan Mandi & Perawatan Anak,Bellagio Pomade Anak SweetBerry 40 g,15.600
1180,Kebutuhan Ibu & Anak,Perlengkapan Mandi & Perawatan Anak,Birth Beyond Cologne Bayi Happy Day 100 ml,27.900
1181,Kebutuhan Ibu & Anak,Perlengkapan Mandi & Perawatan Anak,Cussons Baby Lotion Rambut Bayi /Anak Kemiri & Seledri 35 + 15 ml,15.200
1182,Kebutuhan Ibu & Anak,Perlengkapan Mandi & Perawatan Anak,Fresh Living by FreshCare Bebio Minyak Aromaterapi Bayi Roll On 9 ml,28.900
1183,Kebutuhan Ibu & Anak,Perlengkapan Mandi & Perawatan Anak,Doremi Cologne Anak Boboiboy Glacier 100 ml,20.900
1184,Kebutuhan Ibu & Anak,Perlengkapan Mandi & Perawatan Anak,Cussons Baby Oil Soft & Smooth 35 + 15 ml,13.500
1185,Kebutuhan Ibu & Anak,Perlengkapan Mandi & Perawatan Anak,Alfamart Disney Tisu Basah Bayi 20 s,6.900
1186,Kebutuhan Ibu & Anak,Perlengkapan Mandi & Perawatan Anak,My Baby Krim Tubuh & Wajah Bayi Nourish & Smooth 50 g,17.900
1187,Kebutuhan Ibu & Anak,Perlengkapan Mandi & Perawatan Anak,Cussons Baby Deep Moisture Sampo & Sabun Mandi Bayi Refill 375 ml,29.900
1188,Kebutuhan Ibu & Anak,Perlengkapan Mandi & Perawatan Anak,Kodomo Sikat Gigi Anak Fleksibel Assorted,11.200
1189,Kebutuhan Ibu & Anak,Perlengkapan Mandi & Perawatan Anak,Cussons Baby Cuddle Calm Krim Tubuh & Wajah Bayi 50 g,23.200
1190,Kebutuhan Ibu & Anak,Perlengkapan Mandi & Perawatan Anak,Alfamart Cotton Buds Bayi Premium 200 pcs,10.900
1191,Kebutuhan Ibu & Anak,Perlengkapan Mandi & Perawatan Anak,Johnson's Cologne Bayi Slide 100 ml,30.100
1192,Kebutuhan Ibu & Anak,Perlengkapan Mandi & Perawatan Anak,My Baby Bedak Bayi Sweet Floral 225 + 56 g,18.900
1193,Kebutuhan Ibu & Anak,Perlengkapan Mandi & Perawatan Anak,Pepsodent Kids Pasta Gigi Anak Stroberi Sweet 45 g,9.400
1194,Kebutuhan Ibu & Anak,Perlengkapan Mandi & Perawatan Anak,Kodomo Kids Sabun Mandi Anak Orange Botol 200 ml,18.100
1195,Kebutuhan Ibu & Anak,Perlengkapan Mandi & Perawatan Anak,My Baby Kids Sabun Mandi Soft & Smooth Doraemon Botol 180 ml,16.200
1196,Kebutuhan Ibu & Anak,Perlengkapan Mandi & Perawatan Anak,Kodomo Kids Sampo & Kondisioner Anak Cherry Botol 200 ml,17.900
1197,Kebutuhan Ibu & Anak,Perlengkapan Mandi & Perawatan Anak,My Baby Minyak Telon Plus Lavender 90 ml,24.600
1198,Kebutuhan Ibu & Anak,Perlengkapan Mandi & Perawatan Anak,Cap Lang Minyak Telon Lang 150 ml,53.600
1199,Kebutuhan Ibu & Anak,Perlengkapan Mandi & Perawatan Anak,My Baby Sampo & Sabun Mandi Bayi Aloe Vera & Avocado Pump 300 ml,32.200
1200,Kebutuhan Ibu & Anak,Perlengkapan Mandi & Perawatan Anak,Birth Beyond Lotion Bayi Anti Nyamuk 100 ml,33.600
1201,Kebutuhan Ibu & Anak,Perlengkapan Mandi & Perawatan Anak,Zwitsal Sabun Mandi & Sampo Bayi Aloe Vera Refill 400 ml,39.300
1202,Kebutuhan Ibu & Anak,Perlengkapan Mandi & Perawatan Anak,Zwitsal Sabun Mandi & Sampo Bayi Anti Bakteri Refill 400 ml,39.300
1203,Kebutuhan Ibu & Anak,Perlengkapan Mandi & Perawatan Anak,Vicks Baby Balm Obat Gosok Bayi 20 g,26.500
1204,Kebutuhan Ibu & Anak,Perlengkapan Mandi & Perawatan Anak,Transpulmin Baby Balsam Pereda Hidung Tersumbat & Flu 5 g,29.900
1205,Kebutuhan Ibu & Anak,Perlengkapan Mandi & Perawatan Anak,Cap Gajah Minyak Telon Plus 60 ml,
1206,Kebutuhan Ibu & Anak,Perlengkapan Mandi & Perawatan Anak,Konicare Natural Bedak Cair Bayi Newborn 60 g,
1207,Kebutuhan Ibu & Anak,Perlengkapan Mandi & Perawatan Anak,Kodomo Baby Sabun & Sampo Bayi Aloe Vera & Calendula Pump 400 ml,
1208,Kebutuhan Ibu & Anak,Perlengkapan Mandi & Perawatan Anak,Pigeon Lotion Bayi Hypoallergenic Tube 100 ml,
1209,Kebutuhan Ibu & Anak,Perlengkapan Mandi & Perawatan Anak,Alfamart Cotton Buds Bayi Refill 100 pcs,
1210,Kebutuhan Ibu & Anak,Perlengkapan Mandi & Perawatan Anak,Johnson's CottonTouch Sabun Mandi Bayi Pump 500 ml,59.900
1211,Kebutuhan Ibu & Anak,Perlengkapan Mandi & Perawatan Anak,Johnson's Baby Sampo Bayi Botol 200 ml,23.500
1212,Kebutuhan Ibu & Anak,Perlengkapan Mandi & Perawatan Anak,Zwitsal Sabun Mandi & Sampo Bayi Aloe Vera Twin Pack 400 ml,49.900
1213,Kebutuhan Ibu & Anak,Perlengkapan Mandi & Perawatan Anak,Colgate Kids Minions Sikat Gigi Anak Ultra Soft Usia 2-5 Tahun,23.900
1214,Kebutuhan Ibu & Anak,Perlengkapan Mandi & Perawatan Anak,Colgate Kids Barbie Sikat Gigi Anak Ultra Soft Usia 6+ Tahun,23.900
1215,Kebutuhan Ibu & Anak,Perlengkapan Mandi & Perawatan Anak,Tropee Bebe Minyak Telon Bayi Aromatik + Minyak Zaitun Green Tea 100 ml,46.900
1216,Kebutuhan Ibu & Anak,Perlengkapan Mandi & Perawatan Anak,Buds Organics Chubby Chubbs Krim Pelembap Wajah Bayi & Anak 30 ml,239.000
1217,Kebutuhan Ibu & Anak,Perlengkapan Mandi & Perawatan Anak,Buds Organics Soothing Lotion Perawatan Iritasi Luka Eksim Bayi & Anak 50 ml,279.000
1218,Kebutuhan Ibu & Anak,Perlengkapan Mandi & Perawatan Anak,Cussons Baby Cuddle Calm Minyak Telon 60 ml,21.000
1219,Kebutuhan Ibu & Anak,Perlengkapan Mandi & Perawatan Anak,Pepsodent Kids Sikat Gigi Anak Extra Soft,10.300
1220,Kebutuhan Ibu & Anak,Perlengkapan Mandi & Perawatan Anak,Konicare Natural Sabun Mandi & Sampo Bayi Pump 300 ml,27.000
1221,Kebutuhan Ibu & Anak,Perlengkapan Mandi & Perawatan Anak,Zwitsal Kids Sabun Mandi & Sampo Anak Natural Nourishing Care Pump 280 ml,25.300
1222,Kebutuhan Ibu & Anak,Perlengkapan Mandi & Perawatan Anak,Johnson's Baby Milk + Rice Lotion Bayi 500 ml,84.500
1223,Kebutuhan Ibu & Anak,Perlengkapan Mandi & Perawatan Anak,Dee-dee Sampo Anak Grape Refill 200 ml,11.900
1224,Kebutuhan Ibu & Anak,Perlengkapan Mandi & Perawatan Anak,Konicare Bedak Biang Keringat Anak 80 + 20 g,15.000
1225,Kebutuhan Ibu & Anak,Perlengkapan Mandi & Perawatan Anak,Diapro Value Perlak Sekali Pakai Bayi 20 pcs,45.900
1226,Kebutuhan Ibu & Anak,Perlengkapan Mandi & Perawatan Anak,Jordan Step 1 Sikat Gigi Bayi / Anak 0 - 2 Tahun Ekstra Soft Assorted,27.900
1227,Kebutuhan Ibu & Anak,Perlengkapan Mandi & Perawatan Anak,Alfamart Minyak Telon Plus 60 ml,15.900
1228,Kebutuhan Ibu & Anak,Perlengkapan Mandi & Perawatan Anak,Zwitsal Natural Sabun Mandi Bayi dengan Minyak Telon Refill 400 ml,31.300
1229,Kebutuhan Ibu & Anak,Perlengkapan Mandi & Perawatan Anak,Dee-dee Sampo Anak Strawberry Pump 250 ml,22.900
1230,Kebutuhan Ibu & Anak,Perlengkapan Mandi & Perawatan Anak,Johnson's Baby Sabun Mandi & Sampo Bayi Refill 400 ml,32.900
1231,Kebutuhan Ibu & Anak,Perlengkapan Mandi & Perawatan Anak,Jordan Buddy Sikat Gigi Anak 5-10 Tahun Soft Assorted,12.900
1232,Kebutuhan Ibu & Anak,Perlengkapan Mandi & Perawatan Anak,Zwitsal Krim Bayi Anti Ruam Popok Tube 50 mL,25.000
1233,Kebutuhan Ibu & Anak,Perlengkapan Mandi & Perawatan Anak,Cussons Baby Soft & Smooth Krim Bayi 50 g,19.400
1234,Kebutuhan Ibu & Anak,Perlengkapan Mandi & Perawatan Anak,Johnson's Cologne Bayi Summer Swing 100 ml,30.100
1235,Kebutuhan Ibu & Anak,Perlengkapan Mandi & Perawatan Anak,Johnson's Lotion Bayi 100 ml,20.900
1236,Kebutuhan Ibu & Anak,Perlengkapan Mandi & Perawatan Anak,Kodomo Pasta Gigi Anak Jeruk 45 g,8.000
1237,Kebutuhan Ibu & Anak,Perlengkapan Mandi & Perawatan Anak,Mitu Baby Tisu Basah Bayi Antiseptik Refreshing Lime 10 s,7.500
1238,Kebutuhan Ibu & Anak,Perlengkapan Mandi & Perawatan Anak,Cussons Baby Bedak Bayi Fresh & Nourish 100 + 30 g,11.100
1239,Kebutuhan Ibu & Anak,Perlengkapan Mandi & Perawatan Anak,My Baby Minyak Telon Plus Eucalyptus + Citronella 90 ml,25.100
1240,Kebutuhan Ibu & Anak,Perlengkapan Mandi & Perawatan Anak,Cap Lang Minyak Telon Lang Plus 60 ml,25.700
1241,Kebutuhan Ibu & Anak,Perlengkapan Mandi & Perawatan Anak,Konicare Minyak Telon Plus Lavender 125 ml,57.000
1242,Kebutuhan Ibu & Anak,Perlengkapan Mandi & Perawatan Anak,Tresno Joyo Minyak Telon 100 ml,30.700
1243,Kebutuhan Ibu & Anak,Perlengkapan Mandi & Perawatan Anak,Kodomo Paket Pasta Gigi + Sikat Gigi Anak Zig-zag Soft,11.300
1244,Kebutuhan Ibu & Anak,Perlengkapan Mandi & Perawatan Anak,Tresno Joyo Balsem Telon 20 g,11.800
1245,Kebutuhan Ibu & Anak,Perlengkapan Mandi & Perawatan Anak,My Baby Tisu Basah Bayi Anti Bakteri Natural 50 s - Beli 1 Gratis 1,17.500
1246,Kebutuhan Ibu & Anak,Perlengkapan Mandi & Perawatan Anak,Johnson's Cologne Bayi Happy Berries 100 ml,30.100
1247,Kebutuhan Ibu & Anak,Perlengkapan Mandi & Perawatan Anak,Paseo Baby Tisu Wajah Bayi Pure Soft 130 s,20.900
1248,Kebutuhan Ibu & Anak,Perlengkapan Mandi & Perawatan Anak,Formula Paket Pasta Gigi + Sikat Gigi Anak Bubblegum 45 g,12.600
1249,Kebutuhan Ibu & Anak,Perlengkapan Mandi & Perawatan Anak,My Baby Bedak Bayi Nourish & Smooth 135 + 34 g,13.200
1250,Kebutuhan Ibu & Anak,Perlengkapan Mandi & Perawatan Anak,My Baby Minyak Telon Plus Eucalyptus + Citronella 60 ml,18.200
1251,Kebutuhan Ibu & Anak,Perlengkapan Mandi & Perawatan Anak,My Baby Minyak Telon Plus Eucalyptus + Citronella 150 ml,39.400
1252,Kebutuhan Ibu & Anak,Perlengkapan Mandi & Perawatan Anak,Cap Lang Minyak Telon Lang Plus 150 ml,54.100
1253,Kebutuhan Ibu & Anak,Perlengkapan Mandi & Perawatan Anak,Konicare Minyak Telon 60 ml,24.900
1254,Kebutuhan Ibu & Anak,Perlengkapan Mandi & Perawatan Anak,Johnson's Baby Oil 50 ml,15.300
1255,Kebutuhan Ibu & Anak,Perlengkapan Mandi & Perawatan Anak,Johnson's Baby Oil 125 ml,32.500
1256,Kebutuhan Ibu & Anak,Perlengkapan Mandi & Perawatan Anak,Cap Lang Minyak Telon Lang 60 ml,26.100
1257,Kebutuhan Ibu & Anak,Perlengkapan Mandi & Perawatan Anak,Master Kids Superman Cologne Anak Spray 100 ml,19.800
1258,Kebutuhan Ibu & Anak,Perlengkapan Mandi & Perawatan Anak,Formula Paket Pasta Gigi + Sikat Gigi Anak Cheerful Apple / Orange Breeze 45 g,7.500
1259,Kebutuhan Ibu & Anak,Perlengkapan Mandi & Perawatan Anak,Bepanthen Salep Popok Bayi 20 g,75.000
1260,Kebutuhan Ibu & Anak,Perlengkapan Mandi & Perawatan Anak,Char Mi Kapas Bulat Bayi 100 s,11.000
1261,Kebutuhan Ibu & Anak,Perlengkapan Mandi & Perawatan Anak,Johnson's Active Kids Sampo Anak Shiny Drops Botol 200 ml,26.900
1262,Kebutuhan Ibu & Anak,Perlengkapan Mandi & Perawatan Anak,Johnson's CottonTouch Lotion Tubuh & Wajah Bayi 500 ml,87.900
1263,Kebutuhan Ibu & Anak,Perlengkapan Mandi & Perawatan Anak,Dee-dee Sampo Anak Strawberry Refill 200 ml,11.900
1264,Kebutuhan Ibu & Anak,Perlengkapan Mandi & Perawatan Anak,Buds Organics Calming Rub Krim Bayi Anti Perut Kembung 30 ml,229.000
1265,Kebutuhan Ibu & Anak,Perlengkapan Mandi & Perawatan Anak,Jordan Step 2 Sikat Gigi Anak 3 - 5 Tahun Soft Assorted,27.900
1266,Kebutuhan Ibu & Anak,Perlengkapan Mandi & Perawatan Anak,Jordan Step 2 Pasta Gigi Anak 6 - 12 Tahun Mild Grape 75 g,31.900
1267,Kebutuhan Ibu & Anak,Perlengkapan Mandi & Perawatan Anak,Birth Beyond Lotion Rambut Bayi 100 ml,39.900
1268,Kebutuhan Ibu & Anak,Perlengkapan Mandi & Perawatan Anak,Birth Beyond Sabun Mandi & Sampo Bayi Mild & Gentle 100 ml,39.900
1269,Kebutuhan Ibu & Anak,Perlengkapan Mandi & Perawatan Anak,Birth Beyond Sampo Bayi Gentle 100 ml,39.900
1270,Kebutuhan Ibu & Anak,Perlengkapan Mandi & Perawatan Anak,Colgate Kids Batman Pasta Gigi Anak Bubble Fruit 40 g,14.900
1271,Kebutuhan Ibu & Anak,Perlengkapan Mandi & Perawatan Anak,Jordan Step 2 Pasta Gigi Anak 6 - 12 Tahun Apel Hijau 75 g,31.900
1272,Kebutuhan Ibu & Anak,Perlengkapan Mandi & Perawatan Anak,Gently Baby Sampo Bayi & Anak Kemiri Tanpa SLS 100 ml,59.900
1273,Kebutuhan Ibu & Anak,Perlengkapan Mandi & Perawatan Anak,Char Mi Cotton Buds Spiral Refill 32 pcs,37.900
1274,Kebutuhan Ibu & Anak,Perlengkapan Mandi & Perawatan Anak,Johnson's Baby Sabun Mandi & Sampo Bayi Pump 500 ml,47.900
1275,Kebutuhan Ibu & Anak,Perlengkapan Mandi & Perawatan Anak,Johnson's Baby Milk + Rice Sabun Mandi & Sampo Bayi Pump 500 ml,52.900
1276,Kebutuhan Ibu & Anak,Perlengkapan Mandi & Perawatan Anak,Johnson's Baby Milk + Rice Sabun Mandi & Sampo Bayi Botol 200 ml,26.800
1277,Kebutuhan Ibu & Anak,Perlengkapan Mandi & Perawatan Anak,Cussons Baby Cuddle Calm Sabun Mandi & Sampo Bayi 375 ml,22.500
1278,Kebutuhan Ibu & Anak,Perlengkapan Mandi & Perawatan Anak,Tropee Bebe Lotion Rambut Anak Winter Sky Cool Spray 100 ml,39.900
1279,Kebutuhan Ibu & Anak,Perlengkapan Mandi & Perawatan Anak,Tropee Bebe x Pinkfong Pasta Gigi Anak Banana 60 g,39.900
1280,Kebutuhan Ibu & Anak,Perlengkapan Mandi & Perawatan Anak,Tropee Bebe Lotion Bayi & Anak untuk Kulit Sensitif 150 ml,51.900
1281,Kebutuhan Ibu & Anak,Perlengkapan Mandi & Perawatan Anak,Cessa Baby Happy Nose Minyak Aromaterapi Pereda Batuk & Pilek Roll On 8 ml,31.000
1282,Kebutuhan Ibu & Anak,Perlengkapan Mandi & Perawatan Anak,Cessa Baby Fedrop Minyak Aromaterapi Penurun Demam Roll On 8 ml,31.000
1283,Kebutuhan Ibu & Anak,Perlengkapan Mandi & Perawatan Anak,Cussons Baby Paket Perawatan Bayi Newborn Premium Box 6 pcs,112.500
1284,Kebutuhan Ibu & Anak,Perlengkapan Mandi & Perawatan Anak,Tropee Bebe Minyak Kemiri Penumbuh Rambut Bayi & Anak 100 ml,54.900
1285,Kebutuhan Ibu & Anak,Perlengkapan Mandi & Perawatan Anak,Cussons Baby Newborn Sabun Mandi & Sampo Bayi Botol 200 ml,21.900
1286,Kebutuhan Ibu & Anak,Perlengkapan Mandi & Perawatan Anak,Cussons Baby Newborn Sabun Mandi & Sampo Bayi Refill 400 ml,30.900
1287,Kebutuhan Ibu & Anak,Perlengkapan Mandi & Perawatan Anak,Cetaphil Baby Lotion Bayi Calendula Organik 400 ml,154.900
1288,Kebutuhan Ibu & Anak,Perlengkapan Mandi & Perawatan Anak,Cetaphil Baby Sabun Mandi & Sampo Bayi Organic Calendula Pump 400 ml,127.900
1289,Kebutuhan Ibu & Anak,Perlengkapan Mandi & Perawatan Anak,Tropee Bebe x Pinkfong Pasta Gigi Anak Strawberry 60 g,39.900
1290,Kebutuhan Ibu & Anak,Perlengkapan Mandi & Perawatan Anak,Cessa Baby Lenire Natural Minyak Aromaterapi Bayi Meredakan Perut Kembung 8 ml,31.000
1291,Kebutuhan Ibu & Anak,Perlengkapan Mandi & Perawatan Anak,Cessa Baby Bofit Natural Minyak Aromaterapi Bayi Menyegarkan Tubuh 8 ml,31.000
1292,Kebutuhan Ibu & Anak,Perlengkapan Mandi & Perawatan Anak,Cussons Cologne Bayi Soft Touch 100 ml,13.800
1293,Kebutuhan Ibu & Anak,Perlengkapan Mandi & Perawatan Anak,Cussons Baby Oil Soft & Smooth 100 ml,19.900
1294,Kebutuhan Ibu & Anak,Perlengkapan Mandi & Perawatan Anak,Cussons Baby Lotion Rambut Bayi Kemiri & Seledri 100 ml,20.900
1295,Kebutuhan Ibu & Anak,Perlengkapan Mandi & Perawatan Anak,Enzim Pasta Gigi Anak Stroberi 63 g,14.500
1296,Kebutuhan Ibu & Anak,Perlengkapan Mandi & Perawatan Anak,Cussons Baby Mild & Gentle Krim Bayi 50 g,15.900
1297,Kebutuhan Ibu & Anak,Perlengkapan Mandi & Perawatan Anak,Mitu Baby Tisu Basah Bayi Antiseptik Refreshing Lime 50 s - Beli 1 Gratis 1,13.900
1298,Kebutuhan Ibu & Anak,Perlengkapan Mandi & Perawatan Anak,Kodomo Pasta Gigi Anak Stroberi 45 g,5.800
1299,Kebutuhan Ibu & Anak,Perlengkapan Mandi & Perawatan Anak,Kodomo Kids Sampo & Kondisioner Anak Blueberry Botol 200 ml,11.900
1300,Kebutuhan Ibu & Anak,Perlengkapan Mandi & Perawatan Anak,Mitu Baby Tisu Basah Bayi Ganti Popok Charming Lily 50 s - Beli 1 Gratis 1,12.900
1301,Kebutuhan Ibu & Anak,Perlengkapan Mandi & Perawatan Anak,Cussons Baby Tisu Basah Bayi Mild and Gentle 45 s - Beli 1 Gratis 2,15.500
1302,Kebutuhan Ibu & Anak,Perlengkapan Mandi & Perawatan Anak,Cussons Baby Tisu Basah Bayi Naturally Refreshing 45 s - Beli 1 Gratis 2,15.500
1303,Kebutuhan Ibu & Anak,Perlengkapan Mandi & Perawatan Anak,My Baby Minyak Telon Plus Eucalyptus Perlindungan Lebih Lama 60 ml,16.000
1304,Kebutuhan Ibu & Anak,Perlengkapan Mandi & Perawatan Anak,Mitu Baby Tisu Basah Bayi Ganti Popok Playful Fressia 50 s - Beli 1 Gratis 1,12.900
1305,Kebutuhan Ibu & Anak,Perlengkapan Mandi & Perawatan Anak,Kodomo Paket Sikat Gigi + Pasta Gigi Anak Stroberi Mint 45 g,10.900
1306,Kebutuhan Ibu & Anak,Perlengkapan Mandi & Perawatan Anak,Konicare Minyak Telon Plus Lavender 60 ml,22.900
1307,Kebutuhan Ibu & Anak,Perlengkapan Mandi & Perawatan Anak,Mitu Baby Tisu Basah Bayi Blooming Cherry 50 s - Beli 1 Gratis 1,12.900
1308,Kebutuhan Ibu & Anak,Perlengkapan Mandi & Perawatan Anak,Cussons Kids Cologne Rambut & Tubuh Anak Strawberry Smoothie 100 ml,14.900
1309,Kebutuhan Ibu & Anak,Perlengkapan Mandi & Perawatan Anak,My Baby Sabun Mandi Batang Bayi Sweet Floral 75 g,4.300
1310,Kebutuhan Ibu & Anak,Perlengkapan Mandi & Perawatan Anak,My Baby Minyak Telon Plus Eucalyptus Perlindungan Lebih Lama 90 ml,22.500
1311,Kebutuhan Ibu & Anak,Perlengkapan Mandi & Perawatan Anak,My Baby Sampo Bayi Hitam & Berkilau Botol 100 ml,11.200
1312,Kebutuhan Ibu & Anak,Perlengkapan Mandi & Perawatan Anak,Johnson's Baby Milk + Rice Sabun Mandi & Sampo Bayi Refill 400 ml,26.900
1313,Kebutuhan Ibu & Anak,Perlengkapan Mandi & Perawatan Anak,Johnson's Baby Sabun Mandi & Sampo Bayi Botol 200 ml,15.900
1314,Kebutuhan Ibu & Anak,Perlengkapan Mandi & Perawatan Anak,Kodomo Kids Sabun Mandi Anak Strawberry Botol 200 ml,12.500
1315,Kebutuhan Ibu & Anak,Perlengkapan Mandi & Perawatan Anak,Cussons Cologne Bayi Cheerful Smile 100 ml,19.900
1316,Kebutuhan Ibu & Anak,Perlengkapan Mandi & Perawatan Anak,Cussons Baby Mild & Gentle Sabun Mandi & Sampo Bayi Refill 375 ml,19.900
1317,Kebutuhan Ibu & Anak,Perlengkapan Mandi & Perawatan Anak,My Baby Sampo & Sabun Mandi Bayi Aloe Vera & Avocado Botol 200 ml,16.700
1318,Kebutuhan Ibu & Anak,Perlengkapan Mandi & Perawatan Anak,MamyPoko Tisu Basah Bayi Ganti Popok X-tra Air Parfum 50 s - Beli 1 Gratis 1,14.900
1319,Kebutuhan Ibu & Anak,Perlengkapan Mandi & Perawatan Anak,MamyPoko Tisu Basah Bayi Ganti Popok X-tra Air Non Parfum 50 s - Beli 1 Gratis 1,14.900
1320,Kebutuhan Ibu & Anak,Perlengkapan Mandi & Perawatan Anak,My Baby Bedak Bayi Telon Plus 90 + 23 g,8.000
1321,Kebutuhan Ibu & Anak,Perlengkapan Mandi & Perawatan Anak,Kodomo Kids Sampo & Kondisioner Anak Strawberry Botol 200 ml,11.900
1322,Kebutuhan Ibu & Anak,Perlengkapan Mandi & Perawatan Anak,My Baby Kids Sampo & Kondisioner Soft & Shiny Doraemon Botol 180 ml,11.900
1323,Kebutuhan Ibu & Anak,Perlengkapan Mandi & Perawatan Anak,Kodomo Tisu Basah Bayi Rice Milk 2 x 50 s,11.500
1324,Kebutuhan Ibu & Anak,Perlengkapan Mandi & Perawatan Anak,Colgate Kids Minions Pasta Gigi Anak Bubble Fruit 40 g,8.100
1325,Kebutuhan Ibu & Anak,Perlengkapan Mandi & Perawatan Anak,MamyPoko Tisu Basah Bayi Antiseptik Non Parfum 48 s - Beli 1 Gratis 1,14.900
1326,Kebutuhan Ibu & Anak,Perlengkapan Mandi & Perawatan Anak,My Baby Kids Sampo & Kondisioner Healthy & Fresh Doraemon Botol 180 ml,11.900
1327,Kebutuhan Ibu & Anak,Perlengkapan Mandi & Perawatan Anak,Kodomo Tisu Basah Bayi Aloe Vera 2 x 50 s,11.500
1328,Kebutuhan Ibu & Anak,Perlengkapan Mandi & Perawatan Anak,My Baby Kids Minyak Kayu Putih Plus 60 ml,11.400
1329,Kebutuhan Ibu & Anak,Perlengkapan Mandi & Perawatan Anak,My Baby Sampo & Sabun Mandi Bayi Aloe Vera and Avocado Refill 375 ml,20.900
1330,Kebutuhan Ibu & Anak,Perlengkapan Mandi & Perawatan Anak,My Baby Kids Cologne Tubuh & Rambut Anak Sweet Blossom 100 ml,11.900
1331,Kebutuhan Ibu & Anak,Perlengkapan Mandi & Perawatan Anak,Kodomo Tisu Basah Bayi Anti Bakteri 2 x 50 s,12.500
1332,Kebutuhan Ibu & Anak,Perlengkapan Mandi & Perawatan Anak,Cessa Baby Itch Away Natural Minyak Aromaterapi Bayi Anti Nyamuk 8 ml,31.000
1333,Kebutuhan Ibu & Anak,Perlengkapan Mandi & Perawatan Anak,Cussons Baby Mild & Gentle Sampo & Sabun Mandi Cair Bayi 600 ml,33.700
1334,Kebutuhan Ibu & Anak,Perlengkapan Mandi & Perawatan Anak,Moell Moist Skin Everytime Lotion Bayi 185 g,65.000
1335,Kebutuhan Ibu & Anak,Perlengkapan Mandi & Perawatan Anak,Moell Bubbles Bubbles Everywhere Sabun Mandi Bayi 185 g,60.000
1336,Kebutuhan Ibu & Anak,Perlengkapan Mandi & Perawatan Anak,Moell Nourish Hair Everyday Lotion Rambut Bayi 100 ml,65.000
1337,Kebutuhan Ibu & Anak,Perlengkapan Mandi & Perawatan Anak,Moell Healthy Glow Barrier Krim Wajah Bayi 40 g,70.000
1338,Kebutuhan Ibu & Anak,Perlengkapan Mandi & Perawatan Anak,Moell Bubbles Bubbles Everywhere Sampo Bayi 185 g,65.000
1339,Kebutuhan Ibu & Anak,Perlengkapan Mandi & Perawatan Anak,Moell You Are My Sunshine Sunscreen Wajah & Tubuh Bayi SPF 50 30 g,70.000
1340,Kebutuhan Ibu & Anak,Perlengkapan Mandi & Perawatan Anak,Motherlove Cool Comfort 2 in 1 Minyak Aromaterapi Bayi Organik 10 ml,59.900
1341,Kebutuhan Ibu & Anak,Perlengkapan Mandi & Perawatan Anak,Motherlove Eazy Baby Oil 2 in 1 Minyak Aromaterapi Bayi Organik 10 ml,59.900
1342,Kebutuhan Ibu & Anak,Perlengkapan Mandi & Perawatan Anak,Cussons Baby Soft & Smooth Tisu Basah Bayi Sakura 45 s - Beli 1 Gratis 2,16.900
1343,Kebutuhan Ibu & Anak,Perlengkapan Mandi & Perawatan Anak,Cussons Baby Fresh & Nourish Tisu Basah Bayi Berries 45 s - Beli 1 Gratis 2,16.900
1344,Kebutuhan Ibu & Anak,Perlengkapan Mandi & Perawatan Anak,Cussons Baby Deep Moisture Sabun Mandi & Sampo Bayi 600 ml,34.500
1345,Kebutuhan Ibu & Anak,Perlengkapan Mandi & Perawatan Anak,Cessa 4 in 1 Lotion Tubuh & Wajah Bayi 150 ml,42.900
1346,Kebutuhan Ibu & Anak,Perlengkapan Mandi & Perawatan Anak,Cessa Sabun & Sampo Bayi Refill 750 ml,69.900
1347,Kebutuhan Ibu & Anak,Perlengkapan Mandi & Perawatan Anak,Zwitsal Natural Minyak Telon 100 ml,34.700
1348,Kebutuhan Ibu & Anak,Perlengkapan Mandi & Perawatan Anak,Mitu Baby Fresh & Clean Sampo dan Sabun Mandi Bayi 2 in 1 Honey & Milk 400 ml,29.500
1349,Kebutuhan Ibu & Anak,Perlengkapan Mandi & Perawatan Anak,Cussons Kids Cologne Rambut & Tubuh Anak Fruity Berries 100 ml,10.200
1350,Kebutuhan Ibu & Anak,Perlengkapan Mandi & Perawatan Anak,Zwitsal Natural Sampo Bayi Aloe Vera Kemiri Seledri Refill 250 ml,20.900
1351,Kebutuhan Ibu & Anak,Perlengkapan Mandi & Perawatan Anak,Zwitsal Natural Paket Perawatan Bayi Mini Travel Pack 3 pcs,24.900
1352,Kebutuhan Ibu & Anak,Perlengkapan Mandi & Perawatan Anak,My Baby Sampo & Sabun Mandi Bayi Nourish & Smooth Refill 375 ml,20.900
1353,Kebutuhan Ibu & Anak,Perlengkapan Mandi & Perawatan Anak,Doremi Sabun Mandi & Sampo Anak Boboiboy Refill 200 ml,17.900
1354,Kebutuhan Ibu & Anak,Perlengkapan Mandi & Perawatan Anak,Kodomo Pasta Gigi Gel Mixed Berries 45 g,5.800
1355,Kebutuhan Ibu & Anak,Perlengkapan Mandi & Perawatan Anak,Kodomo Baby Sabun Mandi & Sampo Bayi Aloe Vera & Wheat Germ Oil Refill 450 ml,19.900
1356,Kebutuhan Ibu & Anak,Perlengkapan Mandi & Perawatan Anak,My Baby Kids Cologne Tubuh & Rambut Anak Fresh Active 100 ml,11.900
1357,Kebutuhan Ibu & Anak,Perlengkapan Mandi & Perawatan Anak,My Baby Kids Sampo & Sabun Mandi Soft & Nourish Doraemon Refill 200 ml,12.900
1358,Kebutuhan Ibu & Anak,Perlengkapan Mandi & Perawatan Anak,Zwitsal Kids Sabun Mandi & Sampo Anak Natural Nourishing Care Refill 250 ml,19.800
1359,Kebutuhan Ibu & Anak,Perlengkapan Mandi & Perawatan Anak,My Baby Kids Pasta Gigi Anak Stroberi 45 g,5.000
1360,Kebutuhan Ibu & Anak,Perlengkapan Mandi & Perawatan Anak,My Baby Minyak Telon Plus Lavender 150 ml,33.500
1361,Kebutuhan Ibu & Anak,Perlengkapan Mandi & Perawatan Anak,My Baby Natural Oil Plus Citronella 90 ml,13.900
1362,Kebutuhan Ibu & Anak,Perlengkapan Mandi & Perawatan Anak,Zwitsal Krim Tubuh & Wajah Bayi Chamomile & Vitamin E 50 g,18.300
1363,Kebutuhan Ibu & Anak,Perlengkapan Mandi & Perawatan Anak,My Baby Minyak Telon Pus Lavender 60 ml,16.500
1364,Kebutuhan Ibu & Anak,Perlengkapan Mandi & Perawatan Anak,Cussons Cologne Bayi Sprakling Joy 100 ml,19.900
1365,Kebutuhan Ibu & Anak,Perlengkapan Mandi & Perawatan Anak,Pure Kids Minyak Aromaterapi Pelega Hidung Tersumbat 10 ml,47.900
1366,Kebutuhan Ibu & Anak,Perlengkapan Mandi & Perawatan Anak,Pure Kids Minyak Aromaterapi Pelega Hidung Tersumbat Lemon 10 ml,44.900
1367,Kebutuhan Ibu & Anak,Perlengkapan Mandi & Perawatan Anak,Pure Kids Minyak Aromaterapi Pelega Hidung Tersumbat Geranium 10 ml,47.900
1368,Kebutuhan Ibu & Anak,Perlengkapan Mandi & Perawatan Anak,My Baby Gift Set Paket Perawatan Bayi Bag 4 pcs,23.900
1369,Kebutuhan Ibu & Anak,Perlengkapan Mandi & Perawatan Anak,Dee-dee Sampo Anak Grape Pump 250 ml,17.500
1370,Kebutuhan Ibu & Anak,Perlengkapan Mandi & Perawatan Anak,Dee-dee Sampo Anak Apple Refill 200 ml,9.000
1371,Kebutuhan Ibu & Anak,Perlengkapan Mandi & Perawatan Anak,Dee-dee Pasta Gigi Anak Anggur 50 g,5.700
1372,Kebutuhan Ibu & Anak,Perlengkapan Mandi & Perawatan Anak,Dee-dee Pasta Gigi Anak Jeruk 50 g,5.700
1373,Kebutuhan Ibu & Anak,Perlengkapan Mandi & Perawatan Anak,Dee-dee Pasta Gigi Anak Stroberi 50 g,5.700
1374,Kebutuhan Ibu & Anak,Perlengkapan Mandi & Perawatan Anak,Pure Baby Happy Time Sampo & Sabun Mandi Bayi Pump 350 ml,37.500
1375,Kebutuhan Ibu & Anak,Perlengkapan Mandi & Perawatan Anak,Pure Baby Happy Time Sampo & Sabun Mandi Bayi Refill 350 ml,32.900
1376,Kebutuhan Ibu & Anak,Perlengkapan Mandi & Perawatan Anak,Pure Baby Krim Bayi Anti Ruam Popok 50 ml,31.000
1377,Kebutuhan Ibu & Anak,Perlengkapan Mandi & Perawatan Anak,Darlie Bunny Kids Pasta Gigi Anak Apel 40 g,13.900
1378,Kebutuhan Ibu & Anak,Perlengkapan Mandi & Perawatan Anak,Darlie Bunny Kids Pasta Gigi Anak Strawberry 40 g,13.900
1379,Kebutuhan Ibu & Anak,Perlengkapan Mandi & Perawatan Anak,Sudocrem Krim Bayi Anti Ruam Popok 125 g,109.900
1380,Kebutuhan Ibu & Anak,Perlengkapan Mandi & Perawatan Anak,Kodomo Kids Sabun Mandi Anak Blueberry Botol 200 ml,9.900
1381,Kebutuhan Ibu & Anak,Perlengkapan Mandi & Perawatan Anak,Kodomo Kids Sabun Mandi Anak Cherry Botol 200 ml,9.900
1382,Kebutuhan Ibu & Anak,Perlengkapan Mandi & Perawatan Anak,Kodomo Pasta Gigi Anak Melon 45 g,5.500
1383,Kebutuhan Ibu & Anak,Perlengkapan Mandi & Perawatan Anak,Kodomo Pasta Gigi Anak Anggur 45 g,5.500
1384,Kebutuhan Ibu & Anak,Perlengkapan Mandi & Perawatan Anak,Sleek Baby Sabun Mandi & Sampo Botol 250 ml,21.900
1385,Kebutuhan Ibu & Anak,Perlengkapan Mandi & Perawatan Anak,Jordan Step 1 Pasta Gigi Bayi / Anak 0 - 5 Tahun Mild Strawberry 75 g,35.000
1386,Kebutuhan Ibu & Anak,Perlengkapan Mandi & Perawatan Anak,Zwitsal Kids Sabun Mandi Anak Clean & Fresh Refill 250 ml,16.900
1387,Kebutuhan Ibu & Anak,Perlengkapan Mandi & Perawatan Anak,"Zwitsal Natural Sampo Bayi Aloe Vera, Kemiri, Seledri Pump 300 ml",25.900
1388,Kebutuhan Ibu & Anak,Perlengkapan Mandi & Perawatan Anak,Zwitsal Natural Baby Oil 100 ml,17.900
1389,Kebutuhan Ibu & Anak,Perlengkapan Mandi & Perawatan Anak,"Zwitsal Natural Lotion Rambut Bayi Aloe Vera, Kemiri & Seledri 200 ml",31.900
1390,Kebutuhan Ibu & Anak,Perlengkapan Mandi & Perawatan Anak,Zwitsal Sabun Mandi & Sampo Bayi Milky Honey Pump 300 ml,27.500
1391,Kebutuhan Ibu & Anak,Perlengkapan Mandi & Perawatan Anak,Zwitsal Natural Sabun Mandi Bayi dengan Minyak Telon Refill 250 ml,27.900
1392,Kebutuhan Ibu & Anak,Perlengkapan Mandi & Perawatan Anak,Enzim Pasta Gigi Anak Mixdent 93 g,16.000
1393,Kebutuhan Ibu & Anak,Perlengkapan Mandi & Perawatan Anak,Enzim Pasta Gigi Anak Jeruk 63 g,12.900
1394,Kebutuhan Ibu & Anak,Perlengkapan Mandi & Perawatan Anak,Enzim Pasta Gigi Anak Bubblegum 63 g,12.900
1395,Kebutuhan Ibu & Anak,Perlengkapan Mandi & Perawatan Anak,Cussons Baby Krim Bayi Anti Ruam Popok 50 g,19.000
1396,Kebutuhan Ibu & Anak,Perlengkapan Mandi & Perawatan Anak,Cussons Baby Moscare Lotion Bayi Anti Nyamuk Tube 100 g,28.700
1397,Kebutuhan Ibu & Anak,Perlengkapan Mandi & Perawatan Anak,My Baby Minyak Telon Plus Eucalyptus Perlindungan Lebih Lama 150 ml,35.500
1398,Kebutuhan Ibu & Anak,Perlengkapan Mandi & Perawatan Anak,My Baby Sampo & Sabun Mandi Bayi Nourish & Smooth Botol 200 ml,13.500
1399,Kebutuhan Ibu & Anak,Perlengkapan Mandi & Perawatan Anak,Momami Serum Rambut Bayi & Anak Sweet 100 ml,49.900
1400,Kebutuhan Ibu & Anak,Perlengkapan Mandi & Perawatan Anak,Master Kids Batman Cologne Anak Spray 80 + 20 ml,11.900
1401,Kebutuhan Ibu & Anak,Perlengkapan Mandi & Perawatan Anak,Master Kids Spider-Man Cologne Anak Spray 80 + 20 ml,11.900
1402,Kebutuhan Ibu & Anak,Perlengkapan Mandi & Perawatan Anak,Master Kids Ben10 Cologne Anak Spray 80 + 20 ml,11.900
1403,Kebutuhan Ibu & Anak,Perlengkapan Mandi & Perawatan Anak,Master Kids Sampo & Kondisioner Anak Spider-Man 120 + 30 ml,12.900
1404,Kebutuhan Ibu & Anak,Perlengkapan Mandi & Perawatan Anak,Tropee Bebe Sampo Kemiri Penyubur Rambut Bayi & Anak Pump 100 ml,69.900
1405,Kebutuhan Ibu & Anak,Perlengkapan Mandi & Perawatan Anak,Kodomo Pasta Gigi Anak Stroberi 80 g,8.500
1406,Kebutuhan Ibu & Anak,Perlengkapan Mandi & Perawatan Anak,Cussons Baby Newborn Krim Tubuh & Wajah Bayi 50 g,21.000
1407,Kebutuhan Ibu & Anak,Perlengkapan Mandi & Perawatan Anak,Baby Huki Minyak Telon 125 ml,37.900
1408,Kebutuhan Ibu & Anak,Perlengkapan Mandi & Perawatan Anak,Jordan Step 1 Sikat Gigi Bayi / Anak 0 - 2 Tahun Ekstra Soft Twinpack Assorted,39.900
1409,Kebutuhan Ibu & Anak,Perlengkapan Mandi & Perawatan Anak,Jordan Step 1 Pasta Gigi Bayi / Anak 0 - 5 Tahun Lychee 75 g,35.000
1410,Kebutuhan Ibu & Anak,Perlengkapan Mandi & Perawatan Anak,Gently Baby Calming Krim Bayi 50 g,74.900
1411,Kebutuhan Ibu & Anak,Perlengkapan Mandi & Perawatan Anak,Gently Baby Sabun Mandi & Sampo Bayi Ultra Soft Tanpa SLS Pump 250 ml,50.900
1412,Kebutuhan Ibu & Anak,Perlengkapan Mandi & Perawatan Anak,Kodomo Baby Sabun Mandi & Sampo Bayi Anti Bakteri Pump 400 ml,24.900
1413,Kebutuhan Ibu & Anak,Perlengkapan Mandi & Perawatan Anak,Zwitsal Sabun Mandi & Sampo Bayi Aloe Vera Botol 200 ml,19.100
1414,Kebutuhan Ibu & Anak,Perlengkapan Mandi & Perawatan Anak,Zwitsal Sabun Mandi & Sampo Bayi Anti Bakteri Botol 200 ml,19.100
1415,Kebutuhan Ibu & Anak,Perlengkapan Mandi & Perawatan Anak,Yunikon Tisu Basah Bayi Antibakteri Dreamy Clouds 40 s - Beli 1 Gratis 1,10.900
1416,Kebutuhan Ibu & Anak,Perlengkapan Mandi & Perawatan Anak,Cussons Baby Minyak Telon Plus 150 ml,29.500
1417,Kebutuhan Ibu & Anak,Perlengkapan Mandi & Perawatan Anak,Cussons Baby Minyak Telon Plus 60 ml,13.900
1418,Kebutuhan Ibu & Anak,Perlengkapan Mandi & Perawatan Anak,Oral-B Stages 2 Sikat Gigi Anak 2 - 4 Tahun,9.900
1419,Kebutuhan Ibu & Anak,Perlengkapan Mandi & Perawatan Anak,Zwitsal Sabun Mandi & Sampo Bayi Aloe Vera Pump 300 ml,30.500
1420,Kebutuhan Ibu & Anak,Perlengkapan Mandi & Perawatan Anak,Johnson's Baby Milk + Rice Lotion Bayi 100 ml,21.900
1421,Kebutuhan Ibu & Anak,Perlengkapan Mandi & Perawatan Anak,Colgate Kids Minions Sikat Gigi Anak Ultra Soft Usia 5-9 Tahun,13.400
1422,Kebutuhan Ibu & Anak,Perlengkapan Mandi & Perawatan Anak,My Baby Calm & Relax Sampo & Sabun Mandi Bayi Lavender & Chamomile 375 ml,20.900
1423,Kebutuhan Ibu & Anak,Perlengkapan Mandi & Perawatan Anak,Cussons Baby Nourish & Care Krim Tubuh & Wajah Bayi 50 g,15.500
1424,Kebutuhan Ibu & Anak,Perlengkapan Mandi & Perawatan Anak,Zwitsal Sabun Mandi & Sampo Bayi Anti Bakteri Pump 300 ml,30.500
1425,Kebutuhan Ibu & Anak,Perlengkapan Mandi & Perawatan Anak,Yunikon Tisu Basah Bayi Tangan & Mulut Peach Blossom 40 s - Beli 1 Gratis 1,11.500
1426,Kebutuhan Ibu & Anak,Perlengkapan Mandi & Perawatan Anak,My Baby Kids Sampo & Sabun Mandi Nourish & Moisturizing Doraemon 280 ml,19.500
1427,Kebutuhan Ibu & Anak,Perlengkapan Mandi & Perawatan Anak,Johnson's Active Kids Sampo Anak Shiny Drops Botol 100 ml,18.300
1428,Kebutuhan Ibu & Anak,Perlengkapan Mandi & Perawatan Anak,Kodomo Baby Sabun & Sampo Bayi Aloe Vera & Calendula Pouch 450 ml,19.900
1429,Kebutuhan Ibu & Anak,Perlengkapan Mandi & Perawatan Anak,Kodomo Kids 2 in 1 Sabun + Sampo Mandi Anak Tropical Fruits 300 ml,21.900
1430,Kebutuhan Ibu & Anak,Perlengkapan Mandi & Perawatan Anak,Zwitsal Sabun Mandi Batang Bayi Aloe Vera Refill 70 g,4.200
1431,Kebutuhan Ibu & Anak,Perlengkapan Mandi & Perawatan Anak,Bebio Minyak Telon Plus Ceramide Bayi 60 ml,14.900
1432,Kebutuhan Ibu & Anak,Perlengkapan Mandi & Perawatan Anak,Momami Tisu Basah Bayi Melon 30 s,20.900
1433,Kebutuhan Ibu & Anak,Perlengkapan Mandi & Perawatan Anak,Momami Tisu Basah Bayi Anti Bakteri Baby Fresh 30 s,14.900
1434,Kebutuhan Ibu & Anak,Perlengkapan Mandi & Perawatan Anak,Loluna Sabun Mandi & Sampo Bayi Tube 100 ml,21.900
1435,Kebutuhan Ibu & Anak,Perlengkapan Mandi & Perawatan Anak,Loluna Sabun Mandi & Sampo Bayi Pump 300 ml,44.900
1436,Kebutuhan Ibu & Anak,Perlengkapan Mandi & Perawatan Anak,Loluna Lotion Tubuh & Wajah Bayi 80 ml,31.900
1437,Kebutuhan Ibu & Anak,Perlengkapan Mandi & Perawatan Anak,Loluna Lotion Rambut Bayi 100 ml,31.900
1438,Kebutuhan Ibu & Anak,Perlengkapan Mandi & Perawatan Anak,Pure Kids Deodoran Anak Sporty Grapefruit 50 ml,37.900
1439,Kebutuhan Ibu & Anak,Perlengkapan Mandi & Perawatan Anak,Pure Kids Deodoran Anak Happy Melon 50 ml,37.900
1440,Kebutuhan Ibu & Anak,Perlengkapan Mandi & Perawatan Anak,Zwitsal Lotion Bayi Citronella & Chamomile Tube 100 ml,19.900
1441,Kebutuhan Ibu & Anak,Perlengkapan Mandi & Perawatan Anak,Zwitsal Sabun Mandi & Sampo Bayi Milky Honey Refill 400 ml,25.700
1442,Kebutuhan Ibu & Anak,Perlengkapan Mandi & Perawatan Anak,Zwitsal Paket Perawatan Bayi Essential Box 6 pcs,94.900
1443,Kebutuhan Ibu & Anak,Perlengkapan Mandi & Perawatan Anak,Zwitsal Cologne Bayi Soft Touch Aloe Vera Botol 100 ml,19.900
1444,Kebutuhan Ibu & Anak,Perlengkapan Mandi & Perawatan Anak,Pigeon Teens Deodoran Serum Anak Lightening 30 ml,29.900
1445,Kebutuhan Ibu & Anak,Perlengkapan Mandi & Perawatan Anak,Caladine Baby Bedak Cair Bayi untuk Gatal & Iritasi 100 g,44.900
1446,Kebutuhan Ibu & Anak,Perlengkapan Mandi & Perawatan Anak,Expert Care Krim Telon Bayi Calming Rub Anti Perut Kembung 50 g,91.700
1447,Kebutuhan Ibu & Anak,Perlengkapan Mandi & Perawatan Anak,Expert Care Calming Rub Krim Bayi Anti Perut Kembung Lavender 50 g,91.700
1448,Kebutuhan Ibu & Anak,Perlengkapan Mandi & Perawatan Anak,Colgate Kids Barbie Pasta Gigi Anak Stroberi Mint 40 g,9.200
1449,Kebutuhan Ibu & Anak,Perlengkapan Mandi & Perawatan Anak,Loluna Lotion Tubuh & Wajah Bayi 200 ml,67.900
1450,Kebutuhan Ibu & Anak,Perlengkapan Mandi & Perawatan Anak,Tropee Bebe Lotion Rambut Anak Fresh Spray 100 ml,49.900
1451,Kebutuhan Ibu & Anak,Perlengkapan Mandi & Perawatan Anak,Tropee Bebe Minyak Telon Bayi Aromatik + Minyak Zaitun Lavender 100 ml,42.900
1452,Kebutuhan Ibu & Anak,Perlengkapan Mandi & Perawatan Anak,Tropee Bebe Minyak Telon Bayi Aromatik + Minyak Zaitun Lavender Roll On 30 ml,37.000
1453,Kebutuhan Ibu & Anak,Perlengkapan Mandi & Perawatan Anak,Baby-Dee Sabun Mandi & Sampo Bayi Natural Honey & Chamomile 600 ml,37.900
1454,Kebutuhan Ibu & Anak,Perlengkapan Mandi & Perawatan Anak,Baby-Dee Sabun Mandi & Sampo Bayi Natural Milk & Lavender 600 ml,37.900
1455,Kebutuhan Ibu & Anak,Perlengkapan Mandi & Perawatan Anak,Yunikon Sabun Mandi & Sampo Bayi Soft Scent Refill 400 ml,18.500
1456,Kebutuhan Ibu & Anak,Perlengkapan Mandi & Perawatan Anak,Yunikon Tisu Basah Bayi Ganti Popok 50 s - Beli 1 Gratis 1,10.900
1457,Kebutuhan Ibu & Anak,Perlengkapan Mandi & Perawatan Anak,Yunikon Tisu Basah Bayi Tangan & Mulut 50 s - Beli 1 Gratis 1,10.900
1458,Kebutuhan Ibu & Anak,Perlengkapan Mandi & Perawatan Anak,Yunikon Tisu Basah Bayi Tanpa Pewangi 50 s - Beli 1 Gratis 1,10.900
1459,Kebutuhan Ibu & Anak,Perlengkapan Mandi & Perawatan Anak,Loluna Baby Calming Krim Penghangat & Pereda Kolik Bayi 40 ml,41.900
1460,Kebutuhan Ibu & Anak,Perlengkapan Mandi & Perawatan Anak,My Baby Sampo & Sabun Mandi Bayi Healthy & Protect Refill 375 ml,18.500
1461,Kebutuhan Ibu & Anak,Perlengkapan Mandi & Perawatan Anak,My Baby Kids Minyak Kayu Putih Plus 12 Jam 150 ml,36.900
1462,Kebutuhan Ibu & Anak,Perlengkapan Mandi & Perawatan Anak,My Baby Kids Sampo & Sabun Mandi Soft & Smooth Doraemon 280 ml,18.900
1463,Kebutuhan Ibu & Anak,Perlengkapan Mandi & Perawatan Anak,My Baby Kids Sampo & Sabun Mandi Healthy & Fresh Doraemon 280 ml,18.900
1464,Kebutuhan Ibu & Anak,Perlengkapan Mandi & Perawatan Anak,Kodomo Sabun Mandi Anak Foam Jeruk 250 ml,14.900
1465,Kebutuhan Ibu & Anak,Perlengkapan Mandi & Perawatan Anak,Kodomo Sampo Anak Foam Strawberry 250 ml,14.900
1466,Kebutuhan Ibu & Anak,Perlengkapan Mandi & Perawatan Anak,Nubiko Krim Bayi Bekas Luka 50 g,84.900
1467,Kebutuhan Ibu & Anak,Perlengkapan Mandi & Perawatan Anak,Nubiko Essential Soothe Moisturizer Wajah Bayi 14.5 g,64.900
1468,Kebutuhan Ibu & Anak,Perlengkapan Mandi & Perawatan Anak,Gently Baby Hydra Soft Lotion Bayi 50 g,24.900
1469,Kebutuhan Ibu & Anak,Perlengkapan Mandi & Perawatan Anak,Gently Baby Cologne Bayi Soft Powdery 100 ml,30.900
1470,Kebutuhan Ibu & Anak,Perlengkapan Mandi & Perawatan Anak,Motherlove 3 in 1 Lotion Rambut Bayi Cotton Clouds 100 ml,64.900
1471,Kebutuhan Ibu & Anak,Perlengkapan Mandi & Perawatan Anak,Motherlove 3 in 1 Lotion Rambut Bayi Gentle Petals 100 ml,64.900
1472,Kebutuhan Ibu & Anak,Perlengkapan Mandi & Perawatan Anak,Kodomo Tisu Basah Bayi Tangan & Mulut Oat & Pure Water 2 x 50 s,12.500
1473,Kebutuhan Ibu & Anak,Perlengkapan Mandi & Perawatan Anak,Kodomo Kids 2 in 1 Sabun Mandi + Sampo Anak Pink Bello Berries 300 ml,21.900
1474,Kebutuhan Ibu & Anak,Perlengkapan Mandi & Perawatan Anak,My Baby Kids Cologne Tubuh & Rambut Anak Lively Fun 100 ml,11.900
1475,Kebutuhan Ibu & Anak,Perlengkapan Mandi & Perawatan Anak,My Baby Lotion Telon Plus Eucalyptus 50 g,14.900
1476,Kebutuhan Ibu & Anak,Perlengkapan Mandi & Perawatan Anak,Cussons Baby Sabun Mandi Bayi Soft & Smooth 375 ml,19.900
1477,Kebutuhan Ibu & Anak,Perlengkapan Mandi & Perawatan Anak,My Baby Krim Tubuh & Wajah Bayi Calm & Relax 50 g,13.400
1478,Kebutuhan Ibu & Anak,Perlengkapan Mandi & Perawatan Anak,Zwitsal Natural Sampo Bayi Aloe Vera Botol 100 ml,18.900
1479,Kebutuhan Ibu & Anak,Perlengkapan Mandi & Perawatan Anak,"Zwitsal Natural Lotion Rambut Bayi Aloe Vera, Kemiri & Seledri 100 ml",23.800
1480,Kebutuhan Ibu & Anak,Perlengkapan Mandi & Perawatan Anak,Alfamart Cotton Buds Bayi Refill 100 pcs,8.200
1481,Kebutuhan Ibu & Anak,Perlengkapan Mandi & Perawatan Anak,Alfamart Cotton Buds Bayi Botol 100 pcs,12.500
1482,Kebutuhan Ibu & Anak,Perlengkapan Mandi & Perawatan Anak,Kodomo Kids Sampo & Kondisioner Anak Strawberry Botol 100 ml,6.900
1483,Kebutuhan Ibu & Anak,Perlengkapan Mandi & Perawatan Anak,Tropee Bebe Sabun Mandi Bayi & Anak Chamomile Pump 250 ml,54.900
1484,Kebutuhan Ibu & Anak,Perlengkapan Mandi & Perawatan Anak,Tropee Bebe Sabun Mandi Bayi & Anak Almond Pump 250 ml,54.900
1485,Kebutuhan Ibu & Anak,Perlengkapan Mandi & Perawatan Anak,Zwitsal Sabun Mandi & Sampo Bayi Anti Bakteri 600 ml,42.900
1486,Kebutuhan Ibu & Anak,Perlengkapan Mandi & Perawatan Anak,Zwitsal Sabun Mandi & Sampo Bayi Milky Honey 600 ml,42.900
1487,Kebutuhan Ibu & Anak,Perlengkapan Mandi & Perawatan Anak,Gently Baby Physical Serum Sunscreen Bayi SPF 50 30 g,56.900
1488,Kebutuhan Ibu & Anak,Perlengkapan Mandi & Perawatan Anak,Gently Essential Pasta Gigi Anak Strawberry 50 g,27.900
1489,Kebutuhan Ibu & Anak,Perlengkapan Mandi & Perawatan Anak,Nubiko Lotion Rambut Bayi Argan & Candlenut Oil 100 ml,40.900
1490,Kebutuhan Ibu & Anak,Perlengkapan Mandi & Perawatan Anak,Yunikon Sabun Mandi & Sampo Bayi Fresh Scent Refill 400 ml,18.500
1491,Kebutuhan Ibu & Anak,Perlengkapan Mandi & Perawatan Anak,Yunikon Sabun Mandi & Sampo Bayi Cute Scent Refill 400 ml,18.500
1492,Kebutuhan Ibu & Anak,Perlengkapan Mandi & Perawatan Anak,Gently Baby Cologne Bayi Sweet Drops 100 ml,25.500
1493,Kebutuhan Ibu & Anak,Perlengkapan Mandi & Perawatan Anak,Gently Baby Lotion Rambut Bayi Smooth Keratin 100 ml,38.900
1494,Kebutuhan Ibu & Anak,Perlengkapan Mandi & Perawatan Anak,Eskulin Kids Sunscreen Wajah & Tubuh Bayi Stitch SPF 50 45 g,59.900
1495,Kebutuhan Ibu & Anak,Perlengkapan Mandi & Perawatan Anak,Gently Baby Balm Bayi Serbaguna 12 g,39.900
1496,Kebutuhan Ibu & Anak,Perlengkapan Mandi & Perawatan Anak,Gently Baby Krim Wajah Bayi Advanced 5 in 1 30 g,59.900
1497,Kebutuhan Ibu & Anak,Perlengkapan Mandi & Perawatan Anak,Sakumini Tisu Basah Bayi Mini 6 x 7 s,21.900
1498,Kebutuhan Ibu & Anak,Perlengkapan Mandi & Perawatan Anak,Johnson's Paket Perawatan Bayi Box 6 pcs,107.900
1499,Kebutuhan Ibu & Anak,Perlengkapan Mandi & Perawatan Anak,Pigeon Paket Perawatan Bayi Box 7 pcs,162.900
1500,Kebutuhan Ibu & Anak,Perlengkapan Mandi & Perawatan Anak,Johnson's Paket Perawatan Bayi Essential Box 4 pcs,59.900
1501,Kebutuhan Ibu & Anak,Susu Ibu Hamil & Menyusui,Prenagen Mommy Susu Masa Kehamilan Lovely Stroberi 180 g,47.400
1502,Kebutuhan Ibu & Anak,Susu Ibu Hamil & Menyusui,Prenagen Emesis Susu Hamil Velvety Cokelat 360 g,86.300
1503,Kebutuhan Ibu & Anak,Susu Ibu Hamil & Menyusui,Prenagen Mommy Susu Masa Kehamilan Cokelat Velvety 180 g,46.800
1504,Kebutuhan Ibu & Anak,Susu Ibu Hamil & Menyusui,Prenagen Emesis Susu Hamil Velvety Cokelat 180 g,48.300
1505,Kebutuhan Ibu & Anak,Susu Ibu Hamil & Menyusui,Prenagen Mommy Susu Masa Kehamilan Cokelat Velvety 360 g,86.300
1506,Kebutuhan Ibu & Anak,Susu Ibu Hamil & Menyusui,Anmum Materna Susu Bubuk Ibu Hamil Cokelat 400 g,76.500
1507,Kebutuhan Ibu & Anak,Susu Ibu Hamil & Menyusui,Prenagen Susu UHT Cair Cokelat Velvety 185 ml,9.900
1508,Kebutuhan Ibu & Anak,Susu Ibu Hamil & Menyusui,Prenagen Susu UHT Cair Berry Love 185 ml,8.900
1509,Kebutuhan Ibu & Anak,Susu Ibu Hamil & Menyusui,Prenagen Susu UHT Cair Almond Soya 185 ml,8.900
1510,Kebutuhan Ibu & Anak,Susu Ibu Hamil & Menyusui,Prenagen Lactamom Susu Masa Menyusui Velvety Cokelat 180 g,44.900
1511,Kebutuhan Ibu & Anak,Susu Ibu Hamil & Menyusui,Prenagen Mommy Susu Masa Kehamilan Lovely Stroberi 360 g,84.900
1512,Kebutuhan Ibu & Anak,Popok Bayi & Anak,Miu Baby Popok Celana Bayi Premium Soft L-26,65.400
1513,Kebutuhan Ibu & Anak,Popok Bayi & Anak,Merries Good Skin Popok Celana Bayi XXL 18 pcs,68.200
1514,Kebutuhan Ibu & Anak,Popok Bayi & Anak,MamyPoko X-tra Kering Popok Celana Bayi M 8 pcs,18.100
1515,Kebutuhan Ibu & Anak,Popok Bayi & Anak,MamyPoko X-tra Kering Popok Celana Bayi L 7 pcs,18.100
1516,Kebutuhan Ibu & Anak,Popok Bayi & Anak,MamyPoko X-tra Kering Popok Celana Bayi XL 6 pcs,18.100
1517,Kebutuhan Ibu & Anak,Popok Bayi & Anak,MamyPoko X-Tra Kering Popok Celana Bayi XXL 5 pcs,18.100
1518,Kebutuhan Ibu & Anak,Popok Bayi & Anak,Sweety Max Protection Popok Celana Bayi L 28 pcs,53.900
1519,Kebutuhan Ibu & Anak,Popok Bayi & Anak,Sweety Bronze Dry X-Pert Popok Celana Bayi L 28 pcs,48.900
1520,Kebutuhan Ibu & Anak,Popok Bayi & Anak,Sweety Bronze Dry X-Pert Popok Celana Bayi M 32 pcs,48.900
1521,Kebutuhan Ibu & Anak,Popok Bayi & Anak,Sweety Max Protection Popok Celana Bayi M 32 pcs,53.900
1522,Kebutuhan Ibu & Anak,Popok Bayi & Anak,Happy Nappy Smart Pants Popok Celana Bayi M 32 pcs,42.900
1523,Kebutuhan Ibu & Anak,Popok Bayi & Anak,Happy Nappy Smart Pants Popok Celana Bayi L 28 pcs,42.900
1524,Kebutuhan Ibu & Anak,Popok Bayi & Anak,Sweety Bronze Dry X-Pert Popok Celana Bayi S 38 pcs,48.900
1525,Kebutuhan Ibu & Anak,Popok Bayi & Anak,Sweety Bronze Dry X-Pert Popok Celana Bayi XL 24 pcs,48.900
1526,Kebutuhan Ibu & Anak,Popok Bayi & Anak,Happy Nappy Smart Pants Popok Celana Bayi XL 24 + 2 pcs,42.900
1527,Kebutuhan Ibu & Anak,Popok Bayi & Anak,Sweety Max Protection Popok Celana Bayi S 38 pcs,53.900
1528,Kebutuhan Ibu & Anak,Popok Bayi & Anak,Sweety Bronze Dry X-Pert Popok Perekat Bayi NB-S 44 pcs,52.900
1529,Kebutuhan Ibu & Anak,Popok Bayi & Anak,Sweety Max Protection Popok Celana Bayi XL 24 pcs,53.900
1530,Kebutuhan Ibu & Anak,Popok Bayi & Anak,Sweety Bronze Dry X-Pert Popok Celana Bayi XXL 20 + 3 pcs,48.900
1531,Kebutuhan Ibu & Anak,Popok Bayi & Anak,Sweety Silver Cloud Soft Popok Perekat Bayi NB-S 40 pcs,54.900
1532,Kebutuhan Ibu & Anak,Popok Bayi & Anak,Makuku SAP Comfort Fit Popok Celana Bayi M 28 pcs,49.900
1533,Kebutuhan Ibu & Anak,Popok Bayi & Anak,Makuku SAP Comfort Fit Popok Celana Bayi L 26 pcs,49.900
1534,Kebutuhan Ibu & Anak,Popok Bayi & Anak,Makuku SAP Comfort Fit Popok Celana Bayi XL 24 pcs,57.900
1535,Kebutuhan Ibu & Anak,Popok Bayi & Anak,Pokana SAP Mosafe Popok Celana Bayi M 26 pcs,44.900
1536,Kebutuhan Ibu & Anak,Popok Bayi & Anak,Pokana SAP Mosafe Popok Celana Bayi L 24 pcs,44.900
1537,Kebutuhan Ibu & Anak,Popok Bayi & Anak,Makuku Dry Care Popok Celana Bayi L 28 + 6 pcs,52.500
1538,Kebutuhan Ibu & Anak,Popok Bayi & Anak,Makuku Dry Care Popok Celana Bayi XL 24 + 4 pcs,57.900
1539,Kebutuhan Ibu & Anak,Popok Bayi & Anak,MamyPoko X-tra Kering Popok Celana Bayi M 32 pcs,56.400
1540,Kebutuhan Ibu & Anak,Popok Bayi & Anak,MamyPoko X-tra Kering Popok Celana Bayi S 22 pcs,31.100
1541,Kebutuhan Ibu & Anak,Popok Bayi & Anak,MamyPoko X-tra Kering Popok Perekat Bayi S 24 pcs,34.900
1542,Kebutuhan Ibu & Anak,Popok Bayi & Anak,MamyPoko X-tra Kering Popok Celana Bayi XXL 18 pcs,54.900
1543,Kebutuhan Ibu & Anak,Popok Bayi & Anak,MamyPoko X-tra Kering Popok Celana Bayi XL 26 pcs,57.900
1544,Kebutuhan Ibu & Anak,Popok Bayi & Anak,Sweety Max Protection Popok Celana Bayi XXL 18 + 4 pcs,50.900
1545,Kebutuhan Ibu & Anak,Popok Bayi & Anak,Merries Good Skin Popok Celana Bayi M 32 pcs,57.900
1546,Kebutuhan Ibu & Anak,Popok Bayi & Anak,Merries Good Skin Popok Celana Bayi L 28 pcs,57.900
1547,Kebutuhan Ibu & Anak,Popok Bayi & Anak,MamyPoko X-tra Kering Popok Celana Bayi S 38 pcs,56.400
1548,Kebutuhan Ibu & Anak,Popok Bayi & Anak,MamyPoko Popok Celana Bayi Tidak Gembung M 30 pcs,45.900
1549,Kebutuhan Ibu & Anak,Popok Bayi & Anak,MamyPoko Popok Celana Bayi Tidak Gembung L 28 pcs,45.900
1550,Kebutuhan Ibu & Anak,Popok Bayi & Anak,Makuku SAP Comfort Fit Popok Celana Bayi XXL 22 pcs,
1551,Kebutuhan Ibu & Anak,Popok Bayi & Anak,Sweety Silver Boys Popok Celana Bayi XL 3 x 26 pcs,
1552,Kebutuhan Ibu & Anak,Popok Bayi & Anak,Merries Good Skin Popok Celana Bayi XL 16 pcs,
1553,Kebutuhan Ibu & Anak,Popok Bayi & Anak,Merries Good Skin Popok Celana Bayi L 20 pcs,
1554,Kebutuhan Ibu & Anak,Popok Bayi & Anak,Miu Baby Popok Celana Bayi Premium Soft M-28,
1555,Kebutuhan Ibu & Anak,Popok Bayi & Anak,Fluffy Pants Popok Celana Bayi L 26 pcs,
1556,Kebutuhan Ibu & Anak,Popok Bayi & Anak,Fluffy Pants Popok Celana Bayi M 30 pcs,
1557,Kebutuhan Ibu & Anak,Popok Bayi & Anak,Sweety Silver Cloud Soft Popok Perekat Bayi NB-S 20 pcs,
1558,Kebutuhan Ibu & Anak,Popok Bayi & Anak,Pokana SAP Mosafe Popok Celana Bayi XL 22 pcs,
1559,Kebutuhan Ibu & Anak,Popok Bayi & Anak,Sweety Bronze Dry X-Pert Popok Perekat Bayi M 40 pcs,
1560,Kebutuhan Ibu & Anak,Popok Bayi & Anak,Sweety Bronze Dry X-Pert Popok Celana Bayi M 44 pcs,
1561,Kebutuhan Ibu & Anak,Popok Bayi & Anak,Sweety Bronze Dry X-Pert Popok Celana Bayi L-38,
1562,Kebutuhan Ibu & Anak,Popok Bayi & Anak,MamyPoko Royal Soft Organic Cotton Popok Celana Bayi Boys L 28 pcs,
1563,Kebutuhan Ibu & Anak,Popok Bayi & Anak,MamyPoko Royal Soft Organic Cotton Popok Celana Bayi Boys XL 24 pcs,
1564,Kebutuhan Ibu & Anak,Popok Bayi & Anak,Baby Happy Body Fit Pants Popok Celana Bayi L 20 pcs,
1565,Kebutuhan Ibu & Anak,Popok Bayi & Anak,MamyPoko Royal Soft Organic Cotton Popok Celana Bayi M 34 pcs,
1566,Kebutuhan Ibu & Anak,Popok Bayi & Anak,Makuku SAP Slim Popok Celana Bayi Jumbo Pack M 52 pcs,162.900
1567,Kebutuhan Ibu & Anak,Popok Bayi & Anak,Makuku SAP Slim Popok Celana Bayi Jumbo Pack L 50 pcs,162.900
1568,Kebutuhan Ibu & Anak,Popok Bayi & Anak,Makuku SAP Slim Popok Celana Bayi Jumbo Pack XL 48 pcs,162.900
1569,Kebutuhan Ibu & Anak,Popok Bayi & Anak,Makuku SAP Comfort Fit Popok Perekat Bayi S 30 pcs,49.000
1570,Kebutuhan Ibu & Anak,Popok Bayi & Anak,Makuku SAP Slim Popok Celana Bayi M 32 pcs,102.900
1571,Kebutuhan Ibu & Anak,Popok Bayi & Anak,Makuku SAP Slim Popok Celana Bayi XXL 28 pcs,114.000
1572,Kebutuhan Ibu & Anak,Popok Bayi & Anak,MamyPoko Popok Celana Bayi Tidak Gembung XL 23 pcs,45.900
1573,Kebutuhan Ibu & Anak,Popok Bayi & Anak,Merries Good Skin Popok Celana Bayi XL 26 pcs,57.900
1574,Kebutuhan Ibu & Anak,Popok Bayi & Anak,Fitti Pants Popok Celana Bayi M 32 pcs,47.500
1575,Kebutuhan Ibu & Anak,Popok Bayi & Anak,Fitti Pants Popok Celana Bayi L 28 pcs,47.500
1576,Kebutuhan Ibu & Anak,Popok Bayi & Anak,MamyPoko X-tra Kering Popok Perekat Bayi Newborn S 44 pcs,53.900
1577,Kebutuhan Ibu & Anak,Popok Bayi & Anak,MamyPoko X-tra Kering Popok Celana Bayi L 42 pcs,79.900
1578,Kebutuhan Ibu & Anak,Popok Bayi & Anak,Baby Happy Body Fit Pants Popok Celana Bayi M 32 pcs,47.900
1579,Kebutuhan Ibu & Anak,Popok Bayi & Anak,Baby Happy Body Fit Pants Popok Celana Bayi L 28 pcs,47.900
1580,Kebutuhan Ibu & Anak,Popok Bayi & Anak,Merries Good Skin Popok Celana Bayi NB-S 40 pcs,57.900
1581,Kebutuhan Ibu & Anak,Popok Bayi & Anak,MamyPoko X-tra Kering Popok Celana Bayi M 20 pcs,39.900
1582,Kebutuhan Ibu & Anak,Popok Bayi & Anak,MamyPoko X-tra Kering Popok Celana Bayi L 20 pcs,42.900
1583,Kebutuhan Ibu & Anak,Popok Bayi & Anak,MamyPoko X-tra Kering Popok Celana Bayi M 48 pcs,79.900
1584,Kebutuhan Ibu & Anak,Popok Bayi & Anak,MamyPoko X-tra Kering Popok Celana Bayi XXL 24 pcs,60.900
1585,Kebutuhan Ibu & Anak,Popok Bayi & Anak,Baby Happy Body Fit Pants Popok Celana Bayi XXL 24 pcs,49.900
1586,Kebutuhan Ibu & Anak,Popok Bayi & Anak,Fitti Pants Popok Celana Bayi XL 26 pcs,
1587,Kebutuhan Ibu & Anak,Popok Bayi & Anak,MamyPoko X-tra Kering Popok Celana Bayi XL 38 pcs,
1588,Kebutuhan Ibu & Anak,Popok Bayi & Anak,MamyPoko X-tra Kering Popok Celana Bayi XL 20 pcs,
1589,Kebutuhan Ibu & Anak,Popok Bayi & Anak,MamyPoko Skin Comfort Popok Celana Bayi M 32+2 pcs,
1590,Kebutuhan Ibu & Anak,Popok Bayi & Anak,MamyPoko Skin Comfort Popok Celana Bayi L 28 pcs,
1591,Kebutuhan Ibu & Anak,Popok Bayi & Anak,MamyPoko Skin Comfort Popok Celana Bayi XL 24 pcs,
1592,Kebutuhan Ibu & Anak,Popok Bayi & Anak,Fitti Pants Popok Celana Bayi XXL 24 pcs,
1593,Kebutuhan Ibu & Anak,Popok Bayi & Anak,Miu Baby Popok Celana Bayi Premium Soft XL-24,
1594,Kebutuhan Ibu & Anak,Popok Bayi & Anak,Merries Good Skin Popok Celana Bayi XXL 28 pcs,82.900
1595,Kebutuhan Ibu & Anak,Popok Bayi & Anak,MamyPoko Royal Soft Organic Cotton Popok Celana Bayi Boys L 52 pcs,137.000
1596,Kebutuhan Ibu & Anak,Popok Bayi & Anak,MamyPoko Royal Soft Organic Cotton Popok Celana Bayi Boys XL 46 pcs,137.000
1597,Kebutuhan Ibu & Anak,Popok Bayi & Anak,MamyPoko Royal Soft Organic Cotton Popok Celana Bayi Boys XXL 38 pcs,170.000
1598,Kebutuhan Ibu & Anak,Popok Bayi & Anak,MamyPoko Royal Soft Organic Cotton Popok Perekat Bayi Newborn 52 pcs,92.000
1599,Kebutuhan Ibu & Anak,Popok Bayi & Anak,MamyPoko Royal Soft Organic Cotton Popok Perekat S 50 pcs,92.000
1600,Kebutuhan Ibu & Anak,Popok Bayi & Anak,MamyPoko Royal Soft Organic Cotton Popok Celana Bayi Girls XXL 38 pcs,170.000
1601,Kebutuhan Ibu & Anak,Popok Bayi & Anak,MamyPoko Junior Night Popok Celana Bayi Boys XXXL 24 pcs,149.000
1602,Kebutuhan Ibu & Anak,Popok Bayi & Anak,MamyPoko Junior Night Popok Celana Bayi Girls XXXL 24 pcs,149.000
1603,Kebutuhan Ibu & Anak,Popok Bayi & Anak,MamyPoko Royal Soft Organic Cotton Popok Celana Bayi Girls XL 46 pcs,137.000
1604,Kebutuhan Ibu & Anak,Popok Bayi & Anak,MamyPoko Royal Soft Organic Cotton Popok Celana Bayi Girls M 64 pcs,137.000
1605,Kebutuhan Ibu & Anak,Popok Bayi & Anak,MamyPoko Royal Soft Organic Cotton Popok Celana Bayi Girls L 52 pcs,137.000
1606,Kebutuhan Ibu & Anak,Popok Bayi & Anak,MamyPoko Royal Soft Organic Cotton Popok Celana Bayi S 70 pcs,137.000
1607,Kebutuhan Ibu & Anak,Popok Bayi & Anak,MamyPoko Royal Soft Organic Cotton Popok Celana Bayi Boys M 64 pcs,137.000
1608,Kebutuhan Ibu & Anak,Popok Bayi & Anak,Baby Happy Body Fit Pants Popok Celana Bayi XL 26 pcs,48.900
1609,Kebutuhan Ibu & Anak,Popok Bayi & Anak,MamyPoko Skin Comfort Popok Celana Bayi S 38 pcs,59.000
1610,Kebutuhan Ibu & Anak,Popok Bayi & Anak,MamyPoko Skin Comfort Popok Celana Bayi XXL 22 pcs,59.000
1611,Kebutuhan Ibu & Anak,Popok Bayi & Anak,Merries Skin Protection Popok Celana Bayi M 50 pcs,112.000
1612,Kebutuhan Ibu & Anak,Popok Bayi & Anak,Merries Skin Protection Popok Celana Bayi L 44 pcs,112.000
1613,Kebutuhan Ibu & Anak,Popok Bayi & Anak,Merries Skin Protection Popok Celana Bayi XL 42 pcs,124.900
1614,Kebutuhan Ibu & Anak,Popok Bayi & Anak,Sweety Gold Junior Popok Celana Anak XXXL 20 pcs,105.000
1615,Kebutuhan Ibu & Anak,Popok Bayi & Anak,Sweety Silver Cloud Soft Popok Celana Bayi M 3 x 32 pcs - Karton,137.500
1616,Kebutuhan Ibu & Anak,Popok Bayi & Anak,Sweety Silver Cloud Soft Popok Celana Bayi L 3 x 28 pcs - Karton,137.500
1617,Kebutuhan Ibu & Anak,Popok Bayi & Anak,Sweety Silver Cloud Soft Popok Celana Bayi XL 3 x 24 pcs - Karton,139.000
1618,Kebutuhan Ibu & Anak,Popok Bayi & Anak,Sweety Silver Cloud Soft Popok Celana Bayi XXL 3 x 22 pcs - Karton,149.000
1619,Kebutuhan Ibu & Anak,Popok Bayi & Anak,Sweety Bronze Dry X-Pert Popok Celana Bayi XL 38 pcs,75.000
1620,Kebutuhan Ibu & Anak,Popok Bayi & Anak,Sweety Gold Popok Celana Bayi L 3 x 28 pcs - Karton,270.000
1621,Kebutuhan Ibu & Anak,Popok Bayi & Anak,Sweety Gold Popok Celana Bayi M 3 x 34 pcs - Karton,270.000
1622,Kebutuhan Ibu & Anak,Popok Bayi & Anak,Sweety Gold Popok Celana Bayi XXL 3 x 20 pcs - Karton,270.000
1623,Kebutuhan Ibu & Anak,Popok Bayi & Anak,Sweety Bronze Dry X-Pert Popok Celana Bayi XXL 34 pcs,68.900
1624,Kebutuhan Ibu & Anak,Popok Bayi & Anak,Baby Happy Body Fit Pants Popok Celana S 38+2 pcs,47.900
1625,Kebutuhan Ibu & Anak,Popok Bayi & Anak,Makuku SAP Comfort Fit Popok Celana Bayi Jumbo Pack M 42 + 4 pcs,82.900
1626,Kebutuhan Ibu & Anak,Popok Bayi & Anak,Makuku SAP Comfort Fit Popok Celana Bayi Jumbo Pack L 40 + 4 pcs,82.900
1627,Kebutuhan Ibu & Anak,Popok Bayi & Anak,Makuku SAP Comfort Fit Popok Celana Bayi Jumbo Pack XL 38 + 4 pcs,89.900
1628,Kebutuhan Ibu & Anak,Popok Bayi & Anak,Makuku Dry Care Popok Perekat Bayi NB-S 54 pcs,72.900
1629,Kebutuhan Ibu & Anak,Popok Bayi & Anak,Makuku Dry Care Popok Celana Bayi M 48 + 10 pcs,87.900
1630,Kebutuhan Ibu & Anak,Popok Bayi & Anak,Makuku Dry Care Popok Celana Bayi L 44 + 10 pcs,87.900
1631,Kebutuhan Ibu & Anak,Popok Bayi & Anak,Makuku Dry Care Popok Celana Bayi XL 36 + 6 pcs,79.900
1632,Kebutuhan Ibu & Anak,Popok Bayi & Anak,Fitti Pants Popok Celana Bayi S 40 pcs,47.500
1633,Kebutuhan Ibu & Anak,Popok Bayi & Anak,Makuku SAP Comfort Fit Popok Perekat Bayi NB 40 pcs,52.900
1634,Kebutuhan Ibu & Anak,Popok Bayi & Anak,MamyPoko X-tra Kering Popok Celana Bayi XXXL 20 + 2 pcs,61.900
1635,Kebutuhan Ibu & Anak,Popok Bayi & Anak,MamyPoko Popok Celana Bayi Tidak Gembung XXL 20 pcs,45.900
1636,Kebutuhan Ibu & Anak,Popok Bayi & Anak,MamyPoko Popok Celana Bayi Tidak Gembung L 48 pcs,74.900
1637,Kebutuhan Ibu & Anak,Popok Bayi & Anak,MamyPoko Popok Celana Bayi Tidak Gembung XL 40 pcs,74.900
1638,Kebutuhan Ibu & Anak,Popok Bayi & Anak,MamyPoko X-tra Kering Popok Celana Bayi L 28 pcs,56.400
1639,Kebutuhan Ibu & Anak,Popok Bayi & Anak,Baby Happy Soft & Comfort Pinkfong Baby Shark Popok Celana Bayi M 32 pcs,
1640,Kebutuhan Ibu & Anak,Popok Bayi & Anak,Baby Happy Soft & Comfort Pinkfong Baby Shark Popok Celana Bayi L 28 pcs,
1641,Kebutuhan Ibu & Anak,Popok Bayi & Anak,Merries Good Skin Popok Celana Bayi L 36 pcs,
1642,Kebutuhan Ibu & Anak,Popok Bayi & Anak,Makuku Dry Care Popok Celana Bayi XXL 34 + 6 pcs,79.900
1643,Kebutuhan Ibu & Anak,Popok Bayi & Anak,MamyPoko X-tra Kering Popok Celana Bayi S 56 pcs,69.000
1644,Kebutuhan Ibu & Anak,Popok Bayi & Anak,MamyPoko X-tra Kering Popok Celana Bayi XXL 34 pcs,71.900
1645,Kebutuhan Ibu & Anak,Popok Bayi & Anak,MamyPoko Skin Comfort Popok Celana Bayi S 56 pcs,77.900
1646,Kebutuhan Ibu & Anak,Popok Bayi & Anak,MamyPoko Skin Comfort Popok Celana Bayi M 48 + 2 pcs,79.000
1647,Kebutuhan Ibu & Anak,Popok Bayi & Anak,MamyPoko Skin Comfort Popok Celana Bayi L 42 pcs,79.000
1648,Kebutuhan Ibu & Anak,Popok Bayi & Anak,MamyPoko Skin Comfort Popok Celana Bayi XL 36 pcs,79.000
1649,Kebutuhan Ibu & Anak,Popok Bayi & Anak,MamyPoko Skin Comfort Popok Celana Bayi XXL 32 pcs,96.900
1650,Kebutuhan Ibu & Anak,Popok Bayi & Anak,MamyPoko Junior Night Popok Celana Bayi Girls XXL 28 pcs,159.900
1651,Kebutuhan Ibu & Anak,Popok Bayi & Anak,MamyPoko Junior Night Popok Celana Bayi Boys XXL 28 pcs,159.900
1652,Kebutuhan Ibu & Anak,Popok Bayi & Anak,Baby Happy Body Fit Popok Celana Bayi M 48 pcs,67.900
1653,Kebutuhan Ibu & Anak,Popok Bayi & Anak,Baby Happy Body Fit Popok Celana Bayi L 42 pcs,67.900
1654,Kebutuhan Ibu & Anak,Popok Bayi & Anak,Baby Happy Body Fit Popok Celana Bayi XL 38 pcs,76.900
1655,Kebutuhan Ibu & Anak,Popok Bayi & Anak,Sweety Skin Premium Popok Perekat Bayi NB 46 pcs,85.000
1656,Kebutuhan Ibu & Anak,Popok Bayi & Anak,Sweety Skin Premium Popok Perekat Bayi S 44 pcs,85.000
1657,Kebutuhan Ibu & Anak,Popok Bayi & Anak,Sweety Skin Premium Popok Celana Bayi M 34 pcs,85.000
1658,Kebutuhan Ibu & Anak,Popok Bayi & Anak,Sweety Skin Premium Popok Celana Bayi L 30 pcs,85.000
1659,Kebutuhan Ibu & Anak,Popok Bayi & Anak,Sweety Skin Premium Popok Celana Bayi XL 26 pcs,85.000
1660,Kebutuhan Ibu & Anak,Popok Bayi & Anak,MamyPoko Popok Celana Bayi Tidak Gembung M 54 pcs,68.000
1661,Kebutuhan Ibu & Anak,Popok Bayi & Anak,MamyPoko Popok Celana Bayi Tidak Gembung XXL 34 pcs,68.000
1662,Kebutuhan Ibu & Anak,Pembersih Pakaian & Perlengkapan Anak,Sleek Baby Pelembut & Pewangi Pakaian Bayi 430 ml,27.900
1663,Kebutuhan Ibu & Anak,Pembersih Pakaian & Perlengkapan Anak,Sleek Baby Sabun Cair Pencuci Botol & Dot Bayi 450 ml,35.400
1664,Kebutuhan Ibu & Anak,Pembersih Pakaian & Perlengkapan Anak,Sleek Baby Deterjen Cair Bayi Refill 450 ml,28.200
1665,Kebutuhan Ibu & Anak,Pembersih Pakaian & Perlengkapan Anak,Pigeon 2 in 1 Brush Sikat Pembersih Botol & Dot Bayi,36.400
1666,Kebutuhan Ibu & Anak,Pembersih Pakaian & Perlengkapan Anak,Cussons Baby Sabun Cair Pencuci Botol & Dot 300 ml,14.500
1667,Kebutuhan Ibu & Anak,Pembersih Pakaian & Perlengkapan Anak,Sleek Baby Sabun Cair Pencuci Botol & Dot Bayi 150 ml,12.700
1668,Kebutuhan Ibu & Anak,Pembersih Pakaian & Perlengkapan Anak,Probaby Sabun Pencuci Botol & Dot Bayi 450 ml,19.900
1669,Kebutuhan Ibu & Anak,Pembersih Pakaian & Perlengkapan Anak,So Klin Softener Fine & Comfort Pelembut & Pewangi Pakaian Bayi Refill 650 ml,13.900
1670,Kebutuhan Ibu & Anak,Pembersih Pakaian & Perlengkapan Anak,Sunlight Biocare Nature Sabun Cuci Piring & Peralatan Bayi 600 ml,8.900
1671,Kebutuhan Ibu & Anak,Pembersih Pakaian & Perlengkapan Anak,Sunlight Biocare Nature Sabun Cuci Piring & Peralatan Bayi Botol 675 g,10.900
1672,Kebutuhan Ibu & Anak,Pembersih Pakaian & Perlengkapan Anak,Downy Pewangi Pakaian Bayi Milky Touch 500 ml,18.900
1673,Kebutuhan Ibu & Anak,Pembersih Pakaian & Perlengkapan Anak,Cussons Baby Deterjen Cair Bayi Lilly of The Valey 700 ml x 2 pcs,
1674,Kebutuhan Ibu & Anak,Pembersih Pakaian & Perlengkapan Anak,Yuri Babysoft Pelembut & Pewangi Pakaian Bayi Jerigen 3.7 L,84.900
1675,Kebutuhan Ibu & Anak,Pembersih Pakaian & Perlengkapan Anak,Yuri Babysoft Pelembut & Pewangi Pakaian Bayi Botol 1 L,27.900
1676,Kebutuhan Ibu & Anak,Pembersih Pakaian & Perlengkapan Anak,Motherlove Nature Sabun Cuci Botol & Peralatan Bayi 100 ml,32.900
1677,Kebutuhan Ibu & Anak,Pembersih Pakaian & Perlengkapan Anak,Motherlove Tender Touch Deterjen Cair Organik Bayi & Anak 900 ml,74.900
1678,Kebutuhan Ibu & Anak,Pembersih Pakaian & Perlengkapan Anak,Cussons Baby Pelembut & Pewangi Pakaian Bayi Soft Floral Refill 700 ml,18.500
1679,Kebutuhan Ibu & Anak,Pembersih Pakaian & Perlengkapan Anak,Sleek Sabun Pencuci Botol & Dot Bayi Refill 900 ml,54.900
1680,Kebutuhan Ibu & Anak,Pembersih Pakaian & Perlengkapan Anak,Sleek Baby Deterjen Cair Bayi Refill 900 ml,41.900
1681,Kebutuhan Ibu & Anak,Pembersih Pakaian & Perlengkapan Anak,Sleek Baby Deterjen Cair Bayi Botol 1.2 L,67.000
1682,Kebutuhan Ibu & Anak,Pembersih Pakaian & Perlengkapan Anak,Sleek Baby Sabun Cair Pencuci Botol & Dot Bayi 500 ml,34.900
1683,Kebutuhan Ibu & Anak,Pembersih Pakaian & Perlengkapan Anak,My Baby Pelembut & Pewangi Pakaian Gentle Hug Refill 1.4 L,19.500
1684,Kebutuhan Ibu & Anak,Pembersih Pakaian & Perlengkapan Anak,My Baby Pelembut & Pewangi Pakaian Lovely Touch Refill 1.4 L,19.500
1685,Kebutuhan Ibu & Anak,Pembersih Pakaian & Perlengkapan Anak,My Baby Deterjen Cair Bayi Gentle Hug 450 ml,14.500
1686,Kebutuhan Ibu & Anak,Pembersih Pakaian & Perlengkapan Anak,Pigeon Baby Sabun Cair Pencuci Botol & Dot Bayi Refill 450 ml,31.900
1687,Kebutuhan Ibu & Anak,Pembersih Pakaian & Perlengkapan Anak,Pigeon Baby Sabun Cair Pencuci Botol & Dot Bayi 500 ml,42.900
1688,Kebutuhan Ibu & Anak,Pembersih Pakaian & Perlengkapan Anak,Pigeon Deterjen Cair Bayi Botol 500 ml,41.900
1689,Kebutuhan Ibu & Anak,Pembersih Pakaian & Perlengkapan Anak,Molto Pure Pelembut & Pewangi Pakaian Bayi Soft & Gentle Refill 1600 ml,39.000
1690,Kebutuhan Ibu & Anak,Pembersih Pakaian & Perlengkapan Anak,Cussons Baby Sabun Cair Pencuci Botol & Dot Bayi 700 + 300 ml,39.900
1691,Kebutuhan Ibu & Anak,Pembersih Pakaian & Perlengkapan Anak,Cussons Baby Pelembut & Pewangi Pakaian Bayi Mild & Gentle Refill 700 ml,18.500
1692,Kebutuhan Ibu & Anak,Pembersih Pakaian & Perlengkapan Anak,Cussons Baby Pelembut & Pewangi Pakaian Bayi Sweet Dreams Refill 700 ml,18.500
1693,Kebutuhan Ibu & Anak,Pembersih Pakaian & Perlengkapan Anak,My Baby Deterjen Cair Bayi Lovely Touch 450 ml,14.900
1694,Kebutuhan Ibu & Anak,Pembersih Pakaian & Perlengkapan Anak,Pigeon Baby Fabric FabriCool Pelembut Pakaian Bayi Refill 400 ml,29.900
1695,Kebutuhan Ibu & Anak,Pembersih Pakaian & Perlengkapan Anak,Pigeon Baby Laundry Deterjen Cair Bayi Refill 450 ml,24.900
1696,Kebutuhan Ibu & Anak,Pembersih Pakaian & Perlengkapan Anak,Probaby Sabun Pencuci Botol & Dot Bayi 700 ml,27.900
1697,Kebutuhan Ibu & Anak,Pembersih Pakaian & Perlengkapan Anak,Sleek Baby Deterjen Cair Bayi 4 L,158.400
1698,Kebutuhan Ibu & Anak,Perlengkapan Makan & Minum Anak,Baby Huki Botol Susu Bayi PP 60 ml,33.000
1699,Kebutuhan Ibu & Anak,Perlengkapan Makan & Minum Anak,Philips Avent Botol Susu Bayi Classic 2 260 ml,49.900
1700,Kebutuhan Ibu & Anak,Perlengkapan Makan & Minum Anak,Philips Avent Dot Botol Susu Bayi 4 Lubang 2 pcs,75.000
1701,Kebutuhan Ibu & Anak,Perlengkapan Makan & Minum Anak,Philips Avent Botol Susu Bayi Classic+ Giraffe 260 ml,54.400
1702,Kebutuhan Ibu & Anak,Perlengkapan Makan & Minum Anak,Pigeon Softouch Dot Botol Susu Bayi Wide Neck L 2 pcs,66.900
1703,Kebutuhan Ibu & Anak,Perlengkapan Makan & Minum Anak,Pigeon Botol Susu Bayi PP Wide Neck Size S 160 ml,55.200
1704,Kebutuhan Ibu & Anak,Perlengkapan Makan & Minum Anak,Philips Avent Botol Susu Bayi Classic 125 ml,45.900
1705,Kebutuhan Ibu & Anak,Perlengkapan Makan & Minum Anak,Baby Huki Dot Botol Bayi Blister Silikon Ortodontik L 3 pcs,46.000
1706,Kebutuhan Ibu & Anak,Perlengkapan Makan & Minum Anak,Pigeon Mini Light Empeng Bayi Silikon Step 2,48.200
1707,Kebutuhan Ibu & Anak,Perlengkapan Makan & Minum Anak,Baby Huki Botol Susu Bayi PP Slim Neck 120 ml,37.400
1708,Kebutuhan Ibu & Anak,Perlengkapan Makan & Minum Anak,Pigeon Botol Susu Bayi PP Slim Neck 120 ml,43.200
1709,Kebutuhan Ibu & Anak,Perlengkapan Makan & Minum Anak,Pigeon Botol Susu Bayi PP Slim Neck 240 ml,39.000
1710,Kebutuhan Ibu & Anak,Perlengkapan Makan & Minum Anak,Pigeon Botol Susu Bayi PP Slim Neck 50 ml,34.000
1711,Kebutuhan Ibu & Anak,Perlengkapan Makan & Minum Anak,Pigeon Peristaltic Nipple Dot Botol Susu Bayi Slim Neck L 3 pcs,46.400
1712,Kebutuhan Ibu & Anak,Perlengkapan Makan & Minum Anak,Pigeon Dot Botol Susu Bayi Slim Neck L,17.000
1713,Kebutuhan Ibu & Anak,Perlengkapan Makan & Minum Anak,Baby Huki Dot Botol Bayi Silikon Ortodontik L 1 pcs,6.500
1714,Kebutuhan Ibu & Anak,Perlengkapan Makan & Minum Anak,Baby Huki Botol Susu Bayi PP Slim Neck 240 ml,34.900
1715,Kebutuhan Ibu & Anak,Perlengkapan Makan & Minum Anak,Baby Huki Dot Bayi Ortodontik dengan Penutup 2 pcs,44.000
1716,Kebutuhan Ibu & Anak,Perlengkapan Makan & Minum Anak,Ecentio Disney Botol Minum Anak 550 ml,
1717,Kebutuhan Ibu & Anak,Perlengkapan Makan & Minum Anak,Ecentio Marvel Botol Minum Anak 550 ml,
1718,Kebutuhan Ibu & Anak,Perlengkapan Makan & Minum Anak,Ecentio Disney Tumbler Anak 580 ml,
1719,Kebutuhan Ibu & Anak,Perlengkapan Makan & Minum Anak,Pigeon Food Feeder Botol Sendok Makan Mpasi Bayi 240 ml,
1720,Kebutuhan Ibu & Anak,Perlengkapan Makan & Minum Anak,Pigeon Softouch Wide Neck Botol Susu 240 ml,
1721,Kebutuhan Ibu & Anak,Perlengkapan Makan & Minum Anak,Pigeon Botol Susu Bayi Clear Blue 120 ml,51.900
1722,Kebutuhan Ibu & Anak,Perlengkapan Makan & Minum Anak,Pigeon Botol Susu Bayi Clear Pink 120 ml,51.900
1723,Kebutuhan Ibu & Anak,Perlengkapan Makan & Minum Anak,Pigeon Clear Streamline Botol Susu Bayi 250 ml,51.900
1724,Kebutuhan Ibu & Anak,Perlengkapan Makan & Minum Anak,Cussons Botol Susu Bayi 60 ml,22.900
1725,Kebutuhan Ibu & Anak,Perlengkapan Makan & Minum Anak,Baby Huki Botol Susu Bayi PP + Handle 240 ml,47.500
1726,Kebutuhan Ibu & Anak,Perlengkapan Makan & Minum Anak,Baby Huki Dot Botol Bayi Silikon Ortodontik S 1 pcs,12.500
1727,Kebutuhan Ibu & Anak,Perlengkapan Makan & Minum Anak,Baby Huki Dot Botol Bayi Silikon Ortodontik M 1 pcs,12.500
1728,Kebutuhan Ibu & Anak,Perlengkapan Makan & Minum Anak,Baby Huki Wadah Penyimpanan Susu Bubuk Bayi,24.100
1729,Kebutuhan Ibu & Anak,Perlengkapan Makan & Minum Anak,Pigeon Botol Susu Bayi Curve Pink 250 ml,51.900
1730,Kebutuhan Ibu & Anak,Perlengkapan Makan & Minum Anak,Pigeon Botol Susu Bayi Curve Blue 250 ml,51.900
1731,Kebutuhan Ibu & Anak,Perlengkapan Makan & Minum Anak,Pigeon Botol Susu Bayi BPP Wide Neck Orange Kucing 160 ml,99.900
1732,Kebutuhan Ibu & Anak,Perlengkapan Makan & Minum Anak,Pigeon Food Feeder Botol Sendok Makan Mpasi Bayi 120 ml,54.900
1733,Kebutuhan Ibu & Anak,Perlengkapan Makan & Minum Anak,Pigeon Sendok & Garpu Peralatan Makan Bayi,31.900
1734,Kebutuhan Ibu & Anak,Perlengkapan Makan & Minum Anak,Pigeon Softouch Botol Susu Bayi BPP Wide Neck Hijau Kelinci 160 ml,99.900
1735,Kebutuhan Ibu & Anak,Perlengkapan Makan & Minum Anak,Pigeon Mini Light Empeng Silikon Bayi Alpaca S,37.900
1736,Kebutuhan Ibu & Anak,Perlengkapan Makan & Minum Anak,Pigeon Mini Light Empeng Silikon Bayi Beruang M,37.900
1737,Kebutuhan Ibu & Anak,"Kebutuhan Ibu, Bayi, & Anak Lainnya",Softex Breast Pad Sekali Pakai 50 pcs,
1738,Kebutuhan Ibu & Anak,"Kebutuhan Ibu, Bayi, & Anak Lainnya",Lansinoh Krim Puting 10 ml,94.900
1739,Kebutuhan Rumah,Perlengkapan Kamar Mandi,Alfamart Spons Mandi,16.900
1740,Kebutuhan Rumah,Perlengkapan Kamar Mandi,Merah Putih Handuk 50 x 100 cm,43.900
1741,Kebutuhan Rumah,Perlengkapan Kamar Mandi,Alfamart Handuk Mandi 60 x 120 cm,60.000
1742,Kebutuhan Rumah,Perlengkapan Kamar Mandi,Head & Shoulders Sampo Anti Ketombe Super Cool 300 ml,57.900
1743,Kebutuhan Rumah,Perlengkapan Kamar Mandi,Alfamart Disney Spons Mandi Assorted D125,22.900
1744,Kebutuhan Rumah,Perlengkapan Kamar Mandi,Alfamart Lovely Terry Handuk Olahraga 30 x 70 cm Assorted,19.900
1745,Kebutuhan Rumah,Perawatan & Pembersih,Daia Deterjen Bubuk + Pelembut Pakaian Violet Passion Refill 1.5 kg,28.300
1746,Kebutuhan Rumah,Perawatan & Pembersih,Downy Pelembut & Pewangi Pakaian French Lavender 550 ml,26.500
1747,Kebutuhan Rumah,Perawatan & Pembersih,Rinso Perfume Breeze Quick Wash Deterjen Cair 650 g,17.500
1748,Kebutuhan Rumah,Perawatan & Pembersih,Vanish Oxi Action Penghilang Noda Pakaian Bubuk 105 g,24.900
1749,Kebutuhan Rumah,Perawatan & Pembersih,Scotch-Brite Sabut Cuci Piring Spons & Stainless 2 pcs,14.700
1750,Kebutuhan Rumah,Perawatan & Pembersih,Mr Muscle Cairan Pembersih Dapur Lemon Pump 500 ml,20.500
1751,Kebutuhan Rumah,Perawatan & Pembersih,Daia Deterjen Bubuk Fruity Refill 1.5 kg,28.500
1752,Kebutuhan Rumah,Perawatan & Pembersih,Scorlines Sikat Pembersih Serbaguna,14.900
1753,Kebutuhan Rumah,Perawatan & Pembersih,Scorlines Sikat Pembersih Lantai,22.500
1754,Kebutuhan Rumah,Perawatan & Pembersih,Scorlines Sikat Serbaguna,22.500
1755,Kebutuhan Rumah,Perawatan & Pembersih,Attack Jaz1 Deterjen Cair Semerbak Cinta 700 g,19.100
1756,Kebutuhan Rumah,Perawatan & Pembersih,Attack Jaz1 Deterjen Cair Pesona Segar 700 g,19.100
1757,Kebutuhan Rumah,Perawatan & Pembersih,Downy Pelembut & Pewangi Pakaian Fresh Bouquet Refill 550 ml,22.700
1758,Kebutuhan Rumah,Perawatan & Pembersih,Rinso Anti Noda Molto Deterjen Cair Royal Gold Refill 510 ml,14.500
1759,Kebutuhan Rumah,Perawatan & Pembersih,Daia Deterjen Bubuk Clean & Fresh Hijab 1.5 kg,28.300
1760,Kebutuhan Rumah,Perawatan & Pembersih,Rinso Anti Noda Molto Deterjen Cair + Pelembut Pakaian Perfume Essence Refill 510 ml,14.500
1761,Kebutuhan Rumah,Perawatan & Pembersih,So Klin Deterjen Cair Scarlet Blossom Refill 1.6 L,35.000
1762,Kebutuhan Rumah,Perawatan & Pembersih,So Klin Softergent Deterjen Bubuk + Pelembut Pakaian Lavender & Lily 425 g,10.000
1763,Kebutuhan Rumah,Perawatan & Pembersih,Attack Jaz1 Deterjen Bubuk + Pelembut Pakaian Rose Berry 1.4 kg,29.900
1764,Kebutuhan Rumah,Perawatan & Pembersih,Mama Lemon Sabun Cuci Piring Jeruk Nipis Botol 1 L,
1765,Kebutuhan Rumah,Perawatan & Pembersih,So Klin Deterjen Cair Kosentrat Scarlet Blossom Botol 1 L,
1766,Kebutuhan Rumah,Perawatan & Pembersih,So Klin Deterjen Cair Kosentrat Violet Blossom Botol 1 L,
1767,Kebutuhan Rumah,Perawatan & Pembersih,so Klin Deterjen + Pelembut Softergent Korean Camellia 770 g,
1768,Kebutuhan Rumah,Perawatan & Pembersih,So Klin Antisep Deterjen Bubuk Fresh Scent Refill 700 g,
1769,Kebutuhan Rumah,Perawatan & Pembersih,Telepon Sabun Batang Pakaian 10 pcs,
1770,Kebutuhan Rumah,Perawatan & Pembersih,Alfamart Sabut Cuci Piring Stainless Steel 2 pcs,
1771,Kebutuhan Rumah,Perawatan & Pembersih,Alfamart Sabut Spons Cuci Piring Kuning-Hijau,
1772,Kebutuhan Rumah,Perawatan & Pembersih,Alfamart Spons Cuci Piring Net 2 pcs,
1773,Kebutuhan Rumah,Perawatan & Pembersih,Nuya Sabun Cuci Piring 800 ml,
1774,Kebutuhan Rumah,Perawatan & Pembersih,Bebek Cairan Pembersih Kloset Ekstra Kuat 625 ml,
1775,Kebutuhan Rumah,Perawatan & Pembersih,Telepon Sabun Krim Serbaguna Lemon 170 g,
1776,Kebutuhan Rumah,Perawatan & Pembersih,SoKlin Deterjen Cair Eau de Parfum Maison de Fleur 700 g,
1777,Kebutuhan Rumah,Perawatan & Pembersih,SoKlin Deterjen Cair Eau de Parfum Bleu Petale 700 g,
1778,Kebutuhan Rumah,Perawatan & Pembersih,Attack Jaz1 Deterjen Cair + Pelembut Pakaian Romantic Purple Blossom 515 g,
1779,Kebutuhan Rumah,Perawatan & Pembersih,Telepon Sabun Krim Serbaguna Jeruk 200 g,
1780,Kebutuhan Rumah,Perawatan & Pembersih,So Klin Softergent Deterjen Cair + Pelembut Pakaian Pink Refill 1.6 L,
1781,Kebutuhan Rumah,Perawatan & Pembersih,Pajeng Sabun Krim Serbaguna Jeruk 700 g,
1782,Kebutuhan Rumah,Perawatan & Pembersih,Eterna Sikat Pembersih Serbaguna 414 1 pcs,
1783,Kebutuhan Rumah,Perawatan & Pembersih,"Rapika Biang Pelicin, Pewangi & Pelembut Pakaian Hijab Cool 250 ml",
1784,Kebutuhan Rumah,Perawatan & Pembersih,Daia Deterjen Bubuk + Pelembut Pakaian Violet Passion 2.7 kg,
1785,Kebutuhan Rumah,Perawatan & Pembersih,Wipol Karbol Cairan Pembersih Lantai Cemara Refill 2 x 750 ml,27.900
1786,Kebutuhan Rumah,Perawatan & Pembersih,Vixal Cairan Pembersih Kamar Mandi HCL Ekstra Kuat 2 x 750 ml,31.000
1787,Kebutuhan Rumah,Perawatan & Pembersih,Ekonomi Sabun Krim Serbaguna Anti Noda Bucket 4850 g,68.500
1788,Kebutuhan Rumah,Perawatan & Pembersih,BuKrim SuperKlin Sensorial Deterjen Cair Jinhae Cherry Blossom Jerigen 4.5 L,54.900
1789,Kebutuhan Rumah,Perawatan & Pembersih,Prokleen Karbol Cairan Pembersih Lantai Sereh 5 L,69.900
1790,Kebutuhan Rumah,Perawatan & Pembersih,Prokleen Cairan Pembersih Lantai Lavender Jerigen 5 L,45.000
1791,Kebutuhan Rumah,Perawatan & Pembersih,Super Pell Cairan Pembersih Lantai Japanese Apple & Peony Refill 2 x 770 ml,21.500
1792,Kebutuhan Rumah,Perawatan & Pembersih,Rinso Anti Noda Molto Deterjen Cair Rose Fresh Refill 2 x 700 ml,25.900
1793,Kebutuhan Rumah,Perawatan & Pembersih,Rinso Anti Noda Molto Deterjen Cair Perfume Essence Refill 2 x 700 ml,25.900
1794,Kebutuhan Rumah,Perawatan & Pembersih,Molto Pelembut & Pewangi Pakaian Active Fresh Refill 2 x 765 ml,17.900
1795,Kebutuhan Rumah,Perawatan & Pembersih,BuKrim SuperKlin Aromatic Deterjen Cair Goseong Hani Lavender Jerigen 4.5 L,54.900
1796,Kebutuhan Rumah,Perawatan & Pembersih,Max Bio+ Deterjen Cair Konsentrat Glamour Rose Refill 1.6 L x 2 pcs,39.900
1797,Kebutuhan Rumah,Perawatan & Pembersih,Max Bio+ Deterjen Cair Konsentrat La Lavender Refill 1.6 L x 2 pcs,39.900
1798,Kebutuhan Rumah,Perawatan & Pembersih,Yuri Porstex Cairan Pembersih Kamar Mandi Biru Jerigen 3.7 L,76.500
1799,Kebutuhan Rumah,Perawatan & Pembersih,Prokleen Cairan Pembersih Lantai Apple Jerigen 5 L,45.000
1800,Kebutuhan Rumah,Perawatan & Pembersih,Prokleen Pelembut & Pewangi Pakaian Sweet Heart Jerigen 5 L,65.000
1801,Kebutuhan Rumah,Perawatan & Pembersih,Spume Pewangi & Pelicin Pakaian Jerigen 1 L,21.500
1802,Kebutuhan Rumah,Perawatan & Pembersih,Prokleen Karbol Cairan Pembersih Lantai Sereh Lemon Refill 800 ml,13.500
1803,Kebutuhan Rumah,Perawatan & Pembersih,Bebek Cairan Pembersih Kloset Lavender 450 ml,17.900
1804,Kebutuhan Rumah,Perawatan & Pembersih,Bebek Cairan Pembersih Kamar Mandi Sakura Pembersih Kamar Mandi 500 ml,19.500
1805,Kebutuhan Rumah,Perawatan & Pembersih,Alfamart Sabut Spons Cuci Piring Assorted,5.900
1806,Kebutuhan Rumah,Perawatan & Pembersih,Molto Trika Pelicin & Pewangi Pakaian Refill Banded 3 x 300 ml,8.300
1807,Kebutuhan Rumah,Perawatan & Pembersih,Rinso Anti Noda Molto Deterjen Cair + Pelembut Pakaian Rose Fresh Refill 510 ml,14.500
1808,Kebutuhan Rumah,Perawatan & Pembersih,Attack Jaz1 Deterjen Bubuk + Pelembut Pakaian Purple Blossom 1.4 kg,29.900
1809,Kebutuhan Rumah,Perawatan & Pembersih,Rinso Anti Noda Deterjen Cair Pure Refill 510 ml,14.500
1810,Kebutuhan Rumah,Perawatan & Pembersih,Rinso Power Clean Quick Wash Deterjen Cair 650 g,17.500
1811,Kebutuhan Rumah,Perawatan & Pembersih,"Kispray Pelicin, Pewangi, Pelembut & Pakaian Glamorous Gold Refill 280 ml",7.600
1812,Kebutuhan Rumah,Perawatan & Pembersih,"Rapika Biang Pelicin, Pewangi & Pelembut Pakaian Luxury Gold 250 ml",4.600
1813,Kebutuhan Rumah,Perawatan & Pembersih,Rinso SensiFresh Deterjen Cair Korean Strawberry Refill 510 ml,14.500
1814,Kebutuhan Rumah,Perawatan & Pembersih,Alfamart Karbol Cairan Pembersih Lantai Sereh Refill 750 ml,10.900
1815,Kebutuhan Rumah,Perawatan & Pembersih,Alfamart Sabut Cuci Piring Stainless Steel 2 pcs,9.200
1816,Kebutuhan Rumah,Perawatan & Pembersih,Alfamart Spons Cuci Piring Jaring 2 pcs,9.200
1817,Kebutuhan Rumah,Perawatan & Pembersih,"Kispray Pelicin, Pewangi & Pelembut Pakaian Violet Refill 280 ml",7.000
1818,Kebutuhan Rumah,Perawatan & Pembersih,Daia Deterjen Bubuk Putih Fresh Scent Refill 1.5 kg,28.500
1819,Kebutuhan Rumah,Perawatan & Pembersih,Alfamart Kain Lap Pel Pembersih Lantai Assorted 1 pcs,21.900
1820,Kebutuhan Rumah,Perawatan & Pembersih,Alfamart Kain Lap Pembersih Mikrofiber Serbaguna Assorted 1 pcs,37.900
1821,Kebutuhan Rumah,Perawatan & Pembersih,Yuri Porstex Cairan Pembersih Kamar Mandi Biru 700 ml,19.600
1822,Kebutuhan Rumah,Perawatan & Pembersih,Daia Deterjen Bubuk Floral Refill 1.5 kg,28.800
1823,Kebutuhan Rumah,Perawatan & Pembersih,Scotch-Brite Sabut Spons Cuci Piring Anti Gores,8.900
1824,Kebutuhan Rumah,Perawatan & Pembersih,Daia Deterjen Bubuk + Pelembut Pakaian Romantic Pink Refill 1.5 kg,28.500
1825,Kebutuhan Rumah,Perawatan & Pembersih,Attack Jaz1 Deterjen Bubuk Pesona Segar 1.4 kg,29.900
1826,Kebutuhan Rumah,Perawatan & Pembersih,Attack Jaz1 Deterjen Bubuk Semerbak Cinta 1.4 kg,29.900
1827,Kebutuhan Rumah,Perawatan & Pembersih,Kispray Violet Pelicin & Pewangi Pakaian Botol 318 ml,16.500
1828,Kebutuhan Rumah,Perawatan & Pembersih,Downy Pelembut & Pewangi Pakaian Mystique 550 ml,20.900
1829,Kebutuhan Rumah,Perawatan & Pembersih,Ekonomi Natural Sabun Cuci Piring Jeruk Nipis & Lemon Botol 670 g,6.900
1830,Kebutuhan Rumah,Perawatan & Pembersih,Mama Lemon Sabun Cuci Piring Jeruk Nipis Refill 690 g,8.900
1831,Kebutuhan Rumah,Perawatan & Pembersih,Rinso Anti Noda Signature Perfume Deterjen Bubuk Rose Fresh 1.4 kg,24.900
1832,Kebutuhan Rumah,Perawatan & Pembersih,Harpic Cairan Pembersih Kamar Mandi Clean Citrus 450 ml,24.900
1833,Kebutuhan Rumah,Perawatan & Pembersih,Mama Lime Sabun Cuci Piring Green Tea Refill 690 g,8.900
1834,Kebutuhan Rumah,Perawatan & Pembersih,So Klin Deterjen Cair Korean Camellia Refill 525 ml,8.500
1835,Kebutuhan Rumah,Perawatan & Pembersih,Kiwi Shine & Protect Semir Sepatu Instan Netral 30 ml,22.900
1836,Kebutuhan Rumah,Perawatan & Pembersih,Downy Pelembut & Pewangi Pakaian Peach Blossom Refill 470 ml,26.500
1837,Kebutuhan Rumah,Perawatan & Pembersih,Bebek Cairan Pembersih Kloset Lemon Refill 450 ml,9.500
1838,Kebutuhan Rumah,Perawatan & Pembersih,Bebek Bathroom Lavender Pembersih Kamar Mandi Refill 400 ml,10.900
1839,Kebutuhan Rumah,Perawatan & Pembersih,Prokleen Cairan Pembersih Porselen Jerigen 5 L,45.000
1840,Kebutuhan Rumah,Perawatan & Pembersih,Prokleen Cairan Pembersih Lantai Lemon Jerigen 5 L,45.000
1841,Kebutuhan Rumah,Perawatan & Pembersih,Prokleen Deterjen Cair Blue Sparkle Jerigen 5 L,65.000
1842,Kebutuhan Rumah,Perawatan & Pembersih,Prokleen Pelembut Pakaian Cair Daring Blue Jerigen 5 L,65.000
1843,Kebutuhan Rumah,Perawatan & Pembersih,Spume Sabun Cuci Piring Jeruk Nipis Jerigen 5 L,65.000
1844,Kebutuhan Rumah,Perawatan & Pembersih,Spume Cairan Pembersih Lantai Fresh Lemon Jerigen 5 L,54.000
1845,Kebutuhan Rumah,Perawatan & Pembersih,Spume Cairan Pembersih Lantai Green Apple Jerigen 5 L,54.000
1846,Kebutuhan Rumah,Perawatan & Pembersih,Spume Deterjen Cair Exotic Sakura Jerigen 5 L,70.900
1847,Kebutuhan Rumah,Perawatan & Pembersih,Spume Pelembut Pakaian Exotic Sakura Jerigen 5 L,70.900
1848,Kebutuhan Rumah,Perawatan & Pembersih,Pledge Pembersih Lantai Kayu Refill 400 ml,18.500
1849,Kebutuhan Rumah,Perawatan & Pembersih,Mr Muscle Cairan Pembersih Dapur Spray 500 ml,32.900
1850,Kebutuhan Rumah,Perawatan & Pembersih,Mr Muscle Cairan Pembersih Dapur Refill 480 ml,26.000
1851,Kebutuhan Rumah,Perawatan & Pembersih,Prokleen Deterjen Cair French Rose Jerigen 5 L,65.000
1852,Kebutuhan Rumah,Perawatan & Pembersih,Prokleen Deterjen Cair Ocean Wave Jerigen 5 L,65.000
1853,Kebutuhan Rumah,Perawatan & Pembersih,Sayang Deterjen Cair Original Fresh Jerigen 5 L,44.900
1854,Kebutuhan Rumah,Perawatan & Pembersih,Sayang Deterjen Cair Original Lavender Jerigen 5 L,44.900
1855,Kebutuhan Rumah,Perawatan & Pembersih,Sayang Deterjen Cair Original Rose Jerigen 5 L,44.900
1856,Kebutuhan Rumah,Perawatan & Pembersih,Max Bio+ Sabun Cuci Piring Jeruk Nipis Jerigen 4 L,44.900
1857,Kebutuhan Rumah,Perawatan & Pembersih,Bebek Cairan Pembersih Kloset Ekstra Kuat 450 ml,18.500
1858,Kebutuhan Rumah,Perawatan & Pembersih,Yuri Porstex Pembersih Kloset 500 ml,19.500
1859,Kebutuhan Rumah,Perawatan & Pembersih,Pledge Pembersih & Pengkilap Mebel Lemon Refill 410 ml,18.900
1860,Kebutuhan Rumah,Perawatan & Pembersih,Alfamart Sabun Cuci Piring Lime 650 ml,6.600
1861,Kebutuhan Rumah,Perawatan & Pembersih,Alfamart Sabun Cuci Piring Lemon 650 ml,6.600
1862,Kebutuhan Rumah,Perawatan & Pembersih,Bebek Cairan Pembersih Kloset Lemon 450 ml,17.900
1863,Kebutuhan Rumah,Perawatan & Pembersih,Downy Pelembut & Pewangi Pakaian Sunrise Fresh 1.35 L,54.000
1864,Kebutuhan Rumah,Perawatan & Pembersih,Downy Pelembut & Pewangi Pakaian Mystique Refill 1.35 L,54.000
1865,Kebutuhan Rumah,Perawatan & Pembersih,Sunlight Sabun Cuci Piring Jeruk Nipis Refill 660 g,8.900
1866,Kebutuhan Rumah,Perawatan & Pembersih,Mama Lemon Sabun Cuci Piring Japanese Yuzu Jeruk Nipis Refill 690 g,8.900
1867,Kebutuhan Rumah,Perawatan & Pembersih,Rinso SensiFresh Deterjen Bubuk Japanese Peach 1.4 kg,24.900
1868,Kebutuhan Rumah,Perawatan & Pembersih,Sunlight Sabun Cuci Piring Jeruk Nipis Botol 675 g,10.900
1869,Kebutuhan Rumah,Perawatan & Pembersih,Sunlight Sabun Cuci Piring Berry and Lime Botol 675 g,10.900
1870,Kebutuhan Rumah,Perawatan & Pembersih,Downy Pelembut & Pewangi Pakaian Sunrise Fresh 550 ml,20.900
1871,Kebutuhan Rumah,Perawatan & Pembersih,Rinso Anti Noda Molto Deterjen Bubuk + Pelembut Pakaian Rose Fresh Refill 700 g,16.500
1872,Kebutuhan Rumah,Perawatan & Pembersih,Rinso Anti Noda Deterjen Cair Classic Fresh 700 g,14.900
1873,Kebutuhan Rumah,Perawatan & Pembersih,Rinso Anti Noda Molto Deterjen Cair + Pelembut Pakaian Rose Fresh Refill 700 ml,14.900
1874,Kebutuhan Rumah,Perawatan & Pembersih,So Klin Pewangi Pakaian Exotic Purple Refill 780 ml,8.900
1875,Kebutuhan Rumah,Perawatan & Pembersih,Scotch-Brite Sabut Spons Cuci Piring Hijau,6.900
1876,Kebutuhan Rumah,Perawatan & Pembersih,Scotch-Brite Sabut Cuci Piring Stainless Steel,6.500
1877,Kebutuhan Rumah,Perawatan & Pembersih,Polytex Sabut Spons Pencuci Piring Regular,14.000
1878,Kebutuhan Rumah,Perawatan & Pembersih,So Klin Softergent Deterjen Bubuk + Pelembut Pakaian Peony & Rose 1.44 kg,25.900
1879,Kebutuhan Rumah,Perawatan & Pembersih,Super Pell Cairan Pembersih Lantai Japanese Apple & Peony Refill 770 ml,10.900
1880,Kebutuhan Rumah,Perawatan & Pembersih,So Klin Cairan Pembersih Lantai Lavender Bloom Refill 770 ml,9.900
1881,Kebutuhan Rumah,Perawatan & Pembersih,SOS Karbol Cairan Pembersih Lantai Classic Pine Refill 725 ml,10.500
1882,Kebutuhan Rumah,Perawatan & Pembersih,Cling Cairan Pembersih Kaca Ocean Fresh Refill 400 ml,4.200
1883,Kebutuhan Rumah,Perawatan & Pembersih,Mr Muscle Cairan Pembersih Kaca Pump 500 ml,11.800
1884,Kebutuhan Rumah,Perawatan & Pembersih,Harpic Cairan Pembersih Kamar Mandi Original 450 ml,24.900
1885,Kebutuhan Rumah,Perawatan & Pembersih,Kiwi Polish Semir Sepatu Hitam 45 ml,32.500
1886,Kebutuhan Rumah,Perawatan & Pembersih,Bayclin Pemutih Pakaian Reguler Botol 500 ml,15.700
1887,Kebutuhan Rumah,Perawatan & Pembersih,So Klin Cairan Pembersih Lantai Lemon Zest Refill 770 ml,9.900
1888,Kebutuhan Rumah,Perawatan & Pembersih,Wipol Karbol Cairan Pembersih Lantai Cemara 750 ml,16.900
1889,Kebutuhan Rumah,Perawatan & Pembersih,So Klin Softergent Deterjen Cair + Pelembut Pakaian Pink Refill 700 ml,13.900
1890,Kebutuhan Rumah,Perawatan & Pembersih,Kiwi Wax Rich Shine & Protect Semir Sepatu Instan Hitam 75 ml,56.000
1891,Kebutuhan Rumah,Perawatan & Pembersih,Attack Deterjen Bubuk + Pelembut Pakaian Anti Kusut 750 g,21.200
1892,Kebutuhan Rumah,Perawatan & Pembersih,So Klin Pewangi Pakaian Comfort Blue Refill 780 ml,8.900
1893,Kebutuhan Rumah,Perawatan & Pembersih,Yuri Porstex Cairan Pembersih Kamar Mandi Biru 1 L,21.900
1894,Kebutuhan Rumah,Perawatan & Pembersih,WPC Pembersih Porselen Active Strong 750 ml,13.500
1895,Kebutuhan Rumah,Perawatan & Pembersih,Daia Deterjen Bubuk + Pelembut Pakaian Romantic Pink 800 g,15.500
1896,Kebutuhan Rumah,Perawatan & Pembersih,Attack Deterjen Cair + Pelembut Pakaian Anti Kusut 750 ml,21.300
1897,Kebutuhan Rumah,Perawatan & Pembersih,So Klin Softergent Deterjen Bubuk + Pelembut Pakaian Lavender & Lily 700 g,15.500
1898,Kebutuhan Rumah,Perawatan & Pembersih,Supersol Karbol Cairan Pembersih Lantai Cemara Refill 720 g,10.900
1899,Kebutuhan Rumah,Perawatan & Pembersih,Mama Lime Sabun Cuci Piring Higienis Lime Refill 690 g,8.900
1900,Kebutuhan Rumah,Perawatan & Pembersih,Daia Deterjen Bubuk + Pelembut Pakaian Violet Passion 800 g,15.500
1901,Kebutuhan Rumah,Perawatan & Pembersih,Vanish Penghilang Noda Pakaian Cair Pink Refill 425 ml,24.900
1902,Kebutuhan Rumah,Perawatan & Pembersih,So Klin Deterjen Cair Violet Blossom Refill 700 ml,13.900
1903,Kebutuhan Rumah,Perawatan & Pembersih,So Klin Softergent Deterjen Bubuk + Pelembut Pakaian Lavender & Lily 1.44 kg,25.900
1904,Kebutuhan Rumah,Perawatan & Pembersih,SOS Cairan Pembersih Lantai Apple Wonder Refill 725 ml,8.900
1905,Kebutuhan Rumah,Perawatan & Pembersih,So Klin Deterjen Cair Scarlet Blossom Refill 700 ml,13.900
1906,Kebutuhan Rumah,Perawatan & Pembersih,BuKrim SuperKlin Sensorial Deterjen Cair Jinhae Cherry Blossom 700 ml,
1907,Kebutuhan Rumah,Perawatan & Pembersih,Downy Pelembut & Pewangi Pakaian Passion 1.35 L,54.000
1908,Kebutuhan Rumah,Perawatan & Pembersih,Downy Pelembut & Pewangi Pakaian Anti Apek 1.35 L,54.000
1909,Kebutuhan Rumah,Perawatan & Pembersih,Bayclin Pemutih Pakaian Reguler Botol 4 L,65.900
1910,Kebutuhan Rumah,Perawatan & Pembersih,Bayclin Pemutih Pakaian Fresh 1 L,20.900
1911,Kebutuhan Rumah,Perawatan & Pembersih,Downy Pelembut & Pewangi Pakaian Adorable Bouquet Refill 1.35 L,54.000
1912,Kebutuhan Rumah,Perawatan & Pembersih,Downy Pelembut & Pewangi Pakaian Fresh Bouquet Refill 1.35 L,54.000
1913,Kebutuhan Rumah,Perawatan & Pembersih,So Klin Deterjen Cair Anti Bacterial 700 ml,13.900
1914,Kebutuhan Rumah,Perawatan & Pembersih,Sunlight Sabun Cuci Piring Jeruk Nipis Refill 1500 ml,20.000
1915,Kebutuhan Rumah,Perawatan & Pembersih,So Klin Twilight Pelembut & Pewangi Pakaian Glamorous Purple Refill 650 ml,10.900
1916,Kebutuhan Rumah,Perawatan & Pembersih,Wipol Karbol Cairan Pembersih Lantai Cemara Refill 750 ml,12.900
1917,Kebutuhan Rumah,Perawatan & Pembersih,Attack Jaz1 Deterjen Bubuk Semerbak Cinta 800 g,15.900
1918,Kebutuhan Rumah,Perawatan & Pembersih,Yuri Porstex Cairan Pembersih Kamar Mandi Ungu 1 L,18.900
1919,Kebutuhan Rumah,Perawatan & Pembersih,Vixal Cairan Pembersih Kamar Mandi HCL Ekstra Kuat 750 ml,13.900
1920,Kebutuhan Rumah,Perawatan & Pembersih,Wipol Karbol Cairan Pembersih Lantai Lemon Refill 750 ml,12.900
1921,Kebutuhan Rumah,Perawatan & Pembersih,Vixal Cairan Pembersih Kamar Mandi Kuat Harum 750 ml,13.900
1922,Kebutuhan Rumah,Perawatan & Pembersih,So Klin Twilight Pelembut & Pewangi Pakaian Flowery Blue Refill 650 ml,9.900
1923,Kebutuhan Rumah,Perawatan & Pembersih,Vanish Cair Penghilang Noda Pakaian Refill 750 ml,44.900
1924,Kebutuhan Rumah,Perawatan & Pembersih,Kiwi Wax Rich Shine & Protect Semir Sepatu Instan Netral 75 ml,45.500
1925,Kebutuhan Rumah,Perawatan & Pembersih,Downy Pelembut & Pewangi Pakaian Passion 550 ml,20.900
1926,Kebutuhan Rumah,Perawatan & Pembersih,Royale by So Klin Pelembut & Pewangi Pakaian Hot Summer Refill 650 ml,13.900
1927,Kebutuhan Rumah,Perawatan & Pembersih,Royale by So Klin Pelembut & Pewangi Pakaian Purple Dawn Refill 650 ml,13.900
1928,Kebutuhan Rumah,Perawatan & Pembersih,Rinso Anti Noda Molto Deterjen Bubuk + Pelembut Pakaian Perfume Essence Refill 700 g,16.500
1929,Kebutuhan Rumah,Perawatan & Pembersih,Downy Pelembut & Pewangi Pakaian Floral Pink 550 ml,18.900
1930,Kebutuhan Rumah,Perawatan & Pembersih,Royale by So Klin Hijab Pelembut & Pewangi Pakaian Blue Sapphire Refill 650 ml,13.900
1931,Kebutuhan Rumah,Perawatan & Pembersih,So Klin Softergent Deterjen Bubuk + Pelembut Pakaian Magnolia Berries 1.44 kg,25.900
1932,Kebutuhan Rumah,Perawatan & Pembersih,BuKrim Oxyklin Deterjen Bubuk Violet Refill 700 g,11.900
1933,Kebutuhan Rumah,Perawatan & Pembersih,Downy Pelembut & Pewangi Pakaian Mystique 875 ml,29.900
1934,Kebutuhan Rumah,Perawatan & Pembersih,Downy Pelembut & Pewangi Pakaian Sunrise Fresh 875 ml,29.900
1935,Kebutuhan Rumah,Perawatan & Pembersih,Royale by So Klin Hijab Pelembut & Pewangi Pakaian Black Velvet Refill 650 ml,13.900
1936,Kebutuhan Rumah,Perawatan & Pembersih,So Klin Pewangi Pakaian Hijab Refreshing Green Refill 780 ml,8.900
1937,Kebutuhan Rumah,Perawatan & Pembersih,Scotch-Brite Sabut Cuci Piring Jaring Anti Gores,7.500
1938,Kebutuhan Rumah,Perawatan & Pembersih,Proclin Pemutih Pakaian Botol 500 ml,12.100
1939,Kebutuhan Rumah,Perawatan & Pembersih,So Klin Cairan Pembersih Lantai Sereh & Geranium Refill 770 ml,9.900
1940,Kebutuhan Rumah,Perawatan & Pembersih,Rinso SensiFresh Deterjen Bubuk Japanese Peach 700 g,14.900
1941,Kebutuhan Rumah,Perawatan & Pembersih,Rinso SensiFresh Deterjen Cair Japanese Peach Refill 700 ml,12.400
1942,Kebutuhan Rumah,Perawatan & Pembersih,Supersol Karbol Cairan Pembersih Lantai Sereh Refill 720 g,10.900
1943,Kebutuhan Rumah,Perawatan & Pembersih,Daia Deterjen Bubuk + Pelembut Pakaian Romantic Pink 470 g,7.900
1944,Kebutuhan Rumah,Perawatan & Pembersih,Peace Karbol Cairan Pembersih Lantai Sereh 650 ml,8.900
1945,Kebutuhan Rumah,Perawatan & Pembersih,Sunlight Sabun Cuci Piring Jeruk Nipis Refill 400 ml,8.200
1946,Kebutuhan Rumah,Perawatan & Pembersih,Molto Pelembut & Pewangi Pakaian Sports Fresh Refill 765 ml,9.900
1947,Kebutuhan Rumah,Perawatan & Pembersih,Molto Pelembut & Pewangi Pakaian Active Fresh Refill 765 ml,9.900
1948,Kebutuhan Rumah,Perawatan & Pembersih,Royale by So Klin Pelembut & Pewangi Pakaian Sunny Day Refill 630 + 50 ml,13.900
1949,Kebutuhan Rumah,Perawatan & Pembersih,Royale by So Klin Pelembut & Pewangi Pakaian Sweet Floral Refill 630 + 50 ml,13.900
1950,Kebutuhan Rumah,Perawatan & Pembersih,Rinso Anti Noda Molto Deterjen Cair + Pelembut Pakaian Perfume Essence Refill 1.5 L,31.900
1951,Kebutuhan Rumah,Perawatan & Pembersih,Gentle Gen Deterjen Cair Tumbuhan Morning Breeze 700 g,13.900
1952,Kebutuhan Rumah,Perawatan & Pembersih,Molto Parfum + Protect Pelembut & Pewangi Pakaian Morning Fresh Refill 550 ml,15.900
1953,Kebutuhan Rumah,Perawatan & Pembersih,Molto Pure Pelembut & Pewangi Pakaian Bayi Soft & Gentle Refill 550 ml,15.900
1954,Kebutuhan Rumah,Perawatan & Pembersih,Downy Pelembut & Pewangi Pakaian Adorable Bouquet 550 ml,17.900
1955,Kebutuhan Rumah,Perawatan & Pembersih,Gentle Gen Deterjen Cair Tumbuhan Silk Rose 700 g,13.900
1956,Kebutuhan Rumah,Perawatan & Pembersih,Gentle Gen Deterjen Cair Tumbuhan Parisienne Garden 700 g,13.900
1957,Kebutuhan Rumah,Perawatan & Pembersih,Mama Lime Sabun Cuci Piring Charcoal Refill 690 g,8.900
1958,Kebutuhan Rumah,Perawatan & Pembersih,SoSoft Deterjen Cair Tumbuhan Rose & Waterlily Botol 700 ml,13.900
1959,Kebutuhan Rumah,Perawatan & Pembersih,Super Pell Cairan Pembersih Lantai Citrus Refill 500 ml,7.900
1960,Kebutuhan Rumah,Perawatan & Pembersih,SoSoft Deterjen Cair Tumbuhan Sakura Blossom Botol 700 ml,13.900
1961,Kebutuhan Rumah,Perawatan & Pembersih,So Klin Pewangi Pakaian Romantic Pink Refill 1.7 L,
1962,Kebutuhan Rumah,Perawatan & Pembersih,So Klin Pewangi Pakaian Exotic Purple Refill 1.7 L,
1963,Kebutuhan Rumah,Perawatan & Pembersih,Cling Cairan Pembersih Kaca Biru 4 L,
1964,Kebutuhan Rumah,Perawatan & Pembersih,Royale by So Klin Pelembut & Pewangi Pakaian Pink Satin Refill 650 ml,13.900
1965,Kebutuhan Rumah,Perawatan & Pembersih,Alfamart Karbol Cairan Pembersih Lantai Anti Bakteri Cemara Refill 750 ml,7.900
1966,Kebutuhan Rumah,Perawatan & Pembersih,Rinso Matic Professional Deterjen Cair Mesin Cuci Laundry Jerigen 4.5 L,65.000
1967,Kebutuhan Rumah,Perawatan & Pembersih,Sunlight Professional Sabun Cuci Piring Jeruk Nipis Jerigen 5 L,69.900
1968,Kebutuhan Rumah,Perawatan & Pembersih,Wipol Professional Cairan Disinfektan Pembersih Lantai Jerigen 4.5 L,72.500
1969,Kebutuhan Rumah,Perawatan & Pembersih,Attack Batik Care Deterjen Cair 400 ml,17.000
1970,Kebutuhan Rumah,Perawatan & Pembersih,Attack Hygiene & Color Protection Deterjen Cair 1.2 L,35.500
1971,Kebutuhan Rumah,Perawatan & Pembersih,Attack Deterjen Cair + Pelembut Pakaian Anti Kusut 1.2 L,35.500
1972,Kebutuhan Rumah,Perawatan & Pembersih,Harpic Power Plus Cairan Pembersih Kamar Mandi Original 750 ml,35.000
1973,Kebutuhan Rumah,Perawatan & Pembersih,Vanish Pink Penghilang Noda Pakaian Cair Botol 1L,59.900
1974,Kebutuhan Rumah,Perawatan & Pembersih,Vanish Pink Penghilang Noda Pakaian Bubuk 400 g,49.900
1975,Kebutuhan Rumah,Perawatan & Pembersih,Ekonomi Sabun Cuci Piring Jeruk Nipis Jerigen 5 L,59.000
1976,Kebutuhan Rumah,Perawatan & Pembersih,Molto Pelembut & Pewangi Pakaian Active Fresh Refill 1.7 L,19.000
1977,Kebutuhan Rumah,Perawatan & Pembersih,Molto Pelembut & Pewangi Pakaian Soft & Fresh Refill 1.7 L,19.000
1978,Kebutuhan Rumah,Perawatan & Pembersih,Molto Pelembut & Pewangi Pakaian Sports Fresh Refill 1.7 L,19.000
1979,Kebutuhan Rumah,Perawatan & Pembersih,Super Pell Cairan Pembersih Lantai Japanese Apple & Peony Refill 1.6 L,22.000
1980,Kebutuhan Rumah,Perawatan & Pembersih,So Klin Pewangi Pakaian Comfort Blue Refill 1.7 L,18.900
1981,Kebutuhan Rumah,Perawatan & Pembersih,So Klin Cairan Pembersih Lantai Floral Lavender Refill 1.6 L,17.900
1982,Kebutuhan Rumah,Perawatan & Pembersih,So Klin Cairan Pembersih Lantai Apple & Peony Jerigen 4 L,44.900
1983,Kebutuhan Rumah,Perawatan & Pembersih,WPC Pembersih Porselen Kamar Mandi Ekstra Kuat Jerigen 4 L,59.800
1984,Kebutuhan Rumah,Perawatan & Pembersih,Shock Anti Sumbat Pembersih Pipa & Wastafel 350 g,27.500
1985,Kebutuhan Rumah,Perawatan & Pembersih,Sunlight Sabun Cuci Piring Extra Korean Strawberry Refill 600 ml,8.900
1986,Kebutuhan Rumah,Perawatan & Pembersih,Sayang Deterjen Bubuk Rose Refill 770 g,13.500
1987,Kebutuhan Rumah,Perawatan & Pembersih,Wipol Bio Shield Karbol Cairan Disinfektan Pembersih Lantai Refill 390 ml,7.900
1988,Kebutuhan Rumah,Perawatan & Pembersih,Ekonomi Power Liquid Sabun Cuci Piring Sereh & Jeruk Nipis Anti Bau 670 g,6.900
1989,Kebutuhan Rumah,Perawatan & Pembersih,Mama Lemon Sabun Cuci Piring Jeruk Nipis Refill 430 g,5.900
1990,Kebutuhan Rumah,Perawatan & Pembersih,Sunlight Anti Bau Sabun Cuci Piring Lime & Mint Refill 600 ml,8.900
1991,Kebutuhan Rumah,Perawatan & Pembersih,Royale by So Klin Pelembut & Pewangi Pakaian Lavender Musk Refill 630 + 50 ml,13.900
1992,Kebutuhan Rumah,Perawatan & Pembersih,So Klin Cairan Pembersih Lantai Citrus Garden Refill 700 ml,7.900
1993,Kebutuhan Rumah,Perawatan & Pembersih,So Klin Deterjen Cair White & Bright Refill 525 ml,8.500
1994,Kebutuhan Rumah,Perawatan & Pembersih,Lifebuoy Botanitech Sabun Cuci Piring Lime Refill 650 ml,6.900
1995,Kebutuhan Rumah,Perawatan & Pembersih,Molto Parfum Boost Pelembut & Pewangi Pakaian Elegant French Raspberry Refill 550 ml,15.900
1996,Kebutuhan Rumah,Perawatan & Pembersih,Proclin Penghilang Noda Pakaian Putih & Warna Floral Bliss 400 ml,19.100
1997,Kebutuhan Rumah,Perawatan & Pembersih,SoSoft Deterjen Cair Tumbuhan Freesia & Pear 700 ml,13.900
1998,Kebutuhan Rumah,Perawatan & Pembersih,Rinso Matic Deterjen Cair Mesin Cuci Bukaan Atas Refill 700 ml,13.500
1999,Kebutuhan Rumah,Perawatan & Pembersih,Bayclin Pemutih Pakaian Reguler 1 L,24.800
2000,Kebutuhan Rumah,Perawatan & Pembersih,Downy Pelembut & Pewangi Pakaian Adorable Bouquet Refill 875 ml,
2001,Kebutuhan Rumah,Perawatan & Pembersih,So Klin Matic Professional Deterjen Cair Mesin Cuci Laundry Jerigen 4.5 L,66.500
2002,Kebutuhan Rumah,Perawatan & Pembersih,So Klin Pewangi Pakaian Active Sport Refill 780 ml,7.900
2003,Kebutuhan Rumah,Perawatan & Pembersih,Bagus Sibiru Tablet Pembersih Kloset Anti Bakteri 2 x 50 g,20.900
2004,Kebutuhan Rumah,Perawatan & Pembersih,Proclin Penghilang Noda Pakaian Aksi Putih 400 ml,16.900
2005,Kebutuhan Rumah,Perawatan & Pembersih,Proclin Penghilang Noda Pakaian Refill 800 ml,31.900
2006,Kebutuhan Rumah,Perawatan & Pembersih,Sayang Liquid Deterjen Cair Rose 510 ml,8.700
2007,Kebutuhan Rumah,Perawatan & Pembersih,Yuri Taf Krim Pembersih Serbaguna Lemon & Lime 500 ml,17.900
2008,Kebutuhan Rumah,Perawatan & Pembersih,Yuri Taf Krim Pembersih Serbaguna Fresh Blue 500 ml,17.900
2009,Kebutuhan Rumah,Perawatan & Pembersih,Prokleen Sabun Cuci Piring Jerigen 5 L,59.900
2010,Kebutuhan Rumah,Perawatan & Pembersih,Scotch-Brite Sikat Pembersih Lantai Kamar Mandi,23.500
2011,Kebutuhan Rumah,Perawatan & Pembersih,Scotch-Brite Lap Spons Dapur,22.500
2012,Kebutuhan Rumah,Perawatan & Pembersih,Scotch-Brite Lap Dapur Microfiber,26.500
2013,Kebutuhan Rumah,Perawatan & Pembersih,Scotch-Brite Spons Dapur Scrub Dots 2 pcs,14.000
2014,Kebutuhan Rumah,Perawatan & Pembersih,SOS Cairan Pembersih Lantai Apple Wonder Jerigen 3.5 L,38.900
2015,Kebutuhan Rumah,Perawatan & Pembersih,SOS Cairan Pembersih Lantai Magic Lavender Jerigen 3.5 L,38.900
2016,Kebutuhan Rumah,Perawatan & Pembersih,SOS Karbol Cairan Pembersih Lantai Sereh Lemon Jerigen 3.5 L,45.500
2017,Kebutuhan Rumah,Perawatan & Pembersih,Bagus Micromate Pembersih Bulu dengan Perekat 60 s,33.900
2018,Kebutuhan Rumah,Perawatan & Pembersih,Bagus Micromate Pembersih Bulu dengan Perekat Refill 60 s x 2,26.900
2019,Kebutuhan Rumah,Perawatan & Pembersih,Bagus Spons Pembersih Dapur 3 pcs,23.900
2020,Kebutuhan Rumah,Perawatan & Pembersih,Bagus Micromate Kain Lap Serba Guna Ungu 40 x 40 cm,21.500
2021,Kebutuhan Rumah,Perawatan & Pembersih,Bagus Micromate Kain Lap Serba Guna Merah Ungu 30 x 30 cm,21.500
2022,Kebutuhan Rumah,Perawatan & Pembersih,Sunlight Power Higienis Sabun Cuci Piring Mandarin Orange Refill 600 ml,7.900
2023,Kebutuhan Rumah,Perawatan & Pembersih,Mama Lemon Pencuci Piring Jeruk Nipis Jerigen 5 L,65.900
2024,Kebutuhan Rumah,Perawatan & Pembersih,Prokleen Karbol Cairan Pembersih Lantai Cemara Refill 800 ml,10.500
2025,Kebutuhan Rumah,Perawatan & Pembersih,Pledge Pembersih & Pengkilap Mebel Lemon Pump 450 ml,20.500
2026,Kebutuhan Rumah,Perawatan & Pembersih,Bebek Karbol Cairan Pembersih Lantai Pinus Refill 450 ml,9.000
2027,Kebutuhan Rumah,Perawatan & Pembersih,Mr Muscle Gel Pembersih Kloset Lavender 36 ml,19.500
2028,Kebutuhan Rumah,Perawatan & Pembersih,Mr Muscle Gel Pembersih Kamar Mandi Fresh 36 ml,16.500
2029,Kebutuhan Rumah,Perawatan & Pembersih,Bebek Karbol Cairan Pembersih Lantai Sereh 450 ml,9.000
2030,Kebutuhan Rumah,Perawatan & Pembersih,Vixal Professional Pembersih Kamar Mandi Jerigen 2 L,33.900
2031,Kebutuhan Rumah,Perawatan & Pembersih,Super Pell Cairan Pembersih Lantai Apple Jerigen 4 L,55.500
2032,Kebutuhan Rumah,Perawatan & Pembersih,Molto Parfum + Protect Pelembut dan Pewangi Pakaian Morning Fresh Blue Refill 1.6 L,39.000
2033,Kebutuhan Rumah,Perawatan & Pembersih,So Klin Bio-Matic Deterjen Cair + Pelembut Pakaian Mesin Cuci Fresh Scent Refill 1.45 L,36.500
2034,Kebutuhan Rumah,Perawatan & Pembersih,So Klin Bio-Matic Deterjen Cair + Pelembut Pakaian Mesin Cuci Flower Bloom Refill 1.45 L,36.500
2035,Kebutuhan Rumah,Perawatan & Pembersih,So Klin Bio-Matic Deterjen Bubuk + Pelembut Mesin Cuci Bukaan Atas 1.8 kg,33.900
2036,Kebutuhan Rumah,Perawatan & Pembersih,So Klin Bio-Matic Deterjen Bubuk + Pelembut Pakaian Mesin Cuci Bukaan Depan 1.8 kg,49.500
2037,Kebutuhan Rumah,Perawatan & Pembersih,Daia Deterjen Bubuk + Pelembut Pakaian Violet Passion Refill 4 kg,56.500
2038,Kebutuhan Rumah,Perawatan & Pembersih,Yuri Lysorin Disinfektan Cairan Pembersih Lantai 1 L,15.900
2039,Kebutuhan Rumah,Perawatan & Pembersih,Yuri Lysorin Disinfektan Cairan Pembersih Lantai Refill 630 ml,9.500
2040,Kebutuhan Rumah,Perawatan & Pembersih,Lifebuoy Botanitech Sabun Cuci Piring Lime Refill 1.5 L,16.000
2041,Kebutuhan Rumah,Perawatan & Pembersih,Rinso SensiFresh Deterjen Cair Extra Lembut Refill 700 ml,12.400
2042,Kebutuhan Rumah,Perawatan & Pembersih,Attack Sensor Matic Deterjen Cair Mesin Cuci Bukaan Atas & Depan 1.2 L,40.000
2043,Kebutuhan Rumah,Perawatan & Pembersih,Sunlight Sabun Cuci Piring Ekstra Lembut Refill 600 ml,7.900
2044,Kebutuhan Rumah,Perawatan & Pembersih,Royale by so Klin Pelembut & Pewangi Pakaian Starry Night Refill 650 ml,13.900
2045,Kebutuhan Rumah,Perawatan & Pembersih,Sayang Deterjen Cair Rose 700 ml,13.500
2046,Kebutuhan Rumah,Perawatan & Pembersih,Boom Cinta Deterjen Bubuk Lavender 770 g,14.500
2047,Kebutuhan Rumah,Perawatan & Pembersih,Gentle Gen Deterjen Cair Tumbuhan Anti Keringat 700 g,13.900
2048,Kebutuhan Rumah,Perawatan & Pembersih,Bagus Sibiru Tablet Pembersih Kloset Anti Bakteri 50 g,10.900
2049,Kebutuhan Rumah,Perawatan & Pembersih,So Klin Pewangi Pakaian Cotton Fantasy Refill 780 ml,8.900
2050,Kebutuhan Rumah,Perawatan & Pembersih,Molto Trika Pelicin & Pewangi Pakaian Pure Refill 300 ml,3.900
2051,Kebutuhan Rumah,Perawatan & Pembersih,Molto Trika Pelicin & Pewangi Pakaian Japanese Peach Refill 300 ml,3.900
2052,Kebutuhan Rumah,Perawatan & Pembersih,So Klin Liquid Nature Deterjen Cair French Lilac Botol 700 ml,13.500
2053,Kebutuhan Rumah,Perawatan & Pembersih,Boom Cinta Deterjen Cair Rose Ceria 510 ml,7.500
2054,Kebutuhan Rumah,Perawatan & Pembersih,Royale by So Klin Pelembut & Pewangi Pakaian Summer Lovin 600 ml,13.900
2055,Kebutuhan Rumah,Perawatan & Pembersih,Royale by So Klin Pelembut & Pewangi Pakaian Spring Blossom 600 ml,13.900
2056,Kebutuhan Rumah,Perawatan & Pembersih,WPC Cairan Pembersih Kloset Original Botol 600 ml,15.900
2057,Kebutuhan Rumah,Perawatan & Pembersih,Super Pell Cairan Pembersih Lantai Anti Minyak & Noda Sakura 740 ml,10.900
2058,Kebutuhan Rumah,Perawatan & Pembersih,So Klin Deterjen Cair Hijab Cool 700 ml,13.900
2059,Kebutuhan Rumah,Perawatan & Pembersih,Mama Lime Green Sabun Cuci Piring Jeruk Nipis dan Timun Refill 690 g,7.900
2060,Kebutuhan Rumah,Perawatan & Pembersih,Vixal Cairan Pembersih Kamar Mandi Ekstra Kuat 360 ml,7.900
2061,Kebutuhan Rumah,Perawatan & Pembersih,Downy Pelembut & Pewangi Pakaian Fresh Bouquet Refill 875 ml,
2062,Kebutuhan Rumah,Perawatan & Pembersih,Supersol Karbol Cairan Pembersih Lantai Floral Mint Refill 720 g,
2063,Kebutuhan Rumah,Perawatan & Pembersih,Mama Lemon Stain Remover Pembersih Serba Guna Refill 500 g,
2064,Kebutuhan Rumah,Perawatan & Pembersih,Mama Lemon Sabun Cuci Piring Jeruk Nipis Refill 1.5 kg,
2065,Kebutuhan Rumah,Perawatan & Pembersih,So Klin Pewangi Pakaian Active Sport Refill 1.7 L,18.900
2066,Kebutuhan Rumah,Perawatan & Pembersih,So Klin Cairan Pembersih Lantai Fruity Apple Refill 1.6 L,17.900
2067,Kebutuhan Rumah,Perawatan & Pembersih,So Klin Cairan Pembersih Lantai Citrus Lemon Refill 1.6 L,17.900
2068,Kebutuhan Rumah,Perawatan & Pembersih,Supersol Karbol Cairan Pembersih Lantai Cemara Refill 1.5 L,21.500
2069,Kebutuhan Rumah,Perawatan & Pembersih,Vixal Kuat Segar Pembersih Kamar Mandi Lemon Refill 600 ml,10.900
2070,Kebutuhan Rumah,Perawatan & Pembersih,Boom Cinta Deterjen Cair Lavender 510 ml,7.500
2071,Kebutuhan Rumah,Perawatan & Pembersih,Bayclin Pemutih Pakaian Lemon 1 L,21.900
2072,Kebutuhan Rumah,Perawatan & Pembersih,Rinso Matic Deterjen Bubuk Mesin Cuci Bukaan Depan 1.8 kg,65.000
2073,Kebutuhan Rumah,Perawatan & Pembersih,Daia Deterjen Bubuk Putih Fresh Scent 4 kg,56.500
2074,Kebutuhan Rumah,Perawatan & Pembersih,Harpic Cairan Pembersih Kamar Mandi Citrus 750 ml,35.000
2075,Kebutuhan Rumah,Perawatan & Pembersih,Sunlight Power Sabun Cuci Piring Spray 300 ml,21.500
2076,Kebutuhan Rumah,Perawatan & Pembersih,Sunlight Professional Sabun Cuci Piring Jeruk Nipis Pouch 2.2 L,31.500
2077,Kebutuhan Rumah,Perawatan & Pembersih,Rinso Matic Professional Deterjen Bubuk Mesin Cuci Laundry Refill 3 kg,63.900
2078,Kebutuhan Rumah,Perawatan & Pembersih,SoSoft Deterjen Cair Tumbuhan + Pelembut Pakaian Sweet Peony 700 ml,13.900
2079,Kebutuhan Rumah,Perawatan & Pembersih,Yuri Matic Deterjen Cair Anti Bau Keringat Romantic Blue Jerigen 3.7 L,97.500
2080,Kebutuhan Rumah,Perawatan & Pembersih,Total Deterjen Bubuk + Pelembut Pakaian Oriental Blossom 700 g,13.900
2081,Kebutuhan Rumah,Perawatan & Pembersih,Total Deterjen Bubuk + Pelembut Pakaian Floral Bliss 700 g,13.900
2082,Kebutuhan Rumah,Perawatan & Pembersih,Total Deterjen Bubuk + Pelembut Pakaian Harum Bunga 770 g,12.500
2083,Kebutuhan Rumah,Perawatan & Pembersih,Total Deterjen Bubuk + Pelembut Pakaian Putih 770 g,12.500
2084,Kebutuhan Rumah,Perawatan & Pembersih,Total Deterjen Bubuk + Pelembut Pakaian Violet Breeze 770 g,12.500
2085,Kebutuhan Rumah,Perawatan & Pembersih,Total Deterjen Bubuk + Pelembut Pakaian Harum Lemon 770 g,12.500
2086,Kebutuhan Rumah,Perawatan & Pembersih,BuKrim SuperKlin Sensorial Deterjen Bubuk Jinhae Cherry Blossom 650 g,14.000
2087,Kebutuhan Rumah,Perawatan & Pembersih,Daia Deterjen Bubuk Clean & Fresh Hijab 4 kg,56.500
2088,Kebutuhan Rumah,Perawatan & Pembersih,Daia Deterjen Bubuk + Pelembut Pakaian Romantic Pink 2.7 kg,42.500
2089,Kebutuhan Rumah,Perawatan & Pembersih,So Klin Softergent Deterjen Cair + Pelembut Pakaian Sakura Stroberi Refill 1.6 L,29.900
2090,Kebutuhan Rumah,Perawatan & Pembersih,So Klin Nature Series Deterjen Cair Provence Lavender Refill 1.6 L,29.900
2091,Kebutuhan Rumah,Perawatan & Pembersih,So Klin Cairan Pembersih Lantai Citrus Garden Refill 1.45 L,13.900
2092,Kebutuhan Rumah,Perawatan & Pembersih,So Klin Cairan Pembersih Lantai Eucalyptus Mint Refill 1.45 L,13.900
2093,Kebutuhan Rumah,Perawatan & Pembersih,Sunlight Sabun Cuci Piring Jeruk Nipis Botol 750 ml,10.000
2094,Kebutuhan Rumah,Perawatan & Pembersih,AVA Pelembut & Pewangi Pakaian Essential Rose 600 ml,10.500
2095,Kebutuhan Rumah,Perawatan & Pembersih,AVA Pelembut & Pewangi Pakaian Violet Sensations 600 ml,10.500
2096,Kebutuhan Rumah,Perawatan & Pembersih,AVA Pelembut & Pewangi Pakaian Essential Rose 1.4 L,23.900
2097,Kebutuhan Rumah,Perawatan & Pembersih,AVA Pelembut & Pewangi Pakaian Violet Sensations 1.4 L,23.900
2098,Kebutuhan Rumah,Perawatan & Pembersih,K1000 Deterjen Bubuk Lavender Bloom 5 kg,56.900
2099,Kebutuhan Rumah,Perawatan & Pembersih,K1000 Deterjen Bubuk Aqua Rose 5 kg,56.900
2100,Kebutuhan Rumah,Perawatan & Pembersih,Triple Dice Deterjen Bubuk Floral Fantasy 4.2 kg,53.900
2101,Kebutuhan Rumah,Perawatan & Pembersih,Triple Dice Deterjen Bubuk Tri-Zip 4.2 kg,53.900
2102,Kebutuhan Rumah,Perawatan & Pembersih,Kuat Harimau Sabun Cuci Piring Jeruk Nipis Jerigen 5 L,67.500
2103,Kebutuhan Rumah,Perawatan & Pembersih,Kuat Harimau Super-K Deterjen Cair Anti Bakteri 3.8 kg,76.900
2104,Kebutuhan Rumah,Perawatan & Pembersih,Kuat Harimau Super-K Deterjen Cair Colourtec 3.6 kg,76.900
2105,Kebutuhan Rumah,Perawatan & Pembersih,Kilau Nipis Sabun Cuci Piring Refill 630 ml,7.400
2106,Kebutuhan Rumah,Perawatan & Pembersih,Rinso Anti Noda Deterjen Cair Pure Refill 1.5 L,31.900
2107,Kebutuhan Rumah,Perawatan & Pembersih,So Klin Liquid Nature Deterjen Cair Teh Hijau & Melati 700 ml,13.500
2108,Kebutuhan Rumah,Perawatan & Pembersih,Wizz Penghilang Noda Pakaian Cair Floral Fresh Refill 425 ml,14.900
2109,Kebutuhan Rumah,Perawatan & Pembersih,SoSoft Deterjen Cair Tumbuhan Floral Lily 700 ml,13.900
2110,Kebutuhan Rumah,Perawatan & Pembersih,Bagus Karbol Cairan Disinfektan Pembersih Lantai Refill Pinus 575 ml,11.500
2111,Kebutuhan Rumah,Perawatan & Pembersih,So Klin Deterjen Bubuk Eau de Parfum Fleurs de Lis 1.4 kg,25.900
2112,Kebutuhan Rumah,Perawatan & Pembersih,So Klin Deterjen Bubuk Eau de Parfum Fleurs Blanches No. 7 1.4 kg,25.900
2113,Kebutuhan Rumah,Perawatan & Pembersih,Wipol Karbol Cairan Pembersih Lantai Sereh & Jeruk Refill 720 g,13.500
2114,Kebutuhan Rumah,Perawatan & Pembersih,Wipol Karbol Cairan Pembersih Lantai Lemon Refill 720 g,13.500
2115,Kebutuhan Rumah,Perawatan & Pembersih,Wipol Karbol Cairan Pembersih Lantai Cemara Refill 720 g,13.500
2116,Kebutuhan Rumah,Perawatan & Pembersih,Vixal Cairan Pembersih Kamar Mandi Ekstra Kuat 700 g,13.900
2117,Kebutuhan Rumah,Perawatan & Pembersih,"Downy Long Wear Pewangi, Pelicin & Pelembut Pakaian Midnight Opulence 500 ml",24.900
2118,Kebutuhan Rumah,Perawatan & Pembersih,"Downy Long Wear Pewangi, Pelicin & Pelembut Pakaian Sunshine Radiance 500 ml",24.900
2119,Kebutuhan Rumah,Perawatan & Pembersih,Gentle Gen Deterjen Cair Tumbuhan Camellia Bloom 700 g,13.900
2120,Kebutuhan Rumah,Perawatan & Pembersih,Mama Lime Green Sabun Cuci Piring Jeruk Nipis dan Timun 690 g,8.900
2121,Kebutuhan Rumah,Perawatan & Pembersih,Gentle Gen Deterjen Cair Morning Breeze 700 g + Kilau Nipis Sabun Cuci Piring,16.000
2122,Kebutuhan Rumah,Perawatan & Pembersih,Gentle Gen Deterjen Cair Silk Rose 700 g + Kilau Nipis Sabun Cuci Piring,16.000
2123,Kebutuhan Rumah,Perawatan & Pembersih,"Kispray Kasturi Suci Pelicin, Pewangi & Pelembut Pakaian Refill 280 ml",7.500
2124,Kebutuhan Rumah,Perawatan & Pembersih,So Klin Nature Series Deterjen Cair Provence Lavender Refill 525 ml,8.500
2125,Kebutuhan Rumah,Perawatan & Pembersih,SOS Cairan Pembersih Lantai Sereh Refill 675 ml,10.500
2126,Kebutuhan Rumah,Perawatan & Pembersih,Mama Lemon Sabun Cuci Piring Lemon & Daun Mint Refill 690 g,8.900
2127,Kebutuhan Rumah,Perawatan & Pembersih,Woshi Woshi Sabun Cuci Piring Lime & Baking Soda Lemon Basil 600 + 300 ml,8.900
2128,Kebutuhan Rumah,Perawatan & Pembersih,Ekonomi Sabun Cuci Piring Nanas & Jeruk Nipis Anti Bau Refill 670 g,6.900
2129,Kebutuhan Rumah,Perawatan & Pembersih,Ekonomi Sabun Cuci Piring Siwak & Jeruk Limau 670 g,6.900
2130,Kebutuhan Rumah,Perawatan & Pembersih,Lifebuoy Sabun Cuci Piring Lemon Refill 650 ml,6.900
2131,Kebutuhan Rumah,Perawatan & Pembersih,Vanish White Penghilang Noda Pakaian Cair Refill 425 ml,24.900
2132,Kebutuhan Rumah,Perawatan & Pembersih,Molto Trika Pelicin dan Pewangi Pakaian Floral Bliss 300 ml,3.900
2133,Kebutuhan Rumah,Perawatan & Pembersih,"Rapika Pelicin, Pewangi & Pelembut Pakaian Lavender Splash Refill 300 ml",5.200
2134,Kebutuhan Rumah,Perawatan & Pembersih,"Kispray Kasturi Suci Pelicin, Pewangi & Pelembut Pakaian Botol 318 ml",
2135,Kebutuhan Rumah,Perawatan & Pembersih,So Klin Softergent Deterjen Bubuk + Pelembut Pakaian Velvet Orchid 720 g,
2136,Kebutuhan Rumah,Perawatan & Pembersih,So Klin Softergent Deterjen Bubuk + Pelembut Pakaian Velvet Orchid 1.4 kg,
2137,Kebutuhan Rumah,Perawatan & Pembersih,Sunlight Biocare Nature Sabun Cuci Piring & Peralatan Bayi 870 g,
2138,Kebutuhan Rumah,Perawatan & Pembersih,Royale Pelembut Pakaian Matcha Blossom 600 ml,
2139,Kebutuhan Rumah,Perawatan & Pembersih,SoKlin Pewangi Pakaian Tropical Summer 780 ml,
2140,Kebutuhan Rumah,Perawatan & Pembersih,Harpic Cairan Pembersih Kamar Mandi White & Shine 450 ml,18.400
2141,Kebutuhan Rumah,Perawatan & Pembersih,Rinso SuperPro Deterjen Matic Cair Jerigen 4.5 L,45.900
2142,Kebutuhan Rumah,Perawatan & Pembersih,Molto SuperPro Pelembut Pakaian Jerigen 4.5 L,59.900
2143,Kebutuhan Rumah,Perawatan & Pembersih,Rinso SensiFresh Deterjen Bubuk Japanese Peach 2750 g,49.000
2144,Kebutuhan Rumah,Perawatan & Pembersih,Filmore Pharma Laundry Lab Deterjen Cair Pakaian Dalam Pump 250 ml,53.000
2145,Kebutuhan Rumah,Perawatan & Pembersih,Daia Deterjen Bubuk Floral Refill 4 kg,56.500
2146,Kebutuhan Rumah,Perawatan & Pembersih,So Klin Pewangi Pakaian Cotton Fantasy Refill 1700 ml,18.900
2147,Kebutuhan Rumah,Perawatan & Pembersih,So Klin Pelembut & Pewangi Pakaian Starry New York 1700 ml,19.900
2148,Kebutuhan Rumah,Perawatan & Pembersih,So Klin Pelembut & Pewangi Pakaian Tokyo Spring 1700 ml,19.900
2149,Kebutuhan Rumah,Perawatan & Pembersih,So Klin Softergent Deterjen Bubuk + Pelembut Pakaian Rosy Pink 2.7 kg,45.900
2150,Kebutuhan Rumah,Perawatan & Pembersih,So Klin Softergent Deterjen Bubuk + Pelembut Pakaian Lavender & Lily 2.7 kg,45.900
2151,Kebutuhan Rumah,Perawatan & Pembersih,So Klin Softergent Deterjen Bubuk + Pelembut Pakaian Sakura & Strawberry 2.7 kg,45.900
2152,Kebutuhan Rumah,Perawatan & Pembersih,So Klin Softergent Deterjen Bubuk + Pelembut Pakaian Magnolia & Berries 2.7 kg,45.900
2153,Kebutuhan Rumah,Perawatan & Pembersih,Wizz Penghilang Noda Pakaian Floral Fresh 750 ml,23.500
2154,Kebutuhan Rumah,Perawatan & Pembersih,Mama Lime Sabun Cuci Piring Higienis Lime Refill 1.5 L,17.500
2155,Kebutuhan Rumah,Perawatan & Pembersih,CIF Cream Pembersih Serbaguna Original Botol 660 g,29.900
2156,Kebutuhan Rumah,Perawatan & Pembersih,CIF Cream Pembersih Serbaguna Lemon Botol 660 g,29.900
2157,Kebutuhan Rumah,Perawatan & Pembersih,POLKI Pembersih Kulkas Anti Bakteri Spray 400 ml,27.900
2158,Kebutuhan Rumah,Perawatan & Pembersih,POLKI Pembersih Kulkas Anti Bakteri Refill 1.5 L,39.900
2159,Kebutuhan Rumah,Perawatan & Pembersih,POLKI Pembersih Dapur Serbaguna 1.5 L,39.900
2160,Kebutuhan Rumah,Perawatan & Pembersih,Sayang Profesional Deterjen Cair + Pelembut Pakaian White Flower Jerigen 4.5 L,55.000
2161,Kebutuhan Rumah,Perawatan & Pembersih,Sayang Profesional Deterjen Cair + Pelembut Pakaian Blooming Freesia & Rose 4.5 L,55.000
2162,Kebutuhan Rumah,Perawatan & Pembersih,Rinso Matic Deterjen Kapsul Sakura Blossom 189 g,27.500
2163,Kebutuhan Rumah,Perawatan & Pembersih,Rinso Matic Deterjen Kapsul Lavender Fresh 189 g,27.500
2164,Kebutuhan Rumah,Perawatan & Pembersih,Vanish White Penghilang Noda Pakaian Cair Refill 750 ml,39.000
2165,Kebutuhan Rumah,Perawatan & Pembersih,So Klin Deterjen Cair Violet Blossom Refill 1.6 L,35.000
2166,Kebutuhan Rumah,Perawatan & Pembersih,Molto Pelembut & Pewangi Pakaian Gentle Fresh 765 ml,9.900
2167,Kebutuhan Rumah,Perawatan & Pembersih,So Klin Liquid Nature Deterjen Cair English Rose Botol 700 ml,13.500
2168,Kebutuhan Rumah,Perawatan & Pembersih,So Klin Deterjen Cair Japanese Sakura & Strawberry 525 ml,8.500
2169,Kebutuhan Rumah,Perawatan & Pembersih,Molto Pelembut & Pewangi Pakaian Hijab Soft & Fresh Refill 765 ml,9.900
2170,Kebutuhan Rumah,Perawatan & Pembersih,Sunlight Sabun Cuci Piring Jeruk Nipis Refill 910 ml,12.500
2171,Kebutuhan Rumah,Perawatan & Pembersih,So Klin Cairan Pembersih Lantai Apple & Peony 770 ml,9.900
2172,Kebutuhan Rumah,Perawatan & Pembersih,Mama Lemon Sabun Cuci Piring Jeruk Nipis Refill 950 g,14.900
2173,Kebutuhan Rumah,Perawatan & Pembersih,SOS Cairan Pembersih Lantai Orange Splash Refill 725 ml,8.900
2174,Kebutuhan Rumah,Perawatan & Pembersih,"Kispray Perfume Pelicin, Pewangi, Pelembut & Pakaian Sapphire Refill 200 ml",5.800
2175,Kebutuhan Rumah,Perawatan & Pembersih,Vixal Cairan Pembersih Kamar Mandi Kuat Harum Segar 700 g,13.900
2176,Kebutuhan Rumah,Perawatan & Pembersih,Ekonomi Sabun Krim Serbaguna Anti Noda Clean & Fresh 380 g,5.200
2177,Kebutuhan Rumah,Perawatan & Pembersih,Ekonomi Sabun Krim Serbaguna Fresh Citrus 380 g,5.800
2178,Kebutuhan Rumah,Perawatan & Pembersih,So Klin Softergent Deterjen Bubuk + Pelembut Pakaian Peony & Rose 700 g,15.500
2179,Kebutuhan Rumah,Perawatan & Pembersih,So Klin Pewangi Pakaian Romantic Pink Refill 780 ml,8.900
2180,Kebutuhan Rumah,Perawatan & Pembersih,So Klin Softergent Deterjen Bubuk + Pelembut Pakaian Magnolia & Berries 700 g,15.500
2181,Kebutuhan Rumah,Perawatan & Pembersih,Rinso Anti Noda Molto Deterjen Bubuk + Pelembut Pakaian Rose Fresh Refill 380 g,10.000
2182,Kebutuhan Rumah,Perawatan & Pembersih,"Rapika Pelicin, Pewangi & Pelembut Pakaian Japanese Sakura & Strawberry 300 ml",5.200
2183,Kebutuhan Rumah,Perawatan & Pembersih,Rinso SensiFresh Deterjen Cair Japanese Peach Refill 510 ml,14.500
2184,Kebutuhan Rumah,Perawatan & Pembersih,Rinso Anti Noda Deterjen Bubuk Pure 1.4 kg,24.900
2185,Kebutuhan Rumah,Perawatan & Pembersih,Ekonomi Sabun Cuci Piring Jeruk Nipis 670 g,6.900
2186,Kebutuhan Rumah,Perlengkapan Rumah,Alfamart Kantong Sampah 60 x 80 cm 12 pcs,11.500
2187,Kebutuhan Rumah,Perlengkapan Rumah,Scorlines Payung Lipat Assorted,64.500
2188,Kebutuhan Rumah,Perlengkapan Rumah,Alfamart Lilin Ulang Tahun 24 pcs,15.000
2189,Kebutuhan Rumah,Perlengkapan Rumah,Philips MyCare Lampu Bohlam LED Putih 8 Watt,74.900
2190,Kebutuhan Rumah,Perlengkapan Rumah,Philips MyCare Lampu Bohlam LED Putih 6 Watt,64.200
2191,Kebutuhan Rumah,Perlengkapan Rumah,Shamu Lampu Bohlam LED Putih 11 Watt,23.900
2192,Kebutuhan Rumah,Perlengkapan Rumah,Philips LED Bright Lampu Bohlam LED Cool Daylight 11 Watt,89.900
2193,Kebutuhan Rumah,Perlengkapan Rumah,Ecolink Lampu Bohlam LED Putih Cool Daylight 9 Watt,18.900
2194,Kebutuhan Rumah,Perlengkapan Rumah,Ecolink Lampu Bohlam LED Putih Cool Daylight 11 Watt,27.900
2195,Kebutuhan Rumah,Perlengkapan Rumah,Philips Essential Lampu Bohlam LED Cool Daylight 13 W,81.900
2196,Kebutuhan Rumah,Perlengkapan Rumah,Shamu Lampu Bohlam LED 13 Watt,27.900
2197,Kebutuhan Rumah,Perlengkapan Rumah,Energizer 2025 Baterai Lithium Bulat 3V CR2025 2 pcs,26.200
2198,Kebutuhan Rumah,Perlengkapan Rumah,Energizer 2032 Baterai Lithium Bulat CR2032 2 pcs,28.000
2199,Kebutuhan Rumah,Perlengkapan Rumah,Alfamart Kantong Sampah 45 x 50 cm 20 pcs,10.500
2200,Kebutuhan Rumah,Perlengkapan Rumah,Shamu Lampu Bohlam LED 7 Watt,21.900
2201,Kebutuhan Rumah,Perlengkapan Rumah,ABC Alkaline Baterai 9V 6LR61,45.900
2202,Kebutuhan Rumah,Perlengkapan Rumah,Kenmaster Kabel Ties Nylon 15 cm,7.400
2203,Kebutuhan Rumah,Perlengkapan Rumah,Kenmaster Gembok 2 pcs,31.600
2204,Kebutuhan Rumah,Perlengkapan Rumah,Kenmaster Steker Adaptor Listrik L009,20.500
2205,Kebutuhan Rumah,Perlengkapan Rumah,Kenmaster Stop Kontak F1 4 Lubang 1.5 m,85.500
2206,Kebutuhan Rumah,Perlengkapan Rumah,Eveready Heavy Duty Baterai AAA 1012 BP 4 pcs,15.300
2207,Kebutuhan Rumah,Perlengkapan Rumah,Xander Gembok Pendek 40 mm,40.500
2208,Kebutuhan Rumah,Perlengkapan Rumah,ABC Super Power Baterai AAA R-03 4 pcs,18.000
2209,Kebutuhan Rumah,Perlengkapan Rumah,Alfamart Lilin 8 pcs,17.500
2210,Kebutuhan Rumah,Perlengkapan Rumah,Alfamart Kantong Sampah 50 x 75 cm 8 pcs,15.400
2211,Kebutuhan Rumah,Perlengkapan Rumah,ABC Alkaline Baterai AA Millenium Power LR-06 2 pcs,22.400
2212,Kebutuhan Rumah,Perlengkapan Rumah,ABC Alkaline Baterai AAA Millenium Power LR-03 2 pcs,22.400
2213,Kebutuhan Rumah,Perlengkapan Rumah,Philips Essential Lampu Bohlam LED Putih E27 9 Watt,
2214,Kebutuhan Rumah,Perlengkapan Rumah,ABC Baterai Super Power R-20 Besar 2 pcs,
2215,Kebutuhan Rumah,Perlengkapan Rumah,ABC Baterai Biru Besar R-20 2 pcs,
2216,Kebutuhan Rumah,Perlengkapan Rumah,ABC Baterai Super Power AA R-6 4 pcs,
2217,Kebutuhan Rumah,Perlengkapan Rumah,Ecolink Lampu Bohlam LED Putih Cool Daylight Multipack 9 Watt,
2218,Kebutuhan Rumah,Perlengkapan Rumah,Kenmaster Padlock Gembok Kode Angka 30 mm TSA KM 335,
2219,Kebutuhan Rumah,Perlengkapan Rumah,Kenmaster Gembok Pendek BL50L,
2220,Kebutuhan Rumah,Perlengkapan Rumah,Ecolink Lampu Bohlam LED Putih Cool Daylight Multipack 11 Watt,
2221,Kebutuhan Rumah,Perlengkapan Rumah,Ecolink Lampu Bohlam LED Putih Cool Daylight Multipack 5 Watt / 6 Watt,
2222,Kebutuhan Rumah,Perlengkapan Rumah,ABC Baterai R-6 Spesial 4 pcs,
2223,Kebutuhan Rumah,Perlengkapan Rumah,Tulasi Gopuram Dupa 1 Pack,
2224,Kebutuhan Rumah,Perlengkapan Rumah,Shamu Lampu Senter Rechargeable 4+1 LED SH-234 1 pcs,
2225,Kebutuhan Rumah,Perlengkapan Rumah,Philips Essential Lampu Bohlam LED Putih E27 11 Watt,
2226,Kebutuhan Rumah,Perlengkapan Rumah,Vion Gembok Kuning 20 mm,
2227,Kebutuhan Rumah,Perlengkapan Rumah,Harum Tulip Dupa 1 Pack,
2228,Kebutuhan Rumah,Perlengkapan Rumah,Kawi Gopala Dupa Sari Madu Cina 1 Pack,
2229,Kebutuhan Rumah,Perlengkapan Rumah,ABC Baterai AAA R-03 Biru 4 pcs,
2230,Kebutuhan Rumah,Perlengkapan Rumah,ABC Baterai AA Biru R-6 4 pcs,
2231,Kebutuhan Rumah,Perlengkapan Rumah,Shamu Lampu Bohlam LED 9 Watt,
2232,Kebutuhan Rumah,Perlengkapan Rumah,Mitsui Stop Kontak 4 Lubang + 3 Port USB MSC 154 1.6 m,75.900
2233,Kebutuhan Rumah,Perlengkapan Rumah,ABC Alkaline Baterai AAA Millenium Power LR-03 8 pcs + Case,52.900
2234,Kebutuhan Rumah,Perlengkapan Rumah,ABC Alkaline Baterai AA Millenium Power LR-06 8 pcs + Case,52.900
2235,Kebutuhan Rumah,Perlengkapan Rumah,Eveready Super Heavy Duty Baterai AA 1.5 V Hitam 12 pcs,42.900
2236,Kebutuhan Rumah,Perlengkapan Rumah,ABC Super Power Baterai R6 AA 12 pcs,38.900
2237,Kebutuhan Rumah,Perlengkapan Rumah,ABC Super Power Baterai R3 AAA 12 pcs,30.900
2238,Kebutuhan Rumah,Perlengkapan Rumah,Prokleen Bubuk Pembersih Mesin Cuci 500 g,45.000
2239,Kebutuhan Rumah,Perlengkapan Rumah,Kenmaster Timbangan Koper Travel KM-169,40.900
2240,Kebutuhan Rumah,Perlengkapan Rumah,Hannochs Lampu Bohlam New LED Bluetooth 9 Watt,55.900
2241,Kebutuhan Rumah,Perlengkapan Rumah,Kenmaster Gembok Panjang BL50L 50 mm,31.900
2242,Kebutuhan Rumah,Perlengkapan Rumah,Kenmaster Set Obeng Jam 6 pcs,8.500
2243,Kebutuhan Rumah,Perlengkapan Rumah,Kenmaster Adaptor Listrik Travel Universal KM-931,34.500
2244,Kebutuhan Rumah,Perlengkapan Rumah,Skrineer Alas Hewan Multifungsi 20 pcs,59.900
2245,Kebutuhan Rumah,Perlengkapan Rumah,Energizer Max Baterai AA 2 pcs,27.600
2246,Kebutuhan Rumah,Perlengkapan Rumah,Energizer Max Baterai AAA 2 pcs,27.600
2247,Kebutuhan Rumah,Perlengkapan Rumah,ABC Baterai Biru Besar R-20 2 pcs,21.200
2248,Kebutuhan Rumah,Perlengkapan Rumah,ABC Baterai Super Power R-20 Besar 2 pcs,35.200
2249,Kebutuhan Rumah,Perlengkapan Rumah,ABC Baterai AA Biru R-6 4 pcs,17.200
2250,Kebutuhan Rumah,Perlengkapan Rumah,Eveready Heavy Duty Baterai AA 1015 BP 4 pcs,15.200
2251,Kebutuhan Rumah,Perlengkapan Rumah,Eveready Super Heavy Duty Baterai AA 1215 4 pcs,20.200
2252,Kebutuhan Rumah,Perlengkapan Rumah,ABC Alkaline Baterai AA Millenium Power LR-06 4 pcs,39.900
2253,Kebutuhan Rumah,Perlengkapan Rumah,Energizer Max Baterai AA 4 pcs,44.600
2254,Kebutuhan Rumah,Perlengkapan Rumah,Energizer Max Baterai AAA 4 pcs,44.600
2255,Kebutuhan Rumah,Perlengkapan Rumah,Eveready Super Heavy Duty Baterai AAA 4 pcs,18.800
2256,Kebutuhan Rumah,Perlengkapan Rumah,ABC Alkaline Baterai AAA Millenium Power LR-03 4 pcs,39.900
2257,Kebutuhan Rumah,Perlengkapan Rumah,Energizer 2016 Baterai Lithium Bulat 3V E-CR2016 BP2 2 Pcs,23.800
2258,Kebutuhan Rumah,Perlengkapan Rumah,Eveready Senter LED Metal Light 1 pcs Assorted,59.900
2259,Kebutuhan Rumah,Perlengkapan Rumah,ABC Baterai Super Power AA R-6 4 pcs,20.200
2260,Kebutuhan Rumah,Perlengkapan Rumah,ABC Baterai Super Power Kotak 9 Volt,21.000
2261,Kebutuhan Rumah,Perlengkapan Rumah,Klin Pak Aluminium Foil Pembungkus Serbaguna Refill 8 m x 30 cm,23.000
2262,Kebutuhan Rumah,Perlengkapan Rumah,Hannochs Alfa Lampu Bohlam LED Multipack 10 Watt,60.000
2263,Kebutuhan Rumah,Perlengkapan Rumah,Hannochs Alfa Lampu Bohlam LED Multipack 6 Watt,40.700
2264,Kebutuhan Rumah,Perlengkapan Rumah,Mister Klinner Kantong Sampah Sedang 60 x 80 cm 12 pcs,23.900
2265,Kebutuhan Rumah,Perlengkapan Rumah,Mister Klinner Kantong Sampah Besar 80 x 100 cm 8 pcs,23.900
2266,Kebutuhan Rumah,Perlengkapan Rumah,Hannochs Lampu Bohlam LED Click & Dim 10 Watt,22.800
2267,Kebutuhan Rumah,Perlengkapan Rumah,Hannochs Lampu Bohlam New Tricolour 10 Watt,22.800
2268,Kebutuhan Rumah,Perlengkapan Rumah,Hannochs Lampu Bohlam LED Sensor 11 Watt,57.500
2269,Kebutuhan Rumah,Perlengkapan Rumah,Hannochs Genius Lampu Bohlam Emergency LED 6W,67.700
2270,Kebutuhan Rumah,Perlengkapan Rumah,Bagus Kantong Sampah Wangi Segar Premium dengan Tali S 45 x 50 cm 24 s,26.500
2271,Kebutuhan Rumah,Perlengkapan Rumah,Hannochs Supra Lampu Bohlam LED Cool Daylight 30 Watt,40.500
2272,Kebutuhan Rumah,Tisu,Alfamart Tisu Wajah Disney 200 s,14.900
2273,Kebutuhan Rumah,Tisu,Alfamart Tisu Wajah Albi Travel Pack 50 s,5.800
2274,Kebutuhan Rumah,Tisu,Alfamart Tisu Wajah 700 s,41.500
2275,Kebutuhan Rumah,Tisu,Alfamart Tisu Toilet Gulung 4 x 220 s,15.900
2276,Kebutuhan Rumah,Tisu,Alfamart Tisu Wajah Winnie the Pooh / Lotso Assorted 200 s,7.900
2277,Kebutuhan Rumah,Tisu,Saniter Tisu Basah Anti Bakteri & Antiseptik Fresh Clean 50 s,10.900
2278,Kebutuhan Rumah,Tisu,Tessa Tisu Wajah 2 x 200 s,25.000
2279,Kebutuhan Rumah,Tisu,Alfamart Tisu Basah Tangan dan Mulut Disney 20 s,6.900
2280,Kebutuhan Rumah,Tisu,Alfamart Tisu Basah Anti Bakteri Disney 48 s,8.900
2281,Kebutuhan Rumah,Tisu,Alfamart Tisu Wajah 900 s,44.900
2282,Kebutuhan Rumah,Tisu,Nuvo Family Tisu Basah Antiseptik Fresh 2 x 50 s,21.000
2283,Kebutuhan Rumah,Tisu,Alfamart Tisu Dapur 2 Roll,19.900
2284,Kebutuhan Rumah,Tisu,Alfamart Tisu Wajah Doraemon 70 s,6.200
2285,Kebutuhan Rumah,Tisu,Alfamart Tisu Wajah Bambu Premium BT21 50 s,7.200
2286,Kebutuhan Rumah,Tisu,Alfamart Tisu Wajah Bambu Premium BT21 200 s,8.500
2287,Kebutuhan Rumah,Tisu,Alfamart Tisu Wajah Bambu Premium BT21 100 s,9.900
2288,Kebutuhan Rumah,Tisu,Alfamart Tisu Basah Bambu 20 s,6.900
2289,Kebutuhan Rumah,Tisu,Alfamart Tisu Wajah Bambu Premium Disney 100 s,8.900
2290,Kebutuhan Rumah,Tisu,Tessa Nature Tisu Wajah Tanpa Pewarna 120 s,15.900
2291,Kebutuhan Rumah,Tisu,Multi Tisu Wajah 1000 g,48.400
2292,Kebutuhan Rumah,Tisu,Paseo Smart Tisu Wajah 540 ply,19.700
2293,Kebutuhan Rumah,Tisu,Nice Tisu Wajah 2 x 200 s,22.500
2294,Kebutuhan Rumah,Tisu,Dettol Tisu Basah Anti Bakteri Original 10 s,15.700
2295,Kebutuhan Rumah,Tisu,Paseo Tisu Dapur Gulung 70 s,15.700
2296,Kebutuhan Rumah,Tisu,Paseo Elegant Tisu Wajah 510 ply,20.300
2297,Kebutuhan Rumah,Tisu,Multi Tisu Wajah 250 s,12.000
2298,Kebutuhan Rumah,Tisu,Nice Tisu Wajah 250 s,14.200
2299,Kebutuhan Rumah,Tisu,Tessa Tisu Wajah 260 s,16.400
2300,Kebutuhan Rumah,Tisu,Nice Living Tisu Wajah Serbaguna 900 g,43.400
2301,Kebutuhan Rumah,Tisu,Alfamart Tisu Wajah 220 s,8.900
2302,Kebutuhan Rumah,Tisu,Paseo Tisu Basah Anti Bakteri 25 s - Beli 1 Gratis 1,9.800
2303,Kebutuhan Rumah,Tisu,Nuvo Family Tisu Basah Antiseptik Original 50 s - Beli 1 Gratis 1,14.900
2304,Kebutuhan Rumah,Tisu,Nuvo Family Tisu Basah Nature Protect Anti Bakteri 2 x 25 s,7.900
2305,Kebutuhan Rumah,Tisu,Alfamart Tisu Wajah One Piece 100s,
2306,Kebutuhan Rumah,Tisu,Alfamart Tisu Basah Tangan dan Mulut Sanrio 20 s 2 + 1 pcs,
2307,Kebutuhan Rumah,Tisu,Alfamart Tisu Wajah Sanrio 50 s 2 + 1 pcs Assorted,
2308,Kebutuhan Rumah,Tisu,Nice Tisu Gantung 400 s,
2309,Kebutuhan Rumah,Tisu,Alfamart Tisu Wajah Bambu Premium BT21 3 x 150 s,
2310,Kebutuhan Rumah,Tisu,Tessa Nature Tisu Wajah Tanpa Pewarna 3 Ply 60 s,6.300
2311,Kebutuhan Rumah,Tisu,Tessa Nature Tisu Wajah Tanpa Pewarna 3 Ply 950 g,53.900
2312,Kebutuhan Rumah,Tisu,Tessa Nature Tisu Toilet Gulung Tanpa Pewarna 4 Ply 4 x 220 s,30.900
2313,Kebutuhan Rumah,Tisu,Tessa Nature Tisu Dapur Gulung Tanpa Pewarna 2 x 100 s,27.000
2314,Kebutuhan Rumah,Tisu,Paseo Duo Comfort Tisu Toilet Lipat 300 ply,10.500
2315,Kebutuhan Rumah,Tisu,Paseo Duo Comfort Tisu Toilet Lipat Travel Pack 150 ply,5.500
2316,Kebutuhan Rumah,Tisu,Caris Tisu Toilet Bambu Bottom Pull 3ply 250 s,18.500
2317,Kebutuhan Rumah,Tisu,Alfamart Tisu Wajah Bambu Premium Mickey Mouse 150 s,14.900
2318,Kebutuhan Rumah,Tisu,Unitei Tisu Basah Anti Bakteri 40 s - Beli 1 Gratis 1,23.900
2319,Kebutuhan Rumah,Tisu,Paseo Elegant Tisu Toilet Gulung 12 Roll,82.500
2320,Kebutuhan Rumah,Tisu,Paseo Tisu Dapur Gulung 3 x 70 s,32.500
2321,Kebutuhan Rumah,Tisu,Tessa Tisu Toilet Gulung 8 x 300 s,54.500
2322,Kebutuhan Rumah,Tisu,Nice Tisu Toilet Gulung 10 Roll,37.900
2323,Kebutuhan Rumah,Tisu,Paseo Elegant Tisu Toilet Gulung 8 Roll,55.500
2324,Kebutuhan Rumah,Tisu,Tessa Tisu Dapur Gulung 3 x 70 s,33.500
2325,Kebutuhan Rumah,Tisu,Dettol Tisu Basah Anti Bakteri Sensitive 50 s,29.900
2326,Kebutuhan Rumah,Tisu,Paseo Elegant Tisu Wajah Floral Edition 4 x 510 ply,65.900
2327,Kebutuhan Rumah,Tisu,Favour Tisu Wajah Gentle Touch 120 s,5.000
2328,Kebutuhan Rumah,Tisu,Montiss Softpack Tisu Wajah 2 x 200 s,12.900
2329,Kebutuhan Rumah,Tisu,Montiss Jumbo Pack Tisu Wajah Soft 1100 s,27.500
2330,Kebutuhan Rumah,Tisu,Montiss Softpack Tisu Wajah 150 s,4.900
2331,Kebutuhan Rumah,Tisu,Montiss Softpack Tisu Wajah 4 in 1 200 s,14.500
2332,Kebutuhan Rumah,Tisu,Multi Tisu Wajah 600 g,28.300
2333,Kebutuhan Rumah,Tisu,Alfamart Tisu Wajah 180 s - Beli 2 Gratis 1,22.900
2334,Kebutuhan Rumah,Tisu,Alfamart Tisu Wajah Disney Premium 100 s,9.900
2335,Kebutuhan Rumah,Tisu,Paseo Elegant Tisu Wajah Travel Pack 150 ply,5.500
2336,Kebutuhan Rumah,Tisu,Alfamart Tisu Wajah 400 s,19.200
2337,Kebutuhan Rumah,Tisu,Paseo Tisu Wajah Ultra Soft 40 s,7.700
2338,Kebutuhan Rumah,Tisu,Caris Tisu Dapur Bambu Bottom Pull 2ply 300 s,18.600
2339,Kebutuhan Rumah,Tisu,Caris Tisu Wajah Bambu Bottom Pull 3ply 300 s,16.900
2340,Kebutuhan Rumah,Tisu,Caris Tisu Wajah Bambu Buttom Pull 3ply Travel Pack 3 x 50 s,9.900
2341,Kebutuhan Rumah,Pengharum Ruangan & Anti Lembab,Stella Pengharum Ruangan Vanilla 7 ml,24.100
2342,Kebutuhan Rumah,Pengharum Ruangan & Anti Lembab,Alfamart Pengharum Ruangan Gantung Apel 50 g,10.000
2343,Kebutuhan Rumah,Pengharum Ruangan & Anti Lembab,Alfamart Pengharum Ruangan Gantung Orange 50 g,10.000
2344,Kebutuhan Rumah,Pengharum Ruangan & Anti Lembab,Dahlia Pengharum Ruangan Gantung Teh Keraton 75 g,12.900
2345,Kebutuhan Rumah,Pengharum Ruangan & Anti Lembab,Alfamart Kamper Bola Kamar Mandi Teh Sultan 5 pcs,22.900
2346,Kebutuhan Rumah,Pengharum Ruangan & Anti Lembab,Alfamart Kamper Bola Kamar Mandi Kopi Sultan 5 pcs,22.900
2347,Kebutuhan Rumah,Pengharum Ruangan & Anti Lembab,Dahlia Kamper Ruangan Citronella 6 pcs,27.500
2348,Kebutuhan Rumah,Pengharum Ruangan & Anti Lembab,Glade Pengharum Ruangan Kamar Mandi Gantung Fresh Lavender Mist 70 g,13.800
2349,Kebutuhan Rumah,Pengharum Ruangan & Anti Lembab,Stella Pengharum Ruangan Otomatis Alat + Refill 160 ml,81.000
2350,Kebutuhan Rumah,Pengharum Ruangan & Anti Lembab,Glade Refill Pengharum Ruangan Otomatis Ocean Escape 146 g,40.100
2351,Kebutuhan Rumah,Pengharum Ruangan & Anti Lembab,Alfamart Kapur Barus Kamar Mandi Warna 5 pcs,19.900
2352,Kebutuhan Rumah,Pengharum Ruangan & Anti Lembab,Alfamart Kamper Lemari 300 g,30.900
2353,Kebutuhan Rumah,Pengharum Ruangan & Anti Lembab,Swallow Kamper Gantung Anti Lembap 150 g,27.700
2354,Kebutuhan Rumah,Pengharum Ruangan & Anti Lembab,Swallow Kamper Bola Kamar Mandi Warna 5 pcs,31.800
2355,Kebutuhan Rumah,Pengharum Ruangan & Anti Lembab,Swallow Kamper Lemari Anti Bau Putih 150 g,22.400
2356,Kebutuhan Rumah,Pengharum Ruangan & Anti Lembab,Dahlia Pengharum Ruangan Otomatis Teh Keraton 225 ml,29.400
2357,Kebutuhan Rumah,Pengharum Ruangan & Anti Lembab,Swallow Kamper Lemari Anti Bau Putih 300 g,31.300
2358,Kebutuhan Rumah,Pengharum Ruangan & Anti Lembab,Stella Pengharum Ruangan Aerosol Jeju Orange 350 ml,28.900
2359,Kebutuhan Rumah,Pengharum Ruangan & Anti Lembab,Stella Pengharum Ruangan Otomatis Green Fantasy Refill 160 ml,35.900
2360,Kebutuhan Rumah,Pengharum Ruangan & Anti Lembab,Stella Pengharum Ruangan Otomatis Wild Flower Refill 160 ml,35.900
2361,Kebutuhan Rumah,Pengharum Ruangan & Anti Lembab,Swallow Kamper Anti Lembap Floral Fresh 6 pcs,25.400
2362,Kebutuhan Rumah,Pengharum Ruangan & Anti Lembab,Stella Pengharum Ruangan Gantung Jeju Orange 42 g,12.500
2363,Kebutuhan Rumah,Pengharum Ruangan & Anti Lembab,Glade Pengharum Ruangan Gantung Exotic Flowers 70 g,9.900
2364,Kebutuhan Rumah,Pengharum Ruangan & Anti Lembab,Swallow Kamper Warna Anti Bau 150 g,17.500
2365,Kebutuhan Rumah,Pengharum Ruangan & Anti Lembab,Alfamart Kamper Lemari 150 g,12.900
2366,Kebutuhan Rumah,Pengharum Ruangan & Anti Lembab,Stella Pengharum Ruangan Otomatis Apple Fiesta Refill 160 ml,35.900
2367,Kebutuhan Rumah,Pengharum Ruangan & Anti Lembab,Stella Pocket Pengharum Ruangan Kamar Mandi Gantung Purple Lily 10 g,10.200
2368,Kebutuhan Rumah,Pengharum Ruangan & Anti Lembab,Bagus Pengharum Ruangan Gantung Luwak Coffee,13.500
2369,Kebutuhan Rumah,Pengharum Ruangan & Anti Lembab,Dahlia Kamper Kamar Mandi Garden Lavender 5 pcs,23.900
2370,Kebutuhan Rumah,Pengharum Ruangan & Anti Lembab,Glade Pengharum Ruangan Aerosol Peony & Berry Bliss 350 ml,24.900
2371,Kebutuhan Rumah,Pengharum Ruangan & Anti Lembab,Swallow Kamper Bola Kamar Mandi Warna Wangi Bunga 3 pcs,15.900
2372,Kebutuhan Rumah,Pengharum Ruangan & Anti Lembab,Alfamart Kamper Bola Kamar Mandi Warna 5 pcs,22.900
2373,Kebutuhan Rumah,Pengharum Ruangan & Anti Lembab,Glade Refill Pengharum Ruangan Otomatis Peony & Berry 146 g,
2374,Kebutuhan Rumah,Pengharum Ruangan & Anti Lembab,Bayfresh Men Series Reed Diffuser Pengharum Ruangan Forest 30 ml,65.000
2375,Kebutuhan Rumah,Pengharum Ruangan & Anti Lembab,Bayfresh Men Series Reed Diffuser Pengharum Ruangan Midnight 30 ml,58.000
2376,Kebutuhan Rumah,Pengharum Ruangan & Anti Lembab,Bayfresh Traveling Series Reed Diffuser Pengharum Ruangan Japanese Matcha 30 ml,46.900
2377,Kebutuhan Rumah,Pengharum Ruangan & Anti Lembab,Bayfresh Traveling Series Reed Diffuser Pengharum Ruangan Korean Magnolia 30 ml,46.900
2378,Kebutuhan Rumah,Pengharum Ruangan & Anti Lembab,Bayfresh Traveling Series Reed Diffuser Pengharum Ruangan Java Tea 30 ml,46.900
2379,Kebutuhan Rumah,Pengharum Ruangan & Anti Lembab,Dahlia Reed Diffuser Pengharum Ruangan Teh Keraton 30 ml,43.900
2380,Kebutuhan Rumah,Pengharum Ruangan & Anti Lembab,Dahlia Reed Diffuser Pengharum Ruangan Cendana Padmasana Refill 30 ml,29.000
2381,Kebutuhan Rumah,Pengharum Ruangan & Anti Lembab,Glade Pengharum Ruangan Aerosol Jasmine Tea 350 ml,27.000
2382,Kebutuhan Rumah,Pengharum Ruangan & Anti Lembab,Glade Scented Gel Pengharum Ruangan Jasmine Tea 180 g,21.900
2383,Kebutuhan Rumah,Pengharum Ruangan & Anti Lembab,Dahlia Reed Diffuser Pengharum Ruangan Serai Kencana 30 ml,43.900
2384,Kebutuhan Rumah,Pengharum Ruangan & Anti Lembab,Dahlia Reed Diffuser Pengharum Ruangan Serai Kencana Refill 30 ml,29.000
2385,Kebutuhan Rumah,Pengharum Ruangan & Anti Lembab,Glade Pengharum Ruangan Aerosol Vanilla & Oud Wood 350 ml,27.000
2386,Kebutuhan Rumah,Pengharum Ruangan & Anti Lembab,Glade Pengharum Ruangan Gantung Elegant Vanilla & Oud Wood 70 g,10.500
2387,Kebutuhan Rumah,Pengharum Ruangan & Anti Lembab,Glade Pengharum Ruangan Otomatis Lavender Alat + Refill,79.500
2388,Kebutuhan Rumah,Pengharum Ruangan & Anti Lembab,BayFresh Reed Diffuser Pengharum Ruangan Sakura Bloom 30 ml,46.900
2389,Kebutuhan Rumah,Pengharum Ruangan & Anti Lembab,BayFresh Reed Diffuser Pengharum Ruangan Vanilla Bean 30 ml,46.900
2390,Kebutuhan Rumah,Pengharum Ruangan & Anti Lembab,BayFresh Reed Diffuser Pengharum Ruangan Sakura Bloom Refill 30 ml,31.500
2391,Kebutuhan Rumah,Pengharum Ruangan & Anti Lembab,BayFresh Reed Diffuser Pengharum Ruangan Yuzu Peach Refill 30 ml,31.500
2392,Kebutuhan Rumah,Pengharum Ruangan & Anti Lembab,BayFresh Reed Diffuser Pengharum Ruangan Vanilla Bean Refill 30 ml,31.500
2393,Kebutuhan Rumah,Pengharum Ruangan & Anti Lembab,BayFresh Reed Diffuser Pengharum Ruangan Amber Lavender Refill 30 ml,31.500
2394,Kebutuhan Rumah,Pengharum Ruangan & Anti Lembab,Dahlia Pengharum Ruangan Gantung Cendana Padmasana 75 g,10.500
2395,Kebutuhan Rumah,Pengharum Ruangan & Anti Lembab,Dahlia Pengharum Ruangan Otomatis Cendana Padmasana Refill 225 ml,29.900
2396,Kebutuhan Rumah,Pengharum Ruangan & Anti Lembab,BayFresh Pengharum Ruangan Gantung Strawberry Bubblegum 70 + 5 g,9.900
2397,Kebutuhan Rumah,Pengharum Ruangan & Anti Lembab,Swallow Kamper Gantung Anti Lembap Orange 80 g,19.700
2398,Kebutuhan Rumah,Pengharum Ruangan & Anti Lembab,Bayfresh Pop Scent Pengharum Kamar Mandi Gantung Joy 10 g,6.900
2399,Kebutuhan Rumah,Pengharum Ruangan & Anti Lembab,Stella Mini Pengharum Ruangan Otomatis Green Fantasy Refill 40 ml,25.500
2400,Kebutuhan Rumah,Pengharum Ruangan & Anti Lembab,Stella Mini Pengharum Ruangan Otomatis Caffe Latte Refill 40 ml,25.500
2401,Kebutuhan Rumah,Pengharum Ruangan & Anti Lembab,Alfamart Kamper Bola Kamar Mandi Warna 5 pcs,22.900
2402,Kebutuhan Rumah,Pengharum Ruangan & Anti Lembab,Stella Pengharum Ruangan Aerosol Secret Lavender 350 ml,28.900
2403,Kebutuhan Rumah,Pengharum Ruangan & Anti Lembab,Stella Pengharum Ruangan Gantung Lavender 42 g,12.500
2404,Kebutuhan Rumah,Pengharum Ruangan & Anti Lembab,Stella Pengharum Ruangan Otomatis Japanese Sakura Refill 160 ml,35.900
2405,Kebutuhan Rumah,Pengharum Ruangan & Anti Lembab,Glade Pengharum Ruangan Gantung Jasmine Tea 70 + 5 g,9.900
2406,Kebutuhan Rumah,Pengharum Ruangan & Anti Lembab,Stella Pengharum Ruangan Otomatis Alat + Refill Assorted 25 ml,25.900
2407,Kebutuhan Rumah,Pengharum Ruangan & Anti Lembab,Stella Pengharum Ruangan Otomatis Lavender Bloom Refill 25 ml,14.900
2408,Kebutuhan Rumah,Pengharum Ruangan & Anti Lembab,Stella Pocket Pengharum Ruangan Kamar Mandi Gantung Green Apple 10 g,10.200
2409,Kebutuhan Rumah,Pengharum Ruangan & Anti Lembab,Swallow Kamper Bola Kamar Mandi Citronella 5 pcs,24.900
2410,Kebutuhan Rumah,Pengharum Ruangan & Anti Lembab,Stella Pengharum Ruangan Otomatis Balinese Jasmine Sensation Refill 160 ml,35.900
2411,Kebutuhan Rumah,Pengharum Ruangan & Anti Lembab,Stella Pengharum Ruangan Gantung Balinese Jasmine Sensation 42 g,12.500
2412,Kebutuhan Rumah,Pengharum Ruangan & Anti Lembab,Alfamart Pengharum Ruangan Gantung Teh Sultan 50 g,9.900
2413,Kebutuhan Rumah,Pengharum Ruangan & Anti Lembab,Alfamart Pengharum Ruangan Gantung Kopi Sultan 50 g,10.000
2414,Kebutuhan Rumah,Pengharum Ruangan & Anti Lembab,Fresly Pengharum Ruangan Aerosol Mountain Breeze 400 + 50 ml,19.900
2415,Kebutuhan Rumah,Pengharum Ruangan & Anti Lembab,Stella Pocket Pengharum Ruangan Kamar Mandi Gantung Luxurious Flower 10 g,10.200
2416,Kebutuhan Rumah,Pengharum Ruangan & Anti Lembab,Kaori Pengharum Ruangan Gel Spring Sakura 50 g + 15 g,8.000
2417,Kebutuhan Rumah,Pengharum Ruangan & Anti Lembab,Fresly Pengharum Ruangan Aerosol Fresh Morning 225 ml,24.900
2418,Kebutuhan Rumah,Pengharum Ruangan & Anti Lembab,Fresly Air Care Pengharum Ruangan Aerosol Tea Time Refill 225 ml,24.900
2419,Kebutuhan Rumah,Pengharum Ruangan & Anti Lembab,Stella Pengharum Ruangan Gantung Caffe Latte 42 g,12.500
2420,Kebutuhan Rumah,Pengharum Ruangan & Anti Lembab,Stella Pengharum Ruangan Aerosol Japanese Sakura 350 ml,28.900
2421,Kebutuhan Rumah,Pengharum Ruangan & Anti Lembab,Glade Pengharum Ruangan Gantung Ocean Escape 70 g,9.900
2422,Kebutuhan Rumah,Pengharum Ruangan & Anti Lembab,Stella Pengharum Ruangan Aerosol Balinese Jasmine Sensation 350 ml,
2423,Kebutuhan Rumah,Pengharum Ruangan & Anti Lembab,Bagus Serap Air 4 x 50 ml,26.900
2424,Kebutuhan Rumah,Pengharum Ruangan & Anti Lembab,Bagus Serap Air Box 450 ml,27.900
2425,Kebutuhan Rumah,Pengharum Ruangan & Anti Lembab,Bagus Anti Bau Penghilang Bau Kamar Mandi 100 g,12.900
2426,Kebutuhan Rumah,Pengharum Ruangan & Anti Lembab,Bagus Gel Anti Bau Lemari Es 180 g,32.500
2427,Kebutuhan Rumah,Pengharum Ruangan & Anti Lembab,Bagus Gel Anti Bau Lemari & Rak 180 g,32.500
2428,Kebutuhan Rumah,Pengharum Ruangan & Anti Lembab,Bagus Anti Bau Mobil 100 g,12.900
2429,Kebutuhan Rumah,Pengharum Ruangan & Anti Lembab,Bagus Anti Bau Lemari 50 g,8.500
2430,Kebutuhan Rumah,Pengharum Ruangan & Anti Lembab,Bagus Serap Air Refill 450 ml,12.900
2431,Kebutuhan Rumah,Pengharum Ruangan & Anti Lembab,BayFresh Pop Scent Pengharum Kamar Mandi Gantung Clean 10 g,6.900
2432,Kebutuhan Rumah,Pengharum Ruangan & Anti Lembab,BayFresh Pop Scent Pengharum Kamar Mandi Gantung Lovely 10 g,6.900
2433,Kebutuhan Rumah,Pengharum Ruangan & Anti Lembab,Bayfresh Pengharum Ruangan Aerosol Strawberry Bubblegum 320 ml,17.500
2434,Kebutuhan Rumah,Pengharum Ruangan & Anti Lembab,BayFresh Pengharum Ruangan Aerosol Sakura Bloom 320 ml,17.500
2435,Kebutuhan Rumah,Pengharum Ruangan & Anti Lembab,Bagus Serap Air Anti Lembap Gantung 2 x 400 ml,37.900
2436,Kebutuhan Rumah,Pengharum Ruangan & Anti Lembab,Stella Pengharum Ruangan Aerosol Warm Verbena 350 ml,23.500
2437,Kebutuhan Rumah,Pengharum Ruangan & Anti Lembab,Stella Pengharum Ruangan Aerosol Royal Kenanga 350 ml,23.500
2438,Kebutuhan Rumah,Pengharum Ruangan & Anti Lembab,Bagus Fresh Pengharum Ruangan Gantung Cendana Pouch 50 g,9.900
2439,Kebutuhan Rumah,Pengharum Ruangan & Anti Lembab,Bagus Fresh Pengharum Ruangan Gantung Teh Keraton Pouch 50 g,9.900
2440,Kebutuhan Rumah,Pengharum Ruangan & Anti Lembab,Dahlia Reed Diffuser Pengharum Ruangan Teh Keraton Refill 30 ml,27.000
2441,Kebutuhan Rumah,Pengharum Ruangan & Anti Lembab,Dahlia Reed Diffuser Pengharum Ruangan Cendana Padmasana 30 ml,39.900
2442,Kebutuhan Rumah,Pengharum Ruangan & Anti Lembab,Kaori Pengharum Ruangan Gel Sweet Powder 50 g + 15 g,6.500
2443,Kebutuhan Rumah,Pengharum Ruangan & Anti Lembab,Kaori Pengharum Ruangan Aerosol Spring Sakura 240 ml,14.300
2444,Kebutuhan Rumah,Pengharum Ruangan & Anti Lembab,Kaori Pengharum Ruangan Aerosol Sweet Powder 240 ml,11.900
2445,Kebutuhan Rumah,Pengharum Ruangan & Anti Lembab,Dahlia Pengharum Ruangan Otomatis Arum Dalu 225 ml,27.900
2446,Kebutuhan Rumah,Pengharum Ruangan & Anti Lembab,Pinkberry Reed Diffuser Pengharum Ruangan Gardenia Wishes 30 ml,52.900
2447,Kebutuhan Rumah,Pengharum Ruangan & Anti Lembab,Pinkberry Reed Diffuser Pengharum Ruangan Violet Garden 30 ml,52.900
2448,Kebutuhan Rumah,Pembasmi Hama & Serangga,Fumakilla Vape Obat Nyamuk Cair Elektrik Sakura Blossom Refill 45 ml,19.600
2449,Kebutuhan Rumah,Pembasmi Hama & Serangga,Fumakilla Vape Premium Obat Nyamuk Bakar Jumbo 5 pcs,5.600
2450,Kebutuhan Rumah,Pembasmi Hama & Serangga,HIT Magic Expert Obat Nyamuk Bakar Floral Blossom 10 pcs,6.500
2451,Kebutuhan Rumah,Pembasmi Hama & Serangga,Fumakilla Vape Obat Nyamuk Cair Fruity Fresh Refill 45 ml,19.600
2452,Kebutuhan Rumah,Pembasmi Hama & Serangga,Fumakilla One Push Vape Obat Nyamuk Aerosol Lemon 10 ml,25.500
2453,Kebutuhan Rumah,Pembasmi Hama & Serangga,HIT Mat Obat Nyamuk Elektrik Ekonomis,14.100
2454,Kebutuhan Rumah,Pembasmi Hama & Serangga,HIT Mat Obat Nyamuk Elektrik 48 pcs,17.600
2455,Kebutuhan Rumah,Pembasmi Hama & Serangga,HIT Mat Obat Nyamuk Elektrik 18 pcs,9.300
2456,Kebutuhan Rumah,Pembasmi Hama & Serangga,Bagus Kapur Ajaib Anti Kecoa & Semut 12 x 3.5 g,21.500
2457,Kebutuhan Rumah,Pembasmi Hama & Serangga,Fumakilla Vape Obat Nyamuk Semprot Fresh Orange 600 ml,32.500
2458,Kebutuhan Rumah,Pembasmi Hama & Serangga,Baygon Coil Jumbo Max Obat Nyamuk Bakar Demam Berdarah Fresh Scent 5 pcs,4.900
2459,Kebutuhan Rumah,Pembasmi Hama & Serangga,Baygon Obat Nyamuk Aerosol Cherry Blossom 600 ml,33.500
2460,Kebutuhan Rumah,Pembasmi Hama & Serangga,Fumakilla Vape Obat Nyamuk Aerosol Sweet Powder Aroma 600 ml,32.500
2461,Kebutuhan Rumah,Pembasmi Hama & Serangga,Fumakilla Vape Obat Nyamuk Aerosol Fruity Fresh 600 ml,32.500
2462,Kebutuhan Rumah,Pembasmi Hama & Serangga,Baygon Max Obat Nyamuk Aerosol Cherry Berry Island 500 ml,31.900
2463,Kebutuhan Rumah,Pembasmi Hama & Serangga,Fumakilla Vape Obat Nyamuk Floral Bubble Aerosol 600 ml,32.500
2464,Kebutuhan Rumah,Pembasmi Hama & Serangga,Baygon Obat Nyamuk Aerosol Citrus Fresh 400 ml,25.900
2465,Kebutuhan Rumah,Pembasmi Hama & Serangga,Baygon Obat Nyamuk Aerosol Flower Garden 600 + 75 ml,45.900
2466,Kebutuhan Rumah,Pembasmi Hama & Serangga,Fumakilla One Push Vape Obat Nyamuk Aerosol Purple Orchid 10 ml,19.900
2467,Kebutuhan Rumah,Pembasmi Hama & Serangga,Baygon Obat Nyamuk Aerosol Citrus Fresh 600 + 75 ml,46.400
2468,Kebutuhan Rumah,Pembasmi Hama & Serangga,HIT Obat Nyamuk Aerosol Orange 600 ml,34.800
2469,Kebutuhan Rumah,Pembasmi Hama & Serangga,Fumakilla One Push Vape Obat Nyamuk Aerosol Orange 10 ml,19.900
2470,Kebutuhan Rumah,Pembasmi Hama & Serangga,HIT Non Stop Obat Nyamuk Elektrik Ekonomis Alat + Refill,17.500
2471,Kebutuhan Rumah,Pembasmi Hama & Serangga,HIT Non Stop Obat Nyamuk Cair Elektrik Fresh Refill 35 ml,15.400
2472,Kebutuhan Rumah,Pembasmi Hama & Serangga,HIT Obat Nyamuk Aerosol Lily Blossom 180 ml,17.900
2473,Kebutuhan Rumah,Pembasmi Hama & Serangga,HIT Obat Nyamuk Aerosol Lily Blossom 600 ml,33.900
2474,Kebutuhan Rumah,Pembasmi Hama & Serangga,Cap Gajah Lem Perangkap Tikus 70 g,15.600
2475,Kebutuhan Rumah,Pembasmi Hama & Serangga,HIT Expert Obat Nyamuk Aerosol Fresh Citrus 600 ml,33.900
2476,Kebutuhan Rumah,Pembasmi Hama & Serangga,HIT Obat Nyamuk Aerosol Orange 180 ml,17.900
2477,Kebutuhan Rumah,Pembasmi Hama & Serangga,Baygon Obat Nyamuk Aerosol Silky Lavender 400 ml,33.500
2478,Kebutuhan Rumah,Pembasmi Hama & Serangga,HIT Xpress Obat Nyamuk Cair Elektrik Apel Refill 35 ml,15.400
2479,Kebutuhan Rumah,Pembasmi Hama & Serangga,HIT Obat Nyamuk Aerosol Lily Blossom 400 ml,25.900
2480,Kebutuhan Rumah,Pembasmi Hama & Serangga,Fumakilla Vape Obat Nyamuk Cair Elektrik Fruity Fresh Refill 45 ml,16.900
2481,Kebutuhan Rumah,Pembasmi Hama & Serangga,Bagus Lem Ajaib Perangkap Tikus,14.200
2482,Kebutuhan Rumah,Pembasmi Hama & Serangga,Baygon Obat Nyamuk Aerosol Japanese Peach 600 ml,45.900
2483,Kebutuhan Rumah,Pembasmi Hama & Serangga,HIT Xpress Obat Nyamuk Cair Elektrik Apel Alat + Refill 35 ml,16.900
2484,Kebutuhan Rumah,Pembasmi Hama & Serangga,HIT Obat Nyamuk Aerosol Pink Blossom 600 ml,33.900
2485,Kebutuhan Rumah,Pembasmi Hama & Serangga,Fumakilla Vape Obat Nyamuk Cair Elektrik Sweet Powder Refill 45 ml,15.500
2486,Kebutuhan Rumah,Pembasmi Hama & Serangga,Baygon Max Obat Nyamuk Aerosol Floral Fantasy 500 ml,44.900
2487,Kebutuhan Rumah,Pembasmi Hama & Serangga,Fumakilla Vape Plus Fumakilla Obat Nyamuk Elektrik Alat + Refill Fruity Fresh 45 ml,15.900
2488,Kebutuhan Rumah,Pembasmi Hama & Serangga,Fumakilla Vape Plus Fumakilla Refill Obat Nyamuk Elektrik Fruity Fresh 45 ml,15.500
2489,Kebutuhan Rumah,Pembasmi Hama & Serangga,HIT Xpress Obat Nyamuk Cair Elektrik Pink Blossom Refill 35 ml,15.400
2490,Kebutuhan Rumah,Pembasmi Hama & Serangga,Fumakilla Vape Premium Obat Nyamuk Bakar Jumbo 5 Pcs,
2491,Kebutuhan Rumah,Pembasmi Hama & Serangga,Manguni Obat Nyamuk Bakar Jumbo Merah 5 pcs,
2492,Kebutuhan Rumah,Pembasmi Hama & Serangga,Manguni Obat Nyamuk Bakar Jumbo Hijau 5 pcs,
2493,Kebutuhan Rumah,Pembasmi Hama & Serangga,Fumakilla Vape Obat Nyamuk Aerosol Candy Flower 600 ml,
2494,Kebutuhan Rumah,Pembasmi Hama & Serangga,Baygon Obat Nyamuk Waterbased 500 ml,
2495,Kebutuhan Rumah,Pembasmi Hama & Serangga,HIT Obat Nyamuk Aerosol Lavender Breeze 600 ml,
2496,Kebutuhan Rumah,Pembasmi Hama & Serangga,HIT Obat Anti Kecoa Aerosol Fresh 150 ml,18.500
2497,Kebutuhan Rumah,Pembasmi Hama & Serangga,Hogasan Cairan Anti Serangga 200 ml,79.900
2498,Kebutuhan Rumah,Pembasmi Hama & Serangga,Baygon Obat Nyamuk Cair Elektrik Lavender Alat + Refill 22 ml,14.900
2499,Kebutuhan Rumah,Pembasmi Hama & Serangga,Fumakilla Vape Plus Obat Nyamuk Aerosol Orange Breeze 500 ml,24.900
2500,Kebutuhan Rumah,Pembasmi Hama & Serangga,HoyHoy Perangkap Kecoa 5 pcs,40.500
2501,Kebutuhan Rumah,Pembasmi Hama & Serangga,Baygon Obat Nyamuk Aerosol Citrus Fresh 750 ml,54.500
2502,Kebutuhan Rumah,Pembasmi Hama & Serangga,Baygon Obat Nyamuk Aerosol Silky Lavender 750 ml,54.500
2503,Kebutuhan Rumah,Pembasmi Hama & Serangga,HIT Obat Nyamuk Aerosol Lily Blossom 750 ml,36.900
2504,Kebutuhan Rumah,Pembasmi Hama & Serangga,HIT Obat Nyamuk Aerosol Orange 750 ml,36.900
2505,Kebutuhan Rumah,Pembasmi Hama & Serangga,Baygon Max Obat Nyamuk Aerosol Matcha Paradise 500 ml,42.900
2506,Kebutuhan Rumah,Pembasmi Hama & Serangga,Baygon Obat Nyamuk Aerosol Flower Garden 750 ml,54.500
2507,Kebutuhan Rumah,Pembasmi Hama & Serangga,NoMos Obat Nyamuk Aerosol Elegant Lily 600 ml,27.900
2508,Kebutuhan Rumah,Pembasmi Hama & Serangga,Vape Dora Lem Perangkap Tikus 1 pc,12.900
2509,Kebutuhan Rumah,Pembasmi Hama & Serangga,HIT Obat Nyamuk Aerosol Cotton Powder 600 ml,33.900
2510,Kebutuhan Rumah,Pembasmi Hama & Serangga,Baygon Max Obat Nyamuk Bakar Lavender Jumbo 5 pcs,5.300
2511,Kebutuhan Rumah,Pembasmi Hama & Serangga,HIT Obat Nyamuk Aerosol Japanese Sakura 600 ml,33.900
2512,Kebutuhan Rumah,Pembasmi Hama & Serangga,Fumakilla Vape Obat Pembasmi Nyamuk Aerosol Milk Tea 600 ml,32.500
2513,Kebutuhan Rumah,Pembasmi Hama & Serangga,HIT Obat Nyamuk Aerosol Pink Blossom 400 ml,25.900
2514,Kebutuhan Rumah,Pembasmi Hama & Serangga,Baygon Obat Nyamuk Aerosol Flower Garden 200 ml,21.200
2515,Kebutuhan Rumah,Pembasmi Hama & Serangga,NoMos Obat Nyamuk Aerosol Sweet Powder 600 ml,27.900
2516,Makanan,Makanan Ringan,Nadasuka Keripik Usus Gurih 180 g,
2517,Makanan,Makanan Ringan,GRES Keripik Jamur Pouch 100 g,
2518,Makanan,Makanan Ringan,unidos Makaroni Lada Hitam 68 g,
2519,Makanan,Makanan Ringan,Real Food Camilan Freeze Dried Apple 18 g,
2520,Makanan,Makanan Ringan,Paroti Brownie Crust Brownies Kering Kacang Cashew Pouch 53 g,
2521,Makanan,Makanan Ringan,CemCem Popcorn Keju Bakar 75 g,
2522,Makanan,Makanan Ringan,Snek Ku Shoyuemi Camilan Mi Rumput Laut 70 g,
2523,Makanan,Makanan Ringan,Snek Ku Shoyuemi Camilan Mi Ayam 70 g,
2524,Makanan,Makanan Ringan,Mamee Smax Cheese Ring Ghost Pepper 40 g,
2525,Makanan,Makanan Ringan,Maicih Keripik Basreng Pedas 80 g,
2526,Makanan,Makanan Ringan,My Buddy Fruit Permen Donat 8 g,
2527,Makanan,Makanan Ringan,Pocky Biskuit Stik Summer Paradise Peach 29 g,
2528,Makanan,Makanan Ringan,Khong Guan Saltcheese Combociz Crackres Krim Keju 175 g,
2529,Makanan,Makanan Ringan,Happy Toy Permen Aneka Rasa 8 g,
2530,Makanan,Makanan Ringan,D'kah Snack Keripik Ubi Ungu Wijen Pouch 100 g,
2531,Makanan,Makanan Ringan,Lucky Banana King Keripik Pisang Pouch 75 g,
2532,Makanan,Makanan Ringan,Basranger Stik Basreng 100 g,
2533,Makanan,Makanan Ringan,DTry Bolu Kering 100 g,
2534,Makanan,Makanan Ringan,Yanti H Keripik Tempe 150 g,
2535,Makanan,Makanan Ringan,Kooti Keripik Jamur Ayam Bawang Pouch 70 g,
2536,Makanan,Makanan Ringan,Yuro Stik Keju Ulir Pouch 58 g,
2537,Makanan,Makanan Ringan,Sipulut Keripik Tortilla Original 45 g,
2538,Makanan,Makanan Ringan,Putri Home Cooking Sagon Bakar Original 100 g,
2539,Makanan,Makanan Ringan,Ubaey Keripik Tempe Original 100 g,
2540,Makanan,Makanan Ringan,Chitato Keripik Kentang Rasa Rendang Sapi 62 g,
2541,Makanan,Makanan Ringan,Pejoy Biskuit Stik Cokelat Italian Style Tiramisu 30 g,
2542,Makanan,Makanan Ringan,Chupa Chups Permen Jeli Sour Crazy Raffe Stroberi Vanila 30 g,
2543,Makanan,Makanan Ringan,Kellogg's Granola Mix Berries 40 g,
2544,Makanan,Makanan Ringan,Tic Tic Stik Renyah Rasa Bawang Saos Sambal 65 g,
2545,Makanan,Makanan Ringan,Kribow Keripik Brownis Cokelat 115 g,
2546,Makanan,Makanan Ringan,Cap Salam Keripik Singkong Balado 100 g,
2547,Makanan,Makanan Ringan,Naraya Muruku Snack Otak-ku Ikan 60 g,
2548,Makanan,Makanan Ringan,Rizky Kerupuk Kemplang Panggang 200 g,
2549,Makanan,Makanan Ringan,Cap Ayam Dua Kacang Telor 450 g,
2550,Makanan,Makanan Ringan,Rizky Kerupuk Kemplang Goreng 220 g,
2551,Makanan,Makanan Ringan,Cap Salam Keripik Singkong Balado 400 g,
2552,Makanan,Makanan Ringan,Unibis Coco Puff Biskuit Cokelat 260 g,
2553,Makanan,Makanan Ringan,Cleave Kacang Tore 200 g,
2554,Makanan,Makanan Ringan,Alfamart Sumpia Udang 250 g,
2555,Makanan,Makanan Ringan,Unibis Biskuit Cream Crackers 265 g,
2556,Makanan,Makanan Ringan,Banyumusi Kerupuk Palembang Kemplang 150 g,
2557,Makanan,Makanan Ringan,nabati Richoco Wafer Krim Cokelat 75 g,
2558,Makanan,Makanan Ringan,Potato Snack Crispy Original 200 g,
2559,Makanan,Makanan Ringan,Naraya Kuaci 100 g,
2560,Makanan,Makanan Ringan,R&R Keripik Kembang Tahu 200 g,
2561,Makanan,Makanan Ringan,Matahari Kacang Original Khas Bali 250 g,
2562,Makanan,Makanan Ringan,Raja Patin Kerupuk Kulit Ikan Patin Pouch 100 g,
2563,Makanan,Makanan Ringan,Sang Kepok Keripik Pisang Cokelat 80 g,
2564,Makanan,Makanan Ringan,Probitas Bolu Panggang Gula Aren Toples 325 g,
2565,Makanan,Makanan Ringan,Probitas Bolu Panggang Vanila Toples 325 g,
2566,Makanan,Makanan Ringan,Bika Crackers Rasa Udang 70 g,
2567,Makanan,Makanan Ringan,Naraya Oat Cookies Cokelat Chips 150 g,
2568,Makanan,Makanan Ringan,Manda Keripik Beling Original 110 g,
2569,Makanan,Makanan Ringan,Naraya Salted Chese Cookies 90 g,
2570,Makanan,Makanan Ringan,Naraya Cokelat Rasa Truffle Hazelnut 92 g,
2571,Makanan,Makanan Ringan,Naraya Naraball Wafer Salut Cokelat 80 g,
2572,Makanan,Makanan Ringan,Bika Keripik Rasa Sotong 70 g,
2573,Makanan,Makanan Ringan,Apollo Wafer Krim Susu 12 x 12 g,
2574,Makanan,Makanan Ringan,Pak Dj Keripik Pisang 150 g,
2575,Makanan,Makanan Ringan,Manda Keripik Beling Nyebelin 110 g,
2576,Makanan,Makanan Ringan,Spring Food Kacang Bawang 175 g,
2577,Makanan,Makanan Ringan,Naraya Permen Jelly Rasa Jeruk 200 g,
2578,Makanan,Makanan Ringan,Diasweet Fiberwafer Camilan Wafer Royal Vanila 180 g,
2579,Makanan,Makanan Ringan,Muruku Snack Rasa Ikan 270 g,
2580,Makanan,Makanan Ringan,Qtela Keripik Singkong Original 60 g,
2581,Makanan,Makanan Ringan,nabati White Wafer 127 g,
2582,Makanan,Makanan Ringan,Erildya Seblak Kering Pedas 85 g,
2583,Makanan,Makanan Ringan,Hj. Ati Kacang Jaruk 250 g,
2584,Makanan,Makanan Ringan,Mr. Acan Kerupuk Acan Pedas Manis 80 g,
2585,Makanan,Makanan Ringan,Tiara Kacang Telor Pedas 200 g,
2586,Makanan,Makanan Ringan,Adila Snack Ciput Ubi 150 g,
2587,Makanan,Makanan Ringan,Gundul Keripik Mandai Balado Pouch 50 g,
2588,Makanan,Makanan Ringan,Rahayu Super Kacang Asin 100 g,
2589,Makanan,Makanan Ringan,Bu Nani Kacang Bumbu Original 250 g,
2590,Makanan,Makanan Ringan,Golden Permen Pelega Tenggorokan Jeruk 12 pcs,
2591,Makanan,Makanan Ringan,Tiga Berlian Camilan Rangginang 100 g,
2592,Makanan,Makanan Ringan,Fitela Keripik Pisang Original 100 g,
2593,Makanan,Makanan Ringan,GGS Permen Khas Gorontalo Tamalate Gula Soba 150 g,
2594,Makanan,Makanan Ringan,Dahlia Go Keripik Pisang Keju 100 g,
2595,Makanan,Makanan Ringan,Wawu Cemilan Khas Nusantara Rempeyek Ikan Cakalang 100 g,
2596,Makanan,Makanan Ringan,Cahaya Syajaril Camilan Tradisional Kacang Intip 80 g,
2597,Makanan,Makanan Ringan,Yusniar Keripik Pisang 100 g,
2598,Makanan,Makanan Ringan,Doyan Ngemil Camilan Tradisional Pisang Gosong 100 g,
2599,Makanan,Makanan Ringan,Banacito Camilan Keripik Panggang Pisang 80 g,
2600,Makanan,Makanan Ringan,Asli Kerupuk Ikan Tenggiri 110 g,
2601,Makanan,Makanan Ringan,Alfamart Kerupuk Palembang Spesial 50 g,
2602,Makanan,Makanan Ringan,Tao Kae Noi Big Sheet Crispy Seaweed Mayo Bawang Pedas 3.2 g,
2603,Makanan,Makanan Ringan,Ango Kemplang Panggang 10 pcs,
2604,Makanan,Makanan Ringan,Alfamart Basreng Pedas 120 g,
2605,Makanan,Makanan Ringan,Alfamart Emping Manis Pedas 175 g,
2606,Makanan,Makanan Ringan,Alfamart Kacang Atom Pedas 150 g,
2607,Makanan,Makanan Ringan,Alfamart Kacang Telur 150 g,
2608,Makanan,Makanan Ringan,Alfamart Kerupuk Tenggiri Pedas 100 g,
2609,Makanan,Makanan Ringan,Ayam Snack Kacang Telor 135 g,
2610,Makanan,Makanan Ringan,Alfamart Makaroni Pedas 125 g,
2611,Makanan,Makanan Ringan,Kacang Ayam Kerupuk Bawang Pedas 225 g,
2612,Makanan,Makanan Ringan,801 Kerupuk Palembang Keriting 75 g,
2613,Makanan,Makanan Ringan,Alfamart Kerupuk Jengkol Pedas 90 g,
2614,Makanan,Makanan Ringan,Bibigo Camilan Rumput Laut Rasa Barbekiu 2 x 4 g,
2615,Makanan,Makanan Ringan,Spirit Kerupuk Bawang Pedas 160 g,
2616,Makanan,Makanan Ringan,Bledugh Kacang Atom 400 g,
2617,Makanan,Makanan Ringan,Potato-Q Keripik Kentang Rasa Korean BBQ 50 g,
2618,Makanan,Makanan Ringan,Alfamart Pang Pang Manis 200 g,
2619,Makanan,Makanan Ringan,JLO Jelly Permen Fried Egg 20 g,
2620,Makanan,Makanan Ringan,Aneka Kerupuk Keong Bawang 100 g,
2621,Makanan,Makanan Ringan,Potato-Q Keripik Kentang Rasa Rumput Laut 50 g,
2622,Makanan,Makanan Ringan,Alfamart Kacang Kulit Original 250 g,
2623,Makanan,Makanan Ringan,Gajah Kacang Atom 140 g,
2624,Makanan,Makanan Ringan,Alfamart Kerupuk Tahu 50 g,
2625,Makanan,Makanan Ringan,Unibis Shortcake Biskuit Cokelat 225 g,
2626,Makanan,Makanan Ringan,Robbani Klanting Getuk 125 g,
2627,Makanan,Makanan Ringan,Alfamart Lanting 200 g,
2628,Makanan,Makanan Ringan,Chiki Balls Makanan Ringan Curious Choco 50 g,
2629,Makanan,Makanan Ringan,Bibigo Camilan Rumput Laut Rasa Spicy 2 x 4 g,
2630,Makanan,Makanan Ringan,Ny. Lie Lie Kerupuk Palembang Keriting 150 g,
2631,Makanan,Makanan Ringan,Probitas Choco Puff 350 g,
2632,Makanan,Makanan Ringan,Zico Kacang Shanghai 250 g,
2633,Makanan,Makanan Ringan,Efrata Stik Keju Spesial 100 g,
2634,Makanan,Makanan Ringan,Banyumusi Kerupuk Palembang Ikan Tenggiri 100 g,
2635,Makanan,Makanan Ringan,Cap Ayam Dua Kacang Disco 450 g,
2636,Makanan,Makanan Ringan,Oishi Popcorn Karamel 100 g,19.200
2637,Makanan,Makanan Ringan,Oishi Popcorn Cokelat 100 g,19.200
2638,Makanan,Makanan Ringan,Tango Wafer Cokelat Royal 99 g,12.200
2639,Makanan,Makanan Ringan,Alfamart Kacang Sangrai 180 g,18.300
2640,Makanan,Makanan Ringan,Super Zuper Permen Asam Assorted 125 g,11.800
2641,Makanan,Makanan Ringan,LOTTE Xylitol Permen Karet Jeruk Nipis Mint 26.1 g,9.700
2642,Makanan,Makanan Ringan,Oreo Biskuit Sandwich Dark & White Chocolate 105 g,10.900
2643,Makanan,Makanan Ringan,Yupi Permen Gummy Bentuk Mi 23 g,4.300
2644,Makanan,Makanan Ringan,JLO Chococup Cokelat Telur Disney 25 g - Assorted,13.200
2645,Makanan,Makanan Ringan,Happydent Permen Cool White 24 g,9.200
2646,Makanan,Makanan Ringan,Piattos Snack Kentang Sambal Geprek 65 g,11.900
2647,Makanan,Makanan Ringan,Milo Sereal Bar Cokelat Snack 23.5 g,9.000
2648,Makanan,Makanan Ringan,Tong Garden Sunflower Kuaci Salted Egg 120 g,20.000
2649,Makanan,Makanan Ringan,Lidi Geli Barbekiu 50 g,10.100
2650,Makanan,Makanan Ringan,Lidi Geli Pedas 50 g,10.100
2651,Makanan,Makanan Ringan,Chacha Surprise Toy Cokelat Susu Assorted 2 x 17 g,17.600
2652,Makanan,Makanan Ringan,Chiki Balls Makanan Ringan Crafty Cheese 50 g,7.500
2653,Makanan,Makanan Ringan,Alfamart Kemplang Bangka 5 pcs,11.500
2654,Makanan,Makanan Ringan,Taro Net Kentang Barbekiu 115 g,16.100
2655,Makanan,Makanan Ringan,Amos 4D Permen Jeli 3D Bentuk Balok 40 g,10.900
2656,Makanan,Makanan Ringan,Chiki Twist Makanan Ringan Jagung Bakar 75 g,7.200
2657,Makanan,Makanan Ringan,Chiki Puffs Makanan Ringan Cheddar Cheese 60 g,7.200
2658,Makanan,Makanan Ringan,"Joa-Yo Rumput Laut Korea Pedas Ekstra Besar 4,8 g",4.900
2659,Makanan,Makanan Ringan,Lemonilo Camilan Brownies Crunchy Cokelat 18 g,5.500
2660,Makanan,Makanan Ringan,Chomp-Chomp Marshmallow Sandwich 21 g,5.000
2661,Makanan,Makanan Ringan,Milo Activ Biskuit Original Pouch 128 g,21.700
2662,Makanan,Makanan Ringan,Nextar Choco Pie Keik Stroberi Isi Marshmallow 6 x 26 g,17.900
2663,Makanan,Makanan Ringan,Alfamart Kacang Campur 150 g,16.100
2664,Makanan,Makanan Ringan,Chupa Chups Ropes Permen Jeli Manis Asam Assorted 24 g,5.900
2665,Makanan,Makanan Ringan,Alfamart Marshmallow Sanrio Kuromi 60 g,8.500
2666,Makanan,Makanan Ringan,Wonhae Mini Bites Camilan Rasa Matcha Berry 30 g,11.400
2667,Makanan,Makanan Ringan,Yupi Jumbo Permen Gummy Korean Barbeque 70 g,14.900
2668,Makanan,Makanan Ringan,Milkita Milky Pudding Yogurt Susu 85 g,10.000
2669,Makanan,Makanan Ringan,Alfamart Popcorn Karamel 75 g,12.900
2670,Makanan,Makanan Ringan,Mister Potato Keripik Kentang Rumput Laut Kaleng 85 g,18.800
2671,Makanan,Makanan Ringan,"JLO Permen Jeli Gummy Peeling Leci, Anggur & Peach 40 g",9.900
2672,Makanan,Makanan Ringan,Bean Spot Kue Macaron 6 pcs,16.000
2673,Makanan,Makanan Ringan,Lemonilo Brownies Krispi Stroberi Keju 33 g,13.700
2674,Makanan,Makanan Ringan,Nissin Wafer Cokelat 325 g,24.000
2675,Makanan,Makanan Ringan,Oishi Sponge Crunch Ubi 100 g,15.000
2676,Makanan,Makanan Ringan,Kobe BonCabe Makaroni Krispi Level 15 135 g,11.800
2677,Makanan,Makanan Ringan,Aulia Snack Keripik Tusuk Gigi 150 g,
2678,Makanan,Makanan Ringan,Cap Ayam Dua Kacang Telur 225 g,
2679,Makanan,Makanan Ringan,Potato Snack Crispy Balado 200 g,
2680,Makanan,Makanan Ringan,Cap Payung Keripik Singkong Jumbo 200 g,
2681,Makanan,Makanan Ringan,Zico Kacang Telur 200 g,
2682,Makanan,Makanan Ringan,Yeye Popcorn Assorted 150 g,
2683,Makanan,Makanan Ringan,Banyumusi Kerupuk Palembang Mawar 100 g,
2684,Makanan,Makanan Ringan,Orong Orong 41 Snack Pedas 100 g,
2685,Makanan,Makanan Ringan,Orong Orong 41 Snack Original 100 g,
2686,Makanan,Makanan Ringan,Sunpride Lyfe Cavendish Keripik Pisang Sapi Panggang Barbekiu 55 g,
2687,Makanan,Makanan Ringan,Mentos Permen Aneka Buah Bag 121.5 g,
2688,Makanan,Makanan Ringan,Nextar Choco Pie Keik Cokelat Isi Marshmallow 3 x 24 g,
2689,Makanan,Makanan Ringan,Sari Murni Snack Keripik Singkong Balado 140 g,
2690,Makanan,Makanan Ringan,Fox's Crystal Clear Permen Buah-buahan Kaleng 170 g,24.900
2691,Makanan,Makanan Ringan,Pororo Ice Cone Snack Stroberi Box 54 g,35.500
2692,Makanan,Makanan Ringan,Milo Cube Snack Cokelat 67.5 g,14.500
2693,Makanan,Makanan Ringan,Pocky Biskuit Stik Cokelat Kaleng 4 x 40 g,39.900
2694,Makanan,Makanan Ringan,Yupi Gummy Candies Stroberi Kiss Toples 240 g,26.500
2695,Makanan,Makanan Ringan,Krobe Keripik Singkong Original 70 g,14.900
2696,Makanan,Makanan Ringan,Oreo Space Dunk Biskuit Sandwich Ice Cream 105 g,10.200
2697,Makanan,Makanan Ringan,Oatbits Biskuit Oat Vitafruit 110 g,6.900
2698,Makanan,Makanan Ringan,Julie's Biskuit Sandwich Keju 168 g,34.900
2699,Makanan,Makanan Ringan,"Antangin Herbal Permen Rasa Jahe, Mint, Madu Bag 100 g",7.500
2700,Makanan,Makanan Ringan,Oreo Mini Biskuit Sandwich Original 10 x 20.4 g,20.900
2701,Makanan,Makanan Ringan,Oreo Mini Biskuit Sandwich Cokelat 10 x 20.4 g,20.900
2702,Makanan,Makanan Ringan,Oreo Mini Biskuit Sandwich Stroberi 10 x 20.4 g,20.900
2703,Makanan,Makanan Ringan,Dua Kelinci Usagi Puff Gandum Karamel Pouch 80 g,11.900
2704,Makanan,Makanan Ringan,Nextar Star Richoco Biskuit Double Krim Cokelat 84 g,9.500
2705,Makanan,Makanan Ringan,Delfi Orion K Rice Crackers Beras Manis Pouch 64.8 g,11.500
2706,Makanan,Makanan Ringan,nabati Time Break Richoco Wafer Cokelat 64 g,5.900
2707,Makanan,Makanan Ringan,nabati Ahh Richeese Snack Keju 10 x 3 g,7.900
2708,Makanan,Makanan Ringan,Jagoan Neon Permen Buah Lidah Berwarna 125 g,9.900
2709,Makanan,Makanan Ringan,nabati Ahh Snack Korean Goguma 10 x 3 g,6.900
2710,Makanan,Makanan Ringan,Skinnie Power Puffs Camilan Lit Chicken Barbekiu 50 g,10.900
2711,Makanan,Makanan Ringan,Poetri Bali Kacang Bawang Pedas 75 g,11.900
2712,Makanan,Makanan Ringan,Poetri Bali Kacang Medan Original 75 g,11.900
2713,Makanan,Makanan Ringan,Tao Kae Noi Big Sheet Crispy Seaweed Japanese Sauce Box 12 x 3.2 g,59.900
2714,Makanan,Makanan Ringan,Tao Kae Noi Big Sheet Crispy Seaweed Spicy Box 12 x 3.2 g,58.900
2715,Makanan,Makanan Ringan,Tao Kae Noi Big Roll Grilled Seaweed Classic Box 12 x 3 g,71.900
2716,Makanan,Makanan Ringan,Tao Kae Noi Big Roll Grilled Seaweed Spicy Box 12 x 3 g,71.900
2717,Makanan,Makanan Ringan,Tao Kae Noi Big Roll Grilled Seaweed Spicy Squid Box 12 x 3 g,69.900
2718,Makanan,Makanan Ringan,KuSuka Ubi Mix Keripik Ubi Honey 40 g,7.900
2719,Makanan,Makanan Ringan,KuSuka Ubi Mix Keripik Ubi Original 40 g,7.900
2720,Makanan,Makanan Ringan,Choki Choki Stix Biskuit Stik Cokelat Box 48 g,6.500
2721,Makanan,Makanan Ringan,Chuba Keripik Singkong Rasa Balado 125 g,11.500
2722,Makanan,Makanan Ringan,Oops Star Crackers Rasa Mi Goreng 40 g,4.500
2723,Makanan,Makanan Ringan,Oops Star Crackers Rasa Daebak Chicken 40 g,4.500
2724,Makanan,Makanan Ringan,Tong Garden Kacang Telur Rasa Barbekiu 45 g,7.900
2725,Makanan,Makanan Ringan,Tong Garden Kacang Telur Rasa Wijen Pedas 45 g,7.900
2726,Makanan,Makanan Ringan,Nabati Siip Bite Snack Rasa Keju 62 g,5.900
2727,Makanan,Makanan Ringan,Nabati Siip Bite Snack Rasa Jagung Bakar 57 g,5.900
2728,Makanan,Makanan Ringan,Cucu Love Mallow Marshmallow Rasa Krim Stroberi 100 g,12.500
2729,Makanan,Makanan Ringan,JGT Biskuit Sandwich Rasa Keju Box 80 g,16.000
2730,Makanan,Makanan Ringan,JGT Biskuit Sandwich Rasa Lemon Box 80 g,16.000
2731,Makanan,Makanan Ringan,JGT Crackers Mentega Rasa Timun Box 85 g,16.000
2732,Makanan,Makanan Ringan,JGT Crackers Mentega Rasa Daun Bawang Box 85 g,16.000
2733,Makanan,Makanan Ringan,Lotte Toppo Biskuit Stik Pretzel Stroberi Vanila 40 g,8.000
2734,Makanan,Makanan Ringan,PoiPoi Camilan Anak Milky Melon 25 g,21.000
2735,Makanan,Makanan Ringan,PoiPoi Camilan Anak Beef & Cheese 25 g,21.000
2736,Makanan,Makanan Ringan,Laverland Crunch Camilan Rumput Laut Cheese 9 x 4.5 g,64.900
2737,Makanan,Makanan Ringan,Rasa Juara Krezzpy Basreng Jangar Pedas Daun Jeruk Pouch 120 g,19.500
2738,Makanan,Makanan Ringan,Rasa Juara Krezzpy Basreng Santai Gurih Daun Jeruk Pouch 120 g,19.500
2739,Makanan,Makanan Ringan,Cadbury Dairy Milk Cokelat Susu 382 g,109.900
2740,Makanan,Makanan Ringan,Ferrero Rocher Cokelat 300 g,225.000
2741,Makanan,Makanan Ringan,Abe Food K-Chips Keripik Singkong Rasa Cheese Crunch Pouch 80 g,20.900
2742,Makanan,Makanan Ringan,Abe Food K-Chips Keripik Singkong Rasa Salted Garlic Pouch 80 g,20.900
2743,Makanan,Makanan Ringan,Abe Food K-Chips Keripik Singkong Rasa Choco Lover Pouch 80 g,20.900
2744,Makanan,Makanan Ringan,Parago Permen Lunak Rasa Jeruk 54 g,5.500
2745,Makanan,Makanan Ringan,Maicih Keripik Singkong Level 5 100 g,20.500
2746,Makanan,Makanan Ringan,Pamma Keripik Basreng Sambal Cabe Merah Daun Jeruk 60 g,9.100
2747,Makanan,Makanan Ringan,Pamma Keripik Basreng Cabe Ijo Ala Minangkabau 60 g,9.100
2748,Makanan,Makanan Ringan,Mamee Monster Snack Mi Rasa Barbekiu 8 x 25 g,17.900
2749,Makanan,Makanan Ringan,Mamee Monster Snack Mi Rasa Ayam 8 x 25 g,17.900
2750,Makanan,Makanan Ringan,Tempenation Keripik Tempe Rasa Original 65 g,16.900
2751,Makanan,Makanan Ringan,Tempenation Keripik Tempe Rasa Balado 65 g,16.900
2752,Makanan,Makanan Ringan,Tempenation Keripik Tempe Rasa Pedas Balado 65 g,16.900
2753,Makanan,Makanan Ringan,Tempenation Keripik Gethuk Original 85 g,16.900
2754,Makanan,Makanan Ringan,Tempenation Keripik Gethuk Balado 85 g,16.900
2755,Makanan,Makanan Ringan,Dua Kelinci Camilan Assorted Pack 12 pcs,17.500
2756,Makanan,Makanan Ringan,Enon Cokelat Susu Putih Bentuk Rusa 33 g,15.900
2757,Makanan,Makanan Ringan,Enon Cokelat Susu Bentuk Kucing Rasa Green Tea 33 g,15.900
2758,Makanan,Makanan Ringan,Enon Cokelat Susu Bentuk Kelinci Rasa Stroberi 33 g,15.900
2759,Makanan,Makanan Ringan,Rebo Kuaci Biji Bunga Matahari Kelapa 120 g,14.900
2760,Makanan,Makanan Ringan,Rebo Kuaci Biji Bunga Matahari Keju 120 g,14.900
2761,Makanan,Makanan Ringan,Shinmai Camilan Crackers Tasty Seaweed 52 g,13.500
2762,Makanan,Makanan Ringan,Shinmai Camilan Crackers Original 60 g,13.500
2763,Makanan,Makanan Ringan,Shinmai Camilan Crackers Corn Cheezy 50 g,13.500
2764,Makanan,Makanan Ringan,Delfi Orion K Rice Crackers Beras Keju Pouch 100.8 g,21.900
2765,Makanan,Makanan Ringan,Kylafood Basreng Pedas daun Jeruk 80 g,13.500
2766,Makanan,Makanan Ringan,Kylafood Basreng Original daun Jeruk 80 g,13.500
2767,Makanan,Makanan Ringan,Bumil Granola Snack Bar Yogurt Berry 26 g,13.900
2768,Makanan,Makanan Ringan,Taro Tempe Keripik Rasa Sambal Matah 50 g,7.500
2769,Makanan,Makanan Ringan,Cremona Crisp Malt Cokelat Krim Hazelnut Wafer Chocolate Bola Hati 37.5 g,21.900
2770,Makanan,Makanan Ringan,Cremona Crisp Malt Cokelat Krim Hazelnut Wafer Dark Chocolate 36 g,15.900
2771,Makanan,Makanan Ringan,Cremona Crisp Malt Cokelat Krim Strawberry Wafer Chocolate 36 g,15.900
2772,Makanan,Makanan Ringan,Nims Crispy Choco Cup Cokelat Starberry 60 g,21.900
2773,Makanan,Makanan Ringan,Nims Crispy Choco Cup Cokelat Mini Choco Crunch 60 g,21.900
2774,Makanan,Makanan Ringan,Cassa Artisan Chips Camilan Keripik Singkong Rasa Barbekiu 120 g,17.900
2775,Makanan,Makanan Ringan,Cassa Artisan Chips Camilan Keripik Singkong Rasa Ayam Pedas 120 g,17.900
2776,Makanan,Makanan Ringan,Cassa Artisan Chips Camilan Keripik Singkong Rasa Truffle 60 g,9.900
2777,Makanan,Makanan Ringan,Cassa Artisan Chips Camilan Keripik Singkong Rasa Barbekiu 60 g,9.900
2778,Makanan,Makanan Ringan,Cassa Artisan Chips Camilan Keripik Singkong Rasa Ayam Pedas 60 g,9.900
2779,Makanan,Makanan Ringan,Cassa Artisan Chips Camilan Keripik Singkong Rasa Mala Pedas 60 g,9.900
2780,Makanan,Makanan Ringan,Joa-Yo Camilan Rumput Laut Korea 12 x 4 g,28.900
2781,Makanan,Makanan Ringan,SMax Party Camilan Rasa Keju 100 g,10.900
2782,Makanan,Makanan Ringan,Enon Cokelat Susu Bentuk Harimau 33 g,15.900
2783,Makanan,Makanan Ringan,Astor Wafer Stick Cokelat Double 80 g,13.500
2784,Makanan,Makanan Ringan,Superstar Snaps Wafer Cokelat Box 12 x 28 g,32.900
2785,Makanan,Makanan Ringan,Francis Nutties Camilan Kacang With Super 8 Mix 31 g,16.500
2786,Makanan,Makanan Ringan,Francis Nutties Camilan Kacang With Berry Mix 31 g,16.500
2787,Makanan,Makanan Ringan,Kopiko Permen Bebas Gula 75 g,15.900
2788,Makanan,Makanan Ringan,Aceh Teri Nasi Kriuk Rasa Original Sachet 40 g,19.000
2789,Makanan,Makanan Ringan,Aceh Teri Nasi Kriuk Rasa Rumput Laut Sachet 40 g,19.000
2790,Makanan,Makanan Ringan,Aceh Teri Nasi Kriuk Rasa Balado Sachet 40 g,19.000
2791,Makanan,Makanan Ringan,Aceh Teri Nasi Kriuk Rasa Barbeque Sachet 40 g,19.000
2792,Makanan,Makanan Ringan,Mister Brondong Popcorn Karamel Asin 80 g,15.900
2793,Makanan,Makanan Ringan,Mister Brondong Popcorn Cokelat Lava 80 g,15.900
2794,Makanan,Makanan Ringan,Geli Chips Makaraoni Pipa Pedas 65 g,10.900
2795,Makanan,Makanan Ringan,Geli Chips Makaraoni Pipa Double Pedas 65 g,10.900
2796,Makanan,Makanan Ringan,7Cosia Squeeze Jelly Rasa Bluberi & Stroberi 130 ml,12.900
2797,Makanan,Makanan Ringan,7Cosia Squeeze Jelly Rasa Lemon & Mangga 130 ml,12.900
2798,Makanan,Makanan Ringan,Milkita Milky Snack Bar Original Box 5 x 15 g,22.900
2799,Makanan,Makanan Ringan,Joa-Yo Rumput Laut Korea Pedas Pack 12 X 3 g,28.900
2800,Makanan,Makanan Ringan,"Lianggui Permen Music Lollipop Candy Apel 13,5 g",30.900
2801,Makanan,Makanan Ringan,"Lianggui Permen Music Lollipop Candy Anggur 13,5 g",30.900
2802,Makanan,Makanan Ringan,"Lianggui Permen Music Lollipop Candy Stroberi 13,5 g",30.900
2803,Makanan,Makanan Ringan,Gizzi Milk Wafer Selection Kaleng Assorted 240 g,24.200
2804,Makanan,Makanan Ringan,Julie's Charm Biskuit Sandwich Cokelat Double 86 g,21.500
2805,Makanan,Makanan Ringan,Julie's Charm Biskuit Sandwich Tiramisu 86 g,21.500
2806,Makanan,Makanan Ringan,Cheetos Party Pack Snack isi 5 pcs,24.900
2807,Makanan,Makanan Ringan,Lotus Biscoff Biskuit Sandwich Vanila 110 g,29.900
2808,Makanan,Makanan Ringan,Lotus Biscoff Biskuit Sandwich Cokelat Susu 110 g,29.900
2809,Makanan,Makanan Ringan,Lotus Biscoff Biskuit Sandwich Krim Biscoff 110 g,29.900
2810,Makanan,Makanan Ringan,Snickers Nougat Kacang Karamel Bersalut Cokelat 12 x 20 g,59.900
2811,Makanan,Makanan Ringan,Kylafood Makaroni Kriuk Original Daun Jeruk 50 g,13.500
2812,Makanan,Makanan Ringan,Kylafood Makaroni Kriuk Pedas Daun Jeruk 50 g,13.500
2813,Makanan,Makanan Ringan,Grandville Gimi Crunch Rumput Laut Original 25 g,17.900
2814,Makanan,Makanan Ringan,Grandville Gimi Crunch Rumput Laut Keju 25 g,17.900
2815,Makanan,Makanan Ringan,P'Nuteri Kacang Atom Teri 68 g,11.500
2816,Makanan,Makanan Ringan,L-Men Protein Bar Cokelat 22 g,14.200
2817,Makanan,Makanan Ringan,Nextar Brownies Cookies Cokelat 8 x 11.25 g,9.800
2818,Makanan,Makanan Ringan,Yupi Permen Gummy Breakfast 92 g,15.600
2819,Makanan,Makanan Ringan,Taro Net Mix Teriyaki Barbekiu 65 g,9.500
2820,Makanan,Makanan Ringan,MamaSuka Rumput Laut Panggang 2 x 4.5 g,17.200
2821,Makanan,Makanan Ringan,Chupa Chups Filifolly Permen Karet Tutti Frutti 11 g,5.600
2822,Makanan,Makanan Ringan,Roma Biskuit Sandwich Cokelat 157 g,10.800
2823,Makanan,Makanan Ringan,garuda Rosta Kacang Panggang Pedas 70 g,11.600
2824,Makanan,Makanan Ringan,JLO Chococup Cokelat Telur Avengers 25 g,13.000
2825,Makanan,Makanan Ringan,Chupa Chups Sour Bites Permen Jeli Aneka Buah 56 g,12.000
2826,Makanan,Makanan Ringan,KOPIKO Blister Permen Kopi 32 g,8.200
2827,Makanan,Makanan Ringan,Roma Biskuit Marie Gold 220 g,24.300
2828,Makanan,Makanan Ringan,Chupa Chups Permen Lolipop Big Babol Gum 15 g,2.900
2829,Makanan,Makanan Ringan,Strepsils Extra Strong Permen Pelega Tenggorokan 8 pcs,23.700
2830,Makanan,Makanan Ringan,Cadbury Dairy Milk Cokelat Susu Cashew Nut 85 g,27.200
2831,Makanan,Makanan Ringan,Ovaltine Cookies Cokelat Malt 130 g,16.800
2832,Makanan,Makanan Ringan,Nissin Walens Sus Krim Keju 100 g,13.200
2833,Makanan,Makanan Ringan,Happy Tos Keripik Tortilla Jagung Bakar 140 g,14.100
2834,Makanan,Makanan Ringan,Pororo Rumput Laut 2 x 5 g,18.600
2835,Makanan,Makanan Ringan,Japota Keripik Kentang Umami Japanese Seaweed 68 g,11.200
2836,Makanan,Makanan Ringan,Japota Keripik Kentang Happy Honey Butter 68 g,11.200
2837,Makanan,Makanan Ringan,Alfamart Makaroni Panggang 200 g,18.200
2838,Makanan,Makanan Ringan,MamaSuka Rumput Laut Sapi Panggang Korea 2 x 4.5 g,17.200
2839,Makanan,Makanan Ringan,Chiki Balls Makanan Ringan Cheeky Chicken 50 g,7.500
2840,Makanan,Makanan Ringan,Fitbar Snack Bar Tiramisu Delight 20 g,6.000
2841,Makanan,Makanan Ringan,Roma Malkist Crackers Cokelat Kelapa 95 g,10.200
2842,Makanan,Makanan Ringan,Chomp-Chomp Mallow Semangka Marshmallow 50 g,10.000
2843,Makanan,Makanan Ringan,Jetz Makanan Ringan Choco Fiesta 65 g,7.300
2844,Makanan,Makanan Ringan,Paroti Malkist Crackers 102 g,6.400
2845,Makanan,Makanan Ringan,Paroti Roti Soes Snack Cokelat 72 g,12.900
2846,Makanan,Makanan Ringan,SilverQueen White Cokelat Batang Very Berry Yoghurt 22 g,13.600
2847,Makanan,Makanan Ringan,CemCem Popcorn Karamel 55 g,8.200
2848,Makanan,Makanan Ringan,Oreo Biskuit Sandwich Red Velvet 105 g,11.700
2849,Makanan,Makanan Ringan,Tango Waffle Hazelnut Cokelat 3 x 25 g,8.500
2850,Makanan,Makanan Ringan,FOX'S Crystal Clear Permen Berries 90 g,9.300
2851,Makanan,Makanan Ringan,Fox's Crystal Clear Permen Buah-buahan 90 g,9.300
2852,Makanan,Makanan Ringan,HEXOS Permen Mint 8 x 2.5 g,4.300
2853,Makanan,Makanan Ringan,Chomp-Chomp Mallow Twist Marshmallow 50 g,10.000
2854,Makanan,Makanan Ringan,TINI WINI BITI Biskuit Rainbow 57 g,10.000
2855,Makanan,Makanan Ringan,Chiki Balls Keju Crafty 200 g,23.600
2856,Makanan,Makanan Ringan,Chupa Chups Permen Lolipop Melody Pops 15 g,4.100
2857,Makanan,Makanan Ringan,Kopiko Blister Permen Bebas Gula 32 g,12.200
2858,Makanan,Makanan Ringan,Wafello Wafer Cokelat Blast 97.6 g,10.300
2859,Makanan,Makanan Ringan,Wafello Wafer Karamel Mentega 95 g,10.300
2860,Makanan,Makanan Ringan,Yupi Permen Gummy Bolicious Blackberry 40 g,8.000
2861,Makanan,Makanan Ringan,Yupi Permen Gummy Bolicious Stroberi 40 g,8.000
2862,Makanan,Makanan Ringan,P'Nuteri Kacang Atom Nori 68 g,11.500
2863,Makanan,Makanan Ringan,Bento Camilan Seafood Original 20 g,15.900
2864,Makanan,Makanan Ringan,Bento Camilan Seafood Sweet & Spicy 20 g,15.900
2865,Makanan,Makanan Ringan,Kiss Delicias Permen Gummy Green Grape 50 g,14.500
2866,Makanan,Makanan Ringan,Kiss Delicias Permen Gummy Peach 50 g,14.500
2867,Makanan,Makanan Ringan,Julie's Biskuit Sandwich Selai Kacang 180 g,34.900
2868,Makanan,Makanan Ringan,Ny. Siok Kerupuk Udang Oval Mentah 500 g,184.900
2869,Makanan,Makanan Ringan,Tong Garden Kacang Salted Cashew Mixed Macadamias 35 g,19.900
2870,Makanan,Makanan Ringan,Bin Bin Rice Crackers Original 75 g,15.900
2871,Makanan,Makanan Ringan,Roma Biskuit Sandwich Peanut Butter 157 g,10.700
2872,Makanan,Makanan Ringan,Lovy Cookies Chocobutter 12 x 27 g,28.000
2873,Makanan,Makanan Ringan,JLO Fizlepop Lollipop Avengers 15 g,4.900
2874,Makanan,Makanan Ringan,Choki Choki Pasta Cokelat Surprise 6 x 4 g,14.900
2875,Makanan,Makanan Ringan,Tropicana Slim Cookies Keju Hokkaido 100 g,28.900
2876,Makanan,Makanan Ringan,Garuda Ocorn Snack Rasa Sea Salt 84 g,12.600
2877,Makanan,Makanan Ringan,Better Biskuit Sandwich Fun Bites Krim Vanila 100 g,11.200
2878,Makanan,Makanan Ringan,Hatari Biskuit Krim Kacang 225 g,12.200
2879,Makanan,Makanan Ringan,Pringles Keripik Kentang Keju Cheesy Kaleng 42 g,14.700
2880,Makanan,Makanan Ringan,Lemonilo Chimi Keripik Ubi Jagung Bakar 41 g,10.300
2881,Makanan,Makanan Ringan,beng-beng Nuts Wafer Karamel Almond 35 g,10.800
2882,Makanan,Makanan Ringan,Chocolito Cookies Mini Chocochips Rich Choco 2 x 19 g,7.000
2883,Makanan,Makanan Ringan,Chocolito Cookies Mini Chocochips Original 2 x 19 g,7.000
2884,Makanan,Makanan Ringan,Wong Coco Puding Mini 168 g,9.100
2885,Makanan,Makanan Ringan,Tango Brownies Crispy Rasa Cokelat Pouch 35 g,8.900
2886,Makanan,Makanan Ringan,TINI WINI BITI Biskuit Cokelat 38 g,7.000
2887,Makanan,Makanan Ringan,TINI WINI BITI Biskuit Stroberi 38 g,7.000
2888,Makanan,Makanan Ringan,Potabee Keripik Kentang Sapi Panggang Barbekiu 120 g,16.700
2889,Makanan,Makanan Ringan,Yupi Permen Gummy Sweet Artifact 77 g,13.000
2890,Makanan,Makanan Ringan,Roma Biskuit Kelapa Krim Cokelat 186 g,14.900
2891,Makanan,Makanan Ringan,Taro Net Rumput Laut 115 g,16.100
2892,Makanan,Makanan Ringan,Amos 4D Permen Jeli 3D Bentuk Balok 72 g,18.200
2893,Makanan,Makanan Ringan,Piattos Snack Kentang Sapi Panggang 115 g,16.800
2894,Makanan,Makanan Ringan,Maxicorn Keripik Tortila Barbekiu 130 g,12.600
2895,Makanan,Makanan Ringan,Unibis Mega Ring Tartlet Cokelat 120 g,13.600
2896,Makanan,Makanan Ringan,Kalpa Wafer Cokelat Share It Pouch 10 x 9 g,15.700
2897,Makanan,Makanan Ringan,Chitato Lite Keripik Kentang Rumput Laut 115 g,18.400
2898,Makanan,Makanan Ringan,Soyjoy Snack Bar Cheese Danish 28 g,10.800
2899,Makanan,Makanan Ringan,Tao Kae Noi Seasoned Laver Nori Rasa Original 2 x 4 g,17.000
2900,Makanan,Makanan Ringan,Tao Kae Noi Seasoned Laver Nori Rasa Pedas 2 x 4 g,17.000
2901,Makanan,Makanan Ringan,Oishi Rin-Bee Stik Keju 130 g,16.300
2902,Makanan,Makanan Ringan,Lotte Xylitol Fresh Mint 26.1 g,9.600
2903,Makanan,Makanan Ringan,Chupa Chups Permen Lolipop Surprises Assorted 12 g,14.500
2904,Makanan,Makanan Ringan,Garuda Kacang Rosta Jagung Bakar 95 g,11.000
2905,Makanan,Makanan Ringan,Alfamart Emping Manis Pedas 175 g,22.000
2906,Makanan,Makanan Ringan,Woods' Permen Peppermint Lozenges Lemon Vitamin C 15 g,10.700
2907,Makanan,Makanan Ringan,nutella B-ready Wafer Hazelnut Cokelat 22 g,12.000
2908,Makanan,Makanan Ringan,Paroti Malkist Cackers Salut Krim Cokelat 105 g,8.700
2909,Makanan,Makanan Ringan,CemCem Stik Rasa Balado 60 g,7.500
2910,Makanan,Makanan Ringan,TINI WINI BITI Whizpy Biskuit Bubble Gum 22 g,3.800
2911,Makanan,Makanan Ringan,Tini Wini Biti Whizpy Biskuit Cokelat Susu 22 g,3.800
2912,Makanan,Makanan Ringan,Good Time Choco Dip Cookies Chocochips 71 g,10.900
2913,Makanan,Makanan Ringan,garuda Crunchy O'corn Roasted Jagung Bakar 84 g,12.200
2914,Makanan,Makanan Ringan,Mister Potato Keripik Kentang Hitam Ghost Pepper Rasa Pedas Kaleng 40 g,14.200
2915,Makanan,Makanan Ringan,SilverQueen Chunky Bar Cokelat Almond 26 g,11.300
2916,Makanan,Makanan Ringan,Japota Keripik Kentang Rasa Nipis Pedas 68 g,11.200
2917,Makanan,Makanan Ringan,Oishi Popcorn Belgian Butter Cheese 100 g,19.200
2918,Makanan,Makanan Ringan,Paroti Brownie Crust Brownies Kering Choco Chips Pouch 43 g,8.900
2919,Makanan,Makanan Ringan,Paroti Brownies Kering Cokelat Keju Crust 43 g,8.900
2920,Makanan,Makanan Ringan,Oishi Crackers Udang Pedas 130 g,16.100
2921,Makanan,Makanan Ringan,Piattos Snack Kentang Sambal Geprek 115 g,16.800
2922,Makanan,Makanan Ringan,Tos Tos Keripik Tortilla Jagung Bakar 140 g,12.300
2923,Makanan,Makanan Ringan,Tos Tos Keripik Tortilla Nacho Cheese 130 g,12.300
2924,Makanan,Makanan Ringan,Alfamart Kerupuk Kulit Khas Isma Pedas 40 g,15.500
2925,Makanan,Makanan Ringan,Alfamart Kerupuk Seblak Pedas 150 g,14.800
2926,Makanan,Makanan Ringan,Lemonilo Chimi Keripik Ubi Jagung Balado 41 g,10.300
2927,Makanan,Makanan Ringan,Fox's Crystal Clear Permen Berries Kaleng 170 g,24.900
2928,Makanan,Makanan Ringan,Lucky Stick Family Pack Cokelat 120 g,19.000
2929,Makanan,Makanan Ringan,Lucky Stick Family Pack Stroberi 120 g,19.000
2930,Makanan,Makanan Ringan,Tong Garden Organic Snack Kacang Chesnuts 120 g,23.900
2931,Makanan,Makanan Ringan,Oriental Cheese Balls 60 g,12.500
2932,Makanan,Makanan Ringan,Oriental Green Pea Snack 60 g,12.500
2933,Makanan,Makanan Ringan,Oriental Ring Cheese 60 g,12.500
2934,Makanan,Makanan Ringan,Wonhae Gummy Cokelat Truffle Mixed Fruit 32 g,14.800
2935,Makanan,Makanan Ringan,Oatbits Biskuit Oat Cokelat Pisang 110 g,6.900
2936,Makanan,Makanan Ringan,Wonhae Topokki Snack Creamy Rose 80 g,10.700
2937,Makanan,Makanan Ringan,Delfi Take-it Big Wafer Cokelat 2 x 33 g,12.900
2938,Makanan,Makanan Ringan,Alfamart Popcorn Keju 65 gr,11.500
2939,Makanan,Makanan Ringan,Better Fun Bites Biskuit Sandwich Cokelat Vanila Pouch 100 g,13.500
2940,Makanan,Makanan Ringan,Chocolatos Delight Wafer Roll Cokelat 90 g,13.400
2941,Makanan,Makanan Ringan,Lucky Stick Biskuit Stick Cokelat Premium 35 g,10.100
2942,Makanan,Makanan Ringan,Lucky Stick Biskuit Stik Stroberi Premium 35 g,10.100
2943,Makanan,Makanan Ringan,Qtela Keripik Singkong Rumput Laut 100 g,13.900
2944,Makanan,Makanan Ringan,Alfamart Makaroni Ulir Pedas 150 g,14.800
2945,Makanan,Makanan Ringan,Ritz Sandwich Crackers Cokelat 91 g,10.100
2946,Makanan,Makanan Ringan,Alfamart Jamur Krispi 50 g,16.500
2947,Makanan,Makanan Ringan,Dilan Biskuit Sandwich Fresh Pack 60 g,9.100
2948,Makanan,Makanan Ringan,Biskies Black Biskuit Cokelat Creme 72 g,7.100
2949,Makanan,Makanan Ringan,NyamNyam Smiley Biskuit Sandwich Cokelat 45 g,9.000
2950,Makanan,Makanan Ringan,Biskies Black Biskuit Milky Vanila 72 g,7.100
2951,Makanan,Makanan Ringan,Cannon Ball Permen Cokelat 40 g,5.600
2952,Makanan,Makanan Ringan,CemCem Stik Jagung Rasa Sapi Panggang 60 g,7.500
2953,Makanan,Makanan Ringan,Alfamart Twiscorn Snack Jagung Bakar 65 g,5.900
2954,Makanan,Makanan Ringan,Potabee Keripik Kentang Rumput Laut Panggang Sharing Pack 120 g,16.700
2955,Makanan,Makanan Ringan,Lotte Pepero Biskuit Stik White Cookie 32 g,17.400
2956,Makanan,Makanan Ringan,CemCem Popcornz Rasa Cokelat 55 g,8.200
2957,Makanan,Makanan Ringan,Momogi Mini Stik Roasted Corn 70 g,9.200
2958,Makanan,Makanan Ringan,Kokola Kukis Rasa Kelapa 218 g,10.700
2959,Makanan,Makanan Ringan,Kokola Olezz Crackers Choco Party 100 g,8.600
2960,Makanan,Makanan Ringan,BonCabe Snack Kulit Pangsit Level 10 70 g,7.700
2961,Makanan,Makanan Ringan,Kinder Creamy Cokelat Krim Susu dengan Crispy Rice 19 g,10.300
2962,Makanan,Makanan Ringan,Soyjoy Snack Bar Tropical Cranberries 30 g,10.800
2963,Makanan,Makanan Ringan,Ricola Original Swiss Herb Permen Bebas Gula 40 g,23.500
2964,Makanan,Makanan Ringan,Ricola Swiss Alpine Herbs Permen Lemon Mint Bebas Gula 40 g,23.500
2965,Makanan,Makanan Ringan,Mom's Recipe Silky Pudding Instan Taro 110 g,13.600
2966,Makanan,Makanan Ringan,Chupa Chups Bubblegum Play Tennis Permen Karet Nanas 20 g,4.700
2967,Makanan,Makanan Ringan,Biskies Cheezy Crackers Keju 96 g,5.500
2968,Makanan,Makanan Ringan,Munchy's Lexus Biskuit Sandwich Krim Cokelat 76 g,9.900
2969,Makanan,Makanan Ringan,Thalasa Keripik Talas Jagung Bakar 55 g,9.800
2970,Makanan,Makanan Ringan,Yupi Permen Gummy Big Burger 32 g,5.000
2971,Makanan,Makanan Ringan,Sugus Stick Permen Lunak Blackcurrant 30 g,5.000
2972,Makanan,Makanan Ringan,Delfi Treasures Cokelat Susu 30 g - Beli 1 Gratis 1,14.600
2973,Makanan,Makanan Ringan,LOTTE XYLITOL Permen Karet Cool Mint 55.1 g,19.300
2974,Makanan,Makanan Ringan,WONHAE Snack Banana Milk Bites 60 g,9.700
2975,Makanan,Makanan Ringan,FRUTA GUMMY Permen Bervitamin 6 Mix Variants 45 g,5.300
2976,Makanan,Makanan Ringan,Amos 4D Permen Jeli 3D Bentuk Arithmetic Games Rasa Buah 72 g,18.200
2977,Makanan,Makanan Ringan,Amos 4D Permen Jeli 3D Buah-buahan Robot 72 g,18.200
2978,Makanan,Makanan Ringan,Alfamart Rumput Laut Panggang Pedas 2 x 4.5 g,11.900
2979,Makanan,Makanan Ringan,Frutivit Jeli Stik Bervitamin Aneka Rasa 3 x 20 g,4.700
2980,Makanan,Makanan Ringan,Alfamart Big Nori Camilan Rumput Laut Goreng Original 3.2 g,5.200
2981,Makanan,Makanan Ringan,Tropicana Slim Cookies Keju Hokkaido Sachet 20 g,6.700
2982,Makanan,Makanan Ringan,Chuba Keripik Ubi Rasa Jagung Manis 45 g,8.900
2983,Makanan,Makanan Ringan,Momogi Fun Snack 120 g,13.000
2984,Makanan,Makanan Ringan,Wong Coco Puding Mangga 3 x 120 g,12.000
2985,Makanan,Makanan Ringan,Wong Coco Puding Jambu 3 x 120 g,11.900
2986,Makanan,Makanan Ringan,Chomp-chomp Marshmallow Plain 200 g,27.000
2987,Makanan,Makanan Ringan,Yava Kacang Mede Wild-Harvested Jeruk Nipis 32 g,17.900
2988,Makanan,Makanan Ringan,Pocky Biskuit Stik Stroberi Share Pack 7 x 19.6 g,24.500
2989,Makanan,Makanan Ringan,Mister Potato Keripik Kentang Original Kaleng 35 g,11.700
2990,Makanan,Makanan Ringan,Oatbits Oat 8 Biskuit Havermout Almond 142.5 g,17.500
2991,Makanan,Makanan Ringan,Yava Krispi Puffs Sweet Cashew 35 g,8.900
2992,Makanan,Makanan Ringan,Oops Keripik Singkong Sea Salt 60 g,6.000
2993,Makanan,Makanan Ringan,Alfamart Keripik Ikan Telur Asin Pouch 50 g,16.500
2994,Makanan,Makanan Ringan,Paroti Semprong Sweet Roll Wijen Box 38 g,6.500
2995,Makanan,Makanan Ringan,Sunpride Lyfe Keripik Pisang Garam & Bawang 55 g,10.600
2996,Makanan,Makanan Ringan,Ritz Sandwich Crackers Keju 91 g,10.100
2997,Makanan,Makanan Ringan,Floaty Camilan Original Rasa Bawang 60 g,10.200
2998,Makanan,Makanan Ringan,Alfamart Keripik Aneka Umbi 45 g,11.000
2999,Makanan,Makanan Ringan,Bella Mr. P Cokelat Batang Honey Roasted Cashew Nut 45 g,10.400
3000,Makanan,Makanan Ringan,Snickers Cokelat Batang 35 g,10.200
3001,Makanan,Makanan Ringan,Snickers Cokelat Batang 51 g,14.700
3002,Makanan,Makanan Ringan,Wonhae Milk Bites Camilan Rasa Cokelat Pisang 60 g,9.400
3003,Makanan,Makanan Ringan,Fruzz Ball Permen Chewy Rasa Buah 25.5 g,3.900
3004,Makanan,Makanan Ringan,MamaSuka Rumput Laut Ayam Ghost Pepper 2 x 4.5 g,17.200
3005,Makanan,Makanan Ringan,Mister Potato Keripik Kentang Original Kaleng 85 g,18.800
3006,Makanan,Makanan Ringan,Mister Potato Keripik Kentang Sapi Panggang Kaleng 85 g,18.800
3007,Makanan,Makanan Ringan,Chomp-Chomp Mallow Puff Marshmallow Peach 50 g,11.000
3008,Makanan,Makanan Ringan,Chomp-Chomp Mallow Puff Marshmallow Stroberi 50 g,11.000
3009,Makanan,Makanan Ringan,Chomp-Chomp Marshmallow Rainbow 21 g,5.100
3010,Makanan,Makanan Ringan,Milkita Permen Susu Lolipop Pink Assorted 3 x 8.5 g,5.700
3011,Makanan,Makanan Ringan,Sweet Fun Permen Mainan Rasa Buah 2 g,30.900
3012,Makanan,Makanan Ringan,Chiki Twist Camilan Keju Duo 70 g,6.800
3013,Makanan,Makanan Ringan,Lay's Stax Keripik Kentang Rasa Original 70 g,24.000
3014,Makanan,Makanan Ringan,Japota Keripik Kentang Original 68 g,11.200
3015,Makanan,Makanan Ringan,Chuba Keripik Ubi Rasa Madu 45 g,8.900
3016,Makanan,Makanan Ringan,Cheetos Makanan Ringan Rasa Jagung Bakar Keju 60 g,7.500
3017,Makanan,Makanan Ringan,Cheetos Makanan Ringan Rasa Jagung Bakar Keju 120 g,13.100
3018,Makanan,Makanan Ringan,Doritos Makanan Ringan Rasa Jagung Bakar 120 g,13.100
3019,Makanan,Makanan Ringan,Lay's Wavy Keripik Kentang Rasa Daging Sapi Bakar 64 g,14.100
3020,Makanan,Makanan Ringan,Lay's Keripik Kentang Rasa Rumput Laut 105 g,19.400
3021,Makanan,Makanan Ringan,Lay's Wavy Keripik Kentang Rasa Daging Sapi Bakar 105 g,19.400
3022,Makanan,Makanan Ringan,Jagoan Neon Permen Lolipop Aneka Rasa 3 x 9 g,4.400
3023,Makanan,Makanan Ringan,Gofress Lite Permen Strip Rasa Minty Peach 24 s,12.500
3024,Makanan,Makanan Ringan,Yava YA'Bar Snack Bar Peanut Caramel 28 g,8.900
3025,Makanan,Makanan Ringan,Chiki Twist Camilan Jagung Bakar 120 g,10.500
3026,Makanan,Makanan Ringan,Oreo Biskuit Sandwich Vanila 140 g,11.900
3027,Makanan,Makanan Ringan,Dilan Kue Kering Cookies Choco Chip 69 g,9.500
3028,Makanan,Makanan Ringan,Amero Rice Bites Krekers Beras Sapi Panggang 65 g,8.900
3029,Makanan,Makanan Ringan,Amero Rice Bites Krekers Beras Cokelat 65 g,8.900
3030,Makanan,Makanan Ringan,M&M's Cokelat Susu isi Kacang 37 g,13.800
3031,Makanan,Makanan Ringan,M&M's Cokelat Susu isi Rice Crispy 30 g,13.800
3032,Makanan,Makanan Ringan,"Super Zuper Permen Asam Stroberi, Jeruk, Lemon 5 x 2.5 g",4.500
3033,Makanan,Makanan Ringan,Bumifood Quick Bites Camilan Stik Kepiitng 50 g,8.300
3034,Makanan,Makanan Ringan,SilverQueen Chunky Minis Cokelat Cashew 80 g,30.900
3035,Makanan,Makanan Ringan,Lay's Wavy Keripik Kentang Rasa Rumput Laut Pedas 64 g,13.900
3036,Makanan,Makanan Ringan,Biskies Sandwich Biskuit Oat Gandum Susu 135 g,18.900
3037,Makanan,Makanan Ringan,Wonhae Cokelat Rasa Pistachio Choco Bites 30 g,16.900
3038,Makanan,Makanan Ringan,Gery Snack Bantal Cokelat 75 g,9.500
3039,Makanan,Makanan Ringan,Nextar Choco Pie Keik Cokelat Isi Marshmallow 6 x 24 g,18.200
3040,Makanan,Makanan Ringan,Oishi Popcorn Balado 100 g,18.000
3041,Makanan,Makanan Ringan,Wonhae Camilan Topokki Keju Truffle Mayo 80 g,10.500
3042,Makanan,Makanan Ringan,Monde Egg Rolls Original 110 g,19.900
3043,Makanan,Makanan Ringan,Regal Biskuit Marie Cokelat Belgia 64 g,12.600
3044,Makanan,Makanan Ringan,Joa-Yo Rumput Laut Korea Ekstra Besar 5 g,4.900
3045,Makanan,Makanan Ringan,Chiki Popcorn Camilan Salted Caramel 72 g,14.900
3046,Makanan,Makanan Ringan,Wonhae Mini Bites Camilan Rasa Strawberry Cheesecake 30 g,11.400
3047,Makanan,Makanan Ringan,Yupi Permen Gummy Fangs Aneka Rasa 90 g,12.800
3048,Makanan,Makanan Ringan,Mister Potato Keripik Kentang Hitam Ghost Pepper Rasa Buldak Cheese 40 g,13.500
3049,Makanan,Makanan Ringan,Yupi Permen Gummy Mango Kiss 111 g,11.000
3050,Makanan,Makanan Ringan,Nabati Siip Bite Snack Rasa Cokelat 85 g,22.500
3051,Makanan,Makanan Ringan,Dark Wonder Smooth Cokelat Hitam Almond Panggang Spesial Pack 2 x 56 g,22.100
3052,Makanan,Makanan Ringan,Lay's Stax Keripik Kentang Rasa Sour Cream & Onion 70 g,24.000
3053,Makanan,Makanan Ringan,Pocky Biskuit Stik Cokelat 3 x 47 g,19.000
3054,Makanan,Makanan Ringan,Tango Brownies Krispi Cokelat Mini Bites 5 x 20 g,22.500
3055,Makanan,Makanan Ringan,SilverQueen Chunky Cupid Love Cokelat 3 x 26 g,31.900
3056,Makanan,Makanan Ringan,Mister Potato Keripik Kentang Hitam Ghost Pepper Rasa Carbonara 40 g,13.500
3057,Makanan,Makanan Ringan,Piattos Snack Kentang Rumput Laut Jumbo Pack 115 g,16.000
3058,Makanan,Makanan Ringan,Piattos Snack Kentang Oseng Mercon 69 g,11.700
3059,Makanan,Makanan Ringan,Amos Peelz Permen Jeli Rasa Buah Mangga 65 g,20.900
3060,Makanan,Makanan Ringan,Lemonilo Chimi Keripik Ubi Jagung Bakar 85 g,16.500
3061,Makanan,Makanan Ringan,KuSuka Keripik Ubi Keju Balado 42 g,8.900
3062,Makanan,Makanan Ringan,Taro Net Cheesy Mexican Jalapeno 60 g,9.000
3063,Makanan,Makanan Ringan,Milkita Milky Pudding Yogurt Stroberi 85 g,10.000
3064,Makanan,Makanan Ringan,Alfamart Kacang Koro Kupas 130 g,11.000
3065,Makanan,Makanan Ringan,Lay's Wavy Keripik Kentang Rasa Rumput Laut Pedas 105 g,19.400
3066,Makanan,Makanan Ringan,Pringles Keripik Kentang Original Kaleng 102 g + 42 g,27.500
3067,Makanan,Makanan Ringan,Pringles Keripik Kentang Sour Cream & Onion Kaleng 102 g + 42 g,27.500
3068,Makanan,Makanan Ringan,Pringles Keripik Kentang Keju Cheesy Kaleng 102 g + 42 g,27.500
3069,Makanan,Makanan Ringan,Hello Panda Biskuit Krim Cokelat & Stroberi Share Pack 6 x 25 g,23.900
3070,Makanan,Makanan Ringan,Padjajaran Permen Jahe 100 g,13.500
3071,Makanan,Makanan Ringan,Amos Peelz Permen Jeli Rasa Buah Leci 65 g,20.900
3072,Makanan,Makanan Ringan,Cadbury Dairy Milk Cokelat Susu Crisp It 52 g,18.500
3073,Makanan,Makanan Ringan,Delfi Take-It Ovaltine Cokelat Susu Wafer 4F 35 g,15.000
3074,Makanan,Makanan Ringan,Tango Brownies Crispy Rasa Susu 35 g,8.900
3075,Makanan,Makanan Ringan,Alfamart Keripik Buah Nangka 50 g,18.500
3076,Makanan,Makanan Ringan,Francis Kacang Almond Panggang 31 g,14.500
3077,Makanan,Makanan Ringan,Alfamart Kacang Bawang 100 g,16.000
3078,Makanan,Makanan Ringan,Chomp-Chomp Marshmallow Rainbow 200 g,27.000
3079,Makanan,Makanan Ringan,Ovaltine Wafer Malty Bites Pouch 100 g,13.600
3080,Makanan,Makanan Ringan,Alfamart Kentang Goreng 62 g,6.000
3081,Makanan,Makanan Ringan,Amos 4D Permen Jeli Buah Peach 65 g,18.200
3082,Makanan,Makanan Ringan,JLO Gummy Bites Permen Jeli 100 g,18.900
3083,Makanan,Makanan Ringan,Alfamart Twiscorn Snack Jagung Balado 65 g,5.900
3084,Makanan,Makanan Ringan,KuSuka Keripik Ubi Barbeque 42 g,9.200
3085,Makanan,Makanan Ringan,Roma Malkist Crackers Kelapa Kopyor 105 g,9.700
3086,Makanan,Makanan Ringan,Relaxa Play Permen Gummy Dino 80 g,17.900
3087,Makanan,Makanan Ringan,Mentos Permen Feeling Berry Good Roll 37.8 g,4.800
3088,Makanan,Makanan Ringan,Chupa Chups Ocean Fun Permen Jeli 90 g,16.600
3089,Makanan,Makanan Ringan,Chupa Chups Fun Mix Permen Jeli 90 g,16.600
3090,Makanan,Makanan Ringan,Bibigo Camilan Rumput Laut Rasa Original 2 x 4 g,11.200
3091,Makanan,Makanan Ringan,Amos 4D Permen Jeli 3D Bentuk Dino 72 g,18.200
3092,Makanan,Makanan Ringan,Alfamart Stik Talas 120 g,14.900
3093,Makanan,Makanan Ringan,Cho Cho Wafer Roll Cokelat Meses Cup 15 g,3.700
3094,Makanan,Makanan Ringan,NyamNyam Choco Vanilla 25 g (Re-packing Moo Milky Vanilla 25 g),5.200
3095,Makanan,Makanan Ringan,NyamNyam Biskuit Stik Krim Cokelat Pisang 25 g,5.200
3096,Makanan,Makanan Ringan,KrisBee Kentang Goreng 65 g,8.400
3097,Makanan,Makanan Ringan,KitKat Chunky Original Snack Cokelat Wafer Batang 38 g,15.400
3098,Makanan,Makanan Ringan,Tango Wafer Susu Vanila 99 g,12.200
3099,Makanan,Makanan Ringan,Chupa Chups Sour Belt Permen Jeli Aneka Buah 7 g,2.800
3100,Makanan,Makanan Ringan,Frozz Permen Anggur MInt 14 g,9.600
3101,Makanan,Makanan Ringan,Twistko Jagung Bakar 145 g,16.200
3102,Makanan,Makanan Ringan,Strepsils Cool + Vit C Permen Jeruk Pelega Tenggorokan,37.700
3103,Makanan,Makanan Ringan,Roma Malkist Crackers Keju Manis 90 g,10.200
3104,Makanan,Makanan Ringan,Delfi Big Thunder Cookie Bar Cokelat 36 g,9.200
3105,Makanan,Makanan Ringan,SilverQueen White Cokelat Green Tea Matcha 22 g,13.600
3106,Makanan,Makanan Ringan,SilverQueen White Cokelat Green Tea Matcha 52 g,25.700
3107,Makanan,Makanan Ringan,Cadbury Dairy Milk Cokelat Susu Lickables 20 g,17.600
3108,Makanan,Makanan Ringan,Chomp-Chomp Mallow Hati Marshmallow 50 g,10.000
3109,Makanan,Makanan Ringan,Big Foot Himalaya Permen Salt Lemon 15 g,4.700
3110,Makanan,Makanan Ringan,Joa-Yo Rumput Laut Korea Roasted Original 4.5 g,5.900
3111,Makanan,Makanan Ringan,Cadbury Dairy Milk Cokelat Susu Oreo 58.5 g,22.400
3112,Makanan,Makanan Ringan,Chomp-Chomp Mallow Pink & White Marshmallow 50 g,10.000
3113,Makanan,Makanan Ringan,Cho Cho Wafer Roll Cokelat Vanila Cup 15 g,3.700
3114,Makanan,Makanan Ringan,Ritz Crackers Original 300 g,17.900
3115,Makanan,Makanan Ringan,Cadbury Dairy Milk Cokelat Susu Cashew Nut 22 g,9.100
3116,Makanan,Makanan Ringan,Tic Tic Stik Renyah Rasa Bawang 135 g,15.900
3117,Makanan,Makanan Ringan,Brio Go! Potato Biskuit Kentang Barbekiu 49 g,5.800
3118,Makanan,Makanan Ringan,Gery Saluut Malkist Crackers Cokelat Kelapa 105 g,9.300
3119,Makanan,Makanan Ringan,MamaSuka Rumput Laut Pedas 2 x 4.5 g,17.200
3120,Makanan,Makanan Ringan,Hatari See Hong Puff Malkist Crackers 245 g,10.200
3121,Makanan,Makanan Ringan,Milo Cokelat Batang Snack 15 g,5.800
3122,Makanan,Makanan Ringan,Oishi Panchos Keripik Jagung Sapi Panggang 145 g,13.800
3123,Makanan,Makanan Ringan,Kobe BonCabe Makaroni Krispi Keju Nacho 135 g,11.400
3124,Makanan,Makanan Ringan,Alfamart Rumput Laut Panggang Original 2 x 4.5 g,11.900
3125,Makanan,Makanan Ringan,Cadbury Dairy Milk Cokelat Susu 85 g,27.400
3126,Makanan,Makanan Ringan,Chitato Keripik Kentang Indomie Goreng 65 g,12.800
3127,Makanan,Makanan Ringan,CemCem Stik Rasa Ayam Bawang 60 g,7.500
3128,Makanan,Makanan Ringan,Alfamart Basreng Pedas 120 g,14.900
3129,Makanan,Makanan Ringan,CemCem Stik Rasa Keju 60 g,7.500
3130,Makanan,Makanan Ringan,Qtela Keripik Singkong Ayam Lada Hitam 100 g,14.000
3131,Makanan,Makanan Ringan,Lemonilo Brownies Keju Krispi 33 g,13.700
3132,Makanan,Makanan Ringan,Soyjoy Snack Bar Mochachoco Cashew 30 g,10.800
3133,Makanan,Makanan Ringan,Alfamart Kacang Kulit 180 g,18.700
3134,Makanan,Makanan Ringan,Fitbar Multigrain Bar Keju Delight 20 g,6.000
3135,Makanan,Makanan Ringan,Alfamart Kacang Almond 65 g,17.900
3136,Makanan,Makanan Ringan,Alfamart Basreng Stik Pedas 120 g,15.200
3137,Makanan,Makanan Ringan,Alfamart Kuaci Original 150 g,15.800
3138,Makanan,Makanan Ringan,Alfamart Makaroni Extra Pedas 200 g,16.500
3139,Makanan,Makanan Ringan,Mister Potato Keripik Kentang Hitam Ghost Pepper Rasa Pedas Barbekiu Kaleng 40 g,13.700
3140,Makanan,Makanan Ringan,French Fries 2000 Kentang Goreng Pedas Level 3 60 g,9.400
3141,Makanan,Makanan Ringan,Imperial Creme Biskuit Bluberi & Krim 108 g,8.900
3142,Makanan,Makanan Ringan,Nissin Crackers Krispi Rasa Lemon 200 g,12.800
3143,Makanan,Makanan Ringan,Alfamart Permen Gummy Rasa Aneka Buah 40 g,4.500
3144,Makanan,Makanan Ringan,CemCem Corn Shots Ayam Goreng 55 g,6.700
3145,Makanan,Makanan Ringan,Dua Kelinci Tic Tac Kacang Pilus Mie Goreng 80 g,7.600
3146,Makanan,Makanan Ringan,CemCem Corn Shots Cokelat 55 g,6.700
3147,Makanan,Makanan Ringan,Pringles Keripik Kentang Smokey Grilled Steak Kaleng 102 g,28.700
3148,Makanan,Makanan Ringan,Nabati Siip Bite Snack Rasa Cokelat 57 g,7.700
3149,Makanan,Makanan Ringan,Pororo Biskuit Stik Cokelat Shooting Star 54 g,24.900
3150,Makanan,Makanan Ringan,Chomp-Chomp Mallow Puff Marshmallow Bluberi 50 g,11.000
3151,Makanan,Makanan Ringan,Lay's Keripik Kentang Rasa Rumput Laut 45 g,10.200
3152,Makanan,Makanan Ringan,Lay's Keripik Kentang Rasa Rumput Laut 64 g,14.100
3153,Makanan,Makanan Ringan,Lay's Wavy Keripik Kentang Rasa Daging Sapi Bakar 45 g,10.200
3154,Makanan,Makanan Ringan,Monde Bourbon Biskuit Gandum Cokelat 140 g,11.900
3155,Makanan,Makanan Ringan,Gofress Lite Permen Strip Rasa Icy Melon 24 s,12.500
3156,Makanan,Makanan Ringan,Jetz Makanan Ringan Tortilla Jagung Bakar 140 g,10.500
3157,Makanan,Makanan Ringan,Chocolatos Rich Wafer Roll Isi Krim Cokelat Berlapis Cokelat 54 g,9.700
3158,Makanan,Makanan Ringan,garuda Rosta Maxx Kacang Panggang Rasa Barbekiu & Rumput Laut 80 g,10.900
3159,Makanan,Makanan Ringan,Chung Jung One Camilan Rumput Laut 9 x 4.5 g,60.900
3160,Makanan,Makanan Ringan,"Cola Permen Assorted Cola, Lemon, Stroberi 125 g",9.900
3161,Makanan,Makanan Ringan,Cadbury Dairy Milk Cokelat Susu Chunks 18 x 4.5 g,28.700
3162,Makanan,Makanan Ringan,Wong Coco My Jelly Star Toples 25 x 14 g,19.500
3163,Makanan,Makanan Ringan,Dua Kelinci Tato Tato Snack Kentang Flame Beef 60 g,9.200
3164,Makanan,Makanan Ringan,Delfi Nockers Cokelat Nougat Rasa Caramel 2 x 35 g,12.100
3165,Makanan,Makanan Ringan,Verkade Speculaas Kue Kering Rasa Rempah-Rempah 200 g,19.900
3166,Makanan,Makanan Ringan,Verkade Kokos Kue Kering Kelapa 150 g,19.900
3167,Makanan,Makanan Ringan,Verkade Kue Kering Lemon 150 g,19.900
3168,Makanan,Makanan Ringan,Tong Garden Kacang Honey Peanuts 50 g,8.900
3169,Makanan,Makanan Ringan,Bontea Green Permen Rasa Green Tea Isi Lemon 135 g,8.900
3170,Makanan,Makanan Ringan,Ferrero Rocher Cokelat 200 g,135.000
3171,Makanan,Makanan Ringan,Meiji Yan Yan Biskuit Krim Cokelat Cup 40 g,9.900
3172,Makanan,Makanan Ringan,Lotte Koala's March Biskuit Isi Krim Cokelat 37 g,7.900
3173,Makanan,Makanan Ringan,Dua Kelinci Tic Tac Kacang Pilus Rumput Laut 80 g,6.900
3174,Makanan,Makanan Ringan,Kapal Api Permen Rasa Kopi Hitam 125 g,9.000
3175,Makanan,Makanan Ringan,Tao Kae Noi Crispy Seaweed Tom Yum Goong 15 g,17.900
3176,Makanan,Makanan Ringan,Chitato Keripik Kentang Sapi Panggang 168 g,28.300
3177,Makanan,Makanan Ringan,Frozz Permen Bluberi Mint 14 g,9.800
3178,Makanan,Makanan Ringan,LOTTE XYLITOL Permen Karet Bluberi Mint 55.1 g,19.300
3179,Makanan,Makanan Ringan,Khong Guan Saltcheese Combo Crackers + Wafer 10 x 17 g,15.600
3180,Makanan,Makanan Ringan,HAPPYDENT White Mint Botol 52.8 g,17.900
3181,Makanan,Makanan Ringan,Kinder Bueno Cokelat Susu Hazelnut 43 g,21.800
3182,Makanan,Makanan Ringan,SilverQueen Chunky Bar White Cokelat Cashew 82 g,29.500
3183,Makanan,Makanan Ringan,Lotte Koala's March Biskuit Isi Krim Stroberi 37 g,7.900
3184,Makanan,Makanan Ringan,Julie's Le-mond Biskuit Sandwich 170 g,34.900
3185,Makanan,Makanan Ringan,Tao Kae Noi Tempura Seaweed Spicy 25 g,16.900
3186,Makanan,Makanan Ringan,Tao Kae Noi Tempura Seaweed Original 25 g,16.900
3187,Makanan,Makanan Ringan,Astor Wafer Stick Vanilla Shake 40 g,6.500
3188,Makanan,Makanan Ringan,Astor Wafer Stick Matcha 40 g,6.500
3189,Makanan,Makanan Ringan,Lotte Toppo Biskuit Stik Pretzel Cokelat Vanila 40 g,8.000
3190,Makanan,Makanan Ringan,HARIBO Worms Permen Lunak Jeli Rasa Buah 80 g,16.900
3191,Makanan,Makanan Ringan,Oatbits Oat 8 Biskuit Havermout Kacang Hijau 142.5 g,17.500
3192,Makanan,Makanan Ringan,Inaco Konnyaku Jelly Mix Flavor 12 pcs,7.900
3193,Makanan,Makanan Ringan,Miaow-Miaow Camilan Keripik Udang 50 g,12.900
3194,Makanan,Makanan Ringan,Miaow-Miaow Camilan Kacang Polong Hijau 50 g,12.900
3195,Makanan,Makanan Ringan,Miaow-Miaow Camilan Cheese Rings 50 g,12.900
3196,Makanan,Makanan Ringan,Tao Kae Noi Crispy Seaweed Japanese Sauce 32 g,27.900
3197,Makanan,Makanan Ringan,WRP Everyday Deli Chips Keripik Salt & Pepper 40 g,14.900
3198,Makanan,Makanan Ringan,TeJahe Permen Rasa Jahe Original 100 g,7.500
3199,Makanan,Makanan Ringan,TeJahe Permen Jahe Rasa Bandrek 100 g,7.500
3200,Makanan,Makanan Ringan,Lotte Toppo Biskuit Stik Pretzel Cocoa Cokelat 40 g,8.000
3201,Makanan,Makanan Ringan,HARIBO Chamallows Permen Pink & White 70 g,16.900
3202,Makanan,Makanan Ringan,Melting Sweet Permen Rasa Jahe Pouch 125 g,8.500
3203,Makanan,Makanan Ringan,Melting Sweet Permen Rasa Leci Pouch 125 g,8.500
3204,Makanan,Makanan Ringan,Melting Sweet Permen Rasa Kelapa Pouch 125 g,8.500
3205,Makanan,Makanan Ringan,Pororo Ice Cone Snack Cokelat Box 54 g,35.500
3206,Makanan,Makanan Ringan,Mie Kremezz Camilan Rasa Mie Goreng Party Pack 3 x 30 g,8.500
3207,Makanan,Makanan Ringan,nutella B-ready Wafer Hazelnut Cokelat 6 x 22 g,52.000
3208,Makanan,Makanan Ringan,Inaco Mini Pudding Aneka Rasa 10 x 15 g,6.500
3209,Makanan,Makanan Ringan,Miaow-Miaow Camilan Keripik Ayam 50 g,12.900
3210,Makanan,Makanan Ringan,Diabetasol Nulife Camilan Wafer Cokelat 2 x 50 g,22.000
3211,Makanan,Makanan Ringan,Wafello Italian Bites Wafer Rasa Karamel Butter Pouch 95 g,11.500
3212,Makanan,Makanan Ringan,Wafello Italian Bites Wafer Rasa Cokelat Pouch 97.5 g,11.500
3213,Makanan,Makanan Ringan,Laverland Crunch Seaweed Sea Salt 9 x 4.5 g,60.900
3214,Makanan,Makanan Ringan,Yava Kacang Mede Wild-Harvested Sweet & Spicy 35 g,17.900
3215,Makanan,Makanan Ringan,Yava Kacang Mede Wild-Harvested Sea Salt 32 g,17.900
3216,Makanan,Makanan Ringan,Yava Kacang Mede Wild-Harvested Panggang 35 g,17.900
3217,Makanan,Makanan Ringan,WRP Everyday Deli Chips Keripik Mix Fruit 40 g,23.900
3218,Makanan,Makanan Ringan,Lotte Koala's March Biskuit Isi Krim Susu Vanila 37 g,7.900
3219,Makanan,Makanan Ringan,Oops Pops Crackers Rasa Keju Cheesy 80 g,8.900
3220,Makanan,Makanan Ringan,Geli Chips Basreng Pedas Pouch 65 g,10.900
3221,Makanan,Makanan Ringan,Yava Kacang Mede Wild-Harvested Kakao 32 g,17.900
3222,Makanan,Makanan Ringan,Yava Kacang Mede Wild-Harvested Garlic Pepper 32 g,17.900
3223,Makanan,Makanan Ringan,Yava Krispi Puffs Cacao 35 g,8.900
3224,Makanan,Makanan Ringan,Oops Keripik Singkong Balado 60 g,5.900
3225,Makanan,Makanan Ringan,Cucu Mini Mallow Marshmallow Rasa Stroberi & Apel 120 g,12.500
3226,Makanan,Makanan Ringan,Pamma Makaroni Crunch Rasa Saus Cabe Thailand 100 g,14.900
3227,Makanan,Makanan Ringan,HARIBO Peaches Permen Lunak Jeli Peach 80 g,16.900
3228,Makanan,Makanan Ringan,Kartika Toast Puffies Soes Cream Choco 72 g,10.900
3229,Makanan,Makanan Ringan,Kartika Toast Soes Keju Krim Puffy 72 g,10.900
3230,Makanan,Makanan Ringan,Parago Permen Lunak Rasa Matcha 81 g,12.500
3231,Makanan,Makanan Ringan,Potato-Q Keripik Kentang Rasa Sosis Mexico 50 g,5.900
3232,Makanan,Makanan Ringan,TeJahe Permen Jahe Merah 100 g,7.500
3233,Makanan,Makanan Ringan,TeJahe Permen Jahe Rasa Sekoteng 100 g,7.500
3234,Makanan,Makanan Ringan,Tong Garden Kacang Honey Almonds 35 g,18.500
3235,Makanan,Makanan Ringan,Tong Garden Kacang Kuaci Honey Sunflower Kernels 35 g,8.900
3236,Makanan,Makanan Ringan,Qtela Keripik Singkong Balado 60 g,8.100
3237,Makanan,Makanan Ringan,Qtela Keripik Singkong Balado 175 g,18.800
3238,Makanan,Makanan Ringan,Superstar Wafer Full Cokelat 75 g,9.700
3239,Makanan,Makanan Ringan,Cho Cho Wafer Cokelat Stroberi 35 g,8.800
3240,Makanan,Makanan Ringan,Cho Cho Wafer Cokelat Rice Crispy 29 g,8.600
3241,Makanan,Makanan Ringan,Piattos Snack Kentang Sapi Panggang 35 g,6.700
3242,Makanan,Makanan Ringan,SilverQueen Chunky Bar Cokelat Almond 82 g,26.500
3243,Makanan,Makanan Ringan,nabati Richeese Wafer Krim Keju 75 g,7.000
3244,Makanan,Makanan Ringan,Chitato Keripik Kentang Sapi Bumbu Bakar 65 g,12.400
3245,Makanan,Makanan Ringan,MintZ Permen Chewy Duomint 99 g,8.900
3246,Makanan,Makanan Ringan,Strepsils Original Permen Pelega Tenggorokan 8 pcs,23.700
3247,Makanan,Makanan Ringan,Strepsils Vitamin C Permen Pelega Tenggorokan 8 pcs,23.700
3248,Makanan,Makanan Ringan,Strepsils Rasa Menthol Permen Tablet Hisap Pelega Tenggorokan 8 pcs,23.700
3249,Makanan,Makanan Ringan,Happy Tos Keripik Tortilla Jagung Bakar 55 g,5.300
3250,Makanan,Makanan Ringan,KIS Permen Mint Anggur 75 g,8.700
3251,Makanan,Makanan Ringan,Khong Guan Wafer Cokelat Klasik 350 g,28.300
3252,Makanan,Makanan Ringan,KuSuka Keripik Singkong Rumput Laut 60 g,7.200
3253,Makanan,Makanan Ringan,Monde Serena Egg Rolls 70 g,14.600
3254,Makanan,Makanan Ringan,Roma Sari Gandum Biskuit 149 g,10.500
3255,Makanan,Makanan Ringan,Strepsils Soothing Lemon Madu Permen Pelega Tenggorokan 8 pcs,23.700
3256,Makanan,Makanan Ringan,Soyjoy Snack Bar Stroberi 30 g,10.800
3257,Makanan,Makanan Ringan,Gemez Enaak Snack Mi Premium 22 g,2.100
3258,Makanan,Makanan Ringan,Strepsils Permen Pelega Tenggorokan Bebas Gula 8 pcs,25.500
3259,Makanan,Makanan Ringan,mentos Permen Rainbow Roll 37 g,4.800
3260,Makanan,Makanan Ringan,Tao Kae Noi Big Sheet Crispy Seaweed Klasik 3.2 g,6.000
3261,Makanan,Makanan Ringan,Good Time Cookies Kopi 72 g,9.900
3262,Makanan,Makanan Ringan,Nissin Biskuit Butter Coconut 200 g,12.900
3263,Makanan,Makanan Ringan,Tao Kae Noi Rumput Laut Krispi Original 15 g,23.000
3264,Makanan,Makanan Ringan,Qtela Keripik Tempe Original 55 g,8.800
3265,Makanan,Makanan Ringan,Oishi Kraker Udang Pedas Makanan Ringan 60 g,8.700
3266,Makanan,Makanan Ringan,Oishi Rin-Bee Stik Keju 60 g,8.700
3267,Makanan,Makanan Ringan,Oishi Pillows Ubi 100 g,13.500
3268,Makanan,Makanan Ringan,Tao Kae Noi Big Sheet Rumput Laut Krispi Pedas 3.2 g,5.800
3269,Makanan,Makanan Ringan,Brio Go Potato Biskuit Kentang Box 104 g,10.100
3270,Makanan,Makanan Ringan,mentos Fruit Permen Bag 108 g,9.000
3271,Makanan,Makanan Ringan,AIM Biskuits Crackers Roasted Corn 180 g,14.100
3272,Makanan,Makanan Ringan,Cho Cho Wafer Cokelat Meises 35 g,8.800
3273,Makanan,Makanan Ringan,Roma Malkist Abon Crackers 105 g,10.100
3274,Makanan,Makanan Ringan,Slai O'lai Biskuit Selai Bluberi 192 g,13.600
3275,Makanan,Makanan Ringan,Slai O'lai Biskuit Selai Stroberi 128 g,8.800
3276,Makanan,Makanan Ringan,Tong Garden Kacang Salted Pistachios 35 g,21.700
3277,Makanan,Makanan Ringan,Tong Garden Kacang Salted Almonds 35 g,21.700
3278,Makanan,Makanan Ringan,Dua Kelinci Tic Tac Pilus Mix 80 g,7.600
3279,Makanan,Makanan Ringan,Cadbury Dairy Milk Cokelat Susu 22 g,10.400
3280,Makanan,Makanan Ringan,Fitbar Snack Bar Fruits Delight 20 g,6.000
3281,Makanan,Makanan Ringan,Milkita Permen Milk Lolipop Assorted 108 g,14.400
3282,Makanan,Makanan Ringan,HAPPYDENT White Mint Permen 60 g,14.700
3283,Makanan,Makanan Ringan,Alfamart Kacang Atom Oven 150 g,19.200
3284,Makanan,Makanan Ringan,Alfamart Pang-Pang Manis 150 g,12.500
3285,Makanan,Makanan Ringan,Alfamart Kacang Bandung 190 g,17.500
3286,Makanan,Makanan Ringan,Alfamart Kacang Koro Kulit 150 g,15.500
3287,Makanan,Makanan Ringan,Alfamart Jagung Marning 150 g,12.900
3288,Makanan,Makanan Ringan,Beng-Beng Maxx Wafer Rice Crispy Cokelat 32 g,6.400
3289,Makanan,Makanan Ringan,Brio Go! Potato Biskuit Kentang Original 56 g,6.100
3290,Makanan,Makanan Ringan,Alfamart Kerupuk Kulit Asli Khas ISMA 40 g,15.500
3291,Makanan,Makanan Ringan,Twistko Jagung Bakar 70 g,8.800
3292,Makanan,Makanan Ringan,Nissin Walens Sus Krim Bluberi 100 g,11.500
3293,Makanan,Makanan Ringan,Roma Sari Gandum Biskuit Sandwich Susu & Cokelat 108 g,12.200
3294,Makanan,Makanan Ringan,meiji Yan Yan Biskuit Stroberi Cup 40 g,9.900
3295,Makanan,Makanan Ringan,Oatbits Biskuit Oat Kismis 110 g,6.900
3296,Makanan,Makanan Ringan,Qtela Keripik Tempe Cabai Rawit 55 g,8.800
3297,Makanan,Makanan Ringan,Chacha Cokelat Susu 20 g,6.400
3298,Makanan,Makanan Ringan,Inaco Jeli Mini 15 pcs,9.500
3299,Makanan,Makanan Ringan,Inaco Jeli Mini 25 pcs,15.500
3300,Makanan,Makanan Ringan,Oishi Sponge Crunch Cokelat 100 g,15.000
3301,Makanan,Makanan Ringan,Alfamart Keripik Balado Ante 200 g,14.500
3302,Makanan,Makanan Ringan,Yupi Permen Gummy Aneka Rasa 93 g,15.600
3303,Makanan,Makanan Ringan,garuda Rosta Kacang Panggang Rasa Bawang 95 g,11.600
3304,Makanan,Makanan Ringan,Rebo Kuaci Biji Bunga Matahari Milk 120 g,17.600
3305,Makanan,Makanan Ringan,Oishi Sponge Crunch Stroberi 100 g,15.000
3306,Makanan,Makanan Ringan,Yupi Permen Gummy Calci Bean 70 g,12.500
3307,Makanan,Makanan Ringan,Wong Coco Puding Mangga 120 g,4.800
3308,Makanan,Makanan Ringan,Pringles Keripik Kentang Original 102 g,29.600
3309,Makanan,Makanan Ringan,Pringles Keripik Kentang Sour Cream & Onion Kaleng 102 g,29.600
3310,Makanan,Makanan Ringan,Pringles Keripik Kentang Keju Cheesy Kaleng 102 g,29.600
3311,Makanan,Makanan Ringan,Pringles Snack Keripik Kentang Salt & Seaweed 102 g,28.300
3312,Makanan,Makanan Ringan,Wong Coco Puding Jambu 120 g,4.800
3313,Makanan,Makanan Ringan,Alpenliebe Eclairs Permen Cokelat Karamel 126 g,19.600
3314,Makanan,Makanan Ringan,Nissin Biskuit Kelapa Ijo 280 g,12.700
3315,Makanan,Makanan Ringan,Haribo Goldbears Permen Jeli 80 g,20.000
3316,Makanan,Makanan Ringan,Haribo Happy-Cola Permen Jeli Rasa Cola 80 g,20.000
3317,Makanan,Makanan Ringan,Haribo Starmix Permen Jeli 80 g,20.000
3318,Makanan,Makanan Ringan,Taro Net Rumput Laut 62 g,9.500
3319,Makanan,Makanan Ringan,Taro Net Kentang Barbekiu 62 g,9.500
3320,Makanan,Makanan Ringan,Alfamart Pang-Pang Jagung Bakar 150 g,11.900
3321,Makanan,Makanan Ringan,Fitbar Snack Bar Choco Delight 20 g,6.000
3322,Makanan,Makanan Ringan,Alfamart Popcorn Karamel 75 g,10.900
3323,Makanan,Makanan Ringan,Pringles Keripik Kentang Original Kaleng 42 g,14.700
3324,Makanan,Makanan Ringan,Pringles Keripik Kentang Sour Cream & Onion Kaleng 42 g,14.700
3325,Makanan,Makanan Ringan,Oishi Suky Suky Udang Manis Pedas 60 g,8.700
3326,Makanan,Makanan Ringan,Tango Waffle Cookiez & Cream 3 x 25 g,8.300
3327,Makanan,Makanan Ringan,Gery Sereal Cokelat 100 g,10.500
3328,Makanan,Makanan Ringan,mentos Permen Anggur Roll 37 g,4.800
3329,Makanan,Makanan Ringan,SMax Ring Camilan Rasa Keju 40 g,6.000
3330,Makanan,Makanan Ringan,Yupi Permen Gummy Burger Mini 105 g,15.600
3331,Makanan,Makanan Ringan,Tango Wafer Cokelat 133 g,15.400
3332,Makanan,Makanan Ringan,Tango Wafer Susu Vanila 133 g,15.300
3333,Makanan,Makanan Ringan,Chupa Chups Big Babol Permen Karet Stik 5 pcs,3.900
3334,Makanan,Makanan Ringan,SilverQueen Cokelat Susu Batang Fruit & Nuts 22 g,11.100
3335,Makanan,Makanan Ringan,Beng-Beng Wafer Rice Crispy Cokelat 3 x 20 g,9.900
3336,Makanan,Makanan Ringan,garuda Kacang Atom Pedas 100 g,11.300
3337,Makanan,Makanan Ringan,Yupi Permen Gummy Bentuk Pizza 23 g,4.300
3338,Makanan,Makanan Ringan,Serena Togo Biskuit Cokelat 128 g,9.700
3339,Makanan,Makanan Ringan,Yupi Permen Gummy Stroberi Kiss 110 g,12.900
3340,Makanan,Makanan Ringan,Selamat Wafer Krim Cokelat 128 g,16.800
3341,Makanan,Makanan Ringan,Good Time Cookies Double Cokelat 72 g,9.900
3342,Makanan,Makanan Ringan,Good Time Cookies Klasik 72 g,9.900
3343,Makanan,Makanan Ringan,Woods' Peppermint Lozenges Permen Extra Strong Original 15 g,9.900
3344,Makanan,Makanan Ringan,Choco Pie Keik Marshmallow 2 x 28 g,8.500
3345,Makanan,Makanan Ringan,Selamat Sandwich Wafer Black Vanilla 128 g,16.800
3346,Makanan,Makanan Ringan,Piattos Snack Kentang Sapi Panggang 65 g,11.900
3347,Makanan,Makanan Ringan,Piattos Snack Kentang Rumput Laut 65 g,11.900
3348,Makanan,Makanan Ringan,Pejoy Biskuit Stik Cokelat 37 g,9.300
3349,Makanan,Makanan Ringan,Lotte Pepero Biskuit Stik Almond 32 g,17.400
3350,Makanan,Makanan Ringan,nabati Richeese Bites Wafer Krim Keju 115 g,12.200
3351,Makanan,Makanan Ringan,Tic Tic Stik Renyah Rasa Bawang 70 g,8.700
3352,Makanan,Makanan Ringan,Selamat Wafer Sandwich Cokelat Double 128 g,16.600
3353,Makanan,Makanan Ringan,Oatbits Biskuit Oat Yogurt Stroberi 110 g,6.900
3354,Makanan,Makanan Ringan,Diasweet Fiberwafer Camilan Wafer Rasa Cokelat 180 g,26.900
3355,Makanan,Makanan Ringan,nabati Richoco Bites Wafer Krim Cokelat 115 g,12.000
3356,Makanan,Makanan Ringan,Nextar Nastar Cookies Selai Nanas 8 x 11.25 g,9.800
3357,Makanan,Makanan Ringan,Rebo Kuaci Biji Bunga Matahari Green Tea 120 g,17.600
3358,Makanan,Makanan Ringan,Roma Malkist Crackers Cokelat Belgian Style 90 g,10.300
3359,Makanan,Makanan Ringan,Soyjoy Snack Bar Almond & Cokelat 30 g,10.800
3360,Makanan,Makanan Ringan,Roma Arden Cookies Cokelat Splendid 80 g,11.000
3361,Makanan,Makanan Ringan,WONG COCO My Jelly Assorted 15 x 14 g,9.100
3362,Makanan,Makanan Ringan,Pagoda Permen Pastiles Green Rasa Jeruk 35 g,11.800
3363,Makanan,Makanan Ringan,KIS Permen Mint Apple Peach 75 g,8.700
3364,Makanan,Makanan Ringan,Chitato Keripik Kentang Keju 65 g,12.800
3365,Makanan,Makanan Ringan,Tamarin Permen Sari Asam 81 g,10.300
3366,Makanan,Makanan Ringan,Oreo Space Dunk Biskuit Sandwich Cokelat 105 g,10.200
3367,Makanan,Makanan Ringan,Gingerbon Permen Jahe Original 125 g,10.200
3368,Makanan,Makanan Ringan,Alfamart Kacang Telur Medan Premium 150 g,13.500
3369,Makanan,Makanan Ringan,Hatari See Hong Puff Malkist Crackers Rasa Kelapa 245 g,10.300
3370,Makanan,Makanan Ringan,Dua Kelinci Kacang Kulit Bawang 180 g,25.800
3371,Makanan,Makanan Ringan,Yupi Permen Gummy Big Frank 32 g,5.300
3372,Makanan,Makanan Ringan,Kinder Joy Cokelat Krispi dengan Kejutan Boys 20 g,17.900
3373,Makanan,Makanan Ringan,SilverQueen Chunky Bar Cokelat Cashew 26 g,11.100
3374,Makanan,Makanan Ringan,HAPPYDENT X-pert Permen Peppermint 56 g,19.900
3375,Makanan,Makanan Ringan,Yupi Permen Gummy Fruit Cocktails 24 g,4.300
3376,Makanan,Makanan Ringan,SIDOMUNCUL Tolak Angin Herbal Peppermint Lozenges Permen Pelega Tenggorokan 5 pcs,4.000
3377,Makanan,Makanan Ringan,Garuda Ting Ting Permen Kacang 125 g,13.500
3378,Makanan,Makanan Ringan,Ny. Lie Lie Kerupuk Palembang 150 g,12.700
3379,Makanan,Makanan Ringan,Qtela Keripik Singkong Barbekiu 60 g,8.100
3380,Makanan,Makanan Ringan,Qtela Keripik Singkong Original 175 g,18.600
3381,Makanan,Makanan Ringan,Qtela Keripik Singkong Barbekiu 175 g,18.800
3382,Makanan,Makanan Ringan,Soyjoy Snack Bar Raisin Almond 30 g,10.800
3383,Makanan,Makanan Ringan,Monde Cookies Mentega Biru Kaleng 454 g,72.400
3384,Makanan,Makanan Ringan,Khong Guan Crackers Krim 300 g,19.600
3385,Makanan,Makanan Ringan,Monde Biskuit Egg Drops 110 g,10.000
3386,Makanan,Makanan Ringan,Astor Wafer Stick Cokelat Double 150 g,21.500
3387,Makanan,Makanan Ringan,Roma Malkist Crackers 105 g,10.100
3388,Makanan,Makanan Ringan,Roma Krim Crackers 107 g,10.000
3389,Makanan,Makanan Ringan,Regal Biskuit Marie Spesial 230 g,29.900
3390,Makanan,Makanan Ringan,Regal Biskuit Marie Superior 230 g,25.500
3391,Makanan,Makanan Ringan,Regal Biskuit Marie Superior 120 g,13.800
3392,Makanan,Makanan Ringan,Nissin Crackers Krispi 250 g,12.800
3393,Makanan,Makanan Ringan,Monde Piebis Biskuit Almond 190 g,12.300
3394,Makanan,Makanan Ringan,Monde Serena Snack Gold 60 g,5.400
3395,Makanan,Makanan Ringan,Khong Guan Assorted Biskuit 300 g,21.800
3396,Makanan,Makanan Ringan,Monde Genji Biskuit Pai Original 70 g,13.600
3397,Makanan,Makanan Ringan,Delfi Chic Choc Biskuit Cokelat 36 g,11.100
3398,Makanan,Makanan Ringan,NyamNyam Fantasy Stik Cokelat 25 g,5.200
3399,Makanan,Makanan Ringan,NyamNyam Bubble Puff Cokelat 18 g,5.200
3400,Makanan,Makanan Ringan,NyamNyam Fantasy Stick Stroberi 25 g,5.200
3401,Makanan,Makanan Ringan,KitKat Original Cokelat Wafer Batang 2F 17 g,7.100
3402,Makanan,Makanan Ringan,KitKat Original Cokelat Wafer Batang 4F 35 g,14.200
3403,Makanan,Makanan Ringan,Relaxa Permen Wangi Barley Mint 108 g,8.400
3404,Makanan,Makanan Ringan,KOPIKO Permen Kopi 105 g,11.200
3405,Makanan,Makanan Ringan,mentos Permen Mint Bag 108 g,9.100
3406,Makanan,Makanan Ringan,Frozz Permen Barley Mint 14 g,9.700
3407,Makanan,Makanan Ringan,Frozz Permen Cherry Mint 14 g,9.700
3408,Makanan,Makanan Ringan,Chitato Keripik Kentang Ayam Bumbu 65 g,12.800
3409,Makanan,Makanan Ringan,Chitato Keripik Kentang Sapi Panggang 35 g,7.500
3410,Makanan,Makanan Ringan,Chitato Keripik Kentang Sapi Panggang 65 g,12.800
3411,Makanan,Makanan Ringan,Happy Tos Keripik Tortilla Hijau 140 g,14.200
3412,Makanan,Makanan Ringan,Alfamart Yupi Albi 40 g,3.500
3413,Makanan,Makanan Ringan,Nissin Wafer Cokelat Kaleng 570 g,47.900
3414,Makanan,Makanan Ringan,Regal Biskuit Marie Kaleng 550 g,56.500
3415,Makanan,Makanan Ringan,Choki Choki Pasta Cokelat Chococashew 36 g,5.900
3416,Makanan,Makanan Ringan,Dua Kelinci Kacang Kulit Garing 75 g,9.200
3417,Makanan,Makanan Ringan,Dua Kelinci Kacang Kulit Garing 180 g,21.800
3418,Makanan,Makanan Ringan,Dua Kelinci Kacang Kulit Garing 370 g,38.900
3419,Makanan,Makanan Ringan,garuda Kacang Kulit 370 g,39.400
3420,Makanan,Makanan Ringan,Mr. P Kacang Camilan Kacang Panggang Madu 80 g,16.300
3421,Makanan,Makanan Ringan,SilverQueen Cokelat Susu Batang Almond 22 g,10.500
3422,Makanan,Makanan Ringan,KOALA-LA Permen Gula Kapas Stroberi 10 g,5.900
3423,Makanan,Makanan Ringan,KOALA-LA Permen Gula Kapas Blueberi 10 g,5.900
3424,Makanan,Makanan Ringan,garuda Kacang Atom Original 100 g,11.500
3425,Makanan,Makanan Ringan,UBM Crackers Malkist Square Puff 350 g,16.400
3426,Makanan,Makanan Ringan,KuSuka Keripik Singkong Barbekiu 60 g,7.200
3427,Makanan,Makanan Ringan,KuSuka Keripik Singkong Ayam Lada Hitam 60 g,7.200
3428,Makanan,Makanan Ringan,Gofress Permen Peppermint 24 s,15.100
3429,Makanan,Makanan Ringan,Monde Cookies Mentega 150 g,24.800
3430,Makanan,Makanan Ringan,KIS Permen Mint Cherry 75 g,8.700
3431,Makanan,Makanan Ringan,SilverQueen Chunky Bar Cokelat Cashew 82 g,26.500
3432,Makanan,Makanan Ringan,Dua Kelinci Kacang Kulit Sangrai 180 g,22.300
3433,Makanan,Makanan Ringan,Blaster Neapolitan Permen Stroberi Vanila 100 g,9.600
3434,Makanan,Makanan Ringan,Ferrero Rocher Cokelat 3 x 12.5 g,30.100
3435,Makanan,Makanan Ringan,HAPPYDENT White Mint Permen Karet 14 g,5.200
3436,Makanan,Makanan Ringan,Oreo Babymonster Biskuit Sandwich Original 105 g,10.200
3437,Makanan,Makanan Ringan,Chuba Keripik Singkong Rasa Keju 125 g,10.900
3438,Makanan,Makanan Ringan,mentos Permen Mint Roll 37 g,4.800
3439,Makanan,Makanan Ringan,Deka Mini Wafer Bites Cokelat 72 g,7.500
3440,Makanan,Makanan Ringan,Cheetos Makanan Ringan Rasa Keju 120 g,13.100
3441,Makanan,Makanan Ringan,Cheetos Makanan Ringan Rasa Keju 60 g,7.700
3442,Makanan,Makanan Ringan,7+ Bar Sereal Cocoa Chia 22 g,6.900
3443,Makanan,Makanan Ringan,7+ Bar Sereal Yoghurt Berry 22 g,6.900
3444,Makanan,Makanan Ringan,Chitato Keripik Kentang Beef Mala 65 g,12.200
3445,Makanan,Makanan Ringan,Biskuat Biskuit Original 106.4 g,7.900
3446,Makanan,Makanan Ringan,SilverQueen Cokelat Susu Batang Almond 52 g,14.500
3447,Makanan,Makanan Ringan,Chacha Cokelat Susu Kacang 35 g,8.500
3448,Makanan,Makanan Ringan,Chacha Cokelat Susu 35 g,8.500
3449,Makanan,Makanan Ringan,Biskuat Biskuit Cokelat 106.4 g,7.900
3450,Makanan,Makanan Ringan,GuriBee Barbekiu Balado 65 g,7.900
3451,Makanan,Makanan Ringan,GuriBee Rumput Laut 65 g,7.900
3452,Makanan,Makanan Ringan,Pocky Biskuit Stik Double Cokelat 39 g,6.900
3453,Makanan,Makanan Ringan,Pocky Biskuit Stik Matcha 33 g,6.900
3454,Makanan,Makanan Ringan,Pocky Biskuit Stik Cookies & Cream 40 g,6.900
3455,Makanan,Makanan Ringan,GuriBee Keju Krispi 65 g,7.900
3456,Makanan,Makanan Ringan,Pocky Crushed Nuts Biskuit Stik Almond Cokelat Susu 25 g,9.900
3457,Makanan,Makanan Ringan,Pocky Crushed Nuts Biskuit Stik Almond Dark Cokelat 25 g,9.900
3458,Makanan,Makanan Ringan,Mari Cafe Permen Kopi Rasa Cappuccino 35 g,7.300
3459,Makanan,Makanan Ringan,Mari Cafe Permen Kopi Rasa Espresso 35 g,7.300
3460,Makanan,Makanan Ringan,Pocky Crushed Fruits Biskuit Stik Blueberry Yogurt 38 g,9.900
3461,Makanan,Makanan Ringan,Pocky Biskuit Stik Susu Vanila 39 g,6.900
3462,Makanan,Makanan Ringan,Cimory Eat Milk Puding Susu Rasa Cokelat Hazelnut 80 g,6.600
3463,Makanan,Makanan Ringan,Cimory Eat Milk Puding Susu Rasa Cokelat 80 g,6.600
3464,Makanan,Makanan Ringan,Cimory Eat Milk Puding Susu Rasa Marie Biskuit 80 g,6.600
3465,Makanan,Makanan Ringan,Biskuat Bites Biskuit Original 35 g,6.100
3466,Makanan,Makanan Ringan,Biskuat Bites Biskuit Cokelat 35 g,6.000
3467,Makanan,Makanan Ringan,Cimory Eat Milk Puding Susu Rasa Matcha 80 g,6.600
3468,Makanan,Makanan Ringan,Sari Murni Snack Keripik Pisang Sale 140 g,
3469,Makanan,Makanan Ringan,Krobe Kerupuk Udang Rumput Laut 70 g,14.900
3470,Makanan,Makanan Ringan,Finna Pars Kerupuk Udang Barbekiu 40 g,6.900
3471,Makanan,Makanan Ringan,Good Time Family Selection Cookies Rasa Cokelat 159 g,13.900
3472,Makanan,Makanan Ringan,Nissin Biskuit Mentega Kelapa Kaleng 650 g,32.400
3473,Makanan,Makanan Ringan,Monde Bourbon Biskuit Krim Cokelat Kaleng 500 g,26.000
3474,Makanan,Makanan Ringan,Pamma Keripik Sayur Pouch 45 g,18.900
3475,Makanan,Makanan Ringan,Lotte Choco Pie Keik Cokelat Isi Marshmallow 12 x 28 g,20.900
3476,Makanan,Makanan Ringan,Hello Panda Biskuit Stroberi 42 g,9.300
3477,Makanan,Makanan Ringan,Khong Guan Malkist Abon Sapi 125 g,8.900
3478,Makanan,Makanan Ringan,Yeko Jelly Pudding Stroberi 125 g,8.000
3479,Makanan,Makanan Ringan,UBM Crackers Krim 350 g,12.900
3480,Makanan,Makanan Ringan,Nissin Lemonia Cookies 130 g,9.500
3481,Makanan,Makanan Ringan,Khong Guan Malkist Crackers Superco 138 g,8.900
3482,Makanan,Makanan Ringan,Tango Wafer Long Cokelat 100 g,6.900
3483,Makanan,Makanan Ringan,Twister Minis Wafer Roll Cokelat 70 g,7.900
3484,Makanan,Makanan Ringan,PEZ Permen Assorted 17 g,31.900
3485,Makanan,Makanan Ringan,Yupi Permen Gummy Baby Bears 45 g,4.900
3486,Makanan,Makanan Ringan,Yupi Permen Gummy Stroberi Kiss 45 g,4.900
3487,Makanan,Makanan Ringan,Fisherman's Friend Permen Extra Strong Original 22 g,17.900
3488,Makanan,Makanan Ringan,Fisherman's Friend Permen Sugar Free Mint 22 g,17.900
3489,Makanan,Makanan Ringan,TOP X-tra Large Wafer Rice Crispy Cokelat 32 g,3.900
3490,Makanan,Makanan Ringan,Cadbury Dairy Milk Cokelat Susu 52 g,14.500
3491,Makanan,Makanan Ringan,Dua Kelinci Sukro Kacang Atom Barbekiu 95 g,8.900
3492,Makanan,Makanan Ringan,Yupi Permen Gummy Neon Stix 45 g,4.900
3493,Makanan,Makanan Ringan,Taro Net Kentang Barbekiu 32 g,5.200
3494,Makanan,Makanan Ringan,Yeko Puding Jeli Cokelat 125 g,8.000
3495,Makanan,Makanan Ringan,KuSuka Keripik Singkong Barbekiu 180 g,15.900
3496,Makanan,Makanan Ringan,KuSuka Keripik Singkong Keju Bakar 60 g,5.500
3497,Makanan,Makanan Ringan,Gery Saluut Malkist Crackers Keju 100 g,7.500
3498,Makanan,Makanan Ringan,SilverQueen Crispy Cokelat Susu Cashew Rice Crispies 50 g,14.500
3499,Makanan,Makanan Ringan,Hello Panda Biskuit Krim Cokelat 42 g,9.300
3500,Makanan,Makanan Ringan,Chacha Minis Cokelat Susu 25 g,6.900
3501,Makanan,Makanan Ringan,SilverQueen Cokelat Susu Batang Fruit & Nuts 52 g,14.500
3502,Makanan,Makanan Ringan,Cadbury Dairy Milk Cokelat Susu Black Forest 52 g,13.500
3503,Makanan,Makanan Ringan,Milkita Permen Susu Assorted 105 g,12.500
3504,Makanan,Makanan Ringan,Fisherman's Friend Permen Bebas Gula Spearmint 22 g,17.900
3505,Makanan,Makanan Ringan,Fisherman's Friend Permen Bebas Gula Honey & Lemon 22 g,17.900
3506,Makanan,Makanan Ringan,Chomp-Chomp Mallow Es Krim Marshmallow Anggur 50 g,8.900
3507,Makanan,Makanan Ringan,Chomp-Chomp Mallow Es Krim Marshmallow Stroberi 50 g,8.900
3508,Makanan,Makanan Ringan,Chomp-Chomp Mallow Permen Marshmallow Twist Long Stick 50 g,8.900
3509,Makanan,Makanan Ringan,Suki Stik Ayam Kecap 85 g,9.400
3510,Makanan,Makanan Ringan,KuSuka Keripik Singkong Ayam Lada Hitam 180 g,15.900
3511,Makanan,Makanan Ringan,Yupi Permen Gummy Little Star 45 g,4.900
3512,Makanan,Makanan Ringan,Mr. hottest Maitos Tortilla Barbekiu 140 g,9.800
3513,Makanan,Makanan Ringan,Potabee Keripik Kentang Sapi Panggang Barbekiu 65 g,9.100
3514,Makanan,Makanan Ringan,Oreo Mini Biskuit Sandwich Original 58.4 g,8.900
3515,Makanan,Makanan Ringan,KuSuka Keripik Singkong Original 180 g,15.900
3516,Makanan,Makanan Ringan,Delfi Dairy Cokelat Susu Batang 40 g,11.900
3517,Makanan,Makanan Ringan,Twister Minis Wafer Roll Black Vanilla 70 g,7.900
3518,Makanan,Makanan Ringan,Cadbury Dairy Milk Cokelat Susu Fruit & Nut 52 g,13.500
3519,Makanan,Makanan Ringan,Fisherman's Friend Permen Bebas Gula Blackcurrant 22 g,17.900
3520,Makanan,Makanan Ringan,Fisherman's Friend Permen Lemon Bebas Gula 22 g,17.900
3521,Makanan,Makanan Ringan,Oreo Mini Biskuit Sandwich Cokelat 58.4 g,8.900
3522,Makanan,Makanan Ringan,CHOCO PIE Marshmallow Soft Cake 6 x 28 g,15.600
3523,Makanan,Makanan Ringan,Yupi Permen Gummy Asam O'ringo 45 g,4.900
3524,Makanan,Makanan Ringan,"Oreo Mini Biskuit Sandwich Stroberi 58,4 g",8.900
3525,Makanan,Makanan Ringan,Biskies Sandwich Crackers Biskuit Vanilla 108 g,9.200
3526,Makanan,Makanan Ringan,nabati Richeese Wafer Krim Keju 110 g,7.200
3527,Makanan,Makanan Ringan,Biskies Crackers Sandwich Biskuit Cheese 96 g,9.200
3528,Makanan,Makanan Ringan,Chacha Minis Cokelat Susu Police 25 g,6.900
3529,Makanan,Makanan Ringan,nabati Richoco Wafer Krim Cokelat 110 g,7.200
3530,Makanan,Makanan Ringan,Dua Kelinci Sukro Kacang Oven Bawang 95 g,8.900
3531,Makanan,Makanan Ringan,Relaxa Play Permen Gummy BoboiBoy 40 g,4.500
3532,Makanan,Makanan Ringan,Khong Guan Biskuit Assorted Merah Kaleng 1.6 kg,106.500
3533,Makanan,Makanan Ringan,Khong Guan Mini Biskuit Assorted Merah Kaleng 650 g,55.900
3534,Makanan,Makanan Ringan,Delfi Maltitos Biskuit Malt Crunch Cokelat 26 g,7.900
3535,Makanan,Makanan Ringan,Pringles Snack Keripik Kentang Hot & Spicy 102 g,19.000
3536,Makanan,Makanan Ringan,Chomp-Chomp Mallow Bebek Marshmallow 50 g,8.900
3537,Makanan,Makanan Ringan,Garuda Pilus Mi Goreng 85 g,5.800
3538,Makanan,Makanan Ringan,Potabee Keripik Kentang Ayam Bakar 65 g,8.900
3539,Makanan,Makanan Ringan,Finna Pars Kerupuk Udang Rumput Laut 40 g,7.200
3540,Makanan,Makanan Ringan,NyamNyam Popstix Cokelat 48 g,7.800
3541,Makanan,Makanan Ringan,Chomp-Chomp Koin Cokelat Strip 36 g,11.500
3542,Makanan,Makanan Ringan,Dua Kelinci Sukro Kacang Oven Jagung Bakar 95 g,8.900
3543,Makanan,Makanan Ringan,UHA Kororo Permen Jeli Anggur 40 g,13.400
3544,Makanan,Makanan Ringan,Deka Mini Wafer Bites Ube 72 g,7.500
3545,Makanan,Makanan Ringan,A.T.B Biskuit Marie Susu 180 g,7.700
3546,Makanan,Makanan Ringan,Potabee Keripik Kentang Bistik Sapi Wagyu 65 g,8.900
3547,Makanan,Makanan Ringan,Yupi Permen Gummy Exotic Mango 45 g,4.900
3548,Makanan,Makanan Ringan,Unibis Bon Bon Biskuit Krim Cokelat 191 g,7.900
3549,Makanan,Makanan Ringan,Kata Oma Telur Gabus Rasa Gula Aren 50 g,10.000
3550,Makanan,Makanan Ringan,Tong Garden Kacang Party Snack 40 g,8.500
3551,Makanan,Makanan Ringan,Tong Garden Kacang Salted Cashew Nuts 40 g,19.200
3552,Makanan,Makanan Ringan,Dilan Cokelat Crunchy Karamel Mini Pack 85 g,10.900
3553,Makanan,Makanan Ringan,Chomp-Chomp Mallow Plain Marshmallow 50 g,8.900
3554,Makanan,Makanan Ringan,nabati Richeese Bites Wafer Krim Keju 135 g,11.900
3555,Makanan,Makanan Ringan,Unibis See Hong Puff Malkist Crackers 247 g,8.900
3556,Makanan,Makanan Ringan,Cho Cho Joy Wafer Snack Egg Jumbo 40 g,20.500
3557,Makanan,Makanan Ringan,Kata Oma Telur Gabus Rasa Keju 50 g,10.000
3558,Makanan,Makanan Ringan,SilverQueen White Cokelat Very Berry Yoghurt 55 g,19.900
3559,Makanan,Makanan Ringan,Chitato Lite Keripik Kentang Rumput Laut 68 g,12.200
3560,Makanan,Makanan Ringan,Get Git Wafer Cokelat 102 g,7.600
3561,Makanan,Makanan Ringan,Khong Guan Saltcheese Crackers Keju Manis Pedas 200 g,11.500
3562,Makanan,Makanan Ringan,Chuba Keripik Singkong Sambal Balado 125 g,10.900
3563,Makanan,Makanan Ringan,Munchy's Lexus Biskuit Sandwich Krim Keju 190 g,29.900
3564,Makanan,Makanan Ringan,Agung Sari Sale Pisang 325 g,
3565,Makanan,Makanan Ringan,Flipper Keciput Makanan Ringan 200 g,
3566,Makanan,Makanan Ringan,Flipper Keripik Singkong Madura Pedas Manis 250 g,
3567,Makanan,Makanan Ringan,Ming Stik Tahu 100 g,
3568,Makanan,Makanan Ringan,DDN Kerupuk Udang 10 pcs,
3569,Makanan,Makanan Ringan,Hana Gemblong Ubi Ungu 150 g,
3570,Makanan,Makanan Ringan,Indah Rasa Stik Ketan Manis 200 g,
3571,Makanan,Makanan Ringan,Indah Rasa Stik Ketan Gurih 200 g,
3572,Makanan,Makanan Ringan,Mekar Abadi Criping Pisang 150 g,
3573,Makanan,Makanan Ringan,Mekar Abadi Emping Jagung 150 g,
3574,Makanan,Makanan Ringan,Asppoba Keciput 150 g,
3575,Makanan,Makanan Ringan,Prabu Kerupuk Ikan Tenggiri 200 g,
3576,Makanan,Makanan Ringan,Prabu Makaroni Rujak 220 g,
3577,Makanan,Makanan Ringan,Prabu Jetset Keju 100 g,
3578,Makanan,Makanan Ringan,Rizki Monggreng Klanting 170 g,
3579,Makanan,Makanan Ringan,Jempol Keripik Tempe Sagu Pouch 100 g,
3580,Makanan,Makanan Ringan,Ulam Sari Makaroni Renyah 100 g,
3581,Makanan,Makanan Ringan,Dua Lombok Seblak 70 g,
3582,Makanan,Makanan Ringan,KrisBee Krunchy Jagung Bakar Mentega 75 g,4.500
3583,Makanan,Makanan Ringan,Wong Coco Puding Es Teler 120 g,3.900
3584,Makanan,Makanan Ringan,Gery Saluut Crackers Malkist Matcha Latte 100 g,7.500
3585,Makanan,Makanan Ringan,Pringles Snack Keripik Kentang Barbeque Kaleng 102 g,19.000
3586,Makanan,Makanan Ringan,Fisherman's FriendS Choco Mentho Permen Jeruk Bebas Gula 22 g,17.900
3587,Makanan,Makanan Ringan,Fisherman's Friend Permen Mentho Cokelat Bebas Gula Mint 22 g,17.900
3588,Makanan,Makanan Ringan,Kata Oma Telur Gabus Rasa Padang Balado 50 g,8.900
3589,Makanan,Makanan Ringan,Momogi Long Stik Rumput Laut 10 x 12 g,10.500
3590,Makanan,Makanan Ringan,Cadbury Dairy Milk Cokelat Susu Hazelnut 52 g,13.500
3591,Makanan,Makanan Ringan,Tong Garden Kacang Kuaci Salted Sunflower 30 g,5.500
3592,Makanan,Makanan Ringan,Tong Garden Party Snack Kacang Campur 185 g,19.900
3593,Makanan,Makanan Ringan,Pororo Choco Stick Cookie Cokelat Box 54 g,23.000
3594,Makanan,Makanan Ringan,Inaco Assorted Dessert Jeli & Puding Gift Box 600 g,22.500
3595,Makanan,Makanan Ringan,Munchy's Lexus Biskuit Sandwich Selai Kacang 190 g,23.900
3596,Makanan,Makanan Ringan,Japota Keripik Kentang Umami Japanese Seaweed 115 g,13.900
3597,Makanan,Makanan Ringan,Tricks Biskuit Kentang Rasa Original 4 x 15 g,7.200
3598,Makanan,Makanan Ringan,garuda Pilus Rendang Sapi 80 g,5.800
3599,Makanan,Makanan Ringan,Amos 4D Permen Jeli 3D Buah Stroberi 65 g,9.400
3600,Makanan,Makanan Ringan,Francis Kacang Almond Panggang Asin Garam Laut 31 g,11.600
3601,Makanan,Makanan Ringan,Yupi WIld Safari Permen Jeli Aneka Rasa 44 g,4.900
3602,Makanan,Makanan Ringan,Delfi Bar Bar Wafer Share Pack 80 g,12.900
3603,Makanan,Makanan Ringan,Pocky Biskuit Stik Cokelat Share Pack 7 x 20 g,27.900
3604,Makanan,Makanan Ringan,Hello Panda Biskuit Rasa Cookies & Cream 42 g,9.300
3605,Makanan,Makanan Ringan,Milkita Bites Permen Susu 24 g,4.500
3606,Makanan,Makanan Ringan,Potabee Keripik Kentang Barbekiu Pedas 65 g,8.900
3607,Makanan,Makanan Ringan,Chitato Lite Keripik Kentang Rumput Laut Aburi 65 g,12.200
3608,Makanan,Makanan Ringan,Japota Keripik Kentang Sapi Panggang 68 g,8.900
3609,Makanan,Makanan Ringan,Tong Garden Kacang Kulit Shandong 60 g,5.500
3610,Makanan,Makanan Ringan,nabati Wafer Goguma 110 g,7.200
3611,Makanan,Makanan Ringan,Tricks Biskuit Kentang Rasa Ramyeon Keju 4 x 15 g,7.200
3612,Makanan,Makanan Ringan,Wonhae Permen Gummy Yogurt Original 48 g,9.500
3613,Makanan,Makanan Ringan,Ritz Crackers Original 100 g,8.500
3614,Makanan,Makanan Ringan,Hello Panda Biskuit Krim Double Cokelat 42 g,9.300
3615,Makanan,Makanan Ringan,UHA Kororo Permen Jeli Peach 40 g,11.900
3616,Makanan,Makanan Ringan,PARAGO Milk Chewy Candy Permen Lunak Susu 108 g,8.900
3617,Makanan,Makanan Ringan,Tango Walut Wafer Cokelat Belgian Box 75 g,9.000
3618,Makanan,Makanan Ringan,Buynana Keripik Pisang Cokelat Pouch 100 g,
3619,Makanan,Makanan Ringan,Maira Macaron Crispy 45 g,
3620,Makanan,Makanan Ringan,Prabu Pilus Pedas 100 g,
3621,Makanan,Makanan Ringan,Boss Emuh Kerupuk Sangrai 100 g,
3622,Makanan,Makanan Ringan,Angsa Opak Cabe Besar 150 g,
3623,Makanan,Makanan Ringan,Azzuri Keripik Gonggong Pouch 100 g,
3624,Makanan,Makanan Ringan,Bagus Snack Marie Wijen 185 g,
3625,Makanan,Makanan Ringan,Chitato Lite Keripik Kentang Ayam Bawang 65 g,
3626,Makanan,Makanan Ringan,Monde Potato Boro Cookies Kentang Green 100 g,9.900
3627,Makanan,Makanan Ringan,Monde Serena Egg Rolls Cokelat 168 g,22.900
3628,Makanan,Makanan Ringan,Evyna Keripik Jamur Krispi Pizza 140 g,34.500
3629,Makanan,Makanan Ringan,Evyna Keripik Jamur Krispi Roastbeef 140 g,34.900
3630,Makanan,Makanan Ringan,Evyna Emping Keripik Melinjo Pedas Manis Khas Minang 60 g,27.900
3631,Makanan,Makanan Ringan,Evyna Emping Keripik Melinjo Jagung Manis Keju 60 g,27.900
3632,Makanan,Makanan Ringan,Evyna Snack Gabus Kentang Original 120 g,31.500
3633,Makanan,Makanan Ringan,Yava Granola Snack Tropical Fruits 125 g,21.900
3634,Makanan,Makanan Ringan,L-Men Protein Crunch Rasa Daging Barbekiu 20 g,13.900
3635,Makanan,Makanan Ringan,Tong Garden SUN GIFT Soft & Chewy Kranberry Kering 110 g,30.900
3636,Makanan,Makanan Ringan,Tong Garden SUN GIFT Soft & Chewy Kismis Jumbo Medley 120 g,30.900
3637,Makanan,Makanan Ringan,Yava Granola Bites Snack Coconut Banana 125 g,20.900
3638,Makanan,Makanan Ringan,Barbie Choco Snack Biskuit Assorted 45 g,3.500
3639,Makanan,Makanan Ringan,Wong Coco Pudding Blueberry Yogurt Fat Free 120 g,3.900
3640,Makanan,Makanan Ringan,Delbi's Sunday Biskuit Special Sandwich 155.2 g,17.000
3641,Makanan,Makanan Ringan,Delbi's Lovy Assorted Cookies Coffeeccino & Chocobutter 280 g,21.000
3642,Makanan,Makanan Ringan,Inaco Jeli Mini Rasa Jus Bucket 50 x 15 g,26.900
3643,Makanan,Makanan Ringan,ZIPLONG Permen Eucalyptus Mint Bag 100 g,8.500
3644,Makanan,Makanan Ringan,Munchy's Lexus Cookies Dark Cokelat 189 g,23.900
3645,Makanan,Makanan Ringan,NISSIN Wafer Kacang 100 g,6.900
3646,Makanan,Makanan Ringan,NISSIN Wafer Choco Lava 160 g,11.900
3647,Makanan,Makanan Ringan,Monde Shortbread Biskuit Rasa Mentega 115 g,11.900
3648,Makanan,Makanan Ringan,Monde Genji Biskuit Raisin Pie 95 g,15.500
3649,Makanan,Makanan Ringan,Monde Genji Biskuit Strawberry Pie 95 g,15.500
3650,Makanan,Makanan Ringan,NISSIN Gabin Biskuit Original 140 g,6.000
3651,Makanan,Makanan Ringan,NISSIN Gabin Biskuit Keju 140 g,6.000
3652,Makanan,Makanan Ringan,Khong Guan Cizzring Kukis Keju 135 g,10.900
3653,Makanan,Makanan Ringan,Monde Collon Biskuit Krim Vanila 40 g,6.000
3654,Makanan,Makanan Ringan,Monde Pola Snack Rasa Kentang 50 g,7.500
3655,Makanan,Makanan Ringan,Pororo Choco Biskuit Stik Kacang Box 54 g,23.000
3656,Makanan,Makanan Ringan,Tango Wafer Sassy Stroberi 100 g,6.900
3657,Makanan,Makanan Ringan,Milo Activ Biskuit Rasa Original 104 g,9.900
3658,Makanan,Makanan Ringan,Milo Activ Biskuit Krim Susu 104 g,9.900
3659,Makanan,Makanan Ringan,Mentos Fresh Action by Golia Permen Rasa Mint 84 g,6.500
3660,Makanan,Makanan Ringan,Chupa Chups Permen Sour Belt 1 Meter 50 g,11.500
3661,Makanan,Makanan Ringan,Khong Guan Saltcheese Combo Crackers + Wafer 175 g,12.700
3662,Makanan,Makanan Ringan,Biskies Sandwich Biskuit Oat Gandum Kurma 108 g,10.100
3663,Makanan,Makanan Ringan,Chupa Chups Cool Cola Permen Jeli 45 g,3.900
3664,Makanan,Makanan Ringan,Chupa Chups Panda Bears Permen Jeli 45 g,3.900
3665,Makanan,Makanan Ringan,Qtela Keripik Tempe Orek Pouch 100 g,23.800
3666,Makanan,Makanan Ringan,Chitato Lite Keripik Kentang Original Kaleng 110 g,19.900
3667,Makanan,Makanan Ringan,Chitato Lite Keripik Kentang Keju Kaleng 110 g,19.900
3668,Makanan,Makanan Ringan,Pringles Keripik Kentang Original Kaleng 66 g,18.500
3669,Makanan,Makanan Ringan,Pringles Keripik Kentang Keju Cheesy Kaleng 66 g,18.500
3670,Makanan,Makanan Ringan,Pringles Keripik Kentang Sour Cream & Onion Kaleng 66 g,18.500
3671,Makanan,Makanan Ringan,Fox's Permen Gummy Emoti Pops Love & Angry 35 g,4.900
3672,Makanan,Makanan Ringan,Japota Keripik Kentang Madu Mentega 120 g,13.900
3673,Makanan,Makanan Ringan,Fitbar Protein Bar Cokelat 25 g,10.900
3674,Makanan,Makanan Ringan,Alfamart Kacang Mede 60 g,16.500
3675,Makanan,Makanan Ringan,nabati Richoco Bites Wafer Krim Cokelat Box 135 g,11.900
3676,Makanan,Makanan Ringan,Holygood Camilan Aromanis 125 g,
3677,Makanan,Makanan Ringan,Ibu Roktal Baby Fish Camilan Ikan Original 115 g,
3678,Makanan,Makanan Ringan,Jawara Camilan Keripik Pisang Original 100 g,
3679,Makanan,Makanan Ringan,Ning Nong Camilan Kembang Goyang 35 g,
3680,Makanan,Makanan Ringan,RHR Camilan Kerupuk Jengkol 87 g,
3681,Makanan,Makanan Ringan,Evyna Makaroni Keju Smoked Wagyu 45 g,23.900
3682,Makanan,Makanan Ringan,Evyna Makaroni Keju Super Rich 45 g,23.900
3683,Makanan,Makanan Ringan,Dua Kelinci Roni Makaroni Krispi Jagung Bakar 135 g,8.900
3684,Makanan,Makanan Ringan,Dua Kelinci Roni Makaroni Krispi Ekstra Pedas 135 g,8.900
3685,Makanan,Makanan Ringan,Dua Kelinci Kacang Sukro Oven Pedas 95 g,6.900
3686,Makanan,Makanan Ringan,Dua Kelinci Kacang Campur 60 g,8.500
3687,Makanan,Makanan Ringan,Relaxa Play Permen Gummy Mobil 120 g,7.900
3688,Makanan,Makanan Ringan,Relaxa Play Permen Gummy Hati 120 g,7.900
3689,Makanan,Makanan Ringan,"Kojima Permen Habbatussauda Rasa Kurma, Jinten dan Madu 100 g",8.500
3690,Makanan,Makanan Ringan,Serena Snack Crackers Rasa Ayam 210 g,13.900
3691,Makanan,Makanan Ringan,Khong Guan Wafer Stik Rasa Vanila 500 g,28.900
3692,Makanan,Makanan Ringan,TOP Wafer Krim Rasa Cokelat 280 g,11.900
3693,Makanan,Makanan Ringan,"Inaco Puding Nusantara Kombinasi Rasa Buah Mangga, Markisa & Yogurt 3 x 120 g",10.000
3694,Makanan,Makanan Ringan,Parago Permen Lunak Rasa Cokelat 54 g,5.500
3695,Makanan,Makanan Ringan,Parago Permen Lunak Rasa Anggur 54 g,5.500
3696,Makanan,Makanan Ringan,Parago Permen Lunak Rasa Stroberi 54 g,5.500
3697,Makanan,Makanan Ringan,Mayasi Cashew Rasa Honey Butter Pouch 100 g,28.900
3698,Makanan,Makanan Ringan,Mayasi Cashew Rasa Jagung Bakar Pouch 100 g,28.900
3699,Makanan,Makanan Ringan,Mayasi Cashew Rasa Salted Karamel Pouch 100 g,28.900
3700,Makanan,Makanan Ringan,Mayasi Festive Treats Kacang Jepang Mixed Flavor 20 x 7 g,12.000
3701,Makanan,Makanan Ringan,Pamma Keripik Buah Pouch 45 g,24.900
3702,Makanan,Makanan Ringan,Pamma Keripik Stroberi Pouch 45 g,25.900
3703,Makanan,Makanan Ringan,Pamma Makaroni Crunch Rasa Mie Goreng 100 g,9.900
3704,Makanan,Makanan Ringan,Chiki Twist Makanan Ringan Jagung Bakar Pedas Manis 65 g,4.500
3705,Makanan,Makanan Ringan,Oatside Sereal Bar Oat Rasa Selai Kacang 18 g,6.500
3706,Makanan,Makanan Ringan,Oatside Sereal Bar Oat Rasa Cokelat 18 g,6.500
3707,Makanan,Makanan Ringan,Oatside Sereal Bar Oat Rasa Stroberi White Chocolate 18 g,6.500
3708,Makanan,Makanan Ringan,Momogi Makanan Ringan Stik Keju 10 x 12 g,10.500
3709,Makanan,Makanan Ringan,Momogi Makanan Ringan Stik Cokelat 10 x 12 g,10.500
3710,Makanan,Makanan Ringan,Momogi Makanan Ringan Stik Jagung Bakar 10 x 12 g,10.500
3711,Makanan,Makanan Ringan,Kongbap Rice Crackers Rasa Madu Mentega 50 g,9.400
3712,Makanan,Makanan Ringan,Kongbap Rice Crackers Rasa Keju 50 g,9.400
3713,Makanan,Makanan Ringan,Kongbap Rice Crackers Rasa Ayam Bawang 50 g,9.400
3714,Makanan,Makanan Ringan,Kongbap Rice Crackers Rasa Rumput Laut 50 g,9.400
3715,Makanan,Makanan Ringan,Kongbap Rice Crackers Rasa Barbeque 50 g,9.400
3716,Makanan,Makanan Ringan,Mr. hottest Maitos Tortilla Mi Goreng 125 g,9.800
3717,Makanan,Makanan Ringan,Milkita Milky Snack Bar Original 15 g,4.400
3718,Makanan,Makanan Ringan,"Fruzz Permen Jeli Gummy Apel, Anggur & Melon 36 g",6.900
3719,Makanan,Makanan Ringan,Bumifood Quick Bites Camilan Odeng 60 g,8.300
3720,Makanan,Makanan Ringan,Bumifood Quick Bites Camilan Tofu Ikan 60 g,8.300
3721,Makanan,Makanan Ringan,Mister Potato K-Razy Kick Keripik Kentang Pedas Asem 106 g,15.000
3722,Makanan,Makanan Ringan,Yava YA'Bar Snack Bar Cokelat 28 g,5.900
3723,Makanan,Makanan Ringan,Pocky Biskuit Stik Rasa Rose 31 g,12.900
3724,Makanan,Makanan Ringan,Milo Activ Biskuit Rasa Cokelat 96 g,9.900
3725,Makanan,Makanan Ringan,Lay's Stax Keripik Kentang Rasa Original 100 g,25.000
3726,Makanan,Makanan Ringan,Richeese Keripik Kentang Waffle Rasa Fire Wings 54 g,9.500
3727,Makanan,Makanan Ringan,Richeese Keripik Kentang Waffle Rasa Classic Barbeque 54 g,9.500
3728,Makanan,Makanan Ringan,Imperial Creme Biskuit Krim Assorted 21 x 8 g,15.900
3729,Makanan,Makanan Ringan,Wonhae Topokki Snack Cheese Buldak 80 g,8.500
3730,Makanan,Makanan Ringan,Youka Permen Jeli Roll Aneka Rasa 32 g,4.400
3731,Makanan,Makanan Ringan,Milkita Milky Snack Bar Cokelat Susu 15 g,4.400
3732,Makanan,Makanan Ringan,Snickers Cokelat Batang 70 g,14.900
3733,Makanan,Makanan Ringan,M&M's Cokelat Susu isi Kacang 3 x 37 g,25.900
3734,Makanan,Makanan Ringan,Glico Pocky Crushed Fruits Biskuit Stroberi Peach Yogurt 38 g,9.900
3735,Makanan,Makanan Ringan,Hi Fruit Permen Gummy Buah Anggur Ungu 25 g,4.000
3736,Makanan,Makanan Ringan,Hi Fruit Permen Gummy Buah Anggur Hijau 25 g,4.000
3737,Makanan,Makanan Ringan,Delfi Take It Share Pack Wafer Cokelat 56 g,17.900
3738,Makanan,Makanan Ringan,KuSuka Keripik Singkong Rasa Truffle 160 g,15.900
3739,Makanan,Makanan Ringan,Banana Chips Keripik Pisang Cokelat 80 g,
3740,Makanan,Makanan Ringan,Shafa Brownies Kering Chocochips 70 g,
3741,Makanan,Makanan Ringan,Madame Mbois Brownies Tempe Kue Kering 70 g,
3742,Makanan,Makanan Ringan,Rezkia Sanjoyo Keripik Paru 70 g,
3743,Makanan,Makanan Ringan,Ana Rasa Sagon Kelapa 200 g,
3744,Makanan,Makanan Ringan,Mamah Ratna Camilan Basreng Balado 100 g,
3745,Makanan,Makanan Ringan,Arinda Kerupuk Telur Asin Pedas 50 g,
3746,Makanan,Makanan Ringan,MakJuara Camilan Makaroni Keju Original 150 g,
3747,Makanan,Makanan Ringan,Richeese Keripik Kentang Waffle Rasa Rich Burger 54 g,
3748,Makanan,Makanan Ringan,Aldrik Camilan Sale Pisang 120 g,
3749,Makanan,Makanan Ringan,Azora Egg Ball Kue Cokelat Bola 60 g,
3750,Makanan,Makanan Ringan,Bima Keripik Patin Krispi 80 g,
3751,Makanan,Makanan Ringan,D'Anin Keripik Ikan Lele 100 g,
3752,Makanan,Makanan Ringan,Pamma Keripik Bawang Onion Crunch 20 g,12.500
3753,Makanan,Makanan Ringan,Pamma Keripik Buah Naga 45 g,29.900
3754,Makanan,Makanan Ringan,Siumang Camilan Mi Lidi Rasa Cokelat 130 g,14.900
3755,Makanan,Makanan Ringan,Siumang Camilan Mi Lidi Rasa Barbekiu 130 g,14.900
3756,Makanan,Makanan Ringan,Bonkopi Permen Kopi Caffe Latte 165 g,12.500
3757,Makanan,Makanan Ringan,Relaxa Permen Wangi Assorted Tropical Fruit 150 g,12.500
3758,Makanan,Makanan Ringan,Delbis Delica Kukis Choco Dip 152 g,17.000
3759,Makanan,Makanan Ringan,Tango Emoji Biskuit Rasa Cokelat 140 g,17.500
3760,Makanan,Makanan Ringan,Kata Oma Telur Gabus Rasa Jagung Bakar 50 g,8.900
3761,Makanan,Makanan Ringan,Mayasi Kacang Mede Panggang Salut Tepung Ala Kentucky Pouch 35 g,10.500
3762,Makanan,Makanan Ringan,Iyes Kacang Tanah Panggang Rasa Bawang 125 g,9.900
3763,Makanan,Makanan Ringan,Mayasi Festival Crispy Crepes Kaleng 125 g,12.000
3764,Makanan,Makanan Ringan,Cadbury Dairy Milk Cokelat Susu Aerasi Bubbly 46 g,12.500
3765,Makanan,Makanan Ringan,Kobe Bon Cabe Camilan Mi Krispi Rasa Mi Goreng Mawut Level 15 64 g,4.000
3766,Makanan,Makanan Ringan,Kobe Bon Crispy Camilan Mi Krispi Rasa Mi Goreng Spesial Level 0 64 g,4.000
3767,Makanan,Makanan Ringan,Pamma Stik Talas Sambal Ebi Pedas 50 g,14.500
3768,Makanan,Makanan Ringan,Pamma Stik Talas Rumput Laut Panggang 50 g,14.500
3769,Makanan,Makanan Ringan,Pamma Keripik Talas Himalayan Salt 50 g,9.900
3770,Makanan,Makanan Ringan,Pamma Keripik Talas Tom Yum 50 g,9.900
3771,Makanan,Makanan Ringan,Delicyo Kentang Goreng Rasa Truffle 38 g,8.500
3772,Makanan,Makanan Ringan,Delicyo Kentang Goreng Rasa Pedas Daun Jeruk 38 g,8.500
3773,Makanan,Makanan Ringan,Delicyo Kentang Goreng Rasa Keju 38 g,8.500
3774,Makanan,Makanan Ringan,Delicyo Gurizpy Rasa Pedas Daun Jeruk 38 g,8.500
3775,Makanan,Makanan Ringan,Delicyo Crobites French Chocolate 38 g,10.000
3776,Makanan,Makanan Ringan,Cadbury Dairy Milk Mini Bars Cokelat Susu Oreo 80.5 g,25.900
3777,Makanan,Makanan Ringan,SilverQueen Cokelat Susu Batang Cashew 52 g,13.500
3778,Makanan,Makanan Ringan,Dark Wonder Smooth Cokelat Hitam Almond Panggang 4 x 10 g,22.400
3779,Makanan,Makanan Ringan,Floaty Snack Bantal Rasa Terserah 60 g,10.000
3780,Makanan,Makanan Ringan,Oishi Poppy Pop Jagung Bakar 130 g,15.800
3781,Makanan,Makanan Ringan,Delfi Take-it Wafer Dairy Milk 2 x 35 g,13.200
3782,Makanan,Makanan Ringan,Fox's Permen Gummy Emoti Pops Happy & Sad 35 g,4.900
3783,Makanan,Makanan Ringan,Gizzi Wafer Cokelat Susu 122 g,9.900
3784,Makanan,Makanan Ringan,Khong Guan Saltcheese Crackers 200 g,11.500
3785,Makanan,Makanan Ringan,SilverQueen Cokelat Susu Batang Cashew 22 g,10.500
3786,Makanan,Makanan Ringan,Chacha Minis Cokelat Susu dengan Mainan 12.5 g,20.100
3787,Makanan,Makanan Ringan,Pocky Biskuit Stik Susu Cokelat 39 g,6.900
3788,Makanan,Makanan Ringan,SilverQueen Bites Cokelat Susu Cashew 30 g,12.400
3789,Makanan,Makanan Ringan,French Fries 2000 Kentang Goreng 24 g,4.700
3790,Makanan,Makanan Ringan,Lemonilo Brownies Krispi Cokelat 33 g,13.700
3791,Makanan,Makanan Ringan,ASTOR Wafer Stick Double Cokelat 40 g,8.100
3792,Makanan,Makanan Ringan,Sugus Stick Permen Lunak Stroberi 30 g,5.000
3793,Makanan,Makanan Ringan,Oishi Pillows Cokelat 100 g,13.500
3794,Makanan,Makanan Ringan,Oreo Space Dunk Biskuit Sandwich Stroberi 105 g,10.200
3795,Makanan,Makanan Ringan,Nextar Choco Pie Keik Stroberi Isi Marshmallow 3 x 26 g,8.900
3796,Makanan,Makanan Ringan,Roma Biskuit Kelapa 300 g,12.000
3797,Makanan,Makanan Ringan,Cucu Mega Mallow Marshmallow Rasa Vanila 100 g,15.000
3798,Makanan,Makanan Ringan,SilverQueen Bites Cokelat Susu Almond 30 g,12.400
3799,Makanan,Makanan Ringan,Chupa Chups Big Babol Permen Karet Stick Tutti Frutti 5 pcs,3.900
3800,Makanan,Makanan Ringan,Chomp-Chomp Mallow Pop Marshmallow Aneka Warna 16 g,5.000
3801,Makanan,Makanan Ringan,Chupa Chups Permen Lolipop Krim Calcivita 10.5 g,2.300
3802,Makanan,Makanan Ringan,Chupa Chups Big Babol Permen Karet Stik Rasa Bluberi 5 pcs,3.900
3803,Makanan,Makanan Ringan,Chupa Chups Big Babol Permen Karet Stick Tutti Frutti & Blueberry 2 x 20 g,8.000
3804,Makanan,Makanan Ringan,Rebo Kuaci Biji Bunga Matahari Original 120 g,17.600
3805,Makanan,Makanan Ringan,Garuda Crunchy Keripik Kentang Twister Rasa Barbekiu 60 g,8.400
3806,Makanan,Makanan Ringan,Potabee Keripik Kentang Rumput Laut Panggang 65 g,8.900
3807,Makanan,Makanan Ringan,Kinder Joy Cokelat Krispi dengan Kejutan Girls 20 g,17.900
3808,Makanan,Makanan Ringan,Roma Biskuit Kelapa Fresh Pack 138 g,9.800
3809,Makanan,Makanan Ringan,Cheetos Puffs Makanan Ringan Rasa Keju 60 g,15.000
3810,Makanan,Makanan Ringan,French Fries 2000 Kentang Goreng 62 g,9.400
3811,Makanan,Makanan Ringan,Kinder Joy Cokelat Krispi dengan Kejutan DC Comics 20 g,18.100
3812,Makanan,Makanan Ringan,French Fries 2000 Kentang Goreng Pedas Level 3 128 g,17.800
3813,Makanan,Makanan Ringan,garuda Kacang Rosta Panggang Rasa Wagyu Beef 95 g,11.000
3814,Makanan,Makanan Ringan,KuSuka Keripik Ubi Madu 42 g,9.200
3815,Makanan,Makanan Ringan,Dua Kelinci Sukro Kacang Atom Original 95 g,8.900
3816,Makanan,Makanan Ringan,Pocky Biskuit Stik Cokelat 40 g,6.900
3817,Makanan,Makanan Ringan,Beng-Beng Share It Wafer Rice Crispy Cokelat 10 x 8 g,16.900
3818,Makanan,Makanan Ringan,Oishi Panchos Keripik Jagung Pedas 140 g,13.800
3819,Makanan,Makanan Ringan,Doritos Makanan Ringan Rasa Jagung Bakar 55 g,7.800
3820,Makanan,Makanan Ringan,Milo Nuggets Snack Cokelat 25 g,13.900
3821,Makanan,Makanan Ringan,Al Qorni Sumpia Ebi Original 100 g,
3822,Makanan,Makanan Ringan,Kribo Krispi Brownies Rasa Mangga Keju 80 g,
3823,Makanan,Makanan Ringan,Zefano Choco Fine Rasa Stoberi 85 g,
3824,Makanan,Makanan Ringan,Hai Sus Soes Cokelat Mini 70 g,
3825,Makanan,Makanan Ringan,Munchy's Biskuit Kraker Krim 300 g,25.900
3826,Makanan,Makanan Ringan,Munchy's Biskuit Kraker Sayuran 380 g,25.900
3827,Makanan,Makanan Ringan,Munchy's Biskuit Gandum Rasa Dark Cokelat 208 g,29.900
3828,Makanan,Makanan Ringan,Munchy's Biskuit Gandum Rasa Stroberi dan Blackcurrant 208 g,29.900
3829,Makanan,Makanan Ringan,Pamma Keripik Buah Peach 45 g,29.900
3830,Makanan,Makanan Ringan,Poetri Bali Kacang Bawang Original 75 g,11.900
3831,Makanan,Makanan Ringan,Poetri Bali Kacang Asin 75 g,11.900
3832,Makanan,Makanan Ringan,Inaco Puding Hokkaido Melon 120 g,5.000
3833,Makanan,Makanan Ringan,Chupa Chups Big Babol Permen Karet Tongue Painter 20 g,3.600
3834,Makanan,Makanan Ringan,JLO Permen Apel Stoberi 38 g,12.900
3835,Makanan,Makanan Ringan,KitKat Cokelat Red 2F Wafer Batang 6 x 17 g,35.200
3836,Makanan,Makanan Ringan,Alfamart Pilus Keju 150 g,15.900
3837,Makanan,Makanan Ringan,Mr. hottest Maitos Tortilla Sambal Balado 140 g,9.800
3838,Makanan,Makanan Ringan,MintZ Permen Chewy Peppermint 99 g,8.900
3839,Makanan,Makanan Ringan,Fuzo Snack Kuaci Rasa Original 140 g,14.500
3840,Makanan,Makanan Ringan,Munchy's Lexus Biskuit Sandwich Krim Cokelat 190 g,29.900
3841,Makanan,Makanan Ringan,French Fries 2000 Kentang Goreng Party Pack 192 g,21.000
3842,Makanan,Makanan Ringan,Nissin Wafer Cokelat 110 g,9.900
3843,Makanan,Makanan Ringan,Biskies Sandwich Crackers Biskuit Cokelat 96 g,9.200
3844,Makanan,Makanan Ringan,French Fries 2000 Kentang Goreng 130 g,18.300
3845,Makanan,Makanan Ringan,Lotte Choco Pie Keik Stroberi Isi Marshmallow 6 x 28 g,15.600
3846,Makanan,Makanan Ringan,Delfi Orion K Rice Crackers Beras Rumput Laut Pouch 47.4 g,12.500
3847,Makanan,Makanan Ringan,Tango Wafer Long Susu Vanila 100 g,6.900
3848,Makanan,Makanan Ringan,Biskies Cheezy Crackers Barbekiu 96 g,5.500
3849,Makanan,Makanan Ringan,mentos Permen Roll Fruit 37 g,4.800
3850,Makanan,Makanan Ringan,Rebo Kuaci Biji Bunga Matahari Salted Caramel 120 g,13.800
3851,Makanan,Makanan Ringan,Oishi Poppy Pop Jagung Bakar 60 g,8.700
3852,Makanan,Makanan Ringan,Oreo Babymonster Biskuit Sandwich Marshmallow Creme 2 x 110.4 g,10.000
3853,Makanan,Makanan Ringan,Maxicorn Keripik Tortila Jagung Bakar 130 g,12.600
3854,Makanan,Makanan Ringan,Chitato Keripik Kentang Sapi Panggang 115 g,18.400
3855,Makanan,Makanan Ringan,garuda Kacang Kulit 180 g,22.500
3856,Makanan,Makanan Ringan,Nissin Walens Sus Kering Isi Cokelat 100 g,11.500
3857,Makanan,Makanan Ringan,Pocky Biskuit Stik Stroberi 39 g,6.900
3858,Makanan,Makanan Ringan,KuSuka Keripik Singkong Balado 180 g,15.800
3859,Makanan,Makanan Ringan,Chuba Keripik Singkong Barbekiu 125 g,10.900
3860,Makanan,Makanan Ringan,Happydent Cool White Permen Karet Rasa Citrus Mint/Sweet Mint 28 g,9.000
3861,Makanan,Makanan Ringan,Dua Kelinci Tic Tac Pilus Sapi Panggang 80 g,7.600
3862,Makanan,Makanan Ringan,Taro Net Rumput Laut 32 g,5.200
3863,Makanan,Makanan Ringan,Roma Sari Gandum Biskuit Sandwich Peanut Butter 108 g,12.200
3864,Makanan,Makanan Ringan,Roma Biskuit Krim Kelapa 174 g,14.800
3865,Makanan,Makanan Ringan,Happy Tos Keripik Tortilla Original 140 g,11.300
3866,Makanan,Makanan Ringan,Happy Tos Keripik Tortilla Pedas 140 g,11.300
3867,Makanan,Makanan Ringan,Fuzo Snack Kuaci Rasa Susu 140 g,14.500
3868,Makanan,Makanan Ringan,Cadbury Dairy Milk Cokelat Susu Cashew Nut 52 g,13.500
3869,Makanan,Makanan Ringan,Milkita Permen Susu Lolipop Biru Assorted 3 x 8.5 g,5.700
3870,Makanan,Makanan Ringan,Oreo Babymonster Biskuit Sandwich Marshmallow Creme 110.4 g,5.000
3871,Makanan,Makanan Instan,Sedaap Tasty Mi Instan Bakmi Ayam 129 g,6.400
3872,Makanan,Makanan Instan,Ommason Teokbokki Instan Korea 180 g,14.900
3873,Makanan,Makanan Instan,Sedaap Tasty Bakmi Yakiniku Daging 115 g,6.300
3874,Makanan,Makanan Instan,Nissin Ramen Mi Instan Rasa Miso Ala Hokkaido 106 g,11.000
3875,Makanan,Makanan Instan,Nissin Ramen Mi Instan Rasa Bawang Panggang Ala Kyushu 106 g,11.000
3876,Makanan,Makanan Instan,Alfamart Mi Instan Cup Mala Pedas 80 g,8.500
3877,Makanan,Makanan Instan,Bean Spot Family Food Nasi Rendang Daging Box 320 g,39.000
3878,Makanan,Makanan Instan,Bean Spot Family Food Nasi Daging Lada Hitam Box 320 g,39.000
3879,Makanan,Makanan Instan,Jolly Time Popcorn Big Cheez 43 g,19.500
3880,Makanan,Makanan Instan,Paldo Jjajangmen Instan 200 g,26.700
3881,Makanan,Makanan Instan,MAMA Instant Pad Thai Instant Noodle 70 g,
3882,Makanan,Makanan Instan,MAMA Shrimp Tom Yum Flavour Instant Noodle 90 g,
3883,Makanan,Makanan Instan,MAMA Shrimp Creamy Tom Yum Flavour Instant Noodle 90 g,
3884,Makanan,Makanan Instan,San Remo Pasta Spageti 500 g,
3885,Makanan,Makanan Instan,Sarimi Mi Instan Baso Sapi 70 g,
3886,Makanan,Makanan Instan,SuperMi Mi Instan Ayam Bawang 75 g,
3887,Makanan,Makanan Instan,Indomie Mi Instan Ayam Bawang 5 x 69 g,
3888,Makanan,Makanan Instan,Indomie Mi Instan Kari Ayam 5 x 72 g,
3889,Makanan,Makanan Instan,Indomie Mi Instan Rasa Cakalang 75 g,
3890,Makanan,Makanan Instan,Indomie Mi Instan Soto Banjar 69 g,
3891,Makanan,Makanan Instan,Indomie Mi Instan Coto Makassar 75 g,
3892,Makanan,Makanan Instan,Indomie Mi Instan Goreng 5 x 80 g,
3893,Makanan,Makanan Instan,Indomie Mi Instan Mi Celor 75 g,
3894,Makanan,Makanan Instan,Pop Mie Mi Instan Cup Tori Kara 70 g,
3895,Makanan,Makanan Instan,Pop Mie Snek Time Mi Instan Cup Ayam Bawang 40 g,
3896,Makanan,Makanan Instan,Pop Mie Snek Time Mi Instan Cup Goreng 43 g,
3897,Makanan,Makanan Instan,Pop Mie Snek Time Mi Instan Cup Baso 38 g,
3898,Makanan,Makanan Instan,Indomie Mi Instan Mi Kocok Bandung 75 g,
3899,Makanan,Makanan Instan,Pop Mie Snek Time Mi Instan Cup Soto Ayam 39 g,
3900,Makanan,Makanan Instan,Indomie Mi Instan Empal Gentong 75 g,
3901,Makanan,Makanan Instan,SuperMi Mi Instan Sup Sayuran 65 g,
3902,Makanan,Makanan Instan,Indomie Mi Instan Soto Medan 70 g,
3903,Makanan,Makanan Instan,Arirang Bone Marrow Rice Noodle Kwetiau Instan Kuah Sumsum 70 g,11.000
3904,Makanan,Makanan Instan,SAN REMO Pasta Fusilli 500 g,26.500
3905,Makanan,Makanan Instan,SAN REMO Pasta Fettuccine 500 g,24.900
3906,Makanan,Makanan Instan,Gaga Mi Instan Kuah Soto Segaar 70 g,2.500
3907,Makanan,Makanan Instan,Green Valley Mac and Cheese Quattro Formaggi 200 g,28.900
3908,Makanan,Makanan Instan,Cancimen Cuanki Ramen Instan Seblak Pedas Cup 90 g,14.900
3909,Makanan,Makanan Instan,Arirang Mi Instan Kuah Spicy Kimchi 120 g,15.900
3910,Makanan,Makanan Instan,Gaga 100 Ekstra Pedas Mi Instan Goreng Lada Hitam 85 g,3.400
3911,Makanan,Makanan Instan,Rasa Juara Seblak Instan Original 130 g,19.900
3912,Makanan,Makanan Instan,Rasa Juara Cuanki Instan Ayam Bawang 100 g,19.900
3913,Makanan,Makanan Instan,Rasa Juara Seblak Instan Cup Original 60 g,16.500
3914,Makanan,Makanan Instan,Rasa Juara Batagor Kuah Instan Cup 55 g,16.500
3915,Makanan,Makanan Instan,Arirang Bone Marrow Rice Noodle Kwetiau Instan Kuah Sumsum Cup 160 g,58.500
3916,Makanan,Makanan Instan,Arirang Budae Jjigae Mie Instan Kuah Sup Daging Cup 240 g,58.500
3917,Makanan,Makanan Instan,Arirang Korean Beef Curry Mie Instan Kuah Kari Daging Sapi Cup 375 g,58.500
3918,Makanan,Makanan Instan,Best Wok Mi Instan Goreng Rasa Thai Chilli Lime 75 g,4.000
3919,Makanan,Makanan Instan,Pop Mie Mi Instan Cup Goreng 12 x 43 g - Karton,38.500
3920,Makanan,Makanan Instan,Pop Mie Mi Instan Cup Ayam Bawang 12 x 40 g - Karton,38.500
3921,Makanan,Makanan Instan,Pop Mie Mi Instan Cup Baso 12 x 28 g - Karton,38.500
3922,Makanan,Makanan Instan,Pop Mie Mi Instan Cup Soto Ayam 12 x 39 g - Karton,38.500
3923,Makanan,Makanan Instan,La Fonte Pasta Chifferi Rigati 450 g,16.900
3924,Makanan,Makanan Instan,Green Valley Mac and Cheese Black Truffle 200 g,31.900
3925,Makanan,Makanan Instan,Gaga Mi Goreng Instan Spesial 75 g,2.500
3926,Makanan,Makanan Instan,Macs Ready Mac and Cheese Makaroni dan Keju Siap Saji 150 g,22.900
3927,Makanan,Makanan Instan,Samyang Mi Instan Ramen Korean Kimchi 120 g,17.900
3928,Makanan,Makanan Instan,Nissin Cup Noodles Kaldu Seafood 58 g,7.900
3929,Makanan,Makanan Instan,Gelifood Seblak Mie Kuah Jontor 70 g,13.900
3930,Makanan,Makanan Instan,Gelifood Seblak Mie Kuah Keju Jontor 70 g,13.900
3931,Makanan,Makanan Instan,Samyang Mi Instan Ramen Ayam Pedas Buldak Cheese 140 g,21.200
3932,Makanan,Makanan Instan,Kimbo Kitchen Bubur Ayam Pouch 250 g,11.000
3933,Makanan,Makanan Instan,Samyang Mi Instan Ramen Ayam Pedas Buldak Ekstra Pedas 140 g,21.200
3934,Makanan,Makanan Instan,Samyang Mi Instan Ramen Ayam Pedas Buldak Carbonara 130 g,26.700
3935,Makanan,Makanan Instan,Sedaap Mi Instan Goreng Selection Korean Ayam Pedas 87 g,3.200
3936,Makanan,Makanan Instan,Lemonilo Mi Instan Goreng Pedas Korea 68 g,7.200
3937,Makanan,Makanan Instan,Mujigae Topokki 170 g,21.200
3938,Makanan,Makanan Instan,Mujigae Oden Otak-otak Ikan Khas Korea 65 g,9.900
3939,Makanan,Makanan Instan,MamaSuka Topokki Creamy 133 g,19.700
3940,Makanan,Makanan Instan,Sedaap Mi Instan Goreng Ayam Bakar Limau 89 g,3.200
3941,Makanan,Makanan Instan,Mujigae Wonhae Mi Instan Black Fried Ramyun 125 g,10.200
3942,Makanan,Makanan Instan,Wonhae Cheese Ramyun Mi Instan Keju khas Korea 90 g,14.100
3943,Makanan,Makanan Instan,Wonhae Rose Ramyun Mi Instan Goreng Saus Krim Rose 97 g,10.200
3944,Makanan,Makanan Instan,Indomie Mi Instan Premium Tori Miso Jepang Ramen 86 g,6.300
3945,Makanan,Makanan Instan,Sedaap Mi Instan Korean Keju Buldak 86 g,3.200
3946,Makanan,Makanan Instan,Mujigae Mi Instan Rapokki Pedas 260 g,19.900
3947,Makanan,Makanan Instan,Indomie Mi Instan Goreng Jumbo Rendang 120 g,4.500
3948,Makanan,Makanan Instan,Pop Mie Mi Instan Premium Tori Miso Japanese Ramen Cup 77 g,6.500
3949,Makanan,Makanan Instan,Omoide Mi Udon Saus Carbonara 200 g,18.200
3950,Makanan,Makanan Instan,Indomie Mi Instan Rasa Rawon Pedas Mercon 75 g,3.300
3951,Makanan,Makanan Instan,Indomie Mi Instan Goreng Fiery Chikin 94 g,6.100
3952,Makanan,Makanan Instan,Indomie Mi Instan Spicy Ramyeon 83 g,6.300
3953,Makanan,Makanan Instan,Indomie Premium Collection Mie Instan Goreng Korean K-Rose 85 g,6.100
3954,Makanan,Makanan Instan,Sedaap Mi Instan Goreng Ala Chef Devina 93 g,3.200
3955,Makanan,Makanan Instan,Gekikara Ramen Mi Instan Goreng Carbonara Pedas Cup 104 g,15.700
3956,Makanan,Makanan Instan,Gekikara Ramen Mi Instan Goreng Ayam Pedas Cup 100 g,15.700
3957,Makanan,Makanan Instan,Pop Spageti Instan Carbonara Pedas 84 g,3.500
3958,Makanan,Makanan Instan,Pop Spageti Instan Bolognese Pedas 84 g,3.500
3959,Makanan,Makanan Instan,Bean Spot Bakso Kuah Nampool,13.000
3960,Makanan,Makanan Instan,Alfamart Ramen Seirock-Ya Jepang Mi Instan Toripaitan Ramen Ekstrim 114 g,13.900
3961,Makanan,Makanan Instan,Bean Spot Family Food Nasi Kare Ayam Box 320 g,39.000
3962,Makanan,Makanan Instan,Jolly Time Popcorn Fun Mania 43 g,19.500
3963,Makanan,Makanan Instan,Jolly Time Popcorn Blast O Butter 43 g,19.500
3964,Makanan,Makanan Instan,Paldo Hwa Ramyun Mi Instan Pedas 120 g,20.500
3965,Makanan,Makanan Instan,Lemonilo Mi Instan Goreng 65 g,7.200
3966,Makanan,Makanan Instan,Royco Sup Krim Instan Kepiting Jagung 44 g,11.000
3967,Makanan,Makanan Instan,Gaga 100 Extra Pedas Mie Instan Cup Kuah Jalapeno 75 g,6.900
3968,Makanan,Makanan Instan,Mujigae Spicy Topokki 170 g,21.200
3969,Makanan,Makanan Instan,Indomie Premium Collection Mie Instan Tori Kara Ayam Pedas 89 g,6.300
3970,Makanan,Makanan Instan,Indomie Mi Instan Soto Koya Nagih 76 g,3.300
3971,Makanan,Makanan Instan,Momogi Signature Mi Instan Goreng Jagung Bakar 115 g,13.500
3972,Makanan,Makanan Instan,Momogi Signature Mi Instan Sup Kari Keju 110 g,13.500
3973,Makanan,Makanan Instan,Burung Layang Terbang Miesoa Mi Kuah Ayam Bawang 65 g,5.900
3974,Makanan,Makanan Instan,Burung Layang Terbang Mie Goreng Spesial 95 g,4.900
3975,Makanan,Makanan Instan,San Remo Pasta Instan Spageti 500 g,24.900
3976,Makanan,Makanan Instan,Wong Coco Sweet Corn 425 gr,14.500
3977,Makanan,Makanan Instan,Omoide Mi Udon Sup Kake Dashi 150 g,15.100
3978,Makanan,Makanan Instan,Indomie Mi Instan Goreng 5 x 85 g,16.500
3979,Makanan,Makanan Instan,Indomie Mi Instan Soto Mie 5 x 70 g,16.000
3980,Makanan,Makanan Instan,Paldo Mi Instan Volcano Kari Ayam 140 g,23.900
3981,Makanan,Makanan Instan,Arirang Bulgogi Rice Vermicelli Bihun Instan Goreng Bulgogi Sapi 70 g,11.000
3982,Makanan,Makanan Instan,La Fonte Pasta Fettuccine 450 g,17.900
3983,Makanan,Makanan Instan,San Remo La Pasta Jamur & Herb 120 g,27.000
3984,Makanan,Makanan Instan,La Fonte Pasta Lasagna 230 g,21.900
3985,Makanan,Makanan Instan,Arirang Mie Instan Korea Soup Sumsum 110 g,15.900
3986,Makanan,Makanan Instan,Arirang Tasty Chicken Mie Instan Korea Goreng Ayam 130 g,15.900
3987,Makanan,Makanan Instan,Arirang Ekstra Pedas Mie Instan Goreng Pedas 130 g,15.900
3988,Makanan,Makanan Instan,Nissin Mi Ramen Kuah Instan Kari Jepang 100 g,7.000
3989,Makanan,Makanan Instan,Chee-Bhot Cuanki Instan Pedas Cup 65 g,16.900
3990,Makanan,Makanan Instan,Mommy Seblak Basah Instan Original Cup 100 g,14.900
3991,Makanan,Makanan Instan,Indomie Mi Instan Goreng Jumbo Ayam Panggang 127 g,4.500
3992,Makanan,Makanan Instan,Jolly Time Popcorn Fun Mania 100 g,35.000
3993,Makanan,Makanan Instan,Jolly Time Popcorn Blast O Butter 100 g,35.000
3994,Makanan,Makanan Instan,Jolly Time Popcorn Big Cheez 100 g,35.000
3995,Makanan,Makanan Instan,Super Bubur Instan Kuah Soto 46 g,4.000
3996,Makanan,Makanan Instan,MamaSuka Sup Krim Ayam 55 g,10.300
3997,Makanan,Makanan Instan,Indomie Mi Instan Soto Banjar Limau Kuit 75 g,3.400
3998,Makanan,Makanan Instan,Samyang Mi Instan Ramen Ayam Pedas Original 140 g,19.700
3999,Makanan,Makanan Instan,Burung Layang Terbang Kwetiau Goreng Instan 85 g,6.200
4000,Makanan,Makanan Instan,Gaga 100 Ekstra Pedas Mie Instan Kuah Jalapeno 75 g,3.900
4001,Makanan,Makanan Instan,La Fonte Spageti Saus Bolognese 117 g,7.800
4002,Makanan,Makanan Instan,Super Bubur Instan Ayam 45 g,4.200
4003,Makanan,Makanan Instan,Gaga 100 Ekstra Pedas Mie Instan Goreng Jalapeno 85 g,3.900
4004,Makanan,Makanan Instan,La Fonte Pronto Mac and Cheese 63 g,6.500
4005,Makanan,Makanan Instan,Sedaap Mi Instan Goreng 90 g,3.100
4006,Makanan,Makanan Instan,Sedaap Mi Instan Soto 75 g,3.100
4007,Makanan,Makanan Instan,Indomie Mi Instan Kaldu Ayam 72 g,3.300
4008,Makanan,Makanan Instan,Indomie Mi Instan Ayam Spesial 68 g,3.300
4009,Makanan,Makanan Instan,Pop Mie Mi Lapeer Time Instan Cup Ayam 75 g,5.900
4010,Makanan,Makanan Instan,Pop Mie Lapeer Time Mi Instan Cup Bakso 75 g,5.900
4011,Makanan,Makanan Instan,Indomie Mi Instan Goreng Jumbo 129 g,4.500
4012,Makanan,Makanan Instan,Indomie Mi Instan Soto Spesial 75 g,3.300
4013,Makanan,Makanan Instan,Indomie Mi Instan Soto Koya Pedas Dower 76 g,3.300
4014,Makanan,Makanan Instan,Sedaap Mi Instan Goreng Ayam Krispi 88 g,2.900
4015,Makanan,Makanan Instan,Wow Spageti Instan Bolognese 76 g,3.500
4016,Makanan,Makanan Instan,Bihunku Bihun Instan Ayam Bawang 55 g,3.600
4017,Makanan,Makanan Instan,Bihunku Bihun Instan Goreng 60 g,4.200
4018,Makanan,Makanan Instan,Bihunku Bihun Instan Soto 55 g,3.600
4019,Makanan,Makanan Instan,Bihunku Bihun Instan Asam Pedas 55 g,3.600
4020,Makanan,Makanan Instan,Bihunku Bihun Instan Bakso Sapi 55 g,3.600
4021,Makanan,Makanan Instan,Sedaap Mi Baso Spesial 77g,2.800
4022,Makanan,Makanan Instan,Sedaap Mi Instan Kari Spesial 75 g,3.000
4023,Makanan,Makanan Instan,La Fonte Spageti 225 g,7.900
4024,Makanan,Makanan Instan,Gekikara Ramen Mi Instan Hot Mushroom 109 g,6.900
4025,Makanan,Makanan Instan,MamaSuka Sup Krim Instan Sayur & Bawang 55 g,8.900
4026,Makanan,Makanan Instan,Nongshim Potato Mi Instan Sup 110 g,15.500
4027,Makanan,Makanan Instan,Crystal of The Sea Bubuk Ikan Teri Nasi 20 g,43.500
4028,Makanan,Makanan Instan,Crystal of The Sea Bubuk Udang 20 g,37.000
4029,Makanan,Makanan Instan,Crystal of The Sea Ikan Teri Nasi 80 g,52.500
4030,Makanan,Makanan Instan,Crystal of the Sea Dried Ebi 80 g,54.500
4031,Makanan,Makanan Instan,Tropicana Slim Mie Shirataki Instan Rasa Mie Goreng Istimewa 71 g,22.900
4032,Makanan,Makanan Instan,Arirang Curry Rice Vermicelli Bihun Instan Kuah Kari 73 g,11.000
4033,Makanan,Makanan Instan,Gaga 100 Extra Pedas Mie Instan Cup Kuah Soto 75 g,5.900
4034,Makanan,Makanan Instan,Best Wok Mi Instan Goreng Original 85 g,4.000
4035,Makanan,Makanan Instan,Best Wok Mi Instan Goreng Rasa Pedas 80 g,4.000
4036,Makanan,Makanan Instan,Best Wok Mi Instan Goreng Rasa Korean Spicy Cheese 73 g,4.500
4037,Makanan,Makanan Instan,Best Wok Mi Instan Goreng Rasa Xtra Hot Xtra Spicy 75 g,4.000
4038,Makanan,Makanan Instan,San Remo Pasta Mac and Cheese 120 g,27.000
4039,Makanan,Makanan Instan,San Remo Pasta & Saus Rasa Four Cheese 120 g,27.000
4040,Makanan,Makanan Instan,Nongshim Mi Kuah Instan Claypot Ramyun 120 g,14.900
4041,Makanan,Makanan Instan,Nongshim Ramyun Udang 120 g,14.900
4042,Makanan,Makanan Instan,Migelas Protevit Mi Instan Soto Ayam 6 x 30 g,10.900
4043,Makanan,Makanan Instan,Migelas Protevit Mi Instan Ayam Bawang 6 x 30 g,10.900
4044,Makanan,Makanan Instan,MamaSuka Sup Krim Instan Jagung 55 g,8.900
4045,Makanan,Makanan Instan,SAN REMO Lasagna Instan 250 g,31.900
4046,Makanan,Makanan Instan,Nongshim Mi Kuah Instan Kimchi Ramyun Cup 117 g,21.900
4047,Makanan,Makanan Instan,Makaroniku Makaroni Instan Elbow Box 200 g,12.900
4048,Makanan,Makanan Instan,Super Bihun Instan Kuah Ayam 51 g,6.000
4049,Makanan,Makanan Instan,MamaSuka Topokki Spicy Cheese 105 g,7.000
4050,Makanan,Makanan Instan,MamaSuka Topokki Rose Carbonara 105 g,7.000
4051,Makanan,Makanan Instan,Gekikara Ramen Mi Instan Hot Mushroom 109 g,6.900
4052,Makanan,Makanan Instan,Indomie Mi Instan Kari Ayam 70 g,3.100
4053,Makanan,Makanan Instan,Sedaap Mi Instan Ayam Bawang 70 g,3.000
4054,Makanan,Makanan Instan,Sarimi Isi 2 Mi Instan Goreng Ayam Kecap 126 g,4.300
4055,Makanan,Makanan Instan,Indomie Mi Instan Goreng Rendang 91 g,3.100
4056,Makanan,Makanan Instan,Sedaap Mi Instan Cup Mi Goreng 81 g,4.500
4057,Makanan,Makanan Instan,Sedaap Mi Instan Cup Soto 81 g,5.500
4058,Makanan,Makanan Instan,Sukses's Isi 2 Mi Instan Goreng Ayam Kremees 133 g,4.300
4059,Makanan,Makanan Instan,Nongshim Mi Kuah Instan Neoguri Udon 120 g,13.400
4060,Makanan,Makanan Instan,Gekikara Ramen Mi Instan Goreng Ayam Pedas 118 g,6.900
4061,Makanan,Makanan Instan,Pop Mie Mi Instan Cup Kuah Pedes Dower Ayam Pedas 75 g,5.900
4062,Makanan,Makanan Instan,Indomie Mi Instan Goreng Aceh 90 g,3.100
4063,Makanan,Makanan Instan,Sukses's Isi 2 Mi Instan Goreng Ayam Kecap 129 g,4.300
4064,Makanan,Makanan Instan,Pop Mie Mi Instan Cup Goreng Pedes Gledeek Ayam Pedas 75 g,5.900
4065,Makanan,Makanan Instan,Indomie Hype Abis Mi Instan Goreng Ayam Geprek 85 g,3.100
4066,Makanan,Makanan Instan,Sedaap Tasty Mi Instan Bakmi Ayam Geprek Matah 124 g,5.500
4067,Makanan,Makanan Instan,Nongshim Shin Ramyun Noodle Mushroom 120 g,9.900
4068,Makanan,Makanan Instan,Sedaap Mi Instan Goreng isi 5 x 90 g,13.400
4069,Makanan,Makanan Instan,Sedaap Mi Instan Soto 5 x 75 g,13.000
4070,Makanan,Makanan Instan,Sedaap Mi Instan Goreng Selection Cup Korean Ayam Pedas 81 g,4.500
4071,Makanan,Makanan Instan,Sedaap Mi Instan Rebus khas Korean Pedas 77 g,3.000
4072,Makanan,Makanan Instan,Indomie Hype Abis Mi Instan Seblak Hot Jeletot 75 g,3.200
4073,Makanan,Makanan Instan,Nissin Cup Noodles Kaldu Sapi Cup 62 g,8.100
4074,Makanan,Makanan Instan,Gekikara Ramen Mi Instan Goreng Carbonara Pedas 120 g,6.900
4075,Makanan,Makanan Instan,MamaSuka Topokki Original 132 g,17.900
4076,Makanan,Makanan Instan,Sedaap Mi Instan Selection Singapore Laksa Pedas 83 g,3.000
4077,Makanan,Makanan Instan,Samyang Stew Ramen Ayam Pedas 145 g,22.300
4078,Makanan,Makanan Instan,Samyang Mi Instan Ramen Pedas 120 g,15.600
4079,Makanan,Makanan Instan,Sedaap Mi Instan Cup Rawit Bingit Bakso Bleduk 77 g,5.500
4080,Makanan,Makanan Instan,Sedaap Mi Instan Soto Madura 70 g,2.800
4081,Makanan,Makanan Instan,Sedaap Mi Kuah Kari Ayam 72 g,3.000
4082,Makanan,Makanan Instan,Nongshim Shin Ramyun Gourmet Mi Goreng Pedas 131 g,14.900
4083,Makanan,Makanan Instan,Sedaap Baked Mi Instan Goreng 87 g,2.600
4084,Makanan,Makanan Instan,Sedaap Mi Instan Ayam Jerit Rawit 77 g,3.000
4085,Makanan,Makanan Instan,Sedaap Tasty Mi Instan Ayam Saus Teriyaki 120 g,5.500
4086,Makanan,Makanan Instan,Gaga Mi Goreng Instan Indonesia Original 88 g,3.600
4087,Makanan,Makanan Instan,Sukses's Isi 2 Mi Instan Goreng Rendang 132 g,4.300
4088,Makanan,Makanan Instan,Samyang Mi Instan Ramen Buldak Krim Karbonara Ayam Pedas 140 g,20.300
4089,Makanan,Makanan Instan,Nissin Irvins Mi Instan Rasa Telur Asin 117 g,11.900
4090,Makanan,Makanan Instan,Nissin Irvins Mi Instan Rasa Telur Asin Pedas 117 g,11.900
4091,Makanan,Makanan Instan,Wow Spageti Instan Aglio Olio 75 g,3.500
4092,Makanan,Makanan Instan,Wonhae Topokki Kids Rasa Carbonara Instan 80 g,8.900
4093,Makanan,Makanan Instan,Samyang Mi Instan Goreng Buldak K-Rose Ayam Pedas 140 g,20.000
4094,Makanan,Makanan Instan,Indomie Hype Abis Mi Instan Nyemek Bangladesh Kari 80 g,3.200
4095,Makanan,Makanan Instan,Samyang Mi Instan Ramen Ayam Pedas Buldak Quattro Cheese 145 g,20.400
4096,Makanan,Makanan Instan,Sukses's Isi 2 Mi Instan Goreng Aceh 140 g,4.300
4097,Makanan,Makanan Instan,Sedaap Mi Instan Rebus Selection Cup Laksa Pedas 86 g,5.500
4098,Makanan,Makanan Instan,Samyang Mi Instan Ramen Kari Ayam Pedas Buldak 140 g,17.400
4099,Makanan,Makanan Instan,Indomie Mi Instan Goreng Cakalang 82 g,
4100,Makanan,Makanan Instan,Indomie Mi Instan Goreng 80 g,
4101,Makanan,Makanan Instan,Indomie Mi Instan Kari Ayam 69 g,
4102,Makanan,Makanan Instan,Nissin UFO Mi Goreng Instan Kari Pedas Cup 88 g,7.900
4103,Makanan,Makanan Instan,Sun Bell Tuna Chili Sauce 185 g,19.900
4104,Makanan,Makanan Instan,Sun Bell Tuna Bumbu Nasi Goreng 185 g,24.500
4105,Makanan,Makanan Instan,Sun Bell Tuna Chunk in Vegetable Oil 185 g,24.500
4106,Makanan,Makanan Instan,Nissin Mi Kuah Instan Kaldu Ayam Jepang Cup 62 g,7.000
4107,Makanan,Makanan Instan,Nissin UFO Mi Goreng Instan Saus Jepang Cup 88 g,7.900
4108,Makanan,Makanan Instan,Green Valley Mac and Cheese 200 g,25.500
4109,Makanan,Makanan Instan,Pop Mie Mi Instan Cup Goreng Fiery Chikin 74 g,4.900
4110,Makanan,Makanan Instan,Yava Granola Snack Chocolate Banana 125 g,21.900
4111,Makanan,Makanan Instan,Pop Mie Mi Instan Cup Kari Lava 79 g,5.900
4112,Makanan,Makanan Instan,Pop Mie Mi Instan Cup Baso Granat 77 g,5.900
4113,Makanan,Makanan Instan,Ramen Yes Mi Instan Goreng Chicken Yakitori 84 g,2.600
4114,Makanan,Makanan Instan,Ramen Yes Mi Instan Kuah Hakata Chicken 88 g,2.600
4115,Makanan,Makanan Instan,Omoide Tsukune Sate Bakso Ayam Rasa Original 55 g,8.900
4116,Makanan,Makanan Instan,Nongshim Mi Goreng Instan Toomba 137 g,18.200
4117,Makanan,Makanan Instan,Indomie Hype Abis Mi Instan Nyemek Jogja Rendang 84 g,3.200
4118,Makanan,Makanan Instan,Pop Mie Lapeer Time Mi Instan Cup Kari Ayam 75 g,5.900
4119,Makanan,Makanan Instan,Wow Spageti Instan Carbonara 80 g,3.500
4120,Makanan,Makanan Instan,Pop Mie Mi Instan Cup Goreng 80 g,6.200
4121,Makanan,Makanan Instan,Super Bubur Instan Kuah Kari 46 g,4.000
4122,Makanan,Makanan Instan,Pop Mie Lapeer Time Mi Instan Cup Soto Ayam 75 g,5.900
4123,Makanan,Makanan Instan,Indomie Mi Instan Soto Lamongan 80 g,3.300
4124,Makanan,Makanan Instan,Sedaap Mi Instan Cup Ayam Jerit 75 g,5.500
4125,Makanan,Makanan Instan,Indomie Mi Instan Goreng 84 g,3.100
4126,Makanan,Makanan Instan,Sedaap Mi Instan Cup Kari Spesial 81 g,5.500
4127,Makanan,Makanan Instan,Sedaap Mi Instan Cup Rawit Bingit Kari Mercon 79 g,5.500
4128,Makanan,Makanan Instan,Indomie Mi Instan Ayam Bawang 69 g,3.200
4129,Makanan,Makanan Instan,Indomie Mi Instan Soto Mie 70 g,3.200
4130,Makanan,Makanan Instan,Sedaap Mi Instan Goreng isi 5 x 90 g,13.400
4131,Makanan,"Roti, Selai, & Sereal",La Terrase Roti Tawar 350 g,
4132,Makanan,"Roti, Selai, & Sereal",Royal Bakery Roti Sobek Cokelat Keju 350 g,
4133,Makanan,"Roti, Selai, & Sereal",Bean Spot Roti Danish Cheese 55 g,
4134,Makanan,"Roti, Selai, & Sereal",La Terrase Roti Kacang Merah 80 g,
4135,Makanan,"Roti, Selai, & Sereal",Bean Spot Roti Keju Susu,
4136,Makanan,"Roti, Selai, & Sereal",Ceres Spread Selai Choco Hazelnut & Milk 350 g,
4137,Makanan,"Roti, Selai, & Sereal",Prambaru Roti Semir Mocca,
4138,Makanan,"Roti, Selai, & Sereal",Prambaru Roti Semir Special,
4139,Makanan,"Roti, Selai, & Sereal",Top Baker Roti Japanese Steamed Cake Original 60 g,
4140,Makanan,"Roti, Selai, & Sereal",Carmel Roti Krim Meses Kacang 200 g,
4141,Makanan,"Roti, Selai, & Sereal",Sedap Jaya Roti Manis 4 Rasa 220 g,
4142,Makanan,"Roti, Selai, & Sereal",Top Baker Roti Kentang Gulung Bluberi 55 g,
4143,Makanan,"Roti, Selai, & Sereal",Mekar Bakery Roti Isi Kelapa 220 g,
4144,Makanan,"Roti, Selai, & Sereal",Carmel Krim Meses Choco 80 g,
4145,Makanan,"Roti, Selai, & Sereal",Top Baker Roti Kaya Bun 270 g,
4146,Makanan,"Roti, Selai, & Sereal",Carmel Roti Sisir Mentega 70 g,
4147,Makanan,"Roti, Selai, & Sereal",Top Baker Roti Japanese Steamed Cake Pandan 60 g,
4148,Makanan,"Roti, Selai, & Sereal",Mekar Bakery Roti Tawar Kupas 340 g,
4149,Makanan,"Roti, Selai, & Sereal",Top Baker Roti Japanese Steamed Cake Cokelat 60 g,
4150,Makanan,"Roti, Selai, & Sereal",Morning Bakery Roti Coffee Boy 210 g,
4151,Makanan,"Roti, Selai, & Sereal",Carmel Roti Krim Meses Choco 200 g,
4152,Makanan,"Roti, Selai, & Sereal",Vanessa Roti Creamball isi Krim Meses,
4153,Makanan,"Roti, Selai, & Sereal",Bean Spot Roti Pisang Cokelat,
4154,Makanan,"Roti, Selai, & Sereal",Vanessa Roti Lima Rasa,
4155,Makanan,"Roti, Selai, & Sereal",Mekar Bakery Roti Tawar Susu 350 g,
4156,Makanan,"Roti, Selai, & Sereal",Sedap Jaya Roti Manis 2 Rasa Besar 290 g,
4157,Makanan,"Roti, Selai, & Sereal",Morning Bakery Roti Sobek Coklat 210 g,
4158,Makanan,"Roti, Selai, & Sereal",Bean Spot Pizza Sosis,
4159,Makanan,"Roti, Selai, & Sereal",Mekar Bakery Roti Tawar Panjang 380 g,
4160,Makanan,"Roti, Selai, & Sereal",Morning Bakery Roti Kasur Kaya Pandan,
4161,Makanan,"Roti, Selai, & Sereal",Top Baker Roti Gulung Jagung 55 g,
4162,Makanan,"Roti, Selai, & Sereal",Carmel Roti Sisir Mentega 140 g,
4163,Makanan,"Roti, Selai, & Sereal",Sedap Jaya Roti Manis 2 Rasa Meses 270 g,
4164,Makanan,"Roti, Selai, & Sereal",MyRoti Roti Sandwich Nanas 46 g,
4165,Makanan,"Roti, Selai, & Sereal",Arla Cheesy Spread Keju Oles 140 g,
4166,Makanan,"Roti, Selai, & Sereal",Bean Spot Roti Abon,
4167,Makanan,"Roti, Selai, & Sereal",Bean Spot Roti Danish Chocolate 55 g,
4168,Makanan,"Roti, Selai, & Sereal",Bean Spot Roti Pizza Cheezy Cheese,
4169,Makanan,"Roti, Selai, & Sereal",Bean Spot Roti Cinnamon Roll 90 g,
4170,Makanan,"Roti, Selai, & Sereal",Bean Spot Roti Pizza Pepperoni,
4171,Makanan,"Roti, Selai, & Sereal",MyRoti Roti Tawar Daily 10 s,
4172,Makanan,"Roti, Selai, & Sereal",Bean Spot Roti Moka,
4173,Makanan,"Roti, Selai, & Sereal",Bean Spot Roti Pandan Skrikaya,
4174,Makanan,"Roti, Selai, & Sereal",Bean Spot Roti Sosis Pedas,
4175,Makanan,"Roti, Selai, & Sereal",Diarra Madu Akasia Murni Botol 150 g,
4176,Makanan,"Roti, Selai, & Sereal",Bean Spot Roti Ayam,
4177,Makanan,"Roti, Selai, & Sereal",Bean Spot Bapao AYam Teriyaki,
4178,Makanan,"Roti, Selai, & Sereal",Vanessa Roti Manis Cream Keju,
4179,Makanan,"Roti, Selai, & Sereal",Sedap Jaya Roti Manis Rokey 150 g,
4180,Makanan,"Roti, Selai, & Sereal",Mekar Bakery Roti Krim Meses 300 g,
4181,Makanan,"Roti, Selai, & Sereal",Vanessa Roti Manis Pisang Coklat,
4182,Makanan,"Roti, Selai, & Sereal",Vanessa Roti Sandwich White Cokelat 35 g,
4183,Makanan,"Roti, Selai, & Sereal",Vanessa Roti Sandwich Cokelat 35 g,
4184,Makanan,"Roti, Selai, & Sereal",Carmel Roti Isi Susu Vanila 60 g,
4185,Makanan,"Roti, Selai, & Sereal",Sedap Jaya Roti Manis Broncheese 120 g,
4186,Makanan,"Roti, Selai, & Sereal",Top Baker Roti Pocket Sandwich Cokelat 50 g,
4187,Makanan,"Roti, Selai, & Sereal",Mekar Bakery Roti Srikaya 260 g,
4188,Makanan,"Roti, Selai, & Sereal",Top Baker Roti Pocket Sandwich Kacang 50 g,
4189,Makanan,"Roti, Selai, & Sereal",Bean Spot Roti Cokelat Pisang,
4190,Makanan,"Roti, Selai, & Sereal",Mekar Bakery Roti Sisir Cokelat 280 g,
4191,Makanan,"Roti, Selai, & Sereal",Nestle Sereal Honey Stars Pouch 70 g,13.400
4192,Makanan,"Roti, Selai, & Sereal",MyRoti Roti Danish Cokelat 200 g,16.500
4193,Makanan,"Roti, Selai, & Sereal",Win Win Roti Tawar Manis 330 g,
4194,Makanan,"Roti, Selai, & Sereal",Win Win Roti Tawar Jumbo Manis 600 g,
4195,Makanan,"Roti, Selai, & Sereal",Energen Minuman Sereal Kacang Hijau 20 x 30 g,
4196,Makanan,"Roti, Selai, & Sereal",Win Win Roti Sobek 3 Rasa 325 g,
4197,Makanan,"Roti, Selai, & Sereal",Bean Spot Roti Maxbun Pandan,
4198,Makanan,"Roti, Selai, & Sereal",Win Win Roti Spesial Cokelat Keju 160 g,
4199,Makanan,"Roti, Selai, & Sereal",Win Win Roti Sobek Keju 350 g,
4200,Makanan,"Roti, Selai, & Sereal",Bean Spot Roti Pizza Keju,
4201,Makanan,"Roti, Selai, & Sereal",Bean Spot Roti Pisang Cokelat,
4202,Makanan,"Roti, Selai, & Sereal",Bean Spot Roti Krim Susu,
4203,Makanan,"Roti, Selai, & Sereal",Bean Spot Roti Pizza Chicken Bellpepper,
4204,Makanan,"Roti, Selai, & Sereal",Mekar Bakery Roti Konde Cokelat 330 g,
4205,Makanan,"Roti, Selai, & Sereal",Win Win Roti Sobek Cokelat 350 g,
4206,Makanan,"Roti, Selai, & Sereal",Mekar Bakery Roti Keju 260 g,
4207,Makanan,"Roti, Selai, & Sereal",Ankin Kuraiba Kue 80 g,
4208,Makanan,"Roti, Selai, & Sereal",Ta Ijah Kue Kering Pica Pia 85 g,
4209,Makanan,"Roti, Selai, & Sereal",Gut Cookies Kue Cokelat 85 g,
4210,Makanan,"Roti, Selai, & Sereal",Vanessa Roti Keju Coklat,
4211,Makanan,"Roti, Selai, & Sereal",Vanessa Roti Keju Susu,
4212,Makanan,"Roti, Selai, & Sereal",Citra Sari Wangi Kue Pia Kacang Hijau 9 pcs,
4213,Makanan,"Roti, Selai, & Sereal",Simba Magic Rainbow Sereal Rasa Buah Box 150 g,
4214,Makanan,"Roti, Selai, & Sereal",Sedap Jaya Roti Tawar Kasino 445 g,
4215,Makanan,"Roti, Selai, & Sereal",Sari Roti Sandwich Isi Selai Kacang 49 g,
4216,Makanan,"Roti, Selai, & Sereal",Prambaru Roti Tawar Special,
4217,Makanan,"Roti, Selai, & Sereal",Morning Bakery Roti Tawar Kupas Putih,
4218,Makanan,"Roti, Selai, & Sereal",Sedap Jaya Roti Tawar Susu Spesial 540 g,
4219,Makanan,"Roti, Selai, & Sereal",Carmel Kompiang Roti Sobek Cokelat 200 g,
4220,Makanan,"Roti, Selai, & Sereal",Carmel Mooncake Cokelat 60 g,
4221,Makanan,"Roti, Selai, & Sereal",Probitas Roti Bagelen 220 g,
4222,Makanan,"Roti, Selai, & Sereal",Vanessa Roti Tawar Kupas,
4223,Makanan,"Roti, Selai, & Sereal",Top Baker Roti Tawar Susu Kalsium Tinggi 400 g,
4224,Makanan,"Roti, Selai, & Sereal",Prambaru Roti Tawar Kecil,
4225,Makanan,"Roti, Selai, & Sereal",Top Baker Roti Tawar Kulit Sandwich 550 g,
4226,Makanan,"Roti, Selai, & Sereal",Prambaru Roti Tawar Sandwich,
4227,Makanan,"Roti, Selai, & Sereal",Paroti Roti Tawar Panjang 350 g,
4228,Makanan,"Roti, Selai, & Sereal",Paparotti Selai Srikaya Cup 180 g,
4229,Makanan,"Roti, Selai, & Sereal",Carmel Mooncake Kacang Hijau 60 g,
4230,Makanan,"Roti, Selai, & Sereal",Royal Bakery Roti Tawar Kupas 400 g,
4231,Makanan,"Roti, Selai, & Sereal",Top Baker Roti Ketang Isi Custard 280 g,
4232,Makanan,"Roti, Selai, & Sereal",Carmel Roti Panjang Isi Cokelat 60 g,
4233,Makanan,"Roti, Selai, & Sereal",Royal Bakery Roti Tawar 21 s,
4234,Makanan,"Roti, Selai, & Sereal",Sedap Jaya Roti Manis Cokelat Keju 98 g,
4235,Makanan,"Roti, Selai, & Sereal",bean SPOT Jajanan Pasar Pie Susu,
4236,Makanan,"Roti, Selai, & Sereal",Morning Bakery Roti Tawar Kulit,
4237,Makanan,"Roti, Selai, & Sereal",Top Baker Roti Cokelat Bun 270 g,
4238,Makanan,"Roti, Selai, & Sereal",Vanessa Roti Tawar Pandan,
4239,Makanan,"Roti, Selai, & Sereal",Top Baker Roti Kentang Isi Cokelat 280 g,
4240,Makanan,"Roti, Selai, & Sereal",Vanessa Roti Tawar Gandum,
4241,Makanan,"Roti, Selai, & Sereal",Vanessa Roti Tawar Kulit,
4242,Makanan,"Roti, Selai, & Sereal",Top Baker Roti Gulung Cokelat 55 g,
4243,Makanan,"Roti, Selai, & Sereal",Morning Bakery Roti Tawar Kupas Pandan 290 g,
4244,Makanan,"Roti, Selai, & Sereal",Royal Bakery Roti Sobek Cokelat Black Forest 350 g,
4245,Makanan,"Roti, Selai, & Sereal",Royal Bakery Roti Sobek Cokelat Talas 350 g,
4246,Makanan,"Roti, Selai, & Sereal",Nestle Milo Sereal Active Go 150 g,
4247,Makanan,"Roti, Selai, & Sereal",Paroti Roti Kukus Cheese Cake 60 g,
4248,Makanan,"Roti, Selai, & Sereal",Nestle Sereal Honey Stars Box 150 g,
4249,Makanan,"Roti, Selai, & Sereal",MyRoti Roti Isi Krim Susu 58 g,5.000
4250,Makanan,"Roti, Selai, & Sereal",Paroti Roti Gulung Isi Selai Cokelat 60 g,6.500
4251,Makanan,"Roti, Selai, & Sereal",MyRoti Roti Tawar Funwari Gandum 15 s,24.000
4252,Makanan,"Roti, Selai, & Sereal",Sari Roti Sandwich Gandum Krim Keju 46 g,6.000
4253,Makanan,"Roti, Selai, & Sereal",MyRoti Roti Sandwich Keju 46 g,4.500
4254,Makanan,"Roti, Selai, & Sereal",Paroti Ring Cake Keju 40 g,5.500
4255,Makanan,"Roti, Selai, & Sereal",Bean Spot Roti Babka Cokelat Kacang,9.000
4256,Makanan,"Roti, Selai, & Sereal",Bean Spot Roti Ayam Mayo,9.000
4257,Makanan,"Roti, Selai, & Sereal",Sari Kue Lapis Bamkuhen Cokelat 45 g,10.500
4258,Makanan,"Roti, Selai, & Sereal",MyRoti Roti Sobek Cokelat Susu 225 g,16.500
4259,Makanan,"Roti, Selai, & Sereal",MyRoti Roti Tawar Gandum 10 s,20.000
4260,Makanan,"Roti, Selai, & Sereal",MyRoti Roti Steam Cake Rasa Keju 80 g,9.500
4261,Makanan,"Roti, Selai, & Sereal",MyRoti Soft Cake Rasa Keju 75 g,9.500
4262,Makanan,"Roti, Selai, & Sereal",MyRoti Roti Steam Cake Rasa Cokelat 80 g,9.500
4263,Makanan,"Roti, Selai, & Sereal",Sari Roti Tawar Milky Soft 360 g,14.000
4264,Makanan,"Roti, Selai, & Sereal",Simba Choco Chips Sereal Cup Susu Stroberi 34 g,9.500
4265,Makanan,"Roti, Selai, & Sereal",Skippy Selai Kacang Creamy 170 g,30.800
4266,Makanan,"Roti, Selai, & Sereal",Goldenfil Selai Choco Crunchy 350 g,36.100
4267,Makanan,"Roti, Selai, & Sereal",MyRoti Funwari Roti Gulung Cokelat 67 g,6.000
4268,Makanan,"Roti, Selai, & Sereal",Sari Roti Klasik Kasur Krim Messes 185 g,11.500
4269,Makanan,"Roti, Selai, & Sereal",5Days Croissant Mini Creamy Cokelat 128 g,15.100
4270,Makanan,"Roti, Selai, & Sereal",Tresno Joyo Madu TJ Murni Botol 500 g,77.900
4271,Makanan,"Roti, Selai, & Sereal",MyRoti Roti Danish Keju 200 g,16.500
4272,Makanan,"Roti, Selai, & Sereal",MyRoti Roti Steam Cake Rasa Putu Pandan 71 g,9.500
4273,Makanan,"Roti, Selai, & Sereal",Champion Minuman Serbuk Cokelat Bag 4 x 24 g,10.900
4274,Makanan,"Roti, Selai, & Sereal",5Days Roti Croissant Isi Selai Srikaya Pandan 60 g,7.400
4275,Makanan,"Roti, Selai, & Sereal",MyRoti Roti Pie Isi Keju 67 g,7.500
4276,Makanan,"Roti, Selai, & Sereal",Kellogg's Froot Loops Sereal 55 g,11.700
4277,Makanan,"Roti, Selai, & Sereal",MyRoti Roti Pie Isi Cokelat 67 g,7.500
4278,Makanan,"Roti, Selai, & Sereal",MyRoti Roti Tawar Klasik 15 s,16.000
4279,Makanan,"Roti, Selai, & Sereal",Kellogg's Coco Fills Sereal Gandum isi Cokelat Box 150 g,28.400
4280,Makanan,"Roti, Selai, & Sereal",Paroti Roti Isi Krim Meses Doraemon 40 g,3.500
4281,Makanan,"Roti, Selai, & Sereal",Paroti Roti Sisir Keju 35 g,4.000
4282,Makanan,"Roti, Selai, & Sereal",Oreo Soft Cake Cokelat Vanila 6 x 16 g,20.100
4283,Makanan,"Roti, Selai, & Sereal",MyRoti Roti Pie Isi Matcha 67 g,7.500
4284,Makanan,"Roti, Selai, & Sereal",Paroti Kue Dorayaki Rasa Cokelat 65 g,6.000
4285,Makanan,"Roti, Selai, & Sereal",Morin Selai Pandan Kaya 170 g,21.000
4286,Makanan,"Roti, Selai, & Sereal",Morin Saus Salted Caramel 650 g,57.900
4287,Makanan,"Roti, Selai, & Sereal",Amanda Bitliz Roti Bagelen Original 70 g,16.000
4288,Makanan,"Roti, Selai, & Sereal",Amanda Bitliz Roti Bagelen Rasa Keju 70 g,16.000
4289,Makanan,"Roti, Selai, & Sereal",Lean Lab Selai Matcha Bubuk 120 g,39.900
4290,Makanan,"Roti, Selai, & Sereal",Lean Lab Selai Cokelat Bubuk 120 g,39.900
4291,Makanan,"Roti, Selai, & Sereal",Lean Lab Selai Hazelnut Bubuk 120 g,39.900
4292,Makanan,"Roti, Selai, & Sereal",Lotus Selai Biscoff Crunchy 380 g,89.900
4293,Makanan,"Roti, Selai, & Sereal",Lotus Selai Biscoff Smooth 400 g,89.900
4294,Makanan,"Roti, Selai, & Sereal",Tropicana Slim Selai Matcha 300 g,111.900
4295,Makanan,"Roti, Selai, & Sereal",Morin Selai Kaya Khas Medan 330 g,42.500
4296,Makanan,"Roti, Selai, & Sereal",Amanda Kukis Black Brownies dengan Keju & Almond 60 g,17.000
4297,Makanan,"Roti, Selai, & Sereal",Amanda Creem Paf Kue Soes Kering isi Cokelat 70 g,17.000
4298,Makanan,"Roti, Selai, & Sereal",Molagi Roti Croissant Bites Truffle dan Keju 25 g,37.000
4299,Makanan,"Roti, Selai, & Sereal",Molagi Roti Croissant Bites Sea Salt dan Karamel 25 g,37.000
4300,Makanan,"Roti, Selai, & Sereal",Pondan Sirup Maple Sachet 12 x 40 ml,39.900
4301,Makanan,"Roti, Selai, & Sereal",Tong Garden Crunchy Selai Peanut Butter 340 g,39.900
4302,Makanan,"Roti, Selai, & Sereal",MyRoti Roti Danish Cokelat 60 g,7.500
4303,Makanan,"Roti, Selai, & Sereal",Tong Garden Selai Peanut Butter Unsweetened Crunchy 340 g,42.900
4304,Makanan,"Roti, Selai, & Sereal",Madu Enak Murni Botol 910 g,104.900
4305,Makanan,"Roti, Selai, & Sereal",Madu Enak Sachet Original 12 s,9.900
4306,Makanan,"Roti, Selai, & Sereal",Quaker Oatmeal Instan 1.2 kg,67.000
4307,Makanan,"Roti, Selai, & Sereal",Nestle Koko Krunch Sereal Bag 70 g,11.000
4308,Makanan,"Roti, Selai, & Sereal",Puck Keju Oles Krim Jar 140 g,34.400
4309,Makanan,"Roti, Selai, & Sereal",Oreo Soft Cake Cokelat Vanila 3 x 16 g,11.400
4310,Makanan,"Roti, Selai, & Sereal",Sari Kue by Sari Roti Dorayaki Stroberi 50 g,6.000
4311,Makanan,"Roti, Selai, & Sereal",MY ROTI Roll Funwari Roti Keju 67 g,6.000
4312,Makanan,"Roti, Selai, & Sereal",Sari Roti Kasur Klasik Krim Cokelat 200 g,16.000
4313,Makanan,"Roti, Selai, & Sereal",Nestle Trix Sereal Rasa Buah Cup 30 g,10.200
4314,Makanan,"Roti, Selai, & Sereal",Sari Roti Tawar Klasik 360 g,12.500
4315,Makanan,"Roti, Selai, & Sereal",MyRoti Roti Sandwich Cokelat 46 g,4.500
4316,Makanan,"Roti, Selai, & Sereal",MyRoti Roti Sandwich Margarin Manis 46 g,4.500
4317,Makanan,"Roti, Selai, & Sereal",MyRoti Roti Steam Cake Rasa Cokelat Keju 71 g,9.500
4318,Makanan,"Roti, Selai, & Sereal",MyRoti Roti Sobek 2 Cokelat 115 g,8.500
4319,Makanan,"Roti, Selai, & Sereal",Paroti Roti Soes Snack Stroberi 72 g,12.900
4320,Makanan,"Roti, Selai, & Sereal",Alfamart Meses Doraemon Klasik 90 g,9.900
4321,Makanan,"Roti, Selai, & Sereal",Alfamart Meses Doraemon Susu 90 g,9.900
4322,Makanan,"Roti, Selai, & Sereal",Baked ID Kue Palm Cheese 53 g,10.900
4323,Makanan,"Roti, Selai, & Sereal",Sari Kue by Sari Roti Dorayaki Martabak 53 g,6.000
4324,Makanan,"Roti, Selai, & Sereal",Paroti Steam Cake Double Choco 35 g,3.500
4325,Makanan,"Roti, Selai, & Sereal",Bean Spot Roti Cokelat Keju,9.000
4326,Makanan,"Roti, Selai, & Sereal",Bean Spot Roti Baso Ayam,9.000
4327,Makanan,"Roti, Selai, & Sereal",MyRoti Roti Sobek Cokelat 225 g,16.500
4328,Makanan,"Roti, Selai, & Sereal",Paroti Roti Pisang Coklat 70 g,6.000
4329,Makanan,"Roti, Selai, & Sereal",Sari Kue by Sari Roti Dorayaki Cokelat 55 g,6.000
4330,Makanan,"Roti, Selai, & Sereal",Nadesha Kue Gambang 10 pcs,10.300
4331,Makanan,"Roti, Selai, & Sereal",MyRoti Roti Sobek Cokelat Keju 225 g,16.500
4332,Makanan,"Roti, Selai, & Sereal",Madurasa Madu Original Botol 150 g,18.500
4333,Makanan,"Roti, Selai, & Sereal",Tresno Joyo Madu TJ Panas Dalam Botol 150 g,34.500
4334,Makanan,"Roti, Selai, & Sereal",Sari Roti Tawar Kupas Jumbo 300 g,21.000
4335,Makanan,"Roti, Selai, & Sereal",Tresno Joyo Madu TJ Lemon Botol 150 g,30.500
4336,Makanan,"Roti, Selai, & Sereal",Paroti Roti Isi Krim Messes 200 g,16.000
4337,Makanan,"Roti, Selai, & Sereal",MyRoti Roti Steam Cake Rasa Red Velvet Isi Keju 71 g,9.500
4338,Makanan,"Roti, Selai, & Sereal",Sari Roti Sobek Duo Cokelat 72 g,8.000
4339,Makanan,"Roti, Selai, & Sereal",Sari Roti Sobek Duo Cokelat Keju 72 g,8.500
4340,Makanan,"Roti, Selai, & Sereal",MyRoti Roti Steam Cake Rasa Pisang 80 g,9.500
4341,Makanan,"Roti, Selai, & Sereal",Paroti Roti Bluder Isi Cokelat Doraemon 50 g,7.500
4342,Makanan,"Roti, Selai, & Sereal",Paroti Roti Bluder isi Keju Doraemon 50 g,8.000
4343,Makanan,"Roti, Selai, & Sereal",Sari Roti Sandwich Choco Blast 45 g,6.000
4344,Makanan,"Roti, Selai, & Sereal",MyRoti Roti Tawar Lembut Premium 6 s,15.000
4345,Makanan,"Roti, Selai, & Sereal",Sari Kue Dorayaki Pandan Srikaya 53 g,6.000
4346,Makanan,"Roti, Selai, & Sereal",Sari Kue by Sari Roti Waffle Rasa Original 35 g,5.000
4347,Makanan,"Roti, Selai, & Sereal",MyRoti Roti Steam Cake Rasa Stroberi Cokelat Isi Cokelat 71 g,9.500
4348,Makanan,"Roti, Selai, & Sereal",MyRoti Roti Sandwich Srikaya 46 g,4.500
4349,Makanan,"Roti, Selai, & Sereal",Aice Mooochii Kue Mochi Rasa Wijen Hitam 32 g,5.000
4350,Makanan,"Roti, Selai, & Sereal",Aice Mooochii Kue Mochi Rasa Cokelat 32 g,5.000
4351,Makanan,"Roti, Selai, & Sereal",Aice Mooochii Kue Mochi Rasa Kacang Merah 32 g,5.000
4352,Makanan,"Roti, Selai, & Sereal",Sari Roti Sandwich Rasa Pandan Isi Selai Sarikaya 49 g,6.000
4353,Makanan,"Roti, Selai, & Sereal",Ceres Hagelslag Festive Cokelat Meses Warna Warni 140 g,24.500
4354,Makanan,"Roti, Selai, & Sereal",Sari Kue by Sari Roti Cheese Cake Original 55 g,9.500
4355,Makanan,"Roti, Selai, & Sereal",Paroti Roti Sisir Mentega 80 g,8.000
4356,Makanan,"Roti, Selai, & Sereal",Sari Roti Croissant Isi Cokelat 70 g,12.000
4357,Makanan,"Roti, Selai, & Sereal",Morin Selai Nanas 170 g,19.900
4358,Makanan,"Roti, Selai, & Sereal",Energen Minuman Sereal Cokelat 20 x 34 g,49.900
4359,Makanan,"Roti, Selai, & Sereal",Energen Minuman Sereal Vanila 20 x 32 g,49.900
4360,Makanan,"Roti, Selai, & Sereal",Quaker Quick Cook Oatmeal 800 g,52.900
4361,Makanan,"Roti, Selai, & Sereal",Tropicana Slim Selai Stroberi Dengan Biji Chia 375 g,87.900
4362,Makanan,"Roti, Selai, & Sereal",Simba Choco Chips Sereal Cokelat 220 g,26.900
4363,Makanan,"Roti, Selai, & Sereal",Ceres Hagelslag Cokelat Meses Susu 140 g,24.500
4364,Makanan,"Roti, Selai, & Sereal",Madurasa Madu Murni Botol 910 g,112.500
4365,Makanan,"Roti, Selai, & Sereal",Kojima Korma Jinten Madu Botol 140 ml,25.000
4366,Makanan,"Roti, Selai, & Sereal",Tropicana Slim Topping Madu Bebas Gula 350 ml,77.500
4367,Makanan,"Roti, Selai, & Sereal",Quick Fresh Madu Asli Toples 500 g,50.900
4368,Makanan,"Roti, Selai, & Sereal",Tropicana Slim Selai Cokelat 300 g,111.900
4369,Makanan,"Roti, Selai, & Sereal",Madu Enak Stik Anggur 20 pcs,14.900
4370,Makanan,"Roti, Selai, & Sereal",Noccio Selai Kacang Creamy 340 g,44.900
4371,Makanan,"Roti, Selai, & Sereal",Quaker Oatmeal Instan 800 g,55.100
4372,Makanan,"Roti, Selai, & Sereal",Sari Roti Sandwich Isi Cokelat 46 g,6.000
4373,Makanan,"Roti, Selai, & Sereal",Paroti Roti Isi Krim Meses 40 g,3.500
4374,Makanan,"Roti, Selai, & Sereal",Alfamart Selai Stroberi 150 g,11.500
4375,Makanan,"Roti, Selai, & Sereal",Alfamart Selai Cokelat 150 g,16.900
4376,Makanan,"Roti, Selai, & Sereal",Alfamart Selai Kacang 120 g,21.000
4377,Makanan,"Roti, Selai, & Sereal",Tresno Joyo Madu TJ Murni Botol 150 g,28.900
4378,Makanan,"Roti, Selai, & Sereal",nutella Hazelnut Cocoa Spread 200 g,53.600
4379,Makanan,"Roti, Selai, & Sereal",Sari Roti Sandwich Isi Krim Keju 49 g,6.000
4380,Makanan,"Roti, Selai, & Sereal",Ceres Spread Selai Choco Double Hazelnut 350 g,54.100
4381,Makanan,"Roti, Selai, & Sereal",Alfamart Selai Stroberi 225 g,20.900
4382,Makanan,"Roti, Selai, & Sereal",Sari Roti Tawar Gandum 350 g,22.000
4383,Makanan,"Roti, Selai, & Sereal",Sari Roti Isi Cokelat 55 g,5.000
4384,Makanan,"Roti, Selai, & Sereal",Sari Roti Sobek Cokelat Sarikaya 214 g,18.000
4385,Makanan,"Roti, Selai, & Sereal",Sari Roti ZuperrCreamy Isi Krim Cokelat 55 g,5.000
4386,Makanan,"Roti, Selai, & Sereal",Simba Choco Chips Sereal Cup Susu Coklat 34 g,9.500
4387,Makanan,"Roti, Selai, & Sereal",Simba Choco Chips Sereal Cup Susu Putih 34 g,9.500
4388,Makanan,"Roti, Selai, & Sereal",Naraya Oat Choco Sereal Original 90 g,14.100
4389,Makanan,"Roti, Selai, & Sereal",Naraya Oat Choco Sereal Cokelat 90 g,14.100
4390,Makanan,"Roti, Selai, & Sereal",Ceres Cokelat Meses Susu 80 g,16.500
4391,Makanan,"Roti, Selai, & Sereal",DelfiOrion Custas Soft Cup Cake 138 g,24.200
4392,Makanan,"Roti, Selai, & Sereal",Ceres Cokelat Meses Festive Warna Warni 80 g,16.500
4393,Makanan,"Roti, Selai, & Sereal",Ceres Hagelslag Cokelat Meses Klasik 80 g,16.500
4394,Makanan,"Roti, Selai, & Sereal",Ceres Hagelslag Cokelat Meses Klasik 140 g,26.100
4395,Makanan,"Roti, Selai, & Sereal",Nestle Koko Krunch Sereal Box 150 g,25.100
4396,Makanan,"Roti, Selai, & Sereal",Quaker Oatmeal Instan 200 g,14.900
4397,Makanan,"Roti, Selai, & Sereal",Energen Minuman Sereal Vanilla 10 x 29 g,27.100
4398,Makanan,"Roti, Selai, & Sereal",Energen Minuman Sereal Cokelat 10 x 30 g,29.100
4399,Makanan,"Roti, Selai, & Sereal",Energen Minuman Sereal Kacang Hijau 10 x 30 g,29.100
4400,Makanan,"Roti, Selai, & Sereal",Sari Roti Tawar Kupas 200 g,18.000
4401,Makanan,"Roti, Selai, & Sereal",Sari Roti ZuperrCreamy Isi Krim Keju 55 g,5.000
4402,Makanan,"Roti, Selai, & Sereal",Morin Selai Cokelat Kacang 150 g,28.800
4403,Makanan,"Roti, Selai, & Sereal",Morin Selai Kaya 170 g,23.300
4404,Makanan,"Roti, Selai, & Sereal",Morin Selai Stroberi 170 g,27.300
4405,Makanan,"Roti, Selai, & Sereal",Morin Selai Kacang Creamy 150 g,26.800
4406,Makanan,"Roti, Selai, & Sereal",Paroti Roti Sisir Mentega 140 g,11.000
4407,Makanan,"Roti, Selai, & Sereal",Sari Kue Lapis Bamkuhen 45 g,10.500
4408,Makanan,"Roti, Selai, & Sereal",Paroti Steamed Cheese Cake Banana 60 g,7.000
4409,Makanan,"Roti, Selai, & Sereal",Sari Roti Tawar 340 g,14.000
4410,Makanan,"Roti, Selai, & Sereal",Sari Roti Sobek Cokelat Keju 214 g,17.000
4411,Makanan,"Roti, Selai, & Sereal",Sari Roti Kasur Keju 180 g,11.200
4412,Makanan,"Roti, Selai, & Sereal",Tresno Joyo Madu TJ Kurma Botol 150 g,19.300
4413,Makanan,"Roti, Selai, & Sereal",Flora Madu Hutan Tropis Botol 350 ml,51.500
4414,Makanan,"Roti, Selai, & Sereal",Madurasa Madu Murni Botol 150 g,20.400
4415,Makanan,"Roti, Selai, & Sereal",Nusantara Madu Murni Botol 250 ml,56.800
4416,Makanan,"Roti, Selai, & Sereal",Nestle Koko Krunch Sereal Box 300 g,34.900
4417,Makanan,"Roti, Selai, & Sereal",Simba Choco Chips Sereal Cokelat 150 g,18.900
4418,Makanan,"Roti, Selai, & Sereal",Nestle Milo Sereal Cup 30 g,7.900
4419,Makanan,"Roti, Selai, & Sereal",Simba Choco Chips Sereal Cokelat 45 g,8.500
4420,Makanan,"Roti, Selai, & Sereal",Nusantara Madu Super Botol 250 ml,
4421,Makanan,"Roti, Selai, & Sereal",Noccio Selai Kacang Chunky 340 g,44.900
4422,Makanan,"Roti, Selai, & Sereal",Sari Roti Tawar Pandan 370 g,18.000
4423,Makanan,"Roti, Selai, & Sereal",Sari Roti Kasur Susu 162 g,11.500
4424,Makanan,"Roti, Selai, & Sereal",Sari Roti Sisir Mentega 155 g,11.000
4425,Makanan,"Roti, Selai, & Sereal",Madurasa Madu Rasa Jeruk Nipis Box 12 sachet,11.900
4426,Makanan,"Roti, Selai, & Sereal",5Days Roti Croissant Isi Fla Keju 60 g,7.400
4427,Makanan,"Roti, Selai, & Sereal",Kartika Toast Hampers Kue Kering Isi 5 pcs,159.900
4428,Makanan,"Roti, Selai, & Sereal",Kartika Toast Hampers Kue Kering Isi 3 pcs,89.900
4429,Makanan,"Roti, Selai, & Sereal",Kartika Toast Hampers Kue Kering Mini Isi 3 pcs,64.500
4430,Makanan,"Roti, Selai, & Sereal",Kartika Toast Hampers Kue Kering isi 4 pcs,119.900
4431,Makanan,"Roti, Selai, & Sereal",Ceres Spread Selai Choco Hazelnut 180 g,24.900
4432,Makanan,"Roti, Selai, & Sereal",Paroti Roti Krim Meses 200 g,13.500
4433,Makanan,"Roti, Selai, & Sereal",Tresno Joyo Sari Kurma TJ Botol 250 ml,23.300
4434,Makanan,"Roti, Selai, & Sereal",5Days Roti Croissant Isi Pasta Cokelat 60 g,5.800
4435,Makanan,"Roti, Selai, & Sereal",5Days Roti Croissant Isi Selai Mixed Berries 60 g,5.800
4436,Makanan,"Roti, Selai, & Sereal",Paroti Roti Bagelen Keju 78 g,17.900
4437,Makanan,"Roti, Selai, & Sereal",Paroti Roti Bagelen Vanila 72 g,17.500
4438,Makanan,"Roti, Selai, & Sereal",Tresno Joyo Madu TJ Jahe Merah Mint Botol 150 g,24.900
4439,Makanan,"Roti, Selai, & Sereal",Ovomaltine Crunchy Cream 230 g,72.400
4440,Makanan,"Roti, Selai, & Sereal",Kellogg's Froot Loops Sereal 150 g,20.100
4441,Makanan,"Roti, Selai, & Sereal",Sari Roti Tawar Soft Rasa Susu Jumbo 540 g,14.000
4442,Makanan,"Roti, Selai, & Sereal",Kartika Toast Cookies Almond 51 g,10.000
4443,Makanan,"Roti, Selai, & Sereal",Quaker 3 in 1 Minuman Sereal Oat Cokelat Bag 8 x 28 g,23.700
4444,Makanan,"Roti, Selai, & Sereal",Energen Champion Minuman Sereal Bubuk Cokelat Sachet 10 x 24 g,19.900
4445,Makanan,"Roti, Selai, & Sereal",Sari Choco Selai Cokelat 150 g,24.000
4446,Makanan,"Roti, Selai, & Sereal",Nestle Trix Sereal Rasa Buah Box 150 g,14.000
4447,Makanan,"Roti, Selai, & Sereal",5Days Roti Croissant Isi Fla Cokelat Pisang 60 g,5.400
4448,Makanan,"Roti, Selai, & Sereal",Uray Madu Murni Alami 150 g,21.500
4449,Makanan,"Roti, Selai, & Sereal",Aice Mooochii Kue Mochi Rasa Wijen Hitam 32 g,5.000
4450,Makanan,"Roti, Selai, & Sereal",Aice Mooochii Kue Mochi Rasa Cokelat 32 g,5.000
4451,Makanan,"Roti, Selai, & Sereal",Aice Mooochii Kue Mochi Rasa Kacang Merah 32 g,5.000
4452,Makanan,"Roti, Selai, & Sereal",Nestle Koko Krunch Sereal Cup 30 g,7.900
4453,Makanan,"Roti, Selai, & Sereal",Madurasa Madu Original Sachet 12 s,11.900
4454,Makanan,"Roti, Selai, & Sereal",Sari Roti Sobek Cokelat 214 g,17.000
4455,Makanan,"Roti, Selai, & Sereal",MyRoti Roti Gulung Danish Rasa Tripel Keju 60 g,7.500
4456,Makanan,"Roti, Selai, & Sereal",Bean Spot Roti Keju Manis,9.000
4457,Makanan,"Roti, Selai, & Sereal",Sari Roti Tawar Jumbo 555 g,18.000
4458,Makanan,"Roti, Selai, & Sereal",Pia 100 Kue Pia Cokelat & Kacang Hijau 138 g,12.900
4459,Makanan,"Roti, Selai, & Sereal",Sari Roti ZuperrCreamy Sandwich Isi Krim Cokelat 45 g,5.000
4460,Makanan,"Roti, Selai, & Sereal",MyRoti Roti Tawar Funwari 8 s,15.000
4461,Makanan,"Roti, Selai, & Sereal",Sari Roti Isi Cokelat Keju 55 g,5.000
4462,Makanan,"Roti, Selai, & Sereal",Sari Roti ZuperrCreamy Sandwich Isi Krim Stroberi 43 g,5.000
4463,Makanan,"Roti, Selai, & Sereal",Asppoba Bolu Kreezz 130 g,
4464,Makanan,"Roti, Selai, & Sereal",Asppoba Bolu Munyes 12 pcs,
4465,Makanan,"Roti, Selai, & Sereal",Goldenfil Choco Crunchy Topping 1 kg,67.900
4466,Makanan,"Roti, Selai, & Sereal",Nestle Sereal Honey Stars Box 300 g,36.500
4467,Makanan,"Roti, Selai, & Sereal",Nestle Milo Sereal Active Go 300 g,39.000
4468,Makanan,"Roti, Selai, & Sereal",Kellogg's Sereal Corn Flakes 500 g,46.500
4469,Makanan,"Roti, Selai, & Sereal",Quaker 3 in 1 Minuman Sereal Oat Vanila Bag 8 x 28 g,23.700
4470,Makanan,"Roti, Selai, & Sereal",Simba Sereal Choco Chips Stroberi 150 g,17.500
4471,Makanan,"Roti, Selai, & Sereal",Simba Choco Chips Sereal Cokelat 300 g,28.700
4472,Makanan,"Roti, Selai, & Sereal",Simba Makura Sereal Isi Krim Coklat Pouch 80 g,9.500
4473,Makanan,"Roti, Selai, & Sereal",Kellogg's Sereal Granola Dark Chocolate Pouch 220 g,42.900
4474,Makanan,"Roti, Selai, & Sereal",Kellogg's Sereal Granola Mixed Berries Pouch 220 g,42.900
4475,Makanan,"Roti, Selai, & Sereal",Morin Selai Topping Stroberi 300 g,21.900
4476,Makanan,"Roti, Selai, & Sereal",Morin Selai Topping Cokelat 300 g,25.900
4477,Makanan,"Roti, Selai, & Sereal",Kitkat Sereal Cokelat Box 330 g,49.900
4478,Makanan,"Roti, Selai, & Sereal",Nestle Sereal Gold Corn Flakes Box 150 g,17.500
4479,Makanan,"Roti, Selai, & Sereal",Madurasa Madu Jahe Merah Lemon 160 g,19.500
4480,Makanan,"Roti, Selai, & Sereal",Francis Granola Walnut & Cranberry 45 g,9.400
4481,Makanan,"Roti, Selai, & Sereal",Francis Granola Mix Fruit Crunchy 45 g,9.400
4482,Makanan,"Roti, Selai, & Sereal",Bean Spot Roti Original Choco Cheese Bun,10.000
4483,Makanan,"Roti, Selai, & Sereal",Sari Roti Tawar Double Soft 360 g,19.000
4484,Minuman,Minuman Ringan,Aqua Air Mineral Galon (Isi Ulang) 19 L - Medan (F),
4485,Minuman,Minuman Ringan,Tirta Merapi Air Mineral Pet 330 ml,
4486,Minuman,Minuman Ringan,Grand Air Mineral Galon (Isi Ulang) 19 L,
4487,Minuman,Minuman Ringan,Ake Galon Air Mineral (Kosong) 19 L,
4488,Minuman,Minuman Ringan,Ake Air Mineral Galon (Isi Ulang) 19 L,
4489,Minuman,Minuman Ringan,Dmax Air Mineral Pet 330 ml,
4490,Minuman,Minuman Ringan,Grand Galon Air Mineral (Kosong) 19 L,
4491,Minuman,Minuman Ringan,Bolesa Galon Air Mineral (Kosong) 19 L,
4492,Minuman,Minuman Ringan,Fin Air Mineral Botol 600 ml,
4493,Minuman,Minuman Ringan,Buavita Mini Jus Buah Asli Jeruk 125 ml,
4494,Minuman,Minuman Ringan,Aqua Air Mineral Cup 220 ml - Karton,
4495,Minuman,Minuman Ringan,Pasqua Air Mineral Galon (Isi Ulang) 19 L,
4496,Minuman,Minuman Ringan,Sanford Air Mineral Pet Botol 600 ml,
4497,Minuman,Minuman Ringan,Boneva Air Mineral Galon (Isi Ulang) 19 L,
4498,Minuman,Minuman Ringan,"Aqua Air Mineral Galon (Isi Ulang) 19 L - Manado, Palembang, Medan (C)",
4499,Minuman,Minuman Ringan,Lasegar Minuman Penyegar Leci Kaleng 320 ml,
4500,Minuman,Minuman Ringan,Alfamart Air Mineral Botol 535 ml,
4501,Minuman,Minuman Ringan,Powerade Minuman Isotonik Active Blue 400 ml,
4502,Minuman,Minuman Ringan,Powerade Minuman Isotonik Ion Rush 400 ml,
4503,Minuman,Minuman Ringan,Narmada Air Mineral Botol 600 ml,
4504,Minuman,Minuman Ringan,Boneva Air Mineral Galon (Isi Ulang) 19 L (A),
4505,Minuman,Minuman Ringan,Boneva Galon Air Mineral (Kosong) 19 L,
4506,Minuman,Minuman Ringan,Pasqua Galon Air Mineral (Kosong) 19 L,
4507,Minuman,Minuman Ringan,Bio Ite Sui Air Mineral Galon (Isi Ulang) 19 L,
4508,Minuman,Minuman Ringan,For 3 Air Mineral Galon (Isi Ulang) 19 L (G),
4509,Minuman,Minuman Ringan,Cap Panda Minuman Sarang Burung Kaleng 310 ml,
4510,Minuman,Minuman Ringan,Mindy Galon Air Mineral (Kosong) 19 L,
4511,Minuman,Minuman Ringan,Sanford Galon Air Mineral (Kosong) 19 L,
4512,Minuman,Minuman Ringan,Tirkana Air Mineral Galon (Isi Ulang) 19 L,
4513,Minuman,Minuman Ringan,Mountoya Air Mineral Pet Botol 600 ml,
4514,Minuman,Minuman Ringan,Aqua Air Mineral Galon (Isi Ulang) 19 L - Medan (H),
4515,Minuman,Minuman Ringan,Club Air Mineral Galon (Isi Ulang) 19 L (A),
4516,Minuman,Minuman Ringan,Narmada Galon Air Mineral (Kosong) 19 L,
4517,Minuman,Minuman Ringan,Alfamart Air Mineral 48 x 240 ml,
4518,Minuman,Minuman Ringan,Daxu Air Mineral Pet 600 ml,
4519,Minuman,Minuman Ringan,Fruit Tea Minuman Teh Stroberi Botol 350 ml,
4520,Minuman,Minuman Ringan,For 3 Air Mineral Galon (Isi Ulang) 19 L (J),
4521,Minuman,Minuman Ringan,Club Air Mineral Galon (Isi Ulang) 19 L (C),
4522,Minuman,Minuman Ringan,BW Air Mineral Pet Botol 600 ml,
4523,Minuman,Minuman Ringan,HS68 Galon Air Mineral (Kosong) 19 L,
4524,Minuman,Minuman Ringan,drinho Chrysanthemum Tea Kaleng 300 ml,
4525,Minuman,Minuman Ringan,Tirmas Air Mineral Cup 48 x 240 ml,
4526,Minuman,Minuman Ringan,ITO EN Minuman Teh Hijau Melati Tanpa Gula Botol 500 ml,
4527,Minuman,Minuman Ringan,Prima Air Mineral Pet Botol 1500 ml,
4528,Minuman,Minuman Ringan,Naraya Minuman Cincau Kaleng 300 ml,
4529,Minuman,Minuman Ringan,SMS Galon Air Mineral (Kosong) 19 L,
4530,Minuman,Minuman Ringan,Semongkat Galon Air Mineral (Kosong) 19 L,
4531,Minuman,Minuman Ringan,Starway Minuman Susu Kedelai 310 ml,
4532,Minuman,Minuman Ringan,For 3 Air Mineral Galon (Isi Ulang) 19 L (I),
4533,Minuman,Minuman Ringan,Al Qodiri Air MIneral Pet 600 ml,
4534,Minuman,Minuman Ringan,Aqua Air Mineral Galon (Isi Ulang) 19 L - Medan (I),
4535,Minuman,Minuman Ringan,Tirmas Galon Air Mineral (Kosong) 19 L,
4536,Minuman,Minuman Ringan,Viz Air Mineral Botol 600 ml,
4537,Minuman,Minuman Ringan,Tirkana Galon Air Mineral (Kosong) 19 L,
4538,Minuman,Minuman Ringan,Ultra Teh Kotak Rasa Melati 500 ml,
4539,Minuman,Minuman Ringan,For 3 Air Mineral Galon (Isi Ulang) 19 L (F),
4540,Minuman,Minuman Ringan,Viz Air Mineral 48 x 220 ml - Karton,
4541,Minuman,Minuman Ringan,AlfaOne Air Mineral Galon (Isi Ulang) 19 L (A),
4542,Minuman,Minuman Ringan,Bolesa Galon Air Mineral (Isi Ulang) 19 L,
4543,Minuman,Minuman Ringan,Aqua Air Mineral Galon (Kosong) 19 L,
4544,Minuman,Minuman Ringan,Bio Ite Sui Galon Air Mineral (Kosong) 19 L,
4545,Minuman,Minuman Ringan,For 3 Air Mineral Galon (Isi Ulang) 19 L (D),
4546,Minuman,Minuman Ringan,Cap Kaki Tiga Larutan Penyegar Melon Kaleng 320 ml,
4547,Minuman,Minuman Ringan,Cocobit Splash Coco Minuman Rasa Kelapa 350 ml,
4548,Minuman,Minuman Ringan,For 3 Air Mineral Galon (Isi Ulang) 19 L (E),
4549,Minuman,Minuman Ringan,HS68 Air Mineral Galon (Isi Ulang) 19 L (A),
4550,Minuman,Minuman Ringan,For 3 Air Mineral Galon (Isi Ulang) 19 L,
4551,Minuman,Minuman Ringan,Cleo Air Mineral 12 x 1 L,
4552,Minuman,Minuman Ringan,Lasegar Minuman Penyegar Jambu Kaleng 320 ml,
4553,Minuman,Minuman Ringan,SMS Air Mineral Galon (Isi Ulang) 19 L,
4554,Minuman,Minuman Ringan,Alfamart Air Mineral Botol 1.5 L,
4555,Minuman,Minuman Ringan,Aqua Air Mineral Galon (Isi Ulang) 19 L - Medan (G),
4556,Minuman,Minuman Ringan,Pristine 8.6+ Galon Air Mineral (Isi Ulang) 19 L,
4557,Minuman,Minuman Ringan,Narmada Air Mineral 48 x 220 ml,
4558,Minuman,Minuman Ringan,Vit Air Mineral Galon (Isi Ulang) 19 L A,
4559,Minuman,Minuman Ringan,Tirmas Air Mineral Galon (Isi Ulang) 19 L,
4560,Minuman,Minuman Ringan,Cleo Galon Air Mineral (Kosong) 19 L,
4561,Minuman,Minuman Ringan,Semongkat Air Mineral Galon (Isi Ulang) 19 L,
4562,Minuman,Minuman Ringan,"Aqua Air Mineral Galon (Isi Ulang) 19 L - Palembang, Medan (E)",
4563,Minuman,Minuman Ringan,Cleo Air Mineral Galon (Isi Ulang) 19 L,
4564,Minuman,Minuman Ringan,"Aqua Air Mineral Galon (Isi Ulang) 19 L - Palembang, Medan (D)",
4565,Minuman,Minuman Ringan,Pristine 8.6+ Galon Air Mineral (Kosong) 19 L,
4566,Minuman,Minuman Ringan,Le Minerale Air Mineral Galon B 15 L,
4567,Minuman,Minuman Ringan,Sanford Air Mineral Galon (Isi Ulang) 19 L (A),
4568,Minuman,Minuman Ringan,Sanford Air Mineral 48 x 220 ml,
4569,Minuman,Minuman Ringan,AlfaOne Air Mineral Galon (Isi Ulang) 19 L (B),
4570,Minuman,Minuman Ringan,Vit Air Mineral Galon (Isi Ulang) 19 L - Kotawaringin Timur,
4571,Minuman,Minuman Ringan,Aqua Air Mineral Botol 1 L,
4572,Minuman,Minuman Ringan,Pasqua Air Mineral Galon (Isi Ulang) 19 L (B),
4573,Minuman,Minuman Ringan,Polaris Mixenergy Minuman Soda Water 330 ml,
4574,Minuman,Minuman Ringan,For 3 Air Mineral Galon (Isi Ulang) 19 L (B),
4575,Minuman,Minuman Ringan,Pokka Minuman Teh Hijau Melati 450 ml,
4576,Minuman,Minuman Ringan,Grand Galon Air Mineral (Kosong) 19 L,
4577,Minuman,Minuman Ringan,For 3 Air Mineral Galon (Isi Ulang) 19 L (H),
4578,Minuman,Minuman Ringan,AlfaOne Galon Air Mineral (Kosong) 19 L,
4579,Minuman,Minuman Ringan,AlfaOne Air Mineral Galon (Isi Ulang) 19 L (C),
4580,Minuman,Minuman Ringan,HS68 Air Mineral Galon (Isi Ulang) 19 L,
4581,Minuman,Minuman Ringan,Pasqua Air Mineral Galon (Isi Ulang) 19 L (A),
4582,Minuman,Minuman Ringan,Le Minerale Air Mineral Galon A 15 L,
4583,Minuman,Minuman Ringan,Ron 88 Galon Air Mineral (Kosong) 19 L - Bandung,
4584,Minuman,Minuman Ringan,For 3 Air Mineral Galon (Isi Ulang) 19 L (C),
4585,Minuman,Minuman Ringan,ITO EN Oi Ocha Minuman Teh Hijau Tanpa Gula Botol 500 ml,
4586,Minuman,Minuman Ringan,Club Galon Air Mineral (Kosong) 19 L,
4587,Minuman,Minuman Ringan,Mindy Air Mineral Galon (Isi Ulang) 19 L,
4588,Minuman,Minuman Ringan,Sanford Air Mineral Pet Botol 1.5 L,
4589,Minuman,Minuman Ringan,Kusuma Siiplah Minuman Sari Buah Apel Leci 32 x 120 ml,
4590,Minuman,Minuman Ringan,Vit Air Mineral Galon (Isi Ulang) 19 L - Palangkaraya,
4591,Minuman,Minuman Ringan,Grand Air Mineral Galon (Isi Ulang) 19 L,
4592,Minuman,Minuman Ringan,Cleo Air Mineral Galon (Isi Ulang) 19 L (A),
4593,Minuman,Minuman Ringan,Aqua Air Mineral Galon (Isi Ulang) 19 L (B),
4594,Minuman,Minuman Ringan,Ron 88 Air Mineral Galon (Isi Ulang) 19 L - Bandung,
4595,Minuman,Minuman Ringan,Narmada Air Mineral Galon (Isi Ulang) 19 L,
4596,Minuman,Minuman Ringan,Frestea Minuman Teh Rasa Apel Botol 350 ml,4.900
4597,Minuman,Minuman Ringan,Frestea Minuman Teh Rasa Markisa Botol 350 ml,4.800
4598,Minuman,Minuman Ringan,Cap Kaki Tiga Cooltopia Larutan Penyegar Lemon Lime Kaleng 320 ml,8.200
4599,Minuman,Minuman Ringan,Aqua Life Air Mineral Botol 1.1 L,11.000
4600,Minuman,Minuman Ringan,Floridina Coco Minuman Jeruk Florida 350 ml,3.700
4601,Minuman,Minuman Ringan,Ichitan Thai Coco Pet 300 ml,7.500
4602,Minuman,Minuman Ringan,SidoMuncul Minuman Kunyit Asam Pet 150 ml,7.200
4603,Minuman,Minuman Ringan,Frestea Minuman Teh Rasa Blackcurrant Botol 500 ml,7.000
4604,Minuman,Minuman Ringan,Buavita Minuman Sari Buah Korean Muscat Grape 245 ml,10.500
4605,Minuman,Minuman Ringan,Buavita Minuman Sari Buah Korean Strawberry 245 ml,10.500
4606,Minuman,Minuman Ringan,Frestea Minuman Teh Rasa Blackcurrant 1.5 L,17.000
4607,Minuman,Minuman Ringan,Ichitan Green Tea Rasa Blackcurrant Pet 280 ml,5.200
4608,Minuman,Minuman Ringan,Ichitan Green Tea Rasa Apel Pet 280 ml,5.200
4609,Minuman,Minuman Ringan,Ichitan Green Tea Rasa Honey Lemon Pet 280 ml,5.200
4610,Minuman,Minuman Ringan,Fanta Zero Minuman Soda Rasa Stroberi Bebas Gula Botol 390 ml,6.300
4611,Minuman,Minuman Ringan,Adem Sari Ching Ku Lemon Botol 350 ml,10.100
4612,Minuman,Minuman Ringan,Pororo Minuman Rasa Stroberi Botol 235 ml,15.000
4613,Minuman,Minuman Ringan,Super O2 Sportivo Air Mineral Botol 600 ml,12.200
4614,Minuman,Minuman Ringan,Sprite Original Minuman Soda Rasa Lemon Jeruk Nipis Botol 390 ml,6.800
4615,Minuman,Minuman Ringan,Ultra Teh Kotak Melati 300 ml,4.600
4616,Minuman,Minuman Ringan,Le Minerale Air Mineral Galon 5 L,16.800
4617,Minuman,Minuman Ringan,Club Air Mineral Galon (Isi Ulang) 19 L,
4618,Minuman,Minuman Ringan,Grand Air Mineral Galon (Isi Ulang) 19 L,
4619,Minuman,Minuman Ringan,AlfaOne Air Mineral Galon (Isi Ulang) 19 L,
4620,Minuman,Minuman Ringan,Aqua Air Mineral Galon (Isi Ulang) 19 L (A),
4621,Minuman,Minuman Ringan,Sanford Air Mineral Galon (Isi Ulang) 19 L,
4622,Minuman,Minuman Ringan,Alfamart Air Mineral One Piece Fliptop 600 ml,
4623,Minuman,Minuman Ringan,Sprite Waterlymon Minuman Soda Rasa Lemon Jeruk Nipis Botol 425 ml,5.300
4624,Minuman,Minuman Ringan,Frestea Minuman Teh Rasa Apel Botol 1.5 L,17.300
4625,Minuman,Minuman Ringan,Crystalin Air Mineral Botol Pack 24 x 330 ml,41.000
4626,Minuman,Minuman Ringan,Tropicana Slim Collagen Shot Minuman Tinggi Serat Peach Blossom 190 ml,9.500
4627,Minuman,Minuman Ringan,Ultra Teh Kotak Melati Rendah Gula 750 ml,9.900
4628,Minuman,Minuman Ringan,Kuas Minuman Kunyit Asam Original 250 ml,10.900
4629,Minuman,Minuman Ringan,Kuas Minuman Kunyit Asam Lemon 250 ml,10.900
4630,Minuman,Minuman Ringan,Yeo's Minuman Penyegar Rasa Kundur Kaleng 300 ml,7.500
4631,Minuman,Minuman Ringan,WRP Active Fibby Minuman Serat 7 x 15 g,85.900
4632,Minuman,Minuman Ringan,Fit Me Up Active Minuman Karbonasi Rasa Jeruk dengan Bunga Krisan 160 ml,8.500
4633,Minuman,Minuman Ringan,Fit Me Up Focus Minuman Karbonasi Rasa Kiwi dengan Daun Kelor 160 ml,8.500
4634,Minuman,Minuman Ringan,Fit Me Up Uplift Minuman Karbonasi Rasa Bluberi dan Bunga Telang 160 ml,8.500
4635,Minuman,Minuman Ringan,Prima Air Mineral 24 x 600 ml - Karton,41.900
4636,Minuman,Minuman Ringan,S-tee Minuman Teh Melati Kotak 24 x 200 ml - Karton,48.500
4637,Minuman,Minuman Ringan,Ron 88 Air Mineral Botol 24 x 200 ml,1.500
4638,Minuman,Minuman Ringan,Ron 88 Air Mineral Botol 24 x 380 ml - Karton,2.300
4639,Minuman,Minuman Ringan,Aquviva Air Mineral Botol Pack 12 x 250 ml,12.000
4640,Minuman,Minuman Ringan,Pokka Minuman Teh Hijau Tanpa Gula Houjicha Botol 500 ml,12.000
4641,Minuman,Minuman Ringan,Pokka Minuman Teh Hijau Tanpa Gula Sencha Botol 500 ml,12.000
4642,Minuman,Minuman Ringan,Pokka Minuman Teh Hijau Madu Botol 450 ml,5.500
4643,Minuman,Minuman Ringan,NutriSari Jeruk Madu Minuman Jeruk Peras Vitamin C 200 ml,8.000
4644,Minuman,Minuman Ringan,Prima Air Mineral Botol Pack 20 x 220 ml,23.900
4645,Minuman,Minuman Ringan,Joy Tea Minuman Teh Oolong Tawar Pet 350 ml,7.500
4646,Minuman,Minuman Ringan,Fruit Tea Minuman Teh Blackcurrant 24 x 250 ml - Karton,73.900
4647,Minuman,Minuman Ringan,Teh Pucuk Harum Jasmine 24 x 350 ml - Karton,89.000
4648,Minuman,Minuman Ringan,Teh Pucuk Harum Rendah Gula 24 x 350 ml - Karton,89.000
4649,Minuman,Minuman Ringan,Le Minerale Air Mineral Botol 24 x 330 ml - Karton,50.900
4650,Minuman,Minuman Ringan,Yeo's Minuman Rasa Lemon Tea 250 ml,5.500
4651,Minuman,Minuman Ringan,Tropicana Slim Gula Jawa Bebas Gula Cair 350 ml,75.900
4652,Minuman,Minuman Ringan,Fruit Tea Minuman Teh Markisa 350 ml,4.500
4653,Minuman,Minuman Ringan,Fruit Tea Minuman Teh Lemon 350 ml,4.500
4654,Minuman,Minuman Ringan,NU Green Tea Original Pet 330 ml,4.800
4655,Minuman,Minuman Ringan,NU Green Tea Madu Pet 330 ml,5.000
4656,Minuman,Minuman Ringan,Tehbotol Sosro Minuman Teh Tawar 350 ml,4.300
4657,Minuman,Minuman Ringan,Oronamin C Minuman Vitamin Botol 120 ml,7.200
4658,Minuman,Minuman Ringan,Bintang Zero Minuman Berkarbonasi 330 ml,9.500
4659,Minuman,Minuman Ringan,Teh Pucuk Harum Melati 250 ml,3.800
4660,Minuman,Minuman Ringan,Frestea Minuman Teh Rasa Melati Botol 1.5 L,17.300
4661,Minuman,Minuman Ringan,NU Minuman Teh Yogurt Pet 450 ml,7.200
4662,Minuman,Minuman Ringan,Vit Air Mineral Cup 48 x 200 ml - Karton,36.300
4663,Minuman,Minuman Ringan,Pristine 8.6+ Air Mineral Botol 1500 ml,11.500
4664,Minuman,Minuman Ringan,Fibe Mini Botol 100 ml,7.800
4665,Minuman,Minuman Ringan,You C1000 Minuman Vitamin C Mango 140 ml,7.900
4666,Minuman,Minuman Ringan,Pororo Minuman Peach Botol 235 ml,15.000
4667,Minuman,Minuman Ringan,Hydro Coco Vita-D Minuman Air Kelapa 330 ml,12.900
4668,Minuman,Minuman Ringan,Lasegar Twist Minuman Penyegar Jeruk Lemon 320 ml,8.300
4669,Minuman,Minuman Ringan,Adem Sari Ching Ku Madu Lemon 350 ml,10.100
4670,Minuman,Minuman Ringan,Sinde Larutan Penyegar Cap Badak 350 ml,8.400
4671,Minuman,Minuman Ringan,Bonteh Teh Manis 330 ml,3.600
4672,Minuman,Minuman Ringan,Yakult Light Minuman Susu Fermentasi 5 x 65 ml,14.500
4673,Minuman,Minuman Ringan,NutriSari Squeezed Orange Minuman Jeruk Peras Vitamin C 200 ml,8.800
4674,Minuman,Minuman Ringan,Aqua Air Mineral Cube 220 ml - Karton,33.600
4675,Minuman,Minuman Ringan,Alfamart Air Mineral Botol 600 ml,2.000
4676,Minuman,Minuman Ringan,Alfamart Air Mineral Botol 1.5 L,4.500
4677,Minuman,Minuman Ringan,Cap Kaki Tiga Larutan Penyegar 350 ml,8.200
4678,Minuman,Minuman Ringan,Coca-Cola Zero Sugar Minuman Soda Rasa Kola Bebas Gula Botol 1 L,10.600
4679,Minuman,Minuman Ringan,Sprite Zero Minuman Soda Rasa Lemon Jeruk Nipis Bebas Gula Botol 1 L,10.600
4680,Minuman,Minuman Ringan,Alfamart Air Mineral Karton 24 x 220 ml,21.900
4681,Minuman,Minuman Ringan,Fanta Minuman Soda Rasa Jeruk Botol 1 L,10.600
4682,Minuman,Minuman Ringan,Chi Forest Sparkling Water Grape Delight Botol 480 ml,9.700
4683,Minuman,Minuman Ringan,Alfa Air Mineral Clairine 8+ Pet Botol 450 ml,5.200
4684,Minuman,Minuman Ringan,Coca-Cola Zero Sugar Minuman Soda Kola Vanila Bebas Gula 390 ml,6.000
4685,Minuman,Minuman Ringan,IF Minuman Air Kelapa Murni Pet 350 ml,15.000
4686,Minuman,Minuman Ringan,NU Minuman Teh Yogurt Berry Crush Pet 450 ml,6.900
4687,Minuman,Minuman Ringan,Amo Minuman Berkarbonasi Susu Soda Fizzy Easy Original Pet 200 ml,4.500
4688,Minuman,Minuman Ringan,Amo Minuman Berkarbonasi Susu Soda Dreamy Strawberry Pet 200 ml,4.500
4689,Minuman,Minuman Ringan,Cap Kaki Tiga Cooltopia Larutan Penyegar Yuzu Pomelo Kaleng 320 ml,7.900
4690,Minuman,Minuman Ringan,NU Minuman Matcha Lattea 225 ml,6.200
4691,Minuman,Minuman Ringan,NU Minuman Choco Hazeltea 225 ml,6.200
4692,Minuman,Minuman Ringan,Kiranti Sehat Datang Bulan Leci Botol 150 ml,8.700
4693,Minuman,Minuman Ringan,Aqua Air Mineral Cup 48 x 200 ml - Karton,46.500
4694,Minuman,Minuman Ringan,Bean Spot Es Thai Tea 16 oz,15.000
4695,Minuman,Minuman Ringan,Bean Spot Es Thai Tea Machiato 16 oz,18.000
4696,Minuman,Minuman Ringan,NU Minuman Es Teh Leci Pet 450 ml,7.200
4697,Minuman,Minuman Ringan,Yakult Minuman Susu Fermentasi Rasa Mangga 5 x 65 ml,12.200
4698,Minuman,Minuman Ringan,NutriSari Jambu Biji Minuman Jambu Vitamin C 200 ml,8.500
4699,Minuman,Minuman Ringan,Chi Forest Minuman Teh Yuzu Botol 450 ml,8.500
4700,Minuman,Minuman Ringan,Chi Forest Sparkling Water Bamboo Grapefruit Botol 480 ml,9.500
4701,Minuman,Minuman Ringan,Pocari Sweat Ion Water Minuman Isotonik Rendah Kalori Botol 350 ml,7.300
4702,Minuman,Minuman Ringan,Javana Minuman Teh Melati 350 ml,3.500
4703,Minuman,Minuman Ringan,Red Bull Kratingdaeng Minuman Energi Gold Kaleng 250 ml,9.100
4704,Minuman,Minuman Ringan,Le Minerale Air Mineral Galon 15 L,22.000
4705,Minuman,Minuman Ringan,Kopiko Lucky Day Minuman Kopi Pet 180 ml,8.700
4706,Minuman,Minuman Ringan,Hydro Coco Minuman Air Kelapa Original 1 L,25.700
4707,Minuman,Minuman Ringan,acaraki Golden Sparkling Kunyit Asam Minuman Soda Kaleng 320 ml,12.500
4708,Minuman,Minuman Ringan,Wong Coco Aloe Vera Minuman Lidah Buaya Rasa Lemon Bucket 1 kg,20.000
4709,Minuman,Minuman Ringan,Frestea Minuman Teh Rasa Lemon 350 ml,4.800
4710,Minuman,Minuman Ringan,Nestle Pure Life Air Mineral Galon 15 L,23.500
4711,Minuman,Minuman Ringan,Chi Forest Minuman Teh Peach Botol 450 ml,8.500
4712,Minuman,Minuman Ringan,Hydro Coco Minuman Air Kelapa Original 500 ml,16.300
4713,Minuman,Minuman Ringan,Fanta Minuman Soda Rasa Stroberi Botol 390 ml,6.300
4714,Minuman,Minuman Ringan,Adem Sari Ching Ku Sparkling Herbal Lemon 320 ml,10.100
4715,Minuman,Minuman Ringan,Le Minerale Air Mineral Botol 330 ml,3.800
4716,Minuman,Minuman Ringan,Ultra Sari Kacang Ijo 150 ml,4.200
4717,Minuman,Minuman Ringan,S-tee Minuman Teh Melati 390 ml,3.700
4718,Minuman,Minuman Ringan,Sinde Larutan Penyegar Cap Badak Lemon 320 ml,8.700
4719,Minuman,Minuman Ringan,Fruit Tea Minuman Teh Freeze 350 ml,4.500
4720,Minuman,Minuman Ringan,Green Sands Minuman Karbonasi Lime & Apple Kaleng 250 ml,6.700
4721,Minuman,Minuman Ringan,Green Sands Minuman Karbonasi Lemon & Grape Kaleng 250 ml,6.700
4722,Minuman,Minuman Ringan,Ultra Teh Kotak Blackcurrant 200 ml,4.700
4723,Minuman,Minuman Ringan,Pororo Minuman Rasa Mangga Botol 235 ml,15.000
4724,Minuman,Minuman Ringan,Fanta Minuman Soda Rasa Anggur Botol 390 ml,6.300
4725,Minuman,Minuman Ringan,Ichitan Thai Minuman Teh Hijau Susu Pet 300 ml,9.500
4726,Minuman,Minuman Ringan,Tehbotol Sosro Minuman Teh Rendah Gula 350 ml,4.500
4727,Minuman,Minuman Ringan,Fruit Tea Minuman Teh Rasa Apel 250 ml,3.800
4728,Minuman,Minuman Ringan,Fruit Tea Minuman Teh Blackcurrant 250 ml,3.800
4729,Minuman,Minuman Ringan,Chi Forest Sparkling Water Peach Botol 480 ml,9.700
4730,Minuman,Minuman Ringan,Chi Forest Sparkling Water Leci Botol 480 ml,9.700
4731,Minuman,Minuman Ringan,Coca-Cola Zero Sugar Minuman Soda Rasa Kola Bebas Gula Botol 390 ml,6.300
4732,Minuman,Minuman Ringan,Alfamart Air Mineral Disney Flip Top 450 ml,3.900
4733,Minuman,Minuman Ringan,Alfamart Air Mineral 48 x 220 ml - Karton,21.900
4734,Minuman,Minuman Ringan,Wong Coco Nata De Coco Minuman Sari Kelapa Rasa Leci 220 g,5.500
4735,Minuman,Minuman Ringan,Coca Cola Zero Minuman Soda Rasa Kola FIFA World Cup 2026 330 ml,7.200
4736,Minuman,Minuman Ringan,You C1000 Minuman Isotonik Lemon Water 500 ml,9.200
4737,Minuman,Minuman Ringan,You C1000 Minuman Isotonik Air Jeruk 500 ml,9.200
4738,Minuman,Minuman Ringan,Minute Maid Pulpy Minuman Jus Buah Rasa Jeruk Botol 300 ml,6.900
4739,Minuman,Minuman Ringan,Red Bull Minuman Energi Kaleng 250 ml,26.800
4740,Minuman,Minuman Ringan,Prima Air Mineral Botol 600 ml,3.500
4741,Minuman,Minuman Ringan,Prima Rasa Minuman Fruit Cocktail Cup 220 ml,9.500
4742,Minuman,Minuman Ringan,Minute Maid Pulpy Minuman Jus Buah Rasa Jeruk Botol 1 L,16.000
4743,Minuman,Minuman Ringan,You C1000 Minuman Vitamin C Apple 140 ml,7.900
4744,Minuman,Minuman Ringan,Coca-Cola Original Minuman Soda Rasa Kola Botol 1 L,10.800
4745,Minuman,Minuman Ringan,Sprite Original Minuman Soda Rasa Lemon Jeruk Nipis Botol 1 L,10.600
4746,Minuman,Minuman Ringan,Tebs Sparkling Teh Minuman Soda Mix Fruit 500 ml,8.600
4747,Minuman,Minuman Ringan,Cap Kaki Tiga Larutan Penyegar Leci Kaleng 320 ml,8.200
4748,Minuman,Minuman Ringan,Cap Kaki Tiga Larutan Penyegar Jambu Kaleng 320 ml,8.200
4749,Minuman,Minuman Ringan,Cap Kaki Tiga Larutan Penyegar Jeruk Kaleng 320 ml,8.100
4750,Minuman,Minuman Ringan,Big Cola Minuman Karbonasi 1 L,9.800
4751,Minuman,Minuman Ringan,Floridina Minuman Jeruk 350 ml,3.700
4752,Minuman,Minuman Ringan,Kopiko 78C Minuman Kopi Latte Pet 240 ml,9.000
4753,Minuman,Minuman Ringan,Cap Kaki Tiga Anak Larutan Penyegar Leci Kaleng 238 ml,7.700
4754,Minuman,Minuman Ringan,Pokka Minuman Teh Leci 450 ml,5.500
4755,Minuman,Minuman Ringan,Pokka Minuman Teh Oolong 300 ml,8.500
4756,Minuman,Minuman Ringan,Cap Panda Teh Herbal Liang Kaleng 310 ml,7.000
4757,Minuman,Minuman Ringan,Yeo's Minuman Penyegar Rasa Leci Kaleng 300 ml,7.500
4758,Minuman,Minuman Ringan,Pokka Minuman Teh Hijau Melati 300 ml,8.500
4759,Minuman,Minuman Ringan,Pokka Minuman Teh Hijau Melati Botol 450 ml,8.900
4760,Minuman,Minuman Ringan,Pokka Minuman Teh Oolong Botol 450 ml,9.000
4761,Minuman,Minuman Ringan,ITO EN Oi Ocha Minuman Teh Hijau Tanpa Gula Hojicha Botol 500 ml,9.500
4762,Minuman,Minuman Ringan,Ultra Teh Kotak Teh Melati 24 x 300 ml - Karton,92.000
4763,Minuman,Minuman Ringan,Ultra Teh Kotak Teh Melati Rendah Gula 24 x 300 ml - Karton,92.000
4764,Minuman,Minuman Ringan,Yeo's Minuman Sari Kedelai Kaleng 300 ml,7.500
4765,Minuman,Minuman Ringan,Hydro Coco Minuman Air Kelapa Original 250 ml,9.000
4766,Minuman,Minuman Ringan,Wong Coco Dugan Nata De Coco Rasa Cocopandan 1 kg,21.000
4767,Minuman,Minuman Ringan,Inaco Nata de Coco Crispy Potongan Besar 1 kg,19.300
4768,Minuman,Minuman Ringan,Wong Coco Nata De Coco Sari Kelapa Rasa Cocopandan Pouch 360 g,8.400
4769,Minuman,Minuman Ringan,Yeo's Minuman Jeli Sarang Burung Kaleng 300 ml,7.500
4770,Minuman,Minuman Ringan,Inaco Nata de Coco dalam Sirup Rasa Vanila 1 kg,17.500
4771,Minuman,Minuman Ringan,Wong Coco Nata De Coco Rasa Cocopandan 800 g,16.500
4772,Minuman,Minuman Ringan,"Vit Air Mineral Galon (Kosong) 19 L - Jawa, Bali, Sumatera, Banjarmasin, Makassar",33.000
4773,Minuman,Minuman Ringan,Aqua Air Mineral Sport Cap Botol 750 ml,8.000
4774,Minuman,Minuman Ringan,Fruit Tea Minuman Teh Freeze 500 ml,7.600
4775,Minuman,Minuman Ringan,Ichi Ocha Minuman Teh Hijau 350 ml,3.500
4776,Minuman,Minuman Ringan,Naraya Minuman Kedelai Botol 320 ml,8.300
4777,Minuman,Minuman Ringan,Kara Sari Kelapa Rasa Leci 220 ml,5.900
4778,Minuman,Minuman Ringan,Tehbotol Sosro Minuman Teh Original 250 ml,3.800
4779,Minuman,Minuman Ringan,Buavita Jus Jeruk 245 ml,9.800
4780,Minuman,Minuman Ringan,Buavita Minuman Sari Buah Jambu 245 ml,9.700
4781,Minuman,Minuman Ringan,Buavita Jus Buah Asli Mangga 245 ml,9.800
4782,Minuman,Minuman Ringan,Buavita Jus Buah Asli Leci 245 ml,9.800
4783,Minuman,Minuman Ringan,Buavita Jus Buah Asli Apel 250 ml,9.800
4784,Minuman,Minuman Ringan,Kiranti Sehat Datang Bulan Jus Jeruk 150 ml,8.500
4785,Minuman,Minuman Ringan,You C1000 Minuman Vitamin C Lemon 140 ml,7.900
4786,Minuman,Minuman Ringan,Aqua Air Mineral Galon (Kosong) 19 L,33.000
4787,Minuman,Minuman Ringan,NEO Hormoviton Pasak Bumi Minuman Stamina Pria Anggur 150 ml,6.800
4788,Minuman,Minuman Ringan,Fruit Tea Minuman Teh Apel 350 ml,4.500
4789,Minuman,Minuman Ringan,Fruit Tea Minuman Teh Blackcurrant 350 ml,4.500
4790,Minuman,Minuman Ringan,Frestea Minuman Teh Hijau Rasa Madu Botol 350 ml,4.900
4791,Minuman,Minuman Ringan,Buavita Minuman Sari Buah Jambu 1000 ml,33.200
4792,Minuman,Minuman Ringan,Ultra Sari Kacang Ijo 250 ml,6.000
4793,Minuman,Minuman Ringan,Tehbotol Sosro Minuman Teh Original 1 L,11.200
4794,Minuman,Minuman Ringan,Coca Cola Original Minuman Soda Rasa Kola FIFA World Cup 2026 330 ml,7.300
4795,Minuman,Minuman Ringan,Pocari Sweat Minuman Isotonik Kaleng 330 ml,7.000
4796,Minuman,Minuman Ringan,ABC Minuman Sari Kacang Hijau 250 ml,5.800
4797,Minuman,Minuman Ringan,Yakult Minuman Susu Fermentasi 5 x 65 ml,11.600
4798,Minuman,Minuman Ringan,Kiranti Minuman Sehat Datang Bulan 150 ml,7.600
4799,Minuman,Minuman Ringan,Fruit Tea Minuman Teh X-Treme 500 ml,7.600
4800,Minuman,Minuman Ringan,Tebs Sparkling Teh Minuman Soda Mix Fruit 330 ml,6.200
4801,Minuman,Minuman Ringan,NU Green Tea Madu 450 ml,7.200
4802,Minuman,Minuman Ringan,Frestea Minuman Teh Rasa Apel Botol 500 ml,7.300
4803,Minuman,Minuman Ringan,Vit Air Mineral Botol 1.5 L,6.500
4804,Minuman,Minuman Ringan,Frestea Minuman Teh Green Tea Madu 500 ml,7.300
4805,Minuman,Minuman Ringan,Aquviva Air Mineral 1600 ml,6.600
4806,Minuman,Minuman Ringan,Ichitan Thai Mangga Kelapa Pet 300 ml,9.500
4807,Minuman,Minuman Ringan,Jiwater Air Mineral Pet Botol 500 ml,3.800
4808,Minuman,Minuman Ringan,ABC Minuman Kopi Susu 200 ml,4.000
4809,Minuman,Minuman Ringan,Nescafe Latte Kopi Kaleng 220 ml,8.000
4810,Minuman,Minuman Ringan,Groovy Root Brew Minuman Karbonasi Sarsaparila Kaleng 330 ml,7.000
4811,Minuman,Minuman Ringan,Luwak White Koffie Original Pet 220 ml,6.000
4812,Minuman,Minuman Ringan,Nescafe Cappuccino Kopi Kaleng 220 ml,7.800
4813,Minuman,Minuman Ringan,Good Day Minuman Kopi Groovy Cookies 250 ml,6.700
4814,Minuman,Minuman Ringan,Nescafe Minuman Kopi Oat Latte Kaleng 220 ml,7.500
4815,Minuman,Minuman Ringan,Caffino Delizio Milky Espresso Minuman Kopi Botol 200 ml,6.400
4816,Minuman,Minuman Ringan,Caffino Delizio Oat Cappuccino Minuman Kopi Botol 200 ml,6.400
4817,Minuman,Minuman Ringan,Sunpride Jus Buah Nanas Kaleng 220 ml,7.900
4818,Minuman,Minuman Ringan,Sunpride Jus Buah Nanas Jambu Kaleng 220 ml,7.900
4819,Minuman,Minuman Ringan,Hydro Coco Minuman Kopi Coco Latte Kaleng 220 ml,9.900
4820,Minuman,Minuman Ringan,DayDay Minuman Sarang Burung 300 ml,6.300
4821,Minuman,Minuman Ringan,Yeo's Minuman Bunga Krisantemum 250 ml,5.500
4822,Minuman,Minuman Ringan,Kara Nata De Coco 1 kg,21.100
4823,Minuman,Minuman Ringan,Wong Coco Aloe Vera Minuman Lidah Buaya Rasa Anggur Low Sugar Pouch 280 g,7.500
4824,Minuman,Minuman Ringan,Kiranti Pegal Linu Botol 120 ml,6.500
4825,Minuman,Minuman Ringan,Alfamart Air Mineral Disney Pet Botol 330 ml,3.000
4826,Minuman,Minuman Ringan,Schweppes Botanical Minuman Soda Rasa Tonik Kaleng 250 ml,6.000
4827,Minuman,Minuman Ringan,Coca-Cola Original Minuman Soda Kola Kaleng - Karton 24 x 250 ml,109.000
4828,Minuman,Minuman Ringan,Sprite Original Minuman Soda Lemon Jeruk Nipis Kaleng - Karton 24 x 250 ml,109.000
4829,Minuman,Minuman Ringan,Fanta Minuman Soda Stroberi Kaleng - Karton 24 x 250 ml,109.000
4830,Minuman,Minuman Ringan,Coca-Cola Zero Sugar Minuman Soda Rasa Kola Karton 24 x 250 ml,109.000
4831,Minuman,Minuman Ringan,Pristine 8.6+ Air Mineral 24 x 400 ml - Karton,60.000
4832,Minuman,Minuman Ringan,Sunpride Jus Buah Nanas Apel Kaleng 220 ml,7.900
4833,Minuman,Minuman Ringan,Mogu Mogu Minuman Nata De Coco Rasa Anggur 320 ml,9.400
4834,Minuman,Minuman Ringan,Mogu Mogu Minuman Nata De Coco Rasa Kelapa 320 ml,9.400
4835,Minuman,Minuman Ringan,NU Minuman Teh Susu 330 ml,8.200
4836,Minuman,Minuman Ringan,Teh Pucuk Harum Melati 500 ml,5.500
4837,Minuman,Minuman Ringan,Nescafe Minuman Es Kopi Moka Kaleng 220 ml,11.500
4838,Minuman,Minuman Ringan,Cap Panda Minuman Cincau Kaleng 310 ml,5.900
4839,Minuman,Minuman Ringan,Mogu Mogu Minuman Nata De Coco Rasa Leci 320 ml,9.400
4840,Minuman,Minuman Ringan,Mogu Mogu Minuman Nata De Coco Rasa Stroberi 320 ml,9.400
4841,Minuman,Minuman Ringan,M-150 Minuman Energi 150 ml,6.000
4842,Minuman,Minuman Ringan,Hemaviton Minuman Energi 150 ml,5.300
4843,Minuman,Minuman Ringan,Kratingdaeng Super Minuman Energi Botol 150 ml,7.500
4844,Minuman,Minuman Ringan,Sinde Larutan Penyegar Cap Badak Jambu 320 ml,7.500
4845,Minuman,Minuman Ringan,Pocari Sweat Minuman Isotonik Botol 2 L,19.400
4846,Minuman,Minuman Ringan,Sinde Larutan Penyegar Cap Badak Rasa Jeruk 320 ml,7.500
4847,Minuman,Minuman Ringan,Pino Ice Cup Bag 6 x 50 g,7.900
4848,Minuman,Minuman Ringan,Nescafe Minuman Es Kopi Cafe Latte Kaleng 220 ml,11.500
4849,Minuman,Minuman Ringan,Nescafe Minuman Es Kopi Original Kaleng 220 ml,11.500
4850,Minuman,Minuman Ringan,Good Day Minuman Kopi Tiramisu Bliss 250 ml,7.700
4851,Minuman,Minuman Ringan,Good Day Minuman Kopi Funtastic Mocacinno 250 ml,7.700
4852,Minuman,Minuman Ringan,Mogu Mogu Minuman Nata De Coco Rasa Mangga 320 ml,9.400
4853,Minuman,Minuman Ringan,NU Minuman Teh Tarik Pet 330 ml,8.200
4854,Minuman,Minuman Ringan,Teh Gelas Original 350 ml,2.800
4855,Minuman,Minuman Ringan,Teh Pucuk Harum Rendah Gula 500 ml,5.500
4856,Minuman,Minuman Ringan,Nestle Pure Life Air Mineral Botol 600 ml,3.700
4857,Minuman,Minuman Ringan,Good Day Minuman Kopi Avocado Delight 250 ml,7.700
4858,Minuman,Minuman Ringan,Tehbotol Sosro Minuman Teh Original 350 ml,4.500
4859,Minuman,Minuman Ringan,Teh Pucuk Harum Melati 1.3 L,10.900
4860,Minuman,Minuman Ringan,Coca-Cola Original Minuman Soda Rasa Kola Botol 250 ml,3.800
4861,Minuman,Minuman Ringan,Sprite Original Minuman Soda Rasa Lemon Jeruk Nipis Botol 250 ml,3.800
4862,Minuman,Minuman Ringan,Good Day Minuman Kopi Originale Cappuccino 250 ml,8.000
4863,Minuman,Minuman Ringan,Mogu Mogu Minuman Nata De Coco Rasa Melon 320 ml,9.400
4864,Minuman,Minuman Ringan,Ultra Teh Kotak Lemon 200 ml,4.400
4865,Minuman,Minuman Ringan,Green Sands Minuman Karbonasi Lime & Apple Kaleng 330 ml,8.900
4866,Minuman,Minuman Ringan,Mizone Activ Minuman Isotonik Lemon Leci 500 ml,7.200
4867,Minuman,Minuman Ringan,Mizone Mood Up Minuman Isotonik Cranberry 500 ml,7.200
4868,Minuman,Minuman Ringan,hemaviton C1000 Jeruk Rendah Gula Kaleng 330 ml,5.600
4869,Minuman,Minuman Ringan,hemaviton C1000 Jeruk Kaleng 330 ml,5.600
4870,Minuman,Minuman Ringan,Del Monte Boba Kopi Karamel Keju Kaleng 240 ml,7.900
4871,Minuman,Minuman Ringan,Del Monte Boba Teh Susu Taro Kaleng 240 ml,7.900
4872,Minuman,Minuman Ringan,Pocari Sweat Ion Water Minuman Isotonik Rendah Kalori Botol 500 ml,8.500
4873,Minuman,Minuman Ringan,Vit Air Mineral Botol 550 ml,3.200
4874,Minuman,Minuman Ringan,Big Lemon Lime Minuman Karbonasi 1 L,9.700
4875,Minuman,Minuman Ringan,Del Monte Boba Red Velvet Kaleng 240 ml,7.900
4876,Minuman,Minuman Ringan,Crystalin Air Mineral Pet Botol 1.5 L,5.500
4877,Minuman,Minuman Ringan,Kopi Kenangan Hanya Untukmu Minuman Kopi Avocuddle 220 ml,10.100
4878,Minuman,Minuman Ringan,Kopi Kenangan Hanya Untukmu Minuman Kopi Mantancino 220 ml,10.100
4879,Minuman,Minuman Ringan,Kopi Kenangan Hanya Untukmu Minuman Kopi Black Aren 220 ml,10.100
4880,Minuman,Minuman Ringan,Big Stroberi Minuman Karbonasi 1 L,9.500
4881,Minuman,Minuman Ringan,Wakely Cold Brew Coffee Oat Latte Minuman Kopi Susu Gandum 230 ml,18.000
4882,Minuman,Minuman Ringan,Wakely Hojicha Latte Minuman Teh Hijau Susu 230 ml,18.000
4883,Minuman,Minuman Ringan,kara Sari Kelapa Coco Pandan Pouch 360 g,8.500
4884,Minuman,Minuman Ringan,Buavita Jus Buah Asli Mangga 1 L,15.000
4885,Minuman,Minuman Ringan,Cleo Air Mineral Botol 24 x 220 ml,21.500
4886,Minuman,Minuman Ringan,Buavita Jus Buah Asli Jeruk 1 L,23.000
4887,Minuman,Minuman Ringan,S-tee Minuman Teh Melati 200 ml,2.700
4888,Minuman,Minuman Ringan,X'Tragin Minuman Serbuk Es Kunyit Asam + Madu 5 x 23 g,15.000
4889,Minuman,Minuman Ringan,Amidis Air Minum yang Dimasak Galon 5 L,15.000
4890,Minuman,Minuman Ringan,Sunquick Jus Sari Buah Lemon 300 ml,28.900
4891,Minuman,Minuman Ringan,Sunquick Jus Sari Buah Jeruk 300 ml,28.900
4892,Minuman,Minuman Ringan,Cap Panda Minuman Cincau + Selasih Kaleng 310 ml,5.900
4893,Minuman,Minuman Ringan,hemaviton C1000 Lemon Kaleng 330 ml,5.600
4894,Minuman,Minuman Ringan,Coca-Cola Zero Sugar Minuman Soda Rasa Kola Bebas Gula Kaleng 250 ml,6.500
4895,Minuman,Minuman Ringan,A&W Minuman Soda Rasa Sarsaparila Kaleng 250 ml,6.500
4896,Minuman,Minuman Ringan,Nescafe Kopi Rasa Gula Aren Kaleng 220 ml,7.800
4897,Minuman,Minuman Ringan,Starbucks Doubleshot Minuman Kopi Espresso Latte Kaleng 220 ml,15.400
4898,Minuman,Minuman Ringan,Starbucks Doubleshot Minuman Kopi Caramel Kaleng 220 ml,15.200
4899,Minuman,Minuman Ringan,NU Minuman Teh Choco Hazeltea Pet 330 ml,8.200
4900,Minuman,Minuman Ringan,Isoplus Minuman Isotonik Coco 350 ml,2.900
4901,Minuman,Minuman Ringan,Polaris Cafenergy Minuman Soda Kopi Cream Kaleng 330 ml,5.000
4902,Minuman,Minuman Ringan,Kopi Kenangan Hanya Untukmu Indonesiano Kopi Hitam Original Pet 200 ml,7.700
4903,Minuman,Minuman Ringan,Ichitan Thai Milk Kopi Salted Caramel Pet 300 ml,9.500
4904,Minuman,Minuman Ringan,Alang Sari Cool Minuman Jeruk Nipis 300 ml,5.900
4905,Minuman,Minuman Ringan,Ultra Teh Kotak Mangga 300 ml,4.400
4906,Minuman,Minuman Ringan,Kopi Kenangan Hanya Untukmu Minuman Kopi Cheese Latte 220 ml,7.700
4907,Minuman,Minuman Ringan,Alfamart Air Mineral Disney Pet Botol 600 ml,3.800
4908,Minuman,Minuman Ringan,Regen Minuman Sehat Bebas Gula Semangka 300 ml,7.600
4909,Minuman,Minuman Ringan,Regen Minuman Sehat Bebas Gula Lemon Jeruk Nipis 300 ml,7.600
4910,Minuman,Minuman Ringan,Regen Minuman Sehat Bebas Gula Apel 300 ml,7.600
4911,Minuman,Minuman Ringan,Bean Spot Es Leci Hitam 16 oz,15.000
4912,Minuman,Minuman Ringan,Kopi Kenangan Minuman Kopi Japanese Matcha Espresso 220 ml,7.700
4913,Minuman,Minuman Ringan,Mizone Minuman Isotonik Cocoboost 500 ml,7.200
4914,Minuman,Minuman Ringan,Mogu Mogu Minuman Nata De Coco Rasa Blackcurrant 320 ml,9.400
4915,Minuman,Minuman Ringan,L-Men 2 Go Kopi Cappuccino Protein Rendah Lemak 190 ml,15.900
4916,Minuman,Minuman Ringan,Kopi Kenangan Minuman Kopi Cappuccino Double Espresso 220 ml,10.800
4917,Minuman,Minuman Ringan,Sprite Original Minuman Soda Rasa Lemon Jeruk Nipis Kaleng 250 ml,
4918,Minuman,Minuman Ringan,Teh Cap Poci Seduh Jasmine Kuning 40 g,
4919,Minuman,Minuman Ringan,Sprite Zero Minuman Soda Rasa Lemon Jeruk Nipis Bebas Gula Can 250 ml,
4920,Minuman,Minuman Ringan,Coca-Cola Original Minuman Soda Rasa Kola Kaleng 250 ml,6.200
4921,Minuman,Minuman Ringan,Buavita Jus Apel 1 L,23.000
4922,Minuman,Minuman Ringan,Sunquick Jus Sari Buah Jeruk Mandarin 300 ml,28.900
4923,Minuman,Minuman Ringan,ABC Minuman Asam Jawa 250 ml,5.000
4924,Minuman,Minuman Ringan,ABC Jus Jambu 250 ml,8.000
4925,Minuman,Minuman Ringan,ABC Jus Mangga 250 ml,8.000
4926,Minuman,Minuman Ringan,Ultra Teh Kotak Leci 300 ml,4.400
4927,Minuman,Minuman Ringan,Ultra Teh Kotak Melati 1000 ml,9.900
4928,Minuman,Minuman Ringan,Tehbotol Sosro Minuman Teh Original 24 x 200 ml - Karton,55.000
4929,Minuman,Minuman Ringan,Inaco Nata de Coco dalam Sirup Rasa Cocopandan Pouch 360 g,5.900
4930,Minuman,Minuman Ringan,Inaco Nata de Coco dalam Sirup Rasa Vanila Pouch 360 g,5.900
4931,Minuman,Minuman Ringan,Inaco Minuman Lidah Buaya Rasa Buah Peach 280 g,6.500
4932,Minuman,Minuman Ringan,Inaco Minuman Lidah Buaya Rasa Buah Leci 280 g,6.500
4933,Minuman,Minuman Ringan,Inaco Nata de Coco dengan Selasih Rasa Jeruk 1 kg,16.500
4934,Minuman,Minuman Ringan,Inaco Nata de Coco dengan Selasih Rasa Stroberi 1 kg,16.500
4935,Minuman,Minuman Ringan,Sunpride Jus Buah Nanas Mangga Kaleng 220 ml,8.500
4936,Minuman,Minuman Ringan,Prima Air Mineral 24 x 330 ml - Karton,34.900
4937,Minuman,Minuman Ringan,You C1000 Minuman Vitamin C Jeruk 6 x 140 ml,35.900
4938,Minuman,Minuman Ringan,You C1000 Minuman Vitamin C Lemon 6 x 140 ml,35.900
4939,Minuman,Minuman Ringan,Crystalin Air Mineral Botol Pack 24 x 600 ml,42.000
4940,Minuman,Minuman Ringan,Crystalin Air Mineral Botol Pack 12 x 1500 ml,52.000
4941,Minuman,Minuman Ringan,Schweppes Minuman Karbonasi Air Soda Kaleng 250 ml,6.500
4942,Minuman,Minuman Ringan,Amidis Air Minum yang Dimasak Botol 24 x 600 ml - Karton,46.000
4943,Minuman,Minuman Ringan,Amidis Air Minum yang Dimasak Botol Pack 24 x 220 ml,22.000
4944,Minuman,Minuman Ringan,Inaco Minuman Jeli Rasa Blackcurrant 135 g,3.500
4945,Minuman,Minuman Ringan,Inaco Minuman Jeli Rasa Mangga 135 g,3.500
4946,Minuman,Minuman Ringan,Inaco Minuman Jeli Rasa Stroberi 135 g,3.500
4947,Minuman,Minuman Ringan,Pristine 8.6+ Air Mineral Botol 600 ml,4.900
4948,Minuman,Minuman Ringan,Sunpride Jus Buah Nanas Markisa Kaleng 220 ml,8.500
4949,Minuman,Minuman Ringan,Fit Me Up Relax Minuman Karbonasi Peach dengan Chamomile 160 ml,7.900
4950,Minuman,Minuman Ringan,Wakely Oat Choco Drink Minuman Susu Gandum Rasa Cokelat dan Garam Himalaya 230 ml,14.900
4951,Minuman,Minuman Ringan,Polaris Minuman Soda Sarsaparilla 330 ml,5.000
4952,Minuman,Minuman Ringan,Foxbud Coffee Minuman Kopi Oat Aren Latte 240 ml,15.900
4953,Minuman,Minuman Ringan,Volt Zink Minuman Energi Soda Buah Tropis 200 ml,4.000
4954,Minuman,Minuman Ringan,Cap Panda Minuman Cincau Hijau Kaleng 310 ml,5.900
4955,Minuman,Minuman Ringan,NU Minuman Matcha Lattea 330 ml,8.200
4956,Minuman,Minuman Ringan,Kopi Kenangan Minuman Kopi Mocha Mint Espresso 220 ml,7.400
4957,Minuman,Minuman Ringan,Foxbud Coffee Minuman Kopi Oat Caramel Macchiato 240 ml,15.900
4958,Minuman,Minuman Ringan,Sinde Larutan Penyegar Cap Badak Leci 320 ml,7.500
4959,Minuman,Minuman Ringan,Nescafe Minuman Kopi Krim 180 ml,5.700
4960,Minuman,Minuman Ringan,Nescafe Kitkat Minuman Kopi Latte 220 ml,10.900
4961,Minuman,Minuman Ringan,Fanta Minuman Soda Rasa Stroberi Botol 1L,10.800
4962,Minuman,Minuman Ringan,Nescafe Caramel Macchiato Kopi Kaleng 220 ml,7.800
4963,Minuman,Minuman Ringan,Le Minerale Air Mineral Botol 1.5 L,7.100
4964,Minuman,Minuman Ringan,Sprite Original Minuman Soda Rasa Lemon Jeruk Nipis Botol 1.5 L,7.900
4965,Minuman,Minuman Ringan,Crystalin Air Mineral Botol 600 ml,2.900
4966,Minuman,Minuman Ringan,Pristine 8.6+ Air Mineral Botol 400 ml,4.400
4967,Minuman,Minuman Ringan,Nescafe Minuman Es Kopi Hitam 220 ml,8.000
4968,Minuman,Minuman Ringan,Aqua Air Mineral Botol 330 ml,3.700
4969,Minuman,Minuman Ringan,Cap Kaki Tiga Anak Larutan Penyegar Stroberi Kaleng 238 ml,7.700
4970,Minuman,Minuman Ringan,Ichitan Thai Milk Tea Pet 300 ml,9.500
4971,Minuman,Minuman Ringan,Sinde Larutan Penyegar Cap Badak Melon 320 ml,7.500
4972,Minuman,Minuman Ringan,Coca-Cola Original Minuman Soda Rasa Kola Botol 390 ml,6.500
4973,Minuman,Minuman Ringan,Golda Minuman Kopi Dolce Latte Pet 200 ml,4.400
4974,Minuman,Minuman Ringan,Adem Sari Ching Ku Lemon 320 ml,10.100
4975,Minuman,Minuman Ringan,Ichitan Minuman Teh Susu Keju Pet 300 ml,9.500
4976,Minuman,Minuman Ringan,Kapal Api Signature Strong Kopi Hitam Pet 200 ml,5.000
4977,Minuman,Minuman Ringan,Wong Lo Kat Liang Teh Kaleng 310 ml,6.300
4978,Minuman,Minuman Ringan,Teh Pucuk Harum Rendah Gula 350 ml,3.000
4979,Minuman,Minuman Ringan,Foxbud Coffee Minuman Kopi Oat Cappuccino 240 ml,15.900
4980,Minuman,Minuman Ringan,Cap Kaki Tiga Larutan Penyegar 500 ml,9.800
4981,Minuman,Minuman Ringan,Pororo Minuman Rasa Bluberi Botol 235 ml,15.000
4982,Minuman,Minuman Ringan,Kapal Api Signature Original Kopi Hitam Pet 200 ml,5.000
4983,Minuman,Minuman Ringan,Lasegar Minuman Penyegar Jeruk Nipis 320 ml,8.300
4984,Minuman,Minuman Ringan,Lasegar Twist Minuman Penyegar Leci Lemon 320 ml,8.300
4985,Minuman,Minuman Ringan,You C1000 Minuman Vitamin C Jeruk 140 ml,7.900
4986,Minuman,Minuman Ringan,Extra Joss Ultimate Minuman Energi Kaleng 250 ml,7.000
4987,Minuman,Minuman Ringan,Golda Minuman Kopi Cappucino Pet 200 ml,4.400
4988,Minuman,Minuman Ringan,Kopi Kenangan Hanya Untukmu Caffe Latte 200 ml,7.700
4989,Minuman,Minuman Ringan,Javana Minuman Teh Gula Batu 350 ml,3.500
4990,Minuman,Minuman Ringan,Coca-Cola Original Minuman Soda Rasa Kola Botol 1.5 L,7.900
4991,Minuman,Minuman Ringan,Teh Lemon Madu Minuman Teh 350 ml,3.500
4992,Minuman,Minuman Ringan,Tehbotol Sosro Minuman Teh Original 300 ml,3.800
4993,Minuman,Minuman Ringan,Sinde Larutan Penyegar Cap Badak 500 ml,8.400
4994,Minuman,Minuman Ringan,Nescafe Minuman Es Kopi Hitam 4 x 220 ml,
4995,Minuman,Minuman Ringan,Polaris Minuman Soda Bitter Lemon 330 ml,8.000
4996,Minuman,Minuman Ringan,Polaris Minuman Soda Ginger Ale 330 ml,8.000
4997,Minuman,Minuman Ringan,Cleo Air Mineral Galon 5 L,15.500
4998,Minuman,Minuman Ringan,Regen Minuman Sehat Bebas Gula Peach 300 ml,7.000
4999,Minuman,Minuman Ringan,Kara Nata de Coco Kemasan Ember 1 kg,18.900
5000,Minuman,Minuman Ringan,Cocodee Minuman Air Kelapa 200 ml,8.000
5001,Minuman,Minuman Ringan,Nescafe Cappuccino Kopi Kaleng 4 x 220 ml,27.000
5002,Minuman,Minuman Ringan,Vit Air Mineral Galon (Isi Ulang) 19 L,17.100
5003,Minuman,Minuman Ringan,Prima Rasa Cocktail Buah-Buahan 1 L,15.000
5004,Minuman,Minuman Ringan,Regen Minuman Sehat Bebas Gula Peach 12 x 300 ml,82.000
5005,Minuman,Minuman Ringan,F&N Sarsi Minuman Soda Rasa Sarsaparilla Kaleng 325 ml,7.300
5006,Minuman,Minuman Ringan,Big Minuman Karbonasi Rasa Nipis Madu Pet 1 L,9.500
5007,Minuman,Minuman Ringan,Regen Minuman Sehat Bebas Gula Leci 12 x 300 ml,82.000
5008,Minuman,Minuman Ringan,Regen Minuman Sehat Bebas Gula Leci 300 ml,7.000
5009,Minuman,Minuman Ringan,Fanta Minuman Soda Rasa Stroberi Botol 1.5 L,7.900
5010,Minuman,Minuman Ringan,Fanta Minuman Soda Rasa Fruit Punch Botol 1.5 L,7.900
5011,Minuman,Minuman Ringan,Cleo Air Mineral 1 L,3.900
5012,Minuman,Minuman Ringan,ABC Minuman Kopi Chocomalt Pet 200 ml,4.000
5013,Minuman,Minuman Ringan,Aqua Air Mineral Botol 1.5 L,7.000
5014,Minuman,Minuman Ringan,Pocari Sweat Minuman Isotonik Botol 900 ml,14.000
5015,Minuman,Minuman Ringan,Aqua Air Mineral Galon (Isi Ulang) 19 L,24.100
5016,Minuman,Minuman Ringan,Cap Kaki Tiga Cooltopia Larutan Penyegar Melon Orange 320 ml,7.900
5017,Minuman,Minuman Ringan,Kratingdaeng Minuman Energi Botol 150 ml,6.700
5018,Minuman,Minuman Ringan,Teh Pucuk Harum Melati 350 ml,3.000
5019,Minuman,Minuman Ringan,Aquviva Air Mineral 700 ml,3.000
5020,Minuman,Minuman Ringan,Sprite Zero Minuman Soda Rasa Lemon Jeruk Nipis Bebas Gula Botol 390 ml,6.300
5021,Minuman,Minuman Ringan,Le Minerale Air Mineral Botol 600 ml,4.000
5022,Minuman,Minuman Ringan,Tehbotol Sosro Minuman Teh Original 450 ml,7.200
5023,Minuman,Minuman Ringan,Nipis Madu Minuman Soda Lime 330 ml,4.900
5024,Minuman,Minuman Ringan,Fruit Tea Minuman Teh Apel 500 ml,7.600
5025,Minuman,Minuman Ringan,Nestle Pure Life Air Mineral Botol 1.5 L,6.700
5026,Minuman,Minuman Ringan,Fruit Tea Minuman Teh Blackcurrant 500 ml,7.600
5027,Minuman,Minuman Ringan,Big Minuman Karbonasi Rasa Nipis Madu Pet 350 ml,3.600
5028,Minuman,Minuman Ringan,Ichitan Thai Milk Kopi Pet 300 ml,9.500
5029,Minuman,Minuman Ringan,Aqua Air Mineral Botol 600 ml,3.700
5030,Minuman,Minuman Ringan,Isoplus Minuman Isotonik Botol 350 ml,2.900
5031,Minuman,Minuman Ringan,E+ Air Mineral Botol 500 ml,7.500
5032,Minuman,Minuman Ringan,Pocari Sweat Minuman Isotonik Botol 500 ml,8.400
5033,Minuman,Minuman Ringan,Pocari Sweat Minuman Isotonik Botol 350 ml,7.300
5034,Minuman,Produk Olahan Susu,Cimory Susu UHT Biskuit Marie 250 ml,8.000
5035,Minuman,Produk Olahan Susu,Cimory Yogurt Stik Anggur Kyoho 40 g,3.000
5036,Minuman,Produk Olahan Susu,Ichitan Candy Cloud Milk Minuman Susu Cotton Candy 300 ml,8.900
5037,Minuman,Produk Olahan Susu,Mujigae Extra Creamy Susu Cair Rasa Pisang 250 ml,10.900
5038,Minuman,Produk Olahan Susu,Frisian Flag Nutribrain Susu UHT Cair Plain Kotak 6 x 110 ml,18.700
5039,Minuman,Produk Olahan Susu,Diamond Susu UHT Bubble Gum Kotak 200 ml,6.100
5040,Minuman,Produk Olahan Susu,Cimory Minuman Yogurt Mixed Berry 240 ml,9.500
5041,Minuman,Produk Olahan Susu,Pororo Minuman Rasa Susu Botol 235 ml,15.000
5042,Minuman,Produk Olahan Susu,Cimory Yogurt Squeeze Madu 120 g,
5043,Minuman,Produk Olahan Susu,Entrasol Gold Susu Bubuk Nutrisi Dewasa Vanila 560 g,
5044,Minuman,Produk Olahan Susu,Cimory Yogurt Squeeze Taro Ungu 120 g,
5045,Minuman,Produk Olahan Susu,Greenfields Cheese Mozarella 200 g,
5046,Minuman,Produk Olahan Susu,Arummi Susu Kacang Mede Cair Barista Kotak 1 L,
5047,Minuman,Produk Olahan Susu,Arummi Susu Kacang Mede Cair Original Kotak 1 L,
5048,Minuman,Produk Olahan Susu,Cimory Susu UHT Bluberi 250 ml,
5049,Minuman,Produk Olahan Susu,Indomilk Japanese Susu Cair UHT Matcha 180 ml,
5050,Minuman,Produk Olahan Susu,Sunbay Susu Kedelai Original 320 ml,
5051,Minuman,Produk Olahan Susu,Ultra Milk Susu UHT Rendah Lemak Kotak 250 ml,
5052,Minuman,Produk Olahan Susu,Ichitan Susu Cair Melon 300 ml,
5053,Minuman,Produk Olahan Susu,Milo Nutriactive Minuman Multigrain Cokelat Pisang UHT Kotak 180 ml,
5054,Minuman,Produk Olahan Susu,Diabetasol Susu Bubuk Dewasa Vanila 570 g,
5055,Minuman,Produk Olahan Susu,Greenfields Fresh Milk Kotak 950 ml,
5056,Minuman,Produk Olahan Susu,Greenfields Susu Malt Less Sugar Cokelat Kotak 320 ml,
5057,Minuman,Produk Olahan Susu,Baa..guss Krimer Kental Manis 505 g,
5058,Minuman,Produk Olahan Susu,Entrasol Platinum Susu Bubuk Nutrisi Dewasa Vanila 800 g,
5059,Minuman,Produk Olahan Susu,Ultra Milk Susu UHT Moka Kotak 250 ml,
5060,Minuman,Produk Olahan Susu,SGM Eksplor 1+ IronC Susu Bubuk Pertumbuhan Anak Vanila 1.5 kg,
5061,Minuman,Produk Olahan Susu,SGM Eksplor 3+ IronC Susu Bubuk Pertumbuhan Anak Madu 1.5 kg,
5062,Minuman,Produk Olahan Susu,SGM Eksplor 1+ IronC Susu Bubuk Pertumbuhan Anak Madu 1.5 kg,
5063,Minuman,Produk Olahan Susu,SGM Eksplor 3+ IronC Susu Bubuk Pertumbuhan Anak Vanila 1.5 kg,
5064,Minuman,Produk Olahan Susu,Indomilk Kids Susu UHT Full Cream Tanpa Tambahan Gula Kotak 115 ml,3.700
5065,Minuman,Produk Olahan Susu,Ichitan Pink Milk Minuman Susu Thai Pink 300 ml,8.900
5066,Minuman,Produk Olahan Susu,WRP On The Go Tinggi Serat Susu Rendah Lemak Rasa Kopi 200 ml,22.000
5067,Minuman,Produk Olahan Susu,Ultra Mimi Kids Susu UHT Full Cream Kotak 40 x 125 ml - Karton,146.900
5068,Minuman,Produk Olahan Susu,Tropicana Slim Oat Drink Japanese Cantaloupe Melon Kotak 190 ml,9.500
5069,Minuman,Produk Olahan Susu,Oatside Susu Oat Cair Cokelat with Straw Kotak 3 x 200 ml,17.900
5070,Minuman,Produk Olahan Susu,Oatside Susu Oat Cair Barista Blend with Straw Kotak 3 x 200 ml,17.900
5071,Minuman,Produk Olahan Susu,Almond Breeze Susu Almond Cair Latte Kotak 180 ml,14.000
5072,Minuman,Produk Olahan Susu,Almond Breeze Susu Almond Cair Unsweetened Kotak 180 ml,14.000
5073,Minuman,Produk Olahan Susu,Milk Life Susu UHT Classic Chocolate 40 x 115 ml - Karton,110.000
5074,Minuman,Produk Olahan Susu,Milk Life Susu UHT Milkshake Stroberi 40 x 115 ml - Karton,110.000
5075,Minuman,Produk Olahan Susu,Milk Life Susu UHT Creamy Vanilla 40 x 115 ml - Karton,110.000
5076,Minuman,Produk Olahan Susu,AMH Susu Bubuk Kambing Etawa Rasa Original 230 g,22.900
5077,Minuman,Produk Olahan Susu,Wong Coco Puding Blueberry Yogurt 3 x 120 g,11.900
5078,Minuman,Produk Olahan Susu,Ultra Milk Susu Cair UHT Organik Kotak 750 ml,23.900
5079,Minuman,Produk Olahan Susu,Nestle Dancow FortiGro Rasa Cokelat Susu Kotak UHT 36 x 110 ml - Karton,119.000
5080,Minuman,Produk Olahan Susu,Nestle Dancow FortiGro Rasa Stroberi Susu Kotak UHT 36 x 110 ml - Karton,119.000
5081,Minuman,Produk Olahan Susu,Nestle Dancow FortiGro Rasa Vanila Susu Kotak UHT 36 x 110 ml - Karton,119.000
5082,Minuman,Produk Olahan Susu,Dancow MilkyShake Rasa Choco Hazelnut Susu Kotak UHT 36 x 180 ml - Karton,229.000
5083,Minuman,Produk Olahan Susu,Dancow MilkyShake Rasa Cookies & Cream Susu Kotak UHT 36 x 180 ml - Karton,229.000
5084,Minuman,Produk Olahan Susu,HiLo Teen Susu Bubuk Vanilla Karamel 500 g,95.000
5085,Minuman,Produk Olahan Susu,Tropicana Slim Minuman Kolagen 8000 mg Stroberi 200 g,189.900
5086,Minuman,Produk Olahan Susu,V-Soy Susu Kedelai Rasa Cokelat 4 x 200 ml,29.900
5087,Minuman,Produk Olahan Susu,V-Soy Susu Kedelai Bebas Gula 4 x 200 ml,29.900
5088,Minuman,Produk Olahan Susu,WRP Susu Rendah Lemak Rasa Vanila 60 g,25.900
5089,Minuman,Produk Olahan Susu,Oat Daily Minuman Oat Cair Barista Edition Kotak 1 L,42.900
5090,Minuman,Produk Olahan Susu,HiLo Protein Berryfit Susu Cair Kotak 190 ml,13.000
5091,Minuman,Produk Olahan Susu,Brookfarm Susu Almond Rasa Matcha 200 ml,8.500
5092,Minuman,Produk Olahan Susu,Collagena Susu Cair Kolagen Steril Kaleng 6 x 189 ml - Karton,77.900
5093,Minuman,Produk Olahan Susu,L-Men 2 Go Whey Protein Cokelat Rendah Lemak 200 ml,15.500
5094,Minuman,Produk Olahan Susu,heavenly blush Yogurt Greek Klasik 200 ml,19.000
5095,Minuman,Produk Olahan Susu,Nutrive Benecol Rasa Jeruk Botol 100 ml,9.400
5096,Minuman,Produk Olahan Susu,Ultra Milk Susu UHT Karamel Kotak 200 ml,7.200
5097,Minuman,Produk Olahan Susu,Frisian Flag Krimer Kental Manis Putih 490 g,16.400
5098,Minuman,Produk Olahan Susu,Greenfields Susu UHT Full Cream Kotak 250 ml,9.200
5099,Minuman,Produk Olahan Susu,Greenfields Susu UHT Stroberi Kotak 105 ml,3.900
5100,Minuman,Produk Olahan Susu,Greenfields Susu UHT Full Cream Kotak 105 ml,4.200
5101,Minuman,Produk Olahan Susu,Frisian Flag Nutribrain Susu UHT Cair Plain Kotak 110 ml,3.700
5102,Minuman,Produk Olahan Susu,Cimory Susu UHT Cokelat Hazelnut Kotak 250 ml,8.000
5103,Minuman,Produk Olahan Susu,Cimory Susu UHT Malt Cokelat Kotak 250 ml,8.000
5104,Minuman,Produk Olahan Susu,Milo Activ-Go Minuman Susu Cokelat UHT Kotak 180 ml,6.200
5105,Minuman,Produk Olahan Susu,Cimory Susu UHT Cokelat Kotak 125 ml,3.900
5106,Minuman,Produk Olahan Susu,Carnation Susu Masakan Evaporasi Kaleng 405 g,18.900
5107,Minuman,Produk Olahan Susu,Cimory Susu UHT Cokelat Cashew Kotak 250 ml,8.000
5108,Minuman,Produk Olahan Susu,Cimory Susu UHT Cokelat Almond Kotak 250 ml,8.000
5109,Minuman,Produk Olahan Susu,Indomilk Kids Susu UHT Stroberi Kotak 6 x 115 ml,17.900
5110,Minuman,Produk Olahan Susu,Milo UHT Activ-Go Cokelat Pack Kotak 4 x 110 ml,13.200
5111,Minuman,Produk Olahan Susu,Indomilk Krimer Kental Manis Swiss Choco Pouch 535 g,17.900
5112,Minuman,Produk Olahan Susu,OATSIDE Susu Oat Cair Barista Blend Kotak 1 L,34.300
5113,Minuman,Produk Olahan Susu,Tiga Sapi Susu Evaporasi 500 g,15.900
5114,Minuman,Produk Olahan Susu,Nestle Goodnes Kurma Ajwa Madinah Susu Steril Kaleng 189 ml,10.200
5115,Minuman,Produk Olahan Susu,Ichitan Susu Cair Stroberi Korea 300 ml,9.800
5116,Minuman,Produk Olahan Susu,Ichitan Susu Cair Pisang Korea 300 ml,9.800
5117,Minuman,Produk Olahan Susu,Tropicana Slim Almond Drink Chocolicious Kotak 190 ml,11.800
5118,Minuman,Produk Olahan Susu,Oatside Susu Oat Cair Barista Blend 200 ml,8.900
5119,Minuman,Produk Olahan Susu,Oatside Susu Oat Cair Cokelat Kotak 200 ml,8.900
5120,Minuman,Produk Olahan Susu,Greenfields Susu UHT Less Sugar Cokelat Kotak 105 ml,4.200
5121,Minuman,Produk Olahan Susu,Ultra Milk Susu UHT Full Cream Kotak 750 ml,18.800
5122,Minuman,Produk Olahan Susu,Ultra Milk Susu UHT Cokelat Kotak 750 ml,18.700
5123,Minuman,Produk Olahan Susu,Indomilk Kids Susu UHT Cokelat Rendah Gula Kotak 115 ml,3.700
5124,Minuman,Produk Olahan Susu,Kin Bulgarian Yogurt Crazy Rich / Mixed Berries A2 200 ml,10.000
5125,Minuman,Produk Olahan Susu,Cimory Yogurt Stik Rasa Bluberi 40 g,3.300
5126,Minuman,Produk Olahan Susu,Cimory Yogurt Stik Rasa Stroberi 40 g,3.300
5127,Minuman,Produk Olahan Susu,Diamond Susu UHT Marshmallow Kotak 200 ml,5.900
5128,Minuman,Produk Olahan Susu,Oatside Susu Oat Cair Cokelat with Straw Kotak 200 ml,6.200
5129,Minuman,Produk Olahan Susu,Oatside Susu Oat Cair Barista Blend with Straw Kotak 200 ml,6.200
5130,Minuman,Produk Olahan Susu,Ultra Milk Susu UHT Stroberi Kotak 750 ml,18.600
5131,Minuman,Produk Olahan Susu,Ultra Milk Susu UHT Moka Kotak 750 ml,18.700
5132,Minuman,Produk Olahan Susu,Cimory Susu UHT Matcha 250 ml,8.000
5133,Minuman,Produk Olahan Susu,Cimory Yogurt Stik Rasa Ketan Mangga 40 g,3.300
5134,Minuman,Produk Olahan Susu,Cimory Yogurt Stik Rasa Brown Sugar 40 g,3.300
5135,Minuman,Produk Olahan Susu,Tujuh Kurma Susu Steril Kurma Kotak 6 x 189 ml - Karton,72.900
5136,Minuman,Produk Olahan Susu,Quick Fresh Krimer Kental Manis Putih 380 g,18.000
5137,Minuman,Produk Olahan Susu,Arummi Susu Cair Cashew Klasik 200 ml,9.000
5138,Minuman,Produk Olahan Susu,Diamond Susu UHT Rich Rasa Plain 1 L,25.900
5139,Minuman,Produk Olahan Susu,Diamond Susu UHT All Purpose Milk Plain 1 L,19.900
5140,Minuman,Produk Olahan Susu,Yeo's Minuman Soya Immuno Original 250 ml,6.900
5141,Minuman,Produk Olahan Susu,Yeo's Minuman Soya Immuno Cokelat 250 ml,6.900
5142,Minuman,Produk Olahan Susu,Arummi Susu Cair Cashew Barista 200 ml,9.000
5143,Minuman,Produk Olahan Susu,Arummi Susu Cair Cashew Cokelat 200 ml,9.000
5144,Minuman,Produk Olahan Susu,WRP Lose Weight Meal Replacement Susu Bubuk Green tea 324 g,197.900
5145,Minuman,Produk Olahan Susu,WRP Lose Weight Meal Replacement Susu Bubuk Sereal Cokelat 324 g,197.900
5146,Minuman,Produk Olahan Susu,SunBay Susu Evaporasi Kaleng 380 g,16.200
5147,Minuman,Produk Olahan Susu,V-SOY Susu Kedelai Cair Multi Grain Kotak 1000 ml,31.900
5148,Minuman,Produk Olahan Susu,V-SOY Susu Kedelai Cair Golden Grain Kotak 1 L,35.000
5149,Minuman,Produk Olahan Susu,Greenfields Susu UHT Full Cream Kotak 32 X 200 ml - Karton,190.000
5150,Minuman,Produk Olahan Susu,Greenfields Susu UHT Full Cream Kotak 40 x 105 ml - Karton,129.000
5151,Minuman,Produk Olahan Susu,Greenfields Susu UHT Less Sugar Cokelat Kotak 40 x 105 ml - Karton,129.000
5152,Minuman,Produk Olahan Susu,Greenfields Susu UHT Stroberi Kotak 40 x 105 ml - Karton,129.000
5153,Minuman,Produk Olahan Susu,Milo Minuman Ekstra Cokelat Kaleng 220 ml,11.800
5154,Minuman,Produk Olahan Susu,Cimory Yogurt Bites Bluberi 120 g,8.500
5155,Minuman,Produk Olahan Susu,Cimory Yogurt Bites Stroberi 120 g,8.800
5156,Minuman,Produk Olahan Susu,Cimory Yogurt Bites Almond & Dates 120 g,8.800
5157,Minuman,Produk Olahan Susu,Cimory Yogurt Bites Stroberi Leci 120 g,8.800
5158,Minuman,Produk Olahan Susu,So Good Susu Cair Steril Kaleng 189 ml,9.200
5159,Minuman,Produk Olahan Susu,Nestle Goodnes Kurma & Madu Habbatussauda Susu Steril Kaleng 189 ml,10.200
5160,Minuman,Produk Olahan Susu,Brookfarm Susu Almond Rasa Original 200 ml,8.900
5161,Minuman,Produk Olahan Susu,Brookfarm Susu Almond Rasa Salted Caramel 200 ml,8.900
5162,Minuman,Produk Olahan Susu,Cap Enaak Krimer Kental Manis Cokelat Belgia Pouch 535 g,17.400
5163,Minuman,Produk Olahan Susu,Frisian Flag Krimer Kental Manis Gula Aren 240 g,9.900
5164,Minuman,Produk Olahan Susu,Cimory Yogurt Stik Jeruk 40 g,3.000
5165,Minuman,Produk Olahan Susu,Brookfarm Susu Almond Rasa Dark Chocolate 200 ml,8.900
5166,Minuman,Produk Olahan Susu,Cimory Susu UHT Tanpa Gula Tambahan Cokelat 225 ml,7.700
5167,Minuman,Produk Olahan Susu,Cimory Susu UHT Tanpa Gula Tambahan Almond 225 ml,7.700
5168,Minuman,Produk Olahan Susu,Cimory Susu UHT Tanpa Gula Tambahan Marie Biscuit 225 ml,7.700
5169,Minuman,Produk Olahan Susu,Tropicana Slim Minuman Susu Bubuk Diabetx 150 g,41.400
5170,Minuman,Produk Olahan Susu,Alfamart Mujigae Susu Cair Rasa Melon Botol 250 ml,9.500
5171,Minuman,Produk Olahan Susu,Mujigae Susu Cair Rasa Cheese Cake 250 ml,11.200
5172,Minuman,Produk Olahan Susu,Carnation Krimer Kental Manis Sachet 6 x 38 g,8.800
5173,Minuman,Produk Olahan Susu,Cimory Yogurt Bites Stroberi Mangga 120 g,8.800
5174,Minuman,Produk Olahan Susu,Cimory Yogurt Bites Berry Blend 120 g,8.800
5175,Minuman,Produk Olahan Susu,KitKat Minuman Cokelat Kaleng 220 ml,12.500
5176,Minuman,Produk Olahan Susu,Cimory Susu UHT Milk Tea 250 ml,8.000
5177,Minuman,Produk Olahan Susu,Cap Enaak Krimer Kental Manis Putih Pouch 535 g,17.400
5178,Minuman,Produk Olahan Susu,Frisian Flag Susu UHT Coconut Delight Kotak 946 ml,23.000
5179,Minuman,Produk Olahan Susu,Indomilk Krimer Kental Manis Putih 535 g,17.900
5180,Minuman,Produk Olahan Susu,Kun Minuman Susu UHT Chocomalt Nata de Coco 170 ml,6.500
5181,Minuman,Produk Olahan Susu,V-SOY Soya Bean Milk Susu Kacang Kedelai Kotak 200 ml,9.000
5182,Minuman,Produk Olahan Susu,Cimory Susu UHT Cokelat 250 ml,8.000
5183,Minuman,Produk Olahan Susu,Cimory Susu UHT Bebas Laktosa Kotak 250 ml,8.000
5184,Minuman,Produk Olahan Susu,Cimory Susu UHT Cokelat Tiramisu 250 ml,8.000
5185,Minuman,Produk Olahan Susu,Mujigae Susu Cair Rasa Pisang Stroberi Botol 250 ml,11.200
5186,Minuman,Produk Olahan Susu,Kin Bulgarian Yogurt Black Smooth & Creamy 45 g,3.800
5187,Minuman,Produk Olahan Susu,Alfamart Mujigae Susu Pisang Karamel 250 ml,9.500
5188,Minuman,Produk Olahan Susu,Binggrae Susu UHT Pisang Kotak 200 ml,20.200
5189,Minuman,Produk Olahan Susu,Cimory Yogurt Stik Rasa Original 40 g,3.300
5190,Minuman,Produk Olahan Susu,Milk Life Susu UHT Milkshake Rasa Cookies & Cream 200 ml,6.900
5191,Minuman,Produk Olahan Susu,Milo Minuman Susu Cokelat Cool Kaleng 220 ml,11.800
5192,Minuman,Produk Olahan Susu,Anlene Gold 5X Susu Bubuk Dewasa Vanila 170 g,37.200
5193,Minuman,Produk Olahan Susu,Kin Bulgarian Yogurt Slurp Stroberi 45 g,3.800
5194,Minuman,Produk Olahan Susu,Oatside Susu Oat Cair Cokelat Kotak 1 L,29.000
5195,Minuman,Produk Olahan Susu,WRP Active Body Shape Minuman Tinggi Protein & Kalsium Chococino 234 g,199.000
5196,Minuman,Produk Olahan Susu,Ultra Milk Susu UHT Rendah Lemak Kotak 1 L,23.900
5197,Minuman,Produk Olahan Susu,L-Men Lose Weight Protein Whey Rasa Sereal Cokelat 300 g,152.500
5198,Minuman,Produk Olahan Susu,HiLo Gold Vanila Susu Bubuk Tinggi Kalsium 500 g,90.900
5199,Minuman,Produk Olahan Susu,Diabetasol Vita Digest Susu Bubuk Dewasa Cappucino 570 g,160.900
5200,Minuman,Produk Olahan Susu,HiLo School Susu Bubuk Tinggi Kalsium Rasa Cokelat 500 g,90.000
5201,Minuman,Produk Olahan Susu,WRP Lose Weight Meal Replacement Susu Bubuk Cokelat 324 g,197.900
5202,Minuman,Produk Olahan Susu,WRP Lose Weight Meal Replacement Susu Bubuk Stroberi 324 g,197.900
5203,Minuman,Produk Olahan Susu,Zee Susu UHT Tinggi Protein Cokelat Swiss 185 ml,7.500
5204,Minuman,Produk Olahan Susu,Zee Susu UHT Tinggi Protein Stroberi 185 ml,7.500
5205,Minuman,Produk Olahan Susu,WRP Lose Weight Meal Replacement Susu Bubuk Kopi 324 g,197.900
5206,Minuman,Produk Olahan Susu,WRP On The Go Tinggi Serat Susu Rendah Lemak Stroberi 200 ml,22.000
5207,Minuman,Produk Olahan Susu,WRP Susu Rendah Lemak Rasa Cokelat 60 g,25.900
5208,Minuman,Produk Olahan Susu,Almond Breeze Susu Almond Cair Original Kotak 180 ml,13.900
5209,Minuman,Produk Olahan Susu,Almond Breeze Susu Almond Cair Cokelat Kotak 180 ml,14.000
5210,Minuman,Produk Olahan Susu,Almond Breeze Susu Almond Cair Vanilla Kotak 180 ml,14.000
5211,Minuman,Produk Olahan Susu,Diabetasol Vita Digest Susu Bubuk Dewasa Cokelat 950 g,245.900
5212,Minuman,Produk Olahan Susu,Diabetasol Vita Digest Susu Bubuk Dewasa Vanila 950 g,245.900
5213,Minuman,Produk Olahan Susu,Entrasol Gold Susu Bubuk Nutrisi Dewasa Vanila 170 g,41.100
5214,Minuman,Produk Olahan Susu,Cimory Minuman Yogurt Mix Fruits 240 ml,9.500
5215,Minuman,Produk Olahan Susu,Cimory Minuman Yogurt Stroberi 240 ml,9.500
5216,Minuman,Produk Olahan Susu,Nutrive Benecol Stroberi Tanpa Gula 100 ml,9.300
5217,Minuman,Produk Olahan Susu,Nutrive Benecol Blackcurrant Tanpa Gula 100 ml,9.700
5218,Minuman,Produk Olahan Susu,Indomilk Krimer Kental Manis Putih 6 x 37 g,8.700
5219,Minuman,Produk Olahan Susu,Frisian Flag Krimer Kental Manis Putih 6 x 37 g,9.200
5220,Minuman,Produk Olahan Susu,Greenfields Fresh Milk Kotak 320 ml,12.500
5221,Minuman,Produk Olahan Susu,Frisian Flag Nutribrain Susu UHT Cair Cokelat Kotak 6 x 110 ml,18.600
5222,Minuman,Produk Olahan Susu,Frisian Flag Nutribrain Susu UHT Cair Stroberi Kotak 6 x 110 ml,18.600
5223,Minuman,Produk Olahan Susu,V-Soy Multi-Grain Susu Kacang Kedelai 300 ml,15.100
5224,Minuman,Produk Olahan Susu,Nutriboost Minuman Susu Rasa Jeruk Botol 300 ml,7.700
5225,Minuman,Produk Olahan Susu,Nutriboost Minuman Susu Rasa Stroberi Botol 300 ml,7.700
5226,Minuman,Produk Olahan Susu,Ultra Mimi Kids Susu UHT Full Cream Kotak 125 ml,4.800
5227,Minuman,Produk Olahan Susu,Indomilk Kids Susu UHT Cokelat Kotak 115 ml,3.700
5228,Minuman,Produk Olahan Susu,Indomilk Kids Susu UHT Stroberi Kotak 115 ml,3.700
5229,Minuman,Produk Olahan Susu,Indomilk Susu UHT Full Cream Cokelat Kotak 950 ml,20.400
5230,Minuman,Produk Olahan Susu,Ultra Milk Susu UHT Stroberi Kotak 125 ml,4.800
5231,Minuman,Produk Olahan Susu,Ultra Milk Susu UHT Coklat Kotak 200 ml,7.100
5232,Minuman,Produk Olahan Susu,Ultra Milk Susu UHT Stroberi Kotak 200 ml,7.200
5233,Minuman,Produk Olahan Susu,Ultra Milk Susu UHT Full Cream Kotak 200 ml,7.200
5234,Minuman,Produk Olahan Susu,Nestle Dancow FortiGro Cokelat Susu UHT Kotak 110 ml,3.800
5235,Minuman,Produk Olahan Susu,Vidoran Xmart Kids Susu UHT Cokelat Kotak 175 ml,5.300
5236,Minuman,Produk Olahan Susu,Frisian Flag Krimer Kental Manis Cokelat 6 x 37 g,9.200
5237,Minuman,Produk Olahan Susu,Frisian Flag Nutribrain Susu UHT Cair Cokelat Kotak 110 ml,4.000
5238,Minuman,Produk Olahan Susu,Ultra Milk Susu UHT Rendah Lemak Cokelat Kotak 250 ml,9.300
5239,Minuman,Produk Olahan Susu,Greenfields Susu UHT Full Cream Kotak 950 ml,26.000
5240,Minuman,Produk Olahan Susu,Milo Activ-Go Minuman Susu Cokelat Original Kaleng 220 ml,11.800
5241,Minuman,Produk Olahan Susu,Ultra Mimi Kids Susu UHT Stroberi Kotak 125 ml,4.800
5242,Minuman,Produk Olahan Susu,Ultra Mimi Kids Susu UHT Cokelat Kotak 125 ml,4.800
5243,Minuman,Produk Olahan Susu,Ultra Milk Susu UHT Coklat Kotak 250 ml,8.500
5244,Minuman,Produk Olahan Susu,Ultra Milk Susu UHT Coklat Kotak 1 L,23.200
5245,Minuman,Produk Olahan Susu,Ultra Milk Susu UHT Full Cream Kotak 250 ml,8.600
5246,Minuman,Produk Olahan Susu,Frisian Flag Krimer Kental Manis Full Cream Gold 370 g,18.600
5247,Minuman,Produk Olahan Susu,Ovaltine Classic Minuman Cokelat Malt 280 g,33.500
5248,Minuman,Produk Olahan Susu,Diamond Milk Susu UHT Full Cream Kotak 1 L,23.000
5249,Minuman,Produk Olahan Susu,Diamond Susu UHT Full Cream Kotak 200 ml,5.900
5250,Minuman,Produk Olahan Susu,HiLo Teen Susu Bubuk Vanila Caramel 250 g,48.700
5251,Minuman,Produk Olahan Susu,Indomilk Krimer Kental Manis Swiss Choco 6 x 37 g,8.500
5252,Minuman,Produk Olahan Susu,Ichitan Signature Choco Minuman Cokelat Hitam 300 ml,11.300
5253,Minuman,Produk Olahan Susu,Ultra Milk Susu UHT Coklat Kotak 125 ml,4.800
5254,Minuman,Produk Olahan Susu,Milo Nutriactive Minuman Multigrain Sereal Cokelat UHT Kotak 180 ml,7.100
5255,Minuman,Produk Olahan Susu,Anlene Actifit 3X Susu Bubuk Dewasa Vanila 560 g,
5256,Minuman,Produk Olahan Susu,V-Soy Susu Kedelai Cair Rendah Gula 1 L,31.900
5257,Minuman,Produk Olahan Susu,Greenfields Susu UHT Stroberi Kotak 32 X 200 ml - Karton,190.000
5258,Minuman,Produk Olahan Susu,Tropicana Slim Susu Rendah Lemak Vanila 500 g,95.000
5259,Minuman,Produk Olahan Susu,WRP Active Body Shape Minuman Tinggi Protein & Kalsium Red Berries 180 g,122.900
5260,Minuman,Produk Olahan Susu,Greenfields Susu UHT Less Sugar Cokelat 32 x 200 ml - Karton,190.000
5261,Minuman,Produk Olahan Susu,Ultra Mimi Kids Susu UHT Vanila Kotak 40 x 125 ml - Karton,146.900
5262,Minuman,Produk Olahan Susu,Ultra Mimi Kids Susu UHT Cokelat Kotak 40 x 125 ml - Karton,146.900
5263,Minuman,Produk Olahan Susu,Ultra Mimi Kids Susu UHT Stroberi Kotak 40 x 125 ml - Karton,146.900
5264,Minuman,Produk Olahan Susu,Ultra Milk Susu UHT Full Cream Kotak 40 x 125 ml - Karton,149.900
5265,Minuman,Produk Olahan Susu,Ultra Milk Susu UHT Coklat Kotak 40 x 125 ml - Karton,149.900
5266,Minuman,Produk Olahan Susu,Ultra Milk Susu UHT Stroberi Kotak 40 x 125 ml - Karton,149.900
5267,Minuman,Produk Olahan Susu,Cimory Minuman Yogurt Bluberi 240 ml,9.400
5268,Minuman,Produk Olahan Susu,HiLo Teen Susu UHT Cokelat 200 ml,7.900
5269,Minuman,Produk Olahan Susu,V-SOY Susu Kedelai Cair Original Kotak 1 L,31.900
5270,Minuman,Produk Olahan Susu,Ultra Milk Susu UHT Rendah Lemak Cokelat Kotak 1 L,26.200
5271,Minuman,Produk Olahan Susu,Greenfields Susu UHT Rendah Lemak Kotak 950 ml,30.100
5272,Minuman,Produk Olahan Susu,Greenfields Susu UHT Less Sugar Cokelat 950 ml,23.900
5273,Minuman,Produk Olahan Susu,Anlene Gold 5X Susu Bubuk Dewasa Cokelat 560 g,109.800
5274,Minuman,Produk Olahan Susu,Anlene Gold 5X Susu Bubuk Dewasa Vanila 560 g,109.500
5275,Minuman,Produk Olahan Susu,Anlene Gold 5X Susu Bubuk Dewasa Original 560 g,109.800
5276,Minuman,Produk Olahan Susu,Milo Nutri Up Minuman Cokelat Kaleng 220 ml,11.500
5277,Minuman,Produk Olahan Susu,Cimory Minuman Yogurt Tanpa Gula Tambahan Tropical Fruits 240 ml,7.600
5278,Minuman,Produk Olahan Susu,Cimory Minuman Yogurt Tanpa Gula Tambahan Stroberi & Mangga 240 ml,7.600
5279,Minuman,Produk Olahan Susu,Cimory Minuman Yogurt Tanpa Gula Tambahan Stroberi 240 ml,7.600
5280,Minuman,Produk Olahan Susu,Cimory Yogurt Squeeze Original 120 g,8.500
5281,Minuman,Produk Olahan Susu,Cimory Yogurt Squeeze Stroberi 120 g,8.500
5282,Minuman,Produk Olahan Susu,Cimory Yogurt Squeeze Bluberi 120 g,8.500
5283,Minuman,Produk Olahan Susu,Cimory Yogurt Squeeze Ketan Mangga 120 g,8.500
5284,Minuman,Produk Olahan Susu,Cimory Yogurt Squeeze Brown Sugar 120 g,8.500
5285,Minuman,Produk Olahan Susu,S-26 Procal Gold Tahap 3 Susu Pertumbuhan Anak 1-3 Tahun Vanila 350 g,125.900
5286,Minuman,Produk Olahan Susu,Bebelac Susu Formula Cair Rasa Plain Kotak 165 ml,8.500
5287,Minuman,Produk Olahan Susu,Bebelac Susu Formula Cair Rasa Plain Kotak 105 ml,5.400
5288,Minuman,Produk Olahan Susu,Bebelac Susu Formula Cair Rasa Cokelat Kotak 105 ml,5.400
5289,Minuman,Produk Olahan Susu,Bebelac Susu Formula Cair Rasa Cokelat Kotak 165 ml,8.500
5290,Minuman,Produk Olahan Susu,Cimory Minuman Yogurt Tanpa Gula Tambahan Blueberry 240 ml,7.600
5291,Minuman,Produk Olahan Susu,Frisian Flag Krimer Kental Manis Putih 370 g,12.300
5292,Minuman,Produk Olahan Susu,Indomilk Krimer Kental Manis Putih 370 g,11.000
5293,Minuman,Produk Olahan Susu,Indomilk Susu Cair Rasa Stroberi 190 ml,4.200
5294,Minuman,Produk Olahan Susu,Omela Krimer Kental Manis 370 g,11.000
5295,Minuman,Produk Olahan Susu,Frisian Flag Nutribrain Susu UHT Cair Cokelat Kotak 180 ml,4.900
5296,Minuman,Produk Olahan Susu,Anlene Gold 5X Susu Bubuk Dewasa Original 230 g,46.900
5297,Minuman,Produk Olahan Susu,Anlene Gold 5X Susu Bubuk Dewasa Cokelat 230 g,46.900
5298,Minuman,Produk Olahan Susu,HiLo Teen Susu Protein Cokelat 250 g,41.500
5299,Minuman,Produk Olahan Susu,Frisian Flag Susu UHT Low Fat Belgian Cokelat Kotak 225 ml,6.700
5300,Minuman,Produk Olahan Susu,Anlene Gold 5X Susu Bubuk Dewasa Vanila 230 g,46.900
5301,Minuman,Produk Olahan Susu,Anlene Actifit 3X Susu Bubuk Dewasa Cokelat 230 g,29.700
5302,Minuman,Produk Olahan Susu,Frisian Flag Susu UHT Low Fat French Vanilla Kotak 225 ml,6.700
5303,Minuman,Produk Olahan Susu,Bear Brand Gold Susu Steril Malt Kaleng 140 ml,10.800
5304,Minuman,Produk Olahan Susu,Diabetasol Susu Bubuk Dewasa Vanila 170 g,36.700
5305,Minuman,Produk Olahan Susu,Indomilk Seoul Susu UHT Pisang Kotak 180 ml,4.800
5306,Minuman,Produk Olahan Susu,Frisian Flag Susu UHT Low Fat Californian Strawberry Kotak 225 ml,6.700
5307,Minuman,Produk Olahan Susu,vidoran Xmart Kids Susu UHT Cokelat Kotak 110 ml,2.800
5308,Minuman,Produk Olahan Susu,Carnation Krimer Kental Manis 365 g,11.400
5309,Minuman,Produk Olahan Susu,Kin Bulgarian Yogurt Original Pet 200 ml,8.800
5310,Minuman,Produk Olahan Susu,Kin Bulgarian Yogurt Stroberi Pet 200 ml,8.800
5311,Minuman,Produk Olahan Susu,Kin Bulgarian Yogurt Bluberi Pet 200 ml,8.800
5312,Minuman,Produk Olahan Susu,Olatte Minuman Susu Peach Kaleng 240 ml,9.400
5313,Minuman,Produk Olahan Susu,Olatte Minuman Susu Rasa Pear Kaleng 240 ml,9.400
5314,Minuman,Produk Olahan Susu,Milo UHT Activ-Go Cokelat Pack Kotak 4 x 180 ml,19.500
5315,Minuman,Produk Olahan Susu,Tiga Sapi Krimer Kental Manis 490 g,12.500
5316,Minuman,Produk Olahan Susu,Mujigae Susu Cair Rasa Pisang 250 ml,9.400
5317,Minuman,Produk Olahan Susu,Mujigae Susu Cair Rasa Pisang Cokelat 250 ml,9.400
5318,Minuman,Produk Olahan Susu,Kin Bulgarian Yogurt Black Special Edition Pet 200 ml,8.800
5319,Minuman,Produk Olahan Susu,HiLo Platinum Cokelat Swiss 12 x 35 g,87.700
5320,Minuman,Produk Olahan Susu,Kin Bulgarian Yogurt Slim Berries Pet 200 ml,8.800
5321,Minuman,Produk Olahan Susu,Indomilk Korean Susu Cair UHT Stroberi 180 ml,5.000
5322,Minuman,Produk Olahan Susu,Indomilk Busan Susu Cair UHT Vanila 180 ml,5.000
5323,Minuman,Produk Olahan Susu,Oatside Susu Oat Cair Caramel Macchiato 200 ml,8.900
5324,Minuman,Produk Olahan Susu,Indomilk Kids Susu UHT Cokelat Rendah Gula Kotak 40 x 115 ml - Karton,105.900
5325,Minuman,Produk Olahan Susu,Indomilk Kids Susu UHT Full Cream Tanpa Tambahan Gula Kotak 40 x 115 ml - Karton,105.900
5326,Minuman,Produk Olahan Susu,Lactogrow Susu UHT Madu Vanila Kotak 36 x 135 ml - Karton,175.000
5327,Minuman,Produk Olahan Susu,"HiLo Active Susu Bubuk Tinggi Protein Rasa Berry Fitshake 8 x 33,5 g",130.500
5328,Minuman,Produk Olahan Susu,Frisian Flag Susu UHT Full Cream Kotak 225 ml,5.300
5329,Minuman,Produk Olahan Susu,Entrasol Platinum Susu Bubuk Tinggi Protein Dewasa Cokelat 400 g,109.900
5330,Minuman,Produk Olahan Susu,Nestle Dancow FortiGro Cokelat Susu UHT Kotak 4 x 110 ml,9.900
5331,Minuman,Produk Olahan Susu,L-Men Platinum Protein Tinggi Rasa Choco Latte 231 g,118.500
5332,Minuman,Produk Olahan Susu,Almond Breeze Susu Cair Cokelat Kotak 946 ml,46.000
5333,Minuman,Produk Olahan Susu,Greenfields Susu UHT Stroberi Kotak 250 ml,8.500
5334,Minuman,Produk Olahan Susu,Kin Bulgarian Yogurt Original Smooth & Creamy 45 g,2.900
5335,Minuman,Produk Olahan Susu,Ovaltine 3 in 1 Minuman Bubuk Susu Cokelat 594 g,63.700
5336,Minuman,Produk Olahan Susu,Greenfields Susu UHT Less Sugar Cokelat 250 ml,8.500
5337,Minuman,Produk Olahan Susu,Kin Bulgarian Yogurt Slurp Bluberi 45 g,2.900
5338,Minuman,Produk Olahan Susu,Frisian Flag Susu Bubuk Full Cream 800 g,83.900
5339,Minuman,Produk Olahan Susu,Milku Susu UHT Cair Original Botol 200 ml,3.500
5340,Minuman,Produk Olahan Susu,Biokul To Go Yogurt Rasa Leci with Nata de Coco Pouch 80 g,6.900
5341,Minuman,Produk Olahan Susu,Etawalin Susu Kambing Bubuk Box 200 g,87.500
5342,Minuman,Produk Olahan Susu,HiLo Protein Chocofit Susu Cair Kotak 190 ml,15.200
5343,Minuman,Produk Olahan Susu,Indomilk Krimer Kental Manis Putih Pouch 260 g,8.500
5344,Minuman,Produk Olahan Susu,Entrasol O'live Susu Cair Steril Ekstrak Buah Zaitun Kaleng 180 ml,10.000
5345,Minuman,Produk Olahan Susu,Kin Bulgarian Yogurt Mangga Pet 200 ml,8.800
5346,Minuman,Produk Olahan Susu,Mujigae Susu Cair Rasa Semangka Botol 250 ml,9.400
5347,Minuman,Produk Olahan Susu,Kin Yogurt Slurp XL Bluberi 80 g,7.300
5348,Minuman,Produk Olahan Susu,Frisian Flag Energo+ Susu Segar Rasa Matcha 225 ml,6.700
5349,Minuman,Produk Olahan Susu,Olatte Minuman Susu Rasa Stroberi Kaleng 240 ml,9.400
5350,Minuman,Produk Olahan Susu,Kin Yogurt Slurp XL Mangga 80 g,7.300
5351,Minuman,Produk Olahan Susu,Indomilk Kids Yogurt Rasa Bluberi Pouch 70 g,5.900
5352,Minuman,Produk Olahan Susu,Indomilk Kids Yogurt Rasa Stroberi Pouch 70 g,5.900
5353,Minuman,Produk Olahan Susu,Ensure Gold Susu Nutrisi Dewasa Vanila 380 g,
5354,Minuman,Produk Olahan Susu,Ensure Gold Susu Bubuk Nutrisi Dewasa Vanila Kaleng 800 g,
5355,Minuman,Produk Olahan Susu,Frisian Flag Krimer Kental Manis Full Cream Gold Pouch 240 g,
5356,Minuman,Produk Olahan Susu,Ensure Gold Susu Bubuk Nutrisi Dewasa Cokelat Kaleng 800 g,
5357,Minuman,Produk Olahan Susu,Anlene Gold 5X Susu Bubuk Dewasa Cokelat 825 g,
5358,Minuman,Produk Olahan Susu,Anlene Gold 5X Susu Bubuk Dewasa Original 825 g,
5359,Minuman,Produk Olahan Susu,Anlene Gold 5X Susu Bubuk Dewasa Vanila 825 g,
5360,Minuman,Produk Olahan Susu,Frisian Flag Energo+ Susu Segar Rasa Mixed Berries 225 ml,
5361,Minuman,Produk Olahan Susu,Almond Breeze Susu Cair Vanila 946 ml,46.000
5362,Minuman,Produk Olahan Susu,Almond Breeze Susu Cair Original Kotak 946 ml,46.000
5363,Minuman,Produk Olahan Susu,Arla Organic Full Cream UHT Milk Kotak 200 g,12.000
5364,Minuman,Produk Olahan Susu,HiLo Active Susu Bubuk Tinggi Kalsium Cokelat 1 kg,150.000
5365,Minuman,Produk Olahan Susu,HiLo Teen Susu Bubuk Cokelat 1 kg,179.000
5366,Minuman,Produk Olahan Susu,Cimory Susu UHT Cokelat Almond Kotak 750 ml,13.900
5367,Minuman,Produk Olahan Susu,Bear Brand Susu Steril Kaleng 30 x 189 ml - Karton,289.000
5368,Minuman,Produk Olahan Susu,Cap Nona Krimer Kental Manis Putih Kaleng 365 g,10.000
5369,Minuman,Produk Olahan Susu,Milo 3in1 Activ-Go Susu Bubuk Cokelat Instant Bag 990 g,88.500
5370,Minuman,Produk Olahan Susu,Milo Activ-Go Susu Bubuk Cokelat Instant Bag 990 g,88.500
5371,Minuman,Produk Olahan Susu,Frisian Flag Nutribrain Susu UHT Cair Plain 36 x 110 ml - Karton,95.000
5372,Minuman,Produk Olahan Susu,Frisian Flag Nutribrain Susu UHT Cair Cokelat 36 x 110 ml - Karton,95.000
5373,Minuman,Produk Olahan Susu,Frisian Flag Nutribrain Susu UHT Cair Stroberi 36 x 110 ml - Karton,95.000
5374,Minuman,Produk Olahan Susu,Oatly Susu Oat Cair Barista Kotak 1 L,40.900
5375,Minuman,Produk Olahan Susu,Oatly Susu Oat Cair Cokelat Kotak 1 L,40.900
5376,Minuman,Produk Olahan Susu,Milo UHT Activ-Go Cokelat Kotak 36 x 110 ml - Karton,99.000
5377,Minuman,Produk Olahan Susu,Lactasoy Susu Kacang Kedelai UHT Rasa Original 1 L,26.900
5378,Minuman,Produk Olahan Susu,Lactasoy Susu Kacang Kedelai UHT Rasa Cokelat 1 L,25.900
5379,Minuman,Produk Olahan Susu,Lactasoy Susu Kacang Kedelai UHT Rasa Original 250 ml,7.500
5380,Minuman,Produk Olahan Susu,Lactasoy Susu Kacang Kedelai UHT Rasa Cokelat 250 ml,7.000
5381,Minuman,Produk Olahan Susu,Lactasoy Susu Kacang Kedelai UHT Unsweetened 250 ml,7.000
5382,Minuman,Produk Olahan Susu,Indomilk Susu Cair Rasa Bluberi 190 ml,4.000
5383,Minuman,Produk Olahan Susu,Morinaga chil-go Susu Cair Steril Vanila 36 x 130 ml - Karton,165.900
5384,Minuman,Produk Olahan Susu,Morinaga chil-go Susu Cair Steril Stroberi 36 x 130 ml - Karton,165.900
5385,Minuman,Produk Olahan Susu,Morinaga chil-go Susu Cair Steril Cokelat 36 x 130 ml - Karton,165.900
5386,Minuman,Produk Olahan Susu,Frisian Flag Krimer Kental Manis Hokkaido Cheese Pouch 240 g,9.200
5387,Minuman,Produk Olahan Susu,Vidoran Xmart Kids Susu UHT Cokelat Kotak 40 x 110 ml - Karton,96.900
5388,Minuman,Produk Olahan Susu,Vidoran Xmart Kids Susu UHT Cokelat Kotak 24 x 175 ml - Karton,87.900
5389,Minuman,Produk Olahan Susu,Diamond Susu UHT Full Cream Kotak 40 x 125 ml - Karton,133.000
5390,Minuman,Produk Olahan Susu,Diamond Susu UHT Cokelat Kotak 40 x 125 ml - Karton,133.000
5391,Minuman,Produk Olahan Susu,Diamond Susu UHT Stroberi Kotak 40 x 125 ml - Karton,133.000
5392,Minuman,Produk Olahan Susu,HiLo Teen Susu Bubuk Tinggi Protein Rasa Original 10 x 33 g,85.000
5393,Minuman,Produk Olahan Susu,Tropicana Slim Almond Drink Banana Delight Kotak 190 ml,11.800
5394,Minuman,Produk Olahan Susu,Milo Pro Minuman Susu Kotak UHT Cokelat Protein 225 ml,10.500
5395,Minuman,Produk Olahan Susu,Etawaku Platinum Susu Kambing Bubuk Original 200 g,81.500
5396,Minuman,Produk Olahan Susu,Bear Brand Collagen Vitamin C Susu Steril Kaleng 189 ml,9.500
5397,Minuman,Produk Olahan Susu,Milk Life Susu UHT Bebas Laktosa Original 200 ml,3.900
5398,Minuman,Produk Olahan Susu,Kun Minuman Susu UHT Chocomalt Nata de Coco 100 ml,4.000
5399,Minuman,Produk Olahan Susu,Biokul To Go Yogurt Marshmallow with Nata de Coco Pouch 80 g,6.900
5400,Minuman,Produk Olahan Susu,Oatside Susu Oat Cair Kopi Kotak 1 L,32.300
5401,Minuman,Produk Olahan Susu,Frisian Flag Nutribrain Susu UHT Cair Plain Kotak 180 ml,4.900
5402,Minuman,Produk Olahan Susu,Tayo Susu Cokelat Malt 250 ml,9.200
5403,Minuman,Produk Olahan Susu,Ultra Milk Susu UHT Full Cream Kotak 1 L,23.200
5404,Minuman,Produk Olahan Susu,Frisian Flag Krimer Kental Manis Putih 240 g,10.300
5405,Minuman,Produk Olahan Susu,Frisian Flag Susu UHT Stroberi Kotak 225 ml,5.300
5406,Minuman,Produk Olahan Susu,INDOMILK Kids Susu UHT Cokelat Kotak 6 x 115 ml,17.900
5407,Minuman,Produk Olahan Susu,Indomilk Susu Cair Rasa Cokelat 190 ml,4.200
5408,Minuman,Produk Olahan Susu,Milku Susu UHT Cair Stroberi Botol 200 ml,3.200
5409,Minuman,Produk Olahan Susu,Nutrive Benecol Leci Tanpa Gula 100 ml,9.400
5410,Minuman,Produk Olahan Susu,Collagena Susu Cair Kolagen Steril Kaleng 189 ml,13.200
5411,Minuman,Produk Olahan Susu,Frisian Flag Susu UHT Coconut Delight Kotak 225 ml,6.700
5412,Minuman,Produk Olahan Susu,HiLo UHT Susu Cair Cokelat 200 ml,9.900
5413,Minuman,Produk Olahan Susu,Bear Brand Susu Steril Kaleng 189 ml,9.500
5414,Minuman,Produk Olahan Susu,Ultra Milk Susu UHT Stroberi Kotak 250 ml,8.600
5415,Minuman,Produk Olahan Susu,Ultra Milk Susu UHT Blueberry Blast Kotak 200 ml,6.900
5416,Minuman,Produk Olahan Susu,Ultra Milk Susu UHT Taro Kotak 200 ml,7.200
5417,Minuman,Produk Olahan Susu,Tujuh Kurma Susu Steril Kurma Kotak 189 ml,8.900
5418,Minuman,Produk Olahan Susu,Frisian Flag Krimer Kental Manis Putih 535 g,14.900
5419,Minuman,Produk Olahan Susu,Frisian Flag Krimer Kental Manis Cokelat 240 g,10.300
5420,Minuman,Produk Olahan Susu,Frisian Flag Susu UHT Cokelat Kotak 946 ml,23.000
5421,Minuman,Produk Olahan Susu,Ichitan Susu Gula Aren Pet 300 ml,9.500
5422,Minuman,Produk Olahan Susu,Cimory Minuman Yogurt Original 240 ml,9.500
5423,Minuman,Produk Olahan Susu,Frisian Flag Krimer Kental Manis Cokelat 535 g,14.900
5424,Minuman,Produk Olahan Susu,Biokul To Go Yogurt Rasa Mixberry with Nata de Coco Pouch 80 g,6.900
5425,Minuman,Produk Olahan Susu,Frisian Flag Susu UHT Full Cream Kotak 946 ml,22.800
5426,Minuman,Produk Olahan Susu,Indomilk Susu UHT Full Cream Kotak 950 ml,20.500
5427,Minuman,Produk Olahan Susu,Milku Susu UHT Cair Cokelat Premium Botol 200 ml,3.200
5428,Minuman,Produk Olahan Susu,Cimory Susu UHT Thai Tea 250 ml,8.000
5429,Minuman,Produk Olahan Susu,Real Good Susu UHT Sereal Cokelat 125 ml,3.300
5430,Minuman,Produk Olahan Susu,Frisian Flag Susu UHT Cokelat Kotak 225 ml,5.300
5431,Minuman,Produk Olahan Susu,Milku Susu UHT Cair Marie Biskuit Botol 200 ml,3.200
5432,Minuman,Produk Olahan Susu,Cimory Susu UHT Tanpa Gula Tambahan Matcha 225 ml,7.700
5433,Minuman,Produk Olahan Susu,Hometown Greek Yogurt Sunpride Crystal Guava 100 g,
5434,Minuman,Produk Olahan Susu,Hometown Greek Yogurt Sunpride Honi Pineapple 100 g,
5435,Minuman,Produk Olahan Susu,Cimory Susu UHT Cokelat Kotak 750 ml,13.900
5436,Minuman,Produk Olahan Susu,Milo Pro Minuman Susu Bubuk Cokelat Protein 250 g,52.900
5437,Minuman,Produk Olahan Susu,Milo 3in1 Activ-Go Susu Bubuk Cokelat Instant Pouch 400 g,37.000
5438,Minuman,Produk Olahan Susu,Bebelac Susu Formula Cair Rasa Plain Kotak 24 x 165 ml - Karton,169.900
5439,Minuman,Produk Olahan Susu,Bebelac Susu Formula Cair Rasa Cokelat Kotak 24 x 165 ml - Karton,169.900
5440,Minuman,Produk Olahan Susu,Lactasoy Susu Kacang Kedelai UHT Collagen 250 ml,8.000
5441,Minuman,Produk Olahan Susu,Lactasoy Susu Kacang Kedelai UHT Original 500 ml,15.000
5442,Minuman,Produk Olahan Susu,Lactasoy Susu Kacang Kedelai UHT Tinggi Kalsium 500 ml,15.000
5443,Minuman,Produk Olahan Susu,Lactasoy Susu Kacang Kedelai UHT Rasa Black Sesame 250 ml,8.000
5444,Minuman,Produk Olahan Susu,Lactasoy Susu Kacang Kedelai UHT Tanpa Pemanis 1 L,28.900
5445,Minuman,Produk Olahan Susu,Indomilk Kids Yogurt Original 70 g,6.500
5446,Minuman,Produk Olahan Susu,Indomilk Kids Yogurt Banana Berries 70 g,6.500
5447,Minuman,Produk Olahan Susu,Oatside Susu Oat Cair Kopi 200 ml,8.900
5448,Minuman,Minuman Instan,SariWangi Teh Celup Melati 25 Kantung Celup,10.900
5449,Minuman,Minuman Instan,Pikopi Kopi Instan 3 in 1 KopiMix 9 x 20 g,12.100
5450,Minuman,Minuman Instan,SariWangi Teh Celup Hitam Asli 30 x 1.85 g,9.100
5451,Minuman,Minuman Instan,Kapal Api Kopi Gula Aren 10 x 23 g,21.100
5452,Minuman,Minuman Instan,Pororo Minuman Bebas Gula Rasa Strawberry 235 ml,14.700
5453,Minuman,Minuman Instan,Juara Kopi Bubuk 200 g,
5454,Minuman,Minuman Instan,LBS Serbat Jahe 6s,
5455,Minuman,Minuman Instan,Luwak White Koffie 20 x 20 g,
5456,Minuman,Minuman Instan,Cap AAA Kopi Bubuk 100 g,
5457,Minuman,Minuman Instan,Teh Bendera Tubruk 50 g,
5458,Minuman,Minuman Instan,AAA Kopi Bubuk Bag 100 g,
5459,Minuman,Minuman Instan,Kayu Aro Teh Celup 25 s,
5460,Minuman,Minuman Instan,Nescafe Kopi Klasik Bubuk 100 g,
5461,Minuman,Minuman Instan,Fres Elegance Sirup Frambozen Botol 625 ml,
5462,Minuman,Minuman Instan,Gomer Minuman Tradisional Jahe Merah Gula Aren Murni 100 g,
5463,Minuman,Minuman Instan,Banyuatis Kopi 200 g,
5464,Minuman,Minuman Instan,TOOSI Coffee Kopi Plaga Bali Brown Blend 200 g,
5465,Minuman,Minuman Instan,Gayo Land Coffe Arabica 100 g,
5466,Minuman,Minuman Instan,Banyuatis Kopi 100 g,
5467,Minuman,Minuman Instan,Nescafe Kopi Kental 6 x 36 g,
5468,Minuman,Minuman Instan,Gunung Satria Teh Celup Wangi 25 s,
5469,Minuman,Minuman Instan,Fres Sirup Rasa Frambozen Botol 625 ml,
5470,Minuman,Minuman Instan,Cap Anak Jempol Kopi Bubuk 250 g,
5471,Minuman,Minuman Instan,Naga Teh Celup Wangi 25 s,
5472,Minuman,Minuman Instan,Aming Kopi Bubuk Pontianak 200 g,
5473,Minuman,Minuman Instan,Singa Kopi Bubuk Robusta 180 g,
5474,Minuman,Minuman Instan,Intra Jahe Wangi Box 5 x 25 g,
5475,Minuman,Minuman Instan,Keluarga Kopi Murni Bubuk 125 g,
5476,Minuman,Minuman Instan,ABC Kopi Bubuk Bali 210 g,
5477,Minuman,Minuman Instan,Gunung Satria Teh Celup Melati 25 s,
5478,Minuman,Minuman Instan,Kapal Tanker Kopi Bubuk 150 g,
5479,Minuman,Minuman Instan,TJAMPOLAY Sirup Pisang Susu Botol 630 ml,
5480,Minuman,Minuman Instan,Setia Bali Kopi Bubuk 200 g,
5481,Minuman,Minuman Instan,Upet Teh Hijau Melati 60 g,
5482,Minuman,Minuman Instan,Pohon Pinang Sirup Marquisa Botol 600ml,
5483,Minuman,Minuman Instan,SariWangi Teh Celup Mawar 25 Kantung Celup,
5484,Minuman,Minuman Instan,Kupu-Kupu Bola Dunia Kopi Bubuk Bali 200 g,
5485,Minuman,Minuman Instan,SariMurni Teh Hitam Celup 25 Kantong,
5486,Minuman,Minuman Instan,ABC Special Grade Sirup Melon 460 ml,
5487,Minuman,Minuman Instan,TORABIKA Tora Susu Kopi Instan Full Cream Sachet 10 x 31 g,21.900
5488,Minuman,Minuman Instan,Marjan Boudoin Sirup Moka Botol 460 ml,23.900
5489,Minuman,Minuman Instan,Tropicana Slim Sirup Jeruk 750 ml,34.900
5490,Minuman,Minuman Instan,MaxTea Teh Tarik Instan Box 30 x 25 g,74.900
5491,Minuman,Minuman Instan,Tong Tji Teh Celup Seduh Super 250 g,23.900
5492,Minuman,Minuman Instan,Marjan Squash Sirup Fruit Punch 400 ml,12.500
5493,Minuman,Minuman Instan,Torabika Cappuccino Kopi Instan Bubuk Sachet 30 x 25 g,72.900
5494,Minuman,Minuman Instan,Tropicana Slim 7 Fruits Fiber Daily Minuman Serbuk Mix Berries Box 180 g,125.000
5495,Minuman,Minuman Instan,Tropicana Slim Minuman Bubuk Cokelat Salted Caramel Cocoa 60 g,20.900
5496,Minuman,Minuman Instan,Tropicana Slim Minuman Serbuk Kopi Krimer French Butter Souffle 60 g,19.500
5497,Minuman,Minuman Instan,Gadjah Kopi Tubruk Drip Indonesia Blend 5 x 7.5 g,30.900
5498,Minuman,Minuman Instan,Gadjah Kopi Tubruk Drip Arabica Mandailing 5 x 7.5 g,39.000
5499,Minuman,Minuman Instan,Sweet Kokona Drink Chocolate Less Sugar 132 g,20.900
5500,Minuman,Minuman Instan,K-Mild Decaf Latte Kopi Instan Dekafein 5 x 20 g,23.900
5501,Minuman,Minuman Instan,Zenlatte Minuman Serbuk Teh Matcha 10 x 22 g,32.500
5502,Minuman,Minuman Instan,Zenlatte Minuman Serbuk Thai Tea 10 x 22 g,32.500
5503,Minuman,Minuman Instan,Zenlatte Minuman Serbuk Brown Sugar Milk Tea 10 x 22 g,32.500
5504,Minuman,Minuman Instan,Zenlatte Minuman Serbuk Teh Tarik 10 x 22 g,32.500
5505,Minuman,Minuman Instan,Zenlatte Minuman Serbuk Teh Earl Grey 10 x 22 g,32.500
5506,Minuman,Minuman Instan,ChekHup 3 in 1 Ipoh White Coffee Rich 12 x 40 g,110.900
5507,Minuman,Minuman Instan,Marjan Boudoin Sirup Vanila Botol 460 ml,23.900
5508,Minuman,Minuman Instan,Gadjah Kopi Tubruk Manis Instan 10 x 23 g,20.200
5509,Minuman,Minuman Instan,Gadjah Kopi Tubruk Asli Instan 138 g,22.300
5510,Minuman,Minuman Instan,Sosro Teh Celup 2 in 1 Bag 5 x 18 g,5.700
5511,Minuman,Minuman Instan,Gadjah Kopi Tubruk Asli Instan 60 g,10.600
5512,Minuman,Minuman Instan,Kapal Api One Kopi + Gula Bubuk 10 x 23 g,17.400
5513,Minuman,Minuman Instan,Top Coffee Kopi Instan Mokachinno Double Shot 9 x 22 g,14.400
5514,Minuman,Minuman Instan,Kapal Api Kopi Bubuk Instan Special 90 g,15.800
5515,Minuman,Minuman Instan,Wonhae DIY Cafe Minuman Instan Rasa Blue Lemonade 180 ml,9.500
5516,Minuman,Minuman Instan,Wonhae DIY Cafe Minuman Instan Rasa Peach Lemonade 180 ml,9.500
5517,Minuman,Minuman Instan,Wonhae DIY Cafe Minuman Instan Rasa Pineapple Lemonade 180 ml,9.500
5518,Minuman,Minuman Instan,Kapal Api Special Kopi Bubuk 250 g,43.000
5519,Minuman,Minuman Instan,Pororo Minuman Bebas Gula Rasa Susu 235 ml,14.700
5520,Minuman,Minuman Instan,Pororo Minuman Bebas Gula Rasa Blueberry 235 ml,14.700
5521,Minuman,Minuman Instan,NutriSari Blackcurrant Tea Minuman Serbuk 10 x 11 g,13.500
5522,Minuman,Minuman Instan,NutriSari Jeruk Peras Minuman Buah Vitamin C 5 x 14 g,12.700
5523,Minuman,Minuman Instan,X'Tragin Minuman Serbuk Jahe Merah 5 x 20 g,15.700
5524,Minuman,Minuman Instan,X'Tragin Bandrek Plus Minuman Serbuk Jahe Merah 5 x 19 g,14.700
5525,Minuman,Minuman Instan,ABC Kopi Susu Gula Aren 9 x 27 g,13.400
5526,Minuman,Minuman Instan,Cap BANGAU Sirup Rasa Pisang Ambon Botol 620 ml,26.900
5527,Minuman,Minuman Instan,Anget Sari Minuman Serbuk Susu Jahe 5 x 28 g,9.300
5528,Minuman,Minuman Instan,Nescafe Kopi Klasik Sachet 10 x 2 g,14.400
5529,Minuman,Minuman Instan,Luwak White Koffie Original 9 x 20 g,18.800
5530,Minuman,Minuman Instan,SIDOMUNCUL Susu Jahe Minuman Menghangatkan Badan 10 x 27 g,23.500
5531,Minuman,Minuman Instan,KURNIA Specie Sirup Limonade Siroop Raspberry Botol 600 ml,27.000
5532,Minuman,Minuman Instan,TORABIKA Cappuccino Kopi Instan 10 x 25 g,28.200
5533,Minuman,Minuman Instan,Luwak Kopi Murni Premium 2 x 100 g,19.600
5534,Minuman,Minuman Instan,SOSRO Teh Celup Hitam 50 Kantung Celup,12.600
5535,Minuman,Minuman Instan,Tong Tji Teh Tarik Sachet 3 s,9.900
5536,Minuman,Minuman Instan,Tong Tji Teh Matcha 3 s,11.500
5537,Minuman,Minuman Instan,Torabika Duo Kopi Instan + Gula Sachet 10 x 25 g,21.900
5538,Minuman,Minuman Instan,NutriSari Minuman Serbuk Instan Jeruk Manis Box 500 g,41.900
5539,Minuman,Minuman Instan,Tropicana Slim Minuman Kopi Avocado Sachet 4 x 14 g,20.900
5540,Minuman,Minuman Instan,Tropicana Slim Sirup Cocopandan 750 ml,34.900
5541,Minuman,Minuman Instan,MaxTea Teh Lemon Instan Box 30 x 25 g,46.900
5542,Minuman,Minuman Instan,Indocafe White Kopi Krim Instan Box 10 x 12 g,24.500
5543,Minuman,Minuman Instan,WRP Diet Tea Minuman Teh Penurun Berat Badan 10 x 2.5 g,77.900
5544,Minuman,Minuman Instan,DHT Sirup Pisang Ambon Botol 620 ml,29.000
5545,Minuman,Minuman Instan,Kapal Api Morning Blend Kopi 200 g,55.900
5546,Minuman,Minuman Instan,Tong Tji Teh Celup Jeruk Purut 20 s,17.500
5547,Minuman,Minuman Instan,ChekHup 2 in 1 Ipoh White Coffee & Krimer 12 x 30 g,110.900
5548,Minuman,Minuman Instan,Kapal Api Kopi Bubuk Luwak Blend 200 g,118.500
5549,Minuman,Minuman Instan,Tong Tji Teh Celup Hijau 25 s x 50 g,26.500
5550,Minuman,Minuman Instan,Tropicana Slim Minuman Cafe Latte 10x14 g,34.000
5551,Minuman,Minuman Instan,Indocafe Cappuccino Bag 10 x 25 g,26.900
5552,Minuman,Minuman Instan,Marjan Squash Sirup Sirsak 400 ml,12.500
5553,Minuman,Minuman Instan,Tropicana Slim Minuman White Coffee Sachet 4 x 15 g,23.000
5554,Minuman,Minuman Instan,Marjan Squash Sirup Nanas 400 ml,12.500
5555,Minuman,Minuman Instan,Tong Tji Teh Lemongrass Sachet 3 s,9.900
5556,Minuman,Minuman Instan,Tong Tji Teh Jahe Sachet 3 s,9.900
5557,Minuman,Minuman Instan,Ovaltine Minuman Cokelat Cold Crunchy Choco 18 x 32 g,79.000
5558,Minuman,Minuman Instan,Sweet Kokona Drink Chocolate 175 g,20.900
5559,Minuman,Minuman Instan,Indocafe Coffeemix Kopi Instan Rich & Strong 5 x 27 g,14.900
5560,Minuman,Minuman Instan,Tropicana Slim Minuman Mint Cocoa 60 g,20.900
5561,Minuman,Minuman Instan,Ellenka Rich Creme Krimer Nabati Non Dairy 500 g,35.000
5562,Minuman,Minuman Instan,Tropicana Slim Minuman Serbuk Instan Jeruk Manis 10 x 6 g,25.500
5563,Minuman,Minuman Instan,Tropicana Slim Minuman Cokelat Serbuk Instan Jeruk 4 x 15 gr,21.000
5564,Minuman,Minuman Instan,Tropicana Slim Sirup Leci Botol 750 ml,34.900
5565,Minuman,Minuman Instan,Sarang Tawon Sirup Markisa Botol 430 ml,28.300
5566,Minuman,Minuman Instan,ChekHup 3 in 1 Ipoh White Coffee Original 12 x 40 g,110.900
5567,Minuman,Minuman Instan,ChekHup Teh Tarik 3 in 1 Heritage Milk Tea 12 x 40 g,102.900
5568,Minuman,Minuman Instan,Tong Tji Teh Seduh Wangi Premium 10 x 9 g,12.200
5569,Minuman,Minuman Instan,Poci Teh Hitam Celup Teh Asli 25 x 2 g,7.500
5570,Minuman,Minuman Instan,TONG TJI Teh Celup Melati 25 Kantung Celup,13.100
5571,Minuman,Minuman Instan,NutriSari American Sweet Orange Minuman Buah Vitamin C 10 x 14 g,20.400
5572,Minuman,Minuman Instan,MaxCreamer Box 500 g,50.700
5573,Minuman,Minuman Instan,Teh Cap Botol Tubruk Hijau 40 g,4.400
5574,Minuman,Minuman Instan,2Tang Teh Celup Melati 25 Kantung Celup,9.600
5575,Minuman,Minuman Instan,SOSRO Teh Celup Hitam 30 Kantung Celup,7.900
5576,Minuman,Minuman Instan,Teh Gopek Slawi 80 g,10.000
5577,Minuman,Minuman Instan,Mustika Ratu Slimming Tea Celup 15 s,34.200
5578,Minuman,Minuman Instan,MaxTea Tarikk 5 x 25 g,15.200
5579,Minuman,Minuman Instan,Marjan Boudoin Sirup Cocopandan Botol 460 ml,27.400
5580,Minuman,Minuman Instan,Marjan Boudoin Sirup Melon Botol 460 ml,26.900
5581,Minuman,Minuman Instan,SIDOMUNCUL Kunyit Asam Minuman Kesehatan Melancarkan Haid Sachet 5 x 25 g,12.300
5582,Minuman,Minuman Instan,SIDOMUNCUL ESTE EMJE Ginseng Minuman Tradisional Menghangatkan Tubuh Sachet 5 x 30 g,23.500
5583,Minuman,Minuman Instan,Tong Tji Teh Celup Amplop Jasmine 25 Kantung Celup,17.000
5584,Minuman,Minuman Instan,Kapal Api Kopi Hitam 350 g,37.500
5585,Minuman,Minuman Instan,Adem Sari Minuman Penyejuk 5 x 7 g,20.700
5586,Minuman,Minuman Instan,Poci Teh Hitam Celup Vanila 25 x 2 g,7.500
5587,Minuman,Minuman Instan,Good Day Kopi Instan 3 in 1 Latte Vanila 10 x 20 g,15.500
5588,Minuman,Minuman Instan,Good Day Kopi Instan 3 in 1 Chococinno 10 x 20 g,15.500
5589,Minuman,Minuman Instan,Pikopi Kopi Instan Gula Aren 9 x 22 g,10.800
5590,Minuman,Minuman Instan,FresCo Kopi Cappuccino 6+3 x 25 g,12.900
5591,Minuman,Minuman Instan,SIDOMUNCUL Jahe Wangi Minuman Tradisional Menghangatkan Tubuh 5 x 25 g,9.300
5592,Minuman,Minuman Instan,TOP Coffee Kopi Susu 3 in 1 Instan Sachet 10 x 31 g,15.700
5593,Minuman,Minuman Instan,ABC Kopi Susu Instan 10 x 30 g,18.900
5594,Minuman,Minuman Instan,Teh Cap Botol Teh Hijau Celup 25 pcs,7.600
5595,Minuman,Minuman Instan,Kepala Djenggot Teh Hijau Celup 25 pcs,15.300
5596,Minuman,Minuman Instan,Luwak White Koffie Premium Less Sugar 9 s,16.500
5597,Minuman,Minuman Instan,Good Day Kopi Instan Cappuccino 10 x 25 g,25.700
5598,Minuman,Minuman Instan,Nescafe Kopi Klasik Bubuk Bag 45 g,20.900
5599,Minuman,Minuman Instan,Kapal Api Kopi Special 20 x 6 g,20.900
5600,Minuman,Minuman Instan,NEO Coffee Kopi Moccachino 3 in 1 Sachet 9 x 20 g,10.600
5601,Minuman,Minuman Instan,SariWangi Teh Celup Hitam Asli 50 s,10.900
5602,Minuman,Minuman Instan,CHOCODRINK Minuman Instan Belgian Cokelat 4 + 2 x 28 g,8.100
5603,Minuman,Minuman Instan,NEO Coffee 3 in 1 Kopi Tiramisu Sachet 9 x 20 g,10.600
5604,Minuman,Minuman Instan,AMH Jahe Merah Super 5 x 20 g,6.000
5605,Minuman,Minuman Instan,Good Day Kopi Freeze Hazelnut Macchiato Sachet 5 x 30 g,15.200
5606,Minuman,Minuman Instan,Prendjak Teh Celup Wangi 25 s,7.000
5607,Minuman,Minuman Instan,TOP Coffee Kopi Gula Aren Tubruk Legitzz Sachet 9 x 27 g,10.500
5608,Minuman,Minuman Instan,Luwak Kopi Bubuk Murni Premium 9 x 6.5 g,9.500
5609,Minuman,Minuman Instan,Es Teh Poci Teh Tarik Gula Aren 125 g,10.000
5610,Minuman,Minuman Instan,Es Teh Poci Pandan Vanila + Selasih 120 g,7.900
5611,Minuman,Minuman Instan,Excelso Kopi Bubuk Arabica Gold 200 g,59.900
5612,Minuman,Minuman Instan,ChekHup Kokoo 3 in 1 Minuman Cokelat Hazelnut 12 x 40 g,102.900
5613,Minuman,Minuman Instan,Marjan Squash Sirup Jeruk 400 ml,14.500
5614,Minuman,Minuman Instan,Marjan Squash Sirup Leci 400 ml,14.500
5615,Minuman,Minuman Instan,Marjan Boudoin Sirup Leci Botol 460 ml,26.900
5616,Minuman,Minuman Instan,ABC Squash Delight Sirup Leci 425 ml,13.400
5617,Minuman,Minuman Instan,ABC Special Grade Sirup Cocopandan 460 ml,30.400
5618,Minuman,Minuman Instan,TOP Coffee Kopi Cappuccino Sachet 6+3 x 25 g,13.800
5619,Minuman,Minuman Instan,Huang Gong Minuman Penyegar Serbuk Chrysanthemum Granule 10 x 20 g,23.500
5620,Minuman,Minuman Instan,Excelso Kopi Bubuk Java Arabica 200 g,59.900
5621,Minuman,Minuman Instan,Excelso Kopi Bubuk Kalosi Toraja 200 g,65.000
5622,Minuman,Minuman Instan,SariWangi Teh Celup Hitam Kurma & Madu 25 pcs,8.000
5623,Minuman,Minuman Instan,Kepala Djenggot Teh Merah 50 g,6.500
5624,Minuman,Minuman Instan,Kepala Djenggot Teh Melati 50 g,8.000
5625,Minuman,Minuman Instan,Kepala Djenggot Jahe Wangi Ginger Tea 200 g,19.900
5626,Minuman,Minuman Instan,X'Tragin Kopi Jahe Gingseng 5 Sachet,18.500
5627,Minuman,Minuman Instan,Excelso Assorted Single Serving Kopi Bubuk Sachet 10 x 10 g,31.000
5628,Minuman,Minuman Instan,Luwak Kopi Bubuk Murni Premium 9 x 6.5 g,9.500
5629,Minuman,Minuman Instan,Es Teh Poci Teh Tarik Gula Aren 125 g,10.000
5630,Minuman,Minuman Instan,Es Teh Poci Pandan Vanila + Selasih 120 g,7.900
5631,Minuman,Minuman Instan,Good Day Kopi Instan Latte Original 10 x 22 g,15.900
5632,Minuman,Minuman Instan,FresCo Kopi Instan Kopi + Gula 8 x 23 g,8.200
5633,Minuman,Minuman Instan,Good Day Kopi Instan Latte Butterscotch 10 x 22 g,15.900
5634,Minuman,Minuman Instan,Tong Tji Teh Super Ekstra Harum 80 g,9.700
5635,Minuman,Minuman Instan,Nescafe Ice Roast Kopi Instan Americano Bag 10 x 2 g,14.400
5636,Minuman,Minuman Instan,Kapal Api Kopi Bubuk Instan Special 150 g,21.500
5637,Minuman,Minuman Instan,Kapal Api Mantap Kopi Instan + Gula 8 x 25 g,14.100
5638,Minuman,Minuman Instan,TOP Coffee Kopi Gula Aren Sachet 9 x 22 g,14.500
5639,Minuman,Minuman Instan,Kapal Api Special Kopi Bubuk 350 g,49.900
5640,Minuman,Minuman Instan,ABC Squash Delight Sirup Jeruk Florida 425 ml,13.900
5641,Minuman,Minuman Instan,Torabika Creamy Latte 10 x 20 g,22.400
5642,Minuman,Minuman Instan,Good Day Kopi Instan 3 in 1 Mocacinno 10 x 20 g,15.500
5643,Minuman,Minuman Instan,Luwak Kopi Gula Bag 5 + 2 x 23 g,7.900
5644,Minuman,Minuman Instan,Nescafe Gold Kopi Instan Rich & Smooth Toples 100 g,115.000
5645,Minuman,Minuman Instan,SariWangi Minuman Serbuk Teh Matcha Latte 5 x 22 g,23.500
5646,Minuman,Minuman Instan,SariWangi Minuman Serbuk Teh Earl Grey Milk Tea 5 x 22 g,23.500
5647,Minuman,Minuman Instan,TOP Coffee Kopi Cappuccino Sachet 12+6 x 25 g,19.900
5648,Minuman,Minuman Instan,TOP Coffee Kopi Gula Aren Sachet 12+6 x 22 g,19.900
5649,Minuman,Minuman Instan,Bonteh Minuman Serbuk Teh Matcha Creamy Latte 10 x 25 g,22.000
5650,Minuman,Minuman Instan,Bonteh Minuman Serbuk Teh Tarik 10 x 25 g,22.000
5651,Produk Segar & Beku,Makanan Siap Saji,Bean Spot Roti Keju Susu 65 g,
5652,Produk Segar & Beku,Makanan Siap Saji,Bean Spot Pizza Kotak,
5653,Produk Segar & Beku,Makanan Siap Saji,Bean Spot Roti Polo Kopi,
5654,Produk Segar & Beku,Makanan Siap Saji,Bean Spot Roti Cokelat Susu 78 g,
5655,Produk Segar & Beku,Makanan Siap Saji,Bean Spot Fried Chicken Sambal Matah,
5656,Produk Segar & Beku,Makanan Siap Saji,Bean Spot Bapao Asin Ayam Original,
5657,Produk Segar & Beku,Makanan Siap Saji,Bean Spot Bapao Kacang Merah,
5658,Produk Segar & Beku,Makanan Siap Saji,Bean Spot Onigiri Beef Teriyaki,
5659,Produk Segar & Beku,Makanan Siap Saji,Bean Spot Jajanan Pasar Pie Susu Cokelat Keju,
5660,Produk Segar & Beku,Makanan Siap Saji,Bean Spot Roti Cokelat Kacang 70 g,
5661,Produk Segar & Beku,Makanan Siap Saji,Bean Spot Roti Keju Gula 55 g,
5662,Produk Segar & Beku,Makanan Siap Saji,Bean Spot Roti Susu 60 g,
5663,Produk Segar & Beku,Makanan Siap Saji,Bean Spot Kue Pelangi,
5664,Produk Segar & Beku,Makanan Siap Saji,Bean Spot Zaretta Ceres Cokelat,
5665,Produk Segar & Beku,Makanan Siap Saji,Bean Spot Combo Nasi Ayam Dada / Paha Atas Sambal Matah,
5666,Produk Segar & Beku,Makanan Siap Saji,Bean Spot Combo Nasi Ayam Dada / Paha Atas Sambal Bawang,
5667,Produk Segar & Beku,Makanan Siap Saji,Bean Spot Paket Nasi Ayam Kalasan Sambal Bawang,
5668,Produk Segar & Beku,Makanan Siap Saji,Bean Spot Laukita Nasi Goreng Rawit,
5669,Produk Segar & Beku,Makanan Siap Saji,Bean Spot Paket Nasi Ayam Kalasan Sambal Matah,
5670,Produk Segar & Beku,Makanan Siap Saji,Bean Spot Tape Goreng Stick - Ready to Eat,
5671,Produk Segar & Beku,Makanan Siap Saji,Bean Spot Fried Chicken Sambal Bawang,
5672,Produk Segar & Beku,Makanan Siap Saji,Bean Spot Paket Nasi Ayam Sambal Matah,
5673,Produk Segar & Beku,Makanan Siap Saji,Bean Spot Paket Nasi Ayam Sambal Bawang,
5674,Produk Segar & Beku,Makanan Siap Saji,Bean Spot Roti Zaretta Selai Kacang Kismis,
5675,Produk Segar & Beku,Makanan Siap Saji,So Nice Sosis Siap Makan Ayam 480 g,
5676,Produk Segar & Beku,Makanan Siap Saji,Bean Spot Sosis Bakar Keju,
5677,Produk Segar & Beku,Makanan Siap Saji,Bean Spot Bapao Ayam Besar,
5678,Produk Segar & Beku,Makanan Siap Saji,Bean Spot Tahu Walik,
5679,Produk Segar & Beku,Makanan Siap Saji,Bean Spot Gorengan Risoles Krim Mayo,
5680,Produk Segar & Beku,Makanan Siap Saji,Bean Spot Roti Cokelat Keju Jadoel,
5681,Produk Segar & Beku,Makanan Siap Saji,Bean Spot Tahu Bakso,
5682,Produk Segar & Beku,Makanan Siap Saji,Bean Spot Roti Polo Cokelat,
5683,Produk Segar & Beku,Makanan Siap Saji,Bean Spot Pizza Sosis,
5684,Produk Segar & Beku,Makanan Siap Saji,Bean Spot Roti Abon,
5685,Produk Segar & Beku,Makanan Siap Saji,Bean Spot Roti Pisang Cokelat,
5686,Produk Segar & Beku,Makanan Siap Saji,Bean Spot Dimsum Mix Isi 4 pcs,
5687,Produk Segar & Beku,Makanan Siap Saji,Bean Spot Roti Waston Abon Ayam Gulung,
5688,Produk Segar & Beku,Makanan Siap Saji,Bean Spot Gorengan Risoles Ayam,
5689,Produk Segar & Beku,Makanan Siap Saji,Bean Spot Roti Zaretta Blueberry,
5690,Produk Segar & Beku,Makanan Siap Saji,Bean Spot Bolen Cokelat,
5691,Produk Segar & Beku,Makanan Siap Saji,Bean Spot Bolen Keju,
5692,Produk Segar & Beku,Makanan Siap Saji,Bean Spot Roti Zaretta Sarikaya,
5693,Produk Segar & Beku,Makanan Siap Saji,Bean Spot Roti Abon Sapi,
5694,Produk Segar & Beku,Makanan Siap Saji,Bean Spot Roti Polo Cokelat,
5695,Produk Segar & Beku,Makanan Siap Saji,Bean Spot Sosis Bakar,
5696,Produk Segar & Beku,Makanan Siap Saji,Bean Spot Roti Pisang Cokelat,
5697,Produk Segar & Beku,Makanan Siap Saji,Bean Spot Bapao Ayam Blackpepper,
5698,Produk Segar & Beku,Makanan Siap Saji,Bean Spot Bapao Kelapa Besar,
5699,Produk Segar & Beku,Makanan Siap Saji,Bean Spot Lemper Rendang Ayam,
5700,Produk Segar & Beku,Makanan Siap Saji,Bean Spot Roti Sosis Floss Roll,
5701,Produk Segar & Beku,Makanan Siap Saji,Bean Spot Bapao Kacang Hijau,
5702,Produk Segar & Beku,Makanan Siap Saji,Bean Spot Choco Cheese Fountain,
5703,Produk Segar & Beku,Makanan Siap Saji,Bean Spot Roti Mocca Bun,
5704,Produk Segar & Beku,Makanan Siap Saji,Bean Spot Roti Waston Abon Ayam,
5705,Produk Segar & Beku,Makanan Siap Saji,Bean Spot Donut Single,
5706,Produk Segar & Beku,Makanan Siap Saji,Bean Spot Siomay Ikan Ayam Udang,
5707,Produk Segar & Beku,Makanan Siap Saji,Bean Spot Bapao Kacang Hijau Besar,
5708,Produk Segar & Beku,Makanan Siap Saji,Bean Spot Roti Chicken Floss Braide,
5709,Produk Segar & Beku,Makanan Siap Saji,Bean Spot Siomay Ikan Ayam,
5710,Produk Segar & Beku,Makanan Siap Saji,Bean Spot Otak-otak Singapore,
5711,Produk Segar & Beku,Makanan Siap Saji,Bean Spot Roti Spicy Chicken Floss Roll,
5712,Produk Segar & Beku,Makanan Siap Saji,Bean Spot Roti Chocotine Boat,
5713,Produk Segar & Beku,Makanan Siap Saji,Bean Spot Roti Choco Cheese Frozen,
5714,Produk Segar & Beku,Makanan Siap Saji,Bean Spot Onigiri Chicken Curry,
5715,Produk Segar & Beku,Makanan Siap Saji,Bean Spot Onigiri Beef,
5716,Produk Segar & Beku,Makanan Siap Saji,Bean Spot Roti Almond Blueberry,
5717,Produk Segar & Beku,Makanan Siap Saji,Bean Spot Bapao Keju,
5718,Produk Segar & Beku,Makanan Siap Saji,Bean Spot Lemper Ayam Suwir,
5719,Produk Segar & Beku,Makanan Siap Saji,Bean Spot Banana Choco Bun,
5720,Produk Segar & Beku,Makanan Siap Saji,Bean Spot Combo Nasi Ayam Penyet Opor Dada/Paha Atas Sambal Matah,
5721,Produk Segar & Beku,Makanan Siap Saji,Bean Spot Combo Nasi Ayam Penyet Opor Dada/Paha Atas Sambal Bawang,
5722,Produk Segar & Beku,Makanan Siap Saji,Bean Spot Combo Nasi Ayam Penyet Opor Sayap/Paha Bawah Sambal Bawang,
5723,Produk Segar & Beku,Makanan Siap Saji,Bean Spot Bapao Taro Besar,
5724,Produk Segar & Beku,Makanan Siap Saji,Bean Spot Bapao Ayam,
5725,Produk Segar & Beku,Makanan Siap Saji,Bean Spot Elevate Roti Sosis Pizza,
5726,Produk Segar & Beku,Makanan Siap Saji,Bean Spot Gorengan Martabak Sayur,
5727,Produk Segar & Beku,Makanan Siap Saji,Bean Spot Elevate Roti Bluder Keju,
5728,Produk Segar & Beku,Makanan Siap Saji,Bean Spot Lumpia Goreng,
5729,Produk Segar & Beku,Makanan Siap Saji,Bean Spot Onigiri Abon Sapi Pedas,
5730,Produk Segar & Beku,Makanan Siap Saji,Bean Spot Onigiri Ayam Mayo,
5731,Produk Segar & Beku,Makanan Siap Saji,Bean Spot Roti Pisang Keju,
5732,Produk Segar & Beku,Makanan Siap Saji,Bean Spot Elevate Roti Pisang Cokelat Keju,
5733,Produk Segar & Beku,Makanan Siap Saji,Bean Spot Roti Pineapple Bun Frozen,
5734,Produk Segar & Beku,Makanan Siap Saji,Bean Spot Otak-otak Bakar 3 pcs,
5735,Produk Segar & Beku,Makanan Siap Saji,Bean Spot Onigiri Ebi Floss,
5736,Produk Segar & Beku,Makanan Siap Saji,Bean Spot Onigiri Ayam Pedas,
5737,Produk Segar & Beku,Makanan Siap Saji,Bean Spot Bapao Stroberi,
5738,Produk Segar & Beku,Makanan Siap Saji,Bean Spot Gorengan Martabak Ayam,
5739,Produk Segar & Beku,Makanan Siap Saji,Bean Spot Roti Sosis Pedas,
5740,Produk Segar & Beku,Makanan Siap Saji,Bean Spot Onigiri Tuna Mayo,
5741,Produk Segar & Beku,Makanan Siap Saji,Bean Spot Onigiri Chicken Teriyaki,
5742,Produk Segar & Beku,Makanan Siap Saji,Bean Spot Roti Choco Melt Frozen,
5743,Produk Segar & Beku,Makanan Siap Saji,Bean Spot Sosis Mayo,
5744,Produk Segar & Beku,Makanan Siap Saji,Bean Spot Arem Arem,
5745,Produk Segar & Beku,Makanan Siap Saji,Bean Spot Kue Swiss Roll,
5746,Produk Segar & Beku,Makanan Siap Saji,Bean Spot Bapao Cokelat,
5747,Produk Segar & Beku,Makanan Siap Saji,Bean Spot Pempek Cerewet 4 pcs,
5748,Produk Segar & Beku,Makanan Siap Saji,Bean Spot Roti Egg Chicken Floss Roll,
5749,Produk Segar & Beku,Makanan Siap Saji,Bean Spot Bapao,
5750,Produk Segar & Beku,Makanan Siap Saji,Bean Spot Pempek Campur 4 pcs,
5751,Produk Segar & Beku,Makanan Siap Saji,Bean Spot Elevate Roti Abon Cakalang,
5752,Produk Segar & Beku,Makanan Siap Saji,Bean Spot Onigiri Tuna Pedas,
5753,Produk Segar & Beku,Makanan Siap Saji,Bean Spot Siomay 4 pcs,
5754,Produk Segar & Beku,Makanan Siap Saji,Bean Spot Sosis,
5755,Produk Segar & Beku,Makanan Siap Saji,Bean Spot Bapao Srikaya,
5756,Produk Segar & Beku,Makanan Siap Saji,Bean Spot Onigiri Tuna,
5757,Produk Segar & Beku,Makanan Siap Saji,Bean Spot Roti Cokelat,
5758,Produk Segar & Beku,Makanan Siap Saji,Bean Spot Pizza Kotak,
5759,Produk Segar & Beku,Makanan Siap Saji,Bean Spot Chicken Floss Bun,
5760,Produk Segar & Beku,Makanan Siap Saji,Bean Spot Roti Zaretta Strussel Cokelat,
5761,Produk Segar & Beku,Makanan Siap Saji,Bean Spot Roti Keju Manis,
5762,Produk Segar & Beku,Makanan Siap Saji,Bean Spot Elevate Roti Abon Sapi,
5763,Produk Segar & Beku,Makanan Siap Saji,Bean Spot Roti Choco Fountain Bun,
5764,Produk Segar & Beku,Makanan Siap Saji,Bean Spot Roti Milky Cheese Frozen,
5765,Produk Segar & Beku,Makanan Siap Saji,Bean Spot Bapao Kacang Hijau,
5766,Produk Segar & Beku,Makanan Siap Saji,Bean Spot Danish Chocolate,
5767,Produk Segar & Beku,Makanan Siap Saji,Bean Spot Croissant,
5768,Produk Segar & Beku,Makanan Siap Saji,Bean Spot Combo Nasi Ayam Penyet Opor Sayap/Paha Bawah Sambal Matah,
5769,Produk Segar & Beku,Makanan Siap Saji,Bean Spot Bapao Cokelat Besar,
5770,Produk Segar & Beku,Makanan Siap Saji,Bean Spot Roti Polo Cokelat,
5771,Produk Segar & Beku,Makanan Siap Saji,Bean Spot Nasi Goreng Ayam Cabe Ijo,15.000
5772,Produk Segar & Beku,Makanan Siap Saji,Bean Spot Kimbo Bakso Pentol,8.900
5773,Produk Segar & Beku,Makanan Siap Saji,Kanzler Singles Bakso Gochujang 55 g,9.100
5774,Produk Segar & Beku,Makanan Siap Saji,So Good Sosis Jepang Saus Pedas 55 g,9.100
5775,Produk Segar & Beku,Makanan Siap Saji,Bean Spot Onigiri Ayam Suwir MC Deli,12.000
5776,Produk Segar & Beku,Makanan Siap Saji,Bean Spot Onigiri Rendang Cabe Ijo MC Deli,12.000
5777,Produk Segar & Beku,Makanan Siap Saji,Bean Spot Onigiri Ayam Pedas MC Deli,12.000
5778,Produk Segar & Beku,Makanan Siap Saji,Bean Spot Sosis Bakar Original Kimbo,11.500
5779,Produk Segar & Beku,Makanan Siap Saji,Kimbo Probites Sosis Korean Hot & Spicy 60 g,9.200
5780,Produk Segar & Beku,Makanan Siap Saji,Bean Spot Onigiri MC Deli Salmon Mayo,12.000
5781,Produk Segar & Beku,Makanan Siap Saji,Bean Spot Onigiri MC Deli Spicy Salmon,12.000
5782,Produk Segar & Beku,Makanan Siap Saji,Bean Spot Onigiri MC Deli Tuna Mayo,12.000
5783,Produk Segar & Beku,Makanan Siap Saji,Bean Spot Ciomy Cuanki Ayam Pedas 40 g - Ready to eat,22.000
5784,Produk Segar & Beku,Makanan Siap Saji,Bean Spot Ciomy Cuanki Ayam Keju Pedas 40 g - Ready to eat,23.000
5785,Produk Segar & Beku,Makanan Siap Saji,So Good Sosis Korea Buldak 58 g,9.200
5786,Produk Segar & Beku,Makanan Siap Saji,So Good Sosis Korea Keju Buldak 58 g,9.200
5787,Produk Segar & Beku,Makanan Siap Saji,Bean Spot Family Food Nasi Ayam Rica Box 320 g,39.000
5788,Produk Segar & Beku,Makanan Siap Saji,Bean Spot Family Food Nasi Kuning Ayam Cabai Hijau Rica Box 320 g,39.000
5789,Produk Segar & Beku,Makanan Siap Saji,Kanzler Singles Sosis Sapi & Ayam Tom Yum 60 g,8.900
5790,Produk Segar & Beku,Makanan Siap Saji,Bean Spot Nasi Goreng Cakalang Kecombrang,15.000
5791,Produk Segar & Beku,Makanan Siap Saji,Bean Spot Nasi Goreng Kampung,15.000
5792,Produk Segar & Beku,Makanan Siap Saji,Bean Spot Sosis Bakar Pedas Kimbo,11.500
5793,Produk Segar & Beku,Makanan Siap Saji,Bean Spot Kyla Seblak Cup 90 g - Ready To Eat,18.000
5794,Produk Segar & Beku,Makanan Siap Saji,Bean Spot Kyla Batagor Kuah Cup 80 g - Ready To Eat,20.000
5795,Produk Segar & Beku,Makanan Siap Saji,Bean Spot Risol Ayam Jamur,
5796,Produk Segar & Beku,Makanan Siap Saji,Bean Spot Sosis Bakar,
5797,Produk Segar & Beku,Makanan Siap Saji,Bean Spot Roti Cokelat Keju Jadoel,
5798,Produk Segar & Beku,Makanan Siap Saji,Bean Spot Pizza Sosis,
5799,Produk Segar & Beku,Makanan Siap Saji,Bean Spot Roti Cokelat Keju Jadoel,
5800,Produk Segar & Beku,Makanan Siap Saji,Bean Spot Roti Choco Cheese Bun,
5801,Produk Segar & Beku,Makanan Siap Saji,Bean Spot Telur Ayam Rebus (A),
5802,Produk Segar & Beku,Makanan Siap Saji,Bean Spot Roti Polo Cokelat,
5803,Produk Segar & Beku,Makanan Siap Saji,Bean Spot Gorengan Risoles Sayur,
5804,Produk Segar & Beku,Makanan Siap Saji,Bean Spot Roti Original Cokelat Keju,
5805,Produk Segar & Beku,Makanan Siap Saji,Bean Spot Roti Pisang Cokelat,
5806,Produk Segar & Beku,Makanan Siap Saji,Bean Spot Risol Jamur Mozarella,
5807,Produk Segar & Beku,Makanan Siap Saji,Bean Spot Otak-otak Singapore,
5808,Produk Segar & Beku,Makanan Siap Saji,Bean Spot Choco Cheese Bun,
5809,Produk Segar & Beku,Makanan Siap Saji,Bean Spot Sosis Bakar,
5810,Produk Segar & Beku,Makanan Siap Saji,Bean Spot Risol Pedas Teriyaki Mayo,
5811,Produk Segar & Beku,Makanan Siap Saji,Bean Spot Panini Peanut Butter,
5812,Produk Segar & Beku,Makanan Siap Saji,Bean Spot Roti Goreng Cokelat,
5813,Produk Segar & Beku,Makanan Siap Saji,Bean Spot Cake Banana,
5814,Produk Segar & Beku,Makanan Siap Saji,Bean Spot Brownies Cokelat,
5815,Produk Segar & Beku,Makanan Siap Saji,Bean Spot Brownies Espresso,
5816,Produk Segar & Beku,Makanan Siap Saji,Bean Spot Chicken Burger With Cheese,
5817,Produk Segar & Beku,Makanan Siap Saji,Bean Spot Risol Sweet Corn,
5818,Produk Segar & Beku,Makanan Siap Saji,Bean Spot Bapao Pandan Srikaya,
5819,Produk Segar & Beku,Makanan Siap Saji,Bean Spot Panini Smoke Beef & Cheese,
5820,Produk Segar & Beku,Makanan Siap Saji,Nasgul Nasi Gulung Siap Makan Tongseng Sapi 80 g,13.900
5821,Produk Segar & Beku,Makanan Siap Saji,Nasgul Nasi Gulung Siap Makan Rendang Sapi 80 g,13.900
5822,Produk Segar & Beku,Makanan Siap Saji,Nasgul Nasi Gulung Siap Makan Beef Bulgogi 80 gr,13.900
5823,Produk Segar & Beku,Makanan Siap Saji,Nasgul Nasi Gulung Siap Makan Sambal Teri 80 g,13.900
5824,Produk Segar & Beku,Makanan Siap Saji,Kimbo Probites Sosis Sapi & Ayam Keju Amerika 60 g,9.200
5825,Produk Segar & Beku,Makanan Siap Saji,Bean Spot Roti Goreng Cokelat Keju,7.500
5826,Produk Segar & Beku,Makanan Siap Saji,Bean Spot Roti Goreng Sosis,8.500
5827,Produk Segar & Beku,Makanan Siap Saji,Bean Spot Roti Long John Cokelat,8.500
5828,Produk Segar & Beku,Makanan Siap Saji,Bean Spot Risol Bolognese,6.500
5829,Produk Segar & Beku,Makanan Siap Saji,Bean Spot Risol Mac n Cheese,6.500
5830,Produk Segar & Beku,Makanan Siap Saji,Bean Spot Lumpia Goreng Pedas,5.500
5831,Produk Segar & Beku,Makanan Siap Saji,Kanzler Singles Sosis Sapi & Ayam Original 65 g,9.000
5832,Produk Segar & Beku,Makanan Siap Saji,Kanzler Singles Sosis Sapi & Ayam Keju 65 g,9.000
5833,Produk Segar & Beku,Makanan Siap Saji,Kanzler Singles Sosis Sapi & Ayam Mini 65 g,9.000
5834,Produk Segar & Beku,Makanan Siap Saji,So Nice Sosis Premium Smoked Bratwurst 60 g,8.500
5835,Produk Segar & Beku,Makanan Siap Saji,So Nice Sosis Premium Original 60 g,8.500
5836,Produk Segar & Beku,Makanan Siap Saji,So Nice Sosis Premium Pedas 60 g,8.500
5837,Produk Segar & Beku,Makanan Siap Saji,So Nice Sosis Siap Makan Sapi 480 g,26.800
5838,Produk Segar & Beku,Makanan Siap Saji,Forestly Minuman Serbuk Cokelat Hazelnut 27 g,13.000
5839,Produk Segar & Beku,Makanan Siap Saji,Sozzis Sosis Siap Makan Sapi 75 g,8.500
5840,Produk Segar & Beku,Makanan Siap Saji,Kanzler Singles Sosis Sapi & Ayam Gochujang 60 g,9.000
5841,Produk Segar & Beku,Makanan Siap Saji,Fiesta Ready to Go Sosis Ayam Hot Lava 60 g,9.500
5842,Produk Segar & Beku,Makanan Siap Saji,Fiesta Ready to Go Bakso Sapi Chessy Lava 55 g,9.500
5843,Produk Segar & Beku,Makanan Siap Saji,Fiesta Ready to Go Bakso Sapi dan Ayam Mentai Lava 55 g,9.500
5844,Produk Segar & Beku,Makanan Siap Saji,Fiesta Ready to Go Sosis Ayam Mentai Lava 60 g,9.500
5845,Produk Segar & Beku,Makanan Siap Saji,Sozzis Fill-O Sosis Siap Makan Ayam Saus Keju 45 g,4.100
5846,Produk Segar & Beku,Makanan Siap Saji,Kanzler Bakso Original 48 g,8.900
5847,Produk Segar & Beku,Makanan Siap Saji,Kanzler Bakso Keju 48 g,8.900
5848,Produk Segar & Beku,Makanan Siap Saji,Fiesta Ready to Go Sosis Ayam dan Sapi Original 65 g,9.000
5849,Produk Segar & Beku,Makanan Siap Saji,Fiesta Ready to Go Siomay Ayam 54 g,8.600
5850,Produk Segar & Beku,Makanan Siap Saji,Fiesta Ready to Go Bakso Daging Ayam Saus Barbekiu 60 g,9.000
5851,Produk Segar & Beku,Makanan Siap Saji,Fiesta Ready to Go Sosis Daging Ayam Cheesy Melt 65 g,9.000
5852,Produk Segar & Beku,Makanan Siap Saji,Fiesta Ready to Go Bakso Daging Ayam Keju 60 g,9.000
5853,Produk Segar & Beku,Makanan Siap Saji,Fiesta Ready to Go Sosis Ayam Spicy Korean 60 g,9.000
5854,Produk Segar & Beku,Makanan Siap Saji,Bean Spot Cancimen Batagor Kuah Instan Cup 75 g - Ready To Eat,16.000
5855,Produk Segar & Beku,Makanan Siap Saji,Bean Spot Cancimen Cuanki Ramen Ekstra Pedas Cup 75 g - Ready To Eat,16.000
5856,Produk Segar & Beku,Makanan Siap Saji,Fiesta Ready to Go Sosis Ayam Hickory Barbeque Lava 60 g,9.600
5857,Produk Segar & Beku,Makanan Siap Saji,Bean Spot Nasindo Nasi Goreng Pouch 85 g - Ready To Eat,8.000
5858,Produk Segar & Beku,Makanan Siap Saji,Bean Spot Nasindo Nasi Soto Pouch 85 g - Ready To Eat,8.000
5859,Produk Segar & Beku,Makanan Siap Saji,Bean Spot Grissini Sweet,8.900
5860,Produk Segar & Beku,Makanan Siap Saji,Bean Spot Grissini Salty,8.900
5861,Produk Segar & Beku,Makanan Siap Saji,Bean Spot Onigiri Tuna Mayo,
5862,Produk Segar & Beku,Makanan Siap Saji,Bean Spot Onigiri Ayam Teriyaki,
5863,Produk Segar & Beku,Makanan Siap Saji,Bean Spot Onigiri Daging Teriyaki,
5864,Produk Segar & Beku,Makanan Siap Saji,Bean Spot Siomay Ikan Ayam,
5865,Produk Segar & Beku,Makanan Siap Saji,Bean Spot Siomay Ikan Ayam Udang,
5866,Produk Segar & Beku,Makanan Siap Saji,Bean Spot Batagor Tahu Baso Seafood,
5867,Produk Segar & Beku,Makanan Siap Saji,Bean Spot Batagor Bakso Seafood,
5868,Produk Segar & Beku,Makanan Siap Saji,Bean Spot Bapao Kacang Merah,
5869,Produk Segar & Beku,Makanan Siap Saji,Bean Spot Bapao Ayam Panggang,
5870,Produk Segar & Beku,Makanan Siap Saji,Bean Spot Bapao Cokelat,
5871,Produk Segar & Beku,Makanan Siap Saji,Bean Spot Beef Burger With Cheese,
5872,Produk Segar & Beku,Makanan Siap Saji,Bean Spot Donat Wins Assorted,
5873,Produk Segar & Beku,Makanan Siap Saji,Bean Spot Telur Ayam Rebus,
5874,Produk Segar & Beku,Makanan Siap Saji,Bean Spot Bakso Bakar,8.000
5875,Produk Segar & Beku,Makanan Siap Saji,MamaSuka Jongga Fermentasi Sayur Kimchi Instan Original 50 g,11.500
5876,Produk Segar & Beku,Makanan Siap Saji,MamaSuka Jongga Fermentasi Sayur Kimchi Instan Pedas 50 g,11.500
5877,Produk Segar & Beku,Makanan Siap Saji,Kimbo Bratwurst Sosis Sapi 60 g,7.900
5878,Produk Segar & Beku,Makanan Siap Saji,Yuuka Food Teri Krispi Original 30 g,16.900
5879,Produk Segar & Beku,Makanan Siap Saji,Yuuka Food Teri Krispi Barbekiu 30 g,14.900
5880,Produk Segar & Beku,Makanan Siap Saji,Bean Spot Gorengan Risoles Smokebeef,6.000
5881,Produk Segar & Beku,Makanan Siap Saji,Bean Spot Gorengan Martabak,6.000
5882,Produk Segar & Beku,Makanan Siap Saji,Bean Spot Gorengan Pastel,6.000
5883,Produk Segar & Beku,Makanan Siap Saji,Bean Spot Roti Cokelat Keju Jadoel,7.500
5884,Produk Segar & Beku,Makanan Siap Saji,Bean Spot Sosis Bakar,10.000
5885,Produk Segar & Beku,Makanan Siap Saji,Bean Spot Gorengan Samosa Pedas,6.000
5886,Produk Segar & Beku,Makanan Siap Saji,Bean Spot Pisang Molen,6.000
5887,Produk Segar & Beku,Makanan Siap Saji,Bean Spot Roti Pizza Sosis,9.000
5888,Produk Segar & Beku,Makanan Siap Saji,Bean Spot Pisang Cokelat,6.000
5889,Produk Segar & Beku,Makanan Siap Saji,Bean Spot Gorengan Risoles Smoked Beef,6.000
5890,Produk Segar & Beku,Makanan Siap Saji,Bean Spot Gorengan Tahu Pedas,6.000
5891,Produk Segar & Beku,Makanan Siap Saji,Bean Spot Sosis Bakar Keju Kimbo,11.500
5892,Produk Segar & Beku,Makanan Siap Saji,So Good Sosis Jepang Keju Saus Pedas 55 g,9.100
5893,Produk Segar & Beku,Makanan Siap Saji,Kanzler Singles Sosis Sapi & Ayam Pedas 65 g,9.000
5894,Produk Segar & Beku,Makanan Siap Saji,So Nice Sosis Premium Keju 60 g,8.500
5895,Produk Segar & Beku,Makanan Siap Saji,Fiesta Ready to Go Sosis Ayam Cheesy Lava 60 g,9.500
5896,Produk Segar & Beku,Makanan Siap Saji,Kanzler Bakso Pedas 48 g,9.100
5897,Produk Segar & Beku,Makanan Siap Saji,Sozzis Sosis Siap Makan Ayam 75 g,7.500
5898,Produk Segar & Beku,Makanan Siap Saji,Bean Spot Onigiri Rendang Sapi,
5899,Produk Segar & Beku,Makanan Siap Saji,Bean Spot Bapao Kacang Hijau,
5900,Produk Segar & Beku,Makanan Siap Saji,Bean Spot Nasi Putih 200 g,
5901,Produk Segar & Beku,Makanan Siap Saji,Bean Spot Bapao Ayam Kecap,
5902,Produk Segar & Beku,Makanan Siap Saji,Bean Spot Gorengan Samosa Pedas,6.000
5903,Produk Segar & Beku,Makanan Siap Saji,Bean Spot Roti Polo Cokelat,9.500
5904,Produk Segar & Beku,Makanan Siap Saji,Bean Spot Sosis Solo,6.000
5905,Produk Segar & Beku,Makanan Siap Saji,Bean Spot Bread Pisang Cokelat,9.000
5906,Produk Segar & Beku,Makanan Siap Saji,Bean Spot Gorengan Martabak,6.000
5907,Produk Segar & Beku,Makanan Siap Saji,Bean Spot Gorengan Pastel,6.500
5908,Produk Segar & Beku,Makanan Siap Saji,Bean Spot Pisang Crunchy,5.000
5909,Produk Segar & Beku,Makanan Siap Saji,Bean Spot Gorengan Tahu Pedas,6.000
5910,Produk Segar & Beku,Minuman Siap Saji,Bean Spot Buavita Kopi Glowing 16 oz,18.000
5911,Produk Segar & Beku,Minuman Siap Saji,Bean Spot Buavita Milkshake Glowing 16 oz,25.000
5912,Produk Segar & Beku,Minuman Siap Saji,Bean Spot Es Matcha Latte 16 oz,18.000
5913,Produk Segar & Beku,Minuman Siap Saji,Bean Spot Es Coconut Mango 16 oz,20.000
5914,Produk Segar & Beku,Minuman Siap Saji,Alfamart Kopi Papua Cup 10 g,10.000
5915,Produk Segar & Beku,Minuman Siap Saji,Alfamart Kopi Sumatra Cup 10 g,10.000
5916,Produk Segar & Beku,Minuman Siap Saji,Alfamart Kopi Toraja Cup 10 g,10.000
5917,Produk Segar & Beku,Minuman Siap Saji,bean SPOT Iced Cokelat Hazelnut 16 oz,15.000
5918,Produk Segar & Beku,Minuman Siap Saji,bean SPOT Iced Cokelat Vanilla 16 oz,15.000
5919,Produk Segar & Beku,Minuman Siap Saji,bean SPOT Es Teh Manis,5.000
5920,Produk Segar & Beku,Minuman Siap Saji,Bean Spot Iced Quaker Choco Oat Vanila 16 oz,15.000
5921,Produk Segar & Beku,Minuman Siap Saji,Bean Spot Iced Quaker Choco Cheese Oat Machiato 16 oz,20.000
5922,Produk Segar & Beku,Minuman Siap Saji,bean SPOT Es Teh Leci,10.000
5923,Produk Segar & Beku,Minuman Siap Saji,Bean Spot Es Japanese Blossom,12.000
5924,Produk Segar & Beku,Minuman Siap Saji,Bean Spot Es Kopi Hitam Japanese Blossom,18.000
5925,Produk Segar & Beku,Minuman Siap Saji,Bean Spot Es Quaker Choco Berry Kalcer 16 oz,25.000
5926,Produk Segar & Beku,Minuman Siap Saji,Bean Spot Es Quaker Dubai Kalcer 16 oz,25.000
5927,Produk Segar & Beku,Minuman Siap Saji,Bean Spot Es Kopi Hitam Strawberry Hokkaido Cheese,18.000
5928,Produk Segar & Beku,Minuman Siap Saji,Bean Spot Es Strawberry Hokkaido Cheese,18.000
5929,Produk Segar & Beku,Minuman Siap Saji,Bean Spot Es Mango Latte 16 oz,18.000
5930,Produk Segar & Beku,Minuman Siap Saji,Bean Spot Es Green Tea Mango 16 oz,20.000
5931,Produk Segar & Beku,Minuman Siap Saji,Alfamart Kopi Aceh Cup 8 oz,10.000
5932,Produk Segar & Beku,Minuman Siap Saji,Alfamart Kopi Bali Cup 8 oz,10.000
5933,Produk Segar & Beku,Minuman Siap Saji,Bean Spot Es Cokelat Keju Macchiato 16 oz,15.000
5934,Produk Segar & Beku,Minuman Siap Saji,Forestly Minuman Serbuk Cokelat Vanila 27 g,13.000
5935,Produk Segar & Beku,Minuman Siap Saji,Forestly Minuman Serbuk Latte Teh Hijau 27 g,15.000
5936,Produk Segar & Beku,Minuman Siap Saji,bean SPOT Kopi Djadoel 16 oz,15.000
5937,Produk Segar & Beku,Minuman Siap Saji,Bean Spot Es Salted Caramel Latte16 oz,15.000
5938,Produk Segar & Beku,Minuman Siap Saji,Bean Spot Es Hazelnut Latte 16 oz,15.000
5939,Produk Segar & Beku,Minuman Siap Saji,Bean Spot Es Kopi Mocha Latte 16 oz,15.000
5940,Produk Segar & Beku,Minuman Siap Saji,Bean Spot Kopi Panas Caffe Mocha 8 oz,15.000
5941,Produk Segar & Beku,Minuman Siap Saji,Bean Spot Es Kopi Latte Gula Jawa,15.000
5942,Produk Segar & Beku,Minuman Siap Saji,Bean Spot Es Kopi Americano,15.000
5943,Produk Segar & Beku,Minuman Siap Saji,Bean Spot Es Green Tea Latte 16 oz,18.000
5944,Produk Segar & Beku,Minuman Siap Saji,Bean Spot Es Kopi Susu 16 oz,15.000
5945,Produk Segar & Beku,Minuman Siap Saji,Bean Spot Es Kopi Shake Cheese Espresso,15.000
5946,Produk Segar & Beku,Minuman Siap Saji,Bean Spot Es Kopi Caffe Latte,15.000
5947,Produk Segar & Beku,Minuman Siap Saji,Bean Spot Es Kopi Cappuccino,15.000
5948,Produk Segar & Beku,Minuman Siap Saji,Bean Spot Es Hydro Coco Cloud Matcha 16 oz,
5949,Produk Segar & Beku,Minuman Siap Saji,Bean Spot Es Hydro Coco Mango Sticky Rice 16 oz,
5950,Produk Segar & Beku,Minuman Siap Saji,Bean Spot Es Hydro Coco Grapecanno 16OZ,
5951,Produk Segar & Beku,Minuman Siap Saji,Bean Spot Es Choco Frappe,
5952,Produk Segar & Beku,Minuman Siap Saji,Bean Spot Es Frappucino,
5953,Produk Segar & Beku,Minuman Siap Saji,Bean Spot Es Matcha Frappe,
5954,Produk Segar & Beku,Makanan Segar,Sunpride Nanas Honi,
5955,Produk Segar & Beku,Makanan Segar,Kiwi Zespri Green Pack 2 pcs,
5956,Produk Segar & Beku,Makanan Segar,CF Buah Segar Jambu Kristal Pack,
5957,Produk Segar & Beku,Makanan Segar,Frui! Buah Pisang Baby 5 pcs,
5958,Produk Segar & Beku,Makanan Segar,Palm' Frutt Buah Kurma 250 g,
5959,Produk Segar & Beku,Makanan Segar,Buah Pear Century Pack 2 pcs,
5960,Produk Segar & Beku,Makanan Segar,Alfamart Bazar Telur Ayam Negeri (Umur Konsumsi 2 Hari),
5961,Produk Segar & Beku,Makanan Segar,Alfamart Telur Asin 1 pcs,
5962,Produk Segar & Beku,Makanan Segar,Alfamart Telur Ayam 10 pcs,
5963,Produk Segar & Beku,Makanan Segar,Sunny Farm Telur Ayam 10 pcs,
5964,Produk Segar & Beku,Makanan Segar,Alfamart Telur Ayam Omega (Well Egg) 10 pcs,
5965,Produk Segar & Beku,Makanan Segar,Alfamart Telur Ayam Negeri 10 pcs,
5966,Produk Segar & Beku,Makanan Segar,Alfamart Telur Ayam Negeri 10 pcs,
5967,Produk Segar & Beku,Makanan Segar,Alfamart Telur Ayam Negeri 10 pcs,
5968,Produk Segar & Beku,Makanan Segar,Alfamart Telur Ayam Negeri Omega 6 pcs,
5969,Produk Segar & Beku,Makanan Segar,Alfamart Telur Ayam Negeri (Happy Egg) 10 pcs,
5970,Produk Segar & Beku,Makanan Segar,Alfamart Telur Ayam Negeri 10 pcs,
5971,Produk Segar & Beku,Makanan Segar,Alfamart Telur Ayam Negeri 10 pcs,
5972,Produk Segar & Beku,Makanan Segar,Segari Cabai Rawit Merah 150-160 g,
5973,Produk Segar & Beku,Makanan Segar,Segari Ubi Ungu 400 - 500 g,
5974,Produk Segar & Beku,Makanan Segar,Segari Cabai Hijau Keriting 150 -160 g,
5975,Produk Segar & Beku,Makanan Segar,Segari Cabai Hijau Besar 150 - 160 g,
5976,Produk Segar & Beku,Makanan Segar,Segari Cabai Rawit Hijau 150 - 160 g,
5977,Produk Segar & Beku,Makanan Segar,Segari Ubi Merah 400 -500 g,
5978,Produk Segar & Beku,Makanan Segar,Segari Buah Jeruk Limau 250 g,
5979,Produk Segar & Beku,Makanan Segar,Segari Buah Naga Merah 0.9 - 1.1 kg,
5980,Produk Segar & Beku,Makanan Segar,Segari Kencur 50 g,
5981,Produk Segar & Beku,Makanan Segar,Segari Ubi Cilembu 400 - 500 g,
5982,Produk Segar & Beku,Makanan Segar,Segari Kemiri 90 - 100 g,
5983,Produk Segar & Beku,Makanan Segar,Segari Lengkuas 90 - 110 g,
5984,Produk Segar & Beku,Makanan Segar,Segari Kunyit 90 - 100 g,
5985,Produk Segar & Beku,Makanan Segar,Segari Ketumbar 50 g,
5986,Produk Segar & Beku,Makanan Segar,Segari Tomat Merah 450-500 g,
5987,Produk Segar & Beku,Makanan Segar,Segari Sayur Labu Siam Besar 450 - 550 g,
5988,Produk Segar & Beku,Makanan Segar,Segari Sayur Jagung Manis Kulit 700 - 800 g,
5989,Produk Segar & Beku,Makanan Segar,Segari Sayur Jagung Manis Kupas 500 - 550 g,
5990,Produk Segar & Beku,Makanan Segar,Segari Sayur Terong Ungu 450 - 500 g,
5991,Produk Segar & Beku,Makanan Segar,Segari Tomat Cherry 250 g,
5992,Produk Segar & Beku,Makanan Segar,Segari Jamur Tiram 250 g,
5993,Produk Segar & Beku,Makanan Segar,Segari Sayur Labu Siam Kecil 450 - 550 g,
5994,Produk Segar & Beku,Makanan Segar,Segari Terong Bulat 150 g,
5995,Produk Segar & Beku,Makanan Segar,Segari Sayur Jagung Acar Kulit 200 g,
5996,Produk Segar & Beku,Makanan Segar,Segari Tomat Hijau 100 g,
5997,Produk Segar & Beku,Makanan Segar,Segari Wortel Berastagi 400-500 g,
5998,Produk Segar & Beku,Makanan Segar,Segari Tahu Cina 400-500 g,
5999,Produk Segar & Beku,Makanan Segar,Segari Jamur Enoki 100 g,
6000,Produk Segar & Beku,Makanan Segar,Segari Tempe Daun 350 g,
6001,Produk Segar & Beku,Makanan Segar,Segari Buah Stroberi Lokal 220 - 250 g,
6002,Produk Segar & Beku,Makanan Segar,Segari Buah Semangka Merah 3 - 3.5 kg,
6003,Produk Segar & Beku,Makanan Segar,Segari Sayur Buncis 480 - 500 g,
6004,Produk Segar & Beku,Makanan Segar,Segari Kacang Panjang 230 - 250 g,
6005,Produk Segar & Beku,Makanan Segar,Segari Timun Besar 450 - 500 g,
6006,Produk Segar & Beku,Makanan Segar,Segari Jeruk Nipis 230 - 250 g,
6007,Produk Segar & Beku,Makanan Segar,Segari Bawang Merah Brebes 250 - 260 g,
6008,Produk Segar & Beku,Makanan Segar,Segari Jahe 90 - 110 g,
6009,Produk Segar & Beku,Makanan Segar,Segari Sayur Tauge 250 g,
6010,Produk Segar & Beku,Makanan Segar,Segari Brokoli 450-500 g,
6011,Produk Segar & Beku,Makanan Segar,Segari Bawang Merah 100-120 g,
6012,Produk Segar & Beku,Makanan Segar,Segari Pisang Cavendish Baby 450 - 550 g,
6013,Produk Segar & Beku,Makanan Segar,Segari Cabai Merah Keriting 150-160 g,
6014,Produk Segar & Beku,Makanan Segar,Gado Telur Bebek Asin 55 g,11.900
6015,Produk Segar & Beku,Makanan Segar,Alfamart Telur Ayam Kampung 6 pcs,4.700
6016,Produk Segar & Beku,Makanan Segar,Alfamart Telur Ayam Negeri,2.500
6017,Produk Segar & Beku,Makanan Segar,Segari Bawang Bombay 400 - 500 g,
6018,Produk Segar & Beku,Makanan Segar,Segari Bit Merah 450 - 500 g,
6019,Produk Segar & Beku,Makanan Segar,Segari Daun Ketumbar 40 - 60 g,
6020,Produk Segar & Beku,Makanan Segar,Segari Sayur Tauge Kecambah 140 - 155 g,
6021,Produk Segar & Beku,Makanan Segar,Segari Sayur Selada Air 240 - 260 g,
6022,Produk Segar & Beku,Makanan Segar,Segari Daun Singkong 190 - 210 g,
6023,Produk Segar & Beku,Makanan Segar,Segari Daun Kari 20 - 25 g,
6024,Produk Segar & Beku,Makanan Segar,Segari Daun Pandan 50 g,
6025,Produk Segar & Beku,Makanan Segar,Segari Sayur Baby Pakcoy 230 - 250 g,
6026,Produk Segar & Beku,Makanan Segar,Segari Sayur Kubis 800 - 1000 g,
6027,Produk Segar & Beku,Makanan Segar,Segari Paprika Kuning 160 - 200 g,
6028,Produk Segar & Beku,Makanan Segar,Segari Sayur Kembang Kol 450 - 500 g,
6029,Produk Segar & Beku,Makanan Segar,Segari Buah Anggur Hijau Muscat 475 - 500 g,
6030,Produk Segar & Beku,Makanan Segar,Segari Sayur Kubis Ungu 500 - 600 g,
6031,Produk Segar & Beku,Makanan Segar,Segari Sayur Oyong 400 - 450 g,
6032,Produk Segar & Beku,Makanan Segar,Segari Jamur Shitake 200 g,
6033,Produk Segar & Beku,Makanan Segar,Segari Buah Apel Red Del 450 - 550 g,
6034,Produk Segar & Beku,Makanan Segar,Segari Tahu Kuning 400-500 g,
6035,Produk Segar & Beku,Makanan Segar,Segari Sayur Selada Hijau Keriting 200 - 250 g,
6036,Produk Segar & Beku,Makanan Segar,Segari Sayur Bayam Hijau 230 - 250 g,
6037,Produk Segar & Beku,Makanan Segar,Segari Sayur Sawi Hijau 230 - 250 g,
6038,Produk Segar & Beku,Makanan Segar,Segari Sayur Pakcoy 200 - 250 g,
6039,Produk Segar & Beku,Makanan Segar,Segari Jamur Champignon 250 g,
6040,Produk Segar & Beku,Makanan Segar,Segari Sayur Lettuce Romaine 250 - 350 g,
6041,Produk Segar & Beku,Makanan Segar,Segari Sayur Kangkung 240 - 260 g,
6042,Produk Segar & Beku,Makanan Segar,Segari Kentang Dieng 0.9-1 kg,
6043,Produk Segar & Beku,Makanan Segar,Segari Daun Bawang 140 - 160 g,
6044,Produk Segar & Beku,Makanan Segar,Segari Seledri 140 - 160 g,
6045,Produk Segar & Beku,Makanan Segar,Segari Bawang Putih Kating 250 g,
6046,Produk Segar & Beku,Makanan Segar,Segari Daun Kemangi 90 - 100 g,
6047,Produk Segar & Beku,Makanan Segar,Segari Cabai Merah Besar 150 - 160 g,
6048,Produk Segar & Beku,Makanan Segar,Segari Bawang Putih 250 - 260 g,
6049,Produk Segar & Beku,Makanan Segar,Segari Daun Jeruk 10 g,
6050,Produk Segar & Beku,Makanan Segar,Segari Daun Salam 10 g,
6051,Produk Segar & Beku,Makanan Segar,Segari Sereh 90 - 100 g,
6052,Produk Segar & Beku,Makanan Segar,Segari Kacang Kapri 140 - 160 g,
6053,Produk Segar & Beku,Makanan Segar,Segari Sayur Pare 400 - 450 g,
6054,Produk Segar & Beku,Makanan Segar,Segari Sayur Petai Papan 1 pcs,
6055,Produk Segar & Beku,Makanan Segar,Segari Singkong 900 - 1000 g,
6056,Produk Segar & Beku,Makanan Segar,Segari Sayur Kailan 190 - 210 g,
6057,Produk Segar & Beku,Makanan Segar,Segari Jamur Kuping 140 - 160 g,
6058,Produk Segar & Beku,Makanan Segar,Segari Kacang Merah 240 - 260 g,
6059,Produk Segar & Beku,Makanan Segar,Segari Sayur Ceciwis 140 - 160 g,
6060,Produk Segar & Beku,Makanan Segar,Segari Sayur Kucai 80 - 100 g,
6061,Produk Segar & Beku,Makanan Segar,Alfamart Telur Ayam Kampung Arab Merah 4 pcs,5.500
6062,Produk Segar & Beku,Makanan Beku,belfoods Sosis Ayam 200 g,
6063,Produk Segar & Beku,Makanan Beku,Champ Naget Ayam 450 g,
6064,Produk Segar & Beku,Makanan Beku,Mitraku Bakso Seafood Mix 250 g,
6065,Produk Segar & Beku,Makanan Beku,Fiesta Karage Daging Paha Ayam 400 g,
6066,Produk Segar & Beku,Makanan Beku,BenFarm Frankfurter Sosis Keju 300 g,
6067,Produk Segar & Beku,Makanan Beku,BenFarm Karage Ayam 400 g,
6068,Produk Segar & Beku,Makanan Beku,Golden Farm French Fries Crinkle Cut 500 g,
6069,Produk Segar & Beku,Makanan Beku,Golden Farm Kentang Goreng Straight Cut 500 g,
6070,Produk Segar & Beku,Makanan Beku,Belfoods Naget Ayam Corn Flakes 450 g,
6071,Produk Segar & Beku,Makanan Beku,Kanzler Naget Ayam Krispi Pedas 450 g,
6072,Produk Segar & Beku,Makanan Beku,Akumo Naget Ayam 500 g,
6073,Produk Segar & Beku,Makanan Beku,Royal by belfoods Naget Ayam Drummies 470 g,
6074,Produk Segar & Beku,Makanan Beku,Ebinoya Udang Lapis Roti 10 pcs,
6075,Produk Segar & Beku,Makanan Beku,Cedea Salmon Ball 200 g,
6076,Produk Segar & Beku,Makanan Beku,Cedea Dumpling Ikan Rasa Keju 200 g,
6077,Produk Segar & Beku,Makanan Beku,Cedea Dumpling Ikan Rasa Ayam 200 g,
6078,Produk Segar & Beku,Makanan Beku,Cedea Steamboat Tomyum 300 g,
6079,Produk Segar & Beku,Makanan Beku,CEDEA Crab Stick 250 g,
6080,Produk Segar & Beku,Makanan Beku,Bernardi Bakso Daging Sapi 150 g,
6081,Produk Segar & Beku,Makanan Beku,Champ Stik Naget Ayam 250 g,
6082,Produk Segar & Beku,Makanan Beku,Champ Naget Ayam bentuk ABC 500 g,
6083,Produk Segar & Beku,Makanan Beku,belfoods Ayam Goreng Korea Gangnam Chicken 200 g,
6084,Produk Segar & Beku,Makanan Beku,Fiesta Kentang Goreng Beku Butter Coated 500 g,
6085,Produk Segar & Beku,Makanan Beku,FIESTA Pop Bites With Thousand Island 500 g,
6086,Produk Segar & Beku,Makanan Beku,So Good Naget Ayam Animal Pizza 400 g,
6087,Produk Segar & Beku,Makanan Beku,Cedea Steamboat Set 300 g,
6088,Produk Segar & Beku,Makanan Beku,belfoods Spicy Wings 500 g,
6089,Produk Segar & Beku,Makanan Beku,BenFarm Stik Naget Ayam 400 g,
6090,Produk Segar & Beku,Makanan Beku,Belfoods Bakso Premium Bonanza 180 g,
6091,Produk Segar & Beku,Makanan Beku,Golden Farm Potato Naget Kentang Goreng Beku 750 g,
6092,Produk Segar & Beku,Makanan Beku,So Good Karage Ayam Original 400 g,
6093,Produk Segar & Beku,Makanan Beku,Royal by belfoods Frankfurter Daging 200 g,
6094,Produk Segar & Beku,Makanan Beku,Fiesta Naget Ayam Stikie 400 g,
6095,Produk Segar & Beku,Makanan Beku,belfoods Royal Naget Ayam 470 g,
6096,Produk Segar & Beku,Makanan Beku,Fiesta Naget Ayam 400 g,
6097,Produk Segar & Beku,Makanan Beku,Fiesta Ayam Spicy Wing 400 g,
6098,Produk Segar & Beku,Makanan Beku,So Good Stik Ayam Krispi 400 g,
6099,Produk Segar & Beku,Makanan Beku,belfoods Naget Ayam Stik Crunchy 450 g,
6100,Produk Segar & Beku,Makanan Beku,belfoods Favorite Chicken Nugget 250 g,
6101,Produk Segar & Beku,Makanan Beku,So Good Stik Ayam Premium Original 400 g,
6102,Produk Segar & Beku,Makanan Beku,Bumifood Fish and Chips 200 g,
6103,Produk Segar & Beku,Makanan Beku,BumiFood Gyoza Ayam 200 g,
6104,Produk Segar & Beku,Makanan Beku,So Good Paha & Dada Ayam Siap Olah 1 kg,
6105,Produk Segar & Beku,Makanan Beku,Fiesta Naget Ayam 200 g,
6106,Produk Segar & Beku,Makanan Beku,Champ Naget Ayam Stikie 225 g,
6107,Produk Segar & Beku,Makanan Beku,Fiesta Rice Bites Keju Italia 400 g,
6108,Produk Segar & Beku,Makanan Beku,Fiesta Rice Bites Keju Yakiniku 400 g,
6109,Produk Segar & Beku,Makanan Beku,Kanzler Naget Ayam Original 450 g,
6110,Produk Segar & Beku,Makanan Beku,So Good Spicy Wing 400 g,
6111,Produk Segar & Beku,Makanan Beku,Kanzler Stik Naget Ayam Krispi 450 g,
6112,Produk Segar & Beku,Makanan Beku,So Good Naget Ayam Dino Bites Original 400 g,
6113,Produk Segar & Beku,Makanan Beku,Fiesta Naget Ayam Bubble Krispi 400 g,
6114,Produk Segar & Beku,Makanan Beku,belfoods Favorite Naget Ayam 500 g,
6115,Produk Segar & Beku,Makanan Beku,BenFarm Ayam Popcorn Pedas 400 g,
6116,Produk Segar & Beku,Makanan Beku,Belfoods Favorite Stik Naget Ayam 250 g,
6117,Produk Segar & Beku,Makanan Beku,BenFarm Ayam Madu Wings 400 g,
6118,Produk Segar & Beku,Makanan Beku,So Good Stik Ayam Original 200 g,
6119,Produk Segar & Beku,Makanan Beku,So Good Naget Ayam Krispi 400 g,
6120,Produk Segar & Beku,Makanan Beku,Kanzler Sosis Original Coktail 250 g,
6121,Produk Segar & Beku,Makanan Beku,BenFarm Naget Ayam Premium 400 g,
6122,Produk Segar & Beku,Makanan Beku,Cedea Eomuk Bar Korean Spicy 65 g,5.900
6123,Produk Segar & Beku,Makanan Beku,Cedea Eomuk Bar Cheese Tasty 65 g,5.900
6124,Produk Segar & Beku,Makanan Beku,Sumber Selera Bakso SB Daging Sapi & Ayam Serbaguna 25 pcs,
6125,Produk Segar & Beku,Makanan Beku,So Good Naget Ayam Original 400 g,
6126,Produk Segar & Beku,Makanan Beku,Champ Sosis Ayam 500 g,
6127,Produk Segar & Beku,Makanan Beku,So Nice Sosis Ayam Sedaaap! 375 g,
6128,Produk Segar & Beku,Makanan Beku,Kanzler Naget Ayam Krispi 450 g,
6129,Produk Segar & Beku,Makanan Beku,Golden Farm Kentang Goreng Shoestring 1 kg,
6130,Produk Segar & Beku,Makanan Beku,So Nice Naget Ayam Sedaaap! 500 g,
6131,Produk Segar & Beku,Makanan Beku,Champ Naget Ayam 225 g,
6132,Produk Segar & Beku,Makanan Beku,Fiesta Kentang Goreng Shoestring 500 g,
6133,Produk Segar & Beku,Makanan Beku,Segari Daging Sapi Potongan Rendang 250-275 g,
6134,Produk Segar & Beku,Makanan Beku,Segari Daging Sapi Potongan Sup 450-500 g,
6135,Produk Segar & Beku,Makanan Beku,Segari Daging Ayam Broiler Utuh 800-900 g,
6136,Produk Segar & Beku,Makanan Beku,Segari Daging Sapi Potongan Shortplate 250-277 g,
6137,Produk Segar & Beku,Makanan Beku,Segari Udang Vaname Kupas 200-250 g,
6138,Produk Segar & Beku,Makanan Beku,Segari Daging Sapi Giling 250-275 g,
6139,Produk Segar & Beku,Makanan Beku,Segari Ikan Salmon Fillet 180-200 g,
6140,Produk Segar & Beku,Makanan Beku,Segari Ikan Dori Fillet 200-250 g,
6141,Produk Segar & Beku,Makanan Beku,Segari Daging Ayam Dada 450-500 g,
6142,Produk Segar & Beku,Makanan Beku,Segari Daging Ayam Sayap Bagian Stick 450-500 g,
6143,Produk Segar & Beku,Makanan Beku,Segari Daging Ayam Paha Bawah 450-500 g,
6144,Produk Segar & Beku,Makanan Beku,Segari Daging Ayam Paha 450-500 g,
6145,Produk Segar & Beku,Makanan Beku,Segari Daging Ayam Sayap Utuh 450-500 g,
6146,Produk Segar & Beku,Makanan Beku,Segari Daging Ayam Sayap Bagian Tengah 450-500 g,
6147,Produk Segar & Beku,Makanan Beku,Golden Farm Kentang Goreng Coated 500 g,
6148,Produk Segar & Beku,Makanan Beku,So Good Naget Ayam Alphabet 400 g,
6149,Produk Segar & Beku,Makanan Beku,Belfoods Favorite Stik Naget Ayam 500 g,
6150,Produk Segar & Beku,Makanan Beku,belfoods Naget Ayam Crunchy 500 g,
6151,Produk Segar & Beku,Makanan Beku,BenFarm Frankfurter Sosis Ayam 300 g,
6152,Produk Segar & Beku,Makanan Beku,Benfarm Crispy Mac and Cheese Bites 180 g,
6153,Produk Segar & Beku,Makanan Beku,So Good Naget Ayam Mac and Cheese 400 g,
6154,Produk Segar & Beku,Makanan Beku,Kimbo Heppiii Bakso Sapi 325 g,
6155,Produk Segar & Beku,Makanan Beku,Belfoods Sosis Ayam Cocktail 400 g,
6156,Produk Segar & Beku,Makanan Beku,Champ Naget Ayam Crunchy 450 g,
6157,Produk Segar & Beku,Makanan Beku,So Good Naget Ayam Pedas Krispi 400 g,
6158,Produk Segar & Beku,Makanan Beku,BenFarm Stik Naget Ayam 300 g,
6159,Produk Segar & Beku,Makanan Beku,Belfoods Naget Ayam Be The Star Pizza 450 g,
6160,Produk Segar & Beku,Makanan Beku,BenFarm Spicy Wings Ayam 400 g,
6161,Produk Segar & Beku,Makanan Beku,Just Fry Kentang Goreng Shoestring 900 g,
6162,Produk Segar & Beku,Es Krim,Campina Happy Cow Es Krim Vanila Cup 85 ml,9.200
6163,Produk Segar & Beku,Es Krim,Campina Concerto Es Krim Midi Stroberi Chunk 80 ml,6.500
6164,Produk Segar & Beku,Es Krim,Campina Concerto Es Krim Choco Passion 110 ml,11.000
6165,Produk Segar & Beku,Es Krim,Campina SpongeBob Squarepants Es Krim Fantastic Choco Banana Stick 70 ml,6.000
6166,Produk Segar & Beku,Es Krim,Campina Hula Hula Es Krim Tape Ketan Hitam 45 ml,5.500
6167,Produk Segar & Beku,Es Krim,Wall's Calippo Pokemon Es Krim Stroberi Nanas 100 ml,10.500
6168,Produk Segar & Beku,Es Krim,Wall's Cornetto Es Krim Yogurt Berry 108 ml,11.500
6169,Produk Segar & Beku,Es Krim,Wall's Cornetto Es Krim Disc Oreo 110 ml,14.100
6170,Produk Segar & Beku,Es Krim,Campina Hula Hula Es Krim Durian 90 ml,16.300
6171,Produk Segar & Beku,Es Krim,Campina Es Krim Kacang Cashew 90 ml,12.800
6172,Produk Segar & Beku,Es Krim,Campina Es Krim Cheese Cake Stroberi Cup 90 ml,13.200
6173,Produk Segar & Beku,Es Krim,Campina Hula Hula Es Krim Alpukat 45 ml,5.300
6174,Produk Segar & Beku,Es Krim,Aice Es Krim Mochi Cokelat 45 g,
6175,Produk Segar & Beku,Es Krim,Campina Es Krim O'Cheesecake Cup 90 ml,
6176,Produk Segar & Beku,Es Krim,Campina Es Krim Rasa Stroberi Jeruk Nipis 90 ml,
6177,Produk Segar & Beku,Es Krim,Haagen-Dazs Es Krim Vanila Cup 75 ml,
6178,Produk Segar & Beku,Es Krim,Haagen-Dazs Es Krim Stroberi Cup 75 ml,
6179,Produk Segar & Beku,Es Krim,Haagen-Dazs Es Krim Cookies & Cream Cup 75 ml,
6180,Produk Segar & Beku,Es Krim,Joyday Es Krim Grande Scoop Cokelat Vanila Cup 290 ml,
6181,Produk Segar & Beku,Es Krim,Aice Es Krim Sandwich Cookies Panda 6 x 45 ml,
6182,Produk Segar & Beku,Es Krim,Joyday Es Krim Twist Cone Chocolate & Forest Berry 133 ml,
6183,Produk Segar & Beku,Es Krim,Glico Wings Haku Es Krim Almond Classic Deluxe Stick 90 ml,
6184,Produk Segar & Beku,Es Krim,Wall's Cornetto Es Krim Stroberi Matcha 108 ml,
6185,Produk Segar & Beku,Es Krim,Joyday Es Krim Crunchy Cokelat Malt 65 ml,
6186,Produk Segar & Beku,Es Krim,Kaluli Es Krim Choco Master Stik 60 ml,
6187,Produk Segar & Beku,Es Krim,Joyday Es Krim Double Scoop Kelapa Mangga Cup 100 ml,
6188,Produk Segar & Beku,Es Krim,Aice Es Krim Cokelat Almond Klasik 90 ml,
6189,Produk Segar & Beku,Es Krim,Joyday Es Krim Crunchy Vanila Cookies 65 ml,
6190,Produk Segar & Beku,Es Krim,Campina Happy Cow Es Krim Vanila Cup 85 ml,
6191,Produk Segar & Beku,Es Krim,Aice Crispy Balls Es Krim Cokelat Malt 65 ml,
6192,Produk Segar & Beku,Es Krim,Joyday Es Krim Dolce Creme Black Forrest 90 ml,
6193,Produk Segar & Beku,Es Krim,Joyday Es Krim Sandwich Rasa Tiramisu 100 ml,
6194,Produk Segar & Beku,Es Krim,Joyday Es Krim Crunchy Cokelat Bluberi 65 ml,
6195,Produk Segar & Beku,Es Krim,Kaluli Es Krim Light Yummy Rasa Yogurt 130 ml,
6196,Produk Segar & Beku,Es Krim,Aice Es Krim Sundae Cokelat 100 ml,
6197,Produk Segar & Beku,Es Krim,Campina Es Krim Kacang Cashew 90 ml,
6198,Produk Segar & Beku,Es Krim,Joyday Es Krim Dolce Creme Vanilla 90 ml,
6199,Produk Segar & Beku,Es Krim,Joyday Es Krim Strawberry Sweet Crunchy 70 ml,
6200,Produk Segar & Beku,Es Krim,Aice Mochi Es Krim Pisang 45 g,
6201,Produk Segar & Beku,Es Krim,Aice Es Krim Stroberi Krispi 90 ml,
6202,Produk Segar & Beku,Es Krim,Joyday Es Krim Mulberry Red Velvet 60 g,
6203,Produk Segar & Beku,Es Krim,Joyday Es Krim Susu Rasa Cokelat Vanila Double Scoop 100 ml,
6204,Produk Segar & Beku,Es Krim,Joyday Es Krim Double Scoop Stroberi Vanila Cup 100 ml,
6205,Produk Segar & Beku,Es Krim,Joyday Es Krim Neapolitan Cup 160 ml,
6206,Produk Segar & Beku,Es Krim,Aice Histeria Es Krim Vanila 70 ml,
6207,Produk Segar & Beku,Es Krim,Aice Histeria Es Krim Peach 70 ml,
6208,Produk Segar & Beku,Es Krim,Joyday Es Krim Sandwich Rasa Vanila Berry 100 ml,
6209,Produk Segar & Beku,Es Krim,Aice Es Krim Cokelat Krispi 60 g,
6210,Produk Segar & Beku,Es Krim,Campina Patrick Es Krim Stroberi Cokelat Vanila 65 ml,6.200
6211,Produk Segar & Beku,Es Krim,Wall's Paddle Pop Es Krim Choco Lava 50 ml,4.100
6212,Produk Segar & Beku,Es Krim,Wall's Solero Es Krim Mangga 65 ml,5.600
6213,Produk Segar & Beku,Es Krim,Campina Es Krim Heart Crunchy Stroberi Vanila 88 ml,6.500
6214,Produk Segar & Beku,Es Krim,"7Cosia Es Lolipop Indulge Time Rasa Cola, Yogurt, Peach 8 x 82 g",8.900
6215,Produk Segar & Beku,Es Krim,Wong Coco Bonbon Stik Es Rasa Buah 5 x 85 ml,8.000
6216,Produk Segar & Beku,Es Krim,Campina Concerto Es Krim Midi Cookie Creamy 80 ml,6.800
6217,Produk Segar & Beku,Es Krim,Campina Concerto Es Krim Midi Stroberi Chunk 80 ml,6.800
6218,Produk Segar & Beku,Es Krim,Glico Wings Haku Es Krim Tiramisu Cup 110 ml,10.200
6219,Produk Segar & Beku,Es Krim,Wong Coco Es Bon Bon Cokelat Stroberi 5 x 85 g,8.900
6220,Produk Segar & Beku,Es Krim,Wall's Magnum Es Krim Cokelat Luxe 80 ml,20.200
6221,Produk Segar & Beku,Es Krim,"Wall's Upin Ipin Es Krim Semangka, Jeruk, Nanas 60 ml",4.800
6222,Produk Segar & Beku,Es Krim,Wall's Calippo Star Wars Es Krim Stroberi 100 ml,10.400
6223,Produk Segar & Beku,Es Krim,Wall's Populaire Es Krim Fruity Mango 90 ml,6.000
6224,Produk Segar & Beku,Es Krim,Campina Es Krim Rainbow Pops 60 ml,5.400
6225,Produk Segar & Beku,Es Krim,Wall's Magnum Cafe Au Lait Rasa Kopi Susu 80 ml,20.100
6226,Produk Segar & Beku,Es Krim,Glico Wings Frostbite Es Krim Mochi Pandan Srikaya 46 ml,3.500
6227,Produk Segar & Beku,Es Krim,Campina SpongeBob Squarepants Es Krim Fantastic Choco Banana Cup 80 ml,6.400
6228,Produk Segar & Beku,Es Krim,Wall's Cornetto Es Krim Apple Crumb 108 ml,10.800
6229,Produk Segar & Beku,Es Krim,Campina Es Krim Cookie Creamy 350 ml,27.000
6230,Produk Segar & Beku,Es Krim,Wall's Solero Es Krim Lava Berries 65 ml,8.000
6231,Produk Segar & Beku,Es Krim,Wall's Es Krim Ice Ball Guava Stroberi 69 ml,10.500
6232,Produk Segar & Beku,Es Krim,Campina Fruitzy Es Krim Rasa Apel 90 ml,5.100
6233,Produk Segar & Beku,Es Krim,Campina Concerto Es Krim Midi Cookie Creamy 80 ml,6.500
6234,Produk Segar & Beku,Es Krim,Campina Hula Hula Es Krim Kacang Hijau 45 ml,5.000
6235,Produk Segar & Beku,Es Krim,Campina Frozen Es Krim Vanila Cotton Candy 55 ml,6.000
6236,Produk Segar & Beku,Es Krim,Campina Es Krim Heart Crunchy Stroberi Vanila 88 ml,6.200
6237,Produk Segar & Beku,Es Krim,Campina Hula Hula Es Krim Durian 90 ml,16.000
6238,Produk Segar & Beku,Es Krim,Wall's Upin Ipin Es Krim Fruity Tower 66 ml,4.500
6239,Produk Segar & Beku,Es Krim,Campina Fruitzy Es Krim Rasa Apel 90 ml,5.400
6240,Produk Segar & Beku,Es Krim,Wall's Cornetto Es Krim Crunchy Milky Berry 80 ml,6.600
6241,Produk Segar & Beku,Es Krim,Wall's Paddle pop Es Krim Rainbow 50 ml,4.200
6242,Produk Segar & Beku,Es Krim,Wall's Cornetto Es Krim Black & White 80 ml,6.700
6243,Produk Segar & Beku,Es Krim,Campina Frozen Es Krim Vanila Cotton Candy 55 ml,6.300
6244,Produk Segar & Beku,Es Krim,Glico Frost Bite Es Krim Coconut Shake 60 ml,4.800
6245,Produk Segar & Beku,Es Krim,Campina Concerto Es Krim Icownic Black Moon 80 ml,8.400
6246,Produk Segar & Beku,Es Krim,Campina Es Krim Neapolitan 350 ml,27.000
6247,Produk Segar & Beku,Es Krim,Wall's Magnum Es Krim Vanila Klasik 80 ml,19.100
6248,Produk Segar & Beku,Es Krim,Campina Hula Hula Es Krim Tape Ketan Hitam 45 ml,5.300
6249,Produk Segar & Beku,Es Krim,Campina SpongeBob Squarepants Es Krim Fantastic Choco Banana 80 ml,6.300
6250,Produk Segar & Beku,Es Krim,Campina Concerto Es Krim Choco Passion 110 ml,11.200
6251,Produk Segar & Beku,Es Krim,Campina Hula Hula Es Krim Kacang Hijau 45 ml,5.300
6252,Produk Segar & Beku,Es Krim,Campina Tropicana Es Krim Cokelat Vanila 65 ml,6.900
6253,Produk Segar & Beku,Es Krim,Wall's Magnum Es Krim Mango Yoghurt Parfait 80 ml,20.800
6254,Produk Segar & Beku,Es Krim,Kiko Stik Es Aneka Rasa Assorted 10 pcs,8.800
6255,Produk Segar & Beku,Es Krim,Wall's Feast Max Es Krim Cokelat 65 ml,6.700
6256,Produk Segar & Beku,Es Krim,Wall's Feast Max Es Krim Vanila 65 ml,6.700
6257,Produk Segar & Beku,Es Krim,Wall's Shaky Shake Es Krim Cokelat 140 ml,11.200
6258,Produk Segar & Beku,Es Krim,Wall's Feast Pop Es Krim Vanila & Karamel 64 ml,10.800
6259,Produk Segar & Beku,Es Krim,Wall's Magnum Es Krim Matcha Crumble 80 ml,20.800
6260,Produk Segar & Beku,Es Krim,Glico Wings Frostbite Es Krim Yakoo dengan Jeli Stroberi 60 ml,3.600
6261,Produk Segar & Beku,Es Krim,Wall's Feast Pop Es Krim Stroberi Yogurt 4 x 16 ml,10.800
6262,Produk Segar & Beku,Es Krim,Wall's Magnum Es Krim Stroberi Panna 80 ml,20.800
6263,Produk Segar & Beku,Es Krim,Campina Es Krim Korea Anggur Hijau Shine Muscat 55 ml,4.600
6264,Produk Segar & Beku,Es Krim,Wall's Cornetto Es Krim Disc Cokelat Hazelnut 108 ml,13.500
6265,Produk Segar & Beku,Es Krim,Joyday Es Krim Cokelat Lava Crunchy 65 ml,
6266,Produk Segar & Beku,Es Krim,Joyday Premice Es Krim Almond Caramel 90 ml,
6267,Produk Segar & Beku,Es Krim,Campina Seoul Es Krim Rasa Leci Yogurt 55 ml,
6268,Produk Segar & Beku,Es Krim,Wall's Cornetto White Cokelat & Keju Susu 134 ml,13.700
6269,Produk Segar & Beku,Es Krim,Wall's Paddle Pop Es Krim Banana Race 42 ml,5.800
6270,Produk Segar & Beku,Es Krim,Campina Tropicana Es Krim Cokelat Double Crunchy 65 ml,6.900
6271,Produk Segar & Beku,Es Krim,Wall's Magnum Mini Es Krim Almond Stroberi Panna 6 x 45 ml,55.500
6272,Produk Segar & Beku,Es Krim,Wall's Twister Es Krim Leci Anggur 55 ml,4.500
6273,Produk Segar & Beku,Es Krim,Kiko Tropical Stik Es Aneka Rasa 10 pcs,13.000
6274,Produk Segar & Beku,Es Krim,Wong Coco Es Bon Bon Fruity Aneka Rasa 5 x 85 g,8.500
6275,Produk Segar & Beku,Es Krim,Wall's Feast Double Es Krim Coklat 75 ml,8.100
6276,Produk Segar & Beku,Es Krim,Wall's Cornetto Es Krim Stroberi & Vanila 80 ml,6.700
6277,Produk Segar & Beku,Es Krim,Wall's Paddle Pop Es Krim Mochi Cokelat Vanila 45 ml,3.400
6278,Produk Segar & Beku,Es Krim,Wall's Cornetto Es Krim Disc Cokelat 108 ml,11.500
6279,Produk Segar & Beku,Es Krim,Campina SpongeBob Squarepants Es Krim Fantastic Choco Banana Stick 70 ml,6.500
6280,Produk Segar & Beku,Es Krim,Glico Wings Frostbite Es Krim Cokelat Double Crunchy Stik 70 ml,6.000
6281,Produk Segar & Beku,Es Krim,Wall's Es Krim Tropical Delight 350 ml,24.500
6282,Produk Segar & Beku,Es Krim,Wall's Feast Xtra Max Max Es Krim Cokelat 73 ml,9.200
6283,Produk Segar & Beku,Es Krim,Campina Es Krim Cookie Creamy Stick 55 ml,4.600
6284,Produk Segar & Beku,Es Krim,Campina Hula Hula Es Krim Kacang Hijau Maxx 65 ml,6.500
6285,Produk Segar & Beku,Es Krim,Wall's Cornetto Es Krim Choco Brownie 108 ml,11.000
6286,Produk Segar & Beku,Es Krim,Glico Wings Frostbite Es Krim Crunchy Potato Bites Stik 75 ml,5.500
6287,Produk Segar & Beku,Es Krim,Wall's Magnum Es Krim Vanila Almond 80 ml,19.100
6288,Produk Segar & Beku,Es Krim,Glico Wings Frost Bite Es Krim Cookies and Cream Cup 90 ml,6.000
6289,Produk Segar & Beku,Es Krim,Glico Wings Haku Es Krim Monaka Matcha 180 ml,14.800
6290,Produk Segar & Beku,Es Krim,Glico Wings Haku Es Krim Monaka Vanila & Cokelat Krispi 100 ml,6.100
6291,Produk Segar & Beku,Es Krim,Glico Wings Frostbite Es Krim Mochi Choco Lava 46 ml,3.800
6292,Produk Segar & Beku,Es Krim,Glico Wings Haku Es Krim Monaka Stroberi & Cokelat Krispi 100 ml,6.000
6293,Produk Segar & Beku,Es Krim,Glico Wings Frostbite Es Krim Mochi Cookies & Cream 45 ml,3.800
6294,Produk Segar & Beku,Es Krim,Glico Wings Haku Es Krim Monaka Vanila 180 ml,14.800
6295,Produk Segar & Beku,Es Krim,Glico Wings Frostbite Es Krim Boba Milk Tea Stik 60 ml,4.800
6296,Produk Segar & Beku,Es Krim,Glico Wings Haku Es Krim Bluberi Cheesecake Cup 110 ml,10.200
6297,Produk Segar & Beku,Es Krim,Glico Frost Bite Es Krim Cookies Cream 60 ml,6.000
6298,Produk Segar & Beku,Es Krim,Glico Wings Haku Es Krim Almond Classic Deluxe Cup 110 ml,11.900
6299,Produk Segar & Beku,Es Krim,Glico Wings Frost Bite Es Krim Cokelat Vanila Cup 85 ml,5.900
6300,Produk Segar & Beku,Es Krim,Wall's Oreo Es Krim Stik 80 ml,10.800
6301,Produk Segar & Beku,Es Krim,Wall's Es Krim Ice Ball Anggur 69 ml,10.500
6302,Produk Segar & Beku,Es Krim,Wall's Es Krim Oreo Cookies & Cream 90 ml,9.300
6303,Produk Segar & Beku,Es Krim,Wall's Es Krim 3 in 1 Extra Creamy Neopolitana 350 ml,25.000
6304,Produk Segar & Beku,Es Krim,Wall's Cornetto Es Krim Cokelat Silverqueen 108 ml,15.900
6305,Produk Segar & Beku,Es Krim,Wall's Calippo Pokemon Es Krim Peach Mangga 100 ml,10.500
6306,Produk Segar & Beku,Es Krim,Wall's Cornetto Es Krim Mini Disc Cokelat & Tiramisu 12 x 28 ml,37.500
6307,Produk Segar & Beku,Es Krim,Wall's Cornetto Es Krim Mini Oreo Vanila 12 x 28 ml,37.000
6308,Produk Segar & Beku,Es Krim,Wall's Paddle Pop Es Krim Jelly Stroberi 60 ml,4.800
6309,Produk Segar & Beku,Es Krim,Wall's Populaire Es Krim Stroberi Vanila 90 ml,6.000
6310,Produk Segar & Beku,Es Krim,Wall's Populaire Es Krim Cokelat Vanila 90 ml,5.900
6311,Produk Segar & Beku,Es Krim,Campina Hula Hula Es Krim Alpukat 45 ml,5.000
6312,Produk Segar & Beku,Es Krim,Glico Wings Frostbite Es Krim Kopi Jelly Gula Aren Stik 60 ml,4.500
6313,Produk Segar & Beku,Es Krim,Joyday Premice Es Krim Matcha 90 ml,
6314,Produk Segar & Beku,Es Krim,Wall's Es Krim Avocado Brownie 350 ml,29.900
6315,Produk Segar & Beku,Es Krim,Wall's Oreo Mini Es Krim Oreo Vanila 6 x 45 ml,24.500
6316,Produk Segar & Beku,Es Krim,Wall's Es Krim Matcha Stroberi 350 ml,29.900
6317,Produk Segar & Beku,Makanan Kemasan,Fiesta Seafood Sarden Saus Cabai Kaleng 155 g,10.700
6318,Produk Segar & Beku,Makanan Kemasan,Belfoods Royal Ready to Go Sosis Ayam Nami Pedas 55 g,8.400
6319,Produk Segar & Beku,Makanan Kemasan,Belfoods Royal Ready to Go Sosis Daging Daegu Original 55 g,8.400
6320,Produk Segar & Beku,Makanan Kemasan,Kornetku Kornet Sapi Sachet 50 g,6.900
6321,Produk Segar & Beku,Makanan Kemasan,Belfoods Royal Ready to Go Sosis Ayam Jeju Keju 55 g,8.400
6322,Produk Segar & Beku,Makanan Kemasan,ABC Sarden Saus Ekstra Pedas 425 g,29.500
6323,Produk Segar & Beku,Makanan Kemasan,Pronas Kornetku Kornet Beef 200 g,22.400
6324,Produk Segar & Beku,Makanan Kemasan,Pronas Kornet Daging 340 g,43.800
6325,Produk Segar & Beku,Makanan Kemasan,Botan Sarden Mackerel Saus Tomat Kaleng 425 g,42.500
6326,Produk Segar & Beku,Makanan Kemasan,Maya Sarden Kaleng 155 g,12.500
6327,Produk Segar & Beku,Makanan Kemasan,Maya Sarden Kaleng 425 g,29.000
6328,Produk Segar & Beku,Makanan Kemasan,ABC Sarden Saus Tomat 425 g,29.500
6329,Produk Segar & Beku,Makanan Kemasan,ABC Sarden Saus Cabai 425 g,29.500
6330,Produk Segar & Beku,Makanan Kemasan,ABC Sarden Saus Cabai 155 g,9.900
6331,Produk Segar & Beku,Makanan Kemasan,ABC Sarden Saus Ekstra Pedas 155 g,9.900
6332,Produk Segar & Beku,Makanan Kemasan,Fiesta Seafood Makarel Saus Cabai Kaleng 425 g,23.500
6333,Produk Segar & Beku,Makanan Kemasan,Pronas Kornet Daging Klasik 50 g,8.500
6334,Produk Segar & Beku,Makanan Kemasan,Asahi Sarden Pedas Kaleng 155 g,11.700
6335,Produk Segar & Beku,Makanan Kemasan,Asahi Sarden Tomat Kaleng 155 g,11.700
6336,Produk Segar & Beku,Makanan Kemasan,Botan Sarden Mackerel Saus Tomat Kaleng 155 g,15.900
6337,Produk Segar & Beku,Makanan Kemasan,Botan Sarden Saus Tomat Kaleng 155 g,11.400
6338,Produk Segar & Beku,Makanan Kemasan,mili Lychee in Heavy Syrup 565 g,
6339,Produk Segar & Beku,Makanan Kemasan,mili Longans in Heavy Syrup 565 g,
6340,Produk Segar & Beku,Makanan Kemasan,TKS Ikan Tuna Sambal Rica-Rica 180 g,
6341,Produk Segar & Beku,Makanan Kemasan,TKS Ikan Tuna Sambal Woku 180 g,
6342,Produk Segar & Beku,Makanan Kemasan,Pronas Kornet Daging Sapi dengan Jamur Kaleng 340 g,36.500
6343,Produk Segar & Beku,Makanan Kemasan,Pronas Daging Ayam Luncheon Kaleng 340 g,36.500
6344,Produk Segar & Beku,Makanan Kemasan,Imperial Leci Buah Kaleng dalam Sirup 565 g,36.900
6345,Produk Segar & Beku,Makanan Kemasan,Ikps Buah Kaleng Jeruk Mandarin Dalam Sirup 425 g,20.900
6346,Produk Segar & Beku,Makanan Kemasan,Ikps Buah Kaleng Yellow Peach Halves Dalam Sirup 425 g,20.900
6347,Produk Segar & Beku,Makanan Kemasan,Ikps Buah Kaleng Leci Dalam Sirup 567 g,35.000
6348,Produk Segar & Beku,Makanan Kemasan,Ikps Buah Kaleng Longan Dalam Sirup 567 g,37.000
6349,Produk Segar & Beku,Makanan Kemasan,Phra Phrom Buah Kaleng Longan Dalam Sirup 567 g,37.000
6350,Produk Segar & Beku,Makanan Kemasan,Imperial Buah Kaleng Jeruk Mandarin Dalam Sirup 312 g,17.200
6351,Produk Segar & Beku,Makanan Kemasan,Imperial Buah Kaleng Peach Halves dalam Sirup 425 g,20.200
6352,Produk Segar & Beku,Makanan Kemasan,Sunpride Tropical Fruit Salad Buah Kaleng dalam Sirup 825 gr,19.900
6353,Produk Segar & Beku,Makanan Kemasan,Sunpride Buah Nanas Irisan dalam Sirup Pekat Kaleng 567 g,16.500
6354,Personal Care,Peralatan Rias & Tata Rambut,Alfamart Jarum Pentul Peniti 80 pcs,17.900
6355,Personal Care,Peralatan Rias & Tata Rambut,Alfamart BT21 Spons Makeup,17.900
6356,Personal Care,Peralatan Rias & Tata Rambut,Alfamart Gunting Kuku Besar,20.000
6357,Personal Care,Peralatan Rias & Tata Rambut,Alfamart Sisir Tangle Brush Assorted,34.900
6358,Personal Care,Peralatan Rias & Tata Rambut,Trendy Hi-Comb Sisir HC-164-1,12.100
6359,Personal Care,Peralatan Rias & Tata Rambut,Trendy Gunting Kuku TD-622E,22.900
6360,Personal Care,Peralatan Rias & Tata Rambut,Trendy Sisir Vitex V-5 inches,5.600
6361,Personal Care,Peralatan Rias & Tata Rambut,Disney Minnie Mouse Pengering Rambut Assorted,
6362,Personal Care,Peralatan Rias & Tata Rambut,Alfamart Disney Sisir Assorted,
6363,Personal Care,Peralatan Rias & Tata Rambut,Sanrio Sisir Rambut Anak A224 Assorted 1 pcs,
6364,Personal Care,Peralatan Rias & Tata Rambut,Alfamart Sanrio Sisir Rambut Glossy Assorted,
6365,Personal Care,Peralatan Rias & Tata Rambut,The Wet Brush Sisir Mini Hitam,77.900
6366,Personal Care,Peralatan Rias & Tata Rambut,The Wet Brush Sisir Mini Pink,77.900
6367,Personal Care,Peralatan Rias & Tata Rambut,The Wet Brush Disney Glitter Ball Sisir Mini Ariel,109.000
6368,Personal Care,Peralatan Rias & Tata Rambut,The Wet Brush Disney Glitter Ball Sisir Mini Aurora,109.000
6369,Personal Care,Peralatan Rias & Tata Rambut,The Wet Brush Disney Glitter Ball Sisir Mini Belle,109.000
6370,Personal Care,Peralatan Rias & Tata Rambut,The Wet Brush Disney Glitter Ball Sisir Mini Cinderella,109.000
6371,Personal Care,Peralatan Rias & Tata Rambut,The Wet Brush Disney Glitter Ball Sisir Mini Jasmine,109.000
6372,Personal Care,Peralatan Rias & Tata Rambut,The Wet Brush Disney Glitter Ball Sisir Mini Rapunzel,109.000
6373,Personal Care,Peralatan Rias & Tata Rambut,The Wet Brush Hello Kitty & Friends Sisir Cinnamoroll,165.900
6374,Personal Care,Peralatan Rias & Tata Rambut,The Wet Brush Hello Kitty & Friends Sisir Kuromi,165.900
6375,Personal Care,Peralatan Rias & Tata Rambut,Alfamart BT21 Nail Gunting Kuku,22.500
6376,Personal Care,Peralatan Rias & Tata Rambut,Sanrio Sisir Anak A124 Assorted,37.900
6377,Personal Care,Peralatan Rias & Tata Rambut,Alfamart Disney Sisir D225 Assorted,37.900
6378,Personal Care,Peralatan Rias & Tata Rambut,Scorlines Spons Makeup Bulat 1 pcs,10.900
6379,Personal Care,Peralatan Rias & Tata Rambut,Scorlines Spons Makeup 2 pcs,11.900
6380,Personal Care,Peralatan Rias & Tata Rambut,Disney Frozen Sisir Assorted,16.900
6381,Personal Care,Peralatan Rias & Tata Rambut,Disney Princess Sisir Assorted,16.900
6382,Personal Care,Peralatan Rias & Tata Rambut,Disney Princess Sisir Assorted,19.900
6383,Personal Care,Peralatan Rias & Tata Rambut,Disney Lotso Sisir D224 Assorted,20.900
6384,Personal Care,Perawatan Tubuh,Mustika Ratu Lotion Tubuh Javanese Jasmine 200 g,35.500
6385,Personal Care,Perawatan Tubuh,Vaseline Healty Bright Lotion Pelembap Tubuh Fresh & Cooling Bright 200 ml,35.500
6386,Personal Care,Perawatan Tubuh,Nivea Deodoran Roll On Wanita Hijab Bright & Fresh 50 ml,28.200
6387,Personal Care,Perawatan Tubuh,Lifebuoy Sabun Cuci Tangan Anti Bakteri Total 10 Pump 200 ml,24.500
6388,Personal Care,Perawatan Tubuh,Vaseline Healthy Bright Soft + Glow Serum Pelembap Tubuh SPF 20 180 ml,39.500
6389,Personal Care,Perawatan Tubuh,Shinzu'i Skin Lightening Sabun Mandi Batang Kirei 3 x 100 g,19.800
6390,Personal Care,Perawatan Tubuh,Purbasari Minyak Zaitun 150 ml,28.900
6391,Personal Care,Perawatan Tubuh,Mustika Ratu Minyak Zaitun Restful Night 150 + 25 ml,30.900
6392,Personal Care,Perawatan Tubuh,Rexona Women Deodoran Lotion Seluruh Tubuh Frozen English Pear 50 ml,29.500
6393,Personal Care,Perawatan Tubuh,Vaseline Repairing Jeli Petroleum Original 50 ml,37.500
6394,Personal Care,Perawatan Tubuh,Sumber Ayu Pembersih Kewanitaan Daun Sirih Pearly White 90 ml,27.400
6395,Personal Care,Perawatan Tubuh,Nivea Pearl & Beauty Deodoran Roll On Wanita 50 ml,28.400
6396,Personal Care,Perawatan Tubuh,Giv White Collection Sabun Mandi Cair Sakura & Pearl Refill 400 ml,20.200
6397,Personal Care,Perawatan Tubuh,Lactacyd Pembersih Kewanitaan Odor Fresh 60 ml,38.500
6398,Personal Care,Perawatan Tubuh,Alfamart Sabun Cuci Tangan Refill Green Tea Refill 375 ml,10.000
6399,Personal Care,Perawatan Tubuh,Nuvo Family Sabun Mandi Cair Anti Bakteri Total Protect Refill 800 ml,41.400
6400,Personal Care,Perawatan Tubuh,Shinzu'i Skin Lightening Sabun Mandi Cair Kirei Refill 725 g,47.400
6401,Personal Care,Perawatan Tubuh,Nuvo Family Sabun Mandi Cair Anti Bakteri Minyak Zaitun Refill 400 ml,20.200
6402,Personal Care,Perawatan Tubuh,Giv White Hijab Sabun Mandi Cair Shafron & Niacinamide Refill 400 ml,20.700
6403,Personal Care,Perawatan Tubuh,Nivea Deodoran Roll On Wanita Hijab Soft Bright & Shaveless 50 ml,28.200
6404,Personal Care,Perawatan Tubuh,Nivea Sun Protect & Bronze Lotion Tanning Pelembap Tubuh 200 ml,
6405,Personal Care,Perawatan Tubuh,Bali Dancer Minyak Pijat Frangipani 150 ml,
6406,Personal Care,Perawatan Tubuh,Biodef Sabun Mandi Cair Mint + Sea Salt Refill 400 ml,
6407,Personal Care,Perawatan Tubuh,Biodef Natural Protection Sabun Mandi Cair Mint + Green Tea Refill 400 ml,
6408,Personal Care,Perawatan Tubuh,Vaseline Superfood Serum Pelembap Tubuh Cranberry 200 ml,
6409,Personal Care,Perawatan Tubuh,Nivea Sun Protect & Moisture Sunscreen Tubuh SPF 30 75 ml,
6410,Personal Care,Perawatan Tubuh,Nivea Sun Protect & Moisture Sunscreen Tubuh SPF 50 75 ml,
6411,Personal Care,Perawatan Tubuh,Skin Fruit Sabun Mandi Batang Watermelon Glow 90 g,
6412,Personal Care,Perawatan Tubuh,Sekar Jagat Lulur Tradisional Milk 100 g,
6413,Personal Care,Perawatan Tubuh,Sekar Jagat Lulur Tradisional Bengkoang 100 g,
6414,Personal Care,Perawatan Tubuh,Herborist Pelembap Tubuh Frangipani Tube 80 g,
6415,Personal Care,Perawatan Tubuh,Sekar Jagat Lulur Tradisional Avocado 100 g,
6416,Personal Care,Perawatan Tubuh,Biore Sabun Mandi Cair Relaxing Aromatic Refill 800 ml,
6417,Personal Care,Perawatan Tubuh,Biore Guard Sabun Mandi Cair Refresh Lemongrass Anti Bakteri 800 ml,
6418,Personal Care,Perawatan Tubuh,Vaseline Serum Pelembap Tubuh SPF 50+ Daily Sun Refreshing Tube 170 ml,
6419,Personal Care,Perawatan Tubuh,Marina Natural Serum Pelembap Tubuh Nutri Serum 475 ml,
6420,Personal Care,Perawatan Tubuh,Nivea Sun After Sun Moisture Cools & Soothers Pelembap Tubuh Spray 200 ml,
6421,Personal Care,Perawatan Tubuh,Yuri Sabun Cuci Tangan Strawberry Pump 410 ml,30.500
6422,Personal Care,Perawatan Tubuh,Yuri Sabun Cuci Tangan Grape Refill 375 ml,18.500
6423,Personal Care,Perawatan Tubuh,Nivea Extra Bright Serum Pelembap Tubuh Instant Glow Tube 180 ml,34.000
6424,Personal Care,Perawatan Tubuh,Scarlett Fragrance Brightening Lotion Pelembap Tubuh Charming 300 ml,65.000
6425,Personal Care,Perawatan Tubuh,Scarlett Fragrance Brightening Lotion Pelembap Tubuh Jolly 300 ml,65.000
6426,Personal Care,Perawatan Tubuh,Scarlett Fragrance Brightening Lotion Pelembap Tubuh Romansa 300 ml,65.000
6427,Personal Care,Perawatan Tubuh,Scarlett Fragrance Brightening Lotion Pelembap Tubuh Freshy 300 ml,65.000
6428,Personal Care,Perawatan Tubuh,Deorex Body Odorizer Spray Pria 60 ml,65.000
6429,Personal Care,Perawatan Tubuh,Deorex Body Odorizer Spray Extra Whitening 60 ml,69.900
6430,Personal Care,Perawatan Tubuh,Deorex DryMax Deodoran Roll On Original 30 ml,85.000
6431,Personal Care,Perawatan Tubuh,Felinz Wax Strip Penghilang Bulu Tubuh Korean Strawberry 6 s,37.500
6432,Personal Care,Perawatan Tubuh,Felinz Wax Strip Penghilang Bulu Wajah Vita-C 10 pcs,30.500
6433,Personal Care,Perawatan Tubuh,Nivea Extra Bright 10 Super Vitamin Serum Pelembap Tubuh SPF 15 320 ml,95.000
6434,Personal Care,Perawatan Tubuh,Nivea Extra Bright Deodoran Spray Radiant & Smooth 150 ml,57.900
6435,Personal Care,Perawatan Tubuh,Nivea Men Deodoran Spray Cool Kick Extra Dry 150 ml,57.900
6436,Personal Care,Perawatan Tubuh,Filmore Pharma Spritz Sister Pembersih Kewanitaan Spray 50 ml,75.000
6437,Personal Care,Perawatan Tubuh,Lifebuoy Sabun Mandi Cair Anti Bakteri Lemon Fresh 800 g x 2 pcs,59.000
6438,Personal Care,Perawatan Tubuh,Lifebuoy Sabun Mandi Cair Anti Bakteri Total 10 800 g x 2 pcs,59.000
6439,Personal Care,Perawatan Tubuh,Lifebuoy Sabun Mandi Cair Anti Bakteri Mild Care 800 g x 2 pcs,59.000
6440,Personal Care,Perawatan Tubuh,Rexona Women Deodoran Spray Seluruh Tubuh Frozen English Pear 150 ml,67.000
6441,Personal Care,Perawatan Tubuh,Yoona Gentle Pembersih Kewanitaan Sensitive 50 ml,53.900
6442,Personal Care,Perawatan Tubuh,Shinzu'i Skin Lightening Sabun Mandi Cair Kirei Refill 725 ml x 2 pcs,59.000
6443,Personal Care,Perawatan Tubuh,Garden of Na'eem Sabun Mandi Cair Taifi Rose + Midnight Gardenia 480 ml,41.900
6444,Personal Care,Perawatan Tubuh,Nuvo Family Sabun Mandi Cair Anti Bakteri Mild Protect Refill 800 ml,41.400
6445,Personal Care,Perawatan Tubuh,Giv Beauty Sabun Mandi Cair Glamour Passion Flower 800 ml,40.900
6446,Personal Care,Perawatan Tubuh,Herborist Juice for Skin Serum Pelembap Tubuh Apple & Broccoli Tube 180 ml,30.200
6447,Personal Care,Perawatan Tubuh,Purbasari White Glow Serum Pelembap Tubuh Tube 180 ml,29.900
6448,Personal Care,Perawatan Tubuh,Shinzu'i Skin Lightening Sabun Mandi Cair Sakura Refill 725 g,47.400
6449,Personal Care,Perawatan Tubuh,Nuvo Family Sabun Mandi Cair Anti Bakteri Fresh Protect Refill 800 ml,41.400
6450,Personal Care,Perawatan Tubuh,Nuvo Family Sabun Mandi Cair Cool Protect 400 ml,20.200
6451,Personal Care,Perawatan Tubuh,Nivea Extra Bright Lotion Pelembap & Pencerah Tubuh Vitamin C & E 180 ml,49.500
6452,Personal Care,Perawatan Tubuh,Dove Deodoran Serum Roll On 3% Niacinamide + 10X Collagen 45 ml,29.500
6453,Personal Care,Perawatan Tubuh,Giv White Hijab Sabun Mandi Cair Oud & Glutacinamide 400 ml,20.700
6454,Personal Care,Perawatan Tubuh,Citra Extra Moist & Bright Lotion Pelembap Tubuh Avocado 210 ml,22.900
6455,Personal Care,Perawatan Tubuh,Giv White Smooth & Flawless Sabun Mandi Cair Sakura & Pearl Refill 825 ml,40.900
6456,Personal Care,Perawatan Tubuh,Glad2Glow Serum Pelembap Tubuh Tropical Velvet Moist & Smooth 180 ml,40.900
6457,Personal Care,Perawatan Tubuh,Glad2Glow Overnight Bright Serum Tubuh Creamy Berry 180 ml,41.500
6458,Personal Care,Perawatan Tubuh,Giv White Collection Sabun Mandi Cair Goat's Milk & Almond Oil Refill 400 ml,20.700
6459,Personal Care,Perawatan Tubuh,Shinzu'i Skin Lightening Sabun Mandi Batang Sakura 3 x 100 g,19.800
6460,Personal Care,Perawatan Tubuh,Nivea Extra Bright Serum Tubuh Super Vitamin Youth Perfect 170 ml,50.500
6461,Personal Care,Perawatan Tubuh,Nivea Derma Control Deodoran Roll On Pria Defend 50 ml,26.200
6462,Personal Care,Perawatan Tubuh,Vaseline Gluta-Hya Serum Tubuh Flawless Bright 180 ml,49.500
6463,Personal Care,Perawatan Tubuh,Purbasari Gluta-Hya Serum Pelembap Tubuh Tube 180 ml,28.900
6464,Personal Care,Perawatan Tubuh,White Inc Alpha Glowhite Lotion Tubuh Mencerahkan 180 ml,29.900
6465,Personal Care,Perawatan Tubuh,Lux Skin Science Sabun Mandi Cair Freesia Fragrance Refill 360 g,29.900
6466,Personal Care,Perawatan Tubuh,Lux Skin Science Sabun Mandi Cair Spring Bloom Fragrance Refill 360 g,29.900
6467,Personal Care,Perawatan Tubuh,Dettol Sabun Batang Skincare Anti Bakteri 3 x 100 g,27.500
6468,Personal Care,Perawatan Tubuh,Veet Krim Penghilang Bulu Kulit Sensitif 60 g,63.500
6469,Personal Care,Perawatan Tubuh,Nivea Extra Bright Serum Eksfoliasi Tubuh Vitamin C & AHA 170 ml,42.500
6470,Personal Care,Perawatan Tubuh,Nivea Extra Bright Serum Pelembap Tubuh Vitamin Super C+ SPF 50 170 ml,84.500
6471,Personal Care,Perawatan Tubuh,Nivea Derma Control Defend Deodoran Roll On Wanita 50 ml,28.200
6472,Personal Care,Perawatan Tubuh,Nivea Extra Bright Lotion Pelembap Tubuh Instant Glow 190 ml,40.500
6473,Personal Care,Perawatan Tubuh,Alfamart Sabun Cuci Tangan Strawberry Refill 375 ml,7.900
6474,Personal Care,Perawatan Tubuh,Alfamart Sabun Cuci Tangan Strawberry Pump 410 ml,15.900
6475,Personal Care,Perawatan Tubuh,Herocyn Bedak Obat untuk Kulit 85 g,17.500
6476,Personal Care,Perawatan Tubuh,Dettol Anti Bakteri Sabun Mandi Batang Lasting Fresh 3 x 100 g,26.800
6477,Personal Care,Perawatan Tubuh,Rexona Deodoran Roll On Wanita Dreamy White 40 ml,18.000
6478,Personal Care,Perawatan Tubuh,Vaseline Healthy Bright Serum Tubuh Hijab Protect Gluta Vitamin SPF 20 180 ml,39.500
6479,Personal Care,Perawatan Tubuh,Vaseline Gluta-Hya Serum Tubuh Overnight Radiance Repair Tube 200 ml,69.500
6480,Personal Care,Perawatan Tubuh,Vaseline Gluta-Hya Serum Tubuh Flawless Bright 100 ml,32.900
6481,Personal Care,Perawatan Tubuh,Citra Radiant Glow Lotion Pelembap Tubuh Pearl 210 ml,24.500
6482,Personal Care,Perawatan Tubuh,Citra Perfect Bright Lotion Pelembap Tubuh Bengkoang 210 ml,24.900
6483,Personal Care,Perawatan Tubuh,Vaseline Gluta-Hya Serum Tubuh Dewy Radiance 180 ml,49.500
6484,Personal Care,Perawatan Tubuh,Vaseline Gluta-Hya Serum Tubuh Dewy Radiance 200 ml,63.500
6485,Personal Care,Perawatan Tubuh,Herborist Juice For Skin Serum Tubuh Ekstrak Jeruk & Wortel 180 ml,32.500
6486,Personal Care,Perawatan Tubuh,Spume Sabun Cuci Tangan Strawberry Jerigen 5 L,65.000
6487,Personal Care,Perawatan Tubuh,Yuri Sabun Cuci Tangan Grape Pump 410 ml,30.500
6488,Personal Care,Perawatan Tubuh,Yuri Sabun Cuci Tangan Apple Pump 410 ml,30.500
6489,Personal Care,Perawatan Tubuh,Prokleen Sabun Cuci Tangan Japanese Green Tea Refill 800 ml,15.500
6490,Personal Care,Perawatan Tubuh,Prokleen Sabun Cuci Tangan Green Apple Breeze Refill 800 ml,15.500
6491,Personal Care,Perawatan Tubuh,Nivea Intensive Moisture Lotion Pelembap Tubuh Kulit Kering Pump 380 ml,73.900
6492,Personal Care,Perawatan Tubuh,Nivea Extra Bright Lotion Pelembap Tubuh Radiant & Smooth Pump 380 ml,67.900
6493,Personal Care,Perawatan Tubuh,Nivea Extra Bright Lotion Pelembap Tubuh Repair & Protect Pump 380 ml,70.000
6494,Personal Care,Perawatan Tubuh,Morris Sabun Mandi Cair Double Anti Bakteri Refill 450 ml,13.500
6495,Personal Care,Perawatan Tubuh,Morris Sabun Mandi Cair Anti Bakteri & Brightening Refill 450 ml,13.500
6496,Personal Care,Perawatan Tubuh,Prokleen Sabun Cuci Tangan Strawberry Refill 800 ml,15.500
6497,Personal Care,Perawatan Tubuh,Prokleen Sabun Cuci Tangan Fresh Lemon Refill 800 ml,15.500
6498,Personal Care,Perawatan Tubuh,Azarine BT21 Serum Sunscreen Tubuh SPF 50 Sweet Treats Baby Tube 100 ml,65.000
6499,Personal Care,Perawatan Tubuh,Azarine BT21 Serum Sunscreen Tubuh SPF 50 Young & Free Tube 100 ml,61.900
6500,Personal Care,Perawatan Tubuh,Azarine BT21 Serum Sunscreen Tubuh SPF 50 Sun O'Clock Tube 100 ml,61.900
6501,Personal Care,Perawatan Tubuh,Deorex Body Odorizer Spray Non Fragrance 60 ml,59.900
6502,Personal Care,Perawatan Tubuh,Deorex Body Odorizer Spray Musk 60 ml,65.000
6503,Personal Care,Perawatan Tubuh,Marina Natural Lotion Pelembap Tubuh Rich Moisturizing 190 ml,9.400
6504,Personal Care,Perawatan Tubuh,Vaseline Healthy Bright UV Extra Brightening Lotion Pelembap Tubuh GlutaGlow 100 ml,21.900
6505,Personal Care,Perawatan Tubuh,Shinzu'i Skin Lightening Sabun Mandi Batang Myori 80 g,6.300
6506,Personal Care,Perawatan Tubuh,Herborist Lulur Tradisional Bali Milk 100 g,21.500
6507,Personal Care,Perawatan Tubuh,Lifebuoy Sabun Mandi Cair Anti Bakteri Mild Care 100 g,18.400
6508,Personal Care,Perawatan Tubuh,Lifebuoy Sabun Mandi Cair Anti Bakteri Total 10 100 g,18.400
6509,Personal Care,Perawatan Tubuh,Dettol Sabun Mandi Cair Cool Anti Bakteri Refill 370 g,33.400
6510,Personal Care,Perawatan Tubuh,Vaseline Healthy Bright UV Extra Brightening Lotion Pelembap Tubuh GlutaGlow 200 ml,35.900
6511,Personal Care,Perawatan Tubuh,JF Sulfur Sabun Mandi Batang Keluarga Anti Bakteri 90 g,18.800
6512,Personal Care,Perawatan Tubuh,Shinzu'i Skin Lightening Lotion Pelembap Tubuh & Pencerah Kirei 210 ml,29.500
6513,Personal Care,Perawatan Tubuh,Shinzu'i Skin Lightening Sabun Mandi Cair Kirei Refill 380 g,27.500
6514,Personal Care,Perawatan Tubuh,Mustika Ratu Minyak Zaitun 75 ml,29.500
6515,Personal Care,Perawatan Tubuh,Vaseline Healthy Bright Sunscreen Serum Tubuh Gluta Vitamin SPF 30 180 ml,59.900
6516,Personal Care,Perawatan Tubuh,Lux Botanicals Sabun Mandi Cair Soft Rose Refill 380 g,25.500
6517,Personal Care,Perawatan Tubuh,Lux Botanicals Sabun Mandi Cair Magical Orchid Refill 380 g,25.500
6518,Personal Care,Perawatan Tubuh,Nivea Black & White Invisible Clear Deodoran Roll On 50 ml,27.400
6519,Personal Care,Perawatan Tubuh,Marina UV White Lotion Pelembap Tubuh Healthy & Glow 460 ml,19.800
6520,Personal Care,Perawatan Tubuh,Vaseline Intensive Care Lotion Pelembap Tubuh Aloe Soothe 200 ml,36.000
6521,Personal Care,Perawatan Tubuh,Shinzu'i Skin Lightening Sabun Mandi Cair Matsu Refill 380 g,28.000
6522,Personal Care,Perawatan Tubuh,Purbasari Lulur Mandi Putih 200 g,20.900
6523,Personal Care,Perawatan Tubuh,Purbasari Lulur Mandi Bengkoang + Whitening 200 g,20.900
6524,Personal Care,Perawatan Tubuh,Casablanca Deodoran Roll On Romantic Pink 50 ml,16.200
6525,Personal Care,Perawatan Tubuh,Marina UV White Lotion Pelembap Tubuh Ekstra SPF 30 185 ml,18.000
6526,Personal Care,Perawatan Tubuh,Nuvo Family Sabun Mandi Cair Anti Bakteri Mild Protect Refill 400 ml,20.700
6527,Personal Care,Perawatan Tubuh,Giv White Collection Sabun Mandi Cair Mulberry & Collagen Refill 400 ml,20.700
6528,Personal Care,Perawatan Tubuh,Shinzu'i Skin Lightening Sabun Mandi Cair Kirei Pump 480 g,56.000
6529,Personal Care,Perawatan Tubuh,Shinzu'i Skin Lightening Sabun Mandi Cair Sakura Refill 380 g,28.000
6530,Personal Care,Perawatan Tubuh,Dettol Sabun Mandi Cair Fresh Anti Bakteri Refill 370 g,33.400
6531,Personal Care,Perawatan Tubuh,Nuvo Family Sabun Mandi Cair Anti Bakteri Total Protect Refill 400 ml,20.700
6532,Personal Care,Perawatan Tubuh,Purbasari Lulur Mandi Pengantin Brightening + Bengkoang 500 g,34.900
6533,Personal Care,Perawatan Tubuh,Dettol Anti Bakteri Sabun Mandi Batang Re-Energize 3 x 100 g,26.800
6534,Personal Care,Perawatan Tubuh,Shinzu'i Skin Lightening Sabun Mandi Batang Matsu 80 g,6.300
6535,Personal Care,Perawatan Tubuh,Shinzu'i Skin Lightening Sabun Mandi Batang Kirei 80 g,6.300
6536,Personal Care,Perawatan Tubuh,Sumber Ayu Pembersih Kewanitaan Daun Sirih Clear White 90 ml,28.000
6537,Personal Care,Perawatan Tubuh,Nivea Extra Bright Radiant & Smooth Deodoran Roll On Wanita 50 ml,28.400
6538,Personal Care,Perawatan Tubuh,Asepso Sabun Mandi Batang Antiseptik 80 g,12.800
6539,Personal Care,Perawatan Tubuh,Caladine Bedak Gatal Original 100 g,26.500
6540,Personal Care,Perawatan Tubuh,Yuri Sabun Cuci Tangan Strawberry Refill 375 ml,22.400
6541,Personal Care,Perawatan Tubuh,Purbasari Pembersih Kewanitaan Natural 60 ml,10.000
6542,Personal Care,Perawatan Tubuh,Biore Sabun Mandi Cair Relaxing Aromatic 100 ml,15.000
6543,Personal Care,Perawatan Tubuh,Biore Guard Sabun Mandi Cair Refresh Lemongrass Anti Bakteri 100 ml,15.000
6544,Personal Care,Perawatan Tubuh,Emina UV Water Gel Sunscreen SPF 50 PA++++ 25 ml,33.500
6545,Personal Care,Perawatan Tubuh,Zen Antibacterial Sabun Mandi Batang Japanese Red Shiso with Sandalwood 4 x 60 g,12.900
6546,Personal Care,Perawatan Tubuh,Zen Antibacterial Sabun Mandi Batang Japanese Red Shiso & Pure Tea Tree 4 x 60 g,12.900
6547,Personal Care,Perawatan Tubuh,Zen Antibacterial Sabun Mandi Batang Japanese Red Shiso Juniper Berries 4 x 60 g,12.900
6548,Personal Care,Perawatan Tubuh,Bee Brand Soap Sabun Mandi Batang Sandal Wood Savona 80 g,7.500
6549,Personal Care,Perawatan Tubuh,Bee Brand Soap Sabun Mandi Batang Sandal Wood Savona 125 g,11.000
6550,Personal Care,Perawatan Tubuh,Yuri Sabun Cuci Tangan Apple Refill 375 ml,18.500
6551,Personal Care,Perawatan Tubuh,Gillette Venus Alat Cukur Wanita Smooth Sensitive + Refill,77.000
6552,Personal Care,Perawatan Tubuh,Palmolive Sabun Mandi Cair Milk & Honey Refill 400 ml,32.000
6553,Personal Care,Perawatan Tubuh,Nuvo Sabun Mandi Cair Nature Protect Refill 400 ml,13.500
6554,Personal Care,Perawatan Tubuh,Betadine Pembersih Kewanitaan 60 ml,30.000
6555,Personal Care,Perawatan Tubuh,Kahf Sabun Mandi Cair Pria Acne & Relaxing Botol 200 ml,24.000
6556,Personal Care,Perawatan Tubuh,Kahf Sabun Mandi Cair Pria Brightening & Cooling Botol 200 ml,25.000
6557,Personal Care,Perawatan Tubuh,Gillette Venus Alat Cukur Wanita Comfortglide White Tea + Refill,99.000
6558,Personal Care,Perawatan Tubuh,Schick Intuition Exacta 2 Alat Cukur Wanita Sensitive 3 pcs,16.000
6559,Personal Care,Perawatan Tubuh,Schick Silk Effects Plus Alat Cukur Wanita Original,69.000
6560,Personal Care,Perawatan Tubuh,Palmolive Naturals Sabun Mandi Cair Orchid Refill 400 ml,27.000
6561,Personal Care,Perawatan Tubuh,Palmolive Aroma Sensations Sabun Mandi Cair Sensual Refill 450 ml,32.000
6562,Personal Care,Perawatan Tubuh,Palmolive Aroma Sensations Sabun Mandi Cair Morning Tonic Refill 450 ml,32.000
6563,Personal Care,Perawatan Tubuh,Palmolive Aroma Sensations Sabun Mandi Cair Sensual 750 ml,69.000
6564,Personal Care,Perawatan Tubuh,Veet Krim Penghilang Bulu 60 g,54.900
6565,Personal Care,Perawatan Tubuh,Marina UV White Lotion Pelembap Tubuh Healthy & Glow 185 ml,7.900
6566,Personal Care,Perawatan Tubuh,Lervia Sabun Mandi Cair Milk & Avocado Botol 250 g,15.400
6567,Personal Care,Perawatan Tubuh,Mustika Ratu Minyak Zaitun 175 ml,38.800
6568,Personal Care,Perawatan Tubuh,Lifebuoy Sabun Mandi Cair Anti Bakteri Total 10 400 g,20.900
6569,Personal Care,Perawatan Tubuh,Shinzu'i Skin Lightening Scrub Tubuh Pencerah Kulit Kirei 200 g,17.900
6570,Personal Care,Perawatan Tubuh,Biore Guard Sabun Mandi Cair Refresh Lemongrass Anti Bakteri 400 ml,19.900
6571,Personal Care,Perawatan Tubuh,Lervia Sabun Mandi Cair Milk & Honey Botol 250 g,15.400
6572,Personal Care,Perawatan Tubuh,Shinzu'i Skin Lightening Scrub Tubuh Pencerah Kulit Matsu 200 g,17.900
6573,Personal Care,Perawatan Tubuh,Biore Sabun Mandi Cair Pure Mild Refill 400 ml,19.900
6574,Personal Care,Perawatan Tubuh,Resik-V Khasiat Manjakani Pembersih Kewanitaan 90 ml,20.000
6575,Personal Care,Perawatan Tubuh,Resik-V Pembersih Kewanitaan Daun Sirih Aroma Anggrek 90 ml,9.900
6576,Personal Care,Perawatan Tubuh,Biore Bright Sabun Mandi Cair White Scrub Refill 380 ml,19.900
6577,Personal Care,Perawatan Tubuh,Harmony Fruity Sabun Mandi Batang Grape Sparkling 70 g,3.400
6578,Personal Care,Perawatan Tubuh,Harmony Fruity Sabun Mandi Batang Orange Satsuma 70 g,3.400
6579,Personal Care,Perawatan Tubuh,Lifebuoy Sabun Mandi Cair Anti Bakteri Total 10 500 g,49.900
6580,Personal Care,Perawatan Tubuh,Dettol Anti Bakteri Sabun Mandi Batang Cool 100 g,9.200
6581,Personal Care,Perawatan Tubuh,Dove Deodoran Roll On Ultimate Repair 40 ml,8.500
6582,Personal Care,Perawatan Tubuh,Dettol Anti Bakteri Sabun Mandi Batang Lasting Fresh 100 g,9.200
6583,Personal Care,Perawatan Tubuh,Lifebuoy Sabun Mandi Cair Anti Bakteri Cool Fresh 400 g,20.900
6584,Personal Care,Perawatan Tubuh,Lifebuoy Sabun Mandi Batang Anti Bakteri Mild Care 4 x 100 g,19.900
6585,Personal Care,Perawatan Tubuh,Lifebuoy Sabun Mandi Batang Anti Bakteri Total 10 4 x 100 g,19.900
6586,Personal Care,Perawatan Tubuh,Lifebuoy Sabun Mandi Batang Anti Bakteri Total 10 4 x 60 g,14.900
6587,Personal Care,Perawatan Tubuh,Lifebuoy Sabun Mandi Batang Anti Bakteri Mild Care 4 x 60 g,14.900
6588,Personal Care,Perawatan Tubuh,Natur-E Active Beauty Lotion Pelembap Tubuh Protect & Glow / Nourishing Revitalizing 245 ml,28.900
6589,Personal Care,Perawatan Tubuh,Rexona Deodoran Roll On Wanita Free Spirit 45 ml,18.900
6590,Personal Care,Perawatan Tubuh,Rexona Deodoran Roll On Wanita Invisible Dry 45 ml,18.900
6591,Personal Care,Perawatan Tubuh,Rexona Deodoran Roll On Wanita Advanced Brightening 45 ml,20.900
6592,Personal Care,Perawatan Tubuh,Rexona Deodoran Roll On Wanita Powder Dry 45 ml,18.900
6593,Personal Care,Perawatan Tubuh,Nivea Extra Bright Serum Pelembap Tubuh SPF 15 Care & Protect Tube 180 ml,24.900
6594,Personal Care,Perawatan Tubuh,Biore Sabun Mandi Cair Relaxing Aromatic Refill 400 ml,19.900
6595,Personal Care,Perawatan Tubuh,Lifebuoy Sabun Mandi Batang Anti Bakteri Lemon Fresh 4 x 100 g,19.900
6596,Personal Care,Perawatan Tubuh,Lux Botanicals Sabun Mandi Cair Soft Rose Botol 100 g,5.500
6597,Personal Care,Perawatan Tubuh,Herborist Minyak Zaitun 150 ml,35.400
6598,Personal Care,Perawatan Tubuh,Lifebuoy Sabun Mandi Batang Anti Bakteri Total 10 100 g,5.900
6599,Personal Care,Perawatan Tubuh,Biore Bright Sabun Mandi Cair Lovely Sakura Refill 400 ml,19.900
6600,Personal Care,Perawatan Tubuh,Lifebuoy Sabun Mandi Cair Anti Bakteri Total 10 800 g,36.900
6601,Personal Care,Perawatan Tubuh,Lifebuoy Sabun Mandi Cair Anti Bakteri Lemon Fresh 400 g,20.900
6602,Personal Care,Perawatan Tubuh,Lifebuoy Sabun Mandi Cair Anti Bakteri Lemon Fresh 800 g,36.900
6603,Personal Care,Perawatan Tubuh,Lux Botanicals Sabun Mandi Batang Soft Rose 3 x 100 g,14.900
6604,Personal Care,Perawatan Tubuh,Posh Deodoran Roll On Wanita Anti Stain 50 ml,11.900
6605,Personal Care,Perawatan Tubuh,Giv White Sabun Mandi Batang Bengkoang & Yoghurt 3 x 100 g,11.300
6606,Personal Care,Perawatan Tubuh,Giv Hijab Collection Sabun Mandi Cair Tin & Zaitun Refill 400 ml,16.300
6607,Personal Care,Perawatan Tubuh,Lifebuoy Sabun Mandi Cair Anti Bakteri Mild Care 400 g,20.900
6608,Personal Care,Perawatan Tubuh,Biore Floral Spa Sabun Mandi Cair Refill 400 ml,19.900
6609,Personal Care,Perawatan Tubuh,Dove Moisture Renew Sabun Mandi Cair 400 ml,
6610,Personal Care,Perawatan Tubuh,Palmolive Sabun Mandi Cair Morning Tonic Pump 750 ml,69.000
6611,Personal Care,Perawatan Tubuh,Palmolive Naturals Sabun Mandi Cair Orchid Pump 1 L,79.000
6612,Personal Care,Perawatan Tubuh,Palmolive Naturals Sabun Mandi Cair Susu & Madu Pump 1 L,79.000
6613,Personal Care,Perawatan Tubuh,Nuvo Family Sabun Mandi Cair Ungu Relax & Protect Refill 400 ml,13.500
6614,Personal Care,Perawatan Tubuh,Fres & Natural BT21 Sabun Mandi Cair Yellow In Luv Refill 400 ml,13.500
6615,Personal Care,Perawatan Tubuh,Original Source Sabun Mandi Creamy Vanilla & Raspberry 1 L,85.000
6616,Personal Care,Perawatan Tubuh,Original Source Sabun Mandi Gel Tingly Mint & Tea Tree 250 ml,35.000
6617,Personal Care,Perawatan Tubuh,Natur-E Lotion Pelembap Tubuh Daily Nourishing Moisturizing 245 ml,12.500
6618,Personal Care,Perawatan Tubuh,Ovale Minyak Zaitun Tubuh 100 ml,30.900
6619,Personal Care,Perawatan Tubuh,Lux Botanicals Sabun Mandi Cair Soft Rose 580 ml,39.900
6620,Personal Care,Perawatan Tubuh,Betadine Tisu Pembersih Kewanitaan Gentle Protection Immortelle 10 s,9.500
6621,Personal Care,Perawatan Tubuh,Lifebuoy Skin Solutions Sabun Mandi Cair Yoghurt & Oats 380 g,19.000
6622,Personal Care,Perawatan Tubuh,Lervia Sabun Mandi Cair Milk Refill 400 g,17.900
6623,Personal Care,Perawatan Tubuh,Lervia Sabun Mandi Cair Milk Avocado & Kojic Refill 400 g,17.900
6624,Personal Care,Perawatan Tubuh,Souji Sabun Cuci Tangan Anti Bakteri Chamomile Pump 410 ml,20.900
6625,Personal Care,Perawatan Tubuh,Souji Sabun Cuci Tangan Anti Bakteri Chamomile Refill 375 ml,11.200
6626,Personal Care,Perawatan Tubuh,K-Natural White Sabun Mandi Cair Cotton Flower Refill 400 ml,15.900
6627,Personal Care,Perawatan Tubuh,Fres & Natural Dessert Collection Sabun Mandi Cair Berry Macaron Refill 400 ml,13.500
6628,Personal Care,Perawatan Tubuh,Lifebuoy Skin Solutions Sabun Mandi Cair Japanese Shiso & Mineral Clay 380 g,22.900
6629,Personal Care,Perawatan Tubuh,Lifebuoy Sabun Mandi Cair Anti Bakteri Mild Care 800 g,36.900
6630,Personal Care,Perawatan Tubuh,Lux Botanicals Sabun Mandi Cair Magical Orchid Refill 800 g,34.900
6631,Personal Care,Perawatan Tubuh,Emeron Lovely White UV Glowy Bright Lotion Pelembap Tubuh Jeju Orange 500 ml,12.900
6632,Personal Care,Perawatan Tubuh,Nuvo Family Sabun Mandi Batang Anti Bakteri Total Protect 4 x 100 g,14.900
6633,Personal Care,Perawatan Tubuh,Lifebuoy 3 in 1 Antibakteri 380 ml,22.900
6634,Personal Care,Perawatan Tubuh,Posh Deodoran Roll On Wanita Hijab Chic Refreshing Green 50 ml,11.900
6635,Personal Care,Perawatan Tubuh,Natur-e White Brightening Serum Tubuh 180 ml,38.900
6636,Personal Care,Perawatan Tubuh,Fresh Living by FreshCare Minyak Zaitun 50 ml,10.500
6637,Personal Care,Perawatan Tubuh,Pinkberry Serum Pelembap Tubuh Milk Brightening Tube 180 ml,36.900
6638,Personal Care,Perawatan Tubuh,Emeron Lovely White UV Insta Bright Lotion Pelembap Tubuh White Pearl 500 ml,12.900
6639,Personal Care,Perawatan Tubuh,RDL Papaya Sabun Wajah Brightening 135 g,33.900
6640,Personal Care,Perawatan Tubuh,Garden of Na'eem Sabun Mandi Cair Taifi Rose Refill 400 g,14.900
6641,Personal Care,Perawatan Tubuh,Gillette Simply Venus Alat Cukur Wanita Basic 2 pcs,22.000
6642,Personal Care,Perawatan Tubuh,Nivea Extra Bright Serum Pelembap Tubuh 10 Super Vitamin SPF 15 170 ml,31.900
6643,Personal Care,Perawatan Tubuh,Purbasari Lulur Mandi Coffee Milk 200 g,15.900
6644,Personal Care,Perawatan Tubuh,Purbasari Lulur Mandi Sakura Glow 200 g,15.900
6645,Personal Care,Perawatan Tubuh,Scarlett Fragrance Brightening Lotion Tubuh Jolly Mood Booster 180 ml,36.900
6646,Personal Care,Perawatan Tubuh,Casablanca Deodoran Roll On Pure White 50 ml,13.000
6647,Personal Care,Perawatan Tubuh,Scarlett Fragrance Brightening Lotion Tubuh Charming Mood Booster 180 ml,36.900
6648,Personal Care,Perawatan Tubuh,Garden of Na'eem Sabun Mandi Cair Royal Jasmine Refill 400 g,14.900
6649,Personal Care,Perawatan Tubuh,Shinzu'i Skin Lightening Scrub Tubuh Pencerah Kulit Sakura 200 g,17.900
6650,Personal Care,Perawatan Tubuh,Zen Antibacterial Sabun Mandi Cair Japanese Red Shiso Sandalwood Refill 800 g,33.900
6651,Personal Care,Perawatan Tubuh,Alfamart Sabun Mandi Cair Clean & Care Hijau Refill 400 ml,10.900
6652,Personal Care,Perawatan Tubuh,Alfamart Sabun Mandi Cair Fresh & Protect Biru Refill 400 ml,10.900
6653,Personal Care,Perawatan Tubuh,Hanasui Lotion Pelembap Tubuh Milky Pump 240 ml,
6654,Personal Care,Perawatan Tubuh,Dove Deeply Nourishing Sabun Mandi Cair Pump 550 ml,45.000
6655,Personal Care,Perawatan Tubuh,Dove Deeply Nourishing Sabun Mandi Cair Refill 800 ml,37.900
6656,Personal Care,Perawatan Tubuh,Lifebuoy Sabun Mandi Cair Anti Bakteri Mild Care 500 g,35.000
6657,Personal Care,Perawatan Tubuh,Lux Botanicals Sabun Mandi Cair Sakura Bloom Refill 380 g,19.000
6658,Personal Care,Perawatan Tubuh,Lux Botanicals Sabun Mandi Cair Velvet Jasmine Refill 800 g,35.000
6659,Personal Care,Perawatan Tubuh,Betadine Pembersih Kewanitaan Foam Lemon Verbena 100 ml,47.000
6660,Personal Care,Perawatan Tubuh,Betadine Pembersih Kewanitaan Foam Immortelle 100 ml,47.000
6661,Personal Care,Perawatan Tubuh,Betadine Pembersih Kewanitaan Firming Floral 110 ml,12.000
6662,Personal Care,Perawatan Tubuh,Dove Deeply Nourishing Sabun Mandi Cair Botol 1 L,72.000
6663,Personal Care,Perawatan Tubuh,Lifebuoy Skin Solutions Sabun Mandi Cair Japanese Shiso & Mineral Clay 800 g,39.000
6664,Personal Care,Perawatan Tubuh,Giv White Smooth & Glow Sabun Mandi Cair Mulberry & Collagen 800 ml,29.900
6665,Personal Care,Perawatan Tubuh,Prokleen Sabun Cuci Tangan Strawberry Daydream Jerigen 5 L,69.900
6666,Personal Care,Perawatan Tubuh,Prokleen Sabun Cuci Tangan Green Tea Jerigen 5 L,69.900
6667,Personal Care,Perawatan Tubuh,Biore Guard Sabun Mandi Cair Cool Peppermint Anti Bakteri Refill 800 ml,31.900
6668,Personal Care,Perawatan Tubuh,Biore Pure Mild Sabun Mandi Cair Refill 800 ml,31.900
6669,Personal Care,Perawatan Tubuh,Aveeno Lotion Moisturizer Pelembap Tubuh Colloidal Oatmeal Pump 354 ml,169.000
6670,Personal Care,Perawatan Tubuh,Aveeno Lotion Moisturizer Pelembap Tubuh Skin Relief Triple Oat Pump 354 ml,239.000
6671,Personal Care,Perawatan Tubuh,Aveeno Lotion Moisturizer Pelembap Tubuh Shooting & Calming Pump 354 ml,169.000
6672,Personal Care,Perawatan Tubuh,Dettol Sabun Mandi Cair Fresh Anti Bakteri Refill 720 g,39.900
6673,Personal Care,Perawatan Tubuh,Dettol Sabun Mandi Cair Lasting Fresh Anti Bakteri Refill 720 g,39.900
6674,Personal Care,Perawatan Tubuh,Emeron Lovely White UV Nature Bright Lotion Pelembap Tubuh Bengkoang 500 ml,13.900
6675,Personal Care,Perawatan Tubuh,Emeron Lovely Natural Lotion Pelembap Tubuh Nourishing 400 ml,8.900
6676,Personal Care,Perawatan Tubuh,Vaseline Lotion Pelembap Tubuh SPF 24 Brightening Protection Pump 400 ml,52.000
6677,Personal Care,Perawatan Tubuh,Aveeno Sabun Mandi Cair Daily Moisturizing Botol 354 ml,119.900
6678,Personal Care,Perawatan Tubuh,Aveeno Sabun Mandi Cair Skin Relief Botol 354 ml,145.000
6679,Personal Care,Perawatan Tubuh,Aveeno Sabun Mandi Cair Soothing & Calming Botol 354 ml,119.900
6680,Personal Care,Perawatan Tubuh,Cetaphil Ultra Gentle Sabun Mandi Cair Botol 500 ml,95.000
6681,Personal Care,Perawatan Tubuh,Emeron Lovely Natural Lotion Pelembap Tubuh Intense Moisturizing 400 ml,8.900
6682,Personal Care,Perawatan Tubuh,Emeron Lovely Natural Lotion Pelembap Tubuh Deep Caring Green Tea 400 ml,8.900
6683,Personal Care,Perawatan Tubuh,Shinzu'i Skin Lightening Sabun Mandi Cair Matsu Refill 725 g,29.900
6684,Personal Care,Perawatan Tubuh,Kojic Plankton Sabun Mandi Batang Bright & Glow 90 g,27.900
6685,Personal Care,Perawatan Tubuh,Vaseline Gluta-Hya Serum Tubuh Pro-Age Restore Collagen 200 ml,54.900
6686,Personal Care,Perawatan Tubuh,Purbasari Cybright Whitening Serum Pelembap Tubuh Tube 180 ml,25.900
6687,Personal Care,Perawatan Tubuh,Lifebuoy Skin Solutions Sabun Mandi Cair Tin & Zaitun 380 g,22.900
6688,Personal Care,Perawatan Tubuh,Biore Sabun Mandi Cair Relaxing Aromatic Refill 725 ml,31.900
6689,Personal Care,Perawatan Tubuh,Fres & Natural BT21 Sabun Mandi Cair Love Yourself Refill 400 ml,13.500
6690,Personal Care,Perawatan Tubuh,Herborist Scrub Tubuh Sea Salt & Volcanic Mud 200 g,19.500
6691,Personal Care,Perawatan Tubuh,Biore Guard Sabun Mandi Cair Refresh Lemongrass Anti Bakteri 725 ml,31.900
6692,Personal Care,Perawatan Tubuh,Nuvo Family Sabun Mandi Batang Anti Bakteri Cool Protect 4 x 100 g,14.900
6693,Personal Care,Perawatan Tubuh,Emeron Lovely White UV Lotion Pelembap Tubuh Nutrient Bright Milk + Almond Oil 500 ml,12.900
6694,Personal Care,Perawatan Tubuh,Purbasari Minyak Zaitun Mawar 150 ml,24.900
6695,Personal Care,Perawatan Tubuh,Glad2Glow Pomegranate Serum Wajah 10% Niacinamide Power Bright 17 ml,38.000
6696,Personal Care,Perawatan Tubuh,Souji Sabun Cuci Tangan Anti Bakteri Japanese Peach Refill 375 ml,11.400
6697,Personal Care,Perawatan Tubuh,Zen Antibacterial Sabun Mandi Cair Japanese Red Shiso Juniper Berries Refill 380 g,17.900
6698,Personal Care,Perawatan Tubuh,Lavojoy Let It Glow Serum Pelembap Tubuh Skin Brightening 180 ml,39.900
6699,Personal Care,Perawatan Tubuh,Scarlett Whitening Intense Brightening Serum Tubuh 5% AHA BHA PHA 120 ml,29.900
6700,Personal Care,Perawatan Tubuh,Secret Clean Propolis Pembersih Kewanitaan 100 ml,21.500
6701,Personal Care,Perawatan Tubuh,Dove Pampering Care Sabun Mandi Cair Shea Butter & Vanila Refill 400 ml,24.900
6702,Personal Care,Perawatan Tubuh,Giv Sabun Mandi Batang Damask Rose Cherry Blossom 3 x 100 g,11.300
6703,Personal Care,Perawatan Tubuh,Nuvo Family Sabun Mandi Batang Anti Bakteri Fresh Protect 4 x 100 g,14.900
6704,Personal Care,Perawatan Tubuh,Rexona Deodoran Roll On Wanita Advanced Smooth 45 ml,8.500
6705,Personal Care,Perawatan Tubuh,Dettol Sabun Mandi Cair Original Anti Bakteri Refill 720 g,39.900
6706,Personal Care,Perawatan Tubuh,Dettol Sabun Mandi Cair Original Anti Bakteri Pump 500 g,57.900
6707,Personal Care,Perawatan Tubuh,Dettol Sabun Mandi Cair Cool Anti Bakteri Pump 500 g,57.900
6708,Personal Care,Perawatan Tubuh,Dettol Sabun Mandi Cair Fresh Anti Bakteri Pump 500 g,57.900
6709,Personal Care,Perawatan Tubuh,Vaseline Repairing Jeli Petroleum Original 100 ml,37.000
6710,Personal Care,Perawatan Tubuh,Pigeon Teens Serum Pelembap Tubuh Remaja Calm Fairy 100 ml,27.900
6711,Personal Care,Perawatan Tubuh,Lavojoy Let It Glow Serum Pelembap Tubuh Instant Tone Up SPF 20 180 ml,61.500
6712,Personal Care,Perawatan Tubuh,K-Natural White Sabun Mandi Cair Aloe Vera Refill 400 ml,15.900
6713,Personal Care,Perawatan Tubuh,K-Natural White Sabun Mandi Cair Jeju Lemon Refill 400 ml,15.900
6714,Personal Care,Perawatan Tubuh,K-Natural White Sabun Mandi Cair Sparkling Magnolia Pump 500 ml,25.000
6715,Personal Care,Perawatan Tubuh,K-Natural White Sabun Mandi Cair Cotton Flower Pump 500 ml,25.000
6716,Personal Care,Perawatan Tubuh,K-Natural White Sabun Mandi Cair Aloe Vera Pump 500 ml,25.000
6717,Personal Care,Perawatan Tubuh,Yuri Sabun Cuci Tangan Grape Jerigen 3.7 L,120.900
6718,Personal Care,Perawatan Tubuh,Yuri Sabun Cuci Tangan Strawberry Jerigen 3.7 L,120.900
6719,Personal Care,Perawatan Tubuh,Lux Botanicals Bright Bluebell Sabun Mandi Cair Niacinamide Pouch 380 g,19.000
6720,Personal Care,Perawatan Tubuh,Lux Botanicals Sabun Mandi Cair Soft Rose Pouch 800 g,35.000
6721,Personal Care,Perawatan Tubuh,Lady Speed Stick Deodoran Orchard Blossom 45 g,49.000
6722,Personal Care,Perawatan Tubuh,Lady Speed Deodoran Stik Powder Fresh 39.6 g,49.000
6723,Personal Care,Perawatan Tubuh,Lady Speed Deodoran Stik Wild Freesia 45 g,49.000
6724,Personal Care,Perawatan Tubuh,Biore Serum Sabun Mandi Cair Pampering Almond Oil & Freesia 380 ml,28.000
6725,Personal Care,Perawatan Tubuh,Biore Serum Sabun Mandi Cair Pampering Almond Oil & Freesia 550 ml,65.000
6726,Personal Care,Perawatan Tubuh,Biore Serum Sabun Mandi Cair Rejuvenating Tsubaki Oil & Magnolia 380 ml,28.000
6727,Personal Care,Perawatan Tubuh,Biore Serum Sabun Mandi Cair Rejuvenating Tsubaki Oil & Magnolia 550 ml,65.000
6728,Personal Care,Perawatan Tubuh,Biore Guard Sabun Cuci Tangan Foam Anti Bakteri Sweet Berry 250 ml,23.000
6729,Personal Care,Perawatan Tubuh,Biore Guard Sabun Cuci Tangan Foam Anti Bakteri Fresh Lemon 250 ml,23.000
6730,Personal Care,Perawatan Tubuh,Rexona Deodoran Lotion Wanita Free Spirit 45 g,5.000
6731,Personal Care,Perawatan Tubuh,Lifebuoy Sabun Mandi Batang Anti Bakteri Total 10 Edisi Merah Putih 100 g,2.500
6732,Personal Care,Perawatan Tubuh,Lifebuoy Sabun Mandi Cair Anti Bakteri Total 10 Edisi Merah Putih 100 ml,5.500
6733,Personal Care,Perawatan Tubuh,Secret Clean Propolis Pembersih Kewanitaan Spray Romantic Love 8 ml,13.900
6734,Personal Care,Perawatan Tubuh,Secret Clean Propolis Pembersih Kewanitaan Spray Happy Day 8 ml,13.900
6735,Personal Care,Perawatan Tubuh,Secret Clean Propolis Pembersih Kewanitaan Spray Fresh 8 ml,13.900
6736,Personal Care,Perawatan Tubuh,Dove Sensitive Relief Sabun Mandi Cair Refill 400 ml,17.900
6737,Personal Care,Perawatan Tubuh,Giv White Sabun Mandi Cair Bengkoang & Yoghurt Refill 400 ml,15.500
6738,Personal Care,Perawatan Tubuh,Emeron Lovely White UV Lotion Tubuh Radiant Bright 500 ml,13.900
6739,Personal Care,Perawatan Tubuh,Citra Perfect Bright UV Lotion Pelembap Tubuh Bengkoang 380 ml,35.000
6740,Personal Care,Perawatan Tubuh,Citra Radiant Glow UV Lotion Pelembap Tubuh Pearl 380 ml,35.000
6741,Personal Care,Perawatan Tubuh,Biore Guard Sabun Cuci Tangan Foam Anti Bakteri Fruity Refill 250 ml,17.000
6742,Personal Care,Perawatan Tubuh,Biore Guard Sabun Cuci Tangan Foam Anti Bakteri Fresh Refill 250 ml,17.000
6743,Personal Care,Perawatan Tubuh,Vaseline Gluta-Hya Serum Burst Sunscreen Tubuh SPF 50 200 ml,95.000
6744,Personal Care,Perawatan Tubuh,Slavina Lotion Pelembap Tubuh Spill The Night 200 ml,45.000
6745,Personal Care,Perawatan Tubuh,Slavina Lotion Pelembap Tubuh Red Opium 200 ml,45.000
6746,Personal Care,Perawatan Tubuh,Slavina Lotion Pelembap Tubuh Shooting Stars 200 ml,45.000
6747,Personal Care,Perawatan Tubuh,Biore Sabun Mandi Cair Pure Mild 725 ml,31.900
6748,Personal Care,Perawatan Tubuh,Lux Botanicals Sabun Mandi Cair Sakura Bloom Refill 800 g,34.900
6749,Personal Care,Perawatan Tubuh,Scarlett Fragrance Brightening Serum Tubuh Velvet Rouge 170 ml,41.900
6750,Personal Care,Perawatan Tubuh,Scarlett Fragrance Brightening Serum Tubuh Purple Kiss 170 ml,39.900
6751,Personal Care,Perawatan Tubuh,Rexona Men Garuda Edition Deodoran Roll On Fresh Strike 40 ml,15.000
6752,Personal Care,Perawatan Tubuh,Sumber Ayu Pembersih Kewanitaan Natural Orchid 110 ml,11.600
6753,Personal Care,Perawatan Tubuh,Lifebuoy Sabun Mandi Cair Green Tea & Aloe Vera 380 g,22.900
6754,Personal Care,Perawatan Tubuh,Purbasari Lotion Tubuh Jinten Hitam Habbatus Sauda 200 ml,16.900
6755,Personal Care,Perawatan Tubuh,Citra Radiant Fresh Serum Pelembap Tubuh Citrus Blossom 180 ml,22.500
6756,Personal Care,Perawatan Tubuh,Citra Bright Sparkle Serum Pelembap Tubuh Berry Blush 180 ml,22.500
6757,Personal Care,Perawatan Tubuh,Purbasari Goji Glow Sabun Pembersih Kewanitaan 100 ml,18.900
6758,Personal Care,Perawatan Tubuh,Vaseline Gluta-Hya Serum Tubuh Smoothing Perfector 200 ml,54.900
6759,Personal Care,Perawatan Tubuh,Nuvo Family Sabun Mandi Batang Mild Protect 4 x 100 g,14.900
6760,Personal Care,Perawatan Tubuh,Herborist Natural Balinese Scrub Tubuh Stroberi 100 g,21.500
6761,Personal Care,Perawatan Tubuh,Herborist Lotion Pelembap Tubuh Natural Olive 200 ml,33.000
6762,Personal Care,Perawatan Tubuh,Glad2Glow Serum Pelembap Tubuh Niacinamide Bright 180 ml,37.900
6763,Personal Care,Perawatan Tubuh,Glad2Glow Serum Pelembap Tubuh Retinol Bright 180 ml,37.900
6764,Personal Care,Perawatan Tubuh,Kojic Plankton Scrub Wajah dan Tubuh 150 g,35.900
6765,Personal Care,Perawatan Tubuh,Nivea Intensive Moisture Lotion Pelembap Tubuh Kulit Kering 190 ml,22.500
6766,Personal Care,Perawatan Tubuh,Scarlett Overnight Bright Boost Serum Tubuh Dreamy 170 ml,41.900
6767,Personal Care,Perawatan Tubuh,Scarlett Overnight Bright Boost Serum Tubuh Garden of Whisper 170 ml,41.900
6768,Personal Care,Perawatan Tubuh,Lifebuoy FIFA Limited Edition Sabun Mandi Cair Menthol Kick Assorted 85 g,9.500
6769,Personal Care,Perawatan Tubuh,Lifebuoy FIFA Limited Edition Sabun Mandi Cair Menthol Kick Assorted 360 g,18.900
6770,Personal Care,Perawatan Tubuh,Lifebuoy FIFA Limited Edition Sabun Mandi Cair Menthol Kick Assorted 500 g,44.900
6771,Personal Care,Perawatan Tubuh,Resik-V Khasiat Manjakani Pembersih Kewanitaan Mencerahkan 90 ml,22.000
6772,Personal Care,Perawatan Tubuh,K-Natural White Sabun Mandi Cair Sparkling Magnolia Refill 400 ml,15.900
6773,Personal Care,Perawatan Tubuh,Lifebuoy Sabun Mandi Cair Anti Bakteri Cool Fresh 800 g,
6774,Personal Care,Perawatan Tubuh,Mustika Ratu Body Butter Pelembab Tubuh Papaya 200 g,42.500
6775,Personal Care,Perawatan Tubuh,Mustika Ratu Scrub Tubuh Papaya 200 g,39.500
6776,Personal Care,Perawatan Tubuh,Gendes Sweet Aromatic Pembersih Kewanitaan Foam Vanilla 55 ml,50.000
6777,Personal Care,Perawatan Tubuh,Gendes Sweet Aromatic Pembersih Kewanitaan Foam Bubblegum 55 ml,50.000
6778,Personal Care,Perawatan Tubuh,Gendes Sweet Aromatic Pembersih Kewanitaan Spray Vanilla 23 ml,43.000
6779,Personal Care,Perawatan Tubuh,Gendes Sweet Aromatic Pembersih Kewanitaan Spray Bubblegum 23 ml,43.000
6780,Personal Care,Perawatan Tubuh,Lux Hijab Series Sabun Mandi Cair Lavender & Chamomile Refill 800 ml,29.000
6781,Personal Care,Perawatan Tubuh,Lux Hijab Series Sabun Mandi Cair Lavender & Chamomile Refill 380 g,15.000
6782,Personal Care,Perawatan Tubuh,Lux Botanicals Sabun Mandi Cair Bright Bluebell 580 ml,33.900
6783,Personal Care,Perawatan Tubuh,Axe Deodoran Pria Emerald Sage Spray 135 ml,26.900
6784,Personal Care,Perawatan Tubuh,Dove Deodoran Serum Roll On 3% Niacinamide + 10x Vitamin C&E 45 ml,19.000
6785,Personal Care,Perawatan Tubuh,Lux Botanicals Sabun Mandi Cair Magical Orchid 500 g,35.900
6786,Personal Care,Perawatan Tubuh,Slavina Lotion Pelembap Tubuh First Kiss 350 ml,57.000
6787,Personal Care,Perawatan Tubuh,Slavina Lotion Pelembap Tubuh Red Opium 350 ml,57.000
6788,Personal Care,Perawatan Tubuh,Slavina Lotion Pelembap Tubuh Spill The Night 350 ml,57.000
6789,Personal Care,Perawatan Tubuh,Filmore Pharma Best Friend Tisu Basah Pembersih Kewanitaan 10 s,16.900
6790,Personal Care,Perawatan Tubuh,Giv Sabun Mandi Cair Elegance White Flower & Vanilla Refill 400 ml,15.500
6791,Personal Care,Perawatan Tubuh,White Garden Sabun Mandi Cair Pure Goat's Milk & Pearl Refill 450 ml,29.500
6792,Personal Care,Perawatan Tubuh,White Garden Sabun Mandi Cair Lavender Chamomile & Goat's Milk Refill 450 ml,29.500
6793,Personal Care,Perawatan Tubuh,Ginza Skin Vitamin Booster Body Serum Bright Up Moist 180 ml,29.000
6794,Personal Care,Perawatan Tubuh,Ginza Skin Vitamin Booster Body Serum Barrier Care Peptides 180 ml,29.000
6795,Personal Care,Perawatan Tubuh,Dove Women Ultimate Repair Deodorant Spray Fresh Lily 135 ml,30.000
6796,Personal Care,Perawatan Tubuh,Rexona Shower Clean Brightening Deodorant Spray 135 ml,30.900
6797,Personal Care,Perawatan Tubuh,Rexona Men Sport Defense Deodorant Spray 135 ml,30.900
6798,Personal Care,Perawatan Tubuh,Lifebuoy Sabun Mandi Cair Green Tea & Aloe Vera 800 g,29.900
6799,Personal Care,Perawatan Tubuh,Glad2Glow Serum Pelembap Tubuh Tropical Velvet Moist & Smooth 300 ml,59.000
6800,Personal Care,Perawatan Tubuh,Glad2Glow Serum Pelembap Tubuh Creamy Berry Overnight 300 ml,59.000
6801,Personal Care,Perawatan Tubuh,LUX Skin Science Sabun Mandi Cair Sandalwood 360 g,17.000
6802,Personal Care,Perawatan Tubuh,Shinzu'i Skin Lightening Sabun Mandi Cair Sakura Refill 1.5 L,60.900
6803,Personal Care,Perawatan Tubuh,Zen Antibacterial Sabun Mandi Cair Japanese Red Shiso Sea Salt Refill 800 g,29.900
6804,Personal Care,Perawatan Tubuh,Zen Antibacterial Sabun Mandi Cair Japanese Red Shiso Sandalwood Refill 380 g,17.900
6805,Personal Care,Perawatan Tubuh,Fres & Natural Dessert Collection Sabun Mandi Cair Pink Cupcake Refill 400 ml,13.500
6806,Personal Care,Perawatan Tubuh,Shinzu'i Skin Lightening Sabun Mandi Batang Matsu 3 x 100 g,19.800
6807,Personal Care,Perawatan Tubuh,Rexona Men Garuda Edition Deodoran Roll On Dry Defender 40 ml,15.000
6808,Personal Care,Perawatan Tubuh,Posh Deodoran Roll On Wanita Whitening 50 ml,11.900
6809,Personal Care,Perawatan Tubuh,Marina UV White Lotion Pelembap Tubuh E Collagen Asta 185 ml,7.900
6810,Personal Care,Perawatan Tubuh,Rexona Deodoran Roll On Wanita Glowing Bright Teen 40 ml,17.500
6811,Personal Care,Perawatan Tubuh,Biore Guard Sabun Mandi Cair Cool Peppermint Anti Bakteri 400 ml,19.900
6812,Personal Care,Perawatan Tubuh,Zen Antibacterial Sabun Mandi Cair Japanese Red Shiso Tea Tree Refill 800 g,29.900
6813,Personal Care,Perawatan Tubuh,Zen Antibacterial Sabun Mandi Cair Japanese Red Shiso Juniper Berries Refill 800 g,29.900
6814,Personal Care,Perawatan Pria,Men's Biore Pembersih Wajah Scrub Oil Clear Extra Cool 100 g,36.500
6815,Personal Care,Perawatan Pria,Gillette Blue 3 Flexi Pro Mata Pisau Cukur Refill 2 pcs,30.900
6816,Personal Care,Perawatan Pria,Gillette Blue 3 Flexi Alat Cukur 1 pcs,16.800
6817,Personal Care,Perawatan Pria,Nivea Men Deodoran Deep Roll On 50 ml,25.700
6818,Personal Care,Perawatan Pria,Kahf Energizing & Brightening Pembersih Wajah untuk Kulit Kusam 100 ml,45.900
6819,Personal Care,Perawatan Pria,Kahf Oil & Acne Care Pembersih Wajah Anti minyak & Jerawat 100 ml,45.900
6820,Personal Care,Perawatan Pria,Nivea Men Deodoran Roll On Cool Kick Freezy Green 50 ml,25.200
6821,Personal Care,Perawatan Pria,Gillette Goal II Alat Cukur 3 + 1 pcs,24.700
6822,Personal Care,Perawatan Pria,Axe Deodoran Pria Dark Temptation Spray 135 ml,35.500
6823,Personal Care,Perawatan Pria,Alfamart Alat Cukur 1 pcs,10.200
6824,Personal Care,Perawatan Pria,Men's Biore Pembersih Wajah Foam Gentle Bright Expert 100 g,36.500
6825,Personal Care,Perawatan Pria,Kahf Deodoran Roll On Pria Cooling Power 45 ml,25.900
6826,Personal Care,Perawatan Pria,Axe Deodoran Pria Blue Lavender Spray 135 ml,44.500
6827,Personal Care,Perawatan Pria,Gillette Goal II Alat Cukur 2 pcs,19.500
6828,Personal Care,Perawatan Pria,Total Care Men Bright Intense Scrub Pembersih Wajah Pria 100 ml,32.000
6829,Personal Care,Perawatan Pria,Barber Daily Pembersih Wajah Pria Kulit Berminyak & Anti Jerawat 100 ml,38.500
6830,Personal Care,Perawatan Pria,Hose x One Piece Sunscreen Wajah Pria SPF 50 30 ml,36.200
6831,Personal Care,Perawatan Pria,Nivea Men Extra Bright Pembersih Wajah Mud Foam 100 ml,44.900
6832,Personal Care,Perawatan Pria,Barber Daily Pembersih Wajah untuk Kulit Ultra Sensitif 100 ml,43.500
6833,Personal Care,Perawatan Pria,Barber Daily Deodoran Roll On Power Shield 50 ml,21.900
6834,Personal Care,Perawatan Pria,Clear Sampo Pria Anti Ketombe & Rambut Rontok 160 ml,38.500
6835,Personal Care,Perawatan Pria,Barber Daily Shaver Six Blade Razor Alat Cukur 1 pcs,13.900
6836,Personal Care,Perawatan Pria,Pond's Men Pembersih Wajah Foam untuk Kulit Kusam & Berminyak 100 g,43.900
6837,Personal Care,Perawatan Pria,Gillette Blue 2 Flexi Alat Cukur 1 pcs,12.200
6838,Personal Care,Perawatan Pria,Kahf Deodoran Roll On Pria Extra Dry 45 ml,28.900
6839,Personal Care,Perawatan Pria,Gillette Krim Cukur Foam Lemon Lime 175 g,54.900
6840,Personal Care,Perawatan Pria,Gillette Blue 3 Alat Cukur 1 pcs,26.900
6841,Personal Care,Perawatan Pria,Pond's Men Pembersih Wajah Foam Anti Jerawat 100 g,44.400
6842,Personal Care,Perawatan Pria,Nivea Men Black & White Invisible Original Deodoran Roll On 50 ml,25.700
6843,Personal Care,Perawatan Pria,Gillette Vector Alat Cukur 1 pcs,28.900
6844,Personal Care,Perawatan Pria,Gillette Vector Mata Pisau Cukur Refill 2 pcs,29.600
6845,Personal Care,Perawatan Pria,Gillette Flexi Blue 3 Alat Cukur Pria Comfort 2 Pcs,37.300
6846,Personal Care,Perawatan Pria,Men's Biore Pembersih Wajah Acne Skincare 100 g,37.000
6847,Personal Care,Perawatan Pria,Men's Biore Pembersih Wajah Scrub Bright Expert 100 g,37.000
6848,Personal Care,Perawatan Pria,Men's Biore Pembersih Wajah Scrub Cool Oil Clear 100 g,37.000
6849,Personal Care,Perawatan Pria,Nivea Men Extra Bright Foam Pembersih Wajah Pria Mencerahkan 100 ml,44.700
6850,Personal Care,Perawatan Pria,Nivea Men Deodoran Roll On Cool Kick Extra Dry 50 ml,25.700
6851,Personal Care,Perawatan Pria,Gillette Goal Super Platinum Pisau Silet Cukur Merah 5 pcs,20.900
6852,Personal Care,Perawatan Pria,Barber Daily Moisturizer Wajah Bright Radiance 30 ml,37.900
6853,Personal Care,Perawatan Pria,Barber Daily Pembersih Wajah Bright Radiance 100 ml,38.500
6854,Personal Care,Perawatan Pria,Gillette Blue II Plus Alat Cukur 1 pcs,12.200
6855,Personal Care,Perawatan Pria,Pond's Men Scrub Pembersih & Pencerah Wajah 100 g,43.900
6856,Personal Care,Perawatan Pria,Kahf Acne & Pore Cleanse Pembersih Wajah Anti Jerawat Scrub 100 ml,46.500
6857,Personal Care,Perawatan Pria,Kahf Pembersih Wajah Mencerahkan untuk Noda Hitam 100 ml,46.500
6858,Personal Care,Perawatan Pria,Casablanca Deodoran Roll On Pria Dynamic Black 50 ml,15.200
6859,Personal Care,Perawatan Pria,Casablanca Deodoran Roll On Pria Ambitious Blue 50 ml,15.200
6860,Personal Care,Perawatan Pria,Garnier Men Acno Fight Pembersih Wajah Foam Scrub Anti Jerawat 100 ml,43.900
6861,Personal Care,Perawatan Pria,Kahf Deodoran Roll On Pria Clean Fresh 45 ml,
6862,Personal Care,Perawatan Pria,Himalaya Herbals Men Pembersih Wajah Intense Oil Clear Lemon 100 ml,
6863,Personal Care,Perawatan Pria,Rexona Men FIFA Limited Edition Deodoran Pria Ice Cool Spray 135 ml,49.900
6864,Personal Care,Perawatan Pria,Nivea Men Extra Bright Pembersih Wajah Scrub Vitamin C & HYA 100 ml,39.000
6865,Personal Care,Perawatan Pria,Nivea Men Deep Acne Oil Clear Pembersih Wajah Scrub 100 ml,39.000
6866,Personal Care,Perawatan Pria,Schick Exacta 2 System Kit Alat Cukur Pria Kit 1 pcs + 2 Refill,15.000
6867,Personal Care,Perawatan Pria,Gillette Mach3 Fresh Mata Pisau Cukur Refill 2 pcs,73.000
6868,Personal Care,Perawatan Pria,Gillette Mach3 Fresh Alat Cukur 1 pcs,55.000
6869,Personal Care,Perawatan Pria,Zinc Sampo Anti Ketombe Pria Active Cool Menthol Botol 340 ml,31.900
6870,Personal Care,Perawatan Pria,Himalaya Herbals Men Pembersih Wajah Power Glow Licorice 100 ml,29.000
6871,Personal Care,Perawatan Pria,Schick Exacta 2 Reguler Alat Cukur Pria Hanger Biru 1 pcs,10.000
6872,Personal Care,Perawatan Pria,Schick Xtreme 3 Men Alat Cukur Pria Disposible 2 + 1 pcs,30.500
6873,Personal Care,Perawatan Pria,Schick Exacta 2 System Alat Cukur Pria Refill 2 pcs,16.000
6874,Personal Care,Perawatan Pria,Garnier Men Oil Control Icy Scrub Pembersih Wajah Anti Komedo 100 ml,43.900
6875,Personal Care,Perawatan Pria,Garnier Men Acno Fight Pembersih Wajah Foam Anti Blemishes Wasabi 100 ml,44.400
6876,Personal Care,Perawatan Pria,Garnier Men Oil Control Pembersih Wajah Super Duo Foam untuk Kulit Berminyak 100 ml,44.300
6877,Personal Care,Perawatan Pria,Garnier Men Turbo Bright Pembersih Wajah Duo Foam untuk Noda Hitam 100 ml,44.400
6878,Personal Care,Perawatan Pria,Zinc Sampo Anti Ketombe Pria Active Cool Tea Tree Botol 170 ml,16.200
6879,Personal Care,Perawatan Pria,Garnier Men Acno Fight Pembersih Wajah Foam Scrub Anti Jerawat 50 ml,32.000
6880,Personal Care,Perawatan Pria,Gillette Blue 2 Flexi Alat Cukur 3 + 1 pcs,37.300
6881,Personal Care,Perawatan Pria,Garnier Men Oil Control Pembersih Wajah 3 in 1 Charcoal Anti Komedo 100 ml,44.400
6882,Personal Care,Perawatan Pria,Clear Sampo Anti Ketombe Pria Menthol Fresh Active Botol 160 ml,21.500
6883,Personal Care,Perawatan Pria,Garnier Men Oil Control Pembersih Wajah 3 in 1 Charcoal 50 ml,31.500
6884,Personal Care,Perawatan Pria,Posh Deodoran Roll On Pria Active Sport 50 ml,11.900
6885,Personal Care,Perawatan Pria,Posh Deodoran Roll On Pria Active Cool 50 ml,11.900
6886,Personal Care,Perawatan Pria,Rexona Deodoran Roll On Pria Ice Cool 45 ml,18.900
6887,Personal Care,Perawatan Pria,Rexona Deodoran Roll On Pria Sport Defence 45 ml,18.900
6888,Personal Care,Perawatan Pria,Rexona Deodoran Roll On Pria Invisible Dry 45 ml,18.900
6889,Personal Care,Perawatan Pria,Rexona Deodoran Roll On Pria Natural Fresh Lime Cool 45 ml,20.900
6890,Personal Care,Perawatan Pria,Kahf Sunscreen Moisturizer Wajah Pria Triple Protection SPF 30 30 ml,46.500
6891,Personal Care,Perawatan Pria,Morris Men's Care Pembersih Wajah untuk Kulit Berminyak & Berjerawat 100 ml,26.500
6892,Personal Care,Perawatan Pria,Gillette Flexi 3 Blue Free Fire Alat Cukur 3 pcs,41.000
6893,Personal Care,Perawatan Pria,Ms Glow For Men Acnotion Pembersih Wajah Anti Jerawat 100 ml,34.900
6894,Personal Care,Perawatan Pria,Ms Glow For Men Hydra Boost Pembersih Wajah 100 ml,30.900
6895,Personal Care,Perawatan Pria,Ms Glow For Men Ultra Bright Pembersih Wajah Kulit Kusam 100 ml,35.900
6896,Personal Care,Perawatan Pria,Kahf Acne Care AminoGel Gel Pembersih Wajah Pria 100 ml,39.900
6897,Personal Care,Perawatan Pria,Kahf Bright Revitalizing AminoGel Gel Pembersih Wajah Pria 100 ml,39.900
6898,Personal Care,Perawatan Pria,Alfamart Alat Cukur One Piece Buy 2 Get 1 Free,18.400
6899,Personal Care,Perawatan Pria,Garnier Men Acno Fight Pembersih Wajah Gel Acne Calming Gentle 100 ml,43.900
6900,Personal Care,Perawatan Pria,Fyne Pembersih Wajah Pria Acne Care + Oil Clear 100 ml,29.900
6901,Personal Care,Perawatan Pria,Fyne Pembersih Wajah Pria Bright Up + Oil Control 100 ml,29.900
6902,Personal Care,Perawatan Pria,Fyne Sunscreen Wajah Pria Proshield Aqua Barrier SPF 30 30 ml,30.900
6903,Personal Care,Perawatan Pria,Glad2Glow Pembersih Wajah Deep Pore Clean 70 ml,37.900
6904,Personal Care,Perawatan Pria,Gillette Blue 3 Flexi Pro Alat Cukur Pria,24.000
6905,Personal Care,Perawatan Pria,Next Prime Men Pembersih Wajah Pria Deep Clean 100 g,39.900
6906,Personal Care,Perawatan Pria,Next Prime Men Pembersih Wajah Pria Brightening 100 g,39.900
6907,Personal Care,Perawatan Pria,Next Prime Men Pembersih Wajah Pria Acne Care 100 g,39.900
6908,Personal Care,Perawatan Pria,Rexona Deodoran Roll On Pria Ultra Recharge 45 ml,6.500
6909,Personal Care,Perawatan Pria,Marlboro Pomade Penata Rambut Water Based Soft 100 g,27.900
6910,Personal Care,Perawatan Pria,Marlboro Pomade Penata Rambut Water Based Strong 100 g,27.900
6911,Personal Care,Perawatan Pria,Cetaphil Gentle Skin Pembersih Wajah & Tubuh 500 ml,235.500
6912,Personal Care,Perawatan Pria,Schick Quattro Titanium Kit Alat Cukur Pria Kit 1 pcs + 2 Refill,55.000
6913,Personal Care,Perawatan Pria,Axe Deodoran Pria Aqua Bergamot Spray 135 ml,13.000
6914,Personal Care,Perawatan Pria,Elvicto Acne Fight Serum Wajah Pria untuk Kulit Berjerawat 20 ml,79.000
6915,Personal Care,Perawatan Pria,Elvicto Sunscreen Wajah Pria Expert SPF 50 30 g,69.500
6916,Personal Care,Perawatan Pria,Elvicto Deep Bright Pembersih Wajah Pria 100 ml,25.000
6917,Personal Care,Perawatan Pria,Elvicto Pembersih Wajah Pria Anti Jerawat 100 ml,25.000
6918,Personal Care,Perawatan Pria,Garnier Men Acno Fight Pembersih Wajah Foam Scrub Anti Jerawat 150 ml,43.900
6919,Personal Care,Perawatan Pria,Elvicto Pembersih Wajah Pria Bright Scrub 100 ml,25.000
6920,Personal Care,Perawatan Pria,Pond's Men Pembersih Wajar Pria Icy Scrub 100 g,31.000
6921,Personal Care,Perawatan Rambut,NYU Pewarna Rambut Natural Brown 30 ml,20.800
6922,Personal Care,Perawatan Rambut,Makarizo Hair Energy Scentsations Parfum Rambut White Musk 100 ml,32.400
6923,Personal Care,Perawatan Rambut,Makarizo Hair Energy Fibertherapy Masker Rambut Royal Jelly Extract 30 g,9.500
6924,Personal Care,Perawatan Rambut,Makarizo Hair Energy Fibertherapy Masker Rambut Aloe & Melon Extract 30 g,9.500
6925,Personal Care,Perawatan Rambut,Felice Sampo Pewarna Rambut Hitam Sachet 30 ml,10.300
6926,Personal Care,Perawatan Rambut,Gatsby Pomade Penata Rambut Quick & Grease Spray 150 ml,37.000
6927,Personal Care,Perawatan Rambut,Onyx Serum Rambut Styling & Pelindung Rambut dari Panas 65 ml,48.000
6928,Personal Care,Perawatan Rambut,Makarizo Advisor Masker Rambut Kering dan Rusak Sachet 30 ml,9.900
6929,Personal Care,Perawatan Rambut,Dove Biotin Tonik Rambut Rontok & Kulit Kepala Kering 40 ml,41.200
6930,Personal Care,Perawatan Rambut,Sunsilk Sampo Silky Smooth 110 ml,17.900
6931,Personal Care,Perawatan Rambut,Clear Sampo Anti Ketombe Menthol Segar 110 ml,22.900
6932,Personal Care,Perawatan Rambut,Alfamart Makarizo Hair Energy Scentsations Parfum Rambut Assorted 60 ml,17.900
6933,Personal Care,Perawatan Rambut,Nonimagic Sampo Pewarna Rambut Hitam 2 x 20 ml,26.400
6934,Personal Care,Perawatan Rambut,Makarizo Hair Energy Easy Straight Krim Pelurus Rambut Medium 120 ml,43.000
6935,Personal Care,Perawatan Rambut,Makarizo Hair Energy Vitaglitz Serum Rambut Aloe Melon 6 pcs,15.200
6936,Personal Care,Perawatan Rambut,Makarizo Hair Energy Vitaglitz Serum Rambut Royal Jelly 6 pcs,15.200
6937,Personal Care,Perawatan Rambut,Miranda Pewarna Rambut Decoloring Bleaching 30 ml,18.900
6938,Personal Care,Perawatan Rambut,Makarizo Advisor Tonik Rambut 60 ml,35.000
6939,Personal Care,Perawatan Rambut,Serasoft Serum Sampo Perawatan Rambut Rontok Botol 340 ml,47.200
6940,Personal Care,Perawatan Rambut,Ellips Vitamin Parfum Rambut Fragrance Booster Fresh & Smooth 100 ml,31.000
6941,Personal Care,Perawatan Rambut,Gatsby Powder Clay Penata Rambut Unbreakable Smooth 20 g,50.400
6942,Personal Care,Perawatan Rambut,CBD Keratin Pro Masker Rambut Sachet 30 + 5 g,10.500
6943,Personal Care,Perawatan Rambut,Gatsby Krim Penata Rambut Balm 75 g,37.000
6944,Personal Care,Perawatan Rambut,Gatsby Clay Penata Rambut Balm 75 g,37.000
6945,Personal Care,Perawatan Rambut,Makarizo Hair Energy Scentsations Parfum Rambut Amber Wood 100 ml,32.400
6946,Personal Care,Perawatan Rambut,Makarizo Hair Energy Sampo Anti Ketombe Citrus Tea 170 ml,29.200
6947,Personal Care,Perawatan Rambut,Miranda Pewarna Rambut Smokey Ash 30 ml,19.400
6948,Personal Care,Perawatan Rambut,Gatsby Fiber Pomade Penata Rambut Glossy 80 g,37.400
6949,Personal Care,Perawatan Rambut,NYU Pewarna Rambut Hitam 2 x 30 ml,29.400
6950,Personal Care,Perawatan Rambut,CBD Collagen Repair Masker Rambut Rusak Sachet 30 + 5 g,11.200
6951,Personal Care,Perawatan Rambut,Morris Fiber Wax Pomade Penata Rambut Extreme Hold 80 g,40.000
6952,Personal Care,Perawatan Rambut,Lifebuoy Sampo Activ-Power Serum Kuat & Berkilau Botol 170 ml,27.800
6953,Personal Care,Perawatan Rambut,Lifebuoy Sampo Anti Ketombe 170 ml,27.800
6954,Personal Care,Perawatan Rambut,Makarizo Salon Daily Professional Sampo 200 ml,40.500
6955,Personal Care,Perawatan Rambut,Makarizo Hair Energy Creambath Rambut Kering & Rusak Ekstrak Royal Jelly 100 ml,23.900
6956,Personal Care,Perawatan Rambut,Clear Sampo Anti Ketombe Complete Soft Care TinyTAN Botol 160 ml,
6957,Personal Care,Perawatan Rambut,Lab On Hair Scalp Spray Tonik Rambut Anti Rontok 160 ml,
6958,Personal Care,Perawatan Rambut,Lab On Hair Ampoule Serum Rambut Anti Rontok 60 ml,
6959,Personal Care,Perawatan Rambut,Zinc Sampo Anti Ketombe & Perawatan Rambut Rontok Japanese Ginseng 170 ml,
6960,Personal Care,Perawatan Rambut,Herbal Essences Kondisioner White Strawberry & Mint 400 ml,
6961,Personal Care,Perawatan Rambut,Herbal Essences Sampo White Strawberry & Mint Botol 400 ml,
6962,Personal Care,Perawatan Rambut,Clear Sampo Anti Ketombe Menthol Segar Botol 70 ml,
6963,Personal Care,Perawatan Rambut,Sunsilk Sampo Glossy Black Botol 70 ml,
6964,Personal Care,Perawatan Rambut,Selsun Yellow Sampo Anti Ketombe Botol 100 ml,
6965,Personal Care,Perawatan Rambut,Dove Sampo Serum Perawatan Rambut Rusak Botol 290 ml,
6966,Personal Care,Perawatan Rambut,Clear Sampo Anti Ketombe Menthol Segar Pump 400 ml,73.400
6967,Personal Care,Perawatan Rambut,Rudy Hadisuwarno Tonik Rambut Ekstrak Ginseng Anti Rontok 220 ml,86.500
6968,Personal Care,Perawatan Rambut,Makarizo Advisor Vitamin Rambut Hair Recovery Vitamax 50 ml,49.900
6969,Personal Care,Perawatan Rambut,Sariayu Frizzy Hair Natural Sampo Rambut Kering & Kusut 170 ml,27.500
6970,Personal Care,Perawatan Rambut,CBD Collagen Repair Masker Rambut Rusak 250 ml,59.900
6971,Personal Care,Perawatan Rambut,Wonderlux Spray Setter Hair Spray Extra Hold 150 ml,70.900
6972,Personal Care,Perawatan Rambut,CBD Bio+ Peptide Complex Tonik Rambut Rontok 100 ml,55.000
6973,Personal Care,Perawatan Rambut,CBD Bio+ Peptide Complex Masker Rambut Rontok 500 g,95.500
6974,Personal Care,Perawatan Rambut,CBD Bio+ Peptide Complex Kondisioner Rambut Rontok 250 ml,45.000
6975,Personal Care,Perawatan Rambut,CBD Bio+ Peptide Complex Sampo Rambut Rontok 250 ml,45.000
6976,Personal Care,Perawatan Rambut,CBD Bio+ Peptide Roller Serum Rambut Rontok 10 ml,28.500
6977,Personal Care,Perawatan Rambut,Lifebuoy Sampo Anti Ketombe Lemon Dingin 340 ml,46.900
6978,Personal Care,Perawatan Rambut,Dove Biotin Creambath Rambut Rontok & Kulit Kepala Kering 300 g,89.000
6979,Personal Care,Perawatan Rambut,Sunsilk Sampo Silky Smooth Pouch 900 ml,105.000
6980,Personal Care,Perawatan Rambut,Erhair Hairgrow Sampo Rambut Kuat & Tebal Botol 100 ml,73.900
6981,Personal Care,Perawatan Rambut,Makarizo Hair Energy Creambath Rambut Rontok Ekstrak Aloe & Melon 100 ml,23.900
6982,Personal Care,Perawatan Rambut,Barber Daily Pomade Penata Rambut Strong Compound 75 ml,32.900
6983,Personal Care,Perawatan Rambut,Pantene Miracles Collagen Repair Sampo Rambut Rusak 145 ml,34.900
6984,Personal Care,Perawatan Rambut,Pantene Miracles Biotin Strenght Sampo Rambut Rontok 145 ml,34.900
6985,Personal Care,Perawatan Rambut,Miranda Pewarna Rambut Ash Blonde 30 ml,19.400
6986,Personal Care,Perawatan Rambut,Shantos Romeo Pomade Penata Rambut 75 g,36.000
6987,Personal Care,Perawatan Rambut,Morris Pomade Penata Rambut Premium 80 g,37.400
6988,Personal Care,Perawatan Rambut,Gatsby Fiber Clay Penata Rambut Matte 80 g,37.400
6989,Personal Care,Perawatan Rambut,Zinc Sampo Anti Ketombe Cool Booster Mint 170 ml,25.800
6990,Personal Care,Perawatan Rambut,Makarizo Hair Energy Easy Colourz Pewarna Rambut Cokelat Muda 26 ml,11.800
6991,Personal Care,Perawatan Rambut,Ellips Vitamin Rambut Shiny Black 6 pcs,17.400
6992,Personal Care,Perawatan Rambut,Gatsby Water Gloss Gel Penata Rambut Hyper Solid 75 g,13.300
6993,Personal Care,Perawatan Rambut,Gatsby Water Gloss Gel Penata Rambut Hyper Solid 150 g,23.000
6994,Personal Care,Perawatan Rambut,Head & Shoulders Sampo Anti Ketombe Menthol Dingin Botol 70 ml,20.400
6995,Personal Care,Perawatan Rambut,Miranda Pewarna Rambut Decoloring Bleaching 30 ml,19.400
6996,Personal Care,Perawatan Rambut,Miranda Pewarna Rambut Natural Black 30 ml,19.400
6997,Personal Care,Perawatan Rambut,Ellips Vitamin Rambut Smooth & Silky 6 pcs,17.400
6998,Personal Care,Perawatan Rambut,Makarizo Hair Energy Scentsations Parfum Rambut Morning Dew 100 ml,32.400
6999,Personal Care,Perawatan Rambut,Makarizo Hair Energy Sampo Rambut Rontok Ekstrak Melon & Aloe Botol 170 ml,29.200
7000,Personal Care,Perawatan Rambut,Makarizo Hair Energy Sampo Rambut Rusak & Kering Royal Jelly Botol 170 ml,29.200
7001,Personal Care,Perawatan Rambut,Makarizo Hair Energy Sampo Rambut Rontok Ekstrak Melon & Aloe Botol 330 ml,50.800
7002,Personal Care,Perawatan Rambut,Ellips Vitamin Rambut Hair Repair 6 pcs,17.400
7003,Personal Care,Perawatan Rambut,Mustika Ratu Tonik Penyubur Rambut 175 ml,45.400
7004,Personal Care,Perawatan Rambut,Tancho Pewarna Rambut Natural Black 40 ml,23.500
7005,Personal Care,Perawatan Rambut,Gatsby Krim Penata Rambut Normal 125 g,17.500
7006,Personal Care,Perawatan Rambut,Gatsby Styling Wax Power & Spikes 75 g,25.000
7007,Personal Care,Perawatan Rambut,Ellips Vitamin Rambut Hair Treatment 6 pcs,17.400
7008,Personal Care,Perawatan Rambut,Lifebuoy Sampo Anti Ketombe 70 + 20 ml,14.500
7009,Personal Care,Perawatan Rambut,Pantene Sampo Anti Ketombe Botol 160 ml,18.900
7010,Personal Care,Perawatan Rambut,Pantene Sampo Perawatan Rambut Rontok 160 ml,19.400
7011,Personal Care,Perawatan Rambut,Pantene Kondisioner Perawatan Rambut Rontok 160 ml,19.400
7012,Personal Care,Perawatan Rambut,Pantene Sampo Perawatan Rambut Halus & Lembut Botol 130 ml,19.400
7013,Personal Care,Perawatan Rambut,Pantene Sampo Rambut Rusak Botol 160 ml,12.800
7014,Personal Care,Perawatan Rambut,Pantene Sampo Rambut Hitam Glow Botol 160 ml,19.400
7015,Personal Care,Perawatan Rambut,Pantene Hijab Sampo Anti Ketombe Botol 160 ml,12.900
7016,Personal Care,Perawatan Rambut,Pantene Hijab Sampo Rambut Rontok 160 ml,13.900
7017,Personal Care,Perawatan Rambut,Pantene Kondisioner Perawatan Rambut Halus & Lembut 160 ml,19.400
7018,Personal Care,Perawatan Rambut,Emeron BT21 Sampo Anti Rambut Rontok Botol 200 ml,18.500
7019,Personal Care,Perawatan Rambut,Emeron BT21 Sampo Anti Ketombe Botol 200 ml,18.500
7020,Personal Care,Perawatan Rambut,Emeron Sampo Perawatan Rambut Rontok Botol 170 ml,14.900
7021,Personal Care,Perawatan Rambut,Selsun Blue 5 Leaves Hair Sampo Anti ketombe Botol 120 ml,49.000
7022,Personal Care,Perawatan Rambut,Rudy Hadisuwarno Cosmetics Serum Penumbuh Rambut 6 x 9 ml,125.000
7023,Personal Care,Perawatan Rambut,Makarizo Advisor Tonik Rambut 145 ml,59.000
7024,Personal Care,Perawatan Rambut,Natur Kondisioner Olive Oil dan Aloe Vera 165 ml,33.900
7025,Personal Care,Perawatan Rambut,Makarizo Hair Energy Scentsations Parfum Rambut Ocean Breeze 100 ml,25.900
7026,Personal Care,Perawatan Rambut,Makarizo Hair Energy Fibertherapy Masker Rambut Royal Jelly Extract 500 ml,85.000
7027,Personal Care,Perawatan Rambut,Makarizo Hair Energy Fibertherapy Masker Rambut Aloe & Melon Extract 500 g,85.000
7028,Personal Care,Perawatan Rambut,Erhair Scalperfect Sampo Anti Ketombe Botol 370 ml,189.000
7029,Personal Care,Perawatan Rambut,CBD Collagen Repair Sampo untuk Rambut Rusak 250 ml,42.900
7030,Personal Care,Perawatan Rambut,CBD Collagen Repair Kondisioner untuk Rambut Rusak 250 ml,42.900
7031,Personal Care,Perawatan Rambut,CBD Collagen Repair Serum Oil untuk Rambut Rusak 100 ml,65.000
7032,Personal Care,Perawatan Rambut,Makarizo Hair Energy Scentsations Parfum Rambut Cherry Blossom 100 ml,32.400
7033,Personal Care,Perawatan Rambut,Makarizo Hair Energy Sampo Rambut Rusak & Kering Royal Jelly Botol 330 ml,39.900
7034,Personal Care,Perawatan Rambut,Natur Kondisioner Ginseng & Olive Oil 165 ml,33.900
7035,Personal Care,Perawatan Rambut,L'Oreal Paris Elseve Hyaluron Moisture Sampo Melembabkan 280 ml,65.000
7036,Personal Care,Perawatan Rambut,L'Oreal Paris Elseve Total Repair 5 Sampo Rambut Rusak 280 ml,60.000
7037,Personal Care,Perawatan Rambut,L'Oreal Paris Elseve Sampo Anti Rambut Rontok 280 ml,60.000
7038,Personal Care,Perawatan Rambut,L'Oreal Paris Elseve Color Protect Sampo Rambut Diwarnai 280 ml,60.000
7039,Personal Care,Perawatan Rambut,L'Oreal Paris Elseve Hyaluron Pure Sampo Purifying 280 ml,65.000
7040,Personal Care,Perawatan Rambut,L'Oreal Paris Elseve Hyaluron Krim Malam Moisturizer Rambut 150 ml,60.000
7041,Personal Care,Perawatan Rambut,Emeron Sampo Hitam Berkilau Urang Aring Botol 170 ml,14.900
7042,Personal Care,Perawatan Rambut,Garnier Express Cream Pewarna Rambut 01 Hitam Alami 20 g,19.900
7043,Personal Care,Perawatan Rambut,Garnier Ultra Color Pewarna Rambut 7.3 Golden Brown 30 g,19.900
7044,Personal Care,Perawatan Rambut,Emeron Hijab Clean & Fresh Sampo Tea Tree Oil 170 ml,14.900
7045,Personal Care,Perawatan Rambut,Garnier Creme Riche Pewarna Rambut 5.32 Coklat Caramel 20 ml,19.900
7046,Personal Care,Perawatan Rambut,Garnier Express Cream Pewarna Rambut 3 Coklat Kehitaman 20 ml,19.900
7047,Personal Care,Perawatan Rambut,Garnier Men Sampo Pewarna Rambut Hitam 20 ml,19.900
7048,Personal Care,Perawatan Rambut,Garnier Men Sampo Pewarna Rambut Cokelat 20 ml,19.900
7049,Personal Care,Perawatan Rambut,Garnier Ultra Color Pewarna Rambut Ash Blonde 30 ml,19.900
7050,Personal Care,Perawatan Rambut,Garnier Ultra Color Pewarna Rambut 6.62 Cranberry Red 20 ml,19.900
7051,Personal Care,Perawatan Rambut,Garnier Ultra Color Pewarna Rambut True Blue 30 ml,19.900
7052,Personal Care,Perawatan Rambut,Garnier Color Naturals Ultra Color Pewarna Rambut Cool Ash 30 g,19.900
7053,Personal Care,Perawatan Rambut,Natur Sampo Alami Ginseng Botol 140 ml,32.500
7054,Personal Care,Perawatan Rambut,Pantene Sampo Anti Ketombe Botol 290 ml,40.400
7055,Personal Care,Perawatan Rambut,Head & Shoulders Sampo Anti Ketombe & Anti Bakteri Bersih & Harum Botol 160 ml,28.900
7056,Personal Care,Perawatan Rambut,Rejoice Sampo Anti Ketombe Botol 150 ml,14.500
7057,Personal Care,Perawatan Rambut,Head & Shoulders Sampo Anti Ketombe Menthol Dingin Botol 160 ml,28.900
7058,Personal Care,Perawatan Rambut,Rejoice Sampo Rich Halus Lembut 150 ml,19.900
7059,Personal Care,Perawatan Rambut,Zinc Sampo Anti Ketombe Refreshing Cool Green Tea Mint Botol 170 ml,16.200
7060,Personal Care,Perawatan Rambut,Head & Shoulders Sampo Anti Ketombe Menthol Dingin Botol 300 ml,49.900
7061,Personal Care,Perawatan Rambut,Sunsilk Sampo Hijab Anti Ketombe & Menthol Dingin Botol 160 ml,20.900
7062,Personal Care,Perawatan Rambut,Head & Shoulders Sampo Anti Ketombe Lemon Segar Botol 160 ml,28.900
7063,Personal Care,Perawatan Rambut,Rejoice Sampo Rich Halus Lembut Botol 340 ml,37.900
7064,Personal Care,Perawatan Rambut,Head & Shoulders Sampo Anti Ketombe Lembut & Halus Botol 160 ml,28.900
7065,Personal Care,Perawatan Rambut,Pantene Sampo Perawatan Rambut Rontok Botol 290 ml,40.400
7066,Personal Care,Perawatan Rambut,Head & Shoulders Sampo Anti Ketombe Lemon Segar Botol 300 ml,49.900
7067,Personal Care,Perawatan Rambut,Serasoft Serum Sampo Perawatan Rambut Rontok Botol 170 ml,18.400
7068,Personal Care,Perawatan Rambut,Pantene Sampo Perawatan Rambut Rontok Pump 900 ml,135.000
7069,Personal Care,Perawatan Rambut,Palmolive Sampo + Kondisioner Intensive Moisture Coconut Cream Botol 180 ml,29.000
7070,Personal Care,Perawatan Rambut,Pantene Sampo Anti Ketombe Pump 900 ml,135.000
7071,Personal Care,Perawatan Rambut,Head & Shoulders Sampo Anti Ketombe Menthol Dingin Pump 680 ml,103.500
7072,Personal Care,Perawatan Rambut,Head & Shoulders Sampo Anti Ketombe Lemon Segar 680 ml,103.500
7073,Personal Care,Perawatan Rambut,Rejoice Sampo Rich Halus Lembut Pump 600 ml,72.000
7074,Personal Care,Perawatan Rambut,Pantene Sampo Rambut Hitam Glow Pump 400 ml,52.000
7075,Personal Care,Perawatan Rambut,Herbal Essences Kondisioner Argan Oil of Morocco 400 ml,79.000
7076,Personal Care,Perawatan Rambut,L'Oreal Paris Elseve Extraordinary Oil Serum Rambut Gold 100 ml,119.000
7077,Personal Care,Perawatan Rambut,Head & Shoulders Sampo Anti Bakteri Bersih & Harum Pump 400 ml,53.900
7078,Personal Care,Perawatan Rambut,Head & Shoulders Sampo Anti Ketombe Halus & Lembut Pump 400 ml,70.900
7079,Personal Care,Perawatan Rambut,Zinc Sampo Anti Ketombe Clean Active Sea Salt Botol 340 ml,31.900
7080,Personal Care,Perawatan Rambut,Zinc Sampo Anti Ketombe Soft Care Almond Botol 340 ml,31.900
7081,Personal Care,Perawatan Rambut,Zinc Sampo Anti Ketombe Black Shine Urang Aring Botol 340 ml,31.900
7082,Personal Care,Perawatan Rambut,Zinc Sampo Anti Ketombe & Perawatan Rambut Rontok Japanese Ginseng 340 ml,31.900
7083,Personal Care,Perawatan Rambut,Emeron Sampo Perawatan Rambut Rontok Aloe Vera & Ginseng Botol 340 ml,25.900
7084,Personal Care,Perawatan Rambut,Emeron Soft & Smooth Sampo Lembut & Berkilau Botol 340 ml,25.900
7085,Personal Care,Perawatan Rambut,Emeron Sampo Anti Ketombe Botol 340 ml,25.900
7086,Personal Care,Perawatan Rambut,Emeron Sampo Hitam Berkilau Urang Aring Botol 340 ml,25.900
7087,Personal Care,Perawatan Rambut,Garnier Ultra Color Pewarna Rambut 7.3 Golden Brown 55 ml,49.900
7088,Personal Care,Perawatan Rambut,Garnier Creme Riche Pewarna Rambut 6.64 Merah Berry 55 ml,49.900
7089,Personal Care,Perawatan Rambut,Garnier Creme Riche Pewarna Rambut 5.32 Coklat Caramel 55 ml,49.900
7090,Personal Care,Perawatan Rambut,Garnier Creme Riche Pewarna Rambut 3 Coklat Gelap 55 ml,49.900
7091,Personal Care,Perawatan Rambut,Pantene Miracles Biotin Strength Kondisioner Rambut Rontok 300 ml,49.000
7092,Personal Care,Perawatan Rambut,Pantene Miracles Collagen Repair Kondisioner Rambut Rusak 300 ml,49.000
7093,Personal Care,Perawatan Rambut,Garnier Ultra Color Pewarna Rambut Radiant Blueberry 30 ml,19.900
7094,Personal Care,Perawatan Rambut,Palmolive Sampo + Kondisioner Anti Ketombe 180 ml,29.000
7095,Personal Care,Perawatan Rambut,Palmolive Naturals Sampo + Kondisioner Ultra Smooth Aloe Vera 180 ml,29.000
7096,Personal Care,Perawatan Rambut,L'Oreal Paris Elseve Hyaluron Moisture Kondisioner Melembapkan 265 ml,65.000
7097,Personal Care,Perawatan Rambut,L'Oreal Paris Elseve Hyaluron Pure Kondisioner Rehydrating 265 ml,65.000
7098,Personal Care,Perawatan Rambut,Kahf Bedak Penata Rambut Pria Volumized Suave 10 g,59.000
7099,Personal Care,Perawatan Rambut,Zinc Sampo Anti Ketombe Cool Booster Mint 340 ml,31.900
7100,Personal Care,Perawatan Rambut,Head & Shoulders Sampo Anti Ketombe & Anti Bakteri Bersih & Harum Botol 300 ml,38.900
7101,Personal Care,Perawatan Rambut,Serasoft Serum Sampo Anti Ketombe Botol 170 ml,18.400
7102,Personal Care,Perawatan Rambut,Gatsby Pomade Penata Rambut Perfect Rise 75 g,31.500
7103,Personal Care,Perawatan Rambut,Bellagio Homme Pomade Penata Rambut Timeless Elegance Extreme Hold Light 80 g,26.500
7104,Personal Care,Perawatan Rambut,Head & Shoulders Sampo Anti Ketombe Menthol Dingin Pump 400 ml,72.900
7105,Personal Care,Perawatan Rambut,Rejoice Rich Halus Lembut Kondisioner Rambut 150 ml,19.900
7106,Personal Care,Perawatan Rambut,Bellagio Homme Pomade Penata Rambut Modern Luxe Extreme Hold Natural 80 g,26.500
7107,Personal Care,Perawatan Rambut,Clear Sampo Anti Ketombe Menthol Segar Botol 160 ml,21.900
7108,Personal Care,Perawatan Rambut,Clear Sampo Anti Ketombe Perawatan Komplit Botol 160 ml,21.900
7109,Personal Care,Perawatan Rambut,Tresemme Sampo Keratin Smooth Botol 170 ml,32.700
7110,Personal Care,Perawatan Rambut,Tresemme Scalp Care Sampo Anti Ketombe & Rambut Rontok Botol 170 ml,31.700
7111,Personal Care,Perawatan Rambut,Tresemme Kondisioner Keratin Smooth 170 ml,34.400
7112,Personal Care,Perawatan Rambut,Clear Sampo Anti Ketombe Menthol Segar Botol 300 ml,39.900
7113,Personal Care,Perawatan Rambut,Clear Sampo Anti Ketombe Perawatan Komplit Botol 300 ml,39.900
7114,Personal Care,Perawatan Rambut,Pantene Kondisioner Tanpa Bilas Pro-V Perfec+ On 40 ml,13.900
7115,Personal Care,Perawatan Rambut,Pantene Sampo Perawatan Rambut Rontok Pump 400 ml,69.900
7116,Personal Care,Perawatan Rambut,Pantene Sampo Anti Ketombe Pump 400 ml,69.900
7117,Personal Care,Perawatan Rambut,Head & Shoulders Sampo Anti Ketombe Sub Zero Sensation Botol 160 ml,31.500
7118,Personal Care,Perawatan Rambut,NYU Henna Sampo Pewarna Rambut Natural Black Sachet 20 ml,12.500
7119,Personal Care,Perawatan Rambut,NYU Henna Sampo Pewarna Rambut Natural Brown Sachet 20 ml,12.500
7120,Personal Care,Perawatan Rambut,Zinc Sampo Anti Ketombe Active Fresh Lemon Botol 170 ml,16.200
7121,Personal Care,Perawatan Rambut,Head & Shoulders Sampo Anti Ketombe Perawatan Kulit Kepala Anti Gatal Botol 160 ml,28.900
7122,Personal Care,Perawatan Rambut,Pantene Miracles Biotin Strength Kondisioner Rambut Rontok 70 ml,18.900
7123,Personal Care,Perawatan Rambut,Pantene Miracles Collagen Repair Kondisioner Rambut Rusak 70 ml,18.900
7124,Personal Care,Perawatan Rambut,Zinc Sampo Anti Ketombe Hijab Mawar & Zaitun Perawatan Rambut Rontok Botol 170 ml,16.200
7125,Personal Care,Perawatan Rambut,Zinc Sampo Anti Ketombe Refreshing Cool Green Tea Mint Botol 340 ml,32.300
7126,Personal Care,Perawatan Rambut,Bellagio Homme Clay Penata Rambut Mega Hold 90 g,28.800
7127,Personal Care,Perawatan Rambut,Cultusia Sampo Pewarna Rambut Hitam Sachet 25 ml,12.900
7128,Personal Care,Perawatan Rambut,Head & Shoulders Sampo Anti Ketombe Menthol Dingin 160 ml - Mobile Legend,22.900
7129,Personal Care,Perawatan Rambut,Zinc Sampo Anti Ketombe Active Fresh Lemon Mint Botol 340 ml,32.300
7130,Personal Care,Perawatan Rambut,Rejoice Sampo Rich Halus Lembut Korean Lavender Botol 150 ml,19.900
7131,Personal Care,Perawatan Rambut,Pinkberry Parfum Rambut & Tubuh Rose Better 100 ml,27.000
7132,Personal Care,Perawatan Rambut,Pinkberry Parfum Rambut & Tubuh Evening Tea 100 ml,26.500
7133,Personal Care,Perawatan Rambut,Clear Sampo Anti Ketombe & Rambut Rontok Botol 160 ml,21.900
7134,Personal Care,Perawatan Rambut,Selsun Blue Sampo Anti ketombe Botol 120 ml,
7135,Personal Care,Perawatan Rambut,Pinkberry Parfum Rambut & Tubuh Spring Souffle 100 ml,
7136,Personal Care,Perawatan Rambut,Ellips Dry Shampoo Fruity 50 ml,30.500
7137,Personal Care,Perawatan Rambut,Clear Sampo Anti Ketombe Menthol Segar Pump 660 ml,64.000
7138,Personal Care,Perawatan Rambut,Tresemme Sampo Keratin Smooth Pump 670 ml,77.500
7139,Personal Care,Perawatan Rambut,Makarizo Hair Energy Fibertherapy Creambath Masker Rambut Ginseng Extract 500 ml,65.000
7140,Personal Care,Perawatan Rambut,Tresemme Keratin Smooth Masker Rambut 180 ml,72.000
7141,Personal Care,Perawatan Rambut,Tresemme Keratin Smooth Spray Pelindung Rambut dari Panas 236 ml,115.000
7142,Personal Care,Perawatan Rambut,Head & Shoulders Sampo Anti Ketombe Lemon Segar Botol 160 ml - Mobile Legend,22.900
7143,Personal Care,Perawatan Rambut,Ellips Dry Shampoo Blossom 50 ml,30.500
7144,Personal Care,Perawatan Rambut,Ellips Vitamin Rambut Hair Repair 50 s,79.900
7145,Personal Care,Perawatan Rambut,Natur Tonik Rambut Ekstrak Aloe Vera 90 ml,32.000
7146,Personal Care,Perawatan Rambut,Tresemme Sampo Keratin Smooth Refill 900 ml,103.000
7147,Personal Care,Perawatan Rambut,Selsun Gold Sampo Anti Ketombe Botol 120 ml,42.000
7148,Personal Care,Perawatan Rambut,Tresemme Scalp Care Sampo Anti Ketombe & Rambut Rontok Pump 850 ml,90.000
7149,Personal Care,Perawatan Rambut,Clear Sampo Anti Ketombe Menthol Segar Pump 1.2 L,113.000
7150,Personal Care,Perawatan Rambut,Clear Sampo Anti Ketombe Perawatan Komplit Pump 1.2 L,113.000
7151,Personal Care,Perawatan Rambut,Miranda Keratin Sampo Smoothing & Anti Frizzing Botol 200 ml,29.000
7152,Personal Care,Perawatan Rambut,Miranda Keratin Protein Kondisioner Smoothing & Anti Frizzing 200 ml,29.000
7153,Personal Care,Perawatan Rambut,Miranda Keratin Protein Spray Penutrisi Rambut 100 ml,23.000
7154,Personal Care,Perawatan Rambut,Zinc Sampo Anti Ketombe Refreshing Cool Green Tea Mint Pump 680 ml,49.900
7155,Personal Care,Perawatan Rambut,Liese Pewarna Rambut Creamy Bubble Milk Tea Brown 108 g,99.000
7156,Personal Care,Perawatan Rambut,Liese Pewarna Rambut Creamy Bubble Dark Chocolat 108 g,99.000
7157,Personal Care,Perawatan Rambut,Liese Pewarna Rambut Creamy Bubble Mint Ash 108 g,99.000
7158,Personal Care,Perawatan Rambut,Liese Pewarna Rambut Creamy Bubble Rose Tea Brown 108 g,99.000
7159,Personal Care,Perawatan Rambut,Liese Pewarna Rambut Creamy Bubble Midnight Ash 108 g,99.000
7160,Personal Care,Perawatan Rambut,Liese Pewarna Rambut Creamy Bubble Berry Pink 108 g,99.000
7161,Personal Care,Perawatan Rambut,Pantene Sampo Anti Ketombe Botol 110 ml,19.900
7162,Personal Care,Perawatan Rambut,Pantene Sampo Perawatan Rambut Rontok Botol 110 ml,19.900
7163,Personal Care,Perawatan Rambut,Head & Shoulders Sampo Anti Ketombe Menthol Dingin Botol 110 ml,21.900
7164,Personal Care,Perawatan Rambut,"Emeron Soft & Smooth Vitamin Rambut Halus, Lembut & Berkilau 6 pcs",8.900
7165,Personal Care,Perawatan Rambut,Serasoft Serum Sampo Smooth & Shine Botol 170 ml,18.400
7166,Personal Care,Perawatan Rambut,Excello Pewarna Rambut Golden Brown 2 x 20 ml,9.900
7167,Personal Care,Perawatan Rambut,Sunsilk Vitamin & Parfum Rambut 100 ml,26.900
7168,Personal Care,Perawatan Rambut,Head & Shoulders 2 in 1 Sampo + Kondisioner Anti Ketombe Menthol Dingin 160 ml,32.900
7169,Personal Care,Perawatan Rambut,Kahf Sleek Classy Pomade Rambut Water Based 70 g,45.000
7170,Personal Care,Perawatan Rambut,Head & Shoulders 2 In 1 Sampo + Kondisioner Selembut Sutera Anti Ketombe 160 ml,32.900
7171,Personal Care,Perawatan Rambut,Pantene Miracles Biotin Strength Kondisioner Rambut Rontok 150 ml,30.400
7172,Personal Care,Perawatan Rambut,Sunsilk Vitamin & Parfum Rambut Silky Gloss 100 ml,26.900
7173,Personal Care,Perawatan Rambut,Sasha Professional Pewarna Rambut Copper Golden Blonde 30 g,13.200
7174,Personal Care,Perawatan Rambut,Sunsilk Power Shot Creambath Rambut Silky Smooth Sachet 30 g,8.900
7175,Personal Care,Perawatan Rambut,NYU Henna Sampo Pewarna Rambut Blue Black Sachet 20 ml,12.500
7176,Personal Care,Perawatan Rambut,Emeron Damage Care Vitamin Rambut Rusak 6 pcs,10.900
7177,Personal Care,Perawatan Rambut,Sunsilk Sampo Glossy Black Botol 160 ml,20.900
7178,Personal Care,Perawatan Rambut,Sunsilk Sampo Silky Smooth Botol 160 ml,20.900
7179,Personal Care,Perawatan Rambut,Sunsilk Sampo Anti Ketombe & Silky Botol 160 ml,20.900
7180,Personal Care,Perawatan Rambut,Sunsilk Sampo Anti Ketombe & Silky Botol 320 ml,25.000
7181,Personal Care,Perawatan Rambut,Sunsilk Sampo Glossy Black Botol 320 ml,36.900
7182,Personal Care,Perawatan Rambut,Sunsilk Sampo Silky Smooth Botol 320 ml,36.900
7183,Personal Care,Perawatan Rambut,Tresemme Keratin Smooth Masker Rambut 30 g,8.500
7184,Personal Care,Perawatan Rambut,Ellips Vitamin Rambut Hair Repair 15 pcs,27.500
7185,Personal Care,Perawatan Rambut,Pantene Miracles Collagen Repair Kondisioner Rambut Rusak 150 ml,29.900
7186,Personal Care,Perawatan Rambut,Pantene Miracles Kondisioner Keratin Glow 70 ml,18.900
7187,Personal Care,Perawatan Rambut,Head & Shoulders Sampo Perawatan Rambut Rontok 160 ml,28.900
7188,Personal Care,Perawatan Rambut,L'Oreal Paris Elseve Sampo Glycolic Gloss 200 ml,34.900
7189,Personal Care,Perawatan Rambut,L'Oreal Paris Elseve Kondisioner Glycolic Gloss 175 ml,34.900
7190,Personal Care,Perawatan Rambut,L'Oreal Paris Elseve Sampo Anti Rambut Rontok 200 ml,34.900
7191,Personal Care,Perawatan Rambut,CBD Keratin Pro Sampo Daily 250 ml,
7192,Personal Care,Perawatan Rambut,CBD Keratin Pro Kondisioner Daily 250 ml,
7193,Personal Care,Perawatan Rambut,lavojoy Hold Me Tight Pro Scalp Essence Rambut Anti Rontok 60 ml,99.900
7194,Personal Care,Perawatan Rambut,Lavojoy Hold Me Tight Pro Sampo Rambut Anti Rontok Pump 280 ml,99.900
7195,Personal Care,Perawatan Rambut,CBD Color Shield Sampo untuk Rambut Diwarnai 250 ml,39.000
7196,Personal Care,Perawatan Rambut,CBD Keratin Pro Masker Rambut Daily 250 ml,55.000
7197,Personal Care,Perawatan Rambut,CBD Keratin Pro Vitamin Rambut Daily Spray 100 ml,55.000
7198,Personal Care,Perawatan Rambut,CBD Color Shield Kondisioner untuk Rambut Diwarnai 250 ml,39.000
7199,Personal Care,Perawatan Rambut,CBD Color Shield Masker Rambut Diwarnai 250 ml,55.000
7200,Personal Care,Perawatan Rambut,Mustika Ratu Sampo Bayam Perawatan Rambut Rontok 1 L,85.900
7201,Personal Care,Perawatan Rambut,Mustika Ratu Sampo Bayam Perawatan Rambut Rontok 175 ml,21.000
7202,Personal Care,Perawatan Rambut,Mustika Ratu Sampo Merang Perawatan Rambut Anti Ketombe 175 ml,21.000
7203,Personal Care,Perawatan Rambut,Mustika Ratu Sampo Daun Waru Perawatan Rambut Kering & Rusak 175 ml,21.000
7204,Personal Care,Perawatan Rambut,Mustika Ratu Sampo Daun Landep Perawatan Rambut Berkilau & Sehat 175 ml,21.000
7205,Personal Care,Perawatan Rambut,Mustika Ratu Sampo Teh Hijau Perawatan Rambut Lepek & Anti Polusi 175 ml,21.000
7206,Personal Care,Perawatan Rambut,Makarizo Hair Energy Scentsations Parfum Rambut It's Litchi Tea Time 100 mL,36.500
7207,Personal Care,Perawatan Rambut,Tresemme Bond Repair Serum Rambut Rontok & Patah 100 ml,115.000
7208,Personal Care,Perawatan Rambut,Tresemme Keratin Smooth Serum Rambut Kusut & Kering 100 ml,115.000
7209,Personal Care,Perawatan Rambut,Tresemme Bond Repair Sampo Anti Rambut Rontok Pump 670 ml,90.000
7210,Personal Care,Perawatan Rambut,Natur Sampo Perawatan Rambut Rontok Ekstrak Ginseng 270 ml,42.000
7211,Personal Care,Perawatan Rambut,Natur Sampo Penumbuh Rambut Ekstrak Aloe Vera 270 ml,42.000
7212,Personal Care,Perawatan Rambut,Sunsilk Power Shot Creambath Rambut Silky Smooth 180 g,39.000
7213,Personal Care,Perawatan Rambut,Sunsilk Power Shot Creambath Rambut Silky Gloss 180 g,39.000
7214,Personal Care,Perawatan Rambut,Sunsilk Power Shot Creambath Rambut Silky Gloss Sachet 30 g,6.000
7215,Personal Care,Perawatan Rambut,Sunsilk Vitamin & Parfum Rambut Silky Volume 100 ml,23.000
7216,Personal Care,Perawatan Rambut,Zinc Sampo Anti Ketombe Active Fresh Lemon Mint Pump 680 ml,49.900
7217,Personal Care,Perawatan Rambut,Zinc Sampo Anti Ketombe Refreshing Cool Green Tea Mint 450 ml,36.500
7218,Personal Care,Perawatan Rambut,Emeron Sampo Hitam Berkilau Urang Aring Pump 450 ml,34.900
7219,Personal Care,Perawatan Rambut,Serasoft Serum Sampo Anti Ketombe Botol 340 ml,30.900
7220,Personal Care,Perawatan Rambut,Serasoft Serum Sampo Smooth & Shine Botol 340 ml,30.900
7221,Personal Care,Perawatan Rambut,L'Oreal Paris Elseve Sampo Hyaluron Pure 200 ml,34.900
7222,Personal Care,Perawatan Rambut,Sunsilk Kondisioner Rambut Silky Smooth 160 ml,20.900
7223,Personal Care,Perawatan Rambut,Lifebuoy Sampo Anti Ketombe 340 ml,29.900
7224,Personal Care,Perawatan Rambut,Pantene Miracles Masker Treatment Rambut Repair Intensive Shot 4 pcs,34.900
7225,Personal Care,Perawatan Rambut,Pantene Miracles Masker Rambut Intensive Bond Repair 300 ml,95.500
7226,Personal Care,Perawatan Rambut,Pantene Miracle Oil Vitamin Rambut Repair & Protect 90 ml,121.900
7227,Personal Care,Perawatan Rambut,L'Oreal Paris Elseve Extraordinary Oil Serum Rambut Gold 30 ml,56.500
7228,Personal Care,Perawatan Rambut,Ellips Serum Rambut Ultra Treatment 48 ml,36.900
7229,Personal Care,Perawatan Rambut,Dove Micellar Sampo Rambut Rontok & Kulit Kepala Berminyak 155 ml,23.500
7230,Personal Care,Perawatan Rambut,Ellips Vitamin Parfum Rambut Fragrance Booster Mist Me Up 50 ml,14.300
7231,Personal Care,Perawatan Rambut,Dove Biotin Sampo Rambut Rontok & Kulit Kepala Kering 115 ml,23.500
7232,Personal Care,Perawatan Rambut,Dove Biotin Conditioner Rambut Rontok & Kulit Kepala Kering 135 ml,29.400
7233,Personal Care,Perawatan Rambut,Gatsby Pomade Penata Rambut Supreme Grease 75 g,31.500
7234,Personal Care,Perawatan Rambut,L'Oreal Paris Elseve Kondisioner Anti Rambut Rontok 175 ml,
7235,Personal Care,Perawatan Rambut,Sunsilk Super Serum Rambut Silky Smooth 45 ml,49.900
7236,Personal Care,Perawatan Rambut,Sunsilk Super Serum Rambut Glossy Black 45 ml,49.900
7237,Personal Care,Perawatan Rambut,Lifebuoy Sampo Serum Ginseng Perawatan Rambut Rontok 680 ml,59.900
7238,Personal Care,Perawatan Rambut,Clear Scalp Tonik Rambut Anti Ketombe Pro 75 ml,49.900
7239,Personal Care,Perawatan Rambut,Dove Niacinamide Sampo Rambut Rontok & Kulit Kepala Berketombe 290 ml,35.000
7240,Personal Care,Perawatan Rambut,Dove Micellar Sampo Rambut Rontok & Kulit Kepala Berminyak 290 ml,35.000
7241,Personal Care,Perawatan Rambut,Dove Hyaluron Sampo Rambut Rontok & Kulit Kepala Sensitif 290 ml,35.000
7242,Personal Care,Perawatan Rambut,Dove Biotin Sampo Rambut Rontok & Kulit Kepala Kering 290 ml,35.000
7243,Personal Care,Perawatan Rambut,Lifebuoy Sampo Anti Ketombe Menthol Dingin Botol 680 ml,49.000
7244,Personal Care,Perawatan Rambut,Sunsilk Sampo Glossy Black Botol 900 ml,69.000
7245,Personal Care,Perawatan Rambut,Sunsilk Sampo Silky Smooth Botol 900 ml,69.000
7246,Personal Care,Perawatan Rambut,Sunsilk Sampo Glossy Black Botol 650 ml,53.000
7247,Personal Care,Perawatan Rambut,Sunsilk Sampo Silky Smooth Botol 650 ml,53.000
7248,Personal Care,Perawatan Rambut,Sunsilk Sampo Anti Ketombe & Silky Botol 650 ml,53.000
7249,Personal Care,Perawatan Rambut,L'Oreal Paris Elseve Hyaluron Pure Sampo Purifying 400 ml,77.000
7250,Personal Care,Perawatan Rambut,L'Oreal Paris Elseve Total Repair 5 Kondisioner Rambut Rusak 265 ml,59.000
7251,Personal Care,Perawatan Rambut,L'Oreal Paris Elseve Kondisioner Anti Rambut Rontok 265 ml,59.000
7252,Personal Care,Perawatan Rambut,L'Oreal Paris Elseve Hyaluron Moisture Sampo Melembabkan 400 ml,77.000
7253,Personal Care,Perawatan Wajah,Pond's Bright Miracle Krim Pagi Pelembap Wajah Niasorcinol 20 g,36.700
7254,Personal Care,Perawatan Wajah,Pond's Bright Miracle Whip Collagen Pembersih Wajah & Pencerah Foam 100 g,47.900
7255,Personal Care,Perawatan Wajah,Pond's Bright Miracle Whip Collagen Niasorcinol Pembersih Wajah Foam 100 g,37.100
7256,Personal Care,Perawatan Wajah,Alfamart Kapas Kecantikan Sanrio 150 s,16.900
7257,Personal Care,Perawatan Wajah,Hose Pembersih Wajah Brightening & Exfoliating 100 ml,35.900
7258,Personal Care,Perawatan Wajah,Derma Angel Patch Jerawat Salicylic Acid Pagi 6 + 3 pcs,19.000
7259,Personal Care,Perawatan Wajah,Vaseline Lip Therapy Pelembap Bibir Rosy Lips 4.8 g,32.500
7260,Personal Care,Perawatan Wajah,Vaseline Lip Therapy Rosy Lips Tube 7 g,46.500
7261,Personal Care,Perawatan Wajah,Glow & Lovely Pembersih Wajah Foam untuk Kulit Kusam Vitamin C 100 g,36.500
7262,Personal Care,Perawatan Wajah,Vaseline Lip Care Pelembap Bibir Rosy Tinted 10 g,35.200
7263,Personal Care,Perawatan Wajah,Kojiesan Skin Lightening Sabun Mandi Batang Pencerah Wajah & Tubuh Hydromoist 65 g,22.900
7264,Personal Care,Perawatan Wajah,Glow & Lovely Ultimate UV Duo Sunscreen Wajah SPF 35 40 g,38.500
7265,Personal Care,Perawatan Wajah,Hanasui Power Bright Expert Serum Pencerah Wajah 20 ml,34.900
7266,Personal Care,Perawatan Wajah,Azarine Hydrasoothe Sunscreen Wajah Gel SPF 45 PA++++ 30 ml,39.000
7267,Personal Care,Perawatan Wajah,Hose x One Piece Pembersih Wajah Anti Jerawat Tube 100 ml,23.600
7268,Personal Care,Perawatan Wajah,Alfamart Cotton Buds Spiral Doraemon 100 s,9.200
7269,Personal Care,Perawatan Wajah,The Originote Sunscreen Wajah Ceramella SPF 50 Tube 50 g,48.500
7270,Personal Care,Perawatan Wajah,Glad2Glow Centella Gel Moisturizer Pelembap Wajah Anti Jerawat 55 g,51.500
7271,Personal Care,Perawatan Wajah,Glad2Glow Masker Wajah Clay Anti Jerawat Mugwort Stik 25 g,47.000
7272,Personal Care,Perawatan Wajah,Glad2Glow Moisturizer Pelembap Wajah Anti Jerawat Blueberry 30 g,49.900
7273,Personal Care,Perawatan Wajah,Vio Acne Shield Patch Jerawat Karakter 24 pcs,38.000
7274,Personal Care,Perawatan Wajah,Vaseline Lip Care Pelembab Bibir Warna Mellow Rose 3 g,59.900
7275,Personal Care,Perawatan Wajah,The Originote Mugwort B3 Masker Wajah Clay Stik 40 g,43.900
7276,Personal Care,Perawatan Wajah,Glad2Glow Milk Amino Acids Pembersih Wajah 80 g,44.500
7277,Personal Care,Perawatan Wajah,Pond's Age Miracle Hexyl Retinol Whip Krim Pelembap Wajah Ultimate Youth Anti Aging 20 g,
7278,Personal Care,Perawatan Wajah,Hanasui Flawless Glow 10 Krim Malam Pelembap Wajah 15 g,
7279,Personal Care,Perawatan Wajah,Rojukiss Serum Wajah Anti Jerawat Korean Tea Tree Bija 30 ml,
7280,Personal Care,Perawatan Wajah,Hanasui Masker Pencerah Wajah Peel Off Naturgo 60 g,
7281,Personal Care,Perawatan Wajah,Banana Boat Sport Sunscreen Wajah Spray SPF 110 170 g,
7282,Personal Care,Perawatan Wajah,Senka Perfect White Clay Pembersih Wajah Foam 50 g,
7283,Personal Care,Perawatan Wajah,Senka Perfect Whip Pembersih Wajah Foam Fresh 50 g,
7284,Personal Care,Perawatan Wajah,Y.O.U Acne Plus Masker Wajah Lembaran Anti Jerawat 5 x 25 g,
7285,Personal Care,Perawatan Wajah,Natur-e Pembersih Wajah untuk Kulit Kusam 50 ml,
7286,Personal Care,Perawatan Wajah,Mediheal Masker Wajah Lembaran Anti Jerawat Teatree Essential 24 ml,
7287,Personal Care,Perawatan Wajah,Nivea Micellar Water Pembersih Makeup Soothing 125 ml,
7288,Personal Care,Perawatan Wajah,Viva Whitening Krim Wajah 40 g,
7289,Personal Care,Perawatan Wajah,Alfamart Cotton Buds Reguler Refill 100 pcs,
7290,Personal Care,Perawatan Wajah,Glad2Glow Yuja Symwhite 377 Moisturizer Pelembap Wajah untuk Noda Hitam 30 g,
7291,Personal Care,Perawatan Wajah,Vio Acne Shield Patch Jerawat Gambar Makanan Jepang 12 pcs,17.900
7292,Personal Care,Perawatan Wajah,Vio Acne Shield Patch Jerawat Gambar Buah 12 pcs,17.900
7293,Personal Care,Perawatan Wajah,Implora Masker Wajah Lembaran Blueberry Melembapkan 25 g,4.000
7294,Personal Care,Perawatan Wajah,Implora Masker Wajah Lembaran Aloe Vera Anti Jerawat 25 g,4.000
7295,Personal Care,Perawatan Wajah,Implora Masker Wajah Lembaran Papaya Mengecilkan Pori 25 g,4.000
7296,Personal Care,Perawatan Wajah,Implora Masker Wajah Lembaran Avocado Anti Aging 25 g,4.000
7297,Personal Care,Perawatan Wajah,Sariayu Sunscreen Serum Wajah Tone Up SPF 30 30 ml,38.500
7298,Personal Care,Perawatan Wajah,Azarine Intense Luminous Barrier Moisturizer Pelembap Wajah 30 g,49.000
7299,Personal Care,Perawatan Wajah,Azarine Advanced Youth Barrier Moisturizer Pelembap Wajah 30 g,49.000
7300,Personal Care,Perawatan Wajah,Somethinc Calm Down Skinpair R-Cover Krim Pelembap Wajah Refill 50 ml,195.000
7301,Personal Care,Perawatan Wajah,Vio Post Acne Patch Noda Bekas Jerawat 18 pcs,14.900
7302,Personal Care,Perawatan Wajah,Erha Age Corrector Serum Wajah Anti Aging 20 ml,209.000
7303,Personal Care,Perawatan Wajah,Erha Age Corrector Pembersih Wajah Anti Aging 90 ml,73.900
7304,Personal Care,Perawatan Wajah,Light+ by Wardah Serum Moisturizer Wajah Vitamin B12 Calm & Reset 30 g,43.000
7305,Personal Care,Perawatan Wajah,JF Sulfur Facial Foam Pembersih Wajah Acne Protect 70 g,26.900
7306,Personal Care,Perawatan Wajah,JF Sulfur Gel Anti Jerawat 10 g,26.900
7307,Personal Care,Perawatan Wajah,JF Sulfur Gel Acne Spot Care 10 g,30.500
7308,Personal Care,Perawatan Wajah,JF Acne Tisu Basah Pembersih Wajah Anti Jerawat 10 s,12.200
7309,Personal Care,Perawatan Wajah,Vaseline Lip Therapy Pelembap Bibir Original 4.8 g,32.500
7310,Personal Care,Perawatan Wajah,Erha Acneact Acne Spot Gel Obat Jerawat 10 g,59.000
7311,Personal Care,Perawatan Wajah,Pond's Age Miracle Ultimate Youth Serum Wajah Anti Aging Sachet 7 g,19.400
7312,Personal Care,Perawatan Wajah,Hose x One Piece Pembersih Wajah untuk Kulit Kusam Tube 100 ml,23.600
7313,Personal Care,Perawatan Wajah,Glad2Glow Masker Wajah Clay Volcano Stik 25 g,47.000
7314,Personal Care,Perawatan Wajah,Glad2Glow Gel Pembersih Wajah Ceramide Ph Rendah Bluberi 70 ml,40.900
7315,Personal Care,Perawatan Wajah,Glad2Glow Micellar Water Pembersih Makeup Cherry Blossom Betaine 130 ml,33.500
7316,Personal Care,Perawatan Wajah,Glad2glow Serum Wajah Peach Retinol 17 ml,40.900
7317,Personal Care,Perawatan Wajah,Glad2Glow Masker Pencerah Wajah Clay Pomegranate Stik 25 g,47.000
7318,Personal Care,Perawatan Wajah,Glad2Glow Centella Salicylic Acid Pembersih Wajah Gel Anti Jerawat 70 ml,43.500
7319,Personal Care,Perawatan Wajah,Clean & Clear Pembersih Wajah Vitamin C 100 ml,31.200
7320,Personal Care,Perawatan Wajah,Alfamart Cotton Buds Kosmetik 100 s,8.200
7321,Personal Care,Perawatan Wajah,Glad2Glow Micellar Water Pembersih Makeup Mugwort Salicylic Acid 130 ml,33.500
7322,Personal Care,Perawatan Wajah,Glad2glow AHA BHA PHA Serum Peeling Wajah 15 ml,51.500
7323,Personal Care,Perawatan Wajah,Pond's Bright Miracle Ultra Light Biome Pembersih Wajah Niasorcinol 90 g,42.900
7324,Personal Care,Perawatan Wajah,Pond's Hydra Miracle Ultra Light Biome Pembersih Wajah Cera Hyamino 90 g,42.900
7325,Personal Care,Perawatan Wajah,Glad2glow Perfect Vita C Pembersih Wajah Bright Glow 80 g,43.900
7326,Personal Care,Perawatan Wajah,Hanasui Power Serum Wajah Retinol Expert 20 ml,36.900
7327,Personal Care,Perawatan Wajah,Garnier Sakura Glow Pembersih Wajah Low pH Niacinamide 100 ml,39.900
7328,Personal Care,Perawatan Wajah,Garnier Bright Complete Pembersih Wajah Low Ph Vitamin C 100 ml,39.900
7329,Personal Care,Perawatan Wajah,Scora Phytobright Gentle Low pH Pembersih Wajah Kulit Sensitif 75 g,38.800
7330,Personal Care,Perawatan Wajah,Hose Pembersih Wajah Low pH Anti Jerawat 100 ml,35.900
7331,Personal Care,Perawatan Wajah,Scora Sheer Glow Krim Tone Up Wajah 20 g,29.900
7332,Personal Care,Perawatan Wajah,Scora Bright Me Up Sunscreen Wajah SPF 40 30 g,39.900
7333,Personal Care,Perawatan Wajah,Glow & Lovely Bright Serum Sunscreen Wajah UV Duo SPF 50 30 ml,43.500
7334,Personal Care,Perawatan Wajah,Pond's Age Miracle Krim Malam Pelembap Wajah Anti Aging 10 g,45.900
7335,Personal Care,Perawatan Wajah,Pond's Age Miracle Krim Pagi Pelembap Wajah Anti Aging 10 g,43.000
7336,Personal Care,Perawatan Wajah,Nourish AcnePlast Patch Jerawat Pink 12 pcs,19.500
7337,Personal Care,Perawatan Wajah,Glow & Lovely Krim Pencerah Wajah + Bedak Multivitamin 20 g,29.900
7338,Personal Care,Perawatan Wajah,Kahf Triple Action Pembersih Wajah Anti Minyak & Komedo 100 ml,48.500
7339,Personal Care,Perawatan Wajah,Hanasui Power Serum Eksfoliasi Wajah 20 ml,34.900
7340,Personal Care,Perawatan Wajah,Somethinc Pembersih Wajah Gentle Jelly Ph Rendah 40 ml,50.500
7341,Personal Care,Perawatan Wajah,Facetology Triple Care Acne Calm Micellar Water Pembersih Makeup 100 ml,32.900
7342,Personal Care,Perawatan Wajah,Glad2Glow Moisturizer Wajah Retinol Peach 30 g,51.900
7343,Personal Care,Perawatan Wajah,Derma Angel Patch Jerawat Salicylic Acid Pagi 6 pcs,19.000
7344,Personal Care,Perawatan Wajah,"Scora 2,5% D-Panthenol Barrier Shield Moisturizer Wajah 40 g",41.500
7345,Personal Care,Perawatan Wajah,Clean & Clear Kertas Minyak Wajah 60 s,41.000
7346,Personal Care,Perawatan Wajah,Selection Special Kapas Wajah Lapis Tipis 175 pcs,19.700
7347,Personal Care,Perawatan Wajah,Pigeon Teens Pembersih Wajah Foam Tube 100 ml,26.500
7348,Personal Care,Perawatan Wajah,Glow & Lovely Derma Glow Krim Pelembap Wajah Multivitamin 46 g,49.500
7349,Personal Care,Perawatan Wajah,JF Sulfur Pembersih Wajah Foam Anti Jerawat Tube 70 g,27.500
7350,Personal Care,Perawatan Wajah,Selection Cotton Buds Stik Ulir 180 pcs,13.900
7351,Personal Care,Perawatan Wajah,Glow & Lovely Derma Glow Krim Pelembap Wajah Multivitamin 23 g,26.000
7352,Personal Care,Perawatan Wajah,Biore Plester Komedo Charcoal 4 pcs,15.400
7353,Personal Care,Perawatan Wajah,Erha Acneact Pembersih Wajah Scrub Anti Jerawat Tube 60 ml,95.000
7354,Personal Care,Perawatan Wajah,Azarine Hydramax C Sunscreen Wajah Gel SPF 50 40 ml,61.900
7355,Personal Care,Perawatan Wajah,Acnol Lotion Obat Jerawat 10 ml,21.500
7356,Personal Care,Perawatan Wajah,Vienna Pad Kolagen Mata Revitalizing 4 s,21.500
7357,Personal Care,Perawatan Wajah,Nivea Sun Extra Protect Aura Sunscreen Serum Pencerah Wajah SPF 50+ PA+++ 30 ml,65.000
7358,Personal Care,Perawatan Wajah,Safi Ultimate Bright Toner & Pembersih Wajah Purifying 150 ml,54.100
7359,Personal Care,Perawatan Wajah,Erha Truwhite Pembersih Wajah untuk Kulit Kusam 90 ml,95.000
7360,Personal Care,Perawatan Wajah,Implora Peeling Serum Eksfoliasi Wajah 20 ml,36.000
7361,Personal Care,Perawatan Wajah,Safi White Natural Pembersih Wajah untuk Kulit Kusam Naturally Bright 50 g,17.300
7362,Personal Care,Perawatan Wajah,Safi White Pembersih Wajah Anti Jerawat 50 g,19.900
7363,Personal Care,Perawatan Wajah,Somethinc Holyshield UV Watery Gel Sunscreen Wajah SPF 50 15 ml,50.900
7364,Personal Care,Perawatan Wajah,Somethinc Pembersih Wajah Gentle Jelly Ph Rendah 100 ml,127.900
7365,Personal Care,Perawatan Wajah,Kye Patch Jerawat Bening Tea Tree Infusion 36 s,30.500
7366,Personal Care,Perawatan Wajah,Kye Kapas Pembersih Makeup Watermelon Blueberry Glow 15 s,16.900
7367,Personal Care,Perawatan Wajah,Azarine Serum Obat Jerawat 20 ml,25.000
7368,Personal Care,Perawatan Wajah,Nivea MicellAir Pembersih Makeup Anti Jerawat & Kulit Sensitif 400 ml,95.000
7369,Personal Care,Perawatan Wajah,Nivea MicellAir Pembersih Makeup & Pencerah Wajah Pearl Bright 400 ml,95.000
7370,Personal Care,Perawatan Wajah,Azarine Moisture Sepiwhite Serum Wajah Niacinamide 5% 20 ml,53.900
7371,Personal Care,Perawatan Wajah,Erha Acneact Pembersih Wajah untuk Kulit Berminyak & Berjerawat Tube 100 ml,85.000
7372,Personal Care,Perawatan Wajah,Erha Skinsitive Pembersih Wajah untuk Kulit Sensitif Ultracalm Tube 80 g,89.000
7373,Personal Care,Perawatan Wajah,BDL Brightening Pembersih Wajah Pepaya 100 g,26.900
7374,Personal Care,Perawatan Wajah,Alfamart Cotton Buds Reguler Refill 100 pcs,6.800
7375,Personal Care,Perawatan Wajah,Selection Kapas Wajah Bulat 80 pcs,18.200
7376,Personal Care,Perawatan Wajah,Alfamart Kapas Wajah 50 g,10.900
7377,Personal Care,Perawatan Wajah,Pond's Bright Miracle Charcoal Pembersih Wajah Foam Kulit Berminyak 100 g,43.400
7378,Personal Care,Perawatan Wajah,Pond's Bright Miracle Pembersih Wajah Foam Niasorcinol 100 g,40.800
7379,Personal Care,Perawatan Wajah,Pond's Bright Miracle Pembersih Wajah Foam Niasorcinol 50 g,27.500
7380,Personal Care,Perawatan Wajah,Glow & Lovely Pembersih Wajah Foam untuk Kulit Kusam Multivitamin 50 g,22.500
7381,Personal Care,Perawatan Wajah,Nivea Pembersih Wajah Foam untuk Kulit Kusam Pearl 100 g,38.300
7382,Personal Care,Perawatan Wajah,Ovale 2 in 1 Lotion Pembersih Makeup Perfect Luminous 200 ml,34.500
7383,Personal Care,Perawatan Wajah,Ovale 2 in 1 Lotion Pembersih Makeup untuk Kulit Berminyak Anti Jerawat 200 ml,34.000
7384,Personal Care,Perawatan Wajah,Kojiesan Skin Lightening Sabun Mandi Batang Pencerah Wajah & Tubuh 65 g,22.500
7385,Personal Care,Perawatan Wajah,Kojiesan Skin Lightening Krim Pencerah Wajah 30 g,69.500
7386,Personal Care,Perawatan Wajah,Nivea Soft Krim Moisturizer Jar 50 ml,21.500
7387,Personal Care,Perawatan Wajah,Emina Barrier Water Gel Moisturizer Wajah Ceramide 30 g,37.500
7388,Personal Care,Perawatan Wajah,Emina Bright Glow Water Gel Moisturizer Wajah Niacinamide 30 g,37.500
7389,Personal Care,Perawatan Wajah,Wardah Lightening Krim Pagi Pelembab Wajah SPF 30 Tube 20 ml,21.900
7390,Personal Care,Perawatan Wajah,Garnier Sakura Glow Pembersih Wajah Tube 100 ml,30.900
7391,Personal Care,Perawatan Wajah,Garnier Micellar Water Pembersih Makeup untuk Kulit Sensitif 125 ml,29.900
7392,Personal Care,Perawatan Wajah,Garnier Bright Complete Pembersih Wajah Scrub Vitamin C 100 ml,30.900
7393,Personal Care,Perawatan Wajah,Garnier Bright Complete Pembersih Wajah Vitamin C 100 ml,30.900
7394,Personal Care,Perawatan Wajah,Viva Susu Pembersih Wajah Bengkuang 200 ml,12.500
7395,Personal Care,Perawatan Wajah,Viva Tonik Pembersih Wajah Bengkuang 200 ml,11.900
7396,Personal Care,Perawatan Wajah,Wardah C-Defense Pembersih Wajah Creamy Energizing 100 ml,36.900
7397,Personal Care,Perawatan Wajah,Wardah Bright Now Pembersih Wajah Glutathione Bio-Enzyme Smooth Glow F(X) 100 ml,30.500
7398,Personal Care,Perawatan Wajah,Wardah Bright Now Pembersih Wajah Vitamin C Mugwort Clay Oil Control 100 ml,30.500
7399,Personal Care,Perawatan Wajah,Emina Bright Stuff Pembersih Wajah Niacinamide + Oxy Ceramide 50 ml,19.900
7400,Personal Care,Perawatan Wajah,Wardah Lightening Pembersih Wajah Whip Foam 100 ml,34.900
7401,Personal Care,Perawatan Wajah,Emina Bright Stuff Pembersih Wajah Prebiotic Anti Jerawat 50 ml,20.900
7402,Personal Care,Perawatan Wajah,Garnier Micellar Water Pembersih Makeup Vitamin C 125 ml,29.900
7403,Personal Care,Perawatan Wajah,Garnier Micellar Water Pembersih Makeup Air Mawar 125 ml,29.900
7404,Personal Care,Perawatan Wajah,Garnier Micellar Water Pembersih Makeup Salicylic BHA 125 ml,29.900
7405,Personal Care,Perawatan Wajah,Garnier Bright Complete Serum Pembersih Wajah Vitamin C 100 ml,39.900
7406,Personal Care,Perawatan Wajah,Char Mi Cotton Buds Lancip Makeup 80 s,12.000
7407,Personal Care,Perawatan Wajah,Emina Cica Triacid Acne Clear Moisturizer Wajah Water Gel 30 g,35.000
7408,Personal Care,Perawatan Wajah,Emina Pelembab Wajah Bio-Retinol + 3% Hydra Amino 30 g,35.000
7409,Personal Care,Perawatan Wajah,Wardah Acnederm Toner Wajah Anti Komedo 100 ml,29.500
7410,Personal Care,Perawatan Wajah,Wardah Acnederm Moisturizer Malam Pelembap Wajah 40 ml,37.000
7411,Personal Care,Perawatan Wajah,Wardah Acnederm Moisturizer Pagi Pelembap Wajah SPF 15 40 ml,35.000
7412,Personal Care,Perawatan Wajah,Wardah Crystal Secret Krim Malam Pencerah Wajah Tube 15 ml,49.000
7413,Personal Care,Perawatan Wajah,Wardah Acnederm Acne Spot Treatment Gel Obat Jerawat 15 g,25.000
7414,Personal Care,Perawatan Wajah,L'Oreal Paris Glycolic Bright Pembersih Wajah Foam 50 ml,33.000
7415,Personal Care,Perawatan Wajah,Himalaya Purifying Pembersih Wajah Foam Neem 150 ml,45.000
7416,Personal Care,Perawatan Wajah,Himalaya Pembersih Wajah untuk Kulit Kering Aloe Vera Tube 100 ml,25.900
7417,Personal Care,Perawatan Wajah,Himalaya Pelembap Bibir 10 g,19.000
7418,Personal Care,Perawatan Wajah,Garnier Bright Complete Booster Serum Pencerah Wajah 30X Vit C 15 ml,65.000
7419,Personal Care,Perawatan Wajah,Garnier Bright Complete Serum Malam Pencerah Wajah Pure Vit C 15 ml,70.000
7420,Personal Care,Perawatan Wajah,Garnier Micellar Water Pembersih Makeup Salicylic BHA 400 ml,69.000
7421,Personal Care,Perawatan Wajah,Paket Olay Regenerist Krim Pagi Pelembap Wajah Anti Aging + Krim Malam Retinol 24,359.000
7422,Personal Care,Perawatan Wajah,Paket Olay Total Effects 7 in 1 Krim Pagi Pelembap Wajah SPF 15 + Krim Malam,185.000
7423,Personal Care,Perawatan Wajah,Paket Olay Regenerist Krim Pagi Pelembap Wajah + Pembersih Wajah Anti Aging,259.000
7424,Personal Care,Perawatan Wajah,Emina GloRad+ Pembersih Wajah & Makeup Amino Fusion 100 ml,50.900
7425,Personal Care,Perawatan Wajah,L'Oreal Paris Glycolic Bright Pembersih Wajah Foam 100 ml,59.900
7426,Personal Care,Perawatan Wajah,Himalaya Brightening Vitamin C Serum Wajah Orange 15 ml,37.000
7427,Personal Care,Perawatan Wajah,Himalaya Turmeric Serum Wajah untuk Noda Hitam 15 ml,37.000
7428,Personal Care,Perawatan Wajah,Himalaya Turmeric Pembersih Wajah untuk Noda Hitam 100 ml,29.000
7429,Personal Care,Perawatan Wajah,L'Oreal Paris UV Defender Protector Invisible Fluid Sunscreen Wajah SPF 50 30 ml,69.900
7430,Personal Care,Perawatan Wajah,Wardah UV Shield Tone Up Sunscreen Wajah SPF 50 30 ml,69.000
7431,Personal Care,Perawatan Wajah,Wardah UV Shield Physical Sunscreen Serum Wajah SPF 50 30 ml,69.000
7432,Personal Care,Perawatan Wajah,Wardah Lip Rescue Jelly Balm Pelembap Bibir Dusty Rose 7 g,42.500
7433,Personal Care,Perawatan Wajah,Viva Gold Whitening Serum Wajah 20 ml,19.900
7434,Personal Care,Perawatan Wajah,Viva Vit C Collagen Serum Wajah 20 ml,19.900
7435,Personal Care,Perawatan Wajah,Emina Bright Stuff Pembersih Wajah Niacinamide + Oxy Ceramide 100 ml,35.500
7436,Personal Care,Perawatan Wajah,Garnier Micellar Peeling Water 1% AHA + PHA 125 ml,22.900
7437,Personal Care,Perawatan Wajah,Scarlett Low pH Pembersih Wajah Gel Acne Peace 70 ml,29.900
7438,Personal Care,Perawatan Wajah,Scarlett Low pH Pembersih Wajah Gel Glow Bright 70 ml,29.900
7439,Personal Care,Perawatan Wajah,Garnier Micellar Water Pembersih Makeup untuk Kulit Sensitif 300 + 100 ml,49.900
7440,Personal Care,Perawatan Wajah,Garnier Mochi Dry Touch Krim Pelembap Wajah Vitamin C 30 ml,46.900
7441,Personal Care,Perawatan Wajah,Garnier Mochi Dry Touch Krim Pelembap Wajah Niacinamide 30 ml,46.900
7442,Personal Care,Perawatan Wajah,Garnier Mochi Dry Touch Krim Pelembap Wajah Salicylic 30 ml,46.900
7443,Personal Care,Perawatan Wajah,Azzura Diamond Bright Sunscreen SPF 50 PA+++ 30ml,28.500
7444,Personal Care,Perawatan Wajah,Scarlett Acne Peace Daily Sunscreen Wajah SPF 35 30 ml,29.900
7445,Personal Care,Perawatan Wajah,Acnes Treatment Series Pembersih Wajah Creamy Anti Bakteri & Jerawat Tube 50 g,16.900
7446,Personal Care,Perawatan Wajah,Sariayu Acne Care Pembersih Wajah Foam Anti Jerawat 75 g,23.500
7447,Personal Care,Perawatan Wajah,Clean & Clear Pembersih Wajah Foam Anti Jerawat 100 ml,21.900
7448,Personal Care,Perawatan Wajah,Citra Pearly White Moisturizer Pelembap Wajah 40 g,55.500
7449,Personal Care,Perawatan Wajah,Lip Ice Sheer Color Pelembap Bibir Stroberi 2 g,25.900
7450,Personal Care,Perawatan Wajah,Dream Whitening Sabun Batang Pembersih Wajah Kulit Kusam Pepaya 100 g,16.500
7451,Personal Care,Perawatan Wajah,Hada Labo Shirojyun Pembersih Wajah untuk Kulit Kusam 50 g,25.900
7452,Personal Care,Perawatan Wajah,Acnes Natural Care Pembersih Wajah Complete White 50 g,17.500
7453,Personal Care,Perawatan Wajah,Garnier Bright Complete Pembersih Wajah Vitamin C 50 ml,27.000
7454,Personal Care,Perawatan Wajah,Poise Luminous White Pembersih Wajah Foam untuk Kulit Kusam 100 g,20.900
7455,Personal Care,Perawatan Wajah,Garnier Micellar Water Pembersih Makeup untuk Kulit Sensitif 50 ml,25.500
7456,Personal Care,Perawatan Wajah,Emina Bright Stuff Krim Moisturizer Wajah Ultra Light 20 ml,29.500
7457,Personal Care,Perawatan Wajah,Himalaya Purifying Pembersih Wajah Neem Tube 100 ml,26.900
7458,Personal Care,Perawatan Wajah,Himalaya Purifying Masker Wajah Neem 100 ml,33.900
7459,Personal Care,Perawatan Wajah,Pond's Micellar Water Miracle Niasorcinol Pembersih Makeup Mencerahkan 100 ml,35.000
7460,Personal Care,Perawatan Wajah,Wardah Crystal Secret Pembersih Wajah Foam 100 ml,40.300
7461,Personal Care,Perawatan Wajah,Wardah Perfect Bright Tone Up Micellar Water Pembersih Makeup 100 ml,29.000
7462,Personal Care,Perawatan Wajah,Pond's Bright Miracle Niacinamide Susu Pembersih Wajah Mencerahkan 150 ml,16.500
7463,Personal Care,Perawatan Wajah,Nivea Pelembap Bibir Original 4.8 g,26.900
7464,Personal Care,Perawatan Wajah,Derma Angel Patch Jerawat Pagi Original 6 pcs,13.500
7465,Personal Care,Perawatan Wajah,Nivea Pelembap Bibir Stroberi Shine 4.8 g,26.900
7466,Personal Care,Perawatan Wajah,Poise Clear Shine Pembersih Wajah Foam untuk Kulit Berminyak 100 g,20.900
7467,Personal Care,Perawatan Wajah,Emina Sun Battle Bright Glow Sunscreen Wajah SPF 35 50 ml,33.900
7468,Personal Care,Perawatan Wajah,Pond's Age Miracle Ultimate Youth Pembersih Wajah Anti Aging 100 g,36.500
7469,Personal Care,Perawatan Wajah,Wardah Hydrabalm Lip Care Pelembap Bibir Candy Strawberry SPF 15 4 g,34.000
7470,Personal Care,Perawatan Wajah,Wardah UV Shield Sunscreen Serum Wajah Collagen Peptide SPF 50 30 ml,67.000
7471,Personal Care,Perawatan Wajah,Wardah UV Shield Sunscreen Serum Wajah Bright-C Hydrating SPF 35 40 ml,33.900
7472,Personal Care,Perawatan Wajah,Cetaphil Gentle Skin Pembersih Wajah & Tubuh 59 ml,50.900
7473,Personal Care,Perawatan Wajah,Cetaphil Gentle Skin Pembersih Wajah & Tubuh 118 ml,76.900
7474,Personal Care,Perawatan Wajah,Cetaphil Pembersih Wajah Eksfoliasi 178 ml,114.800
7475,Personal Care,Perawatan Wajah,Hanasui Gold Whitening Serum Pencerah Wajah & Anti Aging 20 ml,23.900
7476,Personal Care,Perawatan Wajah,Hanasui Vit C + Collagen Serum Pengencang Wajah 20 ml,23.900
7477,Personal Care,Perawatan Wajah,Viva Air Mawar Penyegar Wajah 200 ml,9.900
7478,Personal Care,Perawatan Wajah,Poise Pembersih Wajah Foam Anti Bakteri 100 g,20.900
7479,Personal Care,Perawatan Wajah,Hanasui Serum Wajah Anti Jerawat 20 ml,23.900
7480,Personal Care,Perawatan Wajah,Kojiesan Dream White Sabun Mandi Batang Wajah & Tubuh Anti Aging 65 g,19.900
7481,Personal Care,Perawatan Wajah,Cetaphil Gentle Skin Pembersih Wajah & Tubuh 250 ml,
7482,Personal Care,Perawatan Wajah,Cetaphil Pembersih Wajah Creamy Bright Healthy Radiance 100 ml,
7483,Personal Care,Perawatan Wajah,Light+ by Wardah Serum Moisturizer Wajah HPR Retinoid Bright + Acne 28 g,36.900
7484,Personal Care,Perawatan Wajah,Pond's Age Miracle Krim Pagi Pelembap Wajah Ultimate Youth Anti Aging SPF 18 50 g,145.000
7485,Personal Care,Perawatan Wajah,Garnier Micellar Water in Oil Pembersih Makeup Waterproof 125 ml,61.500
7486,Personal Care,Perawatan Wajah,Pond's Bright Miracle Krim Pelembap Wajah Niasorcinol 40 g,45.000
7487,Personal Care,Perawatan Wajah,Emina Bright Stuff Gel Pelembap Wajah Tone Up 20 ml,22.500
7488,Personal Care,Perawatan Wajah,Pond's Bright Miracle Krim Pelembap Wajah SPF 30 20 g,19.500
7489,Personal Care,Perawatan Wajah,Pure Paw Paw Ointment Pelembap Bibir Multifungsi Original 25 g,59.000
7490,Personal Care,Perawatan Wajah,Wardah Crystal Secret Serum Pencerah Wajah Untuk Noda Hitam 20 ml,89.000
7491,Personal Care,Perawatan Wajah,Wardah Crystal Secret Essence Wajah Pure Treatment 50 ml,77.000
7492,Personal Care,Perawatan Wajah,Hada Labo Gokujyun Pembersih Wajah Foam untuk Kulit Kering 100 g,37.000
7493,Personal Care,Perawatan Wajah,Scarlett Pembersih Wajah untuk Kulit Kusam 100 ml,43.900
7494,Personal Care,Perawatan Wajah,Kojiesan Skin Lightening Sabun Mandi Batang Pencerah Wajah & Tubuh Travel Pack 6 x 20 g,36.500
7495,Personal Care,Perawatan Wajah,Hanasui Collagen Water Sunscreen Wajah SPF 50 30 ml,32.900
7496,Personal Care,Perawatan Wajah,Biore UV Fresh Look Sunscreen Wajah Tinted Cover Beige SPF 50 30 g,29.900
7497,Personal Care,Perawatan Wajah,Y.O.U Hy Amino AC-Ttack Pembersih Wajah Anti Jerawat 100 g,28.900
7498,Personal Care,Perawatan Wajah,Implora Perfect Shield Sunscreen Wajah SPF 40 50 ml,37.900
7499,Personal Care,Perawatan Wajah,Hanasui Collagen Water Sunscreen Wajah SPF 30 30 ml,27.500
7500,Personal Care,Perawatan Wajah,Pinkberry AHAcne Pembersih Wajah Anti Jerawat 100 ml,26.900
7501,Personal Care,Perawatan Wajah,Pinkberry 8-Glow Pembersih Wajah untuk Kulit Kusam 100 ml,26.400
7502,Personal Care,Perawatan Wajah,Pinkberry Ceraglow Gel Moisturizer Pelembap Wajah 30 ml,26.900
7503,Personal Care,Perawatan Wajah,Himalaya Purifying Masker Wajah Neem 50 ml,19.500
7504,Personal Care,Perawatan Wajah,Azarine Calm My Acne Sunscreen Moisturiser Pelembap Wajah SPF 35 40 g,33.900
7505,Personal Care,Perawatan Wajah,Wardah UV Shield Sunscreen Serum Wajah Airy Smooth SPF 50 25 ml,33.900
7506,Personal Care,Perawatan Wajah,Skin Aqua UV Whitening Milk Sunscreen Wajah & Tubuh SPF 50 40 g,59.500
7507,Personal Care,Perawatan Wajah,Hada Labo Gokujyun Pembersih Wajah untuk Kulit Kering 50 g,25.900
7508,Personal Care,Perawatan Wajah,The Originote Moisturizer Pelembap Wajah Hyalucera 50 ml,43.500
7509,Personal Care,Perawatan Wajah,Safi Hydra Glow Pembersih Wajah untuk Kulit Kering 125 g,27.900
7510,Personal Care,Perawatan Wajah,Hanasui Masker Wajah Peel Off Egg White 80 g,15.000
7511,Personal Care,Perawatan Wajah,Safi Age Defy Krim Pagi Pelembap Wajah SPF 25 Ekstrak Gold & Silk Protein 25 g,54.000
7512,Personal Care,Perawatan Wajah,Safi Age Defy Krim Malam Pelembap Wajah Ekstrak Gold & Silk Protein 25 g,59.000
7513,Personal Care,Perawatan Wajah,Safi Acne Expert Pembersih Wajah Whipped Foam untuk Kulit Berminyak 100 g,23.900
7514,Personal Care,Perawatan Wajah,Safi Acne Expert Pembersih Wajah Clarifying 2 in 1 150 ml,36.000
7515,Personal Care,Perawatan Wajah,Safi Naturals Micellar Water Pembersih Makeup Ekstrak Daun Neem 200 ml,31.000
7516,Personal Care,Perawatan Wajah,Pond's Age Miracle Ultimate Youth Serum Wajah Anti Aging 30 g,165.000
7517,Personal Care,Perawatan Wajah,Pigeon Teens Moisturizer Pelembap Wajah Remaja 50 ml,32.900
7518,Personal Care,Perawatan Wajah,Pigeon Teens Pembersih Wajah Foam Mild 100 g,21.900
7519,Personal Care,Perawatan Wajah,Hanasui Power Barrier Serum Wajah 20 ml,25.500
7520,Personal Care,Perawatan Wajah,Hanasui Power Bright Serum Wajah untuk Noda Hitam 20 ml,25.500
7521,Personal Care,Perawatan Wajah,Hanasui Power Serum Wajah Anti Jerawat 20 ml,25.500
7522,Personal Care,Perawatan Wajah,Hanasui Power Post Acne Serum Wajah Bekas Jerawat 20 ml,25.500
7523,Personal Care,Perawatan Wajah,Hanasui Micellar Water Kolagen Pembersih Makeup Triple Action 100 ml,25.000
7524,Personal Care,Perawatan Wajah,Skintific 5X Ceramide Gel Moisturizer Pelembap Wajah Barrier Repair 30 g,135.000
7525,Personal Care,Perawatan Wajah,Skintific 5X Ceramide Serum Sunscreen Wajah SPF 50 30 ml,99.000
7526,Personal Care,Perawatan Wajah,Skintific MSH Niacinamide Gel Moisturizer Pelembap Wajah Brightening 30 g,135.000
7527,Personal Care,Perawatan Wajah,Skintific 10% Niacinamide Serum Wajah Brightening 20 ml,140.000
7528,Personal Care,Perawatan Wajah,Skintific Symwhite 377 Serum Wajah untuk Noda Hitam 20 ml,149.000
7529,Personal Care,Perawatan Wajah,Skintific 5X Ceramide Paket Perawatan Wajah Barrier Repair 4 pcs,149.000
7530,Personal Care,Perawatan Wajah,Skintific Masker Wajah Clay Anti Pores & Jerawat Mugwort Stik 40 g,87.000
7531,Personal Care,Perawatan Wajah,Skintific 5X Ceramide Toner Wajah Soothing 80 ml,115.000
7532,Personal Care,Perawatan Wajah,Skintific 2% Salicylic Acid Serum Wajah Anti Jerawat 20 ml,135.000
7533,Personal Care,Perawatan Wajah,Pinkberry Skin Concern Serum Pencerah Wajah 15 ml,31.600
7534,Personal Care,Perawatan Wajah,Pinkberry Skin Concern Serum Wajah Anti Jerawat 15 ml,31.600
7535,Personal Care,Perawatan Wajah,Pinkberry Sun Goes Down Sunscreen Wajah SPF 40 30 ml,34.800
7536,Personal Care,Perawatan Wajah,Skin Aqua Tone Up UV Essence Sunscreen Wajah SPF 50 PA++++ 40 ml,59.000
7537,Personal Care,Perawatan Wajah,Hada Labo Shirojyun Pembersih Wajah untuk Kulit Kusam 100 g,39.000
7538,Personal Care,Perawatan Wajah,Hada Labo Gokujyun Moisturizer Lotion Pelembap Wajah 100 ml,39.000
7539,Personal Care,Perawatan Wajah,Acnes Natural Care Pembersih Wajah Complete White 100 g,25.000
7540,Personal Care,Perawatan Wajah,Acnes Natural Care Pembersih Wajah untuk Kulit Berminyak Tube 100 g,25.000
7541,Personal Care,Perawatan Wajah,Acnes Natural Care Pembersih Wajah Deep Pore Cleanser 100 g,25.000
7542,Personal Care,Perawatan Wajah,Acnes Treatment Series Sealing Jell Obat Jerawat 9 g,17.000
7543,Personal Care,Perawatan Wajah,Acnes Treatment Series Toner Wajah Mini Roll On,21.000
7544,Personal Care,Perawatan Wajah,Skintific 5% Panthenol Water Gel Pelembap Wajah Kulit Berjerawat 45 g,119.000
7545,Personal Care,Perawatan Wajah,Skintific All Day Light Sunscreen Mist Wajah SPF 50 120 ml,83.000
7546,Personal Care,Perawatan Wajah,Derma Angel Patch Jerawat Pagi 6 pcs + Malam 3 pcs,13.500
7547,Personal Care,Perawatan Wajah,MegRhythm Masker Mata Steam Lavender 5 s,39.000
7548,Personal Care,Perawatan Wajah,MegRhythm Masker Mata Steam Chamomile 5 s,39.000
7549,Personal Care,Perawatan Wajah,OMG Oh My Glow Sunscreen Wajah Bright Booster SPF 50 25 ml,25.000
7550,Personal Care,Perawatan Wajah,Implora 8+ Ceramide Gel Moisturizer Pelembap Wajah Kulit Kering 50 ml,33.000
7551,Personal Care,Perawatan Wajah,Implora 8+ Ceramide Gel Moisturizer Pelembap Wajah Kulit Kering Refill 50 ml,15.000
7552,Personal Care,Perawatan Wajah,Pond's Age Miracle Krim Malam Pelembap Wajah Ultimate Youth Anti Aging 50 g,145.000
7553,Personal Care,Perawatan Wajah,Pigeon Teens Sunscreen Remaja SPF 35 30 ml,34.900
7554,Personal Care,Perawatan Wajah,The Originote Moisturizer Pelembap Wajah Brightening 50 ml,47.000
7555,Personal Care,Perawatan Wajah,Glad2Glow Moisturizer Pelembap & Pencerah Wajah Pomegranate 30 g,44.500
7556,Personal Care,Perawatan Wajah,Scarlett Ultra Light Sunscreen Wajah SPF 50 30 ml,36.900
7557,Personal Care,Perawatan Wajah,Poise Luminous Bright Micellar Water Pembersih Makeup 100 ml,20.500
7558,Personal Care,Perawatan Wajah,Shinzu'i Whitessentials Pembersih Wajah untuk Kulit Kusam 80 + 20 ml,23.900
7559,Personal Care,Perawatan Wajah,The Originote Micellar Water Pembersih Makeup Hyalurose Pump 300 ml,46.900
7560,Personal Care,Perawatan Wajah,Senka Perfect Whip Pembersih Wajah Foam Beauty 50 g,26.500
7561,Personal Care,Perawatan Wajah,Wardah UV Shield Sunscreen Moisturizer Wajah Anti Jerawat SPF 35 35 ml,33.900
7562,Personal Care,Perawatan Wajah,Shinzu'i Whitessentials Pembersih Wajah Anti Jerawat 80 + 20 ml,24.400
7563,Personal Care,Perawatan Wajah,Pinkberry Ceracalm Moisturizer Gel Pelembap Wajah 30 ml,20.600
7564,Personal Care,Perawatan Wajah,Facetology Triple Care Sunscreen Wajah Kulit Kering & Kusam SPF 40 40 ml,74.900
7565,Personal Care,Perawatan Wajah,Hanasui Ceramide Probiotics Moisturizer Gel Pelembap Wajah 30 g,39.900
7566,Personal Care,Perawatan Wajah,Pond's Micellar Water Activated Charcoal Pembersih Makeup Kulit Berminyak 100 ml,15.500
7567,Personal Care,Perawatan Wajah,Pinkberry Sun Goes Down Silky Sun Serum Sunscreen Wajah SPF 50 30 ml,38.900
7568,Personal Care,Perawatan Wajah,Scora Salicylic Acid Gentle Low pH Pembersih Wajah Anti Jerawat 75 ml,36.900
7569,Personal Care,Perawatan Wajah,Derma Angel Patch Jerawat Salicylic Acid Malam 6 pcs,17.500
7570,Personal Care,Perawatan Wajah,Glad2Glow Cherry Blossom Micellar Water Pembersih Makeup 300 ml,46.900
7571,Personal Care,Perawatan Wajah,Pond's UV Protect Sunscreen Serum Wajah Tekstur Pekat SPF 50 30 g,95.000
7572,Personal Care,Perawatan Wajah,Pigeon Teens Jelly Glow Masker Tidur 30 g,31.900
7573,Personal Care,Perawatan Wajah,Pigeon Teens Acne Ranger Serum Wajah Anti Jerawat Remaja 20 ml,29.900
7574,Personal Care,Perawatan Wajah,Pigeon Teens Hydra Squad Serum Pelembap Wajah Remaja 20 ml,29.900
7575,Personal Care,Perawatan Wajah,Biore UV Fresh Look Sunscreen Wajah Kulit Berminyak SPF 50 30 g,24.900
7576,Personal Care,Perawatan Wajah,Pond's Bright Miracle Serum Wajah Niasorcinol 30 g,69.900
7577,Personal Care,Perawatan Wajah,Senka Perfect Whip Pembersih Wajah Foam Anti Jerawat 100 g,59.000
7578,Personal Care,Perawatan Wajah,Senka Perfect Whip Pembersih Wajah Foam Fuji Sakura 100 g,44.900
7579,Personal Care,Perawatan Wajah,Senka Perfect Whip Pembersih Wajah Foam White Clay 120 g,49.000
7580,Personal Care,Perawatan Wajah,Senka Perfect Whip Pembersih Wajah Foam Collagen in 120 g,65.500
7581,Personal Care,Perawatan Wajah,Y.O.U Radiance Glow Serum Wajah Vitamin C & Niacinamide 20 ml,71.900
7582,Personal Care,Perawatan Wajah,Y.O.U Radiance Glow Pembersih Wajah Vitamin C & Niacinamide 100 g,35.500
7583,Personal Care,Perawatan Wajah,Wardah Tranexamic Alpha Arbutin Gel Moisturizer Wajah untuk Noda Hitam 30 g,97.000
7584,Personal Care,Perawatan Wajah,NPure Cica Beat The Sun Sunscreen Wajah Matte SPF 50 35 ml,74.500
7585,Personal Care,Perawatan Wajah,NPure Cica Beat The Sun Sunscreen Wajah Glow SPF 50 35 ml,74.500
7586,Personal Care,Perawatan Wajah,Skintific Alaska Volcano Masker Wajah Clay Stick 40 g,99.000
7587,Personal Care,Perawatan Wajah,NPure Centella Asiatica Toner Wajah Anti Jerawat 150 ml,99.000
7588,Personal Care,Perawatan Wajah,NPure Centella Asiatica Pembersih Wajah Anti Jerawat 100 ml,85.000
7589,Personal Care,Perawatan Wajah,Npure Noni Probiotics Gel Pembersih Wajah Hypoallergenic 50 ml,37.000
7590,Personal Care,Perawatan Wajah,NPure Cica Acne Clear Pad Eksfoliasi Wajah Anti Jerawat Travel 5 + 2 s,20.500
7591,Personal Care,Perawatan Wajah,Cosrx Gel Pembersih Wajah Low pH Good Morning 50 ml,55.000
7592,Personal Care,Perawatan Wajah,Glad2Glow Exfo Smooth Peeling Gel Wajah 50 g,40.000
7593,Personal Care,Perawatan Wajah,Banana Boat Simply Protect Aqua Long Wearing Sunscreen Tubuh SPF 50 50 ml,87.000
7594,Personal Care,Perawatan Wajah,Wardah Cica Complex + Panthenol Ceramide Gel Moisturizer Wajah 30 g,95.000
7595,Personal Care,Perawatan Wajah,Cetaphil Pembersih Wajah Daily 236 ml,115.500
7596,Personal Care,Perawatan Wajah,Skintific Niacinamide Bright Boost Masker Wajah Clay Stick 40 g,77.000
7597,Personal Care,Perawatan Wajah,Derma Angel Patch Jerawat Ultra Thin Pagi & Malam 18 pcs,33.000
7598,Personal Care,Perawatan Wajah,Pigeon Teens Poreless Warrior Serum Wajah Pori Besar & Berminyak 20 ml,29.900
7599,Personal Care,Perawatan Wajah,Pigeon Teens X-Foliate Army Serum Wajah Eksfoliasi 20 ml,29.900
7600,Personal Care,Perawatan Wajah,Pigeon Teens Calm Fairy Serum Wajah Kulit Kemerahan 20 ml,29.900
7601,Personal Care,Perawatan Wajah,Pigeon Teens Bright Heroes Micellar Water Pembersih Wajah 100 ml,22.900
7602,Personal Care,Perawatan Wajah,Somethinc Copy Paste Tinted Sunscreen SPF 40 W01 Bijoux 50 ml,145.000
7603,Personal Care,Perawatan Wajah,Somethinc Copy Paste Tinted Sunscreen SPF 40 N01 Nina 50 ml,145.000
7604,Personal Care,Perawatan Wajah,Emina GloRad+ Serum Wajah Water-sphere 20 ml,80.000
7605,Personal Care,Perawatan Wajah,Emina GloRad+ Serum Mata Eye Wake Up Roller 15 ml,67.000
7606,Personal Care,Perawatan Wajah,Pond's Bright Miracle Serum Wajah Pagi Niasorcinol 14 g,19.500
7607,Personal Care,Perawatan Wajah,Pond's Bright Miracle Serum Wajah Malam Niasorcinol 14 g,21.900
7608,Personal Care,Perawatan Wajah,Skintific Matte Fit Serum Sunscreen Wajah SPF 50 50 g,123.000
7609,Personal Care,Perawatan Wajah,Skintific 12% AHA BHA PHA LHA Serum Peeling Wajah 30 ml,115.000
7610,Personal Care,Perawatan Wajah,Skintific Lock The Look Setting Spray Wajah 80 ml,115.000
7611,Personal Care,Perawatan Wajah,Skintific Retinol Skin Renewal Serum Wajah 20 ml,139.000
7612,Personal Care,Perawatan Wajah,Skintific Retinol Skin Renewal Moisturizer Pelembap Wajah 30 g,135.500
7613,Personal Care,Perawatan Wajah,The Originote Pembersih Wajah Cicamide Low pH 150 ml,42.900
7614,Personal Care,Perawatan Wajah,Amaterasun UV Waterbarrier Sunscreen Wajah SPF 35 40 g,34.500
7615,Personal Care,Perawatan Wajah,Pond's UV Miracle Bright Sunscreen Wajah Gel SPF 50 15 g,29.000
7616,Personal Care,Perawatan Wajah,Shinzu'i Whitessentials Sunscreen Wajah Brightening SPF 35 30 ml,29.900
7617,Personal Care,Perawatan Wajah,Scora Niacinamide Hydramoist Gel Pelembap Wajah 45 ml,36.900
7618,Personal Care,Perawatan Wajah,Ginza Pembersih Wajah Busa Daily Acne Care 110 ml,31.500
7619,Personal Care,Perawatan Wajah,Ginza Pembersih Wajah Busa Daily Brightening 110 ml,31.300
7620,Personal Care,Perawatan Wajah,Ginza TXA Brightening Moisturizer Pelembap & Pencerah Wajah 30 g,29.700
7621,Personal Care,Perawatan Wajah,Garnier Super UV Cooling Watergel Sunscreen Wajah SPF 35 20 ml,42.000
7622,Personal Care,Perawatan Wajah,Facetology Triple Care Acne Calm Micellar Water Pembersih Makeup 300 ml,41.500
7623,Personal Care,Perawatan Wajah,Wardah Symradiance 399 + Niacinamide Gel Moisturizer Wajah 30 g,42.400
7624,Personal Care,Perawatan Wajah,NPure Acne Power Clear Micellar Water Pembersih Makeup 300 ml,45.900
7625,Personal Care,Perawatan Wajah,Ms Glow For Men Dual Cream Pelembap Wajah 30 + 30 g,48.000
7626,Personal Care,Perawatan Wajah,Hanasui Bright Expert + Tranexamic Acid Moisturizer Gel Wajah 30 g,39.900
7627,Personal Care,Perawatan Wajah,Emina Low pH Micellar Water Pembersih Makeup HyaluBright & Smooth 300 ml,50.500
7628,Personal Care,Perawatan Wajah,Garnier Bright Complete Booster Serum Pencerah Wajah 30X Vit C 8 ml,31.500
7629,Personal Care,Perawatan Wajah,Poise Pembersih Wajah Foam Anti Jerawat 100 g,20.900
7630,Personal Care,Perawatan Wajah,Hanasui Gentle Retinol Moisturizer Gel Wajah Anti Aging 30 g,39.900
7631,Personal Care,Perawatan Wajah,Derma Angel Patch Jerawat Hologram 6 pcs,15.500
7632,Personal Care,Perawatan Wajah,Himalaya Purifying Masker Wajah Clay Neem Anti Jerawat 30 g,39.900
7633,Personal Care,Perawatan Wajah,Hanasui Bright & Clear Micellar Water Pembersih Makeup 300 ml,43.500
7634,Personal Care,Perawatan Wajah,Facetology Triple Care Sunscreen Wajah Kulit Berminyak & Jerawat SPF 40 40 ml,69.900
7635,Personal Care,Perawatan Wajah,Hanasui Lightweight Pro Calming Sunscreen Wajah SPF 50 PA++++ 30 ml,32.900
7636,Personal Care,Perawatan Wajah,Pond's UV Miracle Sunscreen Wajah Hydrate SPF 50 PA++++ 15 g,20.700
7637,Personal Care,Perawatan Wajah,Pond's Bright Miracle Ultra Light Biome Pelembab Wajah Niasorcinol 15 g,34.900
7638,Personal Care,Perawatan Wajah,Pond's Hydra Miracle Ultra Light Biome Pelembab Wajah Cera Hyamino 15 g,34.900
7639,Personal Care,Perawatan Wajah,Glow & Lovely Glass Bright Serum Pelembap Wajah Niacinamide + Hyaluronic 30 g,29.900
7640,Personal Care,Perawatan Wajah,Y.O.U AcnePlus Spot Care Pro Obat Jerawat 15 g,35.900
7641,Personal Care,Perawatan Wajah,Hanasui Calm & Clear Micellar Water Pembersih Makeup 300 ml,44.500
7642,Personal Care,Perawatan Wajah,Kojiesan Pembersih Wajah Pencerah Kulit HydroMoist 50 g,39.900
7643,Personal Care,Perawatan Wajah,Glad2Glow Jeju Tangerine Vita C Power Bright Glow Moisturizer Pelembab Wajah 30 g,37.900
7644,Personal Care,Perawatan Wajah,Glad2Glow Madagascar Centella Light Cleansing Oil Pembersih Wajah 100 ml,58.900
7645,Personal Care,Perawatan Wajah,The Originote Hyalu-BHA Micellar Water Pembersih Make Up 300 ml,47.300
7646,Personal Care,Perawatan Wajah,Derma Angel Acne Care Masker Wajah Stik Anti Jerawat 20 g,25.900
7647,Personal Care,Perawatan Wajah,Glad2Glow Pembersih Wajah Low pH 5.5 70 ml,37.900
7648,Personal Care,Perawatan Wajah,Glad2Glow Pembersih Wajah Matcha Anti Jerawat 80 g,43.900
7649,Personal Care,Perawatan Wajah,The Originote Tisu Pembersih Wajah Micellar 10 s,17.900
7650,Personal Care,Perawatan Wajah,Glad2Glow Micellar Water Pembersih Makeup Brightening 130 ml,26.900
7651,Personal Care,Perawatan Wajah,Glad2Glow Micellar Water Pembersih Makeup Pore Clearing 130 ml,26.900
7652,Personal Care,Perawatan Wajah,Glad2Glow Serum Pembersih Wajah Niacinamide 70 g,37.900
7653,Personal Care,Perawatan Wajah,Freeman Hydrating Masker Wajah Gel Krim Glacier Water + Pink Peony 175 ml,45.000
7654,Personal Care,Perawatan Wajah,Freeman Anti-Stress Masker Wajah Clay Dead Sea Minerals 175 ml,45.000
7655,Personal Care,Perawatan Wajah,Pigeon Teens Bright Heroes Pelembap Wajah 50 ml,31.900
7656,Personal Care,Perawatan Wajah,Pond's UV Miracle Sunscreen Wajah Bright SPF 35 25 g,25.000
7657,Personal Care,Perawatan Wajah,Pond's UV Miracle Sunscreen Wajah Bright SPF 50 25 g,49.000
7658,Personal Care,Perawatan Wajah,Wardah Vitamin C + Adenosine Radiant Charge Gel Moisturizer Wajah 30 g,91.000
7659,Personal Care,Perawatan Wajah,NPure Cica Acne Care Complex Masker Wajah Lembaran Anti Jerawat 28 g,17.900
7660,Personal Care,Perawatan Wajah,NPure Cica Beat The Sun Sunscreen Wajah Spray SPF 50 50 ml,74.500
7661,Personal Care,Perawatan Wajah,NPure Sheet Mask Noni Probiotics Masker Wajah Lembaran Hypoallergenic 20 g,17.900
7662,Personal Care,Perawatan Wajah,NPure Licorice Potion of Light Serum Wajah Bright & Glow 20 ml,85.000
7663,Personal Care,Perawatan Wajah,NPure Licorice Masker Wajah Lembaran Bright & Glow 30 g,17.900
7664,Personal Care,Perawatan Wajah,NPure Licorice Bright & Glow Pad Eksfoliasi Wajah Travel Pack 5 + 2 pcs,19.900
7665,Personal Care,Perawatan Wajah,Pond's Bright Miracle Ultra Light Biome Pelembab Wajah Niasorcinol 50 g,97.000
7666,Personal Care,Perawatan Wajah,Pond's Hydra Miracle Ultra Light Biome Pelembab Wajah Cera Hyamino 50 g,97.000
7667,Personal Care,Perawatan Wajah,Wardah Perfect Bright Tone Up Micellar Water Pembersih Makeup 400 ml,99.000
7668,Personal Care,Perawatan Wajah,Wardah Acnederm Micellar Water Pembersih Makeup Kulit Berjerawat 400 ml,99.000
7669,Personal Care,Perawatan Wajah,Labore BiomeRepair Barrier Revive Krim Pelembap Wajah 50 ml,179.000
7670,Personal Care,Perawatan Wajah,Labore GentleBiome Pembersih Wajah Kulit Sensitif 100 ml,82.500
7671,Personal Care,Perawatan Wajah,Pond's UV Miracle Sunscreen Wajah Gel Hydrate SPF 50 25 g,39.000
7672,Personal Care,Perawatan Wajah,Glow & Lovely Bright UV Duo Sunscreen Wajah SPF 35 20 g - skincare,15.000
7673,Personal Care,Perawatan Wajah,Glad2Glow Pembersih Wajah Glycolic Acid 70 g,37.900
7674,Personal Care,Perawatan Wajah,Nivea Pelembap Bibir Caring Color Rose 4.8 g,31.900
7675,Personal Care,Perawatan Wajah,Selection Kapas Wajah 35 g,7.500
7676,Personal Care,Perawatan Wajah,Glow & Lovely Pembersih Wajah Foam untuk Kulit Kusam Multivitamin 100 g,36.500
7677,Personal Care,Perawatan Wajah,Senka Perfect Whip Pembersih Wajah Foam Beauty 120 g,57.900
7678,Personal Care,Perawatan Wajah,Skintific Serum Wajah 10% Pure Vitamin C 10 g,149.000
7679,Personal Care,Perawatan Wajah,Skintific 5X Ceramide Barrier Gel Moisturizer Wajah 30 g,150.000
7680,Personal Care,Perawatan Wajah,OMG Oh My Glow Pembersih Wajah Bright Booster 100 ml,21.000
7681,Personal Care,Perawatan Wajah,OMG Oh My Glow HydraPower Micellar Water Pembersih Makeup 300 ml,42.000
7682,Personal Care,Perawatan Wajah,OMG Oh My Glow Gel Moisturizer Wajah 5% Niacinamide 45 g,33.000
7683,Personal Care,Perawatan Wajah,OMG Oh My Glow Gel Moisturizer Wajah Calming 2% Cica-B5 45 g,33.000
7684,Personal Care,Perawatan Wajah,Glad2Glow 3D Acid Acne Moisturizer Wajah Kiwi 30 g,40.000
7685,Personal Care,Perawatan Wajah,Glad2Glow Serum Pelembap Bibir Strawberry Glaze 7 g,49.000
7686,Personal Care,Perawatan Wajah,Glad2Glow Serum Pelembap Bibir Berry Soda 7 g,49.000
7687,Personal Care,Perawatan Wajah,Glad2Glow Juicy Serum Pelembap Bibir Mixberry 5.5 g,40.000
7688,Personal Care,Perawatan Wajah,Glad2Glow Double Bright Krim Pagi Pelembap Wajah 30 g,77.000
7689,Personal Care,Perawatan Wajah,Glad2Glow Centella Gel Moisturizer Pelembap Wajah Anti Jerawat 100 g,59.000
7690,Personal Care,Perawatan Wajah,Glad2Glow Acne Toner Pad Eksfoliasi Wajah Centella Salicylic Acid 30 s,59.000
7691,Personal Care,Perawatan Wajah,Carasun Solar Smart UV Light Sunscreen Wajah SPF 50 30 g,31.500
7692,Personal Care,Perawatan Wajah,Ariul The Perfect Refresh Your Day Tisu Basah Pembersih Makeup 20 s,25.800
7693,Personal Care,Riasan Wajah & Tubuh,Viva Pensil Alis Cokelat Gelap 1.3 g,44.500
7694,Personal Care,Riasan Wajah & Tubuh,Pixy UV Whitening Stik Concealer & Base Foundation 01 Natural Beige,46.200
7695,Personal Care,Riasan Wajah & Tubuh,Viva Pensil Alis Cokelat 1.3 g,45.500
7696,Personal Care,Riasan Wajah & Tubuh,Pixy UV Whitening Bedak Wajah Two Way Cake Perfect Fit Natural Beige Refill,32.700
7697,Personal Care,Riasan Wajah & Tubuh,Pixy UV Whitening Bedak Wajah Two Way Cake Perfect Fit Natural White Refill 12.2 g,32.700
7698,Personal Care,Riasan Wajah & Tubuh,Emina Cheek Lit Krim Perona Pipi Peach 10 ml,
7699,Personal Care,Riasan Wajah & Tubuh,Wardah Perona Pipi & Lip Tint Red 5.5 g,
7700,Personal Care,Riasan Wajah & Tubuh,Emina Beauty Bliss BB Cream Natural 20 ml,
7701,Personal Care,Riasan Wajah & Tubuh,Emina Beauty Bliss BB Cream Light 20 ml,
7702,Personal Care,Riasan Wajah & Tubuh,Wardah Colorfit Velvet Matte Lip Mousse Cream 02 Joyful Orange 4 g,
7703,Personal Care,Riasan Wajah & Tubuh,Wardah Colorfit Velvet Matte Lip Mousse Cream 05 Mauve 4 g,
7704,Personal Care,Riasan Wajah & Tubuh,Emina Daily Matte Bedak Tabur Wajah 02 Natural Beige 20 g,
7705,Personal Care,Riasan Wajah & Tubuh,Emina Creamy Lip Tint 01 Brick Town 3.6 g,
7706,Personal Care,Riasan Wajah & Tubuh,Emina Cheeklit Perona Pipi Cotton Candy 3.5 g,
7707,Personal Care,Riasan Wajah & Tubuh,Emina Cheeklit Perona Pipi Marshmallow Lady 3.5 g,
7708,Personal Care,Riasan Wajah & Tubuh,Emina Glossy Stain Lip Tint 02 Apple Shower,
7709,Personal Care,Riasan Wajah & Tubuh,Emina Magic Potion Lip Tint 03 Smitten,
7710,Personal Care,Riasan Wajah & Tubuh,Emina Magic Potion Lip Tint 05 Summer,
7711,Personal Care,Riasan Wajah & Tubuh,Emina Glossy Stain Lip Tint 04 Peach Sprinkles,
7712,Personal Care,Riasan Wajah & Tubuh,Emina Lip Cream 02 Fuzzy Wuzzy,
7713,Personal Care,Riasan Wajah & Tubuh,Emina Lip Cream 09 Baby Fox,
7714,Personal Care,Riasan Wajah & Tubuh,Emina Creamy Lip Tint 02 Peach Crush 3.6 g,
7715,Personal Care,Riasan Wajah & Tubuh,Emina Creamy Lip Tint 05 Cherry Soda 3.6 g,
7716,Personal Care,Riasan Wajah & Tubuh,Emina Glossy Stain Lip Tint 01 Autumn Bell,
7717,Personal Care,Riasan Wajah & Tubuh,Emina Glossy Stain Lip Tint 05 Spring Dazzle,
7718,Personal Care,Riasan Wajah & Tubuh,Wardah Perona Pipi & Lip Tint Berry 5.5 g,
7719,Personal Care,Riasan Wajah & Tubuh,Hanasui Serum Cushion Wajah Natural 02 15 g,
7720,Personal Care,Riasan Wajah & Tubuh,Wardah Lightening Concealer Cair 02 Neutral Beige 6 g,
7721,Personal Care,Riasan Wajah & Tubuh,Implora Day To Day Pensil Alis Taupe 0.08 g,21.000
7722,Personal Care,Riasan Wajah & Tubuh,Implora Day To Day Pensil Alis Ash Brown 0.08 g,21.000
7723,Personal Care,Riasan Wajah & Tubuh,Implora Day To Day Pensil Alis Cokelat Gelap 0.08 g,21.000
7724,Personal Care,Riasan Wajah & Tubuh,Implora Day to Day Bedak Wajah Two Way Cake 01 Porcelain 10 g,56.500
7725,Personal Care,Riasan Wajah & Tubuh,Implora Day to Day Bedak Wajah Two Way Cake 04 Honey 10 g,56.500
7726,Personal Care,Riasan Wajah & Tubuh,Implora Day to Day Bedak Wajah Two Way Cake 05 Toffee 10 g,56.500
7727,Personal Care,Riasan Wajah & Tubuh,Implora Day to Day Bedak Wajah Two Way Cake 01 Porcelain Refill 10 g,38.000
7728,Personal Care,Riasan Wajah & Tubuh,Implora Day to Day Bedak Wajah Two Way Cake 04 Honey Refill 10 g,38.000
7729,Personal Care,Riasan Wajah & Tubuh,Implora Day to Day Bedak Wajah Two Way Cake 05 Toffee Refill 10 g,38.000
7730,Personal Care,Riasan Wajah & Tubuh,Implora Day To Day Lip Bullet Lipstik + Gantungan 01 Intention 1.5 g,27.000
7731,Personal Care,Riasan Wajah & Tubuh,Implora Day To Day Lip Bullet Lipstik + Gantungan 04 Attention 1.5 g,27.000
7732,Personal Care,Riasan Wajah & Tubuh,Implora Day To Day Lip Bullet Lipstik + Gantungan 05 At Night 1.5 g,27.000
7733,Personal Care,Riasan Wajah & Tubuh,Implora Day To Day Matte Lip Cream 01 Uplifted 4 g,26.500
7734,Personal Care,Riasan Wajah & Tubuh,Implora Day To Day Matte Lip Cream 03 Passionate 4 g,26.500
7735,Personal Care,Riasan Wajah & Tubuh,Implora Day To Day Matte Lip Cream 06 Attitude 4 g,26.500
7736,Personal Care,Riasan Wajah & Tubuh,Implora Even Better Foundation Cair Matte 01 Ivory 25 g,25.000
7737,Personal Care,Riasan Wajah & Tubuh,Implora Even Better Foundation Cair Matte 03 Linen 25 g,25.000
7738,Personal Care,Riasan Wajah & Tubuh,Somethinc Tipsy Lash Lift Lengthening Maskara Keratin 7 g,100.000
7739,Personal Care,Riasan Wajah & Tubuh,Somethinc Hooman Under Control Bedak Tabur Translucent 14 g,149.000
7740,Personal Care,Riasan Wajah & Tubuh,Somethinc Hooman Under Control Bedak Tabur Neutral 13 g,149.000
7741,Personal Care,Riasan Wajah & Tubuh,Somethinc Hooman Breathable UV Cushion SPF 35 N02 Charlotte Refill 15 g,145.000
7742,Personal Care,Riasan Wajah & Tubuh,Somethinc Copy Paste Breathable Cushion SPF 33 N02 Charlotte Refill 15 g,145.000
7743,Personal Care,Riasan Wajah & Tubuh,Maybelline Superstay Lumi Matte Foundation 111 SPF 16 18 ml,85.000
7744,Personal Care,Riasan Wajah & Tubuh,Maybelline Superstay Lumi Matte Foundation 120 SPF 16 18 ml,85.000
7745,Personal Care,Riasan Wajah & Tubuh,Hanasui Fix and Glow Setting Spray 60 ml,29.900
7746,Personal Care,Riasan Wajah & Tubuh,Implora Cat Kuku Nudes,36.000
7747,Personal Care,Riasan Wajah & Tubuh,Implora Cat Kuku Red,36.000
7748,Personal Care,Riasan Wajah & Tubuh,Somethinc Brow Wiz Retractable Pensil Alis Dark Brown 1 g,73.900
7749,Personal Care,Riasan Wajah & Tubuh,Somethinc Brow Wiz Retractable Pensil Alis Gray Brown 1 g,73.900
7750,Personal Care,Riasan Wajah & Tubuh,Somethinc Copy Paste Breathable Cushion SPF 33 N01 Nina Refill 15 g,145.000
7751,Personal Care,Riasan Wajah & Tubuh,Somethinc Hooman Breathable UV Cushion SPF 35 N01 Nina Refill 15 g,145.000
7752,Personal Care,Riasan Wajah & Tubuh,Barenbliss Peach Makes Perfect Lip Tint - 12 Fly High,69.000
7753,Personal Care,Riasan Wajah & Tubuh,Pixy UV Whitening Bedak Wajah Two Way Cake Natural White 12.2 g,54.200
7754,Personal Care,Riasan Wajah & Tubuh,Wardah Lightening Bedak Wajah 02 Pink Beige 12 g,65.900
7755,Personal Care,Riasan Wajah & Tubuh,Wardah Lightening Bedak Wajah 02 Pink Beige Refill,44.500
7756,Personal Care,Riasan Wajah & Tubuh,Wardah Lightening Bedak Wajah 03 Pink Fair Refill,44.500
7757,Personal Care,Riasan Wajah & Tubuh,Wardah Lightening BB Tint SPF 32 01 Neutral Fair 15 ml,41.000
7758,Personal Care,Riasan Wajah & Tubuh,Viva Pensil Alis Hitam 1.3 g,37.800
7759,Personal Care,Riasan Wajah & Tubuh,Marina Bedak Wajah UV Protect 12 g,12.200
7760,Personal Care,Riasan Wajah & Tubuh,Moko Moko My Precious Lip Cream Dreamy Nude Pink 2.5 ml,22.800
7761,Personal Care,Riasan Wajah & Tubuh,Moko Moko My Precious Maskara Midnight Black 2.5 ml,22.900
7762,Personal Care,Riasan Wajah & Tubuh,Maybelline Maskara Waterproof Volum Express Hyper Curl 9.2 ml,95.500
7763,Personal Care,Riasan Wajah & Tubuh,Emina Bright Stuff Bedak Tabur Wajah 55 g,31.900
7764,Personal Care,Riasan Wajah & Tubuh,Maybelline Eyeliner Line Tattoo High Impact,89.000
7765,Personal Care,Riasan Wajah & Tubuh,Wardah Lightening Bedak Wajah 03 Pink Fair 12 g,63.900
7766,Personal Care,Riasan Wajah & Tubuh,Pinkberry Eyeliner Pen Waterproof Hitam 0.5 g,
7767,Personal Care,Riasan Wajah & Tubuh,Pinkberry Perfect Brow Pensil Alis Hitam 1.6 g,
7768,Personal Care,Riasan Wajah & Tubuh,Esqa Flawless Concealer Cair Custard 5 g,119.000
7769,Personal Care,Riasan Wajah & Tubuh,Esqa Flawless Concealer Cair Granola 5 g,119.000
7770,Personal Care,Riasan Wajah & Tubuh,Esqa Flawless Concealer Cair Vanila 5 g,119.000
7771,Personal Care,Riasan Wajah & Tubuh,Esqa Intense Eyeliner Tahan Air Hitam 1 ml,107.000
7772,Personal Care,Riasan Wajah & Tubuh,Esqa Slick Drip Serum Lip Tint Royal Ruby 2.5 ml,92.000
7773,Personal Care,Riasan Wajah & Tubuh,Esqa Flawless Serum Cushion Satin SPF 50 Custard 15 g,169.000
7774,Personal Care,Riasan Wajah & Tubuh,Esqa Flawless Serum Cushion Satin SPF 50 Granola 15 g,169.000
7775,Personal Care,Riasan Wajah & Tubuh,Esqa Flawless Serum Cushion Satin SPF 50 Vanila 15 g,169.000
7776,Personal Care,Riasan Wajah & Tubuh,Maybelline Superstay Lip Cream Vinyl Ink Matte 65 Saucy,135.000
7777,Personal Care,Riasan Wajah & Tubuh,Hanasui Tintdorable Lip Tint Stain Coral-05 3.5 g,14.000
7778,Personal Care,Riasan Wajah & Tubuh,Hanasui Tintdorable Lip Tint Stain Bloody-06 3.5 g,14.000
7779,Personal Care,Riasan Wajah & Tubuh,Hanasui Tintdorable Lip Tint Stain Cooper-07 3.5 g,14.000
7780,Personal Care,Riasan Wajah & Tubuh,Hanasui Tintdorable Lip Tint Stain Dreamy - 09 3.5 g,14.000
7781,Personal Care,Riasan Wajah & Tubuh,Wardah Colorfit Velvet Matte Lip Mousse Cream 09 Ombre Charmer 4 g,67.900
7782,Personal Care,Riasan Wajah & Tubuh,Wardah Colorfit Velvet Matte Lip Mousse Cream Sweet Cinnamon 4 g,67.900
7783,Personal Care,Riasan Wajah & Tubuh,Wardah Everyday Luminous Bedak Tabur Wajah 01 Light Beige 30 g,41.000
7784,Personal Care,Riasan Wajah & Tubuh,Emina Airy Surprise Lip Tint + Gantungan 01 Y2K Gal 3 g,60.000
7785,Personal Care,Riasan Wajah & Tubuh,Emina Airy Surprise Lip Tint + Gantungan 02 Chillax 3 g,55.000
7786,Personal Care,Riasan Wajah & Tubuh,Emina Airy Surprise Lip Tint + Gantungan 03 1-000-Pink 3 g,55.000
7787,Personal Care,Riasan Wajah & Tubuh,Emina Airy Surprise Lip Tint + Gantungan 04 Bewitched 3 g,55.000
7788,Personal Care,Riasan Wajah & Tubuh,Emina Airy Surprise Lip Tint + Gantungan 05 Flip Phone 3 g,55.000
7789,Personal Care,Riasan Wajah & Tubuh,Emina Airy Surprise Lip Tint + Gantungan 08 Yada Yada 3 g,55.000
7790,Personal Care,Riasan Wajah & Tubuh,Judydoll Maskara Besi 01 Black 2 g,94.500
7791,Personal Care,Riasan Wajah & Tubuh,Judydoll Perona Pipi 06 Peach Mousse,52.000
7792,Personal Care,Riasan Wajah & Tubuh,Judydoll Perona Pipi 48 Ash Pink,52.000
7793,Personal Care,Riasan Wajah & Tubuh,L'Oreal Paris Infallible Lip Cream Matte Resistance 115 Snooze Your Alarm,119.000
7794,Personal Care,Riasan Wajah & Tubuh,L'Oreal Paris Infallible Lip Cream Matte Resistance 210 Tropical Vacay,119.000
7795,Personal Care,Riasan Wajah & Tubuh,L'Oreal Paris Infallible Lip Cream Matte Resistance 230 Shopping Spree,119.000
7796,Personal Care,Riasan Wajah & Tubuh,L'Oreal Paris Infallible Lip Cream Matte Resistance 120 Major Crush,119.000
7797,Personal Care,Riasan Wajah & Tubuh,L'Oreal Paris Infallible Lip Cream Matte Resistance 601 Worth It,119.000
7798,Personal Care,Riasan Wajah & Tubuh,L'Oreal Paris Infallible Lip Cream Matte Resistance 630 Rose Heat,119.000
7799,Personal Care,Riasan Wajah & Tubuh,Wardah Moist Dew Lip Tint 01 Rosemilk Parfait 3 g,55.000
7800,Personal Care,Riasan Wajah & Tubuh,Wardah Moist Dew Lip Tint 02 Pink Lemonade 3 g,55.000
7801,Personal Care,Riasan Wajah & Tubuh,Judydoll Slim Eyebrow Pensil Alis 01 Grey Brown 1 g,59.000
7802,Personal Care,Riasan Wajah & Tubuh,Judydoll Tinted Sunscreen Ivory 40 ml,159.000
7803,Personal Care,Riasan Wajah & Tubuh,Judydoll Tinted Sunscreen Beige 40 ml,159.000
7804,Personal Care,Riasan Wajah & Tubuh,Judydoll Ink Eyeliner Intense Black Eyeliner 5 ml,69.000
7805,Personal Care,Riasan Wajah & Tubuh,Judydoll Lip Matte N107 Red Velvet 6 ml,55.600
7806,Personal Care,Riasan Wajah & Tubuh,Judydoll Lip Matte N101 Milky Pink 6 ml,55.000
7807,Personal Care,Riasan Wajah & Tubuh,Judydoll Lip Matte N104 Rosy Wood 6 ml,55.000
7808,Personal Care,Riasan Wajah & Tubuh,Judydoll Lip Matte N14 Raspberry Pout 6 ml,55.000
7809,Personal Care,Riasan Wajah & Tubuh,Moko Moko My Precious Lip Cream Lush Red 2.5 ml,22.800
7810,Personal Care,Riasan Wajah & Tubuh,Maybelline Fit Me Foundation 120 Classic Ivory 5 ml,38.500
7811,Personal Care,Riasan Wajah & Tubuh,Maybelline Fit Me Foundation 128 Warm Nude 5 ml,38.500
7812,Personal Care,Riasan Wajah & Tubuh,Maybelline Fit Me Foundation 220 Natural Beige 5 ml,38.500
7813,Personal Care,Riasan Wajah & Tubuh,Moko Moko My Precious Eyeliner Hitam 2.5 ml,22.900
7814,Personal Care,Riasan Wajah & Tubuh,Moko Moko My Precious Lip Tint Strawberry Red 2.5 ml,22.800
7815,Personal Care,Riasan Wajah & Tubuh,Pinkberry Perfect Brow Pensil Alis Cokelat 1.6 g,
7816,Personal Care,Riasan Wajah & Tubuh,Emina Daily Matte Bedak Tabur Wajah 01 Light Beige 20 g,
7817,Personal Care,Riasan Wajah & Tubuh,Wardah Perona Pipi & Lip Tint Pink On Point 5.5 g,
7818,Personal Care,Riasan Wajah & Tubuh,Hanasui Lip Cream Forest Berry Boba Edition 4 g,25.000
7819,Personal Care,Riasan Wajah & Tubuh,Hanasui Lip Cream Brown Sugar Boba Edition 4 g,25.000
7820,Personal Care,Riasan Wajah & Tubuh,Hanasui Lip Cream Salted Caramel Boba Edition 4 g,25.000
7821,Personal Care,Riasan Wajah & Tubuh,Pigeon Teens Bedak Wajah Remaja UV Protection Natural 14 g,34.900
7822,Personal Care,Riasan Wajah & Tubuh,Implora Jelly Lip Tint Mariposa 5 ml,19.000
7823,Personal Care,Riasan Wajah & Tubuh,Implora Jelly Lip Tint Savvy Red 5 ml,19.000
7824,Personal Care,Riasan Wajah & Tubuh,Implora Jelly Lip Tint Burnt Orange 5 ml,19.000
7825,Personal Care,Riasan Wajah & Tubuh,Implora Jelly Lip Tint Rosewood 5 ml,19.000
7826,Personal Care,Riasan Wajah & Tubuh,Maybelline Superstay Lip Liquid Matte Ink 365 Enthusiast,125.000
7827,Personal Care,Riasan Wajah & Tubuh,Maybelline Superstay Lip Cream Vinyl Ink Matte 60 Mischievous,135.000
7828,Personal Care,Riasan Wajah & Tubuh,Maybelline Superstay Lip Cream Vinyl Ink Matte 130 Extra,135.000
7829,Personal Care,Riasan Wajah & Tubuh,Hanasui Mattedorable Lip Cream Matte 01 - Kiss 4 g,25.000
7830,Personal Care,Riasan Wajah & Tubuh,Hanasui Mattedorable Lip Cream Matte 05 - Classy 4 g,25.000
7831,Personal Care,Riasan Wajah & Tubuh,Hanasui Mattedorable Lip Cream Matte 06 - Ritz 4 g,25.000
7832,Personal Care,Riasan Wajah & Tubuh,Hanasui Mattedorable Lip Cream Matte 07 - Spark 4 g,25.000
7833,Personal Care,Riasan Wajah & Tubuh,Hanasui Mattedorable Lip Cream Matte 08 - Fancy 4 g,25.000
7834,Personal Care,Riasan Wajah & Tubuh,Hanasui Perona Pipi Perfect Cheek Blush & Go 2.5 g,35.000
7835,Personal Care,Riasan Wajah & Tubuh,Hanasui Serum Cushion Wajah Soulmatte 102 Natural 15 g,62.900
7836,Personal Care,Riasan Wajah & Tubuh,Hanasui Eyebrowtiful Pensil Alis Cokelat,14.000
7837,Personal Care,Riasan Wajah & Tubuh,Hanasui Eyebrowtiful Pensil Alis Black,14.000
7838,Personal Care,Riasan Wajah & Tubuh,Hanasui Eyebrowtiful Pensil Alis Cokelat Muda,14.000
7839,Personal Care,Riasan Wajah & Tubuh,Hanasui Eyetractive Eyeliner Pensil,27.000
7840,Personal Care,Riasan Wajah & Tubuh,Wardah EyeXpert Eyeliner Hitam,77.000
7841,Personal Care,Riasan Wajah & Tubuh,Wardah Maskara The Volume Expert 7 g,77.000
7842,Personal Care,Riasan Wajah & Tubuh,Maybelline Superstay Lip Liquid Matte Ink 205 Assertive,125.000
7843,Personal Care,Riasan Wajah & Tubuh,Skintific Cover All Perfect Cushion Wajah SPF 35 Vanila 11 g,139.000
7844,Personal Care,Riasan Wajah & Tubuh,Skintific Cover All Perfect Cushion Wajah SPF 35 Ivory 11 g,139.000
7845,Personal Care,Riasan Wajah & Tubuh,Skintific Cover All Perfect Cushion Wajah SPF 35 Petal 11 g,139.000
7846,Personal Care,Riasan Wajah & Tubuh,Skintific Cover All Perfect Cushion Wajah SPF 35 Almond 11 g,139.000
7847,Personal Care,Riasan Wajah & Tubuh,Skintific Cover All Perfect Cushion Wajah SPF 35 Beige 11 g,139.000
7848,Personal Care,Riasan Wajah & Tubuh,Wardah Glasting Lip Liquid 01 Caramel Coat 3.5 g,83.000
7849,Personal Care,Riasan Wajah & Tubuh,Wardah Glasting Lip Liquid 02 Peach Polish 3.5 g,83.000
7850,Personal Care,Riasan Wajah & Tubuh,Wardah Glasting Lip Liquid 04 Rosewood Radiance 3.5 g,83.000
7851,Personal Care,Riasan Wajah & Tubuh,Implora Pomade Alis Cokelat Gelap 2.5 g,19.000
7852,Personal Care,Riasan Wajah & Tubuh,Implora Pomade Alis Abu Gelap 2.5 g,19.000
7853,Personal Care,Riasan Wajah & Tubuh,OMG Oh My Glam Mattelast Lip Cream Matte Latte 3.5 g,22.500
7854,Personal Care,Riasan Wajah & Tubuh,OMG Oh My Glam Mattelast Lip Cream Matte Cappucino 3.5 g,22.500
7855,Personal Care,Riasan Wajah & Tubuh,OMG Oh My Glam Mattelast Lip Cream Matte Espresso 3.5 g,25.500
7856,Personal Care,Riasan Wajah & Tubuh,Barenbliss Peach Makes Perfect Lip Tint Glossy - 06 Brave Enough,57.900
7857,Personal Care,Riasan Wajah & Tubuh,Somethinc Checkmatte Lipstik 16 Paladin 3.8 g,85.000
7858,Personal Care,Riasan Wajah & Tubuh,Somethinc Hooman Breathable UV Cushion SPF 35 N01 Nina 15 g,165.000
7859,Personal Care,Riasan Wajah & Tubuh,Somethinc Copy Paste Breathable Cushion SPF 33 N01 Nina 15 g,165.000
7860,Personal Care,Riasan Wajah & Tubuh,Somethinc Hangover Voluminous Fiber Lash Maskara Waterproof 7 g,72.000
7861,Personal Care,Riasan Wajah & Tubuh,Skintific Perfect Stay Velvet Matte Cushion 01 Vanilla 11 g,153.000
7862,Personal Care,Riasan Wajah & Tubuh,Skintific Perfect Stay Velvet Matte Cushion 02 Ivory 11 g,153.000
7863,Personal Care,Riasan Wajah & Tubuh,Skintific Perfect Stay Velvet Matte Cushion 03 Petal 11 g,153.000
7864,Personal Care,Riasan Wajah & Tubuh,Somethinc Brow Matters Triangle Pensil Alis Dark Brown 0.1 g,60.000
7865,Personal Care,Riasan Wajah & Tubuh,Somethinc Hooman Breathable UV Cushion SPF 35 N02 Charlotte 15 g,165.000
7866,Personal Care,Riasan Wajah & Tubuh,Somethinc Copy Paste Breathable Cushion SPF 33 N02 Charlotte 15 g,165.000
7867,Personal Care,Riasan Wajah & Tubuh,Somethinc Checkmatte Lipstik 04 Grandmaster 3.8 g,85.000
7868,Personal Care,Riasan Wajah & Tubuh,Skintific Peptide Nourishing Serum Pelembap & Pencerah Bibir 6.5 ml,97.000
7869,Personal Care,Riasan Wajah & Tubuh,Skintific Ultra Cover Bedak Wajah Foundation Matte 01 Vanilla 9 g,129.000
7870,Personal Care,Riasan Wajah & Tubuh,Skintific Ultra Cover Bedak Wajah Foundation Matte 02 Ivory 9 g,129.000
7871,Personal Care,Riasan Wajah & Tubuh,Skintific Ultra Cover Bedak Wajah Foundation Matte 03 Petal 9 g,129.000
7872,Personal Care,Riasan Wajah & Tubuh,Pigeon Teens Bright Heroes Bedak Tabur Wajah 12 g,24.900
7873,Personal Care,Riasan Wajah & Tubuh,Maybelline Lash Sensational Firework Maskara Waterproof 8.75 ml,143.900
7874,Personal Care,Riasan Wajah & Tubuh,Maybelline Superstay Lumi Matte Foundation 120 SPF 16 35 ml,135.900
7875,Personal Care,Riasan Wajah & Tubuh,Maybelline Superstay Lumi Matte Foundation 128 SPF 16 35 ml,135.900
7876,Personal Care,Riasan Wajah & Tubuh,Maybelline Superstay Lumi Matte Foundation 220 SPF 16 35 ml,135.900
7877,Personal Care,Riasan Wajah & Tubuh,Maybelline Superstay Teddy Lip Tint 15 Skinnydip 5 ml,123.000
7878,Personal Care,Riasan Wajah & Tubuh,Maybelline Superstay Teddy Lip Tint 25 Baby Tee 5 ml,123.000
7879,Personal Care,Riasan Wajah & Tubuh,Maybelline Superstay Teddy Lip Tint 55 Knee High 5 ml,123.000
7880,Personal Care,Riasan Wajah & Tubuh,Esqa Flawless Bedak Wajah Foundation Custard 6.5 g,139.000
7881,Personal Care,Riasan Wajah & Tubuh,Esqa Flawless Bedak Wajah Foundation Granola 6.5 g,139.000
7882,Personal Care,Riasan Wajah & Tubuh,Esqa Flawless Bedak Wajah Foundation Vanila 6.5 g,139.000
7883,Personal Care,Riasan Wajah & Tubuh,Esqa Flawless Micro Bedak Tabur Custard 12 g,129.000
7884,Personal Care,Riasan Wajah & Tubuh,Esqa Flawless Micro Bedak Tabur Vanila 12 g,129.000
7885,Personal Care,Riasan Wajah & Tubuh,Esqa Minimalist Blurring Serum Skin Tint SPF 35 Custard 35 ml,145.000
7886,Personal Care,Riasan Wajah & Tubuh,Esqa Minimalist Blurring Serum Skin Tint SPF 35 Granola 35 ml,145.000
7887,Personal Care,Riasan Wajah & Tubuh,Esqa Minimalist Blurring Serum Skin Tint SPF 35 Vanila 35 ml,145.000
7888,Personal Care,Riasan Wajah & Tubuh,Esqa Wonder Crush Serum Perona Pipi Cair Icons Only 6 ml,109.000
7889,Personal Care,Riasan Wajah & Tubuh,Esqa Goddess Palet Eyeshadow Mauve 9 g,189.000
7890,Personal Care,Riasan Wajah & Tubuh,Esqa Glaze Trio Palet Eyeshadow Day Dreaming 4.5 g,95.000
7891,Personal Care,Riasan Wajah & Tubuh,Esqa Pomade Pensil Alis Cokelat Gelap 0.1 g,99.000
7892,Personal Care,Riasan Wajah & Tubuh,Esqa Slick Drip Serum Lip Tint Rose Souffle 2.5 ml,92.000
7893,Personal Care,Riasan Wajah & Tubuh,Wardah Colorfit Perfect Glow Cushion 23W Warm Ivory SPF 40 15 g,115.000
7894,Personal Care,Riasan Wajah & Tubuh,Wardah Colorfit Perfect Glow Cushion 32N Neutral Beige SPF 40 15 g,115.000
7895,Personal Care,Riasan Wajah & Tubuh,Wardah Colorfit 5D Blur Cloud Cushion 23W Warm Ivory SPF 50 15 g,139.000
7896,Personal Care,Riasan Wajah & Tubuh,Wardah Colorfit 5D Blur Cloud Cushion 32N Neutral Beige SPF 50 15 g,139.000
7897,Personal Care,Riasan Wajah & Tubuh,Somethinc Forever Stay Comfort Lip Glaze Cream 03 Treschic,92.000
7898,Personal Care,Riasan Wajah & Tubuh,Somethinc Forever Stay Comfort Lip Glaze Cream 05 Unreal,89.000
7899,Personal Care,Riasan Wajah & Tubuh,Somethinc Forever Stay Comfort Lip Glaze Cream 06 Mantra,89.000
7900,Personal Care,Riasan Wajah & Tubuh,Somethinc Forever Stay Comfort Lip Glaze Cream 07 Sassy,89.000
7901,Personal Care,Riasan Wajah & Tubuh,Somethinc Forever Stay Comfort Lip Glaze Cream 08 Notty,89.000
7902,Personal Care,Riasan Wajah & Tubuh,Glad2Glow Perfect Cover Cushion Foundation 02 Praline 11 g,85.000
7903,Personal Care,Riasan Wajah & Tubuh,Glad2Glow Perfect Cover Cushion Foundation 03 Custard 11 g,85.000
7904,Personal Care,Riasan Wajah & Tubuh,Skintific Daily Filter Perfect Skin Tint 01 Vanilla 28 g,99.000
7905,Personal Care,Riasan Wajah & Tubuh,Skintific Daily Filter Perfect Skin Tint 02 Ivory 28 g,99.000
7906,Personal Care,Riasan Wajah & Tubuh,OMG Oh My Glam Mattelast Lip Cream Matte 28 Cromboloni 2.9 g,23.000
7907,Personal Care,Riasan Wajah & Tubuh,OMG Oh My Glam Mattelast Lip Cream Matte 12 Scarlet 2.9 g,23.000
7908,Personal Care,Riasan Wajah & Tubuh,OMG Oh My Glam Colorlast Lip Vinyl Gloss 05 Scarlet 2.5 g,35.000
7909,Personal Care,Riasan Wajah & Tubuh,OMG Oh My Glam Colorlast Lip Vinyl Gloss 01 Perfect Match 2.5 g,35.000
7910,Personal Care,Riasan Wajah & Tubuh,OMG Oh My Glam Coverlast Cushion 32N Natural 15 g,60.000
7911,Personal Care,Riasan Wajah & Tubuh,OMG Oh My Glam Coverlast Cushion 13C Ivory 15 g,60.000
7912,Personal Care,Riasan Wajah & Tubuh,OMG Oh My Glam Coverlast Cushion 50N Creme 15 g,60.000
7913,Personal Care,Riasan Wajah & Tubuh,OMG Oh My Glam Colorlast Lip Vinyl Gloss 06 Trendsetter 2.5 g,35.000
7914,Personal Care,Pembalut & Popok Dewasa,Charm Safe Night Daun Sirih Pembalut Wing Malam 29 cm 17 pcs,19.300
7915,Personal Care,Pembalut & Popok Dewasa,Laurier Pantyliner Non-perfume 40 pcs,13.800
7916,Personal Care,Pembalut & Popok Dewasa,Charm Body Fit Pembalut Wanita Extra Maxi Non Wing 23 cm 30 pcs,23.200
7917,Personal Care,Pembalut & Popok Dewasa,Laurier Relax Night Pembalut Wanita Wing Malam 40 cm 8 pcs,18.900
7918,Personal Care,Pembalut & Popok Dewasa,Softex Daun Sirih Pembalut Wanita Wing Malam 36 cm 12 pcs,19.500
7919,Personal Care,Pembalut & Popok Dewasa,Confidence Classic Popok Perekat Dewasa Malam M 8 pcs,42.900
7920,Personal Care,Pembalut & Popok Dewasa,Confidence Classic Popok Perekat Dewasa Malam L 7 pcs,44.900
7921,Personal Care,Pembalut & Popok Dewasa,Confidence Classic Popok Perekat Dewasa Malam XL 6 pcs,44.900
7922,Personal Care,Pembalut & Popok Dewasa,Softex Daun Sirih Pembalut Wanita Wing Malam 29 cm 16 pcs,19.500
7923,Personal Care,Pembalut & Popok Dewasa,Softex Daun Sirih Pembalut Wanita Wing 36 cm 18 pcs,25.500
7924,Personal Care,Pembalut & Popok Dewasa,Softex Comfort Night Pembalut Wanita Wing Malam 36 cm 12 pcs,15.900
7925,Personal Care,Pembalut & Popok Dewasa,Laurier Relax Night Pembalut Celana Menstruasi Serap Maksimal 2 pcs,14.900
7926,Personal Care,Pembalut & Popok Dewasa,Charm Body Fit Pembalut Wanita Extra Maxi Wing 23 cm 28 pcs,22.500
7927,Personal Care,Pembalut & Popok Dewasa,Softex Daun Sirih Pembalut Wanita Wing 23 cm 20 pcs,16.900
7928,Personal Care,Pembalut & Popok Dewasa,Laurier Active Day X-tra Pembalut Wanita Non Wing 30 pcs,19.500
7929,Personal Care,Pembalut & Popok Dewasa,Laurier Super Slimguard Pembalut Wanita Wing 22.5 cm 10 pcs,14.500
7930,Personal Care,Pembalut & Popok Dewasa,Lifree Popok Perekat Dewasa L 7 pcs,46.900
7931,Personal Care,Pembalut & Popok Dewasa,Charm Safe Night Pembalut Wanita Wing Malam 35 cm 11 pcs,16.900
7932,Personal Care,Pembalut & Popok Dewasa,Charm Safe Night Pembalut Wanita Wing Malam 42 cm 7 pcs,19.900
7933,Personal Care,Pembalut & Popok Dewasa,Charm Body Fit Pembalut Wanita Extra Maxi Wing 23 cm 10 pcs,11.900
7934,Personal Care,Pembalut & Popok Dewasa,Charm Safe Night Pembalut Wanita Wing Malam 29 cm 9 pcs,9.700
7935,Personal Care,Pembalut & Popok Dewasa,Laurier Relax Night Pembalut Wanita Wing Malam 30 cm 16 pcs,17.900
7936,Personal Care,Pembalut & Popok Dewasa,Laurier Active Day Pembalut Wanita Wing 22 cm 30 pcs,20.900
7937,Personal Care,Pembalut & Popok Dewasa,Softex Daun Sirih Pantyliner 15 cm 44 pcs,16.900
7938,Personal Care,Pembalut & Popok Dewasa,Charm Safe Night Pembalut Wanita Wing Malam 35 cm 12 pcs,16.900
7939,Personal Care,Pembalut & Popok Dewasa,Softex Daun Sirih Pembalut Wanita Wing 3 in 1 16 pcs,23.500
7940,Personal Care,Pembalut & Popok Dewasa,Alfamart Popok Perekat Dewasa M 8 pcs,36.900
7941,Personal Care,Pembalut & Popok Dewasa,Alfamart Popok Perekat Dewasa L 7 pcs,36.900
7942,Personal Care,Pembalut & Popok Dewasa,Lifree Popok Perekat Dewasa XL 6 pcs,46.900
7943,Personal Care,Pembalut & Popok Dewasa,Lifree Popok Celana Dewasa Ekstra Serap M 10 pcs,59.900
7944,Personal Care,Pembalut & Popok Dewasa,Softex Daun Sirih Pantyliner 18 cm 30 pcs,14.900
7945,Personal Care,Pembalut & Popok Dewasa,Certainty Cegah Iritasi Popok Perekat Dewasa L 7 pcs,39.900
7946,Personal Care,Pembalut & Popok Dewasa,Lifree Ekstra Serap Popok Celana Dewasa L 8 pcs,59.900
7947,Personal Care,Pembalut & Popok Dewasa,Lifree Ekstra Serap Popok Celana Dewasa XL 6 pcs,59.900
7948,Personal Care,Pembalut & Popok Dewasa,Charm Maxi Pembalut Wanita Wing 26 cm 16 pcs,15.900
7949,Personal Care,Pembalut & Popok Dewasa,Charm Safe Night Pembalut Wanita Wing Malam 29 cm 18 pcs,18.900
7950,Personal Care,Pembalut & Popok Dewasa,Lifree Tipis & Nyaman Popok Celana Dewasa M 10 pcs,56.900
7951,Personal Care,Pembalut & Popok Dewasa,Lifree Tipis & Nyaman Popok Celana Dewasa XL 6 pcs,56.900
7952,Personal Care,Pembalut & Popok Dewasa,Charm Cooling Fresh Pembalut Wanita Wing Natural Mint 23 cm 15 pcs,15.900
7953,Personal Care,Pembalut & Popok Dewasa,Softex Daun Sirih Pembalut Wanita Non Wing 23 cm 18 pcs,14.500
7954,Personal Care,Pembalut & Popok Dewasa,Charm Cooling Fresh Pembalut Wanita Wing Malam Ekstrak Daun Mint 29 cm 10 pcs,15.900
7955,Personal Care,Pembalut & Popok Dewasa,Softex Pembalut Celana Menstruasi Wanita 2 pcs,12.900
7956,Personal Care,Pembalut & Popok Dewasa,Charm Pantyliner Cooling Fresh Ekstrak Daun Mint 32 pcs,17.900
7957,Personal Care,Pembalut & Popok Dewasa,Lifree Tipis & Nyaman Popok Celana Dewasa L 8 pcs,56.900
7958,Personal Care,Pembalut & Popok Dewasa,Hers Protex Pembalut Wanita Wing Malam 30 cm 20 pcs,13.900
7959,Personal Care,Pembalut & Popok Dewasa,Softex Beary Cool Pembalut Wanita Slim Wing Natural Lavender 23 cm 14 pads,14.900
7960,Personal Care,Pembalut & Popok Dewasa,Charm Cooling Fresh Pembalut Wanita Non Wing Natural Mint 23 cm 17 pcs,15.900
7961,Personal Care,Pembalut & Popok Dewasa,Charm Pantyliner Cooling Fresh Long & Wide Ekstrak Daun Mint 28 pcs,18.900
7962,Personal Care,Pembalut & Popok Dewasa,Ideal Popok Celana Dewasa L 8 + 2 pcs,
7963,Personal Care,Pembalut & Popok Dewasa,Ideal Popok Celana Dewasa M 8 + 2 pcs,
7964,Personal Care,Pembalut & Popok Dewasa,Lifree Popok Perekat Dewasa M 8 pcs,
7965,Personal Care,Pembalut & Popok Dewasa,Alfamart Popok Perekat Dewasa XL 6 pcs,43.900
7966,Personal Care,Pembalut & Popok Dewasa,Oto Popok Celana Dewasa L 16 pcs,110.000
7967,Personal Care,Pembalut & Popok Dewasa,Oto Popok Celana Dewasa XL 12 pcs,85.000
7968,Personal Care,Pembalut & Popok Dewasa,Oto Popok Perekat Dewasa L 14 pcs,79.900
7969,Personal Care,Pembalut & Popok Dewasa,Oto Popok Perekat Dewasa XL 12 pcs,85.000
7970,Personal Care,Pembalut & Popok Dewasa,Carefree Pantyliner Breathable 40 pcs,27.000
7971,Personal Care,Pembalut & Popok Dewasa,Carefree Pantyliner Healthy Fresh 40 pcs,30.900
7972,Personal Care,Pembalut & Popok Dewasa,Charm Body Fit Pembalut Wanita Extra Maxi Non Wing 23 cm 10 pcs,7.300
7973,Personal Care,Pembalut & Popok Dewasa,Softex Pembalut Celana Menstruasi XL 2 pcs,15.000
7974,Personal Care,Pembalut & Popok Dewasa,Oto Popok Celana Dewasa Unisex XL 8 pcs,60.900
7975,Personal Care,Pembalut & Popok Dewasa,Oto Popok Celana Dewasa Unisex L 8 pcs,45.500
7976,Personal Care,Pembalut & Popok Dewasa,Softex Daun Sirih Pembalut Wanita Wing 23 cm 30 pcs,25.500
7977,Personal Care,Pembalut & Popok Dewasa,Laurier Daun Sirih Pembalut Wanita Wing 25 cm 16 pcs,15.900
7978,Personal Care,Pembalut & Popok Dewasa,Laurier Natural Clean Pantyliner 40 pcs,14.500
7979,Personal Care,Pembalut & Popok Dewasa,Charm Safe Night Pembalut Wanita Wing Malam 35 cm 18 pcs,24.900
7980,Personal Care,Pembalut & Popok Dewasa,Lifree Ekstra Serap Popok Celana Dewasa XXL 5 pcs,59.900
7981,Personal Care,Pembalut & Popok Dewasa,Laurier Daun Sirih Pembalut Wanita Wing Malam 35 cm 12 pcs,18.500
7982,Personal Care,Pembalut & Popok Dewasa,Softex Comfort Night Pembalut Wanita Wing Malam 29 cm 18 pcs,15.900
7983,Personal Care,Pembalut & Popok Dewasa,Oto Popok Celana Dewasa M 8 pcs,38.500
7984,Personal Care,Pembalut & Popok Dewasa,Softex Daun Sirih Pembalut Wanita Wing 42 cm 8 pcs,17.900
7985,Personal Care,Pembalut & Popok Dewasa,Confidence Popok Celana Dewasa Pas Badan M 10 pcs,45.900
7986,Personal Care,Pembalut & Popok Dewasa,Confidence Popok Celana Dewasa Pas Badan L 8 pcs,45.900
7987,Personal Care,Pembalut & Popok Dewasa,Confidence Popok Celana Dewasa Ekstra Serap M 10 pcs,54.900
7988,Personal Care,Pembalut & Popok Dewasa,Confidence Popok Celana Dewasa Ekstra Serap L 8 pcs,54.900
7989,Personal Care,Pembalut & Popok Dewasa,Flou by Pokana Pembalut Wanita Wing 34 cm 6 pcs,19.900
7990,Personal Care,Pembalut & Popok Dewasa,Hers Protex Pembalut Wanita Wing Malam 35 cm 12 pads,10.900
7991,Personal Care,Pembalut & Popok Dewasa,Charm Cooling Fresh Pembalut Wanita Wing Natural Cucumber 23 cm 14 pcs,14.700
7992,Personal Care,Pembalut & Popok Dewasa,Laurier Relax Night Pembalut Wanita Wing Malam 35 cm 18 pcs,23.900
7993,Personal Care,Pembalut & Popok Dewasa,"Hers Protex Natural Pembalut Wanita Wing Daun Sirih 23,5 cm 20 + 2 pcs",12.900
7994,Personal Care,Pembalut & Popok Dewasa,Charm Pembalut Wanita Wing Daun Sirih + Herbal 29 cm 10 pcs,14.900
7995,Personal Care,Pembalut & Popok Dewasa,Softex Daun sirih + Green Tea Pantyliner 15 cm 20 pcs,7.500
7996,Personal Care,Pembalut & Popok Dewasa,Ladis Pembalut Celana Menstruasi Wanita M 3 pcs,11.900
7997,Personal Care,Pembalut & Popok Dewasa,Charm Safe Night Sleep Protect+ Pembalut Celana Menstruasi Wanita L - XL 2 pcs,18.500
7998,Personal Care,Pembalut & Popok Dewasa,Laurier Super Slimguard Pembalut Wanita Wing 22.5 cm 20 pcs,25.900
7999,Personal Care,Pembalut & Popok Dewasa,Laurier Relax Night Pembalut Wanita Wing Malam 30 cm 24 pcs,21.900
8000,Personal Care,Pembalut & Popok Dewasa,Alfamart Popok Celana Dewasa M 8 pcs,35.900
8001,Personal Care,Pembalut & Popok Dewasa,Alfamart Popok Celana Dewasa L 8 pcs,42.900
8002,Personal Care,Pembalut & Popok Dewasa,Charm Safe Night Pembalut Wanita Wing Malam 29 cm 30 pcs,28.900
8003,Personal Care,Pembalut & Popok Dewasa,Certainty Cegah Iritasi Popok Celana Dewasa M 8 pcs,39.900
8004,Personal Care,Pembalut & Popok Dewasa,Certainty Cegah Iritasi Popok Celana Dewasa L 7 pcs,39.900
8005,Personal Care,Pembalut & Popok Dewasa,Certainty Cegah Iritasi Popok Celana Dewasa XL 6 pcs,39.900
8006,Personal Care,Pembalut & Popok Dewasa,Softex Beary Cool Pantyliner Natural Lavender 20 pads,7.900
8007,Personal Care,Pembalut & Popok Dewasa,Happily Popok Celana Dewasa M 10 pcs,38.900
8008,Personal Care,Pembalut & Popok Dewasa,Happily Popok Celana Dewasa L 8 pcs,38.900
8009,Personal Care,Pembalut & Popok Dewasa,Charm Safe Night Pembalut Wanita Wing Malam 42 cm 14 pcs,34.500
8010,Personal Care,Pembalut & Popok Dewasa,Parenty Popok Celana Dewasa Ekstra Serap L 8 + 4 pcs,59.900
8011,Personal Care,Pembalut & Popok Dewasa,Parenty Popok Celana Dewasa Ekstra Serap XL 8 + 4 pcs,79.900
8012,Personal Care,Pembalut & Popok Dewasa,Softex Gravity Pembalut Wanita Wing 23 cm 20 pcs,15.900
8013,Personal Care,Pembalut & Popok Dewasa,Softex Gravity Pembalut Wanita Non Wing 23 cm 20 pcs,13.900
8014,Personal Care,Pembalut & Popok Dewasa,Charm Safe Night Daun Sirih Pembalut Wing Malam 35 cm 11 pcs,16.900
8015,Personal Care,Pembalut & Popok Dewasa,Hers Protex Cool Breeze Cinnamoroll Pembalut Wing 23.5 cm 15 + 2 pcs,12.500
8016,Personal Care,Pembalut & Popok Dewasa,Hers Protex Cool Breeze Cinnamoroll Pembalut Malam Wing 30 cm 10 + 2 pcs,12.500
8017,Personal Care,Pembalut & Popok Dewasa,Charm Safe Night Pembalut Celana Menstruasi All Size 2 pcs,12.900
8018,Personal Care,Pembalut & Popok Dewasa,Confidence Popok Celana Dewasa Ekstra Serap XL 6 pcs,54.900
8019,Personal Care,Pembalut & Popok Dewasa,Softex Beary Cool Pembalut Wanita Slim Wing Natural Lavender 36 cm 8 pads,14.900
8020,Personal Care,Pembalut & Popok Dewasa,Certainty Cegah Iritasi Popok Perekat Dewasa M 8 pcs,39.900
8021,Personal Care,Pembalut & Popok Dewasa,Bagus Nina Anion Pembalut Wanita Wing 27 cm 10 pcs,26.900
8022,Personal Care,Pembalut & Popok Dewasa,Bagus Nina Anion Pembalut Wanita Wing 33 cm 8 pcs,33.900
8023,Personal Care,Pembalut & Popok Dewasa,Bagus Nina Anion Pantyliner 15 cm 20 pcs,18.500
8024,Personal Care,Pembalut & Popok Dewasa,Certainty Cegah Iritasi Popok Perekat Dewasa XL 6 pcs,31.900
8025,Personal Care,Pembalut & Popok Dewasa,Yoona Pantyliner 15 cm 20 pcs,21.500
8026,Personal Care,Pembalut & Popok Dewasa,Yoona Pembalut Wanita Organik Day 24.5 cm 10 pcs,26.500
8027,Personal Care,Pembalut & Popok Dewasa,Yoona Pembalut Wanita Organik Malam 29 cm 8 pcs,26.500
8028,Personal Care,Pembalut & Popok Dewasa,Yoona Pembalut Wanita Organik Malam 36 cm 6 pcs,27.500
8029,Personal Care,Pembalut & Popok Dewasa,Flou by Pokana Pembalut Wanita Wing 30 cm 8 pcs,19.900
8030,Personal Care,Pembalut & Popok Dewasa,Charm Pantyliner Daun Sirih + Herbal 32 pcs,10.900
8031,Personal Care,Pembalut & Popok Dewasa,Charm Daun Sirih Herbal Pembalut Wanita Wing Malam 35 cm 8 pcs,11.400
8032,Personal Care,Pembalut & Popok Dewasa,Confidence Popok Celana Dewasa Daily Fresh M 9 pcs,45.000
8033,Personal Care,Pembalut & Popok Dewasa,Confidence Popok Celana Dewasa Daily Fresh L 8 pcs,45.000
8034,Personal Care,Pembalut & Popok Dewasa,Softex Daun Sirih Pembalut Wanita Wing Malam 29 cm 24 pcs,25.500
8035,Personal Care,Pembalut & Popok Dewasa,Laurier Relax Night Pembalut Wanita Wing Malam 30 cm 8 pcs,7.900
8036,Personal Care,Pembalut & Popok Dewasa,Laurier Relax Night Pembalut Wanita Wing Malam 35 cm 12 pcs,15.900
8037,Personal Care,Pembalut & Popok Dewasa,Charm Cooling Fresh Pembalut Wanita Wing Malam Ekstrak Daun Mint 35 cm 8 pcs,15.900
8038,Personal Care,Pembalut & Popok Dewasa,Charm Cooling Fresh Pembalut Wanita Wing Malam Ekstrak Daun Mint 42 cm 6 pcs,15.900
8039,Personal Care,Pembalut & Popok Dewasa,Hers Protex Cinnamoroll Pembalut Wanita Wing Malam 30 cm 20 + 2 pcs,16.500
8040,Personal Care,Pembalut & Popok Dewasa,Hers Protex Cinnamoroll Pembalut Wanita Wing 23.5 cm 20 + 2 pcs,13.500
8041,Personal Care,Perawatan Gigi & Mulut,Alfamart Tusuk Gigi Reguler 200 pcs,8.900
8042,Personal Care,Perawatan Gigi & Mulut,Pepsodent Sikat Gigi Gentle Care Soft,11.200
8043,Personal Care,Perawatan Gigi & Mulut,Pepsodent Action 123 Pasta Gigi Siwak & Mint 150 g + 25 g,21.800
8044,Personal Care,Perawatan Gigi & Mulut,Pepsodent Sensitive Expert Pasta Gigi Complete Care 60 g,20.000
8045,Personal Care,Perawatan Gigi & Mulut,Pepsodent Sensitive Expert Pasta Gigi Whitening 60 g,20.000
8046,Personal Care,Perawatan Gigi & Mulut,Listerine Obat Kumur Antiseptik Multi Protect Zero 250 ml,31.900
8047,Personal Care,Perawatan Gigi & Mulut,Formula Sikat Gigi Sparkling White Soft 3 pcs,32.500
8048,Personal Care,Perawatan Gigi & Mulut,Closeup White Attraction Pasta Gigi Lemon Essence + Sea Salt 95 g,26.000
8049,Personal Care,Perawatan Gigi & Mulut,Pepsodent Pasta Gigi Pencegah Gigi Berlubang 2 x 190 g,30.400
8050,Personal Care,Perawatan Gigi & Mulut,Alfamart Tusuk Gigi 75 pcs,8.300
8051,Personal Care,Perawatan Gigi & Mulut,Pepsodent Complete 8 Pasta Gigi Multi Protection 150 g,21.000
8052,Personal Care,Perawatan Gigi & Mulut,Sensodyne Pasta Gigi Deep Clean 100 g,40.000
8053,Personal Care,Perawatan Gigi & Mulut,Pepsodent Pasta Gigi Action 123 Herbal 120 g,19.800
8054,Personal Care,Perawatan Gigi & Mulut,Formula Sikat Gigi Maxi Care 3 pcs,18.500
8055,Personal Care,Perawatan Gigi & Mulut,Alfamart Tusuk & Benang Gigi 30 pcs,8.900
8056,Personal Care,Perawatan Gigi & Mulut,Alfamart Tusuk Gigi Plastik 60 pcs,9.500
8057,Personal Care,Perawatan Gigi & Mulut,Pepsodent Sikat Gigi 5 Star Clean Soft 3 pcs,14.500
8058,Personal Care,Perawatan Gigi & Mulut,Pepsodent Pasta Gigi Strong Fresh Cool Mint 190 + 15 g,15.500
8059,Personal Care,Perawatan Gigi & Mulut,Oral-B Cross Action Deep Clean Sikat Gigi Anti Plak Lembut 3 pcs,42.200
8060,Personal Care,Perawatan Gigi & Mulut,Closeup Pasta Gigi Menthol Fresh 2 x 160 g,37.000
8061,Personal Care,Perawatan Gigi & Mulut,Pepsodent Pasta Gigi Gum Expert 100 g,34.000
8062,Personal Care,Perawatan Gigi & Mulut,Pepsodent Kids Pasta Gigi Anak Fresh Orange 45 g,9.200
8063,Personal Care,Perawatan Gigi & Mulut,Pepsodent Gum Expert Pasta Gigi Whitening 60 g,20.000
8064,Personal Care,Perawatan Gigi & Mulut,Pepsodent FIFA Limited Edition Pasta Gigi Fresh Breath Best Defender 95 g,19.500
8065,Personal Care,Perawatan Gigi & Mulut,Pepsodent Sensitive Expert Pasta Gigi Original 60 g,20.000
8066,Personal Care,Perawatan Gigi & Mulut,Formula Flip Go Sikat + Pasta Gigi Flip Go Nano Charcoal Travel Pack,22.700
8067,Personal Care,Perawatan Gigi & Mulut,Sasha Pasta Gigi Anti Bakteri Siwak & Sirih 150 g,20.200
8068,Personal Care,Perawatan Gigi & Mulut,Ciptadent Sikat Gigi Crystal Clean Soft 3 pcs,8.900
8069,Personal Care,Perawatan Gigi & Mulut,Sensodyne Pasta Gigi Herbal 100 g,40.000
8070,Personal Care,Perawatan Gigi & Mulut,Formula Sikat Gigi Genio Soft 3 pcs,8.200
8071,Personal Care,Perawatan Gigi & Mulut,Listerine Obat Kumur Antiseptik Multi Protect Zero 100 ml,13.200
8072,Personal Care,Perawatan Gigi & Mulut,Formula Glowow Mood Crystal Sikat Gigi 3 pcs,13.900
8073,Personal Care,Perawatan Gigi & Mulut,Total Care Obat Kumur Cool Mint 100 ml,10.000
8074,Personal Care,Perawatan Gigi & Mulut,Formula Sikat Gigi Platinum Protector Extreme Clean Soft 3 pcs,30.500
8075,Personal Care,Perawatan Gigi & Mulut,Formula Mobile Oral Care Sikat + Pasta Gigi Soft Travel Pack,17.900
8076,Personal Care,Perawatan Gigi & Mulut,Pepsodent Action 123 Pasta Gigi Penyegar Mulut Herbal 190 g,26.400
8077,Personal Care,Perawatan Gigi & Mulut,Pepsodent Sensitive Expert Pasta Gigi Original 100 g,42.000
8078,Personal Care,Perawatan Gigi & Mulut,Pepsodent Action 123 Pasta Gigi Complete 190 g,30.200
8079,Personal Care,Perawatan Gigi & Mulut,Pepsodent Nanosoft Sikat Gigi Sensitive Soft 3 pcs,39.500
8080,Personal Care,Perawatan Gigi & Mulut,Pepsodent Sensitive Expert Pasta Gigi Whitening 100 g,42.000
8081,Personal Care,Perawatan Gigi & Mulut,Sensodyne Pasta Gigi Repair & Protect Original 100 g,51.900
8082,Personal Care,Perawatan Gigi & Mulut,Pepsodent Sensitive Expert Pasta Gigi Fresh 60 g,
8083,Personal Care,Perawatan Gigi & Mulut,Listerine Obat Kumur Antiseptik Natural Green Tea 100 ml,
8084,Personal Care,Perawatan Gigi & Mulut,Ciptadent Sikat Gigi Diamond Clean Soft 3 pcs,
8085,Personal Care,Perawatan Gigi & Mulut,Ciptadent Pasta Gigi Cool Mint 2 x 225 g,
8086,Personal Care,Perawatan Gigi & Mulut,Pepsodent Sensitive Mineral Expert Pasta Gigi Active Remin Complex 105 g,51.900
8087,Personal Care,Perawatan Gigi & Mulut,Darlie Double Action Pasta Gigi Fresh Clean 2 x 225 g,59.000
8088,Personal Care,Perawatan Gigi & Mulut,Listerine Obat Kumur Antiseptik Fresh Citrus 500 ml,45.000
8089,Personal Care,Perawatan Gigi & Mulut,Listerine Obat Kumur Antiseptik Zero 500 ml,45.000
8090,Personal Care,Perawatan Gigi & Mulut,Closeup Wicked Pink Goes With Green Pasta Gigi 95 g,24.900
8091,Personal Care,Perawatan Gigi & Mulut,Closeup Pasta Gigi Multivitamin Complete Fresh Protection 160 g,27.800
8092,Personal Care,Perawatan Gigi & Mulut,Char Mi Tusuk & Benang Gigi 30 pcs,19.000
8093,Personal Care,Perawatan Gigi & Mulut,Char Mi Tusuk Gigi Plastik 3 x 60 s,37.900
8094,Personal Care,Perawatan Gigi & Mulut,Listerine Obat Kumur Antiseptik Multi Protect Sensitive 500 ml,49.900
8095,Personal Care,Perawatan Gigi & Mulut,Secret Clean Propolis Obat Kumur Antiseptik Orange Mint 150 ml,30.500
8096,Personal Care,Perawatan Gigi & Mulut,Secret Clean Propolis Obat Kumur Antiseptik Peppermint 150 ml,30.500
8097,Personal Care,Perawatan Gigi & Mulut,Pepsodent White Pasta Gigi Value Pack 2 x 225 g,23.900
8098,Personal Care,Perawatan Gigi & Mulut,Oral-B Sikat Gigi All Rounder 123 Clean Soft,6.800
8099,Personal Care,Perawatan Gigi & Mulut,Pepsodent Action 123 Pasta Gigi Center Fresh 160 g,24.500
8100,Personal Care,Perawatan Gigi & Mulut,Pepsodent Nanosoft Sikat Gigi Sensitive Soft 2 pcs,27.900
8101,Personal Care,Perawatan Gigi & Mulut,Sensodyne Pasta Gigi Repair & Protect Extra Fresh 100 g,51.900
8102,Personal Care,Perawatan Gigi & Mulut,Closeup Pasta Gigi Menthol Fresh 100 g,19.500
8103,Personal Care,Perawatan Gigi & Mulut,Sensodyne Pasta Gigi Cool Gel 100 g,38.000
8104,Personal Care,Perawatan Gigi & Mulut,Sensodyne Sikat Gigi Multi Action Soft 2 pcs,34.000
8105,Personal Care,Perawatan Gigi & Mulut,Formula Sikat Gigi Silver Protector Ripple Soft 3 pcs,13.900
8106,Personal Care,Perawatan Gigi & Mulut,Listerine Obat Kumur Antiseptik Zero 250 ml,27.400
8107,Personal Care,Perawatan Gigi & Mulut,Listerine Obat Kumur Antiseptik Cool Mint 250 ml,27.400
8108,Personal Care,Perawatan Gigi & Mulut,Formula Pasta Gigi Family 160 g,13.800
8109,Personal Care,Perawatan Gigi & Mulut,Pepsodent Complete 8 Pasta Gigi Whitening 190 g,29.400
8110,Personal Care,Perawatan Gigi & Mulut,Pepsodent Pasta Gigi Pencegah Gigi Berlubang 190 g,18.800
8111,Personal Care,Perawatan Gigi & Mulut,Formula Sikat Gigi Silver Protector Diamond Medium 3 pcs,13.900
8112,Personal Care,Perawatan Gigi & Mulut,Sensodyne Pasta Gigi Fresh Mint 100 g,38.000
8113,Personal Care,Perawatan Gigi & Mulut,Total Care Obat Kumur Cool Mint 250 ml,20.500
8114,Personal Care,Perawatan Gigi & Mulut,Formula Sikat Gigi Silver Protector Double Action Soft,5.400
8115,Personal Care,Perawatan Gigi & Mulut,Formula Sikat Gigi Platinum Protector Extreme Clean Soft,16.200
8116,Personal Care,Perawatan Gigi & Mulut,Pepsodent Pasta Gigi Pencegah Gigi Berlubang 72 g,8.000
8117,Personal Care,Perawatan Gigi & Mulut,Listerine Obat Kumur Antiseptik Cool Mint 500 ml,35.900
8118,Personal Care,Perawatan Gigi & Mulut,Listerine Obat Kumur Antiseptik Cool Mint 100 ml,9.900
8119,Personal Care,Perawatan Gigi & Mulut,Enzim Pasta Gigi Fresh Mint 124 g,27.500
8120,Personal Care,Perawatan Gigi & Mulut,Pepsodent Nanosoft Sikat Gigi Sensitive Soft,14.600
8121,Personal Care,Perawatan Gigi & Mulut,Formula Sikat Gigi Sparkling White Soft 1 pcs,14.500
8122,Personal Care,Perawatan Gigi & Mulut,Sensodyne Pasta Gigi Repair & Protect Whitening 100 g,44.400
8123,Personal Care,Perawatan Gigi & Mulut,Systema Nano Pasta Gigi Spring Fresh 190 g,11.400
8124,Personal Care,Perawatan Gigi & Mulut,Ciptadent Pasta Gigi Cool Mint 190 g,9.500
8125,Personal Care,Perawatan Gigi & Mulut,Oral-B Sikat Gigi All Rounder 123 Clean Medium 3 pcs,22.400
8126,Personal Care,Perawatan Gigi & Mulut,Sensodyne Sikat Gigi Sensitive Soft 2 pcs,23.500
8127,Personal Care,Perawatan Gigi & Mulut,Ciptadent Pasta Gigi Fresh Mint 190 g,9.500
8128,Personal Care,Perawatan Gigi & Mulut,Pepsodent Action 123 Nature Essential Pasta Gigi Charcoal 160 g,22.900
8129,Personal Care,Perawatan Gigi & Mulut,Betadine Obat Kumur Antiseptik 190 ml,42.800
8130,Personal Care,Perawatan Gigi & Mulut,Colgate Total Active Prevention Pasta Gigi Charcoal Clean 110 g,29.900
8131,Personal Care,Perawatan Gigi & Mulut,Pepsodent Pasta Gigi + Sikat Gigi Soft Kemasan Travel Size Assorted,19.900
8132,Personal Care,Perawatan Gigi & Mulut,Total Care Obat Kumur Siwak Salt 250 ml,15.500
8133,Personal Care,Perawatan Gigi & Mulut,Oral-B Sikat Gigi Fresh Clean Black Soft,9.500
8134,Personal Care,Perawatan Gigi & Mulut,Ciptadent Sikat Gigi Perfect Care Soft 3 pcs,17.900
8135,Personal Care,Perawatan Gigi & Mulut,Ciptadent Pasta Gigi Fresh Mint 225 g,9.900
8136,Personal Care,Perawatan Gigi & Mulut,Pepsodent Pasta Gigi Ekonomis 150 g,10.500
8137,Personal Care,Perawatan Gigi & Mulut,Pepsodent Sikat Gigi Brilian Soft 3 pcs,9.600
8138,Personal Care,Perawatan Gigi & Mulut,Ciptadent Pasta Gigi Herbal 190 g,14.500
8139,Personal Care,Perawatan Gigi & Mulut,Systema Pasta Gigi Menthol Breeze 190 g,11.400
8140,Personal Care,Perawatan Gigi & Mulut,Systema Sikat Gigi Nine Degree Sensitive 3 pcs,20.500
8141,Personal Care,Perawatan Gigi & Mulut,Pepsodent Pasta Gigi Pencegah Gigi Berlubang 225 g,18.900
8142,Personal Care,Perawatan Gigi & Mulut,Listerine Obat Kumur Antiseptik Natural Green Tea 500 ml,49.900
8143,Personal Care,Perawatan Gigi & Mulut,Darlie Pasta Gigi Double Action Fresh Clean 120 g,17.900
8144,Personal Care,Perawatan Gigi & Mulut,Oral-B Cross Action Sikat Gigi Ultra Thin 3 pcs,52.000
8145,Personal Care,Perawatan Gigi & Mulut,Oral-B Pro Health Clinical Pro Flex Sikat Gigi 3 pcs,49.000
8146,Personal Care,Perawatan Gigi & Mulut,Darlie Pasta Gigi All Shiny White Enzyme Floral Fresh 120 g,35.000
8147,Personal Care,Perawatan Gigi & Mulut,Darlie Double Action Pasta Gigi Fresh Protect 2 in 1 160 g,35.000
8148,Personal Care,Perawatan Gigi & Mulut,Pepsodent Pencegah Gigi Berlubang Pasta Gigi Fresh Cool Mint 190 g,12.900
8149,Personal Care,Perawatan Gigi & Mulut,Sensodyne Pasta Gigi Fresh Mint 160 g,37.900
8150,Personal Care,Perawatan Gigi & Mulut,Darlie Pasta Gigi Charcoal Charcoal Clean 140 g,27.300
8151,Personal Care,Perawatan Gigi & Mulut,Darlie Pasta Gigi All Shiny White Foamy Baking Soda 140 g,27.300
8152,Personal Care,Perawatan Gigi & Mulut,Darlie Sikat Gigi Volcanic Charcoal Soft 2 pcs,35.000
8153,Personal Care,Perawatan Gigi & Mulut,Darlie Sikat Gigi Nano Charcoal Gold Soft,18.000
8154,Personal Care,Perawatan Gigi & Mulut,Darlie Sikat Gigi Spiral Clean Extra Soft,17.000
8155,Personal Care,Perawatan Gigi & Mulut,Total Care Obat Kumur Anti Bakteri Cool Mint 400 ml,19.900
8156,Personal Care,Perawatan Gigi & Mulut,Enzim Pasta Gigi Orthodontic 124 g,58.000
8157,Personal Care,Perawatan Gigi & Mulut,Zact Pasta Gigi Stain Penghilang Noda 190 g,15.900
8158,Personal Care,Perawatan Gigi & Mulut,Darlie Pasta Gigi Double Action Fresh Clean 225 g,32.000
8159,Personal Care,Perawatan Gigi & Mulut,Darlie Pasta Gigi & Perawatan Gusi Sensitivity Relief 140 g,35.000
8160,Personal Care,Perawatan Gigi & Mulut,Darlie Pasta Gigi & Perawatan Gusi Lasting Fresh 140 g,35.000
8161,Personal Care,Perawatan Gigi & Mulut,Sensodyne Pasta Gigi Fresh Mint 60 g,19.500
8162,Personal Care,Perawatan Gigi & Mulut,Ciptadent Sikat Gigi Flexi Clean Soft isi 3 pcs,7.500
8163,Personal Care,Perawatan Gigi & Mulut,Oral-B Sikat Gigi Soft & Slim Extra Soft,20.400
8164,Personal Care,Perawatan Gigi & Mulut,Systema Sikat Gigi Smart Clean 3 pcs,8.900
8165,Personal Care,Perawatan Gigi & Mulut,Oral-B Soft & Slim Sikat Gigi Sensitif 3 pcs,34.100
8166,Personal Care,Perawatan Gigi & Mulut,Colgate Optic White Purple Pasta Gigi Pemutih 100 g,38.900
8167,Personal Care,Perawatan Gigi & Mulut,Colgate Total Active Prevention Pasta Gigi Whitening 110 g,29.900
8168,Personal Care,Perawatan Gigi & Mulut,Colgate Sikat Gigi Gentle Gum Care 2 pcs,39.900
8169,Personal Care,Perawatan Gigi & Mulut,Systema Pasta Gigi Triple Advance 190 g,11.900
8170,Personal Care,Perawatan Gigi & Mulut,Sensodyne Pasta Gigi Pencegah Gigi Berlubang & Sensitif 40 g,9.500
8171,Personal Care,Perawatan Gigi & Mulut,Sensodyne Pasta Gigi Pencegah Gigi Berlubang & Sensitif 60 g,13.900
8172,Personal Care,Perawatan Gigi & Mulut,Close Up Pasta Gigi + Sikat Gigi Kemasan Travel Size,19.900
8173,Personal Care,Perawatan Gigi & Mulut,Ciptadent Fresh Maxi Cool Pasta Gigi Mint 190 g,8.900
8174,Personal Care,Perawatan Gigi & Mulut,Pepsodent Ultra White Ultimate Bright Pasta Gigi 90 g,50.500
8175,Personal Care,Perawatan Gigi & Mulut,Oral-B Cross Action Sikat Gigi Ultra Thin 1 pcs,27.900
8176,Personal Care,Perawatan Gigi & Mulut,Oral-B Gentle Clean Sensitivex Sikat Gigi Ultra Lembut 1 pcs,27.900
8177,Personal Care,Perawatan Gigi & Mulut,Closeup Pasta Gigi Menthol Fresh 160 g,23.500
8178,Personal Care,Perawatan Gigi & Mulut,Formula Pasta Gigi Strong Protector 160 g,9.900
8179,Personal Care,Perawatan Gigi & Mulut,Listerine Obat Kumur Antiseptik Sakura & Peach 250 ml,21.900
8180,Personal Care,Perawatan Gigi & Mulut,Systema Active Clean Sikat Gigi Soft 2 pcs,14.900
8181,Personal Care,Perawatan Gigi & Mulut,Listerine Obat Kumur Antiseptik Watermelon Mint 250 ml,19.900
8182,Personal Care,Perawatan Gigi & Mulut,Closeup White Now Purple Pasta Gigi Pemutih 95 g,50.500
8183,Personal Care,Perawatan Gigi & Mulut,Ciptadent Pasta Gigi Cool Mint 225 g,9.900
8184,Personal Care,Perawatan Gigi & Mulut,Closeup Precision Clean Sikat Gigi Ultra Soft Assorted 2 pcs,27.300
8185,Personal Care,Perawatan Gigi & Mulut,Closeup Pasta Gigi Menthol Fresh 65 g,9.400
8186,Personal Care,Perawatan Gigi & Mulut,Sensodyne Pasta Gigi Cool Gel 160 g,37.900
8187,Personal Care,Perawatan Gigi & Mulut,Polident Pembersih Gigi Palsu 30 Tablet,36.900
8188,Personal Care,Perawatan Gigi & Mulut,Colgate Optic White Pasta Gigi Mint Plus Mineral 100 g,45.000
8189,Personal Care,Perawatan Gigi & Mulut,Colgate Optic White O2 Pasta Gigi Aromatic Menthol 85 g,90.000
8190,Personal Care,Perawatan Gigi & Mulut,Colgate Plax Obat Kumur Freshmint Splash 750 ml,59.000
8191,Personal Care,Perawatan Gigi & Mulut,Darlie Double Action Multicare Pasta Gigi Cool Mint 180 g,29.000
8192,Personal Care,Perawatan Gigi & Mulut,Darlie Pasta & Sikat Gigi Double Action Kemasan Travel Size,29.900
8193,Personal Care,Perawatan Gigi & Mulut,Darlie Pasta & Sikat Gigi All Shiny White Charcoal Clean Kemasan Travel Size,29.900
8194,Personal Care,Perawatan Gigi & Mulut,Colgate Total Active Prevention Pasta Gigi Charcoal Deep Clean 150 g,39.000
8195,Personal Care,Perawatan Gigi & Mulut,Colgate Sikat Gigi Cushion Clean Assorted 2 pcs,75.000
8196,Personal Care,Perawatan Gigi & Mulut,Colgate Sikat Gigi Elektrik ProClinical Charcoal 1 pcs,259.500
8197,Personal Care,Perawatan Gigi & Mulut,Colgate Sikat Gigi Easy Comfort 1pcs Assorted,53.000
8198,Personal Care,Perawatan Gigi & Mulut,Colgate Plax Obat Kumur Peppermint Fresh 750 ml,59.000
8199,Personal Care,Perawatan Gigi & Mulut,Pepsodent Sensitive Expert Complete Care 100 ml,30.900
8200,Personal Care,Perawatan Gigi & Mulut,Colgate Optic White Purple Serum Booster Pemutih Gigi 40 ml,150.000
8201,Personal Care,Perawatan Gigi & Mulut,Colgate Sikat Gigi + Pasta Gigi Slimsoft Charcoal Travel Kit Assorted,33.500
8202,Personal Care,Perawatan Gigi & Mulut,Sensodyne Cavity Pasta Gigi Pencegah Gigi Berlubang & Sensitif 80 g,21.500
8203,Personal Care,Perawatan Gigi & Mulut,Closeup White Now Kaolin Pasta Gigi Pemutih 95 g,23.900
8204,Personal Care,Perawatan Gigi & Mulut,Closeup Everfresh Pasta Gigi Triple Fresh Formula Icy White 160 g,25.000
8205,Personal Care,Parfum & Cologne,Casablanca Homme Eau de Toilette Pria Aqua 100 ml,28.900
8206,Personal Care,Parfum & Cologne,Morris Lifestyle Edition Parfum Pria Metropolis 100 ml,44.500
8207,Personal Care,Parfum & Cologne,Xchange Extrait De Parfum Noir Absolute 50 ml,49.900
8208,Personal Care,Parfum & Cologne,Eskulin Eau De Parfum Twilight Amour 30 ml,31.500
8209,Personal Care,Parfum & Cologne,Romano Cologne Pria Force 100 ml,57.000
8210,Personal Care,Parfum & Cologne,Romano Eau de Toilette Parfum Saku Pria Force 18 ml,12.200
8211,Personal Care,Parfum & Cologne,Posh Men Parfum Pria Red Bullet 100 ml,30.000
8212,Personal Care,Parfum & Cologne,Casablanca Femme Body Mist Cologne Wanita Romantic 100 ml,17.900
8213,Personal Care,Parfum & Cologne,Morris Parfum Wanita Pure Romantic 100 ml,42.900
8214,Personal Care,Parfum & Cologne,Morris Parfum Pria Aquatic Black Edition 100 ml,48.900
8215,Personal Care,Parfum & Cologne,Pucelle Parfum Wanita The Stuner 50 ml,34.500
8216,Personal Care,Parfum & Cologne,Scarlett Whitening Parfum Wanita Sweet Memories 30 ml,59.900
8217,Personal Care,Parfum & Cologne,Scarlett Parfum Wanita La Foret Fairy 30 ml,59.900
8218,Personal Care,Parfum & Cologne,Gatsby Blue Parfum Pria Air Code 75 ml,37.900
8219,Personal Care,Parfum & Cologne,Gatsby Bold Parfum Pria Star Code 75 ml,37.900
8220,Personal Care,Parfum & Cologne,Scarlett Whitening Extrait Parfum Golden Elixir 30 ml,59.900
8221,Personal Care,Parfum & Cologne,Eversense Extrait De Parfum Golden Luxe 30 ml,50.500
8222,Personal Care,Parfum & Cologne,Vitalis Eau De Parfum Extra Bloom 50 ml,33.500
8223,Personal Care,Parfum & Cologne,Evangeline Extrait De Parfum Sweet Lychee 100 ml,64.900
8224,Personal Care,Parfum & Cologne,Eversense Extrait de Parfum Wanita Purple Hibiscus 30 ml,47.900
8225,Personal Care,Parfum & Cologne,Eversense Extrait de Parfum Wanita Pink Lotus 30 ml,47.900
8226,Personal Care,Parfum & Cologne,Morris Eau De Parfum Smoothie Pink 100 ml,48.500
8227,Personal Care,Parfum & Cologne,Scarlett Extrait De Parfum Sahara Mirage 30 ml,59.900
8228,Personal Care,Parfum & Cologne,Gatsby White Up Eau De Toilette Pria Sky Reflection 50 ml,35.400
8229,Personal Care,Parfum & Cologne,Gatsby White Up Eau de Toilette Pria Blanc Wood 50 ml,35.400
8230,Personal Care,Parfum & Cologne,Romano Eau De Toilette Pria Grandiose 100 ml,56.500
8231,Personal Care,Parfum & Cologne,Scarlett Whitening Parfum Wanita Dreamy 30 ml,59.900
8232,Personal Care,Parfum & Cologne,Pucelle Eau De Luxe Parfum Wanita The Sigma 50 ml,34.500
8233,Personal Care,Parfum & Cologne,Scarlett Whitening Extrait De Parfum Velvet Rouge 30 ml,59.900
8234,Personal Care,Parfum & Cologne,Posh Men Body Spray Pria Red Extreme 150 ml,20.200
8235,Personal Care,Parfum & Cologne,Evangeline Parfum Wanita White Musk 100 ml,35.500
8236,Personal Care,Parfum & Cologne,Fres & Natural BT21 Body Mist Wanita Love Yourself 100 ml,10.900
8237,Personal Care,Parfum & Cologne,Braven Code Parfum Pria Oud Wood 100 ml,40.500
8238,Personal Care,Parfum & Cologne,Braven Code Parfum Pria Cool Water 100 ml,40.500
8239,Personal Care,Parfum & Cologne,Regazza Femme Eau De Toilette Wanita Glow 50 ml,26.900
8240,Personal Care,Parfum & Cologne,Bellagio Homme Eau de Toilette Pria Rave Culture 100 ml,41.900
8241,Personal Care,Parfum & Cologne,Bellagio Homme Parfum Pria Rave Culture 50 ml,26.900
8242,Personal Care,Parfum & Cologne,Posh Men Body Spray Pria Cool Blue 150 ml,20.200
8243,Personal Care,Parfum & Cologne,Vitalis Body Scent Wanita Bizarre 120 ml,19.900
8244,Personal Care,Parfum & Cologne,Casablanca Homme Body Mist Cologne Parfum Aqua 100 ml,13.900
8245,Personal Care,Parfum & Cologne,Braven Parfum Pria Platinum 100 ml,
8246,Personal Care,Parfum & Cologne,Kahf Extrait de Parfum Pria Ambremusc 50 ml,
8247,Personal Care,Parfum & Cologne,Kahf Extrait de Parfum Pria Silverwood 50 ml,
8248,Personal Care,Parfum & Cologne,Kahf Extrait de Parfum Pria Spicestone 50 ml,
8249,Personal Care,Parfum & Cologne,Kahf Extrait de Parfum Pria Neofougere 50 ml,
8250,Personal Care,Parfum & Cologne,Kahf Extrait de Parfum Pria Leatherfield 50 ml,
8251,Personal Care,Parfum & Cologne,Kahf Extrait de Parfum Pria Santalscape 50 ml,
8252,Personal Care,Parfum & Cologne,Kahf Extrait de Parfum Pria Aquaterrae 50 ml,
8253,Personal Care,Parfum & Cologne,Sniff & Co Extrait de Parfum Petal Party 30 ml,
8254,Personal Care,Parfum & Cologne,Posh Eau de Parfum Wanita New Romance 100 ml,
8255,Personal Care,Parfum & Cologne,Sniff & Co Extrait de Parfum Cloud 9 30 ml,
8256,Personal Care,Parfum & Cologne,NCO by Hanasui Eau de Parfum Tha Le Ra 100 ml,
8257,Personal Care,Parfum & Cologne,Scarlett Parfum Wanita Passionate 30 ml,62.900
8258,Personal Care,Parfum & Cologne,Scarlett Parfum Wanita Euphoria 30 ml,62.900
8259,Personal Care,Parfum & Cologne,Crusita Extrait De Parfum Scandal 50 ml,175.000
8260,Personal Care,Parfum & Cologne,Crusita Extrait De Parfum Pria Gentlemen 50 ml,162.000
8261,Personal Care,Parfum & Cologne,Crusita Extrait De Parfum Es Teh Manis 50 ml,185.000
8262,Personal Care,Parfum & Cologne,Aoera Eau de Parfum Prestige 50 ml,125.000
8263,Personal Care,Parfum & Cologne,Aoera Eau de Parfum Pretty 50 ml,149.000
8264,Personal Care,Parfum & Cologne,Aoera Eau de Parfum Royale 50 ml,125.000
8265,Personal Care,Parfum & Cologne,Regazza Femme Eau De Toilette Wanita Passionate 50 ml,26.900
8266,Personal Care,Parfum & Cologne,Casablanca Femme Eau de Toilette Wanita Pure 100 ml,24.900
8267,Personal Care,Parfum & Cologne,Marina Eau De Toilette Wanita Fresh Sparkle 150 ml,22.500
8268,Personal Care,Parfum & Cologne,Fres & Natural Hijab Refresh Body Mist Wanita Cotton Dreams 100 ml,10.900
8269,Personal Care,Parfum & Cologne,Evangeline Parfum Wanita Black Sakura 100 ml,37.500
8270,Personal Care,Parfum & Cologne,Pucelle Cologne Wanita Dainty 100 ml,37.400
8271,Personal Care,Parfum & Cologne,Posh Hijab Chic Body Spray Wanita Green Blossom 150 ml,20.200
8272,Personal Care,Parfum & Cologne,Posh Hijab Chic Body Spray Wanita Purple Wish 150 ml,20.200
8273,Personal Care,Parfum & Cologne,Morris Tropical Edition Parfum Wanita Romance 110 ml,34.700
8274,Personal Care,Parfum & Cologne,Pinkberry Parfum Wanita Wild Berry 50 ml,43.900
8275,Personal Care,Parfum & Cologne,Pinkberry Parfum Wanita Dream 50 ml,32.400
8276,Personal Care,Parfum & Cologne,Pinkberry Parfum Wanita Twinkle 50 ml,51.900
8277,Personal Care,Parfum & Cologne,Zwitsal Body Mist Dewasa 100 ml,22.000
8278,Personal Care,Parfum & Cologne,Morris Lifestyle Edition Parfum Pria Creative 100 ml,34.400
8279,Personal Care,Parfum & Cologne,Hose Parfum Pria Blue 50 ml,33.900
8280,Personal Care,Parfum & Cologne,Bellagio Homme Eau de Toilette Pria Sport Blu 100 ml,34.900
8281,Personal Care,Parfum & Cologne,Evangeline Parfum Wanita Red Sakura 100 ml,37.500
8282,Personal Care,Parfum & Cologne,Evangeline Parfum Wanita Black Musk 100 ml,37.500
8283,Personal Care,Parfum & Cologne,Fres & Natural Dessert Collection Body Mist Wanita Pink Cupcake 100 ml,10.900
8284,Personal Care,Parfum & Cologne,Bizarre Parfum Wanita Chic Haute 50 ml,37.400
8285,Personal Care,Parfum & Cologne,Napoleon Eau de Toilette Pria Nero 100 ml,62.900
8286,Personal Care,Parfum & Cologne,Casablanca Femme Eau de Toilette Wanita Romantic 100 ml,26.900
8287,Personal Care,Parfum & Cologne,Marina Body Spray Wanita Let's Talk 150 ml,20.000
8288,Personal Care,Parfum & Cologne,Pinkberry Parfum Wanita Wild Blush 50 ml,43.900
8289,Personal Care,Parfum & Cologne,Vitalis Parfum Wanita Eau de Royale Couture 50 ml,49.900
8290,Personal Care,Parfum & Cologne,Hose x One Piece Parfum Pria Grey Assorted 50 ml,43.900
8291,Personal Care,Parfum & Cologne,Evangeline Parfum Wanita Black Vanilla 100 ml,37.500
8292,Personal Care,Parfum & Cologne,Fres & Natural BT21 Body Mist Wanita Persona Blush 100 ml,10.900
8293,Personal Care,Parfum & Cologne,Morris Parfum Wanita Glam Midnight Love 100 ml,35.500
8294,Personal Care,Parfum & Cologne,Morris Parfum Pria Woody Black Edition 100 ml,39.500
8295,Personal Care,Parfum & Cologne,Regazza Femme Parfum Wanita Fascinating 50 ml,34.500
8296,Personal Care,Parfum & Cologne,Hose x One Piece Parfum Pria Black Oud Assorted 50 ml,44.200
8297,Personal Care,Parfum & Cologne,Pinkberry Parfum Wanita Wild Dream 50 ml,42.900
8298,Personal Care,Parfum & Cologne,Hose x One Piece Parfum Pria Blue Supreme Assorted 50 ml,34.900
8299,Personal Care,Parfum & Cologne,Morris Frosted Edition Parfum Wanita N-26 Rose Vanilla 100 ml,35.000
8300,Personal Care,Parfum & Cologne,Morris White Edition Parfum Pria Fresh 100 ml,40.700
8301,Personal Care,Parfum & Cologne,Evangeline Premium Parfum Wanita Baby Powder 100 ml,37.500
8302,Personal Care,Parfum & Cologne,Fres & Natural Eau de Toilette Wanita Song of Spring 100 ml,25.500
8303,Personal Care,Parfum & Cologne,Napoleon Parfum Pria Navy 65 ml,39.500
8304,Personal Care,Parfum & Cologne,Hose Parfum Pria Black 50 ml,
8305,Personal Care,Parfum & Cologne,Pinkberry Parfum Wanita Emily in Paris Espoir 50 ml,
8306,Personal Care,Parfum & Cologne,AXE Parfum Saku Pria Dark Temptation 17 ml,4.900
8307,Personal Care,Parfum & Cologne,Morris Parfum Wanita Travel Edition Paris 100 ml,29.000
8308,Personal Care,Parfum & Cologne,Kahf Eau de Toilette Pria Revered Oud 35 ml,72.000
8309,Personal Care,Parfum & Cologne,Kahf Eau de Toilette Pria Humbling Forest 35 ml,72.000
8310,Personal Care,Parfum & Cologne,Kahf Eau de Toilette Pria Invigorating Waterfall 35 ml,72.000
8311,Personal Care,Parfum & Cologne,Kahf Eau de Toilette Pria True Brotherhood 35 ml,72.000
8312,Personal Care,Parfum & Cologne,Fres & Natural BT21 Body Mist Yellow In Luv 100 ml,11.500
8313,Personal Care,Parfum & Cologne,Implora Zodiac Series Parfum Wanita Aquarius 30 ml,25.000
8314,Personal Care,Parfum & Cologne,Implora Zodiac Series Parfum Pria Aries 30 ml,25.000
8315,Personal Care,Parfum & Cologne,Implora Zodiac Series Parfum Wanita Gemini 30 ml,25.000
8316,Personal Care,Parfum & Cologne,Implora Zodiac Series Parfum Pria Leo 30 ml,25.000
8317,Personal Care,Parfum & Cologne,Implora Zodiac Series Parfum Wanita Pisces 30 ml,25.000
8318,Personal Care,Parfum & Cologne,Implora Zodiac Series Parfum Pria Taurus 30 ml,25.000
8319,Personal Care,Parfum & Cologne,Implora Zodiac Series Parfum Wanita Virgo 30 ml,25.000
8320,Personal Care,Parfum & Cologne,Implora Zodiac Series Parfum Unisex Cancer 30 ml,25.000
8321,Personal Care,Parfum & Cologne,Implora Zodiac Series Parfum Pria Capricorn 30 ml,25.000
8322,Personal Care,Parfum & Cologne,Implora Zodiac Series Parfum Wanita Libra 30 ml,25.000
8323,Personal Care,Parfum & Cologne,Implora Zodiac Series Parfum Unisex Sagitarius 30 ml,25.000
8324,Personal Care,Parfum & Cologne,Implora Zodiac Series Parfum Pria Scorpio 30 ml,25.000
8325,Personal Care,Parfum & Cologne,Eversense Extrait De Parfum Royal Allure 30 ml,42.700
8326,Personal Care,Parfum & Cologne,Posh Men Perfumed Body Spray Pria Ice Cool Aqua Frost 150 ml,19.300
8327,Personal Care,Parfum & Cologne,Hose Parfum Pria Grey Santal 50 ml,42.900
8328,Personal Care,Parfum & Cologne,Pinkberry Parfum Wanita Starry Night 50 ml,30.500
8329,Personal Care,Parfum & Cologne,Pinkberry Parfum Wanita Mermaid Tears 50 ml,30.500
8330,Personal Care,Parfum & Cologne,Pinkberry Parfum Wanita Spring Waltz 50 ml,30.900
8331,Personal Care,Parfum & Cologne,Scarlett Extrait De Parfum Tea Amor Parfum Wanita 30 ml,55.900
8332,Personal Care,Parfum & Cologne,Scarlett Extrait De Parfum Pistachio Crush Parfum Wanita 30 ml,55.900
8333,Personal Care,Parfum & Cologne,NCO by Hanasui Parfum Wanita Bloomique 100 ml,33.500
8334,Personal Care,Parfum & Cologne,NCO by Hanasui Eau De Parfum Wanita Amethyst 100 ml,33.500
8335,Personal Care,Parfum & Cologne,Eversense Celestial Shell Extrait De Parfume 30 ml,42.900
8336,Personal Care,Parfum & Cologne,Xchange Extrait De Parfum Aqua Myth 50 ml,43.400
8337,Personal Care,Parfum & Cologne,Braven Extreme Extrait De Parfum Pria Aqua 100 ml,62.900
8338,Personal Care,Parfum & Cologne,Bellagio Eau de Parfum Pria Prestige Collection Black Shadow 50 ml,31.500
8339,Personal Care,Parfum & Cologne,Bellagio Eau de Parfum Pria Prestige Collection Darker Blue 50 ml,31.500
8340,Personal Care,Parfum & Cologne,Vitalis Eau De Parfum Glam Slay 50 ml,29.900
8341,Personal Care,Parfum & Cologne,Hose Parfum Pria Coco Woud 50 ml,43.900
8342,Personal Care,Parfum & Cologne,Fres & Natural Hijab Refresh Body Mist Wanita Midnight Secret 100 ml,10.900
8343,Personal Care,Parfum & Cologne,Vitalis Men Parfum Pria Morning Run 100 ml,30.900
8344,Personal Care,Parfum & Cologne,Pucelle Cologne Wanita Lucent 100 ml,37.400
8345,Personal Care,Parfum & Cologne,Pinkberry Intense Edition Extrait De Parfum Wanita Come Back Stronger 50 ml,115.000
8346,Personal Care,Parfum & Cologne,Pinkberry Intense Edition Extrait De Parfum Wanita Lady Luck 50 ml,115.000
8347,Personal Care,Parfum & Cologne,Pinkberry Intense Edition Extrait De Parfum Unisex Memento 50 ml,115.000
8348,Personal Care,Parfum & Cologne,Pinkberry Intense Edition Extrait De Parfum Discovery Set 3 x 10 ml,69.900
8349,Personal Care,Parfum & Cologne,Morris Frosted Edition Eau de Parfume Eternal Glacier 100 ml,29.000
8350,Personal Care,Parfum & Cologne,Morris Black Edition Eau de Parfume N-33 Aromatic 100 ml,35.000
8351,Personal Care,Parfum & Cologne,Elvicto Extrait De Parfum Pria Beach Club 35 ml,99.900
8352,Personal Care,Parfum & Cologne,Elvicto Extrait De Parfum Pria Suit & Tie 35 ml,99.900
8353,Personal Care,Parfum & Cologne,Elvicto Extrait De Parfum Pria Escobar 35 ml,99.900
8354,Personal Care,Parfum & Cologne,Elvicto Extrait De Parfum Pria Xtrovert 35 ml,99.900
8355,Kebutuhan Kesehatan,Obat-Obatan,Hansaplast Plester Luka Aqua Protect Mix Ukuran 6 s,19.100
8356,Kebutuhan Kesehatan,Obat-Obatan,Mixagrip Obat Flu & Batuk Strip 4 Kaplet,4.300
8357,Kebutuhan Kesehatan,Obat-Obatan,Laserin Obat Batuk Cair 60 ml,20.500
8358,Kebutuhan Kesehatan,Obat-Obatan,FreshCare Vapobalm Balsem & Double Inhaler Sakura 10 g,16.700
8359,Kebutuhan Kesehatan,Obat-Obatan,Cap Lang Minyak Kayu Putih Plus 120 ml,66.400
8360,Kebutuhan Kesehatan,Obat-Obatan,Salonpas Plester Pereda Nyeri Patch 5 s,32.500
8361,Kebutuhan Kesehatan,Obat-Obatan,SidoMuncul Tolak Angin Flu Obat Herbal Masuk Angin Cair Sachet 5 x 15 ml,26.700
8362,Kebutuhan Kesehatan,Obat-Obatan,Cap Lang Minyak Kayu Putih Plus 30 ml,16.000
8363,Kebutuhan Kesehatan,Obat-Obatan,Kalpanax Salep Kulit Anti Jamur Pot 6 g,14.500
8364,Kebutuhan Kesehatan,Obat-Obatan,Insto Dry Eyes Obat Tetes Mata 7.5 ml,18.900
8365,Kebutuhan Kesehatan,Obat-Obatan,Diapet Obat Diare 10 Kapsul,9.900
8366,Kebutuhan Kesehatan,Obat-Obatan,Dulcolax Obat Pencahar 10 Tablet,24.300
8367,Kebutuhan Kesehatan,Obat-Obatan,Hansaplast Antiseptik Pembersih Luka Semprot 40 ml,36.500
8368,Kebutuhan Kesehatan,Obat-Obatan,"Youvit Multivitamin Gummy Anak Rasa Stroberi, Jeruk & Nanas 7 Hari 28 g",19.400
8369,Kebutuhan Kesehatan,Obat-Obatan,Polysilane Obat Maag & Kembung Mint Strip 8 Tablet Kunyah,10.500
8370,Kebutuhan Kesehatan,Obat-Obatan,Cap Lang GPU Hot Krim Pereda Nyeri Otot 120 g,25.900
8371,Kebutuhan Kesehatan,Obat-Obatan,FreshCare Press & Relax Minyak Angin Kayu Putih 10 ml,17.100
8372,Kebutuhan Kesehatan,Obat-Obatan,Hansaplast Kain Elastis Plester Luka Finger Strips 6 s,17.400
8373,Kebutuhan Kesehatan,Obat-Obatan,OBH Nellco Special Obat Batuk Cair 100 ml,33.900
8374,Kebutuhan Kesehatan,Obat-Obatan,Koolfever Plester Kompres Demam Dewasa 1 s,12.200
8375,Kebutuhan Kesehatan,Obat-Obatan,Entrostop Obat Diare 10 Tablet,10.500
8376,Kebutuhan Kesehatan,Obat-Obatan,Plossa Minyak Angin Aromaterapi Inhaler Roll On Citrus 10 ml,17.100
8377,Kebutuhan Kesehatan,Obat-Obatan,Hot In Cream Go Krim Pereda Nyeri Otot 100 g,36.900
8378,Kebutuhan Kesehatan,Obat-Obatan,Minyak Tawon 912 Obat Gosok 50 ml,30.100
8379,Kebutuhan Kesehatan,Obat-Obatan,Imboost Cough Obat Batuk Cair Rasa Mint 60 ml,29.900
8380,Kebutuhan Kesehatan,Obat-Obatan,So Fresh Minyak Angin Aromaterapi Roll On Hot 2 x 10 ml,15.200
8381,Kebutuhan Kesehatan,Obat-Obatan,Safe Care Minyak Angin Aromaterapi Roll On Forest 10 ml,22.900
8382,Kebutuhan Kesehatan,Obat-Obatan,Sakatonik ABC Curcuma Madu Vitamin Penambah Nafsu Makan Anak 24 Tablet Hisap,30.500
8383,Kebutuhan Kesehatan,Obat-Obatan,FreshCare Minyak Angin Aromaterapi Roll On Strong 15 + 5 ml,22.100
8384,Kebutuhan Kesehatan,Obat-Obatan,Komix OBH Obat Batuk Berdahak & Pilek Cair Sachet 6 x 7 ml,12.500
8385,Kebutuhan Kesehatan,Obat-Obatan,Decolgen PE Obat Flu & Sakit Kepala Strip 4 Tablet,2.800
8386,Kebutuhan Kesehatan,Obat-Obatan,Cap Lang Minyak Kayu Putih Bayi Plus Lavender 60 ml,18.900
8387,Kebutuhan Kesehatan,Obat-Obatan,Cap Lang Minyak Kayu Putih Bayi Plus Chamomile 60 ml,18.900
8388,Kebutuhan Kesehatan,Obat-Obatan,FreshCare Minyak Angin Aromaterapi Smash Double Inhaler + Roll On Sakura 8 ml,16.700
8389,Kebutuhan Kesehatan,Obat-Obatan,Safe Care Minyak Angin Aromaterapi Roll On Lavender 10 ml,17.700
8390,Kebutuhan Kesehatan,Obat-Obatan,Fitkom Multivitamin Gummy Anak Strawberry Funtasy 21 g,12.300
8391,Kebutuhan Kesehatan,Obat-Obatan,Hot in Cream Pereda Nyeri Otot Strong Tube 60 g,27.400
8392,Kebutuhan Kesehatan,Obat-Obatan,Cap Lang Minyak Kayu Putih Plus 60 ml,31.500
8393,Kebutuhan Kesehatan,Obat-Obatan,Fitkom Hi-C Multivitamin Daya tahan Tubuh Anak Anggur 21 Tablet Hisap,21.900
8394,Kebutuhan Kesehatan,Obat-Obatan,Plossa Minyak Angin Aromaterapi Inhaler Roll On Blue Mountain 10 ml,16.900
8395,Kebutuhan Kesehatan,Obat-Obatan,FreshCare Minyak Angin Kayu Putih Roll On 10 ml,16.900
8396,Kebutuhan Kesehatan,Obat-Obatan,Soffell Spray Anti Nyamuk Geranium 80 ml,
8397,Kebutuhan Kesehatan,Obat-Obatan,Bokashi Minyak Oles 35 ml,
8398,Kebutuhan Kesehatan,Obat-Obatan,Angso Duo Salep Gatal Ketepeng 6 g,
8399,Kebutuhan Kesehatan,Obat-Obatan,Cap Gajah Minyak Kayu Putih 60 ml,
8400,Kebutuhan Kesehatan,Obat-Obatan,Ammeltz Yokoyoko Obat Gosok Pereda Nyeri 48 ml,
8401,Kebutuhan Kesehatan,Obat-Obatan,Cap Ayam Minyak Kayu Putih 150 ml,
8402,Kebutuhan Kesehatan,Obat-Obatan,Bokasi Minyak Oles 12 ml,
8403,Kebutuhan Kesehatan,Obat-Obatan,Cap Dewi Tunjong Minyak Obat Herbal 8 ml,
8404,Kebutuhan Kesehatan,Obat-Obatan,Cap Ayam Minyak Kayu Putih 40 ml,
8405,Kebutuhan Kesehatan,Obat-Obatan,Sidola Minyak Kayu Putih 60 ml,
8406,Kebutuhan Kesehatan,Obat-Obatan,Sakatonik ABC Tabs Multivitamin Anak Antariksa Tutti Frutti 24 Tablet,
8407,Kebutuhan Kesehatan,Obat-Obatan,"Youvit Multivitamin Gummy Anak Rasa Stroberi, Jeruk & Nanas 30 Hari 120 g",69.000
8408,Kebutuhan Kesehatan,Obat-Obatan,"Youvit Suplemen Omega 3 Gummy Anak Peach, Jeruk & Raspberi 30 Hari 120 g",85.000
8409,Kebutuhan Kesehatan,Obat-Obatan,Hansaplast Junior Fun Plester Luka Anak Elastis Motif Karakter 100 s,41.000
8410,Kebutuhan Kesehatan,Obat-Obatan,Hansaplast Plester Luka Sensitif XL 5 Lembar,43.900
8411,Kebutuhan Kesehatan,Obat-Obatan,Hansaplast Second Skin Protection Plester Luka 6 s,67.500
8412,Kebutuhan Kesehatan,Obat-Obatan,Laxing Obat Pencahar Melancarkan Buang Air Besar 10 Kapsul,14.900
8413,Kebutuhan Kesehatan,Obat-Obatan,Hansaplast Salep Luka 20 g,49.000
8414,Kebutuhan Kesehatan,Obat-Obatan,Antangin Junior Obat Herbal Masuk Angin Cair Sachet 5 pcs,18.000
8415,Kebutuhan Kesehatan,Obat-Obatan,FreshCare Press & Relax Minyak Angin Aromaterapi Strong 10 ml,17.100
8416,Kebutuhan Kesehatan,Obat-Obatan,Safe Care Minyak Angin Aromaterapi Roll On Strong 10 ml,23.100
8417,Kebutuhan Kesehatan,Obat-Obatan,Shen Nong Si Four Season Minyak Angin Winter 12 ml,21.300
8418,Kebutuhan Kesehatan,Obat-Obatan,Hansaplast Koyo Panas Resealable 10 s,11.800
8419,Kebutuhan Kesehatan,Obat-Obatan,SidoMuncul Tolak Angin Obat Herbal Masuk Angin Cair Sachet 15 ml,6.500
8420,Kebutuhan Kesehatan,Obat-Obatan,Proris Ibuprofen Obat Penurun Demam Cair Anak Rasa Jeruk 60 ml,30.900
8421,Kebutuhan Kesehatan,Obat-Obatan,Mylanta Obat Maag Cair 50 ml,19.900
8422,Kebutuhan Kesehatan,Obat-Obatan,Bodrex Extra Obat Sakit Kepala 4 Kaplet,3.100
8423,Kebutuhan Kesehatan,Obat-Obatan,Siladex Obat Batuk Berdahak Cair 60 ml,20.300
8424,Kebutuhan Kesehatan,Obat-Obatan,Cap Lang Inhaler Pelega Hidung Tersumbat,11.000
8425,Kebutuhan Kesehatan,Obat-Obatan,Vicks Formula 44 Obat Batuk Cair 54 ml,24.000
8426,Kebutuhan Kesehatan,Obat-Obatan,SidoMuncul Tolak Angin Obat Herbal Masuk Angin Cair Anak Sachet 10 ml,4.900
8427,Kebutuhan Kesehatan,Obat-Obatan,Microlax Gel Obat Pencahar Tube 5 ml,25.900
8428,Kebutuhan Kesehatan,Obat-Obatan,Cap Lang Minyak Kayu Putih Eucalyptus Aromaterapi Original 60 ml,32.500
8429,Kebutuhan Kesehatan,Obat-Obatan,Vfresh Minyak Angin Aromaterapi Roll On Original 8 ml,15.200
8430,Kebutuhan Kesehatan,Obat-Obatan,Polysilane Suspensi Obat Maag & Kembung 100 ml,28.900
8431,Kebutuhan Kesehatan,Obat-Obatan,Vegeta Herbal Minuman Sari Serat Alami Aroma Anggur Merah 5 g,4.100
8432,Kebutuhan Kesehatan,Obat-Obatan,Vfresh Minyak Angin Aromaterapi Roll On Lavender 8 ml,15.200
8433,Kebutuhan Kesehatan,Obat-Obatan,Promag Suspensi Obat Maag & Kembung Mint Segar Sachet 10 ml,3.100
8434,Kebutuhan Kesehatan,Obat-Obatan,Antangin JRG Obat Masuk Angin Strip 4 Tablet,5.800
8435,Kebutuhan Kesehatan,Obat-Obatan,Cap Kapak Minyak Angin 28 ml,56.900
8436,Kebutuhan Kesehatan,Obat-Obatan,Vicks Formula 44 Obat Batuk Cair 100 ml,40.200
8437,Kebutuhan Kesehatan,Obat-Obatan,Panadol Obat Flu & Batuk 10 Kaplet,19.500
8438,Kebutuhan Kesehatan,Obat-Obatan,Panadol Obat Cold & Flu 10 Kaplet,19.700
8439,Kebutuhan Kesehatan,Obat-Obatan,Actifed Plus Obat Batuk & Pilek Cair 60 ml,72.600
8440,Kebutuhan Kesehatan,Obat-Obatan,Actifed Obat Batuk Berdahak Cair 60 ml,75.500
8441,Kebutuhan Kesehatan,Obat-Obatan,Counterpain Gel Pereda Nyeri Otot Cool 15 g,31.900
8442,Kebutuhan Kesehatan,Obat-Obatan,Termorex Plus Obat Batuk & Flu Anak Cair Rasa Jeruk 60 ml,23.300
8443,Kebutuhan Kesehatan,Obat-Obatan,Woods' Peppermint Antitussive Obat Batuk Cair Tidak Berdahak 60 ml,30.000
8444,Kebutuhan Kesehatan,Obat-Obatan,Woods' Peppermint Expectorant Obat Batuk Cair Berdahak 60 ml,30.000
8445,Kebutuhan Kesehatan,Obat-Obatan,Rohto Cool Obat Tetes Mata 7 ml,21.400
8446,Kebutuhan Kesehatan,Obat-Obatan,Vfresh Minyak Angin Aromaterapi Roll On Hot 8 ml,15.200
8447,Kebutuhan Kesehatan,Obat-Obatan,Procold Obat Flu dan Batuk 6 Kaplet,7.200
8448,Kebutuhan Kesehatan,Obat-Obatan,FreshCare Minyak Angin Aromaterapi Roll On Lavender 10 ml,16.900
8449,Kebutuhan Kesehatan,Obat-Obatan,Konidin OBH Obat Batuk Cair Sachet 5 x 7 ml,7.000
8450,Kebutuhan Kesehatan,Obat-Obatan,Tresno Joyo TJ Joybee Madu Multivitamin Anak Jeruk 100 ml,19.900
8451,Kebutuhan Kesehatan,Obat-Obatan,Cap Lang Minyak Kayu Putih Eucalyptus Aromaterapi Lavender 30 ml,15.900
8452,Kebutuhan Kesehatan,Obat-Obatan,SidoMuncul Tolak Angin Obat Herbal Masuk Angin Cair Bebas Gula Sachet 5 x 15 ml,28.100
8453,Kebutuhan Kesehatan,Obat-Obatan,SidoMuncul Tolak Linu Obat Herbal Pegal Linu & Nyeri Sendi Cair Sachet 15 ml,4.800
8454,Kebutuhan Kesehatan,Obat-Obatan,Tempra Forte Paracetamol Obat Penurun Demam Cair Anak Rasa Jeruk 60 ml,57.500
8455,Kebutuhan Kesehatan,Obat-Obatan,Bodrex Obat Sakit Kepala 20 Tablet,10.000
8456,Kebutuhan Kesehatan,Obat-Obatan,Konidin Obat Batuk Strip 4 Tablet,3.000
8457,Kebutuhan Kesehatan,Obat-Obatan,Paramex Obat Sakit Kepala Strip 4 Tablet,3.500
8458,Kebutuhan Kesehatan,Obat-Obatan,Mixagrip Obat Flu Strip 4 Kaplet,3.900
8459,Kebutuhan Kesehatan,Obat-Obatan,OB Combi Obat Batuk Berdahak Cair Mentol 100 ml,20.200
8460,Kebutuhan Kesehatan,Obat-Obatan,Termorex Paracetamol Obat Penurun Demam Anak Cair Rasa Jeruk 60 ml,20.500
8461,Kebutuhan Kesehatan,Obat-Obatan,Tiger Balm Balsam Pereda Nyeri Otot Merah 20 g,21.500
8462,Kebutuhan Kesehatan,Obat-Obatan,Tiger Balm Balsam Pereda Nyeri Otot Putih 20 g,21.500
8463,Kebutuhan Kesehatan,Obat-Obatan,Zam-Buk Salep Gatal & Memar 25 g,44.900
8464,Kebutuhan Kesehatan,Obat-Obatan,Salonpas Gel Patch Pereda Nyeri Dingin 2 s,17.500
8465,Kebutuhan Kesehatan,Obat-Obatan,Peditox Obat Pembasmi Kutu Rambut 50 ml,10.500
8466,Kebutuhan Kesehatan,Obat-Obatan,Hansaplast Plester Luka Elastis Mix Ukuran 20 s,14.500
8467,Kebutuhan Kesehatan,Obat-Obatan,"Youvit Suplemen Omega 3 Gummy Anak Peach, Jeruk & Raspberi 7 Hari 28 g",20.900
8468,Kebutuhan Kesehatan,Obat-Obatan,Siang Pure Oil Minyak Angin Menthol Peppermint 25 ml,83.500
8469,Kebutuhan Kesehatan,Obat-Obatan,Degirol Obat Radang Mulut & Tenggorokan 20 Tablet Hisap,29.500
8470,Kebutuhan Kesehatan,Obat-Obatan,Hansaplast Koyo Hangat Resealable 10 s,11.800
8471,Kebutuhan Kesehatan,Obat-Obatan,Shen Nong Si Four Season Minyak Angin 12 ml,24.100
8472,Kebutuhan Kesehatan,Obat-Obatan,HolistiCare Super Ester-C Vitamin C Anak 30 Tablet,45.900
8473,Kebutuhan Kesehatan,Obat-Obatan,Sumagesic Paracetamol Obat Sakit Kepala Strip 4 Tablet,3.200
8474,Kebutuhan Kesehatan,Obat-Obatan,Feminax Obat Pereda Nyeri Haid Strip 4 Tablet,3.500
8475,Kebutuhan Kesehatan,Obat-Obatan,Vicks VapoRub Obat Gosok Pereda Flu Original 10 g,10.200
8476,Kebutuhan Kesehatan,Obat-Obatan,Cabe Koyo Pereda Nyeri 10 s,19.300
8477,Kebutuhan Kesehatan,Obat-Obatan,Curcuma Plus Grow Emulsion Suplemen Kesehatan Anak Rasa Jeruk 200 ml,41.900
8478,Kebutuhan Kesehatan,Obat-Obatan,Cap Kapak Minyak Angin 10 ml,26.500
8479,Kebutuhan Kesehatan,Obat-Obatan,Hansaplast Rol Kain 1.25 cm x 5 m,20.400
8480,Kebutuhan Kesehatan,Obat-Obatan,Cap Lang GPU Minyak Urut Sereh 60 ml,24.700
8481,Kebutuhan Kesehatan,Obat-Obatan,Combantrin Obat Cacing Cair Jeruk 10 ml,24.900
8482,Kebutuhan Kesehatan,Obat-Obatan,SidoMuncul Tolak Angin Obat Herbal Masuk Angin Cair Sachet 5 x 15 ml,24.800
8483,Kebutuhan Kesehatan,Obat-Obatan,Imboost Kids Suplemen Daya Tahan Tubuh Anak Sirup 45 ml,18.600
8484,Kebutuhan Kesehatan,Obat-Obatan,Autan Lotion Anti Nyamuk Sakura Tube 50 ml,7.900
8485,Kebutuhan Kesehatan,Obat-Obatan,Kalpanax Krim Kulit Anti Jamur Tube 5 g,17.900
8486,Kebutuhan Kesehatan,Obat-Obatan,Koolfever Plester Kompres Demam Anak 1 s,10.800
8487,Kebutuhan Kesehatan,Obat-Obatan,Neo Rheumacyl Neuro Obat Pereda Nyeri 10 Tablet,11.400
8488,Kebutuhan Kesehatan,Obat-Obatan,OBH COMBI Obat Batuk Flu Menthol 100 ml,24.500
8489,Kebutuhan Kesehatan,Obat-Obatan,Bodrex Migra Obat Sakit Kepala Migrain 4 Kaplet,2.500
8490,Kebutuhan Kesehatan,Obat-Obatan,Tempra Paracetamol Obat Penurun Demam Cair Anak Rasa Anggur 30 ml,25.000
8491,Kebutuhan Kesehatan,Obat-Obatan,Antangin Junior Obat Herbal Masuk Angin Cair 1 pcs,4.200
8492,Kebutuhan Kesehatan,Obat-Obatan,Oskadon Obat Sakit Kepala Strip 4 Tablet,1.700
8493,Kebutuhan Kesehatan,Obat-Obatan,Norit Obat Diare Tube 40 Tablet,17.500
8494,Kebutuhan Kesehatan,Obat-Obatan,Vicks VapoRub Obat Gosok Pereda Flu Original 25 g,23.300
8495,Kebutuhan Kesehatan,Obat-Obatan,Vidoran Gummy Nutri Multivitamin Anak 54 g,12.900
8496,Kebutuhan Kesehatan,Obat-Obatan,Tresno Joyo TJ Joybee Madu Multivitamin Anak Original 100 ml,15.000
8497,Kebutuhan Kesehatan,Obat-Obatan,Koolfever Plester Kompres Demam Bayi 1 s,7.400
8498,Kebutuhan Kesehatan,Obat-Obatan,Hansaplast Plester Luka Kedap Air Disney Frozen Mix Ukuran 10 s,12.700
8499,Kebutuhan Kesehatan,Obat-Obatan,Tresno Joyo TJ Joybee Grow Emulsion Multivitamin Nafsu Makan Anak Jeruk 200 ml,25.700
8500,Kebutuhan Kesehatan,Obat-Obatan,Insto Regular Obat Tetes Mata 7.5 ml,15.900
8501,Kebutuhan Kesehatan,Obat-Obatan,Bejo Obat Herbal Masuk Angin Cair Jahe Merah Sachet 6 x 15 ml,15.500
8502,Kebutuhan Kesehatan,Obat-Obatan,Vicks Inhaler Keychain Pelega Hidung Tersumbat 0.5 ml,19.900
8503,Kebutuhan Kesehatan,Obat-Obatan,Salonpas Jet Spray Pereda Nyeri 60 ml,33.900
8504,Kebutuhan Kesehatan,Obat-Obatan,Hansaplast Kain Elastis Plester Luka 10 s,8.000
8505,Kebutuhan Kesehatan,Obat-Obatan,Neo Rheumacyl Hot Krim Pereda Nyeri 100 ml,19.100
8506,Kebutuhan Kesehatan,Obat-Obatan,Bodrexin Obat Penurun Demam Anak Cair Rasa Jeruk 60 ml,12.200
8507,Kebutuhan Kesehatan,Obat-Obatan,OB Combi Obat Batuk Berdahak Cair Mentol Sachet 5 x 7.5 ml,4.000
8508,Kebutuhan Kesehatan,Obat-Obatan,Vicks Formula Obat Batuk Cair Jahe Madu 56 ml,21.700
8509,Kebutuhan Kesehatan,Obat-Obatan,Soffell Lotion Anti Nyamuk Korean Summer Botol 60 g,9.900
8510,Kebutuhan Kesehatan,Obat-Obatan,Autan Lotion Anti Nyamuk Jeruk dan Lemon Tube 50 ml,13.800
8511,Kebutuhan Kesehatan,Obat-Obatan,Vicks Formula Obat Batuk Cair Jahe Madu 105 ml,33.800
8512,Kebutuhan Kesehatan,Obat-Obatan,OBH Combi Herbal Obat Batuk Berdahak 60 ml,16.900
8513,Kebutuhan Kesehatan,Obat-Obatan,Lukajel Gel Luka Antiseptik 10 g,12.200
8514,Kebutuhan Kesehatan,Obat-Obatan,Promag Herbal Obat Gangguan Lambung Cair Box Isi 6 x 15 ml,17.500
8515,Kebutuhan Kesehatan,Obat-Obatan,Autan Spray Anti Nyamuk Refresh Spritz Tube 100 ml,18.400
8516,Kebutuhan Kesehatan,Obat-Obatan,Pil Chi Kit Teck Aun Obat Herbal Sakit Perut 2.25 g,
8517,Kebutuhan Kesehatan,Obat-Obatan,Cerebrofort Marine Gummy Multivitamin Anak Anggur 20 g,
8518,Kebutuhan Kesehatan,Obat-Obatan,VEGETA SCRUBBER Minuman Sari Serat Alami Jeruk 6 x 7.1 g,18.100
8519,Kebutuhan Kesehatan,Obat-Obatan,Cap Ibu dan Anak Obat Batuk Cair 300 ml,88.000
8520,Kebutuhan Kesehatan,Obat-Obatan,Autan Lotion Anti Nyamuk Floral & Protect Tube 50 ml,11.900
8521,Kebutuhan Kesehatan,Obat-Obatan,Yunnan Baiyao Herbal Obat Pendarahan 16 Kapsul,87.900
8522,Kebutuhan Kesehatan,Obat-Obatan,Yulin Zheng Gu Shui Minyak Gosok Spray 60 ml,68.900
8523,Kebutuhan Kesehatan,Obat-Obatan,Sanjin Watermelon Frost Permen Pelega Tenggorokan Box 12 pcs,17.500
8524,Kebutuhan Kesehatan,Obat-Obatan,Sanjin Watermelon Frost Pelega Tenggorokan Semprot 3 g,32.500
8525,Kebutuhan Kesehatan,Obat-Obatan,Golden Throat Lozenges Permen Pelega Tenggorokan 12 pcs,19.500
8526,Kebutuhan Kesehatan,Obat-Obatan,Shen Nong Si Die Da Yao Jing Obat Luka Herbal 30 cc,24.900
8527,Kebutuhan Kesehatan,Obat-Obatan,Cap Lang Minyak Kayu Putih 210 ml,69.900
8528,Kebutuhan Kesehatan,Obat-Obatan,Cap Lang Minyak Kayu Putih Eucalyptus Original 120 ml,35.000
8529,Kebutuhan Kesehatan,Obat-Obatan,Rapet Wangi Obat Herbal Kewanitaan 10 Kaplet,11.900
8530,Kebutuhan Kesehatan,Obat-Obatan,MegRhythm Plester Relaksasi Good-Night Steam Patch Lavender 5 s,39.000
8531,Kebutuhan Kesehatan,Obat-Obatan,Shen Nong Si Four Season Minyak Angin Winter 20 ml,24.500
8532,Kebutuhan Kesehatan,Obat-Obatan,Shen Nong Si Four Season Minyak Angin 20 ml,26.000
8533,Kebutuhan Kesehatan,Obat-Obatan,Tianhe Zhuifeng Gao Koyo Rematik 10 pcs,37.500
8534,Kebutuhan Kesehatan,Obat-Obatan,Tianhe Gutong Tiegao Koyo Pelancar Peredaran Darah 10 pcs,59.900
8535,Kebutuhan Kesehatan,Obat-Obatan,So Fresh Minyak Angin Aromaterapi Roll On Eucalyptus 2 x 10 ml,12.500
8536,Kebutuhan Kesehatan,Obat-Obatan,Salonpas Gel Pereda Nyeri Tube 30 g,13.200
8537,Kebutuhan Kesehatan,Obat-Obatan,SidoMuncul Tolak Angin Obat Herbal Batuk Berdahak Madu Sachet 5 x 15 ml,26.900
8538,Kebutuhan Kesehatan,Obat-Obatan,SidoMuncul Esemag Obat Gangguan Lambung 10 ml,2.700
8539,Kebutuhan Kesehatan,Obat-Obatan,Dettol Plester Antiseptik Tahan Air 10 s,9.900
8540,Kebutuhan Kesehatan,Obat-Obatan,Herbakof Obat Batuk Herbal Double Action Cair 100 ml,19.000
8541,Kebutuhan Kesehatan,Obat-Obatan,So Fresh Minyak Angin Aromaterapi Citrus 2 x 10 ml,12.500
8542,Kebutuhan Kesehatan,Obat-Obatan,Hansaplast Junior Fun Plester Luka Anak Elastis Motif Karakter 10 s,7.500
8543,Kebutuhan Kesehatan,Obat-Obatan,Paramex Nyeri Otot Hot Cream Krim Pegal & Nyeri Sendi 60 g,17.900
8544,Kebutuhan Kesehatan,Obat-Obatan,Counterpain Koyo Pereda Nyeri 10 s,9.700
8545,Kebutuhan Kesehatan,Obat-Obatan,Plossa Minyak Angin Aromaterapi Dual Inhaler Roll On Sarangheo 10 ml,12.500
8546,Kebutuhan Kesehatan,Obat-Obatan,Promag Obat Maag & Kembung Mint Segar 10 Tablet Kunyah,11.200
8547,Kebutuhan Kesehatan,Obat-Obatan,Mylanta Obat Maag 10 Tablet Kunyah,10.900
8548,Kebutuhan Kesehatan,Obat-Obatan,FreshCare Minyak Angin Aromaterapi Roll On Strong 10 ml,17.000
8549,Kebutuhan Kesehatan,Obat-Obatan,Cap Lang GPU Minyak Urut Sereh 30 ml,15.000
8550,Kebutuhan Kesehatan,Obat-Obatan,Laserin Obat Batuk Cair 110 ml,36.900
8551,Kebutuhan Kesehatan,Obat-Obatan,FreshCare Minyak Angin Aromaterapi Roll On Citrus 10 ml,17.000
8552,Kebutuhan Kesehatan,Obat-Obatan,FreshCare Minyak Angin Aromaterapi Smash Double Inhaler + Roll On 8 ml,16.900
8553,Kebutuhan Kesehatan,Obat-Obatan,OB Herbal Obat Batuk Cair Sachet 15 ml,3.400
8554,Kebutuhan Kesehatan,Obat-Obatan,OB Herbal Habbatussauda Obat Batuk Cair 60 ml,21.900
8555,Kebutuhan Kesehatan,Obat-Obatan,Procold Obat Flu 6 Kaplet,5.900
8556,Kebutuhan Kesehatan,Obat-Obatan,Woods' Naturals Obat Batuk Cair Herbal 60 ml,34.700
8557,Kebutuhan Kesehatan,Obat-Obatan,Antangin JRG Obat Herbal Masuk Angin Cair Sachet 5 x 15 ml,23.800
8558,Kebutuhan Kesehatan,Obat-Obatan,Promag Herbal Obat Gangguan Lambung Cair Sachet 10 ml,3.800
8559,Kebutuhan Kesehatan,Obat-Obatan,Plossa Minyak Angin Aromaterapi Inhaler Roll On Eucalyptus 10 ml,14.900
8560,Kebutuhan Kesehatan,Obat-Obatan,Antangin Mint Obat Herbal Masuk Angin Cair Sachet 15 ml,5.600
8561,Kebutuhan Kesehatan,Obat-Obatan,Neozep Forte Obat Flu Strip 4 Tablet,3.500
8562,Kebutuhan Kesehatan,Obat-Obatan,Soffell Lotion Anti Nyamuk Kulit Jeruk 60 g,13.200
8563,Kebutuhan Kesehatan,Obat-Obatan,Komix Herbal Obat Batuk Cair Original Sachet 4 x 15 ml,12.400
8564,Kebutuhan Kesehatan,Obat-Obatan,Herbakof Obat Batuk Cair Herbal 60 ml,16.500
8565,Kebutuhan Kesehatan,Obat-Obatan,Mixagrip Herbal Greges Obat Masuk Angin Sachet 6 x 15 ml,21.700
8566,Kebutuhan Kesehatan,Obat-Obatan,ByeBye-Fever Plester Kompres Demam Bayi 1 s,10.000
8567,Kebutuhan Kesehatan,Obat-Obatan,Ambeven Obat Wasir 10 Kapsul,27.800
8568,Kebutuhan Kesehatan,Obat-Obatan,Panadol Paracetamol Obat Sakit Kepala 10 Kaplet,13.500
8569,Kebutuhan Kesehatan,Obat-Obatan,Salonpas Koyo Pereda Nyeri 20 Lembar,17.000
8570,Kebutuhan Kesehatan,Obat-Obatan,Antangin JRG Obat Herbal Masuk Angin Cair Sachet 15 ml,5.600
8571,Kebutuhan Kesehatan,Obat-Obatan,ByeBye-Fever Plester Kompres Demam Anak 1 s,13.800
8572,Kebutuhan Kesehatan,Obat-Obatan,Salonpas Hot Koyo Pereda Nyeri 10 s,8.000
8573,Kebutuhan Kesehatan,Obat-Obatan,Salonpas Koyo Pereda Nyeri 10 s,10.100
8574,Kebutuhan Kesehatan,Obat-Obatan,Cerebrofort Marine Gummy Multivitamin Anak Strawberry 20 g,12.400
8575,Kebutuhan Kesehatan,Obat-Obatan,Bejo Obat Herbal Masuk Angin Cair Jahe Merah Sachet 15 ml,3.900
8576,Kebutuhan Kesehatan,Obat-Obatan,ByeBye-Fever Plester Kompres Demam Dewasa 1 s,15.200
8577,Kebutuhan Kesehatan,Obat-Obatan,Soffell Lotion Anti Nyamuk Geranium 60 g,13.100
8578,Kebutuhan Kesehatan,Obat-Obatan,Salonpas Extra Hot Koyo Pereda Nyeri 10 s,9.900
8579,Kebutuhan Kesehatan,Obat-Obatan,Panadol Extra Obat Sakit Kepala 10 Kaplet,15.000
8580,Kebutuhan Kesehatan,Obat-Obatan,Antangin Habbatussauda Obat Herbal Masuk Angin Cair Sachet 5 x 15 ml,18.900
8581,Kebutuhan Kesehatan,Obat-Obatan,OB Herbal Obat Batuk Cair 60 ml,22.500
8582,Kebutuhan Kesehatan,Obat-Obatan,Caladine Lotion Obat Anti Gatal 60 ml,22.800
8583,Kebutuhan Kesehatan,Obat-Obatan,Komix Herbal Obat Batuk Cair Original Sachet 15 ml,3.200
8584,Kebutuhan Kesehatan,Obat-Obatan,Cap Lang Minyak Kayu Putih 60 ml,27.900
8585,Kebutuhan Kesehatan,Obat-Obatan,Tianhe Shexiang Zhuanggu Gao Koyo Relaksasi Otot 10 pcs,37.500
8586,Kebutuhan Kesehatan,Obat-Obatan,Salonpas Jet Spray Pereda Nyeri Otot 118 ml,61.900
8587,Kebutuhan Kesehatan,Obat-Obatan,Expert Boost Vitamin D Gummy Anak & Dewasa 600 IU 30 pcs,66.000
8588,Kebutuhan Kesehatan,Obat-Obatan,"Cool-Vita DHA Suplemen Kesehatan Anak Gummy Rasa Apel, Mangga, dan Jeruk 10 pcs",29.900
8589,Kebutuhan Kesehatan,Obat-Obatan,Antangin Good Night Sirup Herbal Suplemen Gangguan Tidur 5 x 15 ml,19.900
8590,Kebutuhan Kesehatan,Obat-Obatan,Leukoplast Elastic Plester Luka 6 s,15.900
8591,Kebutuhan Kesehatan,Obat-Obatan,Leukoplast Aqua Pro Plester Luka 6 s,19.900
8592,Kebutuhan Kesehatan,Obat-Obatan,Caladine Lotion Anti Gatal Iritasi Fresh & Calming Aloe Vera 50 ml,17.900
8593,Kebutuhan Kesehatan,Obat-Obatan,Kuldon Obat Herbal Pereda Panas Dalam & Sariawan Strip 4 Tablet,3.100
8594,Kebutuhan Kesehatan,Obat-Obatan,Antangin Good Night Suplemen Herbal Gangguan Tidur Strip 4 Tablet,6.500
8595,Kebutuhan Kesehatan,Obat-Obatan,Cap Lang Minyak Kayu Putih Eucalyptus Aromaterapi Lavender 60 ml,32.500
8596,Kebutuhan Kesehatan,Obat-Obatan,Combantrin Obat Cacing 2 Tablet,23.000
8597,Kebutuhan Kesehatan,Obat-Obatan,Hot In Cream Pereda Nyeri Otot Original 120 ml,39.400
8598,Kebutuhan Kesehatan,Obat-Obatan,OBH Combi Anak Obat Batuk & Flu Cair Strawberry 60 ml,19.200
8599,Kebutuhan Kesehatan,Obat-Obatan,Safe Care Minyak Angin Aromaterapi Roll On 10 ml,23.200
8600,Kebutuhan Kesehatan,Obat-Obatan,Cap Lang Minyak Kayu Putih 120 ml,55.600
8601,Kebutuhan Kesehatan,Obat-Obatan,FreshCare Vapobalm Balsem & Double Inhaler Matcha 10 g,16.700
8602,Kebutuhan Kesehatan,Obat-Obatan,FreshCare Minyak Angin Aromaterapi Roll On Splash Fruity 10 ml,17.700
8603,Kebutuhan Kesehatan,Obat-Obatan,88 Salep Kulit Pot 6 g,18.900
8604,Kebutuhan Kesehatan,Obat-Obatan,FreshCare Minyak Angin Aromaterapi Smash Double Inhaler + Roll On Fruity 8 ml,16.700
8605,Kebutuhan Kesehatan,Obat-Obatan,Sakatonik ABC Vitamin Anak Alfabet Strawberry 24 Tablet,25.400
8606,Kebutuhan Kesehatan,Obat-Obatan,Hot In Cream Krim Pereda Nyeri Otot Tube 60 g,27.400
8607,Kebutuhan Kesehatan,Obat-Obatan,FreshCare Minyak Angin Aromaterapi Smash Double Inhaler + Roll On Matcha 8 ml,17.000
8608,Kebutuhan Kesehatan,Obat-Obatan,Counterpain Krim Pereda Nyeri Otot 30 g,46.200
8609,Kebutuhan Kesehatan,Obat-Obatan,Antimo Obat Anti Mabuk Perjalanan Strip 10 Tablet,7.000
8610,Kebutuhan Kesehatan,Obat-Obatan,Geliga Balsem Otot 20 g,13.800
8611,Kebutuhan Kesehatan,Obat-Obatan,Cap Lang Minyak Kayu Putih Roll On 15 ml,9.900
8612,Kebutuhan Kesehatan,Obat-Obatan,Cap Lang Minyak Kayu Putih 30 ml,15.500
8613,Kebutuhan Kesehatan,Obat-Obatan,Insto Cool Obat Tetes Mata 7.5 ml,18.300
8614,Kebutuhan Kesehatan,Vitamin & Suplemen,Natur-E Active Beauty Natural Suplemen Kecantikan Vitamin E 300 IU 16 Kapsul,46.500
8615,Kebutuhan Kesehatan,Vitamin & Suplemen,Redoxon Triple Action Suplemen Daya Tahan Tubuh Effervescent Jeruk 2 Tablet,12.500
8616,Kebutuhan Kesehatan,Vitamin & Suplemen,Imboost Suplemen Daya Tahan Tubuh Effervescent Vitamin C & D3 Jeruk 2 Tablet,12.500
8617,Kebutuhan Kesehatan,Vitamin & Suplemen,Imboost Suplemen Daya Tahan Tubuh Effervescent Vitamin C & D3 Jeruk 8 Tablet,49.300
8618,Kebutuhan Kesehatan,Vitamin & Suplemen,SidoMuncul Vitamin C 1000 Minuman Suplemen Kesehatan Sweet Orange 6 x 4 g,11.500
8619,Kebutuhan Kesehatan,Vitamin & Suplemen,Imboost Bone Suplemen Kesehatan Tulang & Gigi Effervescent Jeruk 8 Tablet,49.900
8620,Kebutuhan Kesehatan,Vitamin & Suplemen,Imboost Bone Effervescent Suplemen Kesehatan Tulang & Gigi Jeruk 2 s,13.900
8621,Kebutuhan Kesehatan,Vitamin & Suplemen,SidoMuncul Vitamin C 1000 Minuman Suplemen Kesehatan Collagen 6 x 4 g,12.900
8622,Kebutuhan Kesehatan,Vitamin & Suplemen,Imboost Original Suplemen Daya Tahan Tubuh 4 Tablet,22.700
8623,Kebutuhan Kesehatan,Vitamin & Suplemen,TJ Herbal Madu Masuk Angin 140 g,29.700
8624,Kebutuhan Kesehatan,Vitamin & Suplemen,HolistiCare Super Ester-C Vitamin C Suplemen Daya Tahan Tubuh 30 Tablet,63.300
8625,Kebutuhan Kesehatan,Vitamin & Suplemen,HolistiCare Super Ester-C Vitamin C Suplemen Daya Tahan Tubuh 4 Tablet,9.100
8626,Kebutuhan Kesehatan,Vitamin & Suplemen,Sangobion Suplemen Penambah Darah 4 Kapsul,10.900
8627,Kebutuhan Kesehatan,Vitamin & Suplemen,CDR Suplemen Kalsium Kesehatan Tulang & Tubuh Jeruk Mandarin 15 Tablet,87.400
8628,Kebutuhan Kesehatan,Vitamin & Suplemen,L-Men Gainmass Whey Protein Cokelat 225 g,91.300
8629,Kebutuhan Kesehatan,Vitamin & Suplemen,Hemaviton Stamina Plus Multivitamin Suplemen Kesehatan 5 Kaplet,9.700
8630,Kebutuhan Kesehatan,Vitamin & Suplemen,Redoxon Triple Action Suplemen Daya Tahan Tubuh Effervescent Jeruk 10 Tablet,60.900
8631,Kebutuhan Kesehatan,Vitamin & Suplemen,SidoMuncul Vitamin C 1000 Minuman Suplemen Kesehatan Lemon 6 x 4 g,11.900
8632,Kebutuhan Kesehatan,Vitamin & Suplemen,Neurobion Vitamin Neurotropik Kesehatan Saraf 10 Tablet,33.200
8633,Kebutuhan Kesehatan,Vitamin & Suplemen,Pharmaton Go Suplemen Kesehatan Tubuh 6 Kaplet,19.400
8634,Kebutuhan Kesehatan,Vitamin & Suplemen,Enervon Fizz Suplemen Daya Tahan Tubuh Effervescent Vitamin C & B Complex 8 Tablet,34.500
8635,Kebutuhan Kesehatan,Vitamin & Suplemen,Welmove Suplemen Sendi 5 Kaplet,15.900
8636,Kebutuhan Kesehatan,Vitamin & Suplemen,Enervon Active Multivitamin Daya Tahan Tubuh 4 Tablet,6.300
8637,Kebutuhan Kesehatan,Vitamin & Suplemen,Neo Hormoviton Pasak Bumi Suplemen Stamina Pria 5 Kapsul,8.900
8638,Kebutuhan Kesehatan,Vitamin & Suplemen,Vicee Vitamin C Hisap Lemon 2 Tablet,2.300
8639,Kebutuhan Kesehatan,Vitamin & Suplemen,Natur-E Skin Start Natural Suplemen Kecantikan Vitamin E 100 IU 16 Kapsul,20.100
8640,Kebutuhan Kesehatan,Vitamin & Suplemen,Hemaviton Action ImunUp Multivitamin Daya Tahan Tubuh 5 Kapsul,8.000
8641,Kebutuhan Kesehatan,Vitamin & Suplemen,Cool-Vita Suplemen Kecantikan Collagen Effervescent Peach 10 Tablet,21.200
8642,Kebutuhan Kesehatan,Vitamin & Suplemen,Youvit Multivitamin Gummy Dewasa Super Berries 30 Hari Pouch 120 g,
8643,Kebutuhan Kesehatan,Vitamin & Suplemen,Youvit Collagen Suplemen Kecantikan Gummy Stroberi 7 Hari Pouch 58.8 g,
8644,Kebutuhan Kesehatan,Vitamin & Suplemen,Youvit Beauti+ Suplemen Kecantikan Gummy Super Berries 30 Hari Pouch 120 g,
8645,Kebutuhan Kesehatan,Vitamin & Suplemen,Imunped Suplemen Daya Tahan Tubuh Anak Sirup Rasa Apel 60 ml,
8646,Kebutuhan Kesehatan,Vitamin & Suplemen,Blackmores Bio C 1000 Suplemen Kesehatan 30 Tablet,
8647,Kebutuhan Kesehatan,Vitamin & Suplemen,Imboost Kids Suplemen Kesehatan Anak Extra Vit C & D3 Mixberry 21 Tablet Hisap,
8648,Kebutuhan Kesehatan,Vitamin & Suplemen,Blackmores Daily Immune C 500 Suplemen Kesehatan Daya Tahan Tubuh 30 Tablet,88.900
8649,Kebutuhan Kesehatan,Vitamin & Suplemen,Blackmores Bio D3 1000 IU Suplemen Kesehatan Tinggi Vitamin D 30 Tablet,57.500
8650,Kebutuhan Kesehatan,Vitamin & Suplemen,Blackmores Calcimag Multi Suplemen Kesehatan Tulang 30 Tablet,117.000
8651,Kebutuhan Kesehatan,Vitamin & Suplemen,HolistiCare Super Ester-C Vitamin C Suplemen Daya Tahan Tubuh 90 Tablet,139.900
8652,Kebutuhan Kesehatan,Vitamin & Suplemen,Natur-E Advanced Suplemen Kesehatan 16 Kapsul,42.500
8653,Kebutuhan Kesehatan,Vitamin & Suplemen,Blackmores Odourless Fish Oil 1000 Suplemen Kesehatan Minyak Ikan 30 Kapsul,99.900
8654,Kebutuhan Kesehatan,Vitamin & Suplemen,Blackmores Multivitamins + Minerals Suplemen Kesehatan 30 Tablet,170.000
8655,Kebutuhan Kesehatan,Vitamin & Suplemen,HolistiCare Ester C-1000 Vitamin C Suplemen Daya Tahan Tubuh 30 Tablet,139.900
8656,Kebutuhan Kesehatan,Vitamin & Suplemen,Blackmores Vitamin Ibu Hamil & Menyusui 60 Kapsul,255.500
8657,Kebutuhan Kesehatan,Vitamin & Suplemen,Imboost Extra Vitamin C & D3 Suplemen Daya Tahan Tubuh 4 Kaplet,23.900
8658,Kebutuhan Kesehatan,Vitamin & Suplemen,Interlac Probiotik Drops Suplemen Pencernaan Anak 5 ml,277.700
8659,Kebutuhan Kesehatan,Vitamin & Suplemen,Flimeal Minuman Sereal Stroberi 12 x 50 g,184.500
8660,Kebutuhan Kesehatan,Vitamin & Suplemen,Flimeal Minuman Sereal Cokelat Susu 12 x 50 g,184.500
8661,Kebutuhan Kesehatan,Vitamin & Suplemen,Flimeal Minuman Sereal Cokelat Vegan 12 x 50 g,199.200
8662,Kebutuhan Kesehatan,Vitamin & Suplemen,Flimeal Minuman Sereal Cokelat Susu Travel Pack 4 x 50 g,70.500
8663,Kebutuhan Kesehatan,Vitamin & Suplemen,LO HAN KUO Obat Panas Dalam Infusion Box 12 x 14 g,21.900
8664,Kebutuhan Kesehatan,Vitamin & Suplemen,Fufang Ejiao Jiang Suplemen Kesehatan 12 pcs,260.900
8665,Kebutuhan Kesehatan,Vitamin & Suplemen,Natur-E White Suplemen Kesehatan 16 Kapsul,44.500
8666,Kebutuhan Kesehatan,Vitamin & Suplemen,Scott's Emulsion Vita Multivitamin Anak Jeruk 400 ml,69.900
8667,Kebutuhan Kesehatan,Vitamin & Suplemen,Redoxon Triple Action Suplemen Daya Tahan Tubuh Effervescent Blackcurrant 10 Tablet,42.900
8668,Kebutuhan Kesehatan,Vitamin & Suplemen,CDR Fortos Suplemen Kalsium & Vitamin D Jeruk Mandarin 10 Tablet,49.900
8669,Kebutuhan Kesehatan,Vitamin & Suplemen,Blackmores Koalakids Suplemen Kesehatan Anak Pelindung Tubuh 60 Tablet,212.500
8670,Kebutuhan Kesehatan,Vitamin & Suplemen,Flimty Fiber Minuman Serbuk Tinggi Serat Blackcurrant Sachet 16 x 15 g,225.000
8671,Kebutuhan Kesehatan,Vitamin & Suplemen,Flimty Fiber Minuman Serbuk Tinggi Serat Raspberry Sachet 16 x 15 g,225.000
8672,Kebutuhan Kesehatan,Vitamin & Suplemen,Flimty Fiber Minuman Serbuk Tinggi Serat Blackcurrant Travel Pack 5 x 15 g,76.900
8673,Kebutuhan Kesehatan,Vitamin & Suplemen,Little Joy Supramix Gold Bubuk Ikan Pouch 22 g,27.500
8674,Kebutuhan Kesehatan,Vitamin & Suplemen,Enervon-C Multivitamin Suplemen Daya Tahan Tubuh 4 Tablet,7.800
8675,Kebutuhan Kesehatan,Vitamin & Suplemen,EJ Sport Go Extra Level Suplemen Kesehatan Pisang 2 x 50 ml,18.600
8676,Kebutuhan Kesehatan,Vitamin & Suplemen,Extra Joss Active Minuman Suplemen Kesehatan 6 x 4.2 g,10.900
8677,Kebutuhan Kesehatan,Vitamin & Suplemen,Vitacimin Vitamin C Hisap Sweetlet 2 Tablet,2.800
8678,Kebutuhan Kesehatan,Vitamin & Suplemen,Amunizer Minuman Vitamin C 1000 mg 140 ml,7.200
8679,Kebutuhan Kesehatan,Vitamin & Suplemen,Neurobion Forte Vitamin Neurotropik Kesehatan Saraf 10 Tablet,58.700
8680,Kebutuhan Kesehatan,Vitamin & Suplemen,XonCe Vitamin C Hisap Jeruk 2 Tablet,3.200
8681,Kebutuhan Kesehatan,Vitamin & Suplemen,Enervon-C Multivitamin Suplemen Daya Tahan Tubuh Botol 30 Tablet,39.900
8682,Kebutuhan Kesehatan,Vitamin & Suplemen,CDR Suplemen Kalsium Kesehatan Tulang & Tubuh Jeruk Mandarin 2 tablet,12.700
8683,Kebutuhan Kesehatan,Vitamin & Suplemen,Pasakbuwono Ceng Plus Suplemen Stamina Pria 2 kaplet,10.300
8684,Kebutuhan Kesehatan,Vitamin & Suplemen,Sakatonik Activ Permen Gummy Vitamin Anemia 6 pcs,19.900
8685,Kebutuhan Kesehatan,Vitamin & Suplemen,Fatigon Suplemen Kesehatan Multivitamin & Mineral 6 Kaplet,9.900
8686,Kebutuhan Kesehatan,Vitamin & Suplemen,CDR Suplemen Kalsium Kesehatan Tulang & Tubuh Jeruk Mandarin 10 Tablet,62.900
8687,Kebutuhan Kesehatan,Vitamin & Suplemen,Fatigon Spirit Multivitamin Stamina 6 Kaplet,8.500
8688,Kebutuhan Kesehatan,Vitamin & Suplemen,Sangobion Suplemen Penambah Darah 10 Kapsul,26.900
8689,Kebutuhan Kesehatan,Vitamin & Suplemen,Flimty Fiber Minuman Serbuk Tinggi Serat Raspberry Travel Pack 5 x 15 g,76.900
8690,Kebutuhan Kesehatan,Vitamin & Suplemen,Flimty Fiber Minuman Serbuk Tinggi Serat Mango Sachet 16 x 15 g,225.000
8691,Kebutuhan Kesehatan,Vitamin & Suplemen,Flimcol Minuman Kolagen 5000 mg Stroberi 10 x 15 g,154.900
8692,Kebutuhan Kesehatan,Vitamin & Suplemen,Cool-Vita Collagen Suplemen Kecantikan Gummy Rasa Jeruk Bali dan Lemon 10 pcs,33.900
8693,Kebutuhan Kesehatan,Vitamin & Suplemen,Konilife Bone Suplemen Kesehatan Tulang 30 pcs,115.000
8694,Kebutuhan Kesehatan,Vitamin & Suplemen,Konilife Chlorofit Suplemen Makanan Memelihara Kesehatan Tubuh 30 kapsul,115.000
8695,Kebutuhan Kesehatan,Vitamin & Suplemen,Konilife D3 4000 IU Suplemen untuk Daya Tahan Tubuh 30 kapsul,95.000
8696,Kebutuhan Kesehatan,Vitamin & Suplemen,Konilife Imunea Suplemen Makanan untuk Daya Tahan Tubuh 30 kapsul,95.000
8697,Kebutuhan Kesehatan,Vitamin & Suplemen,Konilife Urafit Suplemen Makanan untuk Pegal Linu dan Nyeri Sendi 30 kapsul,95.000
8698,Kebutuhan Kesehatan,Vitamin & Suplemen,Konilife Visionpro Suplemen Kesehatan Mata 30 kapsul,195.000
8699,Kebutuhan Kesehatan,Vitamin & Suplemen,Fortiboost Immuno Force Sirup Suplemen Kesehatan Tubuh 60 ml,30.000
8700,Kebutuhan Kesehatan,Vitamin & Suplemen,Fortiboost Suplemen Kesehatan D3 1000 IU 30 Tablet,75.900
8701,Kebutuhan Kesehatan,Vitamin & Suplemen,Imboost Extra Vitamin C & D3 Suplemen Daya Tahan Tubuh 30 Kaplet,125.000
8702,Kebutuhan Kesehatan,Vitamin & Suplemen,Hemaviton FitOmega 3 Suplemen Kesehatan Minyak Ikan 30 Kapsul Lunak,47.900
8703,Kebutuhan Kesehatan,Vitamin & Suplemen,Sakatonik Activ Permen Gummy Vitamin Anemia Box 6 x 6 pcs,79.900
8704,Kebutuhan Kesehatan,Alat Kesehatan,Q-Life Menstrual Care Plester Hangat Pereda Nyeri Haid 1 pcs,16.900
8705,Kebutuhan Kesehatan,Alat Kesehatan,Disney Masker Kain Dewasa Wanita,9.900
8706,Kebutuhan Kesehatan,Alat Kesehatan,Alfamart Masker Dewasa 3 Ply Earloop 20 s,13.500
8707,Kebutuhan Kesehatan,Alat Kesehatan,Magic Power Spray Antiseptik Pria 15 ml,24.900
8708,Kebutuhan Kesehatan,Alat Kesehatan,Durex Invisible Kondom Extra Tipis 2 pcs,57.900
8709,Kebutuhan Kesehatan,Alat Kesehatan,Magic Power Tisu Antiseptik 6 s,16.900
8710,Kebutuhan Kesehatan,Alat Kesehatan,Vivo 0.03 Kondom Premium Ekstra Tipis 3 pcs,31.900
8711,Kebutuhan Kesehatan,Alat Kesehatan,Disney Masker Kain Anak Assorted,9.900
8712,Kebutuhan Kesehatan,Alat Kesehatan,Scorlines Masker Kain Non Medis Hijab Head Loop 3 ply,7.900
8713,Kebutuhan Kesehatan,Alat Kesehatan,Sure Tez Strip Uji Kehamilan,25.900
8714,Kebutuhan Kesehatan,Alat Kesehatan,Disney Masker Kain Headloop Assorted,9.900
8715,Kebutuhan Kesehatan,Alat Kesehatan,Lovers Tisu Antiseptik Pria 6 s,17.300
8716,Kebutuhan Kesehatan,Alat Kesehatan,Sutra Kondom Impor Bergerigi 12 pcs,45.900
8717,Kebutuhan Kesehatan,Alat Kesehatan,Alfamart Masker Dewasa Duckbill Premium 3D 20 s,34.900
8718,Kebutuhan Kesehatan,Alat Kesehatan,Alfamart Masker Kain Dewasa Wanita Assorted,14.900
8719,Kebutuhan Kesehatan,Alat Kesehatan,Sutra 003 Kondom Impor Super Tipis 2 pcs,19.500
8720,Kebutuhan Kesehatan,Alat Kesehatan,Magic Power Tisu Antiseptik Ice Blast 6 Sachet,16.500
8721,Kebutuhan Kesehatan,Alat Kesehatan,Durex Love Jeans Kondom Extra Pelumas 3 pcs,15.800
8722,Kebutuhan Kesehatan,Alat Kesehatan,Sutra Kondom Impor Bergerigi 3 pcs,16.900
8723,Kebutuhan Kesehatan,Alat Kesehatan,Sutra Gel Pelumas 50 ml,28.500
8724,Kebutuhan Kesehatan,Alat Kesehatan,Durex Play Pelumas Sweet Strawberry 50 ml,91.200
8725,Kebutuhan Kesehatan,Alat Kesehatan,Sutra Kondom Impor Cinta 3 pcs,11.500
8726,Kebutuhan Kesehatan,Alat Kesehatan,Akurat Strip Uji Kehamilan,17.300
8727,Kebutuhan Kesehatan,Alat Kesehatan,Sutra OK Kondom Impor 3 pcs,15.300
8728,Kebutuhan Kesehatan,Alat Kesehatan,Durex Performa Kondom Tahan Lama 3 pcs,43.900
8729,Kebutuhan Kesehatan,Alat Kesehatan,Sutra OK Kondom Impor 12 pcs,48.900
8730,Kebutuhan Kesehatan,Alat Kesehatan,Sensitif Strip Uji Kehamilan Pribadi,34.900
8731,Kebutuhan Kesehatan,Alat Kesehatan,Fiesta Kondom Impor Strawberry 3 pcs,22.900
8732,Kebutuhan Kesehatan,Alat Kesehatan,Vigel Gel Pelumas 60 g,37.500
8733,Kebutuhan Kesehatan,Alat Kesehatan,Fiesta Kondom Impor Sangat Tipis 3 pcs,24.100
8734,Kebutuhan Kesehatan,Alat Kesehatan,Okamoto 0.03 Kondom Real Fit 2 pcs,30.000
8735,Kebutuhan Kesehatan,Alat Kesehatan,Sutra Kondom Impor Klasik 12 pcs,29.900
8736,Kebutuhan Kesehatan,Alat Kesehatan,Durex Extra Safe Kondom Tebal 3 pcs,30.900
8737,Kebutuhan Kesehatan,Alat Kesehatan,Durex Play Pelumas Bahan Dasar Air 50 ml,69.900
8738,Kebutuhan Kesehatan,Alat Kesehatan,Alfamart Timbangan Badan Digital Disney Frozen,
8739,Kebutuhan Kesehatan,Alat Kesehatan,Alfamart Timbangan Badan Digital Disney Toy Story,
8740,Kebutuhan Kesehatan,Alat Kesehatan,Alfamart BT21 Masker Dewasa 3D 4 Ply - Isi 5 pcs,
8741,Kebutuhan Kesehatan,Alat Kesehatan,Durex Play Massage 2 in 1 Pelumas Aloe Vera 200 ml,
8742,Kebutuhan Kesehatan,Alat Kesehatan,Alfamart BT21 Masker Dewasa KN95 5D 5 Ply - Isi 5 pcs,
8743,Kebutuhan Kesehatan,Alat Kesehatan,Alfamart BT21 Masker Anak 3D 4 Ply - Isi 5 pcs,
8744,Kebutuhan Kesehatan,Alat Kesehatan,Alfamart BT21 Masker Anak 5D 5 Ply - Isi 5 pcs,
8745,Kebutuhan Kesehatan,Alat Kesehatan,Alfamart BT21 Masker Dewasa KF94 4 Ply - Isi 4 pcs Varian 2,
8746,Kebutuhan Kesehatan,Alat Kesehatan,Alfamart BT21 Masker Anak KF94 4D 4 Ply - Isi 4 pcs Pattern 2,
8747,Kebutuhan Kesehatan,Alat Kesehatan,Alfamart BT21 Masker Anak KF94 4D 4 Ply - Isi 4 pcs Pattern 1,
8748,Kebutuhan Kesehatan,Alat Kesehatan,Alfamart BT21 Masker Dewasa KF94 4 Ply - Isi 4 pcs Varian 1,
8749,Kebutuhan Kesehatan,Alat Kesehatan,Vivo Vibe Naughty Devil Ring Getar & Kondom Latex,109.900
8750,Kebutuhan Kesehatan,Alat Kesehatan,Alfamart Masker Dewasa Medis Earloop 3 Ply 5 pcs,7.900
8751,Kebutuhan Kesehatan,Alat Kesehatan,Scorlines Masker Kain Non Medis Ear Loop 3 ply,7.900
8752,Kebutuhan Kesehatan,Alat Kesehatan,Disney Marvel Masker Kain Anak,14.900
8753,Kebutuhan Kesehatan,Alat Kesehatan,Marvel Masker Kain Dewasa Pria 1 pcs,14.900
8754,Kebutuhan Kesehatan,Alat Kesehatan,Pokana Masker Dewasa KN95 Color Series Earloop 2 pcs,25.000
8755,Kebutuhan Kesehatan,Alat Kesehatan,Thankful Masker Dewasa Earloop 4 Ply 30 pcs,53.500
8756,Kebutuhan Kesehatan,Alat Kesehatan,Alfamart Masker Kain Anak Assorted,14.900
8757,Kebutuhan Kesehatan,Alat Kesehatan,Vivo Vibe Little Bunny Ring Getar & Kondom Latex,109.900
8758,Kebutuhan Kesehatan,Alat Kesehatan,Diapro Value Perlak Sekali Pakai Segala Usia 10 pcs,35.900
8759,Kebutuhan Kesehatan,Alat Kesehatan,Vivo 0.01 Kondom Ekstra Tipis Non Latex 2 pcs,49.900
8760,Kebutuhan Kesehatan,Alat Kesehatan,Vivo 0.03 Kondom Premium Ekstra Tipis 12 pcs,89.000
8761,Kebutuhan Kesehatan,Alat Kesehatan,Vivo Classic Thin Kondom Premium 12 pcs,45.000
8762,Kebutuhan Kesehatan,Alat Kesehatan,Vivo Ultra Thin Kondom Premium 12 pcs,53.900
8763,Kebutuhan Kesehatan,Alat Kesehatan,Vivo Pelumas Stroberi 60 g,65.000
8764,Kebutuhan Kesehatan,Alat Kesehatan,Fiesta Kondom Impor Max Dotted 3 pcs,14.900
8765,Kebutuhan Kesehatan,Alat Kesehatan,Pokana Masker Medis Earloop 5 pcs,8.700
8766,Kebutuhan Kesehatan,Alat Kesehatan,Nexcare 3M Masker Dewasa 3 Ply 3 pcs,8.900
8767,Kebutuhan Kesehatan,Alat Kesehatan,Thankful Masker Dewasa Earloop 4 Ply 5 pcs,7.700
8768,Kebutuhan Kesehatan,Alat Kesehatan,Thankful Masker Dewasa Headloop 4 Ply 5 pcs,8.700
8769,Kebutuhan Kesehatan,Alat Kesehatan,Sensi Masker Dewasa Duckbill 3 Ply 6 pcs,17.000
8770,Kebutuhan Kesehatan,Alat Kesehatan,Pokana Masker Dewasa Medis 3 Ply Black & Grey 5 s,11.000
8771,Kebutuhan Kesehatan,Alat Kesehatan,Thankful Masker Dewasa Warna 3D 3 s,8.500
8772,Kebutuhan Kesehatan,Alat Kesehatan,Alfamart Masker Dewasa KN95 5 ply Duckbill Premium 4 s,12.900
8773,Kebutuhan Kesehatan,Alat Kesehatan,Sensi Masker Anak Duckbill 3 Ply 5 s,19.000
8774,Kebutuhan Kesehatan,Alat Kesehatan,Softies Masker Medis Duckshape 3 Ply 5 s,10.900
8775,Kebutuhan Kesehatan,Alat Kesehatan,Skrineer Masker Dewasa Duckbill White 4 Ply 5 + 2 pcs,17.900
8776,Kebutuhan Kesehatan,Alat Kesehatan,Sensi Masker Dewasa Duckbill XL 6 s,17.000
8777,Kebutuhan Kesehatan,Alat Kesehatan,Anytime Masker Dewasa 3D Duckbill 4 Ply Earloop 7 pcs,14.500
8778,Kebutuhan Kesehatan,Alat Kesehatan,Durex Love Jeans Kondom Extra Pelumas 12 pcs,39.900
8779,Kebutuhan Kesehatan,Alat Kesehatan,Skrineer Masker Hijab Duckbill 4 Ply Headloop 5 + 2 pcs Assorted,20.900
8780,Kebutuhan Kesehatan,Alat Kesehatan,Oto Underpad Perlak Sekali Pakai 10 pcs,34.900
8781,Kebutuhan Kesehatan,Alat Kesehatan,Okamoto Kondom Platinum 003 2 pcs,42.000
8782,Kebutuhan Kesehatan,Alat Kesehatan,Andalan Strip Uji Kehamilan,7.000
8783,Kebutuhan Kesehatan,Alat Kesehatan,Alfamart TinyTAN Masker Dewasa 3D Duckbill + 8 Air Patch,12.900
8784,Kebutuhan Kesehatan,Alat Kesehatan,Alfamart TinyTAN Masker Dewasa 4D KF98 + 8 Air Patch,12.900
8785,Kebutuhan Kesehatan,Alat Kesehatan,Alfamart TinyTAN Masker Dewasa 5D KN95 + 8 Air Patch,12.900
8786,Kebutuhan Kesehatan,Alat Kesehatan,Skrineer Masker Dewasa Multi Fungsi Earloop 5 pcs,6.900
8787,Kebutuhan Kesehatan,Alat Kesehatan,Sutra Kondom Impor Klasik 3 pcs,11.500
8788,Kebutuhan Kesehatan,Alat Kesehatan,Sensi Masker Dewasa Earloop 4 Ply 2 pcs,
8789,Kebutuhan Kesehatan,Alat Kesehatan,Durex Intense Vibe Ring Cincin Getar Alat Bantu Seksual 1 pcs,
8790,Kebutuhan Kesehatan,Alat Kesehatan,Durex Extra Safe Kondom Tebal 12 pcs,85.000
8791,Kebutuhan Kesehatan,Alat Kesehatan,Durex Performa Kondom Tahan Lama 6 pcs,55.000
8792,Kebutuhan Kesehatan,Alat Kesehatan,Alfamart Premium Masker Dewasa 3D 3 Ply Earloop 5 pcs,12.500
8793,Kebutuhan Kesehatan,Alat Kesehatan,Alfamart Masker Dewasa 4D Duckbill Premium 4 s,14.000
8794,Kebutuhan Kesehatan,Alat Kesehatan,SOS Masker Dewasa Earloop 3 Ply 50 s,32.900
8795,Kebutuhan Kesehatan,Alat Kesehatan,Alfamart Masker Anak We Bare Bears 3 s,7.700
8796,Kebutuhan Kesehatan,Alat Kesehatan,Alfamart Masker Dewasa 3D Duckbill Hitam Premium 5 pcs,12.800
8797,Kebutuhan Kesehatan,Alat Kesehatan,Alfamart Justice League Masker Anak 3D Duckbill 5 pcs,12.400
8798,Kebutuhan Kesehatan,Alat Kesehatan,Alfamart Justice League Masker Anak KF94 4D 4 Ply 5 pcs,14.100
8799,Kebutuhan Kesehatan,Alat Kesehatan,Alfamart Justice League Patch Aromaterapi 12 s,8.900
8800,Kebutuhan Kesehatan,Alat Kesehatan,Durex Fetherlite Kondom Extra Tipis Aman 12 pcs,85.000
8801,Kebutuhan Kesehatan,Produk Higienis,Instance Pembersih Tangan Spray 100 ml,13.900
8802,Kebutuhan Kesehatan,Produk Higienis,Antis Double Action Pembersih Tangan Spray Jeruk Nipis 55 ml,15.600
8803,Kebutuhan Kesehatan,Produk Higienis,Dettol Cairan Antiseptik Botol 245 ml,78.400
8804,Kebutuhan Kesehatan,Produk Higienis,Ika Alkohol 70% 100 ml,24.300
8805,Kebutuhan Kesehatan,Produk Higienis,Betadine Obat Luka Antiseptik 30 ml,31.800
8806,Kebutuhan Kesehatan,Produk Higienis,Dettol Cairan Antiseptik Botol 95 ml,30.000
8807,Kebutuhan Kesehatan,Produk Higienis,Antis Pembersih Tangan Spray Jasmine Tea 55 ml,14.900
8808,Kebutuhan Kesehatan,Produk Higienis,Alfamart Disinfektan Fresh Lemon Spray 225 ml,
8809,Kebutuhan Kesehatan,Produk Higienis,Alfamart Pembersih Tangan Alcohol Free 100 ml,
8810,Kebutuhan Kesehatan,Produk Higienis,Betadine Sabun Cair Antiseptik 100 ml,31.000
8811,Kebutuhan Kesehatan,Produk Higienis,Betadine Ointment Obat Salep Luka Antiseptik 5 g,9.900
8812,Kebutuhan Kesehatan,Produk Higienis,Nuvo Pembersih Tangan Fresh Blossom 85 ml,4.300
8813,Kebutuhan Kesehatan,Produk Higienis,Dettol Cairan Antiseptik Botol 750 ml,149.900
8814,Kebutuhan Kesehatan,Produk Higienis,Betadine Bening Antiseptik Luka Semprot 30 ml,20.000
8815,Lifestyle,Mainan & Hiburan,Emco Me & My Charmz Mainan DIY Gelang & Kalung Anak,39.900
8816,Lifestyle,Mainan & Hiburan,Cat Little Machines Mainan Mobil Anak Assorted,32.900
8817,Lifestyle,Mainan & Hiburan,Spongebob Squarepants Buddies Mainan Collectible Figurines Assorted,29.900
8818,Lifestyle,Mainan & Hiburan,Apolo Action Figure Mini Ultraman Assorted,49.900
8819,Lifestyle,Mainan & Hiburan,Emco Tornado Tops Mainan Gasing Anak Launcher dan Top,69.900
8820,Lifestyle,Mainan & Hiburan,VR Toys Letter Bandz Aksesoris Mainan DIY Gelang Anak,34.900
8821,Lifestyle,Mainan & Hiburan,Emco Pop A Toy Egg Mainan Anak Surprise Assorted,14.900
8822,Lifestyle,Mainan & Hiburan,Blokees Wheels Mainan Transformers C01 Roll Out Assorted,37.900
8823,Lifestyle,Mainan & Hiburan,Apolo Huggiez Gelang Mainan Anak Bentuk Hewan Assorted,49.900
8824,Lifestyle,Mainan & Hiburan,Deno Max Pistol Peluru Busa Mainan Anak,
8825,Lifestyle,Mainan & Hiburan,Deno Crazy Dino Egg Boom Mainan Anak,
8826,Lifestyle,Mainan & Hiburan,Deno Crazy Dino Lava Slime Squishy Mainan Anak,
8827,Lifestyle,Mainan & Hiburan,Disney Boneka Mainan Anak Assorted,
8828,Lifestyle,Mainan & Hiburan,Disney Boneka Chibi Mainan Anak 7 inch Assorted,
8829,Lifestyle,Mainan & Hiburan,Disney Boneka Mainan Anak Mickey Mouse,
8830,Lifestyle,Mainan & Hiburan,Disney Sand Art Mainan Anak Assorted,
8831,Lifestyle,Mainan & Hiburan,Emco Crash Ems Wave Marvel Avengers Mainan Mobil Anak Assorted,
8832,Lifestyle,Mainan & Hiburan,Majorette Street Cars Mainan Mobil Anak Assorted,
8833,Lifestyle,Mainan & Hiburan,Majorette Premium Cars Mainan Mobil Anak Assorted,
8834,Lifestyle,Mainan & Hiburan,Exso Kartu Remi,
8835,Lifestyle,Mainan & Hiburan,Blokees Mainan Action Figures Marvel Galaxy Version 02 - Blind Box,
8836,Lifestyle,Mainan & Hiburan,TinyTan Cool Name Tempat Minum V 500 ml,
8837,Lifestyle,Mainan & Hiburan,TinyTan Cool Name Tempat Minum Jin 500 ml,
8838,Lifestyle,Mainan & Hiburan,TinyTan Cool Name Tempat Minum Jimin 500 ml,
8839,Lifestyle,Mainan & Hiburan,TinyTan Cool Name Tempat Minum Suga 500 ml,
8840,Lifestyle,Mainan & Hiburan,TinyTan Cool Name Tempat Minum RM 500 ml,
8841,Lifestyle,Mainan & Hiburan,TinyTan Cool Name Tempat Minum J-Hope 500 ml,
8842,Lifestyle,Mainan & Hiburan,TinyTan Cool Name Tempat Minum Jungkook 500 ml,
8843,Lifestyle,Mainan & Hiburan,Antam Emas Edisi Thank You 0.1 g,
8844,Lifestyle,Mainan & Hiburan,Antam Emas Edisi Happy Wedding 0.1 g,
8845,Lifestyle,Mainan & Hiburan,Alfamart Disney Princess Stiker Kuku Mainan Anak D125,
8846,Lifestyle,Mainan & Hiburan,Alfamart Disney Lilo & Stitch Balon Tiup Mainan Anak Assorted,
8847,Lifestyle,Mainan & Hiburan,Barbie / Capybara Stiker Mainan Anak Assorted,
8848,Lifestyle,Mainan & Hiburan,Alfamart Spider-Man Yoyo Mainan Anak Assorted,
8849,Lifestyle,Mainan & Hiburan,Diamond 888 Flowers Kartu Permainan Domino Assorted,
8850,Lifestyle,Mainan & Hiburan,Alfamart Disney Toy Story Puzzle Mainan Anak,
8851,Lifestyle,Mainan & Hiburan,Sanrio Squishy Jelly Assorted,
8852,Lifestyle,Mainan & Hiburan,Disney Gantungan Kunci Assorted,
8853,Lifestyle,Mainan & Hiburan,Hot Wheels Compact King Series Mainan Mobil Assorted,
8854,Lifestyle,Mainan & Hiburan,Alfamart Sanrio Puzzle Mainan Anak Assorted,
8855,Lifestyle,Mainan & Hiburan,Alfamart Spider-Man Rubik Mainan Anak D125,
8856,Lifestyle,Mainan & Hiburan,Sanrio DIY Beads Diamond Painting Mainan Anak A224,
8857,Lifestyle,Mainan & Hiburan,Sanrio Slime Mainan Anak A224 Assorted 1 pcs,
8858,Lifestyle,Mainan & Hiburan,Alfamart Disney Squishy Jelly Mainan Anak Assorted D125,
8859,Lifestyle,Mainan & Hiburan,Alfamart Sanrio DIY Color Painting Mainan Anak Assorted,
8860,Lifestyle,Mainan & Hiburan,Alfamart Disney Lilo & Stitch DIY Color Painting Mainan Anak Assorted,
8861,Lifestyle,Mainan & Hiburan,Hot Wheels Exclusive International Rally Mainan Mobil Anak Assorted,
8862,Lifestyle,Mainan & Hiburan,Indonesia Juara Figure Assorted,
8863,Lifestyle,Mainan & Hiburan,VR Pop Stamp Stempel Mainan Anak Seri Hewan Assorted,
8864,Lifestyle,Mainan & Hiburan,Sanrio Bubble Mainan Anak Gelembung Tiup A224 Assorted 1 pcs,
8865,Lifestyle,Mainan & Hiburan,Toy Source Colorful Bubble Mainan Anak Gelembung Tiup Assorted,
8866,Lifestyle,Mainan & Hiburan,Toy Source Capybara Bakery Yummy Happy Boneka Assorted,
8867,Lifestyle,Mainan & Hiburan,Toy Source Bubble Game Stik Mainan Gelembung Tiup Assorted,
8868,Lifestyle,Mainan & Hiburan,Toy Source Chick Party Boneka Bentuk Ayam Assorted,
8869,Lifestyle,Mainan & Hiburan,Toy Source Frugish Boneka Buah dan Sayur Keychain Assorted,39.900
8870,Lifestyle,Mainan & Hiburan,Hot Wheels Silver Series Porsche 935 Mainan Mobil Chinese New Year 2026,59.900
8871,Lifestyle,Mainan & Hiburan,UNO Flip Kartu Permainan,90.900
8872,Lifestyle,Mainan & Hiburan,UNO All Wild Kartu Permainan,90.900
8873,Lifestyle,Mainan & Hiburan,UNO No Mercy Kartu Permainan,126.900
8874,Lifestyle,Mainan & Hiburan,Minecraft Flippin Figs 2 in 1 Mainan Anak Assorted,165.000
8875,Lifestyle,Mainan & Hiburan,My Little Pony Puzzle 2 in 1 Mainan Anak Assorted,18.500
8876,Lifestyle,Mainan & Hiburan,Unicorn Mainan Kosmetik Anak Set,34.900
8877,Lifestyle,Mainan & Hiburan,Emco Slime Time Mainan Anak,24.900
8878,Lifestyle,Mainan & Hiburan,UNO Express Seri Indonesia Kartu Permainan Assorted,24.900
8879,Lifestyle,Mainan & Hiburan,Monster Jam Mainan Mobil Anak Assorted,34.900
8880,Lifestyle,Mainan & Hiburan,Matchbox Premium Mainan Mobil Anak Assorted,59.900
8881,Lifestyle,Mainan & Hiburan,Emco Lil Chefz Fun with Food Mainan Buah / Sayur Anak,49.900
8882,Lifestyle,Mainan & Hiburan,Rhino Unicorn Water Slime Mainan Anak Assorted,35.500
8883,Lifestyle,Mainan & Hiburan,Tech Deck Mainan Skateboard Jari Assorted,59.900
8884,Lifestyle,Mainan & Hiburan,Matchbox Skybusters Mainan Pesawat Anak Assorted,64.900
8885,Lifestyle,Mainan & Hiburan,Matchbox Special Themed Mainan Mobil Anak Assorted,35.900
8886,Lifestyle,Mainan & Hiburan,Rhino Wiggly Jelly Mainan Anak,39.000
8887,Lifestyle,Mainan & Hiburan,Deno Slime Pupoo Mainan Anak Assorted,27.900
8888,Lifestyle,Mainan & Hiburan,Rhino Catch The Monster Mainan Anak Assorted,39.000
8889,Lifestyle,Mainan & Hiburan,D-No Balon Air Boom Jumbo Mainan Anak 72 pcs,24.900
8890,Lifestyle,Mainan & Hiburan,Rhino Shimmer Shacker Mainan Anak Assorted,39.900
8891,Lifestyle,Mainan & Hiburan,Rhino Stiker Doodle DIY Mainan Anak Assorted,39.900
8892,Lifestyle,Mainan & Hiburan,Hot Wheels Compact Case Tempat Penyimpanan,69.900
8893,Lifestyle,Mainan & Hiburan,Rhino Sweetlicious Squishy Mainan Anak Assorted,39.000
8894,Lifestyle,Mainan & Hiburan,Rhino Delta Bot Mainan Robot Anak Assorted,39.900
8895,Lifestyle,Mainan & Hiburan,Sanrio Stiker Embossed Mainan Anak Assorted,19.900
8896,Lifestyle,Mainan & Hiburan,Sanrio Stiker Shaker Mainan Anak Assorted,19.900
8897,Lifestyle,Mainan & Hiburan,Emco Metal-Z Racers Mainan Mobil Anak Pull Back Assorted,59.900
8898,Lifestyle,Mainan & Hiburan,Rhino Mi Gemesh Mainan Anak Assorted,39.900
8899,Lifestyle,Mainan & Hiburan,Qman Pokemon Quest Mainan Bricks Anak Assorted,32.900
8900,Lifestyle,Mainan & Hiburan,Rhino Bola Remas Anti Stres Mainan Anak Assorted,49.900
8901,Lifestyle,Mainan & Hiburan,LDCX Mainan Anak Sanrio Face Off Figures Assorted,59.900
8902,Lifestyle,Mainan & Hiburan,Sanrio DIY Mainan Anak Lukis Patung A124 Assorted,29.900
8903,Lifestyle,Mainan & Hiburan,Uno Flip Express Kartu Permainan,29.900
8904,Lifestyle,Mainan & Hiburan,Sanrio Jelly Stiker Mainan Anak Assorted,19.900
8905,Lifestyle,Mainan & Hiburan,Rhino Glimmer Bliss Balon Mainan Anak,39.900
8906,Lifestyle,Mainan & Hiburan,IQAngel Mainan Kerincingan & Gigitan Bayi Bentuk Apel,52.000
8907,Lifestyle,Mainan & Hiburan,IQAngel Mainan Kerincingan & Gigitan Bayi Bahan Silikon,76.000
8908,Lifestyle,Mainan & Hiburan,IQAngel Gripnchew Mainan Kerincingan & Gigitan Bayi,95.200
8909,Lifestyle,Mainan & Hiburan,Goodway Mainan Kerincingan & Gigitan Bayi Colorful Ring,52.000
8910,Lifestyle,Mainan & Hiburan,Goodway Mainan Kerincingan & Gigitan Bayi Bentuk Tamborin,31.200
8911,Lifestyle,Mainan & Hiburan,Beringin Toys Funny Fisher Game Mainan Anak Pancing Ikan Magnet,43.000
8912,Lifestyle,Mainan & Hiburan,Beringin Toys Early Eduaction Mainan Anak Huruf Alfabet Magnet,50.000
8913,Lifestyle,Mainan & Hiburan,Beringin Toys Puzzle Wooden Metal Box Mainan Anak,46.000
8914,Lifestyle,Mainan & Hiburan,Beringin Toys Stacking Puzzle Metal Box Mainan Anak,46.000
8915,Lifestyle,Mainan & Hiburan,Beringin Toys Puzzle 3D Cube Metal Box Mainan Anak,46.700
8916,Lifestyle,Mainan & Hiburan,Beringin Toys Puzzle Balok Construction Metal Box Mainan Anak,46.000
8917,Lifestyle,Mainan & Hiburan,Rhino Bubble Galaxy Mainan Pistol Gelembung Sabun 1 pcs Assorted,39.000
8918,Lifestyle,Mainan & Hiburan,Majorette Collectible Wheel Mainan Mobil Anak Assorted,52.500
8919,Lifestyle,Mainan & Hiburan,Disney Cars Stiker 3D Shake Me Mainan Anak,13.900
8920,Lifestyle,Mainan & Hiburan,Majorette Vintage Ford Mustang Mainan Mobil Anak Assorted,52.500
8921,Lifestyle,Mainan & Hiburan,Marvel Celengan Assorted,19.900
8922,Lifestyle,Mainan & Hiburan,Disney Celengan Assorted,19.900
8923,Lifestyle,Mainan & Hiburan,Disney Frozen II Stiker 3D Shake Me Mainan Anak,19.900
8924,Lifestyle,Mainan & Hiburan,Disney Frozen Paket Seni Mini,19.900
8925,Lifestyle,Mainan & Hiburan,Disney Frozen II Album Stiker Mainan Anak Assorted,9.700
8926,Lifestyle,Mainan & Hiburan,Disney Avenger Pop Pack Set Alat Tulis Topper Puzzle Assorted,13.500
8927,Lifestyle,Mainan & Hiburan,Disney Princess Stiker 3D Shake Me Mainan Anak,19.900
8928,Lifestyle,Mainan & Hiburan,Disney Stiker 3D Mainan Anak Frozen,9.900
8929,Lifestyle,Mainan & Hiburan,Stiker 3D Hewan Mainan Anak Assorted,9.900
8930,Lifestyle,Mainan & Hiburan,Stiker 3D Kendaraan Mainan Anak Assorted,9.900
8931,Lifestyle,Mainan & Hiburan,Magic Princess Slime Mainan Anak Assorted,34.900
8932,Lifestyle,Mainan & Hiburan,Sanrio DIY Beads Diamond Painting A124 Mainan Anak Assorted,29.900
8933,Lifestyle,Mainan & Hiburan,Sanrio Slime A124 Mainan Anak Assorted,39.900
8934,Lifestyle,Mainan & Hiburan,VR Toys Mini Pancing Mania Mainan Anak Assorted,29.900
8935,Lifestyle,Mainan & Hiburan,Blokees Mainan Action Figures Transformers Galaxy Version 01 - Blind Box,79.900
8936,Lifestyle,Mainan & Hiburan,RHINO Tarik-Tarik Mainan Anak Assorted,39.900
8937,Lifestyle,Mainan & Hiburan,Zuru Rainbocorns Eggzania Boneka Plush Baby Mania Rainbow 1 pcs Assorted,59.900
8938,Lifestyle,Mainan & Hiburan,Rhino Lightlyte DIY Mainan Anak Assorted,39.900
8939,Lifestyle,Mainan & Hiburan,Hot Wheels The Hot Ones Mainan Mobil Anak Assorted,59.900
8940,Lifestyle,Mainan & Hiburan,Barbie Fashionista Aksesoris Gelang Mainan Anak Assorted,54.900
8941,Lifestyle,Mainan & Hiburan,VR Toys Kawaii Mainan Kuku Princess Tempel Palsu Mainan Anak 12 pcs Assorted,15.900
8942,Lifestyle,Mainan & Hiburan,My Little Pony Figure Assorted,59.900
8943,Lifestyle,Mainan & Hiburan,Fuggler Funny Ugly Monster Gantungan Kunci Collectible Assorted,59.900
8944,Lifestyle,Mainan & Hiburan,Hot Wheels 25th Anniversary Series Fast & Furious Mainan Mobil Assorted,59.900
8945,Lifestyle,Mainan & Hiburan,Hot Wheels New Pearl & Chrome Mainan Mobil Assorted,59.900
8946,Lifestyle,Mainan & Hiburan,ByDesign Squish Attack Smiley Face Mainan Anak Squishy Assorted,39.900
8947,Lifestyle,Mainan & Hiburan,ByDesign Ugly Cute Pop Eyes Axolotl Mainan Anak Squishy Assorted,28.500
8948,Lifestyle,Mainan & Hiburan,ByDesign Irre Sqweezy Tube Man Mainan Anak Squishy Assorted,39.900
8949,Lifestyle,Mainan & Hiburan,Barbie Snowflakez Mainan Anak Pasir Kinetik Assorted,39.900
8950,Lifestyle,Mainan & Hiburan,Apolo Snap Toys Mainan Anak Assorted,29.900
8951,Lifestyle,Mainan & Hiburan,Super Dough Flower Maker Mainan Anak Assorted,49.900
8952,Lifestyle,Mainan & Hiburan,Apolo Majestic Sand Mainan Anak Pasir Ajaib Assorted,37.900
8953,Lifestyle,Mainan & Hiburan,Gabby's Doll House Mainan Anak Assorted,24.900
8954,Lifestyle,Mainan & Hiburan,Barbie Gantungan Kunci Jet Tag Assorted,49.900
8955,Lifestyle,Mainan & Hiburan,Hot Wheels Silver Pantone Mainan Mobil Assorted,59.900
8956,Lifestyle,Mainan & Hiburan,Alfamart Marvel Yoyo D225 Mainan Anak Assorted,29.900
8957,Lifestyle,Mainan & Hiburan,Alfamart Disney Balon Tiup Lotso Assorted,24.900
8958,Lifestyle,Mainan & Hiburan,Alfamart Disney Balon Tiup Marvel Assorted,24.900
8959,Lifestyle,Mainan & Hiburan,Alfamart Disney Slime Mix Mainan Anak D225 Assorted,34.900
8960,Lifestyle,Mainan & Hiburan,Emco Tornado Tops Mainan Gasing Anak Single Top,29.900
8961,Lifestyle,Mainan & Hiburan,VR Toys Amizing Kitchen Mainan Makanan Anak,44.900
8962,Lifestyle,Mainan & Hiburan,Rhino Plush Boneka Keychain Blind Box Assorted,29.900
8963,Lifestyle,Mainan & Hiburan,Rhino Resin Keychain Blind Box Assorted,29.900
8964,Lifestyle,Mainan & Hiburan,Duck A Looz Figure Assorted,39.900
8965,Lifestyle,Mainan & Hiburan,VR Toys Gorgeous Girl XOXO Blind Box Mainan Anak Assorted,29.900
8966,Lifestyle,Mainan & Hiburan,Hot Wheels Basic Cars Mainan Mobil Anak Assorted,35.900
8967,Lifestyle,Mainan & Hiburan,VR Toys Bear Cup Slime Mainan Anak Assorted,39.900
8968,Lifestyle,Mainan & Hiburan,Apolo MSZ Mainan Mobil Anak Pullback Assorted,70.500
8969,Lifestyle,Mainan & Hiburan,Matchbox Basic Mainan Mobil Anak Assorted,35.900
8970,Lifestyle,Mainan & Hiburan,Hot Wheels Monster Trucks Mainan Mobil Anak Assorted,99.900
8971,Lifestyle,Mainan & Hiburan,Unicorn Stiker Mainan Anak Assorted,19.900
8972,Lifestyle,Mainan & Hiburan,Fullhouse Kartu Permainan Remi,13.000
8973,Lifestyle,Mainan & Hiburan,Emco Fun With Colors Mainan Anak,49.900
8974,Lifestyle,Mainan & Hiburan,Apolo Balon Quu Mainan Anak Assorted,24.900
8975,Lifestyle,Mainan & Hiburan,Sanrio Cinnamoroll Play Set Mainan Anak Assorted,39.900
8976,Lifestyle,Mainan & Hiburan,Blokees Mainan Action Figures Transformers Defender Version 02 - Blind Box,29.900
8977,Lifestyle,Mainan & Hiburan,Sanrio Squishy Jelly A224 Mainan Anak Assorted,39.900
8978,Lifestyle,Mainan & Hiburan,Alfamart Disney Shaker Diorama Mainan Anak Assorted D125,19.900
8979,Lifestyle,Mainan & Hiburan,Apolo Meow Play Mainan Anak Assorted,21.900
8980,Lifestyle,Mainan & Hiburan,Alfamart Disney Catch The Jelly Mainan Anak Assorted D125,34.900
8981,Lifestyle,Mainan & Hiburan,VR Toys Mainan Slime Color Wheel Putty,32.900
8982,Lifestyle,Mainan & Hiburan,Sanrio Characters Kartu Koleksi Assorted,5.900
8983,Lifestyle,Mainan & Hiburan,Alfamart Puffy Buddies Boneka Keychain Assorted,149.900
8984,Lifestyle,Mainan & Hiburan,Play-Doh Mini Mainan Anak 4 pcs 224 g,34.900
8985,Lifestyle,Mainan & Hiburan,Play-Doh Mainan Anak Assorted 1 pcs,19.000
8986,Lifestyle,Mainan & Hiburan,Disney Princess Paket Seni Mini,11.900
8987,Lifestyle,Mainan & Hiburan,Disney Princess Stiker 3D Mainan Anak Assorted,9.900
8988,Lifestyle,Mainan & Hiburan,Squeeze Kitty Mainan Squishy Kucing Assorted,37.500
8989,Lifestyle,Mainan & Hiburan,UNO Get Wild Kartu Permainan,65.900
8990,Lifestyle,Mainan & Hiburan,IQAngel The Magic Single Pendulum Mainan Anak Susun Balok & Marble Run,230.000
8991,Lifestyle,Mainan & Hiburan,IQAngel Creative Mainan Susun Balok & Marble Run Anak 58 pcs,189.000
8992,Lifestyle,Mainan & Hiburan,IQAngel Mainan Mobil Truk Anak,30.000
8993,Lifestyle,Mainan & Hiburan,IQAngel Mainan Anak Bentuk Mobil Polisi,30.000
8994,Lifestyle,Mainan & Hiburan,IQAngel Animal Series Mainan Anak Bentuk Gajah Abu-abu,30.000
8995,Lifestyle,Mainan & Hiburan,Gar'da Kencana Kartu Permainan Domino,10.400
8996,Lifestyle,Mainan & Hiburan,Hot Wheels Colour Shifters Mainan Mobil Anak Assorted,49.900
8997,Lifestyle,Mainan & Hiburan,Polly Pocket Boneka Mainan Anak Assorted Kecil,29.900
8998,Lifestyle,Mainan & Hiburan,Thomas & Friends Mainan Kereta Koleksi Anak Assorted,24.900
8999,Lifestyle,Mainan & Hiburan,Mega Pokemon Ball Mainan Anak Assorted,39.900
9000,Lifestyle,Mainan & Hiburan,Hot Wheels New Pull Back Racer Mainan Mobil Anak Assorted,49.900
9001,Lifestyle,Mainan & Hiburan,Emco Hot Shots Bolt-XF Pistol Peluru Busa Mainan Anak Assorted,54.900
9002,Lifestyle,Mainan & Hiburan,Emco Pop A Toy Mainan Anak Kejutan Assorted,7.900
9003,Lifestyle,Mainan & Hiburan,Emco Nubiez Boneka Mainan Anak My Lil' Baby Assorted,27.900
9004,Lifestyle,Mainan & Hiburan,Emco Pop a Toy Mystery Box Mainan Anak,44.900
9005,Lifestyle,Mainan & Hiburan,Deno Squeeze Bola Remas Mainan Anak,19.900
9006,Lifestyle,Mainan & Hiburan,Hot Wheels Neon Speeders Mainan Mobil Anak Assorted,32.900
9007,Lifestyle,Mainan & Hiburan,Emco Pokeball Mainan Anak Assorted,64.900
9008,Lifestyle,Mainan & Hiburan,Emco Bling Bandz Aksesoris Gelang Mainan Anak,44.900
9009,Lifestyle,Mainan & Hiburan,VR Toys Toilet Trouble Mainan Anak Assorted,19.900
9010,Lifestyle,Mainan & Hiburan,Disney Minnie Set Aksesoris Rambut Anak Assorted,
9011,Lifestyle,Mainan & Hiburan,Marvel Puzzle 2 in 1 Mainan Anak Assorted,
9012,Lifestyle,Mainan & Hiburan,Disney Puzzle Mainan Anak D100S1 Assorted,
9013,Lifestyle,Mainan & Hiburan,Marvel Puzzle Mainan Anak D100S1,
9014,Lifestyle,Mainan & Hiburan,Disney Puzzle Tempat Pensil + Puzzle Mainan Anak Assorted,
9015,Lifestyle,Mainan & Hiburan,Disney Stiker Diamond Mainan Anak D100S2 Assorted,
9016,Lifestyle,Mainan & Hiburan,Frozen Gantungan Kunci Puzzle 3D Mainan Anak Assorted,
9017,Lifestyle,Mainan & Hiburan,Marvel Gantungan Kunci Puzzle 3D Mainan Anak Assorted,
9018,Lifestyle,Mainan & Hiburan,Marvel Rubik Full Print Mainan Anak,
9019,Lifestyle,Mainan & Hiburan,Frozen Rubik Full Print Mainan Anak,
9020,Lifestyle,Mainan & Hiburan,Frozen DIY Color Painting Mainan Anak Assorted,
9021,Lifestyle,Mainan & Hiburan,Disney Spider-Man Rubik Mainan Anak,
9022,Lifestyle,Mainan & Hiburan,VR Toys Animal Bubble Gelembung Tiup Mainan Anak Assorted,
9023,Lifestyle,Mainan & Hiburan,Disney Rubik Mainan Anak D224 Assorted,
9024,Lifestyle,Mainan & Hiburan,Marvel Rubik Mainan Anak D224 Assorted,
9025,Lifestyle,Mainan & Hiburan,Disney DIY Beads Diamond Painting D224 Mainan Anak Assorted,
9026,Lifestyle,Mainan & Hiburan,IQAngel Animal Series Mainan Anak Bentuk Gajah Biru,30.000
9027,Lifestyle,Mainan & Hiburan,IQAngel Animal Series Mainan Anak Bentuk Rusa Cokelat,30.000
9028,Lifestyle,Mainan & Hiburan,IQAngel Animal Series Mainan Anak Bentuk Rusa Pink,30.000
9029,Lifestyle,Mainan & Hiburan,IQAngel Animal Series Mainan Anak Bentuk Sapi Pink,30.000
9030,Lifestyle,Mainan & Hiburan,IQAngel Animal Series Mainan Anak Bentuk Burung Hantu Navy,30.000
9031,Lifestyle,Mainan & Hiburan,IQAngel Animal Series Mainan Anak Bentuk Burung Hantu Biru,30.000
9032,Lifestyle,Mainan & Hiburan,IQAngel Engineering Mainan Truk Ekskavator Anak,43.000
9033,Lifestyle,Mainan & Hiburan,Beringin Toys Xylophone H01 Mainan Anak,32.900
9034,Lifestyle,Mainan & Hiburan,IQAngel Animal Series Mainan Anak Bentuk Sapi Putih,30.000
9035,Lifestyle,Mainan & Hiburan,IQAngel Animal Series Mainan Anak Bentuk Sapi Cokelat,30.000
9036,Lifestyle,Mainan & Hiburan,IQAngel Mainan Mandi Anak Pump & Spray,90.000
9037,Lifestyle,Mainan & Hiburan,IQAngel Mainan DIY Mandi Bayi & Anak,159.000
9038,Lifestyle,Mainan & Hiburan,IQAngel Mainan Anak Boneka Bayi Merangkak Pink,155.000
9039,Lifestyle,Mainan & Hiburan,IQAngel Light & Sound Mainan Mobil Ambulans Anak IQBT0147-1,53.900
9040,Lifestyle,Mainan & Hiburan,IQAngel Light & Sound Mainan Truk Ekskavator Anak,53.900
9041,Lifestyle,Mainan & Hiburan,IQAngel Mainan Mobil Anak Dinosaurus Biru,30.000
9042,Lifestyle,Mainan & Hiburan,IQAngel Mainan Mobil Anak Soft Pull Back 2 pcs,117.000
9043,Lifestyle,Mainan & Hiburan,IQAngel Light & Sound Mainan Mobil Ambulans Anak IQ698,53.900
9044,Lifestyle,Mainan & Hiburan,Marvel Spider-Man Puzzle 2 in 1 Mainan Anak,10.900
9045,Lifestyle,Mainan & Hiburan,Apolo Wobble Wobble Mainan Anak Seri Hewan Assorted,54.900
9046,Lifestyle,Mainan & Hiburan,Marvel Puzzle Tempat Pensil + Puzzle Mainan Anak Assorted,13.500
9047,Lifestyle,Mainan & Hiburan,Disney Rubik Mainan Anak D100S2 Assorted,20.500
9048,Lifestyle,Mainan & Hiburan,Disney Puzzle Mobil Mainan Anak D100S2 Assorted,14.500
9049,Lifestyle,Mainan & Hiburan,Frozen Slime Mix Mainan Anak Assorted,21.900
9050,Lifestyle,Mainan & Hiburan,Disney Princess Slime Mix Mainan Anak Assorted,21.900
9051,Lifestyle,Mainan & Hiburan,Disney Princess Stiker Diamond Mainan Anak Assorted,16.500
9052,Lifestyle,Mainan & Hiburan,Disney Princess Squishy Jelly Mainan Anak Assorted,22.000
9053,Lifestyle,Mainan & Hiburan,Emco Super Dough Dessert Parlour Mainan Plastisin Anak Bentuk Es Krim & Waffle,80.900
9054,Lifestyle,Mainan & Hiburan,Disney Slime Mainan Anak D224 Assorted,21.900
9055,Lifestyle,Mainan & Hiburan,Apolo Whack A Pal Mainan Anak Fidget Assorted,24.900
9056,Lifestyle,Mainan & Hiburan,Hot Wheels Fast & Furious 2025 Mainan Mobil Anak Assorted,32.900
9057,Lifestyle,Mainan & Hiburan,VR Toys Magnetic Racing Car Mainan Mobil Anak Assorted,24.900
9058,Lifestyle,Mainan & Hiburan,Apolo Where's My Food Mainan Anak Assorted,29.900
9059,Lifestyle,Mainan & Hiburan,Crayola Imagipals Mainan Bentuk Hewan Assorted,19.900
9060,Lifestyle,Mainan & Hiburan,Hot Wheels 57th Anniversary Mainan Mobil Anak Assorted,32.900
9061,Lifestyle,Mainan & Hiburan,Emco Gyrotron Mainan Gasing Anak Assorted,19.900
9062,Lifestyle,Mainan & Hiburan,Disney Stitch Minis Action Figure Kapsul Mainan Anak Assorted,34.900
9063,Lifestyle,Mainan & Hiburan,Thats Gross Eye Flinger Mainan Ketapel LED,18.500
9064,Lifestyle,Mainan & Hiburan,Hot Wheels Mattel 80 Anniversary Mainan Mobil Assorted,15.900
9065,Lifestyle,Mainan & Hiburan,Apolo Glimmer Gems Mainan Anak Assorted,29.900
9066,Lifestyle,Mainan & Hiburan,Emco Pocket Titans Mainan Anak Assorted,27.900
9067,Lifestyle,Mainan & Hiburan,Emco Kix Brix Mainan Bricks Sepatu Assorted,44.900
9068,Lifestyle,Mainan & Hiburan,Puff Ups Plush Ball Mainan Bola Boneka Assorted,49.900
9069,Lifestyle,Mainan & Hiburan,Emco Boba Tea Mainan Squishy Assorted,29.900
9070,Lifestyle,Mainan & Hiburan,Emco Mainan Washy Kitties Assorted,29.900
9071,Lifestyle,Mainan & Hiburan,Disney DIY Color Painting Mainan Anak D224 Assorted,
9072,Lifestyle,Mainan & Hiburan,Hot Wheels BMW Anniversary Series Mainan Mobil Anak Assorted,
9073,Lifestyle,Mainan & Hiburan,Disney Squishy Jelly Princess D224 Mainan Anak Assorted,22.500
9074,Lifestyle,Mainan & Hiburan,Disney Balon Tiup Mainan Anak D224 Assorted,13.900
9075,Lifestyle,Mainan & Hiburan,Irre Squish Tible Mainan Squishy Kool Kube Assorted,34.900
9076,Lifestyle,Mainan & Hiburan,Emco Marvel Mainan Mobil Anak + Track Flip & Crash Challenge Assorted,99.000
9077,Lifestyle,Mainan & Hiburan,Mega Bloks Big Building Bag Balok Susun Mainan Anak 60 pcs,280.000
9078,Lifestyle,Mainan & Hiburan,Emco Hydraulic Systems Mainan Anak Ekskavator,299.000
9079,Lifestyle,Fashion,Alfamart Sandal Jepit Classic 10 Assorted,25.500
9080,Lifestyle,Fashion,Alfamart Ikat Rambut Basic Assorted,15.900
9081,Lifestyle,Fashion,Scorlines Jepit Rambut Unicorn,11.900
9082,Lifestyle,Fashion,Scorlines Celana Dalam Wanita L 2 pcs,33.500
9083,Lifestyle,Fashion,Scorlines Celana Dalam Wanita XL 2 pcs,33.500
9084,Lifestyle,Fashion,Pierre Cardin Pringle Kaos Kaki Pria Kasual Anti Bakteri,33.800
9085,Lifestyle,Fashion,Scorlines Ikat Rambut Karet Jepang Basic,12.500
9086,Lifestyle,Fashion,Scorlines Jepit Rambut 2 pcs Assorted,12.500
9087,Lifestyle,Fashion,Scorlines Jepit Rambut Jedai Assorted,15.000
9088,Lifestyle,Fashion,Alfamart Celana Dalam Pria Classic Brief XL 3 pcs,42.900
9089,Lifestyle,Fashion,Alfamart Celana Dalam Pria Classic Brief L 3 pcs,42.900
9090,Lifestyle,Fashion,Scorlines Kaos Oblong Misty M,33.900
9091,Lifestyle,Fashion,Scorlines Kaos Oblong Misty L,43.900
9092,Lifestyle,Fashion,Scorlines Kaos Oblong Misty XL,43.900
9093,Lifestyle,Fashion,Alfamart Boxer Pria L / XL Assorted,26.900
9094,Lifestyle,Fashion,Alfamart Eco Paper Bag tanpa Handle,1.000
9095,Lifestyle,Fashion,Alfamart Celana Dalam Wanita XL 2 pcs,44.900
9096,Lifestyle,Fashion,Alfamart BT21 Jepit Rambut Karakter Assorted,28.500
9097,Lifestyle,Fashion,Alfamart BT21 Ikat Rambut Assorted,28.900
9098,Lifestyle,Fashion,Alfamart BT21 Cermin Set Assorted,28.500
9099,Lifestyle,Fashion,Alfamart Cepol Hijab Assorted,29.900
9100,Lifestyle,Fashion,Alfamart Disney Gantungan Kunci Kristal Assorted D125,34.900
9101,Lifestyle,Fashion,Alfamart Celana Dalam Boxer Pria Sport XL Assorted,39.900
9102,Lifestyle,Fashion,Alfamart Celana Dalam Boxer Pria Sport L Assorted,39.900
9103,Lifestyle,Fashion,Alfamart Sandal Jepit Premium All Size Assorted,50.900
9104,Lifestyle,Fashion,Alfamart Sandal Jepit Classic 10.5 Assorted,26.500
9105,Lifestyle,Fashion,Alfamart Sandal Jepit New Assorted,31.300
9106,Lifestyle,Fashion,Alfamart Kaos Kaki Pendek Assorted,19.900
9107,Lifestyle,Fashion,Alfamart Sandal Jepit Modern 11 Assorted,31.600
9108,Lifestyle,Fashion,Scorlines Jepit Rambut Unicorn Besar,19.000
9109,Lifestyle,Fashion,Alfamart Kaos Oblong Putih L,45.900
9110,Lifestyle,Fashion,Alfamart Kaos Oblong Putih XL,45.900
9111,Lifestyle,Fashion,Alfamart BT21 Ikat Rambut Assorted,28.900
9112,Lifestyle,Fashion,Scorlines Celana Boxer Pria L,
9113,Lifestyle,Fashion,Disney Gantungan Kunci Boneka Assorted,
9114,Lifestyle,Fashion,Disney Bando Anak Assorted,
9115,Lifestyle,Fashion,Alfamart Gantungan Kunci Sun Catcher Glitter Assorted,
9116,Lifestyle,Fashion,Alfamart Handuk Olahraga Assorted,
9117,Lifestyle,Fashion,Disney Tote Bag Minnie Mouse Hitam,
9118,Lifestyle,Fashion,Disney Tote Bag Mickey Mouse Hitam Kecil,
9119,Lifestyle,Fashion,Disney Tote Bag Mickey Mouse Krem Kecil,
9120,Lifestyle,Fashion,Disney Tote Bag Winnie the Pooh Hitam Kecil,
9121,Lifestyle,Fashion,Disney Tote Bag Winnie the Pooh Krem Kecil,
9122,Lifestyle,Fashion,Disney Kaos Dewasa Mickey Mouse Putih,
9123,Lifestyle,Fashion,Sanrio Tas Belanja Assorted,
9124,Lifestyle,Fashion,Disney Tas Belanja Assorted,
9125,Lifestyle,Fashion,Disney Tas Belanja Lipat Assorted,
9126,Lifestyle,Fashion,Travel Blue Ear Plugs Twin Pack,
9127,Lifestyle,Fashion,Travel Blue Luxury Penutup Mata,
9128,Lifestyle,Fashion,Travel Blue Bantal Leher Memory Foam,
9129,Lifestyle,Fashion,Wish Tas Belanja Sleting 23 x 20 cm Assorted 1 pcs,
9130,Lifestyle,Fashion,Alfamart Ikat Rambut Warna 6 pcs Assorted,
9131,Lifestyle,Fashion,Alfamart Jedai Jelly Kupu-kupu Assorted,
9132,Lifestyle,Fashion,Alfamart Celana Dalam Pria Classic Brief M 3 pcs,41.900
9133,Lifestyle,Fashion,Scorlines Celana Boxer Pria L,26.500
9134,Lifestyle,Fashion,Alfamart Tas Belanja We Bare Bears Assorted,34.900
9135,Lifestyle,Fashion,Alfamart Celana Dalam Wanita L 2 pcs,33.900
9136,Lifestyle,Fashion,Alfamart BT21 Ikat Rambut Assorted,15.900
9137,Lifestyle,Fashion,Alfamart BT21 Ikat Rambut Karakter Assorted,24.500
9138,Lifestyle,Fashion,VR Toys Lucky Phone Charm Strap Gantungan Ponsel Assorted,44.900
9139,Lifestyle,Fashion,GTman Celana Dalam Pria GMKM Size XL 3 pcs,78.900
9140,Lifestyle,Fashion,Alfamart / Scorlines Singlet Kaos Dalam Putih XL,34.900
9141,Lifestyle,Fashion,Scorlines Kaos Kaki Sekolah Anak,19.900
9142,Lifestyle,Fashion,GTman Celana Dalam Pria GMKM Size L 3 pcs,79.700
9143,Lifestyle,Fashion,Alfamart Singlet Kaos Dalam Putih L,34.900
9144,Lifestyle,Fashion,Alfamart Tas Belanja Eco Bag 30 x 40 cm Assorted,4.600
9145,Lifestyle,Fashion,GTman Brief Celana Dalam Pria GTK-05 L 2 pcs,104.500
9146,Lifestyle,Fashion,GTman Brief Celana Dalam Pria GTK-05 M 2 pcs,104.500
9147,Lifestyle,Fashion,Alfamart Sandal Slippers All Size,31.900
9148,Lifestyle,Fashion,GTman Total comfort Celana Dalam Pria Mini Spandex 708 XL 2 pcs,80.500
9149,Lifestyle,Fashion,GTman Total comfort Celana Dalam Pria Mini Spandex 708 L 2 pcs,80.500
9150,Lifestyle,Fashion,Alfamart Tas Belanja Eco Bag 38 x 45 cm Assorted,6.100
9151,Lifestyle,Fashion,Alfamart Eco Paper Bag,1.900
9152,Lifestyle,Fashion,Marvel Topi Sepeda Assotrted,
9153,Lifestyle,Fashion,Disney Princess Ikat Rambut Assorted,
9154,Lifestyle,Fashion,Disney Cermin Set D100S1 Assorted,
9155,Lifestyle,Fashion,Disney Ikat Rambut D100S1 Assorted,
9156,Lifestyle,Fashion,Frozen Ikat Rambut Assorted,
9157,Lifestyle,Fashion,Alfamart Kaos Kaki Olahraga Assorted,19.900
9158,Lifestyle,Fashion,Alfamart Kaos Kaki Bisnis Assorted,21.500
9159,Lifestyle,Fashion,Disney Princess Aksesoris Rambut Set Assorted,13.500
9160,Lifestyle,Fashion,Marvel Spider-Man Topi Assorted,48.500
9161,Lifestyle,Fashion,Disney Ikat Rambut D100S1 Assorted,8.900
9162,Lifestyle,Fashion,Disney Princess Jepit Rambut Anak D100S2 Assorted,10.500
9163,Lifestyle,Perlengkapan Kantor & Sekolah,Alfamart Kenko Pulpen Gel K-1 Black 2 pcs,20.000
9164,Lifestyle,Perlengkapan Kantor & Sekolah,Alfamart Perekat Dua Sisi Hitam 21 mm x 4.5 mm,19.900
9165,Lifestyle,Perlengkapan Kantor & Sekolah,Kiky Kertas HVS A4 80 g 100 s,26.700
9166,Lifestyle,Perlengkapan Kantor & Sekolah,Alfamart Kenko Cutter L-500 Blister,33.100
9167,Lifestyle,Perlengkapan Kantor & Sekolah,Materai 10.000,11.500
9168,Lifestyle,Perlengkapan Kantor & Sekolah,Kenko Pulpen NK-7 3 pcs,10.000
9169,Lifestyle,Perlengkapan Kantor & Sekolah,Disney Mickey Minnie Buku Catatan Assorted,
9170,Lifestyle,Perlengkapan Kantor & Sekolah,Mobile Kiosk Kabel Charger Braided USB Type C to Type C,
9171,Lifestyle,Perlengkapan Kantor & Sekolah,Mobile Kiosk Kabel Charger Braided 2A USB Lightning iPhone,
9172,Lifestyle,Perlengkapan Kantor & Sekolah,Mobile Kiosk Kabel Charger Braided 2A USB Type C,
9173,Lifestyle,Perlengkapan Kantor & Sekolah,Alfamart Penggaris 30 cm Assorted,
9174,Lifestyle,Perlengkapan Kantor & Sekolah,Sanrio Tempat Pensil Assorted,
9175,Lifestyle,Perlengkapan Kantor & Sekolah,Sanrio Tas Ransel Assorted,
9176,Lifestyle,Perlengkapan Kantor & Sekolah,Disney Tempat Pensil Marvel 1 pcs Assorted,
9177,Lifestyle,Perlengkapan Kantor & Sekolah,Disney Tempat Pensil 1 pcs Assorted,
9178,Lifestyle,Perlengkapan Kantor & Sekolah,Disney Minnie Mouse Rounde Tempat Pensil 1 pcs Assorted,
9179,Lifestyle,Perlengkapan Kantor & Sekolah,Disney Frozen Set Alat Tulis Anak 1 pcs Assorted,
9180,Lifestyle,Perlengkapan Kantor & Sekolah,Mobile Kiosk OWS-S600 Open Wearable Stereo Earbuds,
9181,Lifestyle,Perlengkapan Kantor & Sekolah,Mobile Kiosk TWS-LXA6 True Wireless Stereo Earphone,
9182,Lifestyle,Perlengkapan Kantor & Sekolah,Travel Blue Adaptor Listrik Travel Universal USB-C & USB-A,
9183,Lifestyle,Perlengkapan Kantor & Sekolah,Disney Pixie Gunting Lotso,
9184,Lifestyle,Perlengkapan Kantor & Sekolah,Adinata Buku Mewarnai Assorted,
9185,Lifestyle,Perlengkapan Kantor & Sekolah,Wiggle Paket Krayon Cupcake 6 Warna,
9186,Lifestyle,Perlengkapan Kantor & Sekolah,Acmic In Ear Headset Jack 3.5 mm,
9187,Lifestyle,Perlengkapan Kantor & Sekolah,Acmic Kabel Data Charger Micro USB Android Fast Charging 1 meter,
9188,Lifestyle,Perlengkapan Kantor & Sekolah,Acmic CWC01 Kepala Charger Adaptor USB Fast Charging 10W Hitam,
9189,Lifestyle,Perlengkapan Kantor & Sekolah,Disney Pixie Set Peralatan Tulis Anak 1 Assorted,
9190,Lifestyle,Perlengkapan Kantor & Sekolah,Disney Pixie Frozen Pensil Warna 12 pcs,
9191,Lifestyle,Perlengkapan Kantor & Sekolah,Disney Pixie Set Peralatan Tulis Anak 2 Assorted,
9192,Lifestyle,Perlengkapan Kantor & Sekolah,Alfamart Disney Kertas Kado Assorted 3 s,
9193,Lifestyle,Perlengkapan Kantor & Sekolah,Mobile Kiosk Kabel Charger Braided 4 in 1 Lightning iPhone & USB Type C,
9194,Lifestyle,Perlengkapan Kantor & Sekolah,Mobile Kiosk Adaptor Listrik Travel Universal USB-C & USB-A 25 Watt,
9195,Lifestyle,Perlengkapan Kantor & Sekolah,Glitterypen Colowers Pulpen Gliter Neon 12 Warna,
9196,Lifestyle,Perlengkapan Kantor & Sekolah,Travel Blue Kabel USB-C to USB-C 1 m,
9197,Lifestyle,Perlengkapan Kantor & Sekolah,Sanrio Juice Pulpen A224 Assorted 1 pcs,
9198,Lifestyle,Perlengkapan Kantor & Sekolah,Sanrio Set Buku Catatan + Pulpen A224 Assorted 1 pcs,
9199,Lifestyle,Perlengkapan Kantor & Sekolah,Nachi Isolasi 0.5 x 25 2 pcs,
9200,Lifestyle,Perlengkapan Kantor & Sekolah,Disney Cars Sticky Notes,
9201,Lifestyle,Perlengkapan Kantor & Sekolah,Wishco Lem Super 15 ml,
9202,Lifestyle,Perlengkapan Kantor & Sekolah,Batam Paper Penggaris Motif 30 cm,
9203,Lifestyle,Perlengkapan Kantor & Sekolah,Snowman Pulpen Hitam BP-7,
9204,Lifestyle,Perlengkapan Kantor & Sekolah,Wiggle Penggaris Maze Cupcake 18 cm,
9205,Lifestyle,Perlengkapan Kantor & Sekolah,Alfamart Amplop Lebaran Panjang (B) 5 pcs,
9206,Lifestyle,Perlengkapan Kantor & Sekolah,Alfamart Amplop Lebaran Pendek (B) 8 pcs,
9207,Lifestyle,Perlengkapan Kantor & Sekolah,Alfamart Perekat Dua Sisi 12 mm x 7 m,
9208,Lifestyle,Perlengkapan Kantor & Sekolah,Alteco Lem Perekat Serbaguna 3 g,
9209,Lifestyle,Perlengkapan Kantor & Sekolah,Alfamart Selotip Bening 12 mm x 72 y,
9210,Lifestyle,Perlengkapan Kantor & Sekolah,Alfamart Pulpen Hitam 2 pcs,
9211,Lifestyle,Perlengkapan Kantor & Sekolah,Alfamart Pulpen Biru 2 pcs,
9212,Lifestyle,Perlengkapan Kantor & Sekolah,Acmic Kabel Data Charger USB Type C Android Fast Charging Lilac 1 meter,
9213,Lifestyle,Perlengkapan Kantor & Sekolah,Acmic Kabel Data Charger iPhone Lighting Fast Charging Biru 1 meter,
9214,Lifestyle,Perlengkapan Kantor & Sekolah,Alfamart Amplop Lebaran Panjang (A) 5 pcs,9.900
9215,Lifestyle,Perlengkapan Kantor & Sekolah,Alfamart Amplop Lebaran Pendek (A) 8 pcs,9.900
9216,Lifestyle,Perlengkapan Kantor & Sekolah,Alfamart Lakban Coklat 48 mm x 50 m,12.000
9217,Lifestyle,Perlengkapan Kantor & Sekolah,Dextone Epoxy Adhesives Lem Besi 5 Menit 48 g,17.000
9218,Lifestyle,Perlengkapan Kantor & Sekolah,Dextone Instan Glue Lem Tetes Serbaguna 15 g,8.000
9219,Lifestyle,Perlengkapan Kantor & Sekolah,Dextone Instant Glue Universal Lem Tetes Sepatu 20 g,35.000
9220,Lifestyle,Perlengkapan Kantor & Sekolah,Kiky Pulpen Transluscent 12 pcs,17.000
9221,Lifestyle,Perlengkapan Kantor & Sekolah,Alfamart Lakban Bening 48 mm x 50 m,12.200
9222,Lifestyle,Perlengkapan Kantor & Sekolah,Alfamart Selotip 12 mm x 72 y,10.000
9223,Lifestyle,Perlengkapan Kantor & Sekolah,Alfamart Perekat Dua Sisi 12 mm x 6 m,7.400
9224,Lifestyle,Perlengkapan Kantor & Sekolah,Alfamart Kertas Kado Assorted 2 s,9.900
9225,Lifestyle,Perlengkapan Kantor & Sekolah,Wiggle Pulpen 3 Warna Assorted,10.000
9226,Lifestyle,Perlengkapan Kantor & Sekolah,Wiggle Pulpen Aksesoris Assorted,10.000
9227,Lifestyle,Perlengkapan Kantor & Sekolah,Wiggle Rautan Assorted,10.000
9228,Lifestyle,Perlengkapan Kantor & Sekolah,Faber-Castell Spidol Warna 12 pcs,33.000
9229,Lifestyle,Perlengkapan Kantor & Sekolah,Sanrio Buku Catatan Kecil A124 Assorted,15.900
9230,Lifestyle,Perlengkapan Kantor & Sekolah,Alfamart Lem Perekat Serbaguna 10 g,9.900
9231,Lifestyle,Perlengkapan Kantor & Sekolah,Alfamart Lakban Brown 48 mm x 50 m,19.900
9232,Lifestyle,Perlengkapan Kantor & Sekolah,Alfamart Lakban Bening 48 mm x 50 m,20.000
9233,Lifestyle,Perlengkapan Kantor & Sekolah,Kenko Pulpen Gel 2 pcs,10.200
9234,Lifestyle,Perlengkapan Kantor & Sekolah,Standard Pulpen Hitam Mikro NX-7 0.38 3 pcs,15.600
9235,Lifestyle,Perlengkapan Kantor & Sekolah,Faber-Castell Krayon Oil Pastel 12 pcs,26.200
9236,Lifestyle,Perlengkapan Kantor & Sekolah,Faber-Castell Penghapus 2 pcs,7.000
9237,Lifestyle,Perlengkapan Kantor & Sekolah,Faber-Castell Paket Alat Tulis Ujian Standar,38.000
9238,Lifestyle,Perlengkapan Kantor & Sekolah,Alfamart Kenko Tipex Gulung 12 m x 5 mm,15.000
9239,Lifestyle,Perlengkapan Kantor & Sekolah,Adinata Buku Catatan Assorted,36.900
9240,Lifestyle,Perlengkapan Kantor & Sekolah,Alfamart Kenko Pensil Warna 12 pcs,24.200
9241,Lifestyle,Perlengkapan Kantor & Sekolah,Alfamart Kenko Staples HD-10,16.200
9242,Lifestyle,Perlengkapan Kantor & Sekolah,Faber-Castell Pensil 2B 2 pcs,14.300
9243,Lifestyle,Perlengkapan Kantor & Sekolah,Alfamart Kenko Lem Stik 15 g,9.500
9244,Lifestyle,Perlengkapan Kantor & Sekolah,Pilot Pulpen Hitam BPP-GPL 2 pcs,9.000
9245,Lifestyle,Perlengkapan Kantor & Sekolah,Faster Pulpen Hitam 3 pcs,14.900
9246,Lifestyle,Perlengkapan Kantor & Sekolah,Alfamart Kenko Staples No.10 2 pcs,6.200
9247,Lifestyle,Perlengkapan Kantor & Sekolah,Kiky Buku Gambar 20 x 30 cm,9.100
9248,Lifestyle,Perlengkapan Kantor & Sekolah,Alfamart Kenko Lakban Kain Hitam 48 mm,30.100
9249,Lifestyle,Perlengkapan Kantor & Sekolah,Kiky Buku Binder A5 WO PP,33.800
9250,Lifestyle,Perlengkapan Kantor & Sekolah,Alfamart Kenko Paket Pensil 501,15.000
9251,Lifestyle,Perlengkapan Kantor & Sekolah,Adinata Paket Alat Tulis 7 pcs Assorted,40.900
9252,Lifestyle,Perlengkapan Kantor & Sekolah,Kiky Buku Tulis Boxy 40 Lembar,13.600
9253,Lifestyle,Perlengkapan Kantor & Sekolah,Alfamart Kertas Kado Assorted 3 s,7.900
9254,Lifestyle,Perlengkapan Kantor & Sekolah,Adinata Penggaris Karakter 30 cm Assorted,19.500
9255,Lifestyle,Perlengkapan Kantor & Sekolah,Faber-Castell Pensil Warna 12 pcs,29.900
9256,Lifestyle,Perlengkapan Kantor & Sekolah,Alfamart Kenko Gunting Sc-838N,15.500
9257,Lifestyle,Perlengkapan Kantor & Sekolah,Alfamart Amplop P 90 10 pcs,5.500
9258,Lifestyle,Perlengkapan Kantor & Sekolah,Kiky Buku Tulis 38 Lembar Karakter,8.000
9259,Lifestyle,Perlengkapan Kantor & Sekolah,Snowman Spidol Warna 12 pcs,27.200
9260,Lifestyle,Perlengkapan Kantor & Sekolah,Kiky Kertas Folio Double Garis 10 s,6.200
9261,Lifestyle,Perlengkapan Kantor & Sekolah,Uhu Lem Perekat Serbaguna 20 ml,19.200
9262,Lifestyle,Perlengkapan Kantor & Sekolah,Aica Aibon Lem Perekat Serbaguna 70 g,21.400
9263,Lifestyle,Perlengkapan Kantor & Sekolah,Alfamart Kenko Tipex Cair Botol,10.000
9264,Lifestyle,Perlengkapan Kantor & Sekolah,Kenko Paket Pensil Alat Tulis + Penghapus,12.000
9265,Lifestyle,Perlengkapan Kantor & Sekolah,Pilot Pulpen Hitam BPT-P 2 pcs,9.700
9266,Lifestyle,Perlengkapan Kantor & Sekolah,Snowman Spidol Papan Tulis Permanen Hitam,13.400
9267,Lifestyle,Perlengkapan Kantor & Sekolah,Snowman Spidol Papan Tulis Hitam,16.200
9268,Lifestyle,Perlengkapan Kantor & Sekolah,Kiky Buku Kuitansi Mini 36 Lembar,4.400
9269,Lifestyle,Perlengkapan Kantor & Sekolah,Alfamart Kenko Pulpen KE-100/200 2 pcs,9.300
9270,Lifestyle,Perlengkapan Kantor & Sekolah,Alfamart Kenko Lakban Fragile Roll 48 mm Assorted,15.900
9271,Lifestyle,Perlengkapan Kantor & Sekolah,Emco Disney Princess Tempat Pensil DIY Coloring Assorted,25.900
9272,Lifestyle,Perlengkapan Kantor & Sekolah,Alfamart Amplop P 104 20 pcs,5.200
9273,Lifestyle,Perlengkapan Kantor & Sekolah,Marvel Pop Pack Paket Alat Tulis Boy,19.900
9274,Lifestyle,Perlengkapan Kantor & Sekolah,Disney Princess Pop Pack Paket Alat Tulis Girl,19.900
9275,Lifestyle,Perlengkapan Kantor & Sekolah,Disney Tsum Tsum Pop Pack Paket Alat Tulis Assorted,13.500
9276,Lifestyle,Perlengkapan Kantor & Sekolah,Disney Cars Paket Mewarnai Anak,20.000
9277,Lifestyle,Perlengkapan Kantor & Sekolah,Disney Frozen Paket Mewarnai Anak,20.000
9278,Lifestyle,Perlengkapan Kantor & Sekolah,Alfamart Kertas Kado Karakter Assorted 2 s,10.000
9279,Lifestyle,Perlengkapan Kantor & Sekolah,Faber-Castell Pensil Warna Classic 24 pcs,63.000
9280,Lifestyle,Perlengkapan Kantor & Sekolah,Kiky Buku Tulis 38 Lembar 10 pcs,55.900
9281,Lifestyle,Perlengkapan Kantor & Sekolah,Disney Buku Catatan D224 Assorted,8.900
9282,Lifestyle,Perlengkapan Otomotif,Stella Pengharum Mobil Gantung Happy Day,18.200
9283,Lifestyle,Perlengkapan Otomotif,Stella Pengharum Mobil Gantung Fruity & Fresh,18.200
9284,Lifestyle,Perlengkapan Otomotif,Tugas Negara Bos Jas Hujan Setelan Regular Assorted,100.000
9285,Lifestyle,Perlengkapan Otomotif,Tugas Negara Bos Jas Hujan Setelan Scothlite Assorted,99.900
9286,Lifestyle,Perlengkapan Otomotif,Alfamart Jas Hujan Disposable Raincoat Jaket Celana,19.200
9287,Lifestyle,Perlengkapan Otomotif,Ambi Pur Car Clip Pengharum Mobil Downy Mystique 2.2 ml,44.900
9288,Lifestyle,Perlengkapan Otomotif,Ambi Pur Pengharum Mobil Sky Breeze 2 ml,40.800
9289,Lifestyle,Perlengkapan Otomotif,Stella Pengharum Mobil Lily Dream 7 ml,23.600
9290,Lifestyle,Perlengkapan Otomotif,Scorlines Jas Hujan Plastik Poncho Assorted,17.200
9291,Lifestyle,Perlengkapan Otomotif,Ambi Pur Car Clip Pengharum Mobil Downy Passion 2.2 ml,44.900
9292,Lifestyle,Perlengkapan Otomotif,Stella Pengharum Mobil Red Kiss 7 ml,24.100
9293,Lifestyle,Perlengkapan Otomotif,Alfamart Lap Kanebo Motor,17.400
9294,Lifestyle,Perlengkapan Otomotif,Stella Pengharum Mobil Orange Blossom 7 ml,24.100
9295,Lifestyle,Perlengkapan Otomotif,Alfamart Lap Kanebo Mobil 40 x 30 cm,30.400
9296,Lifestyle,Perlengkapan Otomotif,KIT Wash & Glow Sampo Mobil Pouch 720 ml,17.400
9297,Lifestyle,Perlengkapan Otomotif,Unik Spons Cuci Mobil,15.000
9298,Lifestyle,Perlengkapan Otomotif,Otogard Glo Wash & Shine Sampo Mobil Pouch 700 ml,15.900
9299,Lifestyle,Perlengkapan Otomotif,Ambi Pur Pengharum Mobil Aqua 7 ml,37.900
9300,Lifestyle,Perlengkapan Otomotif,BayFresh Hang n Go Pengharum Mobil Frozen Lime,12.400
9301,Lifestyle,Perlengkapan Otomotif,BayFresh Hang n Go Pengharum Mobil Strawberry Bubblegum,12.400
9302,Lifestyle,Perlengkapan Otomotif,KIT Pembersih Motor Serbaguna 100 ml,15.700
9303,Lifestyle,Perlengkapan Otomotif,KIT Black Magic Gel Pengkilap Ban Refill 180 ml,14.500
9304,Lifestyle,Perlengkapan Otomotif,Megacools Minyak Pelumas Rantai Motor 300 ml,35.400
9305,Lifestyle,Perlengkapan Otomotif,BayFresh Hang n Go Pengharum Mobil Dark Ice,12.400
9306,Lifestyle,Perlengkapan Otomotif,Idola Jas Hujan Assorted,47.100
9307,Lifestyle,Perlengkapan Otomotif,KIT Back to Black Penghitam Plastik & Trim Motor 115 ml,29.700
9308,Lifestyle,Perlengkapan Otomotif,BayFresh Pengharum Mobil Gantung Caramel Vanila & Coffee,12.100
9309,Lifestyle,Perlengkapan Otomotif,Airpro Pengharum Mobil Davidoff Cool Waves 10 ml,28.600
9310,Lifestyle,Perlengkapan Otomotif,Airpro Pengharum Mobil No 5 10 ml,28.600
9311,Lifestyle,Perlengkapan Otomotif,KIT Black Magic Penghitam & Pengkilap Ban Aerosol 450 ml,46.900
9312,Lifestyle,Perlengkapan Otomotif,Airpro inVent Pengharum Mobil Lush Retreat 9 ml,34.500
9313,Lifestyle,Perlengkapan Otomotif,Airpro inVent Pengharum Mobil Midnight Breeze 9 ml,34.500
9314,Lifestyle,Perlengkapan Otomotif,Airpro Viva Life Series Pengharum Mobil Tokyo Sakura 42 g,39.900
9315,Lifestyle,Perlengkapan Otomotif,Airpro Viva Life Series Pengharum Mobil Paris Fresh 42 g,39.900
9316,Lifestyle,Perlengkapan Otomotif,Airpro Pengharum Mobil Signature 10 ml,26.900
9317,Lifestyle,Perlengkapan Otomotif,Airpro Pengharum Mobil The Prestegious 10 ml,26.900
9318,Lifestyle,Perlengkapan Otomotif,Airpro Pengharum Mobil Divine Flare 10 ml,26.900
9319,Lifestyle,Perlengkapan Otomotif,Motul Scooter Gear Oli Transmisi Motor 80W-90 120 ml,17.900
9320,Lifestyle,Perlengkapan Otomotif,KIT Wash & Wax Sampo Mobil Pouch 720 ml,34.900
9321,Lifestyle,Perlengkapan Otomotif,Disney Tongkat E-Toll,19.900
9322,Lifestyle,Perlengkapan Otomotif,KIT Wash & Glow Sampo Mobil Botol 900 ml,29.900
9323,Lifestyle,Perlengkapan Otomotif,KIT Black Magic Pengkilap Ban Spray 400 ml,41.000
9324,Lifestyle,Perlengkapan Otomotif,BayFresh Pengharum Mobil Gantung Orange Verbena,11.900
9325,Lifestyle,Perlengkapan Otomotif,Kenmaster Plas Chamois Kanebo Lap Mobil Yellow Pendek 2 Pcs,44.500
9326,Lifestyle,Perlengkapan Otomotif,Kenmaster Plas Chamois Kanebo Lap Mobil Yellow Jumbo 66 x 43 cm,39.900
9327,Lifestyle,Perlengkapan Otomotif,Airpro Wooden Bottle Pengharum Mobil Invictar 10 ml,26.900
9328,Lifestyle,Perlengkapan Otomotif,KIT Detailer Pengkilap & Pelindung Body Mobil / Motor,24.900
9329,Lifestyle,Perlengkapan Otomotif,KIT Penghilang Goresan Mobil / Motor 60 g,13.500
9330,Lifestyle,Perlengkapan Otomotif,BayFresh Pengharum Mobil Gantung Vanilla Ice Cream,11.900
9331,Lifestyle,Perlengkapan Otomotif,Airpro Pengharum Mobil Sauvignon 10 ml,26.900
9332,Lifestyle,Perlengkapan Otomotif,KIT Back to Black Penghitam Body Mobil Botol 250 ml,63.900
9333,Lifestyle,Perlengkapan Otomotif,KIT Wash & Glow Sampo Mobil Jerigen 3.7 L,64.900
9334,Lifestyle,Perlengkapan Otomotif,Otogard Glo Wash & Wax Sampo Mobil Pouch 720 ml,19.900
9335,Lifestyle,Perlengkapan Otomotif,Otogard Glo Crystal Clear Cairan Pembersih Kaca Mobil 400 ml,12.900
9336,Lifestyle,Perlengkapan Otomotif,Otogard Glo Hyper Black Pengkilap Ban Mobil 165 ml,24.900
9337,Lifestyle,Perlengkapan Otomotif,KIT Cairan Pembersih Kaca Mobil Wiper 500 ml,13.500
9338,Lifestyle,Perlengkapan Otomotif,Carrera Sampo Mobil 800 ml,9.900
9339,Lifestyle,Perlengkapan Otomotif,Carrera Spons Cuci Mobil Serbaguna,7.000
9340,Lifestyle,Perlengkapan Otomotif,Carrera Sampo Mobil Plus Wax 400 ml,16.900
9341,Lifestyle,Perlengkapan Otomotif,Carrera Pengkilap Ban Refill 200 ml,12.900
9342,Lifestyle,Perlengkapan Otomotif,Stella Hang N Flip Pengharum Mobil Aqua Reflection 9 ml,29.600
9343,Lifestyle,Perlengkapan Otomotif,Stella Hang N Flip Pengharum Mobil Jasmine Flow 9 ml,29.600
9344,Lifestyle,Perlengkapan Otomotif,Glade Pengharum Mobil Gantung Pouch Apple 70 g,13.500
9345,Lifestyle,Perlengkapan Otomotif,Motul Oli Motor GP Matic 4T 10W-40 1 L,70.900
9346,Lifestyle,Perlengkapan Otomotif,Motul Oli Motor Scooter LE MB HC-Tech 4T 10W-30 800 ml,59.900
9347,Lifestyle,Perlengkapan Otomotif,Kit Motor Premium Doff Perawatan Cat Motor Doff 130 ml,22.900
9348,Lifestyle,Perlengkapan Otomotif,Kit GP-9 Pelumas Multiguna Spray Anti Karat 225 g,32.700
9349,Pet Foods,Makanan Anjing,Pedigree Schmackos Snack Makanan Anjing Kering Rasa Daging Sapi Asap 70 g,25.000
9350,Pet Foods,Makanan Anjing,"Pedigree Makanan Anjing Basah Adult Rasa Ayam, Hati Panggang & Sayuran Pouch 80 g",7.500
9351,Pet Foods,Makanan Anjing,Pedigree Makanan Anjing Basah Adult Rasa Sapi Kaleng 400 g,25.900
9352,Pet Foods,Makanan Anjing,"Pedigree Makanan Anjing Kering Puppy Rasa Ayam, Telur & Susu 1.3 kg",72.900
9353,Pet Foods,Makanan Anjing,Pedigree Makanan Anjing Basah Adult Rasa Daging Sapi dalam Kuah Pouch 130 g,10.000
9354,Pet Foods,Makanan Anjing,Pedigree Makanan Anjing Basah Puppy Rasa Ayam dalam Kuah Pouch 130 g,10.000
9355,Pet Foods,Makanan Anjing,"Pedigree Makanan Anjing Basah Puppy Rasa Daging Sapi, Telur & Sayuran Pouch 80 g",7.500
9356,Pet Foods,Makanan Anjing,Pedigree Makanan Anjing Kering Adult Rasa Sapi & Sayuran 1.5 kg,74.900
9357,Pet Foods,Makanan Anjing,SmartHeart Makanan Anjing Kering Adult Rasa Sapi Panggang 1.5 kg,81.900
9358,Pet Foods,Makanan Anjing,SmartHeart Makanan Anjing Kering Puppy Rasa Sapi & Susu 1.3 kg,62.900
9359,Pet Foods,Makanan Anjing,SmartHeart Makanan Anjing Kering Ras Kecil Sapi Panggang 1.3 kg,62.900
9360,Pet Foods,Makanan Anjing,SmartHeart Makanan Anjing Basah Adult Rasa Sapi & Hati 400 g,24.900
9361,Pet Foods,Makanan Kucing,Cat Choize Makanan Kucing Kering Kitten Rasa Tuna & Salmon Milk 450 g,31.200
9362,Pet Foods,Makanan Kucing,Alfamart Makanan Kucing Basah Adult Tuna 400 g,15.900
9363,Pet Foods,Makanan Kucing,Alfamart Cat Choize Makanan Kucing Kering Kitten Rasa Tuna 400 g,27.100
9364,Pet Foods,Makanan Kucing,Whiskas Makanan Kucing Kering Kitten Rasa Ikan Laut 450 g,40.000
9365,Pet Foods,Makanan Kucing,Whiskas Makanan Kucing Kering Kitten Rasa Ikan Laut Pouch 50 g,7.000
9366,Pet Foods,Makanan Kucing,Cat Choize Makanan Kucing Kering Adult Rasa Tuna & Salmon 500 g,31.200
9367,Pet Foods,Makanan Kucing,Me-O Makanan Kucing Basah Kitten Rasa Tuna Pouch 80 g,8.500
9368,Pet Foods,Makanan Kucing,Me-O Makanan Kucing Basah Adult Rasa Tuna Pouch 80 g,8.500
9369,Pet Foods,Makanan Kucing,Me-O Makanan Kucing Kering Adult Rasa Tuna Pouch 200 g,20.700
9370,Pet Foods,Makanan Kucing,Alfamart Cat Choize Makanan Kucing Kering Adult Rasa Tuna 450 g,27.000
9371,Pet Foods,Makanan Kucing,Alfamart Bio Creamy + Taurine Snack Makanan Kucing Basah Rasa Tuna Sachet 4 x 15 g,16.100
9372,Pet Foods,Makanan Kucing,Cat Choize Makanan Kucing Kering Adult Rasa Tuna & Makerel 500 g,30.800
9373,Pet Foods,Makanan Kucing,Me-O Creamy Snack Makanan Kucing Basah Adult Rasa Tuna Sachet 4 x 15 g,31.500
9374,Pet Foods,Makanan Kucing,Alfamart Cat Choize Makanan Kucing Basah Adult Rasa Tuna Sachet 70 g,8.300
9375,Pet Foods,Makanan Kucing,Alfamart Cat Choize Makanan Kucing Basah Kitten Rasa Tuna Sachet 70 g,8.300
9376,Pet Foods,Makanan Kucing,Kittie Bittie Makanan Kucing Kering Adult Rasa Tuna 120 g,7.500
9377,Pet Foods,Makanan Kucing,Me-O Makanan Kucing Kering Kitten Rasa Ikan Laut Pouch 50 g,6.700
9378,Pet Foods,Makanan Kucing,Alfamart Cat Choize Makanan Kucing Kering Adult Rasa Tuna 1 kg,51.000
9379,Pet Foods,Makanan Kucing,Alfamart Cat Choize Doraemon Makanan Kucing Kering Adult Rasa Tuna & Salmon 450 g,27.000
9380,Pet Foods,Makanan Kucing,Alfamart Cat Choize Makanan Kucing Basah Kitten Rasa Tuna & Ayam 70 g,8.300
9381,Pet Foods,Makanan Kucing,Alfamart Cat Choize Makanan Kucing Kering Kitten Rasa Tuna 900 g,52.200
9382,Pet Foods,Makanan Kucing,Whiskas Makanan Kucing Kering Kitten Tuna Salmon 450 g,39.700
9383,Pet Foods,Makanan Kucing,Alfamart Creamy Treats Snack Makanan Kucing Adult Tuna Sachet 4 x 15 g,14.900
9384,Pet Foods,Makanan Kucing,Me-O Creamy Treats Makanan Kucing Basah Rasa Salmon Sachet 4 x 15 g,31.500
9385,Pet Foods,Makanan Kucing,Me-O Makanan Kucing Basah Adult Rasa Ikan Laut dalam Jeli Pouch 80 g,8.500
9386,Pet Foods,Makanan Kucing,Me-O Makanan Kucing Basah Adult Tuna Ayam dalam Jeli Pouch 80 g,
9387,Pet Foods,Makanan Kucing,Whiskas Tasty Mix Junior Makanan Kucing Basah Tuna Salmon Labu 70 g,8.900
9388,Pet Foods,Makanan Kucing,Cat Choize Makanan Kucing Basah Adult Rasa Tuna Sachet 75 g,5.500
9389,Pet Foods,Makanan Kucing,Kitekat Makanan Kucing Basah Adult Rasa Ayam & Salmon 70 g,5.500
9390,Pet Foods,Makanan Kucing,Kitekat Makanan Kucing Basah Kitten Rasa Ayam & Salmon 70 g,5.500
9391,Pet Foods,Makanan Kucing,Whiskas Junior Makanan Kucing Kering Tuna Salmon 1.1 Kg,73.900
9392,Pet Foods,Makanan Kucing,Maxlife Makanan Kucing Kering Adult Tuna 1 kg,62.900
9393,Pet Foods,Makanan Kucing,Maxlife Makanan Kucing Kering Adult Makerel 1 kg,62.900
9394,Pet Foods,Makanan Kucing,"Me-O Makanan Kucing Basah Adult Rasa Sarden, Ayam, dan Nasi Pouch 80 g",7.500
9395,Pet Foods,Makanan Kucing,Me-O Makanan Kucing Kering Kitten Rasa Ikan Gabus 1.1 kg,79.900
9396,Pet Foods,Makanan Kucing,Me-O Makanan Kucing Kering Adult Rasa Ikan Bandeng 1.2 kg,71.900
9397,Pet Foods,Makanan Kucing,Cat Choize Makanan Kucing Basah Kitten Rasa Tuna Sachet 75 g,5.500
9398,Pet Foods,Makanan Kucing,Cuties Catz Makanan Kucing Kering Adult Tuna 500 g,13.900
9399,Pet Foods,Makanan Kucing,Cuties Catz Makanan Kucing Kitten Kering Salmon 450 g,13.900
9400,Pet Foods,Makanan Kucing,Cuties Catz Makanan Kucing Basah Adult Tuna 75 g,5.500
9401,Pet Foods,Makanan Kucing,Me-O Makanan Kucing Basah Kitten Rasa Otak-otak Pouch 80 g,8.500
9402,Pet Foods,Makanan Kucing,Me-O Makanan Kucing Basah Adult Rasa Otak-otak Pouch 80 g,8.400
9403,Pet Foods,Makanan Kucing,Whiskas Makanan Kucing Kering Adult Tuna & Salmon 480 g,38.200
9404,Pet Foods,Makanan Kucing,Me-O Makanan Kucing Kering Adult Rasa Salmon 1.1 kg,71.900
9405,Pet Foods,Makanan Kucing,Me-O Creamy Snack Makanan Kucing Basah Rasa Hati & Ayam Sachet 4 x 15 g,31.700
9406,Pet Foods,Makanan Kucing,Whiskas Makanan Kucing Kering Adult Rasa Ikan Laut 1.2 Kg,73.900
9407,Pet Foods,Makanan Kucing,Me-O Makanan Kucing Kering Adult Rasa Tuna 1.2 kg,71.900
9408,Pet Foods,Makanan Kucing,Me-O Makanan Kucing Kering Kitten Rasa Ikan Laut 1.1 kg,79.900
9409,Pet Foods,Makanan Kucing,Whiskas Makanan Kucing Kering Kitten Makerel 450 g,31.900
9410,Pet Foods,Makanan Kucing,Whiskas Makanan Kucing Kering Adult Makerel 480 g,30.000
9411,Pet Foods,Makanan Kucing,Whiskas Makanan Kucing Kering Adult Anti Bulu Rontok 450 g,34.900
9412,Pet Foods,Makanan Kucing,Cat Choize Makanan Kucing Kering Kitten Rasa Tuna & Salmon Milk 1.1 kg,59.900
9413,Pet Foods,Makanan Kucing,Cat Choize Makanan Kucing Kering Adult Rasa Tuna & Salmon 1.2 kg,59.900
9414,Pet Foods,Makanan Kucing,Cat Choize Makanan Kucing Kering Adult Rasa Tuna & Makerel 1.2 kg,59.900
9415,Pet Foods,Makanan Kucing,Me-O Adult Makanan Kucing Basah Rasa Tuna & Ikan Putih 80 g,7.500
9416,Pet Foods,Makanan Kucing,Me-O Makanan Kucing Basah Kitten Rasa Tuna Sarden dalam Jeli 80 g,7.500
9417,Pet Foods,Makanan Kucing,Me-O Makanan Kucing Basah Adult Rasa Makerel 80 g,7.500
9418,Pet Foods,Makanan Kucing,Me-O Makanan Kucing Basah Adult Rasa Pempek Ikan Putih & Telur 80 g,7.500
9419,Pet Foods,Makanan Kucing,Me-O Adult Makanan Kucing Basah Rasa Pempek Ikan & Udang 80 g,7.500
9420,Pet Foods,Makanan Kucing,Supercat Fiesta Makanan Kucing Kering Adult Rasa Ikan 50 g,7.000
9421,Pet Foods,Makanan Kucing,Whiskas Makanan Kucing Kering Adult Tuna 480 g,38.200
9422,Pet Foods,Makanan Kucing,Whiskas Makanan Kucing Basah Adult Tuna 80 g,8.100
9423,Pet Foods,Makanan Kucing,Whiskas Makanan Kucing Basah Kitten Rasa Tuna Pouch 80 g,8.100
9424,Pet Foods,Makanan Kucing,whiskas Makanan Kucing Basah Adult Rasa Ikan Laut Pouch 80 g,8.100
9425,Pet Foods,Makanan Kucing,Life Cat Makanan Kucing Basah Kitten Rasa Tuna Kaleng 400 g,21.500
9426,Pet Foods,Makanan Kucing,Bio Creamy Snack Makanan Kucing Basah Rasa Tuna Sachet 4 x 15 g,17.000
9427,Pet Foods,Makanan Kucing,Me-O Makanan Kucing Basah Adult Rasa Tuna dalam Jeli 400 g,21.700
9428,Pet Foods,Makanan Kucing,Whiskas Makanan Kucing Basah Kitten Rasa Makerel Pouch 80 g,8.100
9429,Pet Foods,Makanan Kucing,Me-O Makanan Kucing Kering Kitten Rasa Ikan Laut 400 g,31.700
9430,Pet Foods,Makanan Kucing,Me-O Pet Makanan Kucing Kering Adult Rasa Tuna 450 g,30.200
9431,Pet Foods,Makanan Kucing,Whiskas Junior Makanan Kucing Basah Mousse Ayam 80 g,8.100
9432,Pet Foods,Makanan Kucing,Whiskas Makanan Kucing Basah Adult Ayam & Salmon 80 g,8.100
9433,Pet Foods,Makanan Kucing,Me-O Makanan Kucing Basah Kitten Tuna dalam Jeli Kaleng 400 g,21.700
9434,Pet Foods,Makanan Kucing,Felix Makanan Kucing Basah Kitten Rasa Tuna dalam Jelly Pouch 85 g,8.600
9435,Pet Foods,Makanan Kucing,Felix Makanan Kucing Basah Adult Rasa Salmon dalam Jelly Pouch 85 g,8.600
9436,Pet Foods,Makanan Kucing,Whiskas Makanan Kucing Kering Adult Tuna 200 g,17.000
9437,Pet Foods,Makanan Kucing,Whiskas Junior Makanan Kucing Kering Tuna Salmon 180 g,17.000
9438,Pet Foods,Makanan Kucing,Supercat Fiesta Makanan Kucing Kering Kitten Rasa Ikan 50 g,5.900
9439,Pet Foods,Makanan Kucing,Supercat Mix Mix Snack Makanan Kucing Kering Classic Salmon 60 g,10.900
9440,Pet Foods,Makanan Kucing,Kittie Bittie Makanan Kucing Kering Adult Rasa Salmon 120 g,6.000
9441,Pet Foods,Makanan Kucing,Friskies Makanan Kucing Kitten Dry Discoveries 400 g,24.900
9442,Pet Foods,Makanan Kucing,Friskies Makanan Kucing Kering Adult Seafood Sensation 400 g,24.900
9443,Pet Foods,Makanan Kucing,Whiskas Makanan Kucing Kering Kitten Ikan Laut & Susu 1.1 kg,63.000
9444,Pet Foods,Makanan Kucing,Whiskas Makanan Kucing Kering Adult Tuna 1.2 kg,55.800
9445,Pet Foods,Makanan Kucing,Whiskas Makanan Kucing Basah Adult Makerel & Salmon 80 g,7.900
9446,Pet Foods,Makanan Kucing,Whiskas Makanan Kucing Basah Adult Rasa Ikan Laut Kaleng 400 g,24.000
9447,Pet Foods,Makanan Kucing,Whiskas Makanan Kucing Basah Adult Tuna 400 g,21.900
9448,Pet Foods,Makanan Kucing,Whiskas Makanan Kucing Basah Adult Makerel 80 g,7.900
9449,Pet Foods,Makanan Kucing,Whiskas Makanan Kucing Kering Adult Ikan Laut 480 g,27.500
9450,Pet Foods,Makanan Kucing,Whiskas Makanan Kucing Basah Rasa Tuna & Ikan Putih Pouch 80 g,7.900
9451,Pet Foods,Makanan Kucing,Whiskas Makanan Kucing Basah Adult Saba Panggang 80 g,7.900
9452,Pet Foods,Makanan Kucing,Whiskas Makanan Kucing Kering Adult Anti Bulu Rontok Skin & Coat 1.1 kg,75.000
9453,Pet Foods,Makanan Kucing,Whiskas Makanan Kucing Basah Adult Tuna 6 x 80 g,39.000
9454,Pet Foods,Makanan Kucing,Whiskas Makanan Kucing Basah Kitten Rasa Tuna 6 x 80 g,39.000
9455,Pet Foods,Makanan Kucing,Me-O Makanan Kucing Basah Adult Rasa Sarden & Salmon Kaleng 400 g,17.500
9456,Pet Foods,Makanan Kucing,Me-O Makanan Kucing Basah Adult Rasa Tuna & Sarden Kaleng 400 g,17.500
9457,Pet Foods,Makanan Kucing,Me-O Makanan Kucing Basah Kitten Rasa Tuna & Sarden Kaleng 400 g,17.500
9458,Pet Foods,Makanan Kucing,Felix Makanan Kucing Basah Adult Rasa Tuna dalam Jeli Pouch 85 g,7.000
9459,Pet Foods,Makanan Kucing,Felix Makanan Kucing Basah Adult Rasa Ayam dalam Jeli Pouch 85 g,7.000
9460,Pet Foods,Makanan Kucing,Felix Makanan Kucing Basah Kitten Rasa Ayam dalam Jeli Pouch 85 g,7.000
9461,Pet Foods,Makanan Kucing,Friskies Makanan Kucing Kering Adult Rasa Meaty Grills 400 g,24.900
9462,Pet Foods,Makanan Kucing,Whiskas Makanan Kucing Basah Adult Makerel 6 x 80 g,39.000
9463,Pet Foods,Makanan Hewan Peliharan Lainnya,Cat Comfy Pasir Kucing Aroma Apel 5 L,44.100
9464,Pet Foods,Makanan Hewan Peliharan Lainnya,Alfamart Pasir Kucing Aroma Kopi 3.5 L,29.900
9465,Pet Foods,Makanan Hewan Peliharan Lainnya,Cat Comfy Pasir Kucing Aroma Kopi 5 L,37.900
