category,raw_category,product_name,price
cafe_drinks,bakery,jahe kunyit kapulaga bunga lawang cengkeh lemon madu jeruk nipis serai,21000
cafe_drinks,bakery,madu serai lemon cengkeh dan bunga lawang minuman hangat spesial,18000
cafe_drinks,boba,2 kopi boba + 1 milk candy boba,77000
cafe_drinks,boba,3 brown sugar fresh milk with boba,75000
cafe_drinks,boba,ali kopi boba ice ali kopi + boba kenyal,31000
cafe_drinks,boba,alpukat kocok susu large,27000
cafe_drinks,boba,alpukat kocok susu small,24000
cafe_drinks,boba,americano/hot espresso arabica gayo mineral water brown sugar,20000
cafe_drinks,boba,anggur squash,12500
cafe_drinks,boba,anggur yakult,15000
cafe_drinks,boba,anggur yakult,16000
cafe_drinks,boba,arome oreo brown sugar boba,20000
cafe_drinks,boba,arome regal brown sugar boba,20000
cafe_drinks,boba,authentic boba fresh milk chocolate,13000
cafe_drinks,boba,authentic boba fresh milk matcha,14000
cafe_drinks,boba,authentic boba fresh milk mocca,13000
cafe_drinks,boba,authentic boba fresh milk red velvet,13000
cafe_drinks,boba,authentic boba fresh milk strawberry,13000
cafe_drinks,boba,authentic boba fresh milk sweet brown sugar arome syrup marie cookies,16000
cafe_drinks,boba,authentic boba fresh milk sweet brown sugar arome syrup oreo cookies,16000
cafe_drinks,boba,authentic boba fresh milk sweet brown sugar machiato,16000
cafe_drinks,boba,authentic boba fresh milk sweet brown sugar oreo cookies marie cookies,16000
cafe_drinks,boba,authentic boba fresh milk taro,13000
cafe_drinks,boba,avocadabra jus alpukat fresh,31000
cafe_drinks,boba,avocado,13000
cafe_drinks,boba,avocado,20000
cafe_drinks,boba,avocado boba aren ukuran large,13000
cafe_drinks,boba,avocado cendol tanpa buah avocado cup datar,15000
cafe_drinks,boba,avocado choco lava boba,13500
cafe_drinks,boba,avocado choco lava boba,15000
cafe_drinks,boba,avocado coffe delight,13500
cafe_drinks,boba,avocado coffee delight boba,13500
cafe_drinks,boba,avocado kopi + boba+ jelly,15000
cafe_drinks,boba,avocado kopi boba,15000
cafe_drinks,boba,avocado kopi boba avocado kopi + boba+ jelly,15000
cafe_drinks,boba,avocado large,15000
cafe_drinks,boba,avocado large,19000
cafe_drinks,boba,avocado lava + boba+ jelly,15000
cafe_drinks,boba,avocado lava boba avocado lava + boba+ jelly,15000
cafe_drinks,boba,avocado milk rasakan kelembutan alpukat dipadu,20000
cafe_drinks,boba,avocado original,12500
cafe_drinks,boba,avocado original taste boba,13500
cafe_drinks,boba,banana coffee boba,25000
cafe_drinks,boba,banana milk caramel a dash of cinnamon signature cream and boba,32000
cafe_drinks,boba,banana smoothies pisang segar yang di blend,23400
cafe_drinks,boba,banana yakult jelly,18000
cafe_drinks,boba,beastea lemon tea+ lemon,12500
cafe_drinks,boba,beastea mangga tes+ mangga,12500
cafe_drinks,boba,belgian boba,15000
cafe_drinks,boba,belgian chocolate boba,13500
cafe_drinks,boba,belgian choklat boba choklat boba + jelly + slasi,15000
cafe_drinks,boba,belgian choklat boba choklat boba+ jelly,15000
cafe_drinks,boba,biskuit rasa susu paling,3000
cafe_drinks,boba,black chocolate oreo boba,13500
cafe_drinks,boba,blend susu manis dan selai srikaya,27500
cafe_drinks,boba,blewah squash,17000
cafe_drinks,boba,blue squash minuman bersoda unik,24500
cafe_drinks,boba,boba + jelly,15000
cafe_drinks,boba,boba + milk + brown sugar,15000
cafe_drinks,boba,boba + oreo,15000
cafe_drinks,boba,boba aren,4000
cafe_drinks,boba,boba aren boba,3000
cafe_drinks,boba,boba avocado milk boba avocado sugar milk,20000
cafe_drinks,boba,boba avocado sugar milk,20000
cafe_drinks,boba,boba beng beng milk signature,24000
cafe_drinks,boba,boba berry latte,25000
cafe_drinks,boba,boba brown sugar,5000
cafe_drinks,boba,boba brown sugar,23750
cafe_drinks,boba,boba brown sugar milk,18000
cafe_drinks,boba,boba brown sugar milk gula arennya premium dipadukan,20000
cafe_drinks,boba,boba brown sugar milk signature,24000
cafe_drinks,boba,boba bubble,3000
cafe_drinks,boba,boba bubble gum milk signature,24000
cafe_drinks,boba,boba capucino milk signature,24000
cafe_drinks,boba,boba caramel milk signature,24000
cafe_drinks,boba,boba chocochino,25000
cafe_drinks,boba,boba coffee milk kopi susu,14000
cafe_drinks,boba,boba dalgona kopi kopi susu gula aren noncoffe dll,13000
cafe_drinks,boba,boba dan cream cheese,16000
cafe_drinks,boba,boba dan oreo,16000
cafe_drinks,boba,boba dark choco sugar milk rasanya coklat bangett,20000
cafe_drinks,boba,boba green tea milk signature,24000
cafe_drinks,boba,boba greentea sugar milk,20000
cafe_drinks,boba,boba ice,12000
cafe_drinks,boba,boba jelly,16500
cafe_drinks,boba,boba kenyal,3700
cafe_drinks,boba,boba lyche + yakult + original cream,15000
cafe_drinks,boba,boba lyche + yakult +cheese cream,17000
cafe_drinks,boba,boba macha milk boba greentea sugar milk,20000
cafe_drinks,boba,boba manggo + yakult + cheese cream,17000
cafe_drinks,boba,boba manggo + yakult + original cream,15000
cafe_drinks,boba,boba manggo milk bobba manggo sugar milk,20000
cafe_drinks,boba,boba mango,8000
cafe_drinks,boba,boba matcha latte,25000
cafe_drinks,boba,boba melon,8000
cafe_drinks,boba,boba milk boba + milk + brown sugar,15000
cafe_drinks,boba,boba milk brown sugar,25000
cafe_drinks,boba,boba milk tea,8000
cafe_drinks,boba,boba milk tea signature,24000
cafe_drinks,boba,boba milo,8000
cafe_drinks,boba,boba milo milk signature,24000
cafe_drinks,boba,boba mocca milk signature,24000
cafe_drinks,boba,boba oreo,8000
cafe_drinks,boba,boba oreo milk signature,24000
cafe_drinks,boba,boba pearl,4000
cafe_drinks,boba,boba pearl + coklat + cream cheese machiato,16000
cafe_drinks,boba,boba pearl + coklat + original cream machiato,15000
cafe_drinks,boba,boba pearl + ovaltine + cheese cream,17000
cafe_drinks,boba,boba pearl + ovaltine + original cream,15000
cafe_drinks,boba,boba pearl + taro powder + cheese cream machiato,16000
cafe_drinks,boba,boba pearl + taro powder + original cream machiato,15000
cafe_drinks,boba,boba redvalvet milk signature,24000
cafe_drinks,boba,boba redvelved milk boba redvelved sugar milk,20000
cafe_drinks,boba,boba redvelved sugar milk,20000
cafe_drinks,boba,boba silverquin milk signature,24000
cafe_drinks,boba,boba spesial,5000
cafe_drinks,boba,boba starawberry + yakult + cheese cream,17000
cafe_drinks,boba,boba stawberry sugar milk,20000
cafe_drinks,boba,boba strawberry + yakult + original cream,15000
cafe_drinks,boba,boba strawberry milk boba stawberry sugar milk,20000
cafe_drinks,boba,boba susu gula aren,22500
cafe_drinks,boba,boba taro,8000
cafe_drinks,boba,boba taro milk boba taro sugar milk,20000
cafe_drinks,boba,boba taro milk signature,24000
cafe_drinks,boba,boba taro sugar milk,20000
cafe_drinks,boba,boba vanilla late milk boba vanilla sugar milk,20000
cafe_drinks,boba,boba vanilla sugar milk,20000
cafe_drinks,boba,boba vanilla white,20000
cafe_drinks,boba,boba yang pecah dimulut,4000
cafe_drinks,boba,bobapot klepon rasa lokal,35000
cafe_drinks,boba,bobapot oreo,39000
cafe_drinks,boba,bobapot oreo hokkaido boba brown milk ori,35000
cafe_drinks,boba,bobapot original,36000
cafe_drinks,boba,bobapot original kita,35000
cafe_drinks,boba,bobapot regal,39000
cafe_drinks,boba,bobapot regal bobapot original kita,35000
cafe_drinks,boba,bobayaga brown sugar mini boba dan cream cheese,16000
cafe_drinks,boba,bobayaga cocoa mini boba dan cream cheese,16000
cafe_drinks,boba,bobayaga coffee boba and cheese,16000
cafe_drinks,boba,bobayaga matcha mini boba dan cream cheese,16000
cafe_drinks,boba,bobayaga oreo mini boba dan oreo,16000
cafe_drinks,boba,bobayaga red velvet mini boba dan cream cheese,16000
cafe_drinks,boba,bobayaga taro mini boba dan cream cheese,16000
cafe_drinks,boba,bobba manggo sugar milk,20000
cafe_drinks,boba,brown boba fresh milk dan boba brown sugar,15000
cafe_drinks,boba,brown sugar boba,15000
cafe_drinks,boba,brown sugar boba boba + jelly,15000
cafe_drinks,boba,brown sugar boba boba kenyal,3700
cafe_drinks,boba,brown sugar boba brown sugar boba+ jelly,15000
cafe_drinks,boba,brown sugar boba susu segar + gula aren + boba kenyal,31000
cafe_drinks,boba,brown sugar boba+ jelly,15000
cafe_drinks,boba,brown sugar boba+ jelly brown sugar boba+ jelly,15000
cafe_drinks,boba,brown sugar matchiato coffee boba,20000
cafe_drinks,boba,brown sugar spesial taste boba,13500
cafe_drinks,boba,buah strawberry jeruk nipis soda dan sirup khas semox juice,15000
cafe_drinks,boba,bubble tea banana,17000
cafe_drinks,boba,bubble tea caramel,17000
cafe_drinks,boba,cadbury boba,15000
cafe_drinks,boba,cadbury chocolate boba,13500
cafe_drinks,boba,cadbury choklat boba choklat boba+jelly,15000
cafe_drinks,boba,cappucino + boba+ jelly,15000
cafe_drinks,boba,cappucino + milk + boba,10000
cafe_drinks,boba,cappucino boba milk cappucino + milk + boba,10000
cafe_drinks,boba,cappucino latte boba cappucino + boba+ jelly,15000
cafe_drinks,boba,cappucino susu,18000
cafe_drinks,boba,capucinno with boba expresso + boba pearl + susu,15000
cafe_drinks,boba,capucino boba es capucino,14000
cafe_drinks,boba,capucino late boba,15000
cafe_drinks,boba,capucino latte boba+ jelly,15000
cafe_drinks,boba,capuppucino late boba capucino latte boba+ jelly,15000
cafe_drinks,boba,caramel banana bread boba,39000
cafe_drinks,boba,cha bang ang avocado,16000
cafe_drinks,boba,chess oreo boba empuk dan manis rasa yg asik pasti enak,15000
cafe_drinks,boba,choco coffee boba,25000
cafe_drinks,boba,choco hazelnut mix boba aren+cheseeukuran large,16000
cafe_drinks,boba,choco klasik gona vanilla boba,15000
cafe_drinks,boba,choco ovaltine boba aren perpaduan ovaltine,14000
cafe_drinks,boba,chococino nescafe boba,13500
cafe_drinks,boba,chocohazelnut boba aren ukuran large,13000
cafe_drinks,boba,chocolate authentic boba fresh milk chocolate,13000
cafe_drinks,boba,chocolate boba,18000
cafe_drinks,boba,chocolate boba machiatto cheese,22000
cafe_drinks,boba,chocolate boba machiatto ori,20000
cafe_drinks,boba,chocolate boba minuman boba,20000
cafe_drinks,boba,chocolate bobazilla,42000
cafe_drinks,boba,chocolate cottage boba,13500
cafe_drinks,boba,chocolate spesial gulan aren boba,13500
cafe_drinks,boba,choklat + boba + jelly,15000
cafe_drinks,boba,choklat + boba+ jelly,15000
cafe_drinks,boba,choklat boba + jelly,15000
cafe_drinks,boba,choklat boba + jelly + slasi,15000
cafe_drinks,boba,choklat boba+ jellly+ slasi,15000
cafe_drinks,boba,choklat boba+ jelly,15000
cafe_drinks,boba,choklat boba+ jelly + slasi,15000
cafe_drinks,boba,choklat boba+ jelly+ slasi,15000
cafe_drinks,boba,choklat boba+jelly,15000
cafe_drinks,boba,choklat cadbury boba choklat boba+ jelly+ slasi,15000
cafe_drinks,boba,choklat delfi boba choklat boba+ jelly + slasi,15000
cafe_drinks,boba,choklat gula aren boba choklat boba + jelly,15000
cafe_drinks,boba,choklat gula aren boba choklat boba+ jellly+ slasi,15000
cafe_drinks,boba,choklat kitkat boba choklat boba+ jelly,15000
cafe_drinks,boba,choklat lava+ boba + jelly,15000
cafe_drinks,boba,choklat nutella boba choklat boba+ jelly + slasi,15000
cafe_drinks,boba,choklat silveequin boba choklat silverquin boba+ jelly+ slasi,15000
cafe_drinks,boba,choklat silverquin boba+ jelly+ slasi,15000
cafe_drinks,boba,choklat spesial jelly potter boba choklat + boba+ jelly,15000
cafe_drinks,boba,choklat spesial lava boba choklat lava+ boba + jelly,15000
cafe_drinks,boba,choklat tobleron boba cholat boba + jelly+ slasi,15000
cafe_drinks,boba,cholat boba + jelly+ slasi,15000
cafe_drinks,boba,cholat boba+ jelly,15000
cafe_drinks,boba,cocoa lava rum regal susu fresh milk,30000
cafe_drinks,boba,cocopandan squash,24500
cafe_drinks,boba,coffe veatnam boba coffe veatnam boba+ jelly,15000
cafe_drinks,boba,coffe veatnam boba+ jelly,15000
cafe_drinks,boba,coffee + boba,20700
cafe_drinks,boba,coffee + fresh milk + boba,20700
cafe_drinks,boba,coffee and honey infused boba homemade bubbles soaked in honey,5000
cafe_drinks,boba,coffee boba creamy latte,16500
cafe_drinks,boba,coffee brown sugar botol 270 ml,20000
cafe_drinks,boba,coffee in brown sugar,18000
cafe_drinks,boba,coffee vietnam boba,15000
cafe_drinks,boba,coklat boba,13500
cafe_drinks,boba,coklat boba aren ukuran large,13000
cafe_drinks,boba,coklat gula aren boba,15000
cafe_drinks,boba,coklat mix boba aren + cheeseukuran large,16000
cafe_drinks,boba,coklat spesial boba,13500
cafe_drinks,boba,coklat spesial jelly potter boba,15000
cafe_drinks,boba,cookies & cream boba,13500
cafe_drinks,boba,cookies + boba pearl + cheese cream machiato,16000
cafe_drinks,boba,cookies boba+ oreo,15000
cafe_drinks,boba,cookies cream boba,15000
cafe_drinks,boba,cookies cream boba boba + oreo,15000
cafe_drinks,boba,cookies creem boba cookies boba+ oreo,15000
cafe_drinks,boba,cookies oreo + boba pearl + cream original machiato,15000
cafe_drinks,boba,cotton candy + boba + milk,10000
cafe_drinks,boba,cream coffe coffee robusta salted cream brown sugar boba,15000
cafe_drinks,boba,creamy caramel paduan susu dan caramel,24500
cafe_drinks,boba,creamy oreo cheese smoothies oreo + freshmilk + cream cheese,15000
cafe_drinks,boba,dalgona,5000
cafe_drinks,boba,dalgona avocado,16500
cafe_drinks,boba,dalgona avocado boba l,20000
cafe_drinks,boba,dalgona banana boba l,20000
cafe_drinks,boba,dalgona coffe,14000
cafe_drinks,boba,dalgona coffe boba aren large,20000
cafe_drinks,boba,dalgona coffee + brown sugar boba + milk,18000
cafe_drinks,boba,dalgona coffee boba milk dalgona coffee + brown sugar boba + milk,18000
cafe_drinks,boba,dalgona ovaltine boba large,20000
cafe_drinks,boba,dalgona redvelvet boba aren large,20000
cafe_drinks,boba,dalgona tiramissu,16500
cafe_drinks,boba,darkness boba,17500
cafe_drinks,boba,delfi almond boba,15000
cafe_drinks,boba,delfi almond spesial boba,13500
cafe_drinks,boba,delfi choklat boba cholat boba+ jelly,15000
cafe_drinks,boba,di buat dari buah mangga asli,15000
cafe_drinks,boba,duo boba 1 brown sugar boba greentea + 1 brown sugar boba thaitea,33000
cafe_drinks,boba,earl grey tea,39000
cafe_drinks,boba,es cokelat boba,27500
cafe_drinks,boba,es cokelat susu,25000
cafe_drinks,boba,es cokelat susu salted caramel,31500
cafe_drinks,boba,es coklat boba,31500
cafe_drinks,boba,es kopi boba,23000
cafe_drinks,boba,es kopi boba,24000
cafe_drinks,boba,es kopi boba,27500
cafe_drinks,boba,es kopi boba,31500
cafe_drinks,boba,es kopi boba + cheese large,20000
cafe_drinks,boba,es kopi boba gula aren,23000
cafe_drinks,boba,es kopi boba klepon,45375
cafe_drinks,boba,es kopi boba minuman boba,20000
cafe_drinks,boba,es kopi bubblegum,20000
cafe_drinks,boba,es lemon cui,22500
cafe_drinks,boba,es lemon cui,24000
cafe_drinks,boba,es lemon tea,15000
cafe_drinks,boba,es nutrisari mangga,7000
cafe_drinks,boba,es susu regal,35000
cafe_drinks,boba,es susu strawberry,21500
cafe_drinks,boba,es susu strawberry dgn buah strawberry asli,16000
cafe_drinks,boba,es teh lemon teh murni + lemon ukuran jumbo 22 oz,9000
cafe_drinks,boba,es teh manis black tea,5000
cafe_drinks,boba,es thai tea boba,27500
cafe_drinks,boba,es thai tea boba,31500
cafe_drinks,boba,es yakult strawberry dgn buah strawberry asli,16000
cafe_drinks,boba,esktrak buah talas + susu gurih,24500
cafe_drinks,boba,espresso arabica gayo brown sugar mineral water,20000
cafe_drinks,boba,espresso arabica gayo mineral water brown sugar,20000
cafe_drinks,boba,espresso milk honey coffee boba.,23000
cafe_drinks,boba,espresso nescafe boba,13500
cafe_drinks,boba,expreso + brown sugar + susu,15000
cafe_drinks,boba,expreso + susu + pandan sirup,15000
cafe_drinks,boba,expresso + boba pearl + susu,15000
cafe_drinks,boba,frappe vanilla,22000
cafe_drinks,boba,fresh milk dan boba brown sugar,15000
cafe_drinks,boba,fresh milk sweet brown sugar machiato coffee,16000
cafe_drinks,boba,freshmilk boba aren cheese freshmilk yang dituangkan,16000
cafe_drinks,boba,freshmilk boba cheese large,19000
cafe_drinks,boba,freshmilk cotton candy + boba cheese l rasa permen karet,21000
cafe_drinks,boba,freshmilk ovaltine boba cheese freshmilk ovaltine coklat dipadukan,19000
cafe_drinks,boba,freshmilk ovaltine boba cheese l,21000
cafe_drinks,boba,freshmilk red velvet boba cheese freshmilk redvelvet,19000
cafe_drinks,boba,freshmilk redvelvet boba cheese large,21000
cafe_drinks,boba,freshmilk yang di tuangkan pada boba aren,19000
cafe_drinks,boba,grape blueocean boba,13500
cafe_drinks,boba,grape boba fresh,15000
cafe_drinks,boba,grape spesial mix yakult,16000
cafe_drinks,boba,grape squash,12500
cafe_drinks,boba,grape squash,13500
cafe_drinks,boba,grape squash,17000
cafe_drinks,boba,grape squash boba,13500
cafe_drinks,boba,grape yakult ice rasa anggur,17001
cafe_drinks,boba,grape yakult regular manisnya yakult,15000
cafe_drinks,boba,green lemon tea large,15000
cafe_drinks,boba,green lemon tea small,12000
cafe_drinks,boba,green tea boba,20000
cafe_drinks,boba,greentea boba aren greentea + brown sugar boba + freshmilkukuran large,13000
cafe_drinks,boba,greentea boba aren greentea yang di padukan,14000
cafe_drinks,boba,gula aren coffee boba,25000
cafe_drinks,boba,gulali boba milk cotton candy + boba + milk,10000
cafe_drinks,boba,hanya es dan susu saja. sangat menyegarkan,11000
cafe_drinks,boba,hanzalnut boba choklat boba+ jelly,15000
cafe_drinks,boba,hazelnut boba,15000
cafe_drinks,boba,hazelnut gona boba,15000
cafe_drinks,boba,hazelnute coffee boba,25000
cafe_drinks,boba,hazlenut boba choklat boba+ jelly + slasi,15000
cafe_drinks,boba,hazlenut chocolate boba,13500
cafe_drinks,boba,hokkaido boba brown milk ori,35000
cafe_drinks,boba,hokkaido boba brown milk original taste.,31000
cafe_drinks,boba,hokkaido boba matcha size large,25500
cafe_drinks,boba,hot / ice sweet tea teh manis,10000
cafe_drinks,boba,hot / ice tea teh tawar,9000
cafe_drinks,boba,hot jahe lemon jahe lemon dan serai,18000
cafe_drinks,boba,hot lemon tea,15000
cafe_drinks,boba,hot lemon tea,19000
cafe_drinks,boba,hot tea,10000
cafe_drinks,boba,ice ali kopi + boba kenyal,31000
cafe_drinks,boba,ice boba chocolate,22000
cafe_drinks,boba,ice boba milk,19000
cafe_drinks,boba,ice cream vanilla with boba,18500
cafe_drinks,boba,ice dalgona,13000
cafe_drinks,boba,ice kiwi yakult,14000
cafe_drinks,boba,ice kopi boba,15000
cafe_drinks,boba,ice lemon tea,19000
cafe_drinks,boba,ice lemon tea ice lemon tea,10000
cafe_drinks,boba,ice lemon tea pure lemon,22000
cafe_drinks,boba,ice lemon tea untuk driver,10000
cafe_drinks,boba,ice lime juice,17000
cafe_drinks,boba,ice lychee tea pure lychee tea,23000
cafe_drinks,boba,ice lychee yakult,14000
cafe_drinks,boba,ice mango yakult,14000
cafe_drinks,boba,ice matcha boba,15000
cafe_drinks,boba,ice sakura peach yakult,14000
cafe_drinks,boba,ice sorbet perpaduan rasa anggur dan yakult,15000
cafe_drinks,boba,ice sorbet perpaduan rasa blewah dan yakult,15000
cafe_drinks,boba,ice sorbet perpaduan rasa jeruk dan yakult,15000
cafe_drinks,boba,ice sorbet perpaduan rasa leci dan yakult,15000
cafe_drinks,boba,ice sorbet perpaduan rasa lime dan yakult,15000
cafe_drinks,boba,ice sorbet perpaduan rasa mangga dan yakult,15000
cafe_drinks,boba,ice sorbet perpaduan rasa sirsak dan yakult,15000
cafe_drinks,boba,ice sorbet perpaduan rasa strawberry dan yakult,15000
cafe_drinks,boba,ice stroberi yakult,14000
cafe_drinks,boba,ice tea,21000
cafe_drinks,boba,ice tea tarik,17000
cafe_drinks,boba,iced frappe boba coffee + boba,20700
cafe_drinks,boba,iced frappe milk boba coffee + fresh milk + boba,20700
cafe_drinks,boba,iced happy soda sirup cocopandan susu dan soda,24500
cafe_drinks,boba,iced lemon tea masa ga tau,20000
cafe_drinks,boba,iced pandan tea,20000
cafe_drinks,boba,irish bobacoff,39000
cafe_drinks,boba,irish bobacoff perpaduan lotus biscoff dan secret milk formula,38000
cafe_drinks,boba,jagungmanis susu keju large,15000
cafe_drinks,boba,jagungmanis susu keju small,12000
cafe_drinks,boba,jahe lemon dan serai,18000
cafe_drinks,boba,jahe madu lemon untuk imumitas kamu,31000
cafe_drinks,boba,jamule jahe madu lemon,31000
cafe_drinks,boba,jasmine milk tea boba,16000
cafe_drinks,boba,jasmine tea,39000
cafe_drinks,boba,juice blimbing large,16000
cafe_drinks,boba,juice blimbing small,12000
cafe_drinks,boba,juice jeruk small,10000
cafe_drinks,boba,juice lemon large,20000
cafe_drinks,boba,juice lemon small,15000
cafe_drinks,boba,juice melon small,12000
cafe_drinks,boba,juice nanas small,12000
cafe_drinks,boba,juice nangka,12000
cafe_drinks,boba,juice nangka large,16000
cafe_drinks,boba,juice sirsat small,12000
cafe_drinks,boba,juice tomat small,8000
cafe_drinks,boba,jus alpukat,21250
cafe_drinks,boba,jus alpukat fresh,31000
cafe_drinks,boba,jus buah naga,21250
cafe_drinks,boba,jus jeruk,20000
cafe_drinks,boba,jus jeruk fresh,31000
cafe_drinks,boba,jus mangga,21250
cafe_drinks,boba,jus mangga fresh,31000
cafe_drinks,boba,jus melon,21250
cafe_drinks,boba,jus sayur,31000
cafe_drinks,boba,jus semangka fresh,31000
cafe_drinks,boba,jus sirsak,21250
cafe_drinks,boba,jus strawberry,21250
cafe_drinks,boba,jus strawberry fresh,31000
cafe_drinks,boba,jus stroberi segar dilengkapi,28000
cafe_drinks,boba,kapiten+susu,18000
cafe_drinks,boba,kaya blend blend susu manis dan selai srikaya,27500
cafe_drinks,boba,keju susu,55333
cafe_drinks,boba,kesegaran lemon,15850
cafe_drinks,boba,kesegaran yakult yang hqq,16000
cafe_drinks,boba,kesegeran yakult yang hqq,12000
cafe_drinks,boba,kitkat boba,15000
cafe_drinks,boba,kitkat chocolate boba,13500
cafe_drinks,boba,klepon boba,39000
cafe_drinks,boba,klepon boba gula aren,23750
cafe_drinks,boba,klepon coffee boba,38000
cafe_drinks,boba,klepon coffee boba iced latte,35000
cafe_drinks,boba,komandan expreso + susu + pandan sirup,15000
cafe_drinks,boba,kopi boba,6000
cafe_drinks,boba,kopi boba,13500
cafe_drinks,boba,kopi boba,20000
cafe_drinks,boba,kopi boba,22000
cafe_drinks,boba,kopi boba gula aren 1 liter,45000
cafe_drinks,boba,kopi boba gula aren kopi,15500
cafe_drinks,boba,kopi boba kopi susu + boba,24000
cafe_drinks,boba,kopi boba okinawa kopi susu,27000
cafe_drinks,boba,kopi boba susu gula areb,25000
cafe_drinks,boba,kopi boba terbit aren with boba,15000
cafe_drinks,boba,kopi malaka + boba+ jelly,15000
cafe_drinks,boba,kopi malaka boba,15000
cafe_drinks,boba,kopi malaka boba kopi malaka + boba+ jelly,15000
cafe_drinks,boba,kopi nutella boba okinawa kopi susu nutella,40000
cafe_drinks,boba,kopi panda boba,38000
cafe_drinks,boba,kopi pandan boba pandan iced latte,35000
cafe_drinks,boba,kopi sederhana boba,15000
cafe_drinks,boba,kopi susu + boba,24000
cafe_drinks,boba,kopi susu gula aren + boba+ jelly,15000
cafe_drinks,boba,kopi susu gula aren boba,15000
cafe_drinks,boba,kopi susu gula aren boba kopi susu gula aren + boba+ jelly,15000
cafe_drinks,boba,kopi susu sederhana boba,13500
cafe_drinks,boba,kopi susu sederhana boba kopi susu sederhana boba+ jelly,15000
cafe_drinks,boba,kopi susu sederhana boba+ jelly,15000
cafe_drinks,boba,kopi susu spesial gula aren boba,13500
cafe_drinks,boba,kosuren expreso + brown sugar + susu,15000
cafe_drinks,boba,lechy tea,12500
cafe_drinks,boba,leci boba,6000
cafe_drinks,boba,leci squash,12500
cafe_drinks,boba,leci yakult,15000
cafe_drinks,boba,lecy spesial mix yakult,16000
cafe_drinks,boba,lecy yakult yakult yang dipadukan,12000
cafe_drinks,boba,lemon beach kesegaran lemon,15850
cafe_drinks,boba,lemon bestea mix yakult rasakan kesegaran yg tiada tara,16500
cafe_drinks,boba,lemon bestea rasakan kesegaran yg tiada tara,13500
cafe_drinks,boba,lemon blue ocean,12500
cafe_drinks,boba,lemon blue sky,20000
cafe_drinks,boba,lemon blueocean boba,13500
cafe_drinks,boba,lemon blueocean mix,13500
cafe_drinks,boba,lemon caramel seorang sahabat,20000
cafe_drinks,boba,lemon cui 1 liter,100000
cafe_drinks,boba,lemon iced tea,15000
cafe_drinks,boba,lemon mojito mint,20000
cafe_drinks,boba,lemon ocean blue,12500
cafe_drinks,boba,lemon soda,20000
cafe_drinks,boba,lemon spesial mix yakult,16000
cafe_drinks,boba,lemon squas,12500
cafe_drinks,boba,lemon squas yakul,16000
cafe_drinks,boba,lemon squash,12500
cafe_drinks,boba,lemon squash,13500
cafe_drinks,boba,lemon squash boba,13500
cafe_drinks,boba,lemon strawberry fresh,20000
cafe_drinks,boba,lemon tea,12500
cafe_drinks,boba,lemon tea large,10000
cafe_drinks,boba,lemon tea large,14000
cafe_drinks,boba,lemon tea penyegar,10000
cafe_drinks,boba,lemon tea small,6500
cafe_drinks,boba,lemon yakult,15000
cafe_drinks,boba,lime squash,17000
cafe_drinks,boba,lime tea,15000
cafe_drinks,boba,lyche yuzu with boba cheese machiato boba lyche + yakult +cheese cream,17000
cafe_drinks,boba,lyche yuzu with boba ori machiato boba lyche + yakult + original cream,15000
cafe_drinks,boba,lychee bestea mix yakult rasakan kesegaran yg tiada tara,16500
cafe_drinks,boba,lychee bestea rasakan kesegaran yg tiada tara,13500
cafe_drinks,boba,lychee blueocean boba,13500
cafe_drinks,boba,lychee blueocean mix,12500
cafe_drinks,boba,lychee blueocean mix,13500
cafe_drinks,boba,lychee fruits syrup soda with yakult,46200
cafe_drinks,boba,lychee ice blended,22500
cafe_drinks,boba,lychee ice tea shaken lycee ice tea with lycee fruits,44000
cafe_drinks,boba,lychee iced tea,15000
cafe_drinks,boba,lychee milkshake,20000
cafe_drinks,boba,lychee milky last,15000
cafe_drinks,boba,lychee mojito minuman dingin dan menyegarkan,22000
cafe_drinks,boba,lychee ocean blue,12500
cafe_drinks,boba,lychee smoothies,25000
cafe_drinks,boba,lychee soda,20000
cafe_drinks,boba,lychee squash,12500
cafe_drinks,boba,lychee squash,13500
cafe_drinks,boba,lychee squash,17000
cafe_drinks,boba,lychee squash boba,13500
cafe_drinks,boba,lychee squash minuman bersoda,24500
cafe_drinks,boba,lychee syrup yakult dan jelly,10000
cafe_drinks,boba,lychee tea teh,20000
cafe_drinks,boba,lychee yakult,15000
cafe_drinks,boba,lychee yakult,16000
cafe_drinks,boba,lychee yakult ice rasa leci,17001
cafe_drinks,boba,lychee yakult lychee syrup yakult dan jelly,10000
cafe_drinks,boba,lychee yuzu cocktail lychee segar,22000
cafe_drinks,boba,lyhcee bestea rasakan kesegaran yg tiada tara,13500
cafe_drinks,boba,magnum boba magnum boba+ jelly + slasi,15000
cafe_drinks,boba,magnum boba+ jelly + slasi,15000
cafe_drinks,boba,magnum spesial almond boba,13500
cafe_drinks,boba,malaka kopi boba,13500
cafe_drinks,boba,mangga blue ocean,16500
cafe_drinks,boba,mangga large,19000
cafe_drinks,boba,mangga small,15000
cafe_drinks,boba,mangga squash,16500
cafe_drinks,boba,mangga yakult,15000
cafe_drinks,boba,mangga yakult,16000
cafe_drinks,boba,manggo,13000
cafe_drinks,boba,manggo boba,6000
cafe_drinks,boba,manggo milky last,15000
cafe_drinks,boba,manggo smoothie di buat dari buah mangga asli,15000
cafe_drinks,boba,manggo squash,17000
cafe_drinks,boba,manggo squash boba,13500
cafe_drinks,boba,manggo yakult mango syrup yakult dan jelly,10000
cafe_drinks,boba,manggo yakult popping boba yakult yang dipadukan,18000
cafe_drinks,boba,manggo yakult rainbow jelly manggo yakult yang segar,17000
cafe_drinks,boba,manggo yakult yakult yang dipadukan,12000
cafe_drinks,boba,manggo yakult yang segar,17000
cafe_drinks,boba,mango bestea mix yakult rasakan kesegaran yg tiada tara,16500
cafe_drinks,boba,mango bestea rasakan kesegaran yg tiada tara,13500
cafe_drinks,boba,mango blueocean boba,13500
cafe_drinks,boba,mango juice,20000
cafe_drinks,boba,mango magic jus mangga fresh,31000
cafe_drinks,boba,mango smoothies,25000
cafe_drinks,boba,mango spesial mix yakult,16000
cafe_drinks,boba,mango squash,12500
cafe_drinks,boba,mango squash,13500
cafe_drinks,boba,mango squash,17000
cafe_drinks,boba,mango syrup yakult dan jelly,10000
cafe_drinks,boba,mango tea 1l,60000
cafe_drinks,boba,mango yakult,15000
cafe_drinks,boba,mango yakult ice rasa mangga,17001
cafe_drinks,boba,marie regal shake susu vanilla,24000
cafe_drinks,boba,marie susu fresh milk rum dan regal,15000
cafe_drinks,boba,marrie regal biskuit rasa susu paling,3000
cafe_drinks,boba,matcha boba+ jelly,15000
cafe_drinks,boba,matcha flavor boba,13500
cafe_drinks,boba,matcha flavor boba,15000
cafe_drinks,boba,matcha latte authentic boba fresh milk matcha,14000
cafe_drinks,boba,matcha latte boba,16000
cafe_drinks,boba,matcha melon boba,13500
cafe_drinks,boba,matcha melon boba matcha melon+ boba+ jelly,15000
cafe_drinks,boba,matcha melon+ boba+ jelly,15000
cafe_drinks,boba,matcha ori boba matcha boba+ jelly,15000
cafe_drinks,boba,matcha spesial gula aren boba,13500
cafe_drinks,boba,melon blueocean boba,13500
cafe_drinks,boba,melon boba,15000
cafe_drinks,boba,melon iced tea,15000
cafe_drinks,boba,melon smoothies,25000
cafe_drinks,boba,melon spesial mix yakult,16000
cafe_drinks,boba,melon squash,12500
cafe_drinks,boba,melon squash,13500
cafe_drinks,boba,melon squash,17000
cafe_drinks,boba,melon squash,20000
cafe_drinks,boba,melon squash boba,13500
cafe_drinks,boba,menggunakan buah mangga asli dan cheese cream yg legit,16000
cafe_drinks,boba,mikult anggur racikan 3 jenis susu di padukan,13000
cafe_drinks,boba,mikult lecy popping boba,19000
cafe_drinks,boba,mikult manggo,14000
cafe_drinks,boba,mikult manggo popping boba,19000
cafe_drinks,boba,mikult mango popping boba racikan 3 jenis susu dipadukan,17000
cafe_drinks,boba,mikult mango racikan 3 jenis susu dipadukan,13000
cafe_drinks,boba,mikult orange popping boba,17000
cafe_drinks,boba,mikult orange popping boba,19000
cafe_drinks,boba,mikult orange racikan 3 jenis susu di padukan,13000
cafe_drinks,boba,mikult strawberry popping boba,17000
cafe_drinks,boba,mikult strawberry racikan 3 jenis susu di padukan,13000
cafe_drinks,boba,milk boba,13500
cafe_drinks,boba,milk boba ada,13500
cafe_drinks,boba,milk candy boba permen susu,27000
cafe_drinks,boba,milk tea + ice + boba,10000
cafe_drinks,boba,milk tea boba,20000
cafe_drinks,boba,milk tea boba teh susu + boba kenyal,31000
cafe_drinks,boba,milk tea with boba milk tea + ice + boba,10000
cafe_drinks,boba,milky way hanya es dan susu saja. sangat menyegarkan,11000
cafe_drinks,boba,milo boba,15000
cafe_drinks,boba,milo boba aren ukuran large,13000
cafe_drinks,boba,milo boba milo boba+ jelly + slasi,15000
cafe_drinks,boba,milo boba+ jelly + slasi,15000
cafe_drinks,boba,milo choklat boba choklat boba+ jelly,15000
cafe_drinks,boba,milo flavor boba,13500
cafe_drinks,boba,milo mix boba aren+cheseeukuran large,16000
cafe_drinks,boba,mint iced tea,15000
cafe_drinks,boba,minuman boba,20000
cafe_drinks,boba,minuman penakluk dahaga yang terbuat dari sari lemon di padukan,18500
cafe_drinks,boba,mix 2 rasa juice semox small,20000
cafe_drinks,boba,mix 2 rasa semox juice large,28000
cafe_drinks,boba,mix 3 rasa juice semox small,23000
cafe_drinks,boba,mix 3 rasa semox juice large,25000
cafe_drinks,boba,mocca authentic boba fresh milk mocca,13000
cafe_drinks,boba,mocca boba,17000
cafe_drinks,boba,mocca flavor boba,13500
cafe_drinks,boba,mocca squash,12500
cafe_drinks,boba,moka tea,12500
cafe_drinks,boba,moonlite coffe boba,38000
cafe_drinks,boba,mutiara boba kalu di gigit pecah ada rasa buahnya...,5000
cafe_drinks,boba,nanas blueocean boba,13500
cafe_drinks,boba,nanas spesial mix yakult,16000
cafe_drinks,boba,nanas squash,12500
cafe_drinks,boba,nanas squash,13500
cafe_drinks,boba,nanas squash boba,13500
cafe_drinks,boba,nanas yakult,15000
cafe_drinks,boba,new menu black tea fresh milk hazelnut.,25000
cafe_drinks,boba,new menu black tea fresh milk honey.,25000
cafe_drinks,boba,nutela chocolate boba,13500
cafe_drinks,boba,nutela choklat boba choklat + boba+ jelly,15000
cafe_drinks,boba,nutella boba,15000
cafe_drinks,boba,odading boba kitkat,17500
cafe_drinks,boba,odading boba oreo,17500
cafe_drinks,boba,oolong tea,18500
cafe_drinks,boba,orange blueocean boba,13500
cafe_drinks,boba,orange juice,15000
cafe_drinks,boba,orange juice and strawberry syrup boost.,20000
cafe_drinks,boba,orange juice dengan blue raspberry,20000
cafe_drinks,boba,orange juice orange juice,15000
cafe_drinks,boba,orange smoothies,25000
cafe_drinks,boba,orange spesial mix yakult,16000
cafe_drinks,boba,orange squash,12500
cafe_drinks,boba,orange squash,13500
cafe_drinks,boba,orange squash,17000
cafe_drinks,boba,orange squash boba,13500
cafe_drinks,boba,orange yakult,15000
cafe_drinks,boba,orange yakult,16000
cafe_drinks,boba,orange yakult popping boba yakult yang dipadukan,18000
cafe_drinks,boba,orange yakult raibow jelly orange yakult,17000
cafe_drinks,boba,orange yakult yakut yang dipadukan,12000
cafe_drinks,boba,orangge squash,12500
cafe_drinks,boba,oreo boba,15000
cafe_drinks,boba,oreo choklat boba choklat + boba + jelly,15000
cafe_drinks,boba,oreo cookies & cream shake susu vanilla,24000
cafe_drinks,boba,oreo cookies boba minuman boba coklat oreo,20000
cafe_drinks,boba,oreo regal milk brown sugar boba,20000
cafe_drinks,boba,ovaltine boba aren ukuran large,13000
cafe_drinks,boba,ovaltine boba machiatto cheese,22000
cafe_drinks,boba,ovaltine boba machiatto ori,20000
cafe_drinks,boba,ovaltine mix boba aren+cheeseukuran large,16000
cafe_drinks,boba,ovaltine swiss boab choklat boba+ jelly,15000
cafe_drinks,boba,ovaltine swiss boba,13500
cafe_drinks,boba,ovaltine with boba ory machiato boba pearl + ovaltine + original cream,15000
cafe_drinks,boba,paduan susu dan caramel,24500
cafe_drinks,boba,paket sahabat sejati 2 kopi boba + 1 milk candy boba,77000
cafe_drinks,boba,pembelian 5 cup boba brown sugar milk 2 milk tea boba 3,120000
cafe_drinks,boba,perpaduan antara gurihnya susu,15000
cafe_drinks,boba,perpaduan thaitea,13750
cafe_drinks,boba,pinky love authentic boba fresh milk strawberry,13000
cafe_drinks,boba,pinky love boba,15000
cafe_drinks,boba,popping boba boba,4000
cafe_drinks,boba,popping boba lychee,5000
cafe_drinks,boba,popping boba mango,5000
cafe_drinks,boba,popping boba mutiara boba kalu di gigit pecah ada rasa buahnya...,5000
cafe_drinks,boba,pure lemon dengan pemanis alami,22000
cafe_drinks,boba,pure lychee tea,23000
cafe_drinks,boba,racikan 3 jenis susu di padukan,13000
cafe_drinks,boba,racikan 3 jenis susu dipadukan,13000
cafe_drinks,boba,racikan 3 jenis susu dipadukan,17000
cafe_drinks,boba,racikan darkcoklat nikmat diselami boba kenyal pasti suka kan,14000
cafe_drinks,boba,rasa chess coklat dan boba manis serta susu uht,15000
cafe_drinks,boba,rasa khas avocado dalam lembutnya dalgona,19000
cafe_drinks,boba,rasa kopi yg legit dan boba yg empuk serta susu uht,15000
cafe_drinks,boba,raspberry yakult,12000
cafe_drinks,boba,raspberry yakult poping boba,18000
cafe_drinks,boba,raspberry yakult rainbow jelly,17000
cafe_drinks,boba,red hole galaxy poping boba,18000
cafe_drinks,boba,red velvet authentic boba fresh milk red velvet,13000
cafe_drinks,boba,red velvet boba,15000
cafe_drinks,boba,red velvet boba,17000
cafe_drinks,boba,red velvet flavor boba,13500
cafe_drinks,boba,redvelved boba redvelved boba+ jelly,15000
cafe_drinks,boba,redvelved boba+ jelly,15000
cafe_drinks,boba,redvelvet boba aren redvelvet yang dipadukan,14000
cafe_drinks,boba,redvelvet boba aren ukuran large,13000
cafe_drinks,boba,redvelvet mix boba aren+cheeseukuran large,16000
cafe_drinks,boba,salted caramel boba,37000
cafe_drinks,boba,salted caramel coffee boba,38000
cafe_drinks,boba,salted caramel coffee boba salted caramel,35000
cafe_drinks,boba,salted caramel fresh milk cream signature and boba,32000
cafe_drinks,boba,salted sugar caramel boba,18000
cafe_drinks,boba,sedot coffee boba espresso milk honey coffee boba.,23000
cafe_drinks,boba,shaken ice tea with strawbery fruits,45000
cafe_drinks,boba,shaken lycee ice tea with lycee fruits,44000
cafe_drinks,boba,silver queen boba,15000
cafe_drinks,boba,silverqueen boba minuman boba,20000
cafe_drinks,boba,silverqueen boba soft,15000
cafe_drinks,boba,silverqueen chocolate boba,13500
cafe_drinks,boba,silverquin boba choklat boba+jelly,15000
cafe_drinks,boba,sirsak blueocean boba,13500
cafe_drinks,boba,sirsak spesial mix yakult,16000
cafe_drinks,boba,sirsak squash,12500
cafe_drinks,boba,sirsak squash,13500
cafe_drinks,boba,sirsak squash boba,13500
cafe_drinks,boba,sirup cocopandan susu dan soda,24500
cafe_drinks,boba,smoothies dari alpukat mentega,30000
cafe_drinks,boba,smoothies dari alpukat mentega,31000
cafe_drinks,boba,smoothies dari pisang cavendish,26000
cafe_drinks,boba,smoothies oreo + freshmilk + cream cheese,15000
cafe_drinks,boba,soda mangga dan mix berries,20000
cafe_drinks,boba,soda susu,20000
cafe_drinks,boba,sop buah kuah mangga,23000
cafe_drinks,boba,strawberry blast jus strawberry fresh,31000
cafe_drinks,boba,strawberry blueocean boba,13500
cafe_drinks,boba,strawberry cheese jus stroberi segar dilengkapi,28000
cafe_drinks,boba,strawberry ice tea shaken ice tea with strawbery fruits,45000
cafe_drinks,boba,strawberry iced tea,15000
cafe_drinks,boba,strawberry korean milk es susu strawberry dgn buah strawberry asli,16000
cafe_drinks,boba,strawberry smoothies,24000
cafe_drinks,boba,strawberry smoothies,25000
cafe_drinks,boba,strawberry spesial mix yakult,16000
cafe_drinks,boba,strawberry squash,12500
cafe_drinks,boba,strawberry squash,13500
cafe_drinks,boba,strawberry squash,17000
cafe_drinks,boba,strawberry squash,20000
cafe_drinks,boba,strawberry squash boba,13500
cafe_drinks,boba,strawberry squash minuman bersoda,24500
cafe_drinks,boba,strawberry tea 1l,60000
cafe_drinks,boba,strawberry tea teh,20000
cafe_drinks,boba,strawberry yakult,15000
cafe_drinks,boba,strawberry yakult,16000
cafe_drinks,boba,strawberry yakult,25000
cafe_drinks,boba,strawbery squash,12500
cafe_drinks,boba,summer green jus sayur,31000
cafe_drinks,boba,sunset orange juice and strawberry syrup boost.,20000
cafe_drinks,boba,susu alpukat bubble,14000
cafe_drinks,boba,susu boba gula aren campuran freshmilk,15000
cafe_drinks,boba,susu boba okinawa susu fresh milk,25000
cafe_drinks,boba,susu coco oreo bubble,14000
cafe_drinks,boba,susu dingin,13000
cafe_drinks,boba,susu fresh milk,25000
cafe_drinks,boba,susu fresh milk,27000
cafe_drinks,boba,susu fresh milk,28000
cafe_drinks,boba,susu fresh milk,30000
cafe_drinks,boba,susu putih,4500
cafe_drinks,boba,susu rasa vanilla dngan crunchy cookies dibalut,17750
cafe_drinks,boba,susu regal,20000
cafe_drinks,boba,susu royal coklat bubble,14000
cafe_drinks,boba,susu rum regal susu fresh milk,27000
cafe_drinks,boba,susu segar + gula aren + boba kenyal,31000
cafe_drinks,boba,susu strawbery bubble,14000
cafe_drinks,boba,susu taro bubble,14000
cafe_drinks,boba,sweet iced tea,12000
cafe_drinks,boba,sweet purple authentic boba fresh milk taro,13000
cafe_drinks,boba,sweet purple boba,16000
cafe_drinks,boba,sweet sugar caramel boba,18000
cafe_drinks,boba,swis ovaltine boba,15000
cafe_drinks,boba,tanpa buah avocado cup datar,15000
cafe_drinks,boba,taro + boba+ jelly,15000
cafe_drinks,boba,taro boba aren taro creamy,14000
cafe_drinks,boba,taro boba aren ukuran large,13000
cafe_drinks,boba,taro creamy dengan boba aren,14000
cafe_drinks,boba,taro flavor boba,13500
cafe_drinks,boba,taro flavor boba,15000
cafe_drinks,boba,taro flofer boba taro + boba+ jelly,15000
cafe_drinks,boba,taro milk boba minuman boba rasa taro,20000
cafe_drinks,boba,taro mix boba aren + cheseeukuran large,16000
cafe_drinks,boba,tea rasa green dan campuran susu uht,8000
cafe_drinks,boba,tea+ lemon,12500
cafe_drinks,boba,teh dengan sensasi lychee,20000
cafe_drinks,boba,teh murni + lemon ukuran jumbo 22 oz,9000
cafe_drinks,boba,teh susu + boba kenyal,31000
cafe_drinks,boba,teh susu ala thai gitu,22000
cafe_drinks,boba,teh thailand + boba kenyal,31000
cafe_drinks,boba,terbit aren with boba,15000
cafe_drinks,boba,tes+ mangga,12500
cafe_drinks,boba,thai avocado,27000
cafe_drinks,boba,thai lime tea,30000
cafe_drinks,boba,thai milk tea + boba,24000
cafe_drinks,boba,thai milk tea boba thai milk tea + boba,24000
cafe_drinks,boba,thai tea boba + gulali boba + milk tea boba,30000
cafe_drinks,boba,thai tea boba machiato cheese,22000
cafe_drinks,boba,thai tea boba machiato ori,20000
cafe_drinks,boba,thai tea boba milk thai tea + milk + ice,10000
cafe_drinks,boba,thai tea boba teh thailand + boba kenyal,31000
cafe_drinks,boba,thai tea bubble ice,12000
cafe_drinks,boba,thaitea boba aren thaitea + susu + boba arenukuran large,13000
cafe_drinks,boba,thaitea cheese ukuran large,13000
cafe_drinks,boba,thaitea yang di padukan,15000
cafe_drinks,boba,tobleron boba,15000
cafe_drinks,boba,tobleron boba choklat + boba+ jelly,15000
cafe_drinks,boba,tobleron chocolate boba,13500
cafe_drinks,boba,tropical orange jus jeruk fresh,31000
cafe_drinks,boba,tropical sunrise soda mangga dan mix berries,20000
cafe_drinks,boba,vanila blue boba,15000
cafe_drinks,boba,vanila blue boba vanila boba+ jelly,15000
cafe_drinks,boba,vanila boba+ jelly,15000
cafe_drinks,boba,vanilla blue boba,13500
cafe_drinks,boba,vanilla coffee boba,25000
cafe_drinks,boba,varia tea,135002
cafe_drinks,boba,vietnam coffee boba,13500
cafe_drinks,boba,wondermelon jus semangka fresh,31000
cafe_drinks,boba,xtra boba,6000
cafe_drinks,boba,yakult anggur ice sorbet perpaduan rasa anggur dan yakult,15000
cafe_drinks,boba,yakult blewah ice sorbet perpaduan rasa blewah dan yakult,15000
cafe_drinks,boba,yakult blueberry,14000
cafe_drinks,boba,yakult dan syryp jeruk premium dan popping boba,18000
cafe_drinks,boba,yakult honeydew melon,22000
cafe_drinks,boba,yakult jelly grape medium,15000
cafe_drinks,boba,yakult jelly lychee medium,15000
cafe_drinks,boba,yakult jelly mango medium,15000
cafe_drinks,boba,yakult jelly markisa medium,15000
cafe_drinks,boba,yakult jeruk ice sorbet perpaduan rasa jeruk dan yakult,15000
cafe_drinks,boba,yakult leci ice sorbet perpaduan rasa leci dan yakult,15000
cafe_drinks,boba,yakult leci kesegeran yakult,12000
cafe_drinks,boba,yakult leci popping boba kesegaran yakult,16000
cafe_drinks,boba,yakult leci rainbow jelly kesegaran,16000
cafe_drinks,boba,yakult lecy,14000
cafe_drinks,boba,yakult lime ice sorbet perpaduan rasa lime dan yakult,15000
cafe_drinks,boba,yakult lyche,22000
cafe_drinks,boba,yakult mangga ice sorbet perpaduan rasa mangga dan yakult,15000
cafe_drinks,boba,yakult manggo,14000
cafe_drinks,boba,yakult mango,22000
cafe_drinks,boba,yakult mango kesegaran yang hqq,12000
cafe_drinks,boba,yakult mango popping boba kesegaran yakult,16000
cafe_drinks,boba,yakult mango rainbow jelly,16000
cafe_drinks,boba,yakult orange,12000
cafe_drinks,boba,yakult orange popping boba,16000
cafe_drinks,boba,yakult orange rainbow jelly,16000
cafe_drinks,boba,yakult sirsak ice sorbet perpaduan rasa sirsak dan yakult,15000
cafe_drinks,boba,yakult strawberry,12000
cafe_drinks,boba,yakult strawberry es yakult strawberry dgn buah strawberry asli,16000
cafe_drinks,boba,yakult strawberry ice sorbet perpaduan rasa strawberry dan yakult,15000
cafe_drinks,boba,yakult strawberry popping boba,16000
cafe_drinks,boba,yakult strawberry rainbow jelly,16000
cafe_drinks,boba,yakult yang dipadukan,12000
cafe_drinks,boba,yakult yang dipadukan,18000
cafe_drinks,boba,yakuza lychee lychee fruits syrup soda with yakult,46200
cafe_drinks,coffee,1 liter es kopi susu monokrome kopi gula aren,118000
cafe_drinks,coffee,1 liter hazelnut coffee latte hazelnut coffee latte,123000
cafe_drinks,coffee,1 liter lychee ice tea non coffee,125000
cafe_drinks,coffee,1 shot espresso,5000
cafe_drinks,coffee,1/2 espresso + 2/4 milk + 1/4 milk foam,24500
cafe_drinks,coffee,1/4 espresso + 3/4 milk,24500
cafe_drinks,coffee,1/4 espresso + 3/4 water,19000
cafe_drinks,coffee,1/4 espresso + 3/4 water,20000
cafe_drinks,coffee,1/4 espresso + 3/4 water + crema,19000
cafe_drinks,coffee,10 cup trenscoffee lebih hemat,185000
cafe_drinks,coffee,2 shot espresso,5000
cafe_drinks,coffee,2/3 espresso +1/3 water,19000
cafe_drinks,coffee,3 x kopi creme bold kalosi package,67000
cafe_drinks,coffee,3 x kopi susu gula aren package,55000
cafe_drinks,coffee,3d foam coffee,22000
cafe_drinks,coffee,ali kopi tubruk arabica kopi tubruk,19000
cafe_drinks,coffee,ali kopi tubruk robusta kopi tubruk,12500
cafe_drinks,coffee,americano,8000
cafe_drinks,coffee,americano,12000
cafe_drinks,coffee,americano,18750
cafe_drinks,coffee,americano 1/4 espresso + 3/4 water,19000
cafe_drinks,coffee,americano espresso + cold water,18000
cafe_drinks,coffee,americano ice,22000
cafe_drinks,coffee,americano susu,20000
cafe_drinks,coffee,avocado coffee,58000
cafe_drinks,coffee,avocado coffee 1 liter,45000
cafe_drinks,coffee,avocado coffee delight,12500
cafe_drinks,coffee,avocado coffee espresso avocado milk nikmat beneran..,20000
cafe_drinks,coffee,avocado coffee kopi alpukat,15500
cafe_drinks,coffee,avocado espresso creme smoothies dari alpukat mentega,30000
cafe_drinks,coffee,avocado presso jus alpukat fresh + espresso,38500
cafe_drinks,coffee,banana espresso creme smoothies dari pisang cavendish,26000
cafe_drinks,coffee,berry latte refreshing berry espresso milk.,25000
cafe_drinks,coffee,biscoff latte,46000
cafe_drinks,coffee,black magic sedot version of iced americano + mint.,20000
cafe_drinks,coffee,blend susu segar ala ali kopi,19000
cafe_drinks,coffee,buat penggemar kopi dan coklat hazelnut,20000
cafe_drinks,coffee,cafe latte,22000
cafe_drinks,coffee,cafe latte with ice cream,44000
cafe_drinks,coffee,cappuccino,22000
cafe_drinks,coffee,cappuccino 1/2 espresso + 2/4 milk + 1/4 milk foam,24500
cafe_drinks,coffee,cappuccino latte rasakan kenikmatan yg hqq,13500
cafe_drinks,coffee,cappuchino coffee espresso sugar milk,20000
cafe_drinks,coffee,cappuchino hot espresso sugar milk,20000
cafe_drinks,coffee,cappucino latte,12500
cafe_drinks,coffee,caramel coffee espresso caramel syrop milk,20000
cafe_drinks,coffee,caramel latte,22000
cafe_drinks,coffee,caramel latte espresso dan susu,24000
cafe_drinks,coffee,caramel latte kopi susu,30500
cafe_drinks,coffee,chees dalgona kopi chess rasa kopi namun rasa chees..,7000
cafe_drinks,coffee,chess rasa kopi namun rasa chees..,7000
cafe_drinks,coffee,choco machiato coffee fresh milk chocolate machiato coffee,16000
cafe_drinks,coffee,choco matchiato coffee,19000
cafe_drinks,coffee,chocolicious latte coklat hangat,24000
cafe_drinks,coffee,coffee,20000
cafe_drinks,coffee,coffee,22000
cafe_drinks,coffee,coffee + lemon,25000
cafe_drinks,coffee,coffee + milk with drip process,15000
cafe_drinks,coffee,coffee 12 oz,12000
cafe_drinks,coffee,coffee arabika terbaik yang di seduh,25000
cafe_drinks,coffee,coffee coconut milk botol 1 ltr,54000
cafe_drinks,coffee,coffee coconut milk botol 270 ml,23000
cafe_drinks,coffee,coffee in banana,18000
cafe_drinks,coffee,coffee in cappucino,18000
cafe_drinks,coffee,coffee in jelly rasa banana,16000
cafe_drinks,coffee,coffee in jelly rasa leci,16000
cafe_drinks,coffee,coffee in jelly rasa manggo,16000
cafe_drinks,coffee,coffee in jelly rasa owreo,16000
cafe_drinks,coffee,coffee in jelly rasa strawberry,18000
cafe_drinks,coffee,coffee in jelly rasa taro,16000
cafe_drinks,coffee,coffee in jelly vanila blue,18500
cafe_drinks,coffee,coffee in milk,18000
cafe_drinks,coffee,coffee in ocean blue,18000
cafe_drinks,coffee,coffee jelly,5000
cafe_drinks,coffee,coffee latte,21250
cafe_drinks,coffee,coffee latte 1/4 espresso + 3/4 milk,24500
cafe_drinks,coffee,coffee milk kopi espresso berkolaborasi,14000
cafe_drinks,coffee,coffee soya milk botol 1 ltr,60000
cafe_drinks,coffee,coffee soya milk botol 270 ml,23000
cafe_drinks,coffee,coffee vietnam,12500
cafe_drinks,coffee,coffee vietname,13500
cafe_drinks,coffee,coffee vitnam,12500
cafe_drinks,coffee,coffeein avocado kopi,18000
cafe_drinks,coffee,coklat gula aren,12500
cafe_drinks,coffee,coklat gula aren,13500
cafe_drinks,coffee,coklat spesial gula aren,12500
cafe_drinks,coffee,coklat spesial gula aren,13500
cafe_drinks,coffee,cold brewed berry tea.,15000
cafe_drinks,coffee,cream coffee coffee robusta salted cream syrup leccy freshmilk,15000
cafe_drinks,coffee,cream kopi robusta freshmilk salted cream,13000
cafe_drinks,coffee,creamy nutella latte panna cotta,44000
cafe_drinks,coffee,creme gula aren,7000
cafe_drinks,coffee,dalgona coffe paduan foam kopi,18000
cafe_drinks,coffee,de lemonade coffee bottle coffee + lemon,25000
cafe_drinks,coffee,double espresso,12000
cafe_drinks,coffee,double espresso milk caramel foam.,25000
cafe_drinks,coffee,double espresso milk home made sugar.,22000
cafe_drinks,coffee,es americano / long black espresso,15000
cafe_drinks,coffee,es espreso gula aren,19000
cafe_drinks,coffee,es espreso latte,18000
cafe_drinks,coffee,es kopi,9000
cafe_drinks,coffee,es kopi alpukat,18000
cafe_drinks,coffee,es kopi alpukat,31500
cafe_drinks,coffee,es kopi alpukat,35000
cafe_drinks,coffee,es kopi alpukat mocca,37500
cafe_drinks,coffee,es kopi alpukat nougat,34000
cafe_drinks,coffee,es kopi alpukat nougat,39000
cafe_drinks,coffee,es kopi americano,17000
cafe_drinks,coffee,es kopi aren,18000
cafe_drinks,coffee,es kopi aren kopi hitam,25000
cafe_drinks,coffee,es kopi baileys halal kopi susu,31000
cafe_drinks,coffee,es kopi cappucino,17000
cafe_drinks,coffee,es kopi caramel machiato,23000
cafe_drinks,coffee,es kopi cendol nangka,27500
cafe_drinks,coffee,es kopi cendol nangka,43000
cafe_drinks,coffee,es kopi cheese,17000
cafe_drinks,coffee,es kopi cinnamon perpaduan kopi,23000
cafe_drinks,coffee,es kopi coklat,19000
cafe_drinks,coffee,es kopi cookies,23000
cafe_drinks,coffee,es kopi durian,23000
cafe_drinks,coffee,es kopi gua es kopi gula aren,22000
cafe_drinks,coffee,es kopi gula aren 4 cup,88000
cafe_drinks,coffee,es kopi gula aren serlok espresso blend + palm sugar + fresh milk,22000
cafe_drinks,coffee,es kopi gula aren yang fenomenal,22000
cafe_drinks,coffee,es kopi hitam kopi,25000
cafe_drinks,coffee,es kopi jati,27000
cafe_drinks,coffee,es kopi jati,35000
cafe_drinks,coffee,es kopi jati double espresso,29000
cafe_drinks,coffee,es kopi jati double espresso,39000
cafe_drinks,coffee,es kopi karamel,22000
cafe_drinks,coffee,es kopi lemon,16000
cafe_drinks,coffee,es kopi lemon kopi,25000
cafe_drinks,coffee,es kopi lotus,42000
cafe_drinks,coffee,es kopi macchiato karamel,19000
cafe_drinks,coffee,es kopi milk kopi hitam yang khas dipadukan,14000
cafe_drinks,coffee,es kopi mocca kopi,29000
cafe_drinks,coffee,es kopi nougat,27500
cafe_drinks,coffee,es kopi nougat,31500
cafe_drinks,coffee,es kopi red velvet,20000
cafe_drinks,coffee,es kopi rose kopi,23000
cafe_drinks,coffee,es kopi salted caramel,31500
cafe_drinks,coffee,es kopi salted caramel,35000
cafe_drinks,coffee,es kopi sanger,18000
cafe_drinks,coffee,es kopi susu,13000
cafe_drinks,coffee,es kopi susu ala ali kopi,22000
cafe_drinks,coffee,es kopi susu ala ali kopi + cream cheese,31000
cafe_drinks,coffee,es kopi susu enjoy,16000
cafe_drinks,coffee,es kopi susu gula aren,30250
cafe_drinks,coffee,es kopi susu gula aren 10 cup,215000
cafe_drinks,coffee,es kopi susu gula aren kpr ice kopi susu,17000
cafe_drinks,coffee,es kopi susu monokrome can,34000
cafe_drinks,coffee,es kopi susu pandan,38000
cafe_drinks,coffee,es kopi susu pisang,38000
cafe_drinks,coffee,es kopi susu special ramadhan,10000
cafe_drinks,coffee,es kopi taro,20000
cafe_drinks,coffee,es kopi teduh cream kopi robusta freshmilk salted cream,13000
cafe_drinks,coffee,espresso,5000
cafe_drinks,coffee,espresso,6000
cafe_drinks,coffee,espresso,12500
cafe_drinks,coffee,espresso,18750
cafe_drinks,coffee,espresso,24500
cafe_drinks,coffee,espresso,25000
cafe_drinks,coffee,espresso + butterfly pea + milk,31000
cafe_drinks,coffee,espresso + cold water,18000
cafe_drinks,coffee,espresso + fresh milk + gula aren,20000
cafe_drinks,coffee,espresso + whipped cream + cinnamon stick,24500
cafe_drinks,coffee,espresso 100 percent arabica specialty and mineral water,130000
cafe_drinks,coffee,espresso avocado milk nikmat beneran..,20000
cafe_drinks,coffee,espresso caramel syrop milk,20000
cafe_drinks,coffee,espresso dari kopi kalosi,20000
cafe_drinks,coffee,espresso dari kopi kalosi,29000
cafe_drinks,coffee,espresso milk dark chocolate.,23000
cafe_drinks,coffee,espresso milk homemade peanut butter strawberry jam.,27000
cafe_drinks,coffee,espresso milk homemade sugar.,18000
cafe_drinks,coffee,espresso milk white truffle oil.,35000
cafe_drinks,coffee,espresso one shot of espresso,20500
cafe_drinks,coffee,espresso regal one scoop of espresso regal gelato,20000
cafe_drinks,coffee,espresso sugar milk,20000
cafe_drinks,coffee,espresso water no sugar.,20000
cafe_drinks,coffee,filter coffee,38000
cafe_drinks,coffee,fluffy latte cafe latte with ice cream,44000
cafe_drinks,coffee,fresh milk chocolate machiato coffee,16000
cafe_drinks,coffee,fresh milk gula aren regular susu segar klasik,15500
cafe_drinks,coffee,fresh milk latte machiato,16000
cafe_drinks,coffee,fresh milk strawberry machiato coffee,16000
cafe_drinks,coffee,ginger milk latte,22000
cafe_drinks,coffee,golden tumeric latte,20000
cafe_drinks,coffee,gula aren,3500
cafe_drinks,coffee,gula aren 1 liter,70000
cafe_drinks,coffee,gula aren 250 ml,20000
cafe_drinks,coffee,gula aren latte,22000
cafe_drinks,coffee,hazelnut coffee latte,123000
cafe_drinks,coffee,hazelnut latte,22000
cafe_drinks,coffee,hazelnut latte espresso vanilla dan susu,24000
cafe_drinks,coffee,hazelnut latte ice hazelnut latte,15000
cafe_drinks,coffee,hot americano,31500
cafe_drinks,coffee,hot americano / long black espresso,15000
cafe_drinks,coffee,hot coffee black blend,17000
cafe_drinks,coffee,hot coffee latte,18000
cafe_drinks,coffee,hot coffee milk enjoy,17000
cafe_drinks,coffee,hot espresso,24000
cafe_drinks,coffee,hot kopi creme brulee,21000
cafe_drinks,coffee,hot latte,37500
cafe_drinks,coffee,hot mocha,37500
cafe_drinks,coffee,ice americano,17000
cafe_drinks,coffee,ice americano kopi dari kalosi bold and nutty freshly brewed,18000
cafe_drinks,coffee,ice berry latte,22000
cafe_drinks,coffee,ice cappuccino,22000
cafe_drinks,coffee,ice caramel latte,22000
cafe_drinks,coffee,ice caramel macchiato,19000
cafe_drinks,coffee,ice choco macchiato,19000
cafe_drinks,coffee,ice coffe minum kopi item pake es...siegeerrr,13000
cafe_drinks,coffee,ice coffee float,25000
cafe_drinks,coffee,ice gula aren latte,22000
cafe_drinks,coffee,ice hazelnut latte,15000
cafe_drinks,coffee,ice hazelnut latte,22000
cafe_drinks,coffee,ice kopi semox,13000
cafe_drinks,coffee,ice latte,22000
cafe_drinks,coffee,ice pandan latte,22000
cafe_drinks,coffee,ice vanilla latte,15000
cafe_drinks,coffee,ice vanilla latte,22000
cafe_drinks,coffee,iced ali kopi cheese es kopi susu ala ali kopi + cream cheese,31000
cafe_drinks,coffee,iced americano,48125
cafe_drinks,coffee,iced americano 1/4 espresso + 3/4 water,20000
cafe_drinks,coffee,iced americano espresso water no sugar.,20000
cafe_drinks,coffee,iced cafe latte,55000
cafe_drinks,coffee,iced cafe mocha,61875
cafe_drinks,coffee,iced cappuccino,55000
cafe_drinks,coffee,iced cappuccino 1/2 espresso + 2/4 milk + 1/4 milk foam,24500
cafe_drinks,coffee,iced caramel latte kopi susu,31000
cafe_drinks,coffee,iced coffee latte 1/4 espresso + 3/4 milk,24500
cafe_drinks,coffee,iced hazelnut latte kopi susu,31000
cafe_drinks,coffee,iced kopi ali es kopi susu ala ali kopi,22000
cafe_drinks,coffee,iced kopi bang kopi viral,24500
cafe_drinks,coffee,iced latte,35000
cafe_drinks,coffee,iced milk blend susu segar ala ali kopi,19000
cafe_drinks,coffee,iced mint coffee kopi hitam,24500
cafe_drinks,coffee,iced mocha pahitnya kopi + manisnya coklat,27500
cafe_drinks,coffee,iced pandan latte,31000
cafe_drinks,coffee,iced red velvet latte rasa kue red velvet dalam bentuk minuman,24500
cafe_drinks,coffee,iced salted honey latte perpaduan kopi susu manis + gurih,22000
cafe_drinks,coffee,iced taro latte esktrak buah talas + susu gurih,24500
cafe_drinks,coffee,iced vanilla latte kopi susu,27500
cafe_drinks,coffee,iced. caramel aren arabusta coffee fresh milk,27000
cafe_drinks,coffee,japanese coffee arabika terbaik yang di seduh,25000
cafe_drinks,coffee,japanese iced coffee,22000
cafe_drinks,coffee,jus alpukat fresh + espresso,38500
cafe_drinks,coffee,klepon susu gula aren,22500
cafe_drinks,coffee,kopi + susu + gula aren,15000
cafe_drinks,coffee,kopi + susu + gula aren,23750
cafe_drinks,coffee,kopi aren troy panna cotta,39000
cafe_drinks,coffee,kopi baileys kopi,31000
cafe_drinks,coffee,kopi coklat + creme aren,35000
cafe_drinks,coffee,kopi coklat creme classic kopi coklat + creme aren,35000
cafe_drinks,coffee,kopi creamy dengan oreo,22500
cafe_drinks,coffee,kopi creme bold kalosi kopi dari kalosi bold dan nutty,25000
cafe_drinks,coffee,kopi creme smooth bali kopi dari bali smooth dan fruity,25000
cafe_drinks,coffee,kopi dari bali smooth dan fruity,25000
cafe_drinks,coffee,kopi dari kalosi bold and nutty freshly brewed,18000
cafe_drinks,coffee,kopi dari kalosi bold dan nutty,25000
cafe_drinks,coffee,kopi dengan marie regal,22500
cafe_drinks,coffee,kopi dengan rasa baileys halal,31000
cafe_drinks,coffee,kopi dengan sensasi aroma mawar,23000
cafe_drinks,coffee,kopi espresso berkolaborasi,14000
cafe_drinks,coffee,kopi gula aren,12000
cafe_drinks,coffee,kopi gula aren,22500
cafe_drinks,coffee,kopi gula aren dengan full arabica,118000
cafe_drinks,coffee,kopi hitam,16000
cafe_drinks,coffee,kopi hitam,24500
cafe_drinks,coffee,kopi hitam berry,36000
cafe_drinks,coffee,kopi hitam klasik,20000
cafe_drinks,coffee,kopi hitam manis kopi,7000
cafe_drinks,coffee,kopi hitam pahit kopi,7000
cafe_drinks,coffee,kopi hitam panas,16000
cafe_drinks,coffee,kopi hitam skm ice/hot,9000
cafe_drinks,coffee,kopi hitam yang khas dipadukan,14000
cafe_drinks,coffee,kopi hydro,12000
cafe_drinks,coffee,kopi jelly,20000
cafe_drinks,coffee,kopi keju kopi susu + cheese,24000
cafe_drinks,coffee,kopi kenangan mantan kopi susu,18000
cafe_drinks,coffee,kopi klapa kopi hydro,12000
cafe_drinks,coffee,kopi kopi rasa kacang,31250
cafe_drinks,coffee,kopi lali,13500
cafe_drinks,coffee,kopi lali small,13500
cafe_drinks,coffee,kopi lava,20000
cafe_drinks,coffee,kopi malabar,19000
cafe_drinks,coffee,kopi no debat x 3 + es chocoman x 3,165000
cafe_drinks,coffee,kopi no obat iced. caramel aren arabusta coffee fresh milk,27000
cafe_drinks,coffee,kopi nutella latte sharing size,77000
cafe_drinks,coffee,kopi panas,19000
cafe_drinks,coffee,kopi pourover yang diseduh,19000
cafe_drinks,coffee,kopi rempah,32000
cafe_drinks,coffee,kopi semox,8000
cafe_drinks,coffee,kopi skippy aren latte + skippy choco latte,43000
cafe_drinks,coffee,kopi skippy aren latte latte espresso gula aren dipadukan,28000
cafe_drinks,coffee,kopi susu,12000
cafe_drinks,coffee,kopi susu,14000
cafe_drinks,coffee,kopi susu,27000
cafe_drinks,coffee,kopi susu,27500
cafe_drinks,coffee,kopi susu,30500
cafe_drinks,coffee,kopi susu,31000
cafe_drinks,coffee,kopi susu,37000
cafe_drinks,coffee,kopi susu + cheese,24000
cafe_drinks,coffee,kopi susu aren brulee panna cotta kopi susu,37000
cafe_drinks,coffee,kopi susu aren creamy kopi susu aren kalosi,22000
cafe_drinks,coffee,kopi susu aren kalosi,22000
cafe_drinks,coffee,kopi susu aren kalosi,57000
cafe_drinks,coffee,kopi susu caramel kopi,14000
cafe_drinks,coffee,kopi susu coconut serlok espresso blend + sweet coconut milk,22000
cafe_drinks,coffee,kopi susu espresso + fresh milk + gula aren,20000
cafe_drinks,coffee,kopi susu gula aren,12500
cafe_drinks,coffee,kopi susu gula aren,20000
cafe_drinks,coffee,kopi susu gula aren 1 liter,112500
cafe_drinks,coffee,kopi susu gula aren 1l,90000
cafe_drinks,coffee,kopi susu gula aren espresso dari kopi kalosi,20000
cafe_drinks,coffee,kopi susu gula aren sharing size,55000
cafe_drinks,coffee,kopi susu hazelnut serlok espresso blend + hazelnut syrup + fresh milk,22000
cafe_drinks,coffee,kopi susu hot/ice,12000
cafe_drinks,coffee,kopi susu klasik,20000
cafe_drinks,coffee,kopi susu klepon,44000
cafe_drinks,coffee,kopi susu mochaccino cocoa lava espresso dari kopi kalosi,29000
cafe_drinks,coffee,kopi susu nutella,40000
cafe_drinks,coffee,kopi susu panas,19000
cafe_drinks,coffee,kopi susu panas,22500
cafe_drinks,coffee,kopi susu pandan serlok espresso blend + pandan syrup + fresh milk,22000
cafe_drinks,coffee,kopi susu regal,22000
cafe_drinks,coffee,kopi susu regal,38000
cafe_drinks,coffee,kopi susu rum regal espresso dari kopi kalosi,29000
cafe_drinks,coffee,kopi susu sederhana,12500
cafe_drinks,coffee,kopi susu sederhana,13500
cafe_drinks,coffee,kopi susu sejati 1 liter,150000
cafe_drinks,coffee,kopi susu semox,10000
cafe_drinks,coffee,kopi susu small,15000
cafe_drinks,coffee,kopi susu spesial gula aren,12500
cafe_drinks,coffee,kopi susu spesial gula aren,13500
cafe_drinks,coffee,kopi susu strawberry,36000
cafe_drinks,coffee,kopi susu sweet macchiato dan crumbed biskuit da,25000
cafe_drinks,coffee,kopi toraja,20000
cafe_drinks,coffee,kopi tubruk,12500
cafe_drinks,coffee,kopi tubruk,19000
cafe_drinks,coffee,kopi vanilla latte vanilla latte kopi susu,25000
cafe_drinks,coffee,kopi vietnam,12500
cafe_drinks,coffee,kopi viral dengan kecap bango,24500
cafe_drinks,coffee,kopsus gula aren kopi + susu + gula aren,23750
cafe_drinks,coffee,korean strawberry latte susu fresh milk,28000
cafe_drinks,coffee,latte,30000
cafe_drinks,coffee,latte espresso gula aren dipadukan,28000
cafe_drinks,coffee,latte machiato fresh milk latte machiato,16000
cafe_drinks,coffee,latte matchiato,18000
cafe_drinks,coffee,latte with nuttela,46000
cafe_drinks,coffee,lava caramel coffee,23750
cafe_drinks,coffee,lavacado coffee r rasa khas avocado dalam lembutnya dalgona,19000
cafe_drinks,coffee,legian latte espresso + butterfly pea + milk,31000
cafe_drinks,coffee,lemon + coffee,18000
cafe_drinks,coffee,lemonade coffee cup lemon + coffee,18000
cafe_drinks,coffee,long black 1/4 espresso + 3/4 water + crema,19000
cafe_drinks,coffee,macchiato,4000
cafe_drinks,coffee,macchiato,5000
cafe_drinks,coffee,macchiato double espresso milk caramel foam.,25000
cafe_drinks,coffee,macchiato espresso,24500
cafe_drinks,coffee,macchiato kenikmatan yg hqq,3500
cafe_drinks,coffee,malabars peaceful summit kopi malabar,19000
cafe_drinks,coffee,malaka coffee,12500
cafe_drinks,coffee,marie regal latte espresso susu dan sirup vanilla,28000
cafe_drinks,coffee,merry cookie latte kopi susu sweet macchiato dan crumbed biskuit da,25000
cafe_drinks,coffee,milo coffee,15000
cafe_drinks,coffee,minum kopi item pake es...siegeerrr,13000
cafe_drinks,coffee,mixed sampler + 2 iced machiatto latte,191000
cafe_drinks,coffee,mocha 1 liter,70000
cafe_drinks,coffee,mocha 250 ml,20000
cafe_drinks,coffee,mocha espresso milk dark chocolate.,23000
cafe_drinks,coffee,mocha pahitnya kopi + manisnya coklat,26500
cafe_drinks,coffee,mocha series,19500
cafe_drinks,coffee,mochaccino,15000
cafe_drinks,coffee,mochaccino,22000
cafe_drinks,coffee,nikmatnya alpukat lampung + gurihnya susu creamer + gula aren bakar,22500
cafe_drinks,coffee,non coffee,125000
cafe_drinks,coffee,nutella coffee paduan kopi dan nutella blend,33000
cafe_drinks,coffee,one scoop of espresso regal gelato,20000
cafe_drinks,coffee,one shot of espresso,20500
cafe_drinks,coffee,orange coffee,38500
cafe_drinks,coffee,oreo latte espresso susu sirup dan vanilla,28000
cafe_drinks,coffee,paduan foam kopi,18000
cafe_drinks,coffee,paduan kopi dan nutella blend,33000
cafe_drinks,coffee,pahitnya kopi + manisnya coklat,26500
cafe_drinks,coffee,pahitnya kopi + manisnya coklat,27500
cafe_drinks,coffee,paket 2 gelas es kopi roempi,39000
cafe_drinks,coffee,paket 4 gelas es kopi roempi,67000
cafe_drinks,coffee,paket 8 gelas es kopi roempi,129000
cafe_drinks,coffee,paket kopi series pembelian kopi susu 2 cappucino 3,102500
cafe_drinks,coffee,pandan iced latte,35000
cafe_drinks,coffee,pandan latte,22000
cafe_drinks,coffee,pandan latte espresso dan susu,24000
cafe_drinks,coffee,panna cotta gula aren pudding khas italia yang lembut,15000
cafe_drinks,coffee,parentas wine,5000
cafe_drinks,coffee,pb & j latte espresso milk homemade peanut butter strawberry jam.,27000
cafe_drinks,coffee,peanut butter latte,32000
cafe_drinks,coffee,pembelian kopi susu 2 cappucino 3,102500
cafe_drinks,coffee,perpaduan kopi,23000
cafe_drinks,coffee,perpaduan kopi susu manis + gurih,22000
cafe_drinks,coffee,piccolo 2/3 espresso +1/3 water,19000
cafe_drinks,coffee,picollo latte,36000
cafe_drinks,coffee,pisang goreng aren pisang susu kental manis aren powder,18000
cafe_drinks,coffee,pisang susu kental manis aren powder,18000
cafe_drinks,coffee,rasa mangga asam manis + creamer + gula aren bakar,22500
cafe_drinks,coffee,red velvet latte rasa kue red velvet dalam bentuk minuman,24500
cafe_drinks,coffee,red velvet latte red velvet nikmat dipadukan,29000
cafe_drinks,coffee,refreshing berry espresso milk.,25000
cafe_drinks,coffee,sajian es krim dengan kopi espresso,22000
cafe_drinks,coffee,salted caramel latte,46000
cafe_drinks,coffee,salted caramel met arabica house espresso,123000
cafe_drinks,coffee,sedot basic espresso milk homemade sugar.,18000
cafe_drinks,coffee,sedot version of iced americano + mint.,20000
cafe_drinks,coffee,serlok espresso blend + butterscotch syrup + fresh milk,22000
cafe_drinks,coffee,serlok espresso blend + hazelnut syrup + fresh milk,22000
cafe_drinks,coffee,serlok espresso blend + palm sugar + fresh milk,22000
cafe_drinks,coffee,serlok espresso blend + pandan syrup + fresh milk,22000
cafe_drinks,coffee,serlok espresso blend + salted caramel + fresh milk,22000
cafe_drinks,coffee,serlok espresso blend + sweet coconut milk,22000
cafe_drinks,coffee,shaken iced kopi arabica blend,18000
cafe_drinks,coffee,shakerato arabica shaken iced kopi arabica blend,18000
cafe_drinks,coffee,single espresso,12000
cafe_drinks,coffee,small latte,17000
cafe_drinks,coffee,sparklink coffee,37000
cafe_drinks,coffee,strawberry machiato coffee fresh milk strawberry machiato coffee,16000
cafe_drinks,coffee,strawberry matchiato coffee,18000
cafe_drinks,coffee,sweet macchiato foam,4000
cafe_drinks,coffee,syantehk cold brewed berry tea.,15000
cafe_drinks,coffee,taro latte,32000
cafe_drinks,coffee,taro latte esktrak buah talas + susu gurih,24500
cafe_drinks,coffee,tella cino latte with nuttela,46000
cafe_drinks,coffee,terbit aren kopi gula aren,12000
cafe_drinks,coffee,terbit susu kopi susu,12000
cafe_drinks,coffee,tiramisu latte espresso dan susu,24000
cafe_drinks,coffee,torajas midnight campfire kopi toraja,20000
cafe_drinks,coffee,trens car coffee,28750
cafe_drinks,coffee,trens coffee paket 10 cup 10 cup trenscoffee lebih hemat,185000
cafe_drinks,coffee,trens creamy marie regal kopi,22500
cafe_drinks,coffee,trens nut coffee kopi kopi rasa kacang,31250
cafe_drinks,coffee,trens oreo creamy latte kopi creamy,22500
cafe_drinks,coffee,trenscoffee gula aren kopi gula aren,22500
cafe_drinks,coffee,truffle latte espresso milk white truffle oil.,35000
cafe_drinks,coffee,v60 kopi pourover yang diseduh,19000
cafe_drinks,coffee,vanilla latte,15000
cafe_drinks,coffee,vanilla latte,22000
cafe_drinks,coffee,vanilla latte espresso dan susu,24000
cafe_drinks,coffee,vanilla latte ice vanilla latte,15000
cafe_drinks,coffee,vanilla latte kopi susu,25000
cafe_drinks,coffee,vienna coffee espresso + whipped cream + cinnamon stick,24500
cafe_drinks,coffee,vietnam drip coffee + milk with drip process,15000
cafe_drinks,coffee,vietnam iced coffee kopi vietnam iced,20000
cafe_drinks,coffee,wedang ronde gula aren,20000
cafe_drinks,coffee,white coffee,15000
cafe_drinks,coffee,whole wheat kaya toast + hot kopi creme brulee,35000
cafe_drinks,coffee,yakamu kopi susu gula aren kopi + susu + gula aren,15000
cafe_drinks,matcha / tea,banana green tea keju pisang goreng,18000
cafe_drinks,matcha / tea,blended matcha,48000
cafe_drinks,matcha / tea,cha bang ang green tea,16000
cafe_drinks,matcha / tea,coffee + green tea + milk,25000
cafe_drinks,matcha / tea,coffee + milk + green tea hot / cold,18000
cafe_drinks,matcha / tea,coklat vanilla redvelvet greentea menyesuaikan stok yg ready,30000
cafe_drinks,matcha / tea,dalgona greentea,16500
cafe_drinks,matcha / tea,es kopi greentea matcha,20000
cafe_drinks,matcha / tea,espresso greentea milk nga kalah dgn resto ternama,20000
cafe_drinks,matcha / tea,frape matcha oreo matcha milkshake,25000
cafe_drinks,matcha / tea,fresh milk matcha machiato coffee,16000
cafe_drinks,matcha / tea,green coffee milk bottle coffee + green tea + milk,25000
cafe_drinks,matcha / tea,green coffee milk cup coffee + milk + green tea hot / cold,18000
cafe_drinks,matcha / tea,green matcha,22500
cafe_drinks,matcha / tea,green tea,8000
cafe_drinks,matcha / tea,green tea,39000
cafe_drinks,matcha / tea,green tea + milk + creamer,10000
cafe_drinks,matcha / tea,green tea 250 ml,20000
cafe_drinks,matcha / tea,green tea cheese ice greentea,20500
cafe_drinks,matcha / tea,green tea green tea,8000
cafe_drinks,matcha / tea,green tea green tea + milk + creamer,10000
cafe_drinks,matcha / tea,green tea large,13000
cafe_drinks,matcha / tea,green tea large,15000
cafe_drinks,matcha / tea,green tea large,19000
cafe_drinks,matcha / tea,green tea original large,13200
cafe_drinks,matcha / tea,green tea small,9000
cafe_drinks,matcha / tea,green tea small,10000
cafe_drinks,matcha / tea,greentea,15000
cafe_drinks,matcha / tea,greentea cheese greentea yang di padukan,14000
cafe_drinks,matcha / tea,greentea cheese large,16850
cafe_drinks,matcha / tea,greentea cheese ukuran large,13000
cafe_drinks,matcha / tea,greentea matcha large,24000
cafe_drinks,matcha / tea,greentea matcha medium,18000
cafe_drinks,matcha / tea,greentea mix greentea yang dipadukan,15000
cafe_drinks,matcha / tea,greentea original greentea,9000
cafe_drinks,matcha / tea,greentea summer pink,15000
cafe_drinks,matcha / tea,greentea yang creamy dan segar,9000
cafe_drinks,matcha / tea,greentea yang di padukan,14000
cafe_drinks,matcha / tea,greentea yang dipadukan,15000
cafe_drinks,matcha / tea,hot green tea,20000
cafe_drinks,matcha / tea,ice green tea,20000
cafe_drinks,matcha / tea,ice matcha,13000
cafe_drinks,matcha / tea,ice matcha latte special ramadhan,15000
cafe_drinks,matcha / tea,kenangan matcha indah teh hijau dan susu,25000
cafe_drinks,matcha / tea,lava matcha,23750
cafe_drinks,matcha / tea,macha espresso espresso greentea milk nga kalah dgn resto ternama,20000
cafe_drinks,matcha / tea,matcha,22500
cafe_drinks,matcha / tea,matcha + fresh milk + cheese,26000
cafe_drinks,matcha / tea,matcha 1l,65000
cafe_drinks,matcha / tea,matcha cendol cup datar,15000
cafe_drinks,matcha / tea,matcha cheese l,30000
cafe_drinks,matcha / tea,matcha cheese matcha,24500
cafe_drinks,matcha / tea,matcha cheese r matcha + fresh milk + cheese,26000
cafe_drinks,matcha / tea,matcha choco premium pure matcha + freshmilk + dark chocolate,29000
cafe_drinks,matcha / tea,matcha choco pure matcha + freshmilk + dark choco,29000
cafe_drinks,matcha / tea,matcha flavor,12500
cafe_drinks,matcha / tea,matcha flavor,13500
cafe_drinks,matcha / tea,matcha green tea,15000
cafe_drinks,matcha / tea,matcha grentea,21250
cafe_drinks,matcha / tea,matcha gula aren,12500
cafe_drinks,matcha / tea,matcha khas jepang dipadukan,29000
cafe_drinks,matcha / tea,matcha latte,25000
cafe_drinks,matcha / tea,matcha latte matcha khas jepang dipadukan,29000
cafe_drinks,matcha / tea,matcha latte with espresso,46000
cafe_drinks,matcha / tea,matcha machiato coffee fresh milk matcha machiato coffee,16000
cafe_drinks,matcha / tea,matcha matchiato coffee,18000
cafe_drinks,matcha / tea,matcha melon mix,12500
cafe_drinks,matcha / tea,matcha melon mix,13500
cafe_drinks,matcha / tea,matcha milkshake,25000
cafe_drinks,matcha / tea,matcha mix lemon,12500
cafe_drinks,matcha / tea,matcha mix yakult,16000
cafe_drinks,matcha / tea,matcha perpaduan matcha ganache,19500
cafe_drinks,matcha / tea,matcha r,20000
cafe_drinks,matcha / tea,matcha spesial gula aren,12500
cafe_drinks,matcha / tea,matcha spesial gula aren,13500
cafe_drinks,matcha / tea,matcha spro latte matcha latte with espresso,46000
cafe_drinks,matcha / tea,matcha susu,18000
cafe_drinks,matcha / tea,matcha yakult,15000
cafe_drinks,matcha / tea,matcha yakult,16000
cafe_drinks,matcha / tea,monster matcha milk cheese,44000
cafe_drinks,matcha / tea,pisang bakar green tea keju,18000
cafe_drinks,matcha / tea,premium pure matcha + freshmilk + dark chocolate,29000
cafe_drinks,matcha / tea,pure matcha + freshmilk + dark choco,29000
cafe_drinks,matcha / tea,thai green tea,13000
cafe_drinks,matcha / tea,thai green tea,33000
cafe_drinks,matcha / tea,thai tes green tea rasa green dan campuran susu uht,8000
cafe_drinks,milk tea,es thai tea,22500
cafe_drinks,milk tea,es thai tea,26500
cafe_drinks,milk tea,es thai tea cendol nangka,27500
cafe_drinks,milk tea,es thai tea cendol nangka,31500
cafe_drinks,milk tea,green thai tea thai tea versi hijau,22000
cafe_drinks,milk tea,homemade milk tea with rose water.,25000
cafe_drinks,milk tea,honey milk tea latte,25000
cafe_drinks,milk tea,hot thai tea,15000
cafe_drinks,milk tea,hot thai tea,20000
cafe_drinks,milk tea,ice thai tea,17000
cafe_drinks,milk tea,ice thai tea,20000
cafe_drinks,milk tea,iced salted milk tea milk tea manis + gurih,25000
cafe_drinks,milk tea,kiwiberry cheese tea,23000
cafe_drinks,milk tea,mango cheese tea size large,21000
cafe_drinks,milk tea,milk tea,20700
cafe_drinks,milk tea,milk tea gona vanilla pearl,15000
cafe_drinks,milk tea,milk tea manis + gurih,25000
cafe_drinks,milk tea,original thai tea,18000
cafe_drinks,milk tea,pandan milk tea,25000
cafe_drinks,milk tea,perpaduan thai tea,13750
cafe_drinks,milk tea,perpaduan thai tea ala kopi kanto denganyakult rum non alkohol,21000
cafe_drinks,milk tea,popcorn cheese tea,22000
cafe_drinks,milk tea,regal milk tea milk tea,23600
cafe_drinks,milk tea,roasted milk tea,25000
cafe_drinks,milk tea,rose milk tea homemade milk tea with rose water.,25000
cafe_drinks,milk tea,strawberry cheese tea size large,21000
cafe_drinks,milk tea,thai milk tea,20000
cafe_drinks,milk tea,thai tea,8000
cafe_drinks,milk tea,thai tea,13000
cafe_drinks,milk tea,thai tea,15000
cafe_drinks,milk tea,thai tea + cheese,24000
cafe_drinks,milk tea,thai tea + creamer + milk,10000
cafe_drinks,milk tea,thai tea + milk + ice,10000
cafe_drinks,milk tea,thai tea 1l,60000
cafe_drinks,milk tea,thai tea 250 ml,20000
cafe_drinks,milk tea,thai tea alpukat ice,12000
cafe_drinks,milk tea,thai tea banana large,13000
cafe_drinks,milk tea,thai tea banana small,9000
cafe_drinks,milk tea,thai tea black large,13000
cafe_drinks,milk tea,thai tea black small,9000
cafe_drinks,milk tea,thai tea cheese ice thai tea,20000
cafe_drinks,milk tea,thai tea cheese l,29000
cafe_drinks,milk tea,thai tea cheese large,16000
cafe_drinks,milk tea,thai tea cheese perpaduan thaitea,13750
cafe_drinks,milk tea,thai tea cheese r thai tea + cheese,24000
cafe_drinks,milk tea,thai tea cho black fores large,13000
cafe_drinks,milk tea,thai tea cho black fores small,9000
cafe_drinks,milk tea,thai tea coco oreo ice,12000
cafe_drinks,milk tea,thai tea creme aren teh khas thailand,20000
cafe_drinks,milk tea,thai tea creme brulee large,13000
cafe_drinks,milk tea,thai tea creme brulee small,9000
cafe_drinks,milk tea,thai tea durian large,13000
cafe_drinks,milk tea,thai tea durian small,9000
cafe_drinks,milk tea,thai tea es kekinan yg memiliki rasa segar dan creamy,13000
cafe_drinks,milk tea,thai tea grape large,13000
cafe_drinks,milk tea,thai tea grape small,9000
cafe_drinks,milk tea,thai tea guava larga,13000
cafe_drinks,milk tea,thai tea guava small,9000
cafe_drinks,milk tea,thai tea hazelnut large,13000
cafe_drinks,milk tea,thai tea hazelnut small,9000
cafe_drinks,milk tea,thai tea jelly,12000
cafe_drinks,milk tea,thai tea kacang hijau large,13000
cafe_drinks,milk tea,thai tea kacang hijau small,9000
cafe_drinks,milk tea,thai tea large,10000
cafe_drinks,milk tea,thai tea large,14000
cafe_drinks,milk tea,thai tea large,18000
cafe_drinks,milk tea,thai tea leci large,13000
cafe_drinks,milk tea,thai tea leci small,9000
cafe_drinks,milk tea,thai tea lemon large,13000
cafe_drinks,milk tea,thai tea lemon small,9000
cafe_drinks,milk tea,thai tea manggo small,9000
cafe_drinks,milk tea,thai tea mango large,13000
cafe_drinks,milk tea,thai tea medium,14000
cafe_drinks,milk tea,thai tea melon large,13000
cafe_drinks,milk tea,thai tea melon small,9000
cafe_drinks,milk tea,thai tea milo large,13000
cafe_drinks,milk tea,thai tea milo small,9000
cafe_drinks,milk tea,thai tea mix thaitea yang di padukan,15000
cafe_drinks,milk tea,thai tea nanas large,13000
cafe_drinks,milk tea,thai tea nanas small,9000
cafe_drinks,milk tea,thai tea oreo large,13000
cafe_drinks,milk tea,thai tea oreo small,9000
cafe_drinks,milk tea,thai tea original large,13200
cafe_drinks,milk tea,thai tea ovaltine large,13000
cafe_drinks,milk tea,thai tea ovaltine small,9000
cafe_drinks,milk tea,thai tea rasa babel gam dan campuran susu uht,8000
cafe_drinks,milk tea,thai tea rasa taro dan campuran susu uht,8000
cafe_drinks,milk tea,thai tea redvelved small,9000
cafe_drinks,milk tea,thai tea redvelvet large,13000
cafe_drinks,milk tea,thai tea royal coklat ice,12000
cafe_drinks,milk tea,thai tea sirsak large,13000
cafe_drinks,milk tea,thai tea sirsak small,10000
cafe_drinks,milk tea,thai tea small,6500
cafe_drinks,milk tea,thai tea small,7000
cafe_drinks,milk tea,thai tea small,10500
cafe_drinks,milk tea,thai tea strawberry,12000
cafe_drinks,milk tea,thai tea strawberry large,13000
cafe_drinks,milk tea,thai tea strawberry small,9000
cafe_drinks,milk tea,thai tea taro ice,12000
cafe_drinks,milk tea,thai tea taro large,13000
cafe_drinks,milk tea,thai tea taro small,9000
cafe_drinks,milk tea,thai tea teh susu ala thai gitu,22000
cafe_drinks,milk tea,thai tea thai tea,8000
cafe_drinks,milk tea,thai tea thai tea + creamer + milk,10000
cafe_drinks,milk tea,thai tea thai tea thailand original,35000
cafe_drinks,milk tea,thai tea thailand original,35000
cafe_drinks,milk tea,thai tea tiramisu large,13000
cafe_drinks,milk tea,thai tea tiramisu small,9000
cafe_drinks,milk tea,thai tea vanila latte large,13000
cafe_drinks,milk tea,thai tea vanila latte small,9000
cafe_drinks,milk tea,thai tea versi hijau,22000
cafe_drinks,milk tea,thai tes babelgam thai tea rasa babel gam dan campuran susu uht,8000
cafe_drinks,milk tea,thai tes taro thai tea rasa taro dan campuran susu uht,8000
cafe_drinks,non-coffee drink,1 full of milo + lovaltine,36000
cafe_drinks,non-coffee drink,1 original + 1 taro + 1 avocado,45000
cafe_drinks,non-coffee drink,100 cokelat perpaduan bubuk coklat asli,24000
cafe_drinks,non-coffee drink,3 jenis susu cream chocolate,15000
cafe_drinks,non-coffee drink,alpukat kocok coklat large,27000
cafe_drinks,non-coffee drink,alpukat kocok coklat small,24000
cafe_drinks,non-coffee drink,avocado choco lava,12500
cafe_drinks,non-coffee drink,avocado choco lava,13500
cafe_drinks,non-coffee drink,avocado coklat lava,13500
cafe_drinks,non-coffee drink,banana chocolate keju,15000
cafe_drinks,non-coffee drink,bapau mini isi coklat lumer 15 pcs. tinggal kukus atau goreng.,13000
cafe_drinks,non-coffee drink,belgian chocolate,13500
cafe_drinks,non-coffee drink,belgian coklat,12500
cafe_drinks,non-coffee drink,big red velvet red velvet,17000
cafe_drinks,non-coffee drink,black coklat oreo,12500
cafe_drinks,non-coffee drink,blue ocean choco ukuran large,13000
cafe_drinks,non-coffee drink,cadbury chocolate,13500
cafe_drinks,non-coffee drink,cendol coklat milo cup datar,15000
cafe_drinks,non-coffee drink,cha bang ang choco delfi,16000
cafe_drinks,non-coffee drink,cha bang ang red velvet,16000
cafe_drinks,non-coffee drink,cha bang ang taro,16000
cafe_drinks,non-coffee drink,chees dalgona taro chess rasa taro yg asik dan campuran susu uht,8000
cafe_drinks,non-coffee drink,chess rasa coklat yg legit dan susu. uht yg mantaf,8000
cafe_drinks,non-coffee drink,chess rasa taro yg asik dan campuran susu uht,8000
cafe_drinks,non-coffee drink,choco avocado cheese ice cokelat avocado,26000
cafe_drinks,non-coffee drink,choco beng beng klasik,20000
cafe_drinks,non-coffee drink,choco beng beng susu,18000
cafe_drinks,non-coffee drink,choco bolde avocado,15000
cafe_drinks,non-coffee drink,choco bolde banana,15000
cafe_drinks,non-coffee drink,choco bolde manggo,15000
cafe_drinks,non-coffee drink,choco bolde redvelvet,15000
cafe_drinks,non-coffee drink,choco bolde taro,15000
cafe_drinks,non-coffee drink,choco bomb,15000
cafe_drinks,non-coffee drink,choco caramel,15000
cafe_drinks,non-coffee drink,choco caramel susu,18000
cafe_drinks,non-coffee drink,choco cheese,4000
cafe_drinks,non-coffee drink,choco cheese,15000
cafe_drinks,non-coffee drink,choco cheese,44000
cafe_drinks,non-coffee drink,choco chips,3000
cafe_drinks,non-coffee drink,choco classic bebe,16500
cafe_drinks,non-coffee drink,choco crunch milk,25000
cafe_drinks,non-coffee drink,choco crunchy kenikmatan yg hqq,3500
cafe_drinks,non-coffee drink,choco crunchy/choco tulip silakan cantumkan,3500
cafe_drinks,non-coffee drink,choco durian machiatto cheese,22000
cafe_drinks,non-coffee drink,choco durian machiatto ori,20000
cafe_drinks,non-coffee drink,choco hazelnut,19000
cafe_drinks,non-coffee drink,choco hazelnut cheese ice cokelat hazelnut,24000
cafe_drinks,non-coffee drink,choco hazelnut large,15000
cafe_drinks,non-coffee drink,choco lava avocado cheese,18000
cafe_drinks,non-coffee drink,choco lava avocado large,15000
cafe_drinks,non-coffee drink,choco lava mango large minuman seember,15000
cafe_drinks,non-coffee drink,choco lava milo 1l,65000
cafe_drinks,non-coffee drink,choco lava milo cheese ice cokelat milo,24000
cafe_drinks,non-coffee drink,choco lava ovaltine large minuman seember,15000
cafe_drinks,non-coffee drink,choco lava redvelvet l,15000
cafe_drinks,non-coffee drink,choco lava redvelvet large minuman seember,15000
cafe_drinks,non-coffee drink,choco lava taro large minuman seember,15000
cafe_drinks,non-coffee drink,choco magma avocado,23000
cafe_drinks,non-coffee drink,choco magma banana,23000
cafe_drinks,non-coffee drink,choco magma caramel,23000
cafe_drinks,non-coffee drink,choco magma orange,23000
cafe_drinks,non-coffee drink,choco mel,30000
cafe_drinks,non-coffee drink,choco milk racikan dark coklat,14000
cafe_drinks,non-coffee drink,choco milkshake,20000
cafe_drinks,non-coffee drink,choco milo,18000
cafe_drinks,non-coffee drink,choco milo,22500
cafe_drinks,non-coffee drink,choco mouse royal milo l milo kental dipadukan,17750
cafe_drinks,non-coffee drink,choco nut,25000
cafe_drinks,non-coffee drink,choco oreo chocolate milk with oreo,12000
cafe_drinks,non-coffee drink,choco oreo susu,18000
cafe_drinks,non-coffee drink,choco ovaltine cheese choco ovaltine yang ditaburi,14000
cafe_drinks,non-coffee drink,choco ovaltine choco ovaltine yang dipadukan,10000
cafe_drinks,non-coffee drink,choco ovaltine yang dipadukan,10000
cafe_drinks,non-coffee drink,choco ovaltine yang ditaburi,14000
cafe_drinks,non-coffee drink,choco silverqueen susu,18000
cafe_drinks,non-coffee drink,chococino nescafe,12500
cafe_drinks,non-coffee drink,chococino nescafe,13500
cafe_drinks,non-coffee drink,chocolate,18750
cafe_drinks,non-coffee drink,chocolate 1 liter,70000
cafe_drinks,non-coffee drink,chocolate 250 ml,20000
cafe_drinks,non-coffee drink,chocolate army perpaduan dark chocolate yang diaduk,19500
cafe_drinks,non-coffee drink,chocolate cottage minuman menyegarkan,13500
cafe_drinks,non-coffee drink,chocolate hazelnut + cheese,24000
cafe_drinks,non-coffee drink,chocolate hazelnut cheese l,29000
cafe_drinks,non-coffee drink,chocolate hazelnut cheese r chocolate hazelnut + cheese,24000
cafe_drinks,non-coffee drink,chocolate hazelnut r,20000
cafe_drinks,non-coffee drink,chocolate hazelnut. nutella on steroids,42000
cafe_drinks,non-coffee drink,chocolate hazelnut. tasty like nutella drink on steroid,128000
cafe_drinks,non-coffee drink,chocolate milk with oreo,12000
cafe_drinks,non-coffee drink,chocolate milkshake milkshake mantal rasa coklat,24500
cafe_drinks,non-coffee drink,chocolate mint,23750
cafe_drinks,non-coffee drink,chocomilk classic,15000
cafe_drinks,non-coffee drink,chocomilk classic 1 liter,45000
cafe_drinks,non-coffee drink,classic chocolate perpaduan fresh milk dan milk chocolate ganache,19500
cafe_drinks,non-coffee drink,classic dark chocolate,26700
cafe_drinks,non-coffee drink,coco tulip kenikmatan butiran coklat yg hqq,3500
cafe_drinks,non-coffee drink,cokelat pisang perpaduan bubuk coklat asli,24000
cafe_drinks,non-coffee drink,coklat chesee ukuran large,13000
cafe_drinks,non-coffee drink,coklat cotage,12500
cafe_drinks,non-coffee drink,coklat hangat,24000
cafe_drinks,non-coffee drink,coklat large,24000
cafe_drinks,non-coffee drink,coklat medium,18000
cafe_drinks,non-coffee drink,coklat oreo,12500
cafe_drinks,non-coffee drink,coklat oreo,20000
cafe_drinks,non-coffee drink,coklat special,13500
cafe_drinks,non-coffee drink,coklat spesial,12500
cafe_drinks,non-coffee drink,coklat spesial larva,13500
cafe_drinks,non-coffee drink,coklat spesial lava,14000
cafe_drinks,non-coffee drink,coklat susu 1 liter,125000
cafe_drinks,non-coffee drink,coklat susu panas,37500
cafe_drinks,non-coffee drink,coklat susu regal,20000
cafe_drinks,non-coffee drink,combo klasik 1 full of milo + lovaltine,36000
cafe_drinks,non-coffee drink,dalgona choco,16500
cafe_drinks,non-coffee drink,dalgona choco oreo,16500
cafe_drinks,non-coffee drink,dalgona milo foam milo yang di mix,18500
cafe_drinks,non-coffee drink,dalgona red velvet,16500
cafe_drinks,non-coffee drink,dalgona taro,16500
cafe_drinks,non-coffee drink,dark choco & cheese toast,22000
cafe_drinks,non-coffee drink,dark chocolate + cheese,24000
cafe_drinks,non-coffee drink,dark chocolate cheese l,29000
cafe_drinks,non-coffee drink,dark chocolate cheese r dark chocolate + cheese,24000
cafe_drinks,non-coffee drink,dark chocolate hazelnut,25000
cafe_drinks,non-coffee drink,dark chocolate r,20000
cafe_drinks,non-coffee drink,dengan pisang dan coklat,22000
cafe_drinks,non-coffee drink,dengan selai kacang dan taburan coklat,27500
cafe_drinks,non-coffee drink,es coklat regal,37000
cafe_drinks,non-coffee drink,es coklat susu,31500
cafe_drinks,non-coffee drink,es coklat susu salted caramel,35000
cafe_drinks,non-coffee drink,es milo,9000
cafe_drinks,non-coffee drink,es pisang coklat pisang coklat milkshake,27000
cafe_drinks,non-coffee drink,foam milo yang di mix,18500
cafe_drinks,non-coffee drink,frape coklat monster paduan ice blended coklat,25000
cafe_drinks,non-coffee drink,freshmilk ovaltine coklat dipadukan,19000
cafe_drinks,non-coffee drink,freshmilk redvelvet,19000
cafe_drinks,non-coffee drink,giant chocolate cookie,31625
cafe_drinks,non-coffee drink,hazlenut chocolate,13500
cafe_drinks,non-coffee drink,hot choco lava milo size small,13000
cafe_drinks,non-coffee drink,hot choco milk,20000
cafe_drinks,non-coffee drink,hot chocolate,39000
cafe_drinks,non-coffee drink,hot chocolate milk,17000
cafe_drinks,non-coffee drink,hot chocolate strong jelly potter minuman hot di segala waktu,10000
cafe_drinks,non-coffee drink,hot chocolate sweet minuman hot di segala waktu,10000
cafe_drinks,non-coffee drink,hot taro milk,20000
cafe_drinks,non-coffee drink,ice choco avocado,18000
cafe_drinks,non-coffee drink,ice choco milk,17000
cafe_drinks,non-coffee drink,ice choco milk,20000
cafe_drinks,non-coffee drink,ice chocolate,13000
cafe_drinks,non-coffee drink,ice chocolate special ramadhan,12000
cafe_drinks,non-coffee drink,ice milo,13000
cafe_drinks,non-coffee drink,ice red velvet,17000
cafe_drinks,non-coffee drink,ice taro milk,20000
cafe_drinks,non-coffee drink,ice taro special ramadhan,8000
cafe_drinks,non-coffee drink,iced chocolate,43000
cafe_drinks,non-coffee drink,iced chocolate iced dark chocolate.,21000
cafe_drinks,non-coffee drink,iced dark chocolate.,21000
cafe_drinks,non-coffee drink,juice alpukat natadecoco kelapamuda susucoklat dan millo,25000
cafe_drinks,non-coffee drink,kenikmatan butiran coklat yg hqq,3500
cafe_drinks,non-coffee drink,kitkat chocolate drink,13500
cafe_drinks,non-coffee drink,korte chocolate can,39000
cafe_drinks,non-coffee drink,lava choco caramel,23750
cafe_drinks,non-coffee drink,lava choco hazelnut,23750
cafe_drinks,non-coffee drink,lava choco oreo,23750
cafe_drinks,non-coffee drink,lava choco royal,23750
cafe_drinks,non-coffee drink,lava milo cheese large,20000
cafe_drinks,non-coffee drink,lava red velvet,23750
cafe_drinks,non-coffee drink,lava taro,23750
cafe_drinks,non-coffee drink,lumpia pisang coklat,37500
cafe_drinks,non-coffee drink,milkshake mantal rasa coklat,24500
cafe_drinks,non-coffee drink,milky oreo choco susu dingin,13000
cafe_drinks,non-coffee drink,milo and milk,13000
cafe_drinks,non-coffee drink,milo chocolate,13500
cafe_drinks,non-coffee drink,milo dinosaurus susu milo,20000
cafe_drinks,non-coffee drink,milo ice blended,22500
cafe_drinks,non-coffee drink,milo kental dipadukan,17750
cafe_drinks,non-coffee drink,mini chocolate cookies,75625
cafe_drinks,non-coffee drink,mini pao isi coklat 5pcs,15000
cafe_drinks,non-coffee drink,minuman klasik milo,19000
cafe_drinks,non-coffee drink,mocca chocochip,20000
cafe_drinks,non-coffee drink,molen rasa original coklat atau keju,10000
cafe_drinks,non-coffee drink,new menu dark chocolate fresh milk hazelnut.,25000
cafe_drinks,non-coffee drink,nutela chocolate drink,13500
cafe_drinks,non-coffee drink,nutty professor chocolate hazelnut. nutella on steroids,42000
cafe_drinks,non-coffee drink,oreo black coklat,13500
cafe_drinks,non-coffee drink,ovaltine lava milo large susu milo cokelat yang creamery,17000
cafe_drinks,non-coffee drink,paduan ice blended coklat,25000
cafe_drinks,non-coffee drink,paduan racikan redvelvet,15000
cafe_drinks,non-coffee drink,pisang bakar chocolate keju,13000
cafe_drinks,non-coffee drink,pisang bakar coklat,20000
cafe_drinks,non-coffee drink,pisang bakar coklat keju,21250
cafe_drinks,non-coffee drink,pisang coklat milkshake,27000
cafe_drinks,non-coffee drink,pisang geprek choco cheese pisang geprek coklat dan keju,27500
cafe_drinks,non-coffee drink,pisang geprek coklat dan keju,27500
cafe_drinks,non-coffee drink,premium choco,23400
cafe_drinks,non-coffee drink,premium choco cheese classic dark chocolate,26700
cafe_drinks,non-coffee drink,puding coklat,3000
cafe_drinks,non-coffee drink,puding coklat lumer. khusus,3500
cafe_drinks,non-coffee drink,puding coklat puding coklat lumer. khusus,3500
cafe_drinks,non-coffee drink,racikan dark coklat,14000
cafe_drinks,non-coffee drink,rasa kue red velvet dalam bentuk minuman,24500
cafe_drinks,non-coffee drink,rasa taro es kekinian yg rasanya segar dan creamy,13000
cafe_drinks,non-coffee drink,red velvet,12500
cafe_drinks,non-coffee drink,red velvet,15000
cafe_drinks,non-coffee drink,red velvet,17000
cafe_drinks,non-coffee drink,red velvet,22500
cafe_drinks,non-coffee drink,red velvet cheese,26700
cafe_drinks,non-coffee drink,red velvet gona vanilla,13000
cafe_drinks,non-coffee drink,red velvet jelly,23000
cafe_drinks,non-coffee drink,red velvet large,15000
cafe_drinks,non-coffee drink,red velvet large,19000
cafe_drinks,non-coffee drink,red velvet large,24000
cafe_drinks,non-coffee drink,red velvet lava,20000
cafe_drinks,non-coffee drink,red velvet medium,18000
cafe_drinks,non-coffee drink,red velvet nikmat dipadukan,29000
cafe_drinks,non-coffee drink,red velvet oreo,23000
cafe_drinks,non-coffee drink,red velvet paduan racikan redvelvet,15000
cafe_drinks,non-coffee drink,red velvet perpaduan favourite red velvet ganache,19500
cafe_drinks,non-coffee drink,red velvetberry cendol cup datar,15000
cafe_drinks,non-coffee drink,redvelvet cheese ukuran large,13000
cafe_drinks,non-coffee drink,redvelvet flavor,13500
cafe_drinks,non-coffee drink,redvelvet ori freshmilk yang dipadukan,10000
cafe_drinks,non-coffee drink,redvelvet yang dipadukan,14000
cafe_drinks,non-coffee drink,salmon kani mentai don + iced choco cheese,104000
cafe_drinks,non-coffee drink,silverqueen chocolate,13500
cafe_drinks,non-coffee drink,singkong choco cheese,24500
cafe_drinks,non-coffee drink,strawberry milk met chocolate. taste like ice cream sundae,42000
cafe_drinks,non-coffee drink,sumatera chocolate sumatera single origin chocolate ganache,21000
cafe_drinks,non-coffee drink,susu coklat,4500
cafe_drinks,non-coffee drink,susu milo cokelat yang creamery,17000
cafe_drinks,non-coffee drink,taro + fresh milk + cheese,26000
cafe_drinks,non-coffee drink,taro 250 ml,20000
cafe_drinks,non-coffee drink,taro cendol cup datar,15000
cafe_drinks,non-coffee drink,taro cheese ice taro,21000
cafe_drinks,non-coffee drink,taro cheese l,30000
cafe_drinks,non-coffee drink,taro cheese r taro + fresh milk + cheese,26000
cafe_drinks,non-coffee drink,taro cheese taro ditaburi,14000
cafe_drinks,non-coffee drink,taro chesee ukuran large,13000
cafe_drinks,non-coffee drink,taro choco blast ukuran large,15000
cafe_drinks,non-coffee drink,taro ditaburi,14000
cafe_drinks,non-coffee drink,taro flavor,12500
cafe_drinks,non-coffee drink,taro flavor,13500
cafe_drinks,non-coffee drink,taro ice blended,22500
cafe_drinks,non-coffee drink,taro large,15000
cafe_drinks,non-coffee drink,taro large,19000
cafe_drinks,non-coffee drink,taro large,24000
cafe_drinks,non-coffee drink,taro medium,18000
cafe_drinks,non-coffee drink,taro milk machiatto cheese,22000
cafe_drinks,non-coffee drink,taro milk machiatto ori,20000
cafe_drinks,non-coffee drink,taro perpaduan freshmilk,10000
cafe_drinks,non-coffee drink,taro r,20000
cafe_drinks,non-coffee drink,taro susu,18000
cafe_drinks,non-coffee drink,toblerone chocolate,13500
cafe_drinks,non-coffee drink,west java chocolate west java origin chocolate ganache,21000
cinema,cinema ticket,tiket bioskop aeon mall jgc,45000
cinema,cinema ticket,tiket bioskop aeon mall jgc,50000
cinema,cinema ticket,tiket bioskop aeon mall jgc,55000
cinema,cinema ticket,tiket bioskop aeon mall jgc,60000
cinema,cinema ticket,tiket bioskop aeon mall tanjung barat xxi,45000
cinema,cinema ticket,tiket bioskop aeon mall tanjung barat xxi,50000
cinema,cinema ticket,tiket bioskop aeon mall tanjung barat xxi,60000
cinema,cinema ticket,tiket bioskop agora mall xxi,40000
cinema,cinema ticket,tiket bioskop agora mall xxi,45000
cinema,cinema ticket,tiket bioskop agora mall xxi,55000
cinema,cinema ticket,tiket bioskop agora mall xxi,65000
cinema,cinema ticket,tiket bioskop agora mall xxi,100000
cinema,cinema ticket,tiket bioskop agora mall xxi,125000
cinema,cinema ticket,tiket bioskop agora mall xxi,150000
cinema,cinema ticket,tiket bioskop arion xxi,35000
cinema,cinema ticket,tiket bioskop arion xxi,40000
cinema,cinema ticket,tiket bioskop arion xxi,45000
cinema,cinema ticket,tiket bioskop artha gading xxi,40000
cinema,cinema ticket,tiket bioskop artha gading xxi,45000
cinema,cinema ticket,tiket bioskop artha gading xxi,55000
cinema,cinema ticket,tiket bioskop bassura xxi,40000
cinema,cinema ticket,tiket bioskop bassura xxi,45000
cinema,cinema ticket,tiket bioskop bassura xxi,50000
cinema,cinema ticket,tiket bioskop baywalk pluit xxi,35000
cinema,cinema ticket,tiket bioskop baywalk pluit xxi,40000
cinema,cinema ticket,tiket bioskop baywalk pluit xxi,45000
cinema,cinema ticket,tiket bioskop baywalk pluit xxi,60000
cinema,cinema ticket,tiket bioskop baywalk pluit xxi,80000
cinema,cinema ticket,tiket bioskop baywalk pluit xxi,100000
cinema,cinema ticket,tiket bioskop blok m square,35000
cinema,cinema ticket,tiket bioskop blok m square,40000
cinema,cinema ticket,tiket bioskop blok m square,50000
cinema,cinema ticket,tiket bioskop blok m xxi,45000
cinema,cinema ticket,tiket bioskop blok m xxi,50000
cinema,cinema ticket,tiket bioskop blok m xxi,60000
cinema,cinema ticket,tiket bioskop buaran plaza,38000
cinema,cinema ticket,tiket bioskop buaran plaza,42000
cinema,cinema ticket,tiket bioskop buaran plaza,43000
cinema,cinema ticket,tiket bioskop buaran plaza,47000
cinema,cinema ticket,tiket bioskop buaran plaza,52000
cinema,cinema ticket,tiket bioskop central park,50000
cinema,cinema ticket,tiket bioskop central park,55000
cinema,cinema ticket,tiket bioskop central park,60000
cinema,cinema ticket,tiket bioskop central park,65000
cinema,cinema ticket,tiket bioskop central park,70000
cinema,cinema ticket,tiket bioskop central park,75000
cinema,cinema ticket,tiket bioskop central park,80000
cinema,cinema ticket,tiket bioskop central park,90000
cinema,cinema ticket,tiket bioskop cijantung xxi,45000
cinema,cinema ticket,tiket bioskop cijantung xxi,50000
cinema,cinema ticket,tiket bioskop cijantung xxi,55000
cinema,cinema ticket,tiket bioskop cipinang xxi,40000
cinema,cinema ticket,tiket bioskop cipinang xxi,45000
cinema,cinema ticket,tiket bioskop cipinang xxi,50000
cinema,cinema ticket,tiket bioskop ciplaz cengkareng xxi,40000
cinema,cinema ticket,tiket bioskop ciplaz cengkareng xxi,50000
cinema,cinema ticket,tiket bioskop ciplaz klender xxi,30000
cinema,cinema ticket,tiket bioskop ciplaz klender xxi,35000
cinema,cinema ticket,tiket bioskop ciplaz klender xxi,40000
cinema,cinema ticket,tiket bioskop citra xperience xxi,40000
cinema,cinema ticket,tiket bioskop citra xperience xxi,45000
cinema,cinema ticket,tiket bioskop citra xperience xxi,50000
cinema,cinema ticket,tiket bioskop citra xxi,40000
cinema,cinema ticket,tiket bioskop citra xxi,45000
cinema,cinema ticket,tiket bioskop citra xxi,55000
cinema,cinema ticket,tiket bioskop city plaza jatinegara xxi,40000
cinema,cinema ticket,tiket bioskop city plaza jatinegara xxi,45000
cinema,cinema ticket,tiket bioskop city plaza jatinegara xxi,50000
cinema,cinema ticket,tiket bioskop daan mogot xxi,40000
cinema,cinema ticket,tiket bioskop daan mogot xxi,45000
cinema,cinema ticket,tiket bioskop daan mogot xxi,55000
cinema,cinema ticket,tiket bioskop djakarta xxi,35000
cinema,cinema ticket,tiket bioskop djakarta xxi,40000
cinema,cinema ticket,tiket bioskop djakarta xxi,45000
cinema,cinema ticket,tiket bioskop emporium pluit xxi,45000
cinema,cinema ticket,tiket bioskop emporium pluit xxi,55000
cinema,cinema ticket,tiket bioskop emporium pluit xxi,65000
cinema,cinema ticket,tiket bioskop emporium pluit xxi,100000
cinema,cinema ticket,tiket bioskop emporium pluit xxi,150000
cinema,cinema ticket,tiket bioskop emporium pluit xxi,200000
cinema,cinema ticket,tiket bioskop epicentrum xxi,30000
cinema,cinema ticket,tiket bioskop epicentrum xxi,35000
cinema,cinema ticket,tiket bioskop epicentrum xxi,40000
cinema,cinema ticket,tiket bioskop gandaria city xxi,50000
cinema,cinema ticket,tiket bioskop gandaria city xxi,55000
cinema,cinema ticket,tiket bioskop gandaria city xxi,60000
cinema,cinema ticket,tiket bioskop gandaria city xxi,70000
cinema,cinema ticket,tiket bioskop gandaria city xxi,75000
cinema,cinema ticket,tiket bioskop gandaria city xxi,90000
cinema,cinema ticket,tiket bioskop gandaria city xxi,150000
cinema,cinema ticket,tiket bioskop gandaria city xxi,200000
cinema,cinema ticket,tiket bioskop gandaria city xxi,250000
cinema,cinema ticket,tiket bioskop grand paragon xxi,35000
cinema,cinema ticket,tiket bioskop grand paragon xxi,40000
cinema,cinema ticket,tiket bioskop grand paragon xxi,45000
cinema,cinema ticket,tiket bioskop green pramuka mall,42000
cinema,cinema ticket,tiket bioskop green pramuka mall,46000
cinema,cinema ticket,tiket bioskop green pramuka mall,47000
cinema,cinema ticket,tiket bioskop green pramuka mall,50000
cinema,cinema ticket,tiket bioskop green pramuka mall,51000
cinema,cinema ticket,tiket bioskop green pramuka mall,55000
cinema,cinema ticket,tiket bioskop green sedayu mall xxi,40000
cinema,cinema ticket,tiket bioskop green sedayu mall xxi,45000
cinema,cinema ticket,tiket bioskop green sedayu mall xxi,55000
cinema,cinema ticket,tiket bioskop hollywood xxi,25000
cinema,cinema ticket,tiket bioskop hollywood xxi,30000
cinema,cinema ticket,tiket bioskop hollywood xxi,35000
cinema,cinema ticket,tiket bioskop kalibata xxi,35000
cinema,cinema ticket,tiket bioskop kalibata xxi,40000
cinema,cinema ticket,tiket bioskop kalibata xxi,50000
cinema,cinema ticket,tiket bioskop kelapa gading xxi,50000
cinema,cinema ticket,tiket bioskop kelapa gading xxi,55000
cinema,cinema ticket,tiket bioskop kelapa gading xxi,60000
cinema,cinema ticket,tiket bioskop kelapa gading xxi,70000
cinema,cinema ticket,tiket bioskop kelapa gading xxi,75000
cinema,cinema ticket,tiket bioskop kelapa gading xxi,90000
cinema,cinema ticket,tiket bioskop kelapa gading xxi,150000
cinema,cinema ticket,tiket bioskop kelapa gading xxi,200000
cinema,cinema ticket,tiket bioskop kelapa gading xxi,250000
cinema,cinema ticket,tiket bioskop kemang village xxi,40000
cinema,cinema ticket,tiket bioskop kemang village xxi,50000
cinema,cinema ticket,tiket bioskop kemang village xxi,60000
cinema,cinema ticket,tiket bioskop kemang village xxi,100000
cinema,cinema ticket,tiket bioskop kemang village xxi,150000
cinema,cinema ticket,tiket bioskop kemang village xxi,200000
cinema,cinema ticket,tiket bioskop kota kasablanka xxi,50000
cinema,cinema ticket,tiket bioskop kota kasablanka xxi,60000
cinema,cinema ticket,tiket bioskop kota kasablanka xxi,75000
cinema,cinema ticket,tiket bioskop kota kasablanka xxi,150000
cinema,cinema ticket,tiket bioskop kota kasablanka xxi,200000
cinema,cinema ticket,tiket bioskop kota kasablanka xxi,250000
cinema,cinema ticket,tiket bioskop kramat jati xxi,35000
cinema,cinema ticket,tiket bioskop kramat jati xxi,40000
cinema,cinema ticket,tiket bioskop kramat jati xxi,45000
cinema,cinema ticket,tiket bioskop kuningan city xxi,35000
cinema,cinema ticket,tiket bioskop kuningan city xxi,40000
cinema,cinema ticket,tiket bioskop kuningan city xxi,45000
cinema,cinema ticket,tiket bioskop lippo mall puri xxi,50000
cinema,cinema ticket,tiket bioskop lippo mall puri xxi,60000
cinema,cinema ticket,tiket bioskop lippo mall puri xxi,75000
cinema,cinema ticket,tiket bioskop lippo mall puri xxi,150000
cinema,cinema ticket,tiket bioskop lippo mall puri xxi,200000
cinema,cinema ticket,tiket bioskop lippo mall puri xxi,250000
cinema,cinema ticket,tiket bioskop lotte shopping avenue xxi,40000
cinema,cinema ticket,tiket bioskop lotte shopping avenue xxi,50000
cinema,cinema ticket,tiket bioskop lotte shopping avenue xxi,60000
cinema,cinema ticket,tiket bioskop lotte shopping avenue xxi,100000
cinema,cinema ticket,tiket bioskop lotte shopping avenue xxi,150000
cinema,cinema ticket,tiket bioskop lotte shopping avenue xxi,200000
cinema,cinema ticket,tiket bioskop mal atrium senen xxi,45000
cinema,cinema ticket,tiket bioskop mal atrium senen xxi,50000
cinema,cinema ticket,tiket bioskop mal atrium senen xxi,55000
cinema,cinema ticket,tiket bioskop mall koja xxi,40000
cinema,cinema ticket,tiket bioskop mall koja xxi,50000
cinema,cinema ticket,tiket bioskop mall koja xxi,55000
cinema,cinema ticket,tiket bioskop metropole xxi,40000
cinema,cinema ticket,tiket bioskop metropole xxi,45000
cinema,cinema ticket,tiket bioskop metropole xxi,55000
cinema,cinema ticket,tiket bioskop metropole xxi,100000
cinema,cinema ticket,tiket bioskop metropole xxi,150000
cinema,cinema ticket,tiket bioskop metropole xxi,200000
cinema,cinema ticket,tiket bioskop one belpark xxi,30000
cinema,cinema ticket,tiket bioskop one belpark xxi,35000
cinema,cinema ticket,tiket bioskop one belpark xxi,40000
cinema,cinema ticket,tiket bioskop one belpark xxi,60000
cinema,cinema ticket,tiket bioskop one belpark xxi,80000
cinema,cinema ticket,tiket bioskop one belpark xxi,100000
cinema,cinema ticket,tiket bioskop pacific place,60000
cinema,cinema ticket,tiket bioskop pacific place,65000
cinema,cinema ticket,tiket bioskop pacific place,70000
cinema,cinema ticket,tiket bioskop pacific place,75000
cinema,cinema ticket,tiket bioskop pacific place,80000
cinema,cinema ticket,tiket bioskop pacific place,85000
cinema,cinema ticket,tiket bioskop pgc xxi,35000
cinema,cinema ticket,tiket bioskop pgc xxi,40000
cinema,cinema ticket,tiket bioskop pgc xxi,45000
cinema,cinema ticket,tiket bioskop plaza indonesia xxi,50000
cinema,cinema ticket,tiket bioskop plaza indonesia xxi,60000
cinema,cinema ticket,tiket bioskop plaza indonesia xxi,75000
cinema,cinema ticket,tiket bioskop plaza indonesia xxi,150000
cinema,cinema ticket,tiket bioskop plaza indonesia xxi,200000
cinema,cinema ticket,tiket bioskop plaza indonesia xxi,250000
cinema,cinema ticket,tiket bioskop plaza senayan xxi,50000
cinema,cinema ticket,tiket bioskop plaza senayan xxi,60000
cinema,cinema ticket,tiket bioskop plaza senayan xxi,75000
cinema,cinema ticket,tiket bioskop plaza senayan xxi,150000
cinema,cinema ticket,tiket bioskop plaza senayan xxi,200000
cinema,cinema ticket,tiket bioskop plaza senayan xxi,300000
cinema,cinema ticket,tiket bioskop poins mall,40000
cinema,cinema ticket,tiket bioskop poins mall,45000
cinema,cinema ticket,tiket bioskop poins mall,50000
cinema,cinema ticket,tiket bioskop poins mall,55000
cinema,cinema ticket,tiket bioskop poins mall,65000
cinema,cinema ticket,tiket bioskop poins mall,70000
cinema,cinema ticket,tiket bioskop pondok indah 1 xxi,50000
cinema,cinema ticket,tiket bioskop pondok indah 1 xxi,60000
cinema,cinema ticket,tiket bioskop pondok indah 1 xxi,75000
cinema,cinema ticket,tiket bioskop pondok indah 2 xxi,50000
cinema,cinema ticket,tiket bioskop pondok indah 2 xxi,60000
cinema,cinema ticket,tiket bioskop pondok indah 2 xxi,75000
cinema,cinema ticket,tiket bioskop pondok indah 2 xxi,150000
cinema,cinema ticket,tiket bioskop pondok indah 2 xxi,200000
cinema,cinema ticket,tiket bioskop pondok indah 2 xxi,300000
cinema,cinema ticket,tiket bioskop puri xxi,40000
cinema,cinema ticket,tiket bioskop puri xxi,50000
cinema,cinema ticket,tiket bioskop puri xxi,60000
cinema,cinema ticket,tiket bioskop puri xxi,100000
cinema,cinema ticket,tiket bioskop puri xxi,150000
cinema,cinema ticket,tiket bioskop puri xxi,200000
cinema,cinema ticket,tiket bioskop seasons city xxi,40000
cinema,cinema ticket,tiket bioskop seasons city xxi,45000
cinema,cinema ticket,tiket bioskop seasons city xxi,50000
cinema,cinema ticket,tiket bioskop senayan city xxi,40000
cinema,cinema ticket,tiket bioskop senayan city xxi,50000
cinema,cinema ticket,tiket bioskop senayan city xxi,65000
cinema,cinema ticket,tiket bioskop senayan city xxi,150000
cinema,cinema ticket,tiket bioskop senayan city xxi,200000
cinema,cinema ticket,tiket bioskop senayan city xxi,250000
cinema,cinema ticket,tiket bioskop setiabudi xxi,30000
cinema,cinema ticket,tiket bioskop setiabudi xxi,35000
cinema,cinema ticket,tiket bioskop setiabudi xxi,40000
cinema,cinema ticket,tiket bioskop sunter mall,45000
cinema,cinema ticket,tiket bioskop sunter mall,50000
cinema,cinema ticket,tiket bioskop sunter mall,55000
cinema,cinema ticket,tiket bioskop sunter mall,60000
cinema,cinema ticket,tiket bioskop taman anggrek xxi,45000
cinema,cinema ticket,tiket bioskop taman anggrek xxi,55000
cinema,cinema ticket,tiket bioskop taman anggrek xxi,60000
cinema,movie drink,ice lemon tea,38000
cinema,movie drink,ice milo,38000
cinema,movie drink,soft drink,36000
cinema,movie snack,cgv sampler,58000
cinema,movie snack,french fries,50000
cinema,movie snack,hotdog beef,50000
cinema,movie snack,hotdog chicken,50000
cinema,movie snack,large popcorn,78000
cinema,movie snack,large salty popcorn,68000
cinema,movie snack,medium popcorn,56000
fast_food,bakery,smoked beef egg parmesan greens mushroom cream croissant french fries,71500
fast_food,bakery,wholemeal croissant gandum,17600
fast_food,burger / sandwich,beef bacon and egg sandwich mozarella cheese greens french fries,82225
fast_food,burger / sandwich,beef burger burger daging sapi olahan,10000
fast_food,burger / sandwich,beef ham and cheese sandwich,57500
fast_food,burger / sandwich,bogo plant based whopper burger,71500
fast_food,burger / sandwich,burger beef burger isi daging dan lettuce,17500
fast_food,burger / sandwich,burger daging sapi olahan,10000
fast_food,burger / sandwich,burger dengan beef,13000
fast_food,burger / sandwich,burger isi daging dan lettuce,17500
fast_food,burger / sandwich,burger jalapeno whopper jr.,44000
fast_food,burger / sandwich,burger king,10000
fast_food,burger / sandwich,burger king,18750
fast_food,burger / sandwich,burger king + double cheese + double beef,22500
fast_food,burger / sandwich,burger king burger dengan beef,13000
fast_food,burger / sandwich,burger king kong spesial,23000
fast_food,burger / sandwich,burger king kong super spesial,25000
fast_food,burger / sandwich,burger original,12500
fast_food,burger / sandwich,burger spesial,3000
fast_food,burger / sandwich,burger spesial + cheese,15000
fast_food,burger / sandwich,chicken nanban burger,50000
fast_food,burger / sandwich,chuck berry burger,45000
fast_food,burger / sandwich,classic burger,80850
fast_food,burger / sandwich,classic crispy chicken burger,29500
fast_food,burger / sandwich,club sandwich cuppa,69500
fast_food,burger / sandwich,double patty whopper jr. plant-based,30000
fast_food,burger / sandwich,grill cheese sandwich,50500
fast_food,burger / sandwich,johnny cash burger,45000
fast_food,burger / sandwich,paket 4-cheese whopper large,23000
fast_food,burger / sandwich,paket 4-cheese whopper medium,15000
fast_food,burger / sandwich,paket cheeseburger large,18000
fast_food,burger / sandwich,paket cheeseburger medium,10000
fast_food,burger / sandwich,paket cheeseburger xl large,21500
fast_food,burger / sandwich,paket cheeseburger xl medium,13500
fast_food,burger / sandwich,paket double cheeseburger large,23000
fast_food,burger / sandwich,paket double cheeseburger medium,15000
fast_food,burger / sandwich,paket fish fillet burger large,21000
fast_food,burger / sandwich,paket fish fillet burger medium,13000
fast_food,burger / sandwich,paket italian king beef burger,65000
fast_food,burger / sandwich,paket italian king chicken burger,65000
fast_food,burger / sandwich,paket mozzarella cheeseburger xl large,23000
fast_food,burger / sandwich,paket mozzarella cheeseburger xl medium,15000
fast_food,burger / sandwich,paket whopper jr large,21000
fast_food,burger / sandwich,paket whopper jr medium,13000
fast_food,burger / sandwich,paket whopper large,21501
fast_food,burger / sandwich,paket whopper medium,13500
fast_food,burger / sandwich,psychobilly burger,85000
fast_food,burger / sandwich,pulled chicken n mayonaise sandwich,90090
fast_food,burger / sandwich,spicy muay thai burger,126500
fast_food,combo meal,1 paket mie ayam geprek + milkshake,33000
fast_food,combo meal,1 paket nasi ayam geprek spesial + milkshake,29000
fast_food,combo meal,combo,82500
fast_food,combo meal,combo 2 grilled chicken nanban rice + 1 grilled chicken nanban salad,145000
fast_food,combo meal,combo grilled baby lobster 1,132825
fast_food,combo meal,combo grilled baby lobster 2,132825
fast_food,combo meal,combo grilled baby lobster 3,132825
fast_food,combo meal,frozen beef oatmeal pesto,25000
fast_food,combo meal,frozen beef oatmeal pesto soup,25000
fast_food,combo meal,frozen blend beef oatmeal pesto soup,25000
fast_food,combo meal,frozen combo komplit,195000
fast_food,combo meal,mie ayam geprek + milkshake 1 paket mie ayam geprek + milkshake,33000
fast_food,combo meal,nasi king box chicken bolognese mozza,30500
fast_food,combo meal,paket 2 pcs boneless,6000
fast_food,combo meal,paket ayam penyet,26000
fast_food,combo meal,paket ayam penyet ayam penyet + tahu,22000
fast_food,combo meal,paket ayam rendang nasi + ayam rendang + lauk pelengkap,20000
fast_food,combo meal,paket bbq beef rasher large,21000
fast_food,combo meal,paket bbq beef rasher medium,13000
fast_food,combo meal,paket berlima 2,115000
fast_food,combo meal,paket cheese rasher chicken large,21000
fast_food,combo meal,paket cheese rasher chicken medium,13000
fast_food,combo meal,paket chicken geprek betawi paket nasi + ayam,15000
fast_food,combo meal,paket daging rendang nasi + daging rendang + lauk pelengkap,20000
fast_food,combo meal,paket fire cheese chicken nasi+ayam+chesse,15000
fast_food,combo meal,paket geprek a sayap geprek,20000
fast_food,combo meal,paket gurami fillet,41000
fast_food,combo meal,paket kebab pisang 3 rasa bisa rikwes rasa ya,42000
fast_food,combo meal,paket kenyang nasi + 5 tusuk sate,15000
fast_food,combo meal,paket mesra bang bang chicken + honey soy chicken,78000
fast_food,combo meal,paket mozzarella chicken large,21000
fast_food,combo meal,paket mozzarella chicken medium,13000
fast_food,combo meal,paket nasi + ayam,13000
fast_food,combo meal,paket nasi + ayam,15000
fast_food,combo meal,paket nasi mewah-an,75000
fast_food,fried chicken,1 pc ayam goreng,20000
fast_food,fried chicken,1 pc ayam goreng khas hokben,25000
fast_food,fried chicken,1 potong ayam goreng,12000
fast_food,fried chicken,2 firewings nasi,16000
fast_food,fried chicken,2 pcs ayam goreng khas hokben,43000
fast_food,fried chicken,3 menu ayam geprek,45000
fast_food,fried chicken,3 pieces original crispy chicken fillet,47990
fast_food,fried chicken,5 pieces original bone-in fried chicken,99990
fast_food,fried chicken,9 pcs ayam goreng khas hokben,172000
fast_food,fried chicken,a la carte hokben fried chicken 1 pcs 1 pc ayam goreng khas hokben,25000
fast_food,fried chicken,a la carte hokben fried chicken 2 pcs 2 pcs ayam goreng khas hokben,43000
fast_food,fried chicken,a la carte hokben fried chicken 9 pcs 9 pcs ayam goreng khas hokben,172000
fast_food,fried chicken,ayam - red wings sayap,30000
fast_food,fried chicken,ayam crispy 1/2 ekor 5 potong,55000
fast_food,fried chicken,ayam fried chicken dada,9000
fast_food,fried chicken,ayam fried chicken paha atas,9000
fast_food,fried chicken,ayam fried chicken paha bawah,9000
fast_food,fried chicken,ayam fried chicken sayap,9000
fast_food,fried chicken,ayam geprek,11000
fast_food,fried chicken,ayam geprek,14000
fast_food,fried chicken,ayam geprek,16000
fast_food,fried chicken,ayam geprek,18000
fast_food,fried chicken,ayam geprek + nasi pulen,18000
fast_food,fried chicken,ayam geprek ada dada paha paha atas dan sayap,13000
fast_food,fried chicken,ayam geprek blackpepper,16000
fast_food,fried chicken,ayam geprek cheeselava,16000
fast_food,fried chicken,ayam geprek dabu dabu,12000
fast_food,fried chicken,ayam geprek hotlava,16000
fast_food,fried chicken,ayam geprek keju ayam geprek,14000
fast_food,fried chicken,ayam geprek keju tanpa nasi,13000
fast_food,fried chicken,ayam geprek mozarella,15000
fast_food,fried chicken,ayam geprek original,12000
fast_food,fried chicken,ayam goreng,10000
fast_food,fried chicken,ayam goreng,11900
fast_food,fried chicken,ayam goreng,12000
fast_food,fried chicken,ayam goreng,13000
fast_food,fried chicken,ayam goreng,18000
fast_food,fried chicken,ayam goreng,19000
fast_food,fried chicken,ayam goreng,25000
fast_food,fried chicken,ayam goreng 1 pc ayam goreng,20000
fast_food,fried chicken,ayam goreng ayam goreng,10000
fast_food,fried chicken,ayam goreng ayam goreng,13000
fast_food,fried chicken,ayam goreng bagian dada,11500
fast_food,fried chicken,ayam goreng bagian dada,15000
fast_food,fried chicken,ayam goreng bagian sayap,10000
fast_food,fried chicken,ayam goreng cabe ijo satu porsi 2 buah potong ayam cabe ijo,17000
fast_food,fried chicken,ayam goreng cabe rawit rice bowl,47500
fast_food,fried chicken,ayam goreng dada / paha,15000
fast_food,fried chicken,ayam goreng dg taburan rempah,30000
fast_food,fried chicken,ayam goreng kecap,75000
fast_food,fried chicken,ayam goreng keju mozzarella,86625
fast_food,fried chicken,ayam goreng laos 1 ekor,65000
fast_food,fried chicken,ayam goreng laos 1 potong,12500
fast_food,fried chicken,ayam goreng mentega 6pcs mix chicken and without a rice,93750
fast_food,fried chicken,ayam goreng rica rica satu porsi terdiri 2 potong ayam rica rica,17000
fast_food,fried chicken,ayam goreng saos kecap satu porsi 2 potong ayam kecap,17000
fast_food,fried chicken,ayam goreng taburan rempah yang sedap nasi,35000
fast_food,fried chicken,ayam goreng tepung,8000
fast_food,fried chicken,ayam penyet,23000
fast_food,fried chicken,ayam penyet,24000
fast_food,fried chicken,ayam penyet + tahu,22000
fast_food,fried chicken,ayam penyet ayam penyet,24000
fast_food,fried chicken,ayam penyet cabe ijo,26500
fast_food,fried chicken,ayam rempah tanpa nasi ayam goreng,25000
fast_food,fried chicken,ayam teriyaki,18000
fast_food,fried chicken,bbq chicken wing,63800
fast_food,fried chicken,chicken geprek betawi ayam geprek ada dada paha paha atas dan sayap,13000
fast_food,fried chicken,chicken nanban rice,49000
fast_food,fried chicken,chili fried chicken,67500
fast_food,fried chicken,chili fried chicken rice bowl,47500
fast_food,fried chicken,combo 2 chicken nanban salad + 1 chicken nanban rice fried chicken,131500
fast_food,fried chicken,combo 2 fried chicken nanban rice + 1 fried chicken nanban salad,125000
fast_food,fried chicken,crispy chicken katsu balls smokey sriracha mayonnaise lime wedge,62370
fast_food,fried chicken,crispy chicken salted egg,67500
fast_food,fried chicken,crispy chicken salted egg rice bowl,59500
fast_food,fried chicken,dada jumbo ayam goreng bagian dada,15000
fast_food,fried chicken,dada mini ayam goreng bagian dada,11500
fast_food,fried chicken,daging paha ayam degan tepung khas korea tanpa nasi,24000
fast_food,fried chicken,firewings 4 4 pcs,18000
fast_food,fried chicken,fried chicken ayam goreng,13000
fast_food,fried chicken,fried chicken ayam goreng tepung,8000
fast_food,fried chicken,fried chicken ayam saja tanpa nasi,11000
fast_food,fried chicken,fried chicken betawi 1 paha atas,11000
fast_food,fried chicken,fried chicken betawi dada,11000
fast_food,fried chicken,fried chicken mozzarella ayam goreng keju mozzarella,86625
fast_food,fried chicken,fried chicken nanban salad,50000
fast_food,fried chicken,fried chicken wings with parmesan,55000
fast_food,fried chicken,fried chicken wings with sweet bbq,55000
fast_food,fried chicken,garlic fried chicken,170500
fast_food,fried chicken,geprek mozarella ayam geprek,16000
fast_food,fried chicken,greyhound famous chicken wings,79200
fast_food,fried chicken,grilled chicken nanban rice,50000
fast_food,fried chicken,honey pocha wings chicken wings,33000
fast_food,fried chicken,hongkong fried chicken noodle,44500
fast_food,fried chicken,hongkong fried chicken rice bowl,47500
fast_food,fried chicken,hongkong hainanese fried chicken,67500
fast_food,fried chicken,indonesian geprek fried chicken combo 2,60990
fast_food,fried chicken,japanese nanban fried chicken combo 2,60990
fast_food,fried chicken,jumbo korean fried chicken sushi nori roll,40000
fast_food,fried chicken,kids - catering sabtu nasi putih fried chicken,38000
fast_food,fried chicken,korean cheesy buldak fried chicken combo 2,60990
fast_food,fried chicken,kulit ayam goreng,22000
fast_food,fried chicken,madame ching fried chicken,71500
fast_food,fried chicken,menu kids sabtu nasiputih fried chicken,38000
fast_food,fried chicken,mie ayam dengan pangsit ayam goreng,22000
fast_food,fried chicken,mie babi dengan pangsit ayam goreng,26000
fast_food,fried chicken,mie hotplate ayam teriyaki,22000
fast_food,fried chicken,nasi + ayam goreng dada / paha,20000
fast_food,fried chicken,nasi ayam geprek,22000
fast_food,fried chicken,nasi ayam geprek biasa,15000
fast_food,fried chicken,nasi ayam goreng penyet,33000
fast_food,fried chicken,nasi ayam pedas,80850
fast_food,fried chicken,nasi ayam penyet,19000
fast_food,fried chicken,nasi ayam penyet potong 4 dada,30000
fast_food,fried chicken,nasi ayam penyet potong 4 paha,28000
fast_food,fried chicken,nasi ayam teriyaki nasi+filet ayam,25000
fast_food,fried chicken,nasi lalapan ayam goreng,19000
fast_food,fried chicken,nasi putih fried chicken,38000
fast_food,fried chicken,nasi tim fried chicken,20000
fast_food,fried chicken,nasi tim fried chicken ayam mix vegetable,20000
fast_food,fried chicken,nasi tutug oncom ayam goreng,44000
fast_food,fried chicken,nasiputih fried chicken,38000
fast_food,fried chicken,onion rings onion ring garing,40425
fast_food,fried chicken,pahe combo firewings 2 firewings nasi,16000
fast_food,fried chicken,paket 4-cheese crispy chicken large,21000
fast_food,fried chicken,paket 4-cheese crispy chicken medium,13000
fast_food,fried chicken,paket 4-cheese crispy chicken medium,18500
fast_food,fried chicken,paket ayam goreng,24000
fast_food,fried chicken,paket ayam goreng tulang lunak,25000
fast_food,fried chicken,paket classic crispy chicken large,21000
fast_food,fried chicken,paket classic crispy chicken medium,13000
fast_food,fried chicken,paket fried chicken betawi paket nasi + ayam,13000
fast_food,fried chicken,paket fried chicken nasi + ayam,13000
fast_food,fried chicken,rice bowl ayam teriyaki salad nasi+ayam,19000
fast_food,fried chicken,sate ayam goreng sate ayam + nasi,20000
fast_food,fried chicken,satu potong ayam goreng 1/4 +taburan serundeng,21000
fast_food,fried chicken,sayap ayam,70000
fast_food,fried chicken,sayap ayam goreng bagian sayap,10000
fast_food,fried chicken,sayap ayam goreng pedas,46200
fast_food,fried chicken,seporsi kentang goreng dan sepotong ayam goreng crispy dilengkapi,23000
fast_food,fried chicken,single firewings,12000
fast_food,fried chicken,small korean fried chicken sushi nori roll,20000
fast_food,fried chicken,spicy chicken rice nasi ayam pedas,80850
fast_food,fried chicken,spicy chicken wings sayap ayam goreng pedas,46200
fast_food,fried chicken,spicy pocha wings chicken wings,33000
fast_food,fried chicken,teman makan nasi ayam goreng,10000
fast_food,fried chicken,thai chili fried chicken combo 2,60990
fast_food,non-coffee drink,pain au choco wholemeal gandum,23100
fast_food,pizza,8 pcs slice of pizza,156250
fast_food,pizza,bbq beef 8 pcs slice of pizza,156250
fast_food,pizza,calzone bolognese pizza tertutup yang diisi,69300
fast_food,pizza,pita pizza with sefood stuffing,126500
fast_food,pizza,pizza bentuk tipis yang crunchy,57750
fast_food,pizza,pizza bolognese pizza tipis yang crunchy,75075
fast_food,pizza,pizza margherita pizza bentuk tipis yang crunchy,57750
fast_food,pizza,pizza tertutup yang diisi,69300
fast_food,pizza,pizza tipis,57750
fast_food,pizza,pizza tipis yang crunchy,75075
fast_food,pizza,salami e olive pizza pizza tipis yang crunchy,75075
fast_food,pizza,vegetarian pizza pizza tipis,57750
fast_food,snack,beef pickled vegetables greens french fries,82225
fast_food,snack,bump snack kentang sosis dan nugget,32500
fast_food,snack,calamari fries,61985
fast_food,snack,cheese fries,46500
fast_food,snack,cheese fries kentang goreng,40425
fast_food,snack,cheesey potato nugget kentang nugget,42735
fast_food,snack,cheesy fries,25990
fast_food,snack,cheesy fries cheesy fries,25990
fast_food,snack,cheesy fries cheesy fries ukuran regular,13000
fast_food,snack,cheesy fries ukuran regular,13000
fast_food,snack,chicken goujons onion rings fries garlic aioli,75900
fast_food,snack,classic french fries,19990
fast_food,snack,classic french fries classic french fries,19990
fast_food,snack,fish fillet await batter and french fries and slaws,82000
fast_food,snack,fish n chips fish fillet await batter and french fries and slaws,82000
fast_food,snack,french fries,9000
fast_food,snack,french fries,19500
fast_food,snack,french fries,26000
fast_food,snack,french fries,27500
fast_food,snack,french fries,33000
fast_food,snack,french fries,40500
fast_food,snack,french fries / spicy fries,57200
fast_food,snack,french fries kentang goreng,8500
fast_food,snack,french fries kentang goreng,12000
fast_food,snack,french fries nachos dan dicocol,19500
fast_food,snack,fries,34650
fast_food,snack,fries and cheese,68750
fast_food,snack,fries ukuran large,21000
fast_food,snack,garlic rosemary fries garlic rosemary salt parmesan garlic aioli,44275
fast_food,snack,jalapeno cheesy fries jalapeno cheesy fries ukuran medium,21000
fast_food,snack,jalapeno cheesy fries ukuran medium,21000
fast_food,snack,kentang chicken katsu,28500
fast_food,snack,kentang goreng,8500
fast_food,snack,kentang goreng,10000
fast_food,snack,kentang goreng,12000
fast_food,snack,kentang goreng,15600
fast_food,snack,kentang goreng,18000
fast_food,snack,kentang goreng,21000
fast_food,snack,kentang goreng - french fries kentang goreng,15600
fast_food,snack,kentang goreng dengan keju,40425
fast_food,snack,kentang goreng kentang goreng,10000
fast_food,snack,kentang goreng porsi besar saos terpisah,25000
fast_food,snack,kentang goreng porsi medium saos terpisah,17500
fast_food,snack,kentang goreng porsi small saos terpisah,10000
fast_food,snack,kentang goreng sosis,25000
fast_food,snack,kentang nugget dengan keju,42735
fast_food,snack,kentang sosis dan nugget,32500
fast_food,snack,large fries,21000
fast_food,snack,large fries fries ukuran large,21000
fast_food,snack,mixed fritter chicken goujons onion rings fries garlic aioli,75900
fast_food,snack,mozarella cheese greens french fries,82225
fast_food,snack,perkedel kentang,5100
fast_food,snack,pochoz french fries nachos dan dicocol,19500
fast_food,snack,potatoes french fries,19500
fast_food,snack,sloppy cheese fries,50500
fast_food,snack,sosis kentang,18000
fast_food,snack,sosis kentang lada hitam sosis+kentang goreng,10000
fast_food,snack,sosis+kentang goreng,10000
fast_food,snack,sotang sosis kentang sosis,15000
fast_food,snack,spicy french fries,11000
fast_food,snack,with french fries / rice,25000
fast_food,snack,with french fries / rice,30000
snack_dessert,bakery,1bungkus jamur enoki bukan enoki korea,10000
snack_dessert,bakery,1bungkus jamur shimeji,18000
snack_dessert,bakery,3d donut kentang isi 10 besar,18750
snack_dessert,bakery,3d donut kentang mini isi 20pcs,24500
snack_dessert,bakery,abon mayo mini roti,12250
snack_dessert,bakery,banana bolen pastry,48500
snack_dessert,bakery,banana buttery muffin,15000
snack_dessert,bakery,beef spicy roti,14125
snack_dessert,bakery,bernardi plain rolls/roti hotdog isi 6,18900
snack_dessert,bakery,bernardi roti burger bun wijen isi 6,18500
snack_dessert,bakery,black burger bun isi 6 bh bsa d isi telur/daging/keju ssuai selera,19000
snack_dessert,bakery,bluder roti manis,13500
snack_dessert,bakery,blueberry buttery muffin,15000
snack_dessert,bakery,bomboloni donat isi banana,4000
snack_dessert,bakery,bomboloni donat isi keju,4000
snack_dessert,bakery,bomboloni donat isi nutella,5000
snack_dessert,bakery,bomboloni donat isi strawberry,4000
snack_dessert,bakery,bomboloni donat isi vanilla cream,4000
snack_dessert,bakery,bubur kacang ijo + roti,11000
snack_dessert,bakery,burger bun depatata roti burger isi 6bh,19000
snack_dessert,bakery,burger slice roti,14750
snack_dessert,bakery,butter croissant,13000
snack_dessert,bakery,cah buncis tumis buncis dan telur orak arik,18900
snack_dessert,bakery,choc almond croissant,18000
snack_dessert,bakery,cinnamon roll roti gulung dg palm sugar dan kayu manis + kismis,6000
snack_dessert,bakery,cookies pastry tpl tabung kue kering pastry lapis renyah,43500
snack_dessert,bakery,cookies pastry wk 512 kue kering pastry lapis renyah,47875
snack_dessert,bakery,couple cheese roti,12250
snack_dessert,bakery,croissant original butter cheese,8500
snack_dessert,bakery,curry puff pastry,25000
snack_dessert,bakery,custard crumble roti dg isian custard,6000
snack_dessert,bakery,donat donat,24000
snack_dessert,bakery,donat glaze,5500
snack_dessert,bakery,donat gula,4000
snack_dessert,bakery,donat gula donat kampung,3500
snack_dessert,bakery,donat hias,10375
snack_dessert,bakery,donat hias,41000
snack_dessert,bakery,donat isi 10pcs,36000
snack_dessert,bakery,donat isi 6pcs,25000
snack_dessert,bakery,donat kacang,4000
snack_dessert,bakery,donat kampung,3500
snack_dessert,bakery,donat keju,4000
snack_dessert,bakery,donat kentang,5000
snack_dessert,bakery,donat kentang bbentuk pizza dg rasa,48000
snack_dessert,bakery,donat kentang frozen donat kentang isi 10 bh,22000
snack_dessert,bakery,donat kentang isi 10 bh,22000
snack_dessert,bakery,donat kentang isi 10pcs,38500
snack_dessert,bakery,donat loukumades,20000
snack_dessert,bakery,donat meses,4000
snack_dessert,bakery,donat mesis donat kampung,3500
snack_dessert,bakery,donat mix isi 3 donat mix isi gula halus ceres dan kacang,11000
snack_dessert,bakery,donat mix isi gula halus ceres dan kacang,11000
snack_dessert,bakery,donat paket donat hias,41000
snack_dessert,bakery,donat pandan isi 10pcs,40000
snack_dessert,bakery,donat pizza donat kentang bbentuk pizza dg rasa,48000
snack_dessert,bakery,donat sate,6000
snack_dessert,bakery,donut donat hias,10375
snack_dessert,bakery,donut gula,8000
snack_dessert,bakery,donut kacang karamel,9000
snack_dessert,bakery,donut keju,9000
snack_dessert,bakery,donut moka meises,9000
snack_dessert,bakery,fla durian roti,16000
snack_dessert,bakery,gabin tape 4 pcs roti gabin + tape,20000
snack_dessert,bakery,grilled chicken paty burger bun lettuce tomato and cheese,40000
snack_dessert,bakery,hotdog ori keju roti hotdog dgn isian sosis keju parut selada timun,13000
snack_dessert,bakery,hotdog original roti hotdog dgn isian sosis selada timun,10000
snack_dessert,bakery,hotdog sosjum roti hotdog dgn isian sosis bratwurst mini selada timun,13000
snack_dessert,bakery,isi 41 batang packing/bungkus baru,41000
snack_dessert,bakery,jamur enoki 1bungkus jamur enoki bukan enoki korea,10000
snack_dessert,bakery,jamur shimeji putih 1bungkus jamur shimeji,18000
snack_dessert,bakery,keripik bawang bungkus kecil,5000
snack_dessert,bakery,klepon croissant,23000
snack_dessert,bakery,kue kering pastry lapis renyah,43500
snack_dessert,bakery,kue kering pastry lapis renyah,47875
snack_dessert,bakery,kue pastry renyah berlapis isi kacang,56000
snack_dessert,bakery,kue pastry renyah berlapis isi kacang,83500
snack_dessert,bakery,loukumades original donat loukumades,20000
snack_dessert,bakery,maryam gunting cheezy milk roti maryam,16000
snack_dessert,bakery,milk butter bread roti manis,11625
snack_dessert,bakery,nastar croissant,23000
snack_dessert,bakery,nutella croissant,25000
snack_dessert,bakery,original banana roti,10375
snack_dessert,bakery,packing/bungkus baru,33000
snack_dessert,bakery,paket donat isi 12 paket donat mix isi 12,36000
snack_dessert,bakery,paket donat mix isi 12,36000
snack_dessert,bakery,panca rasa roti manis,27250
snack_dessert,bakery,pastry,12250
snack_dessert,bakery,pastry,25000
snack_dessert,bakery,pastry,41000
snack_dessert,bakery,pastry,48500
snack_dessert,bakery,pastry kacang tpl bulat kue pastry renyah berlapis isi kacang,83500
snack_dessert,bakery,pastry kacang tpl panjang kue pastry renyah berlapis isi kacang,56000
snack_dessert,bakery,pastry renyah berlapis isi selai strawberry dan fla susu,12250
snack_dessert,bakery,pia isi 8 pastry,41000
snack_dessert,bakery,pisang keju mini roti,7875
snack_dessert,bakery,pisang keju roti,12875
snack_dessert,bakery,pisang manis d slimuti roti meses,3000
snack_dessert,bakery,pizza l roti,61625
snack_dessert,bakery,pizza s roti,14125
snack_dessert,bakery,pizza salad roti,14750
snack_dessert,bakery,potato donuts isi 10,23000
snack_dessert,bakery,puff pastry keju kacang pastry,12250
snack_dessert,bakery,rokus bluebery roti kukus bluebery,12000
snack_dessert,bakery,rokus melon roti kukus melon,12000
snack_dessert,bakery,rokus nanas roti kukus nanas,12000
snack_dessert,bakery,rokus strawbery roti kukus strawbery,12000
snack_dessert,bakery,roti asin,18000
snack_dessert,bakery,roti asin,21000
snack_dessert,bakery,roti asin,32000
snack_dessert,bakery,roti asin,35000
snack_dessert,bakery,roti besak,30000
snack_dessert,bakery,roti besak komplit bakar ramean roti besak,30000
snack_dessert,bakery,roti blueberry,6500
snack_dessert,bakery,roti burger dgn isian chicken patties keju slice selada timun,16000
snack_dessert,bakery,roti burger dgn isian smooke beef keju slice selada dan timun,14000
snack_dessert,bakery,roti burger isi 6bh,19000
snack_dessert,bakery,roti burger roti lembut,5375
snack_dessert,bakery,roti canai,18000
snack_dessert,bakery,roti caterpilar roti lembut dg potongan sosis,8000
snack_dessert,bakery,roti dg isian custard,6000
snack_dessert,bakery,roti dg isian selai blueberri d padu crumble yg krunci..yummi,6000
snack_dessert,bakery,roti dg meses,24000
snack_dessert,bakery,roti dpadu selai strawberri n crunci ny crumble,6000
snack_dessert,bakery,roti filling cokelat,9750
snack_dessert,bakery,roti gabin + tape,20000
snack_dessert,bakery,roti goreng ayam,5000
snack_dessert,bakery,roti gulung dg palm sugar dan kayu manis + kismis,6000
snack_dessert,bakery,roti gulung pisang pisang manis d slimuti roti meses,3000
snack_dessert,bakery,roti hemat roti lembut,6625
snack_dessert,bakery,roti hotdog dgn isian sosis bratwurst mini keju parut selada timun,15000
snack_dessert,bakery,roti hotdog dgn isian sosis bratwurst mini selada timun,13000
snack_dessert,bakery,roti hotdog dgn isian sosis keju parut selada timun,13000
snack_dessert,bakery,roti hotdog dgn isian sosis selada timun,10000
snack_dessert,bakery,roti isan daging kornet letuce dan caos,5000
snack_dessert,bakery,roti isian sosis letuce dan caos,5000
snack_dessert,bakery,roti jala + kari ayam roti jala,20000
snack_dessert,bakery,roti jala dengan kari ayam.,20000
snack_dessert,bakery,roti kadet,7500
snack_dessert,bakery,roti kadet dgn olesan mentega dan taburan gula putih plus kucuran susu,5500
snack_dessert,bakery,roti kadet dgn parutan keju plus kucuran susu yg legitt,8500
snack_dessert,bakery,roti keju halal,9500
snack_dessert,bakery,roti keju roti,11625
snack_dessert,bakery,roti kukus bluebery,12000
snack_dessert,bakery,roti kukus melon,12000
snack_dessert,bakery,roti kukus nanas,12000
snack_dessert,bakery,roti kukus strawbery,12000
snack_dessert,bakery,roti lembut,6625
snack_dessert,bakery,roti lembut dg isian selai strawberri n blueberri,5000
snack_dessert,bakery,roti lembut dg potongan sosis,8000
snack_dessert,bakery,roti lembut untuk penyajian burger,5375
snack_dessert,bakery,roti lumer regal roti,18900
snack_dessert,bakery,roti manis,6000
snack_dessert,bakery,roti manis,11625
snack_dessert,bakery,roti manis,13500
snack_dessert,bakery,roti manis,26000
snack_dessert,bakery,roti manis,27250
snack_dessert,bakery,roti manis dengan filling mesis,26000
snack_dessert,bakery,roti manis dengan taburan wijen,24750
snack_dessert,bakery,roti manis pisang keju,12000
snack_dessert,bakery,roti maryam,15000
snack_dessert,bakery,roti maryam,16000
snack_dessert,bakery,roti maryam,18000
snack_dessert,bakery,roti maryam + float,16000
snack_dessert,bakery,roti maryam + ovomaltine,17000
snack_dessert,bakery,roti maryam float roti maryam + float,16000
snack_dessert,bakery,roti maryam gurih,35000
snack_dessert,bakery,roti maryam kuah karee ayam roti maryam yang gurih,26000
snack_dessert,bakery,roti maryam kuah karee daging sapi roti maryam gurih,35000
snack_dessert,bakery,roti maryam ori,12000
snack_dessert,bakery,roti maryam ovomaltine roti maryam + ovomaltine,17000
snack_dessert,bakery,roti maryam polos,10000
snack_dessert,bakery,roti maryam telur,15000
snack_dessert,bakery,roti maryam yang gurih,26000
snack_dessert,bakery,roti sayur daging sapi telur abon,15000
snack_dessert,bakery,roti sisir meses roti dg meses,24000
snack_dessert,bakery,roti sobek isi 8,35000
snack_dessert,bakery,roti sobek sosis,40000
snack_dessert,bakery,roti sosis roti,8500
snack_dessert,bakery,roti sultan mini isian sosis roti isian sosis letuce dan caos,5000
snack_dessert,bakery,roti tawar bandung,5500
snack_dessert,bakery,roti tawar bandung roti tawar bandung,5500
snack_dessert,bakery,roti tawar bertekstur lembut,21625
snack_dessert,bakery,roti tawar bertekstur lembut tanpa pinggiran kulit,21625
snack_dessert,bakery,roti tawar gandum rendah gula,26000
snack_dessert,bakery,roti tawar roti tawar bertekstur lembut,21625
snack_dessert,bakery,roti unyil,3000
snack_dessert,bakery,royal burger biasa roti sayur daging sapi telur abon,15000
snack_dessert,bakery,sesame sweet bread roti manis,24750
snack_dessert,bakery,setup roti roti,20000
snack_dessert,bakery,setup roti tawar makanan,17000
snack_dessert,bakery,sosis bunga mini roti,12250
snack_dessert,bakery,strawberri crumble roti dpadu selai strawberri n crunci ny crumble,6000
snack_dessert,bakery,sup buntut,38400
snack_dessert,bakery,sweet berry pastry renyah berlapis isi selai strawberry dan fla susu,12250
snack_dessert,bakery,sweet couple roti,12250
snack_dessert,bakery,tawar gandum roti tawar gandum rendah gula,26000
snack_dessert,bakery,tawar putih roti tawar bertekstur lembut tanpa pinggiran kulit,21625
snack_dessert,bakery,tawar susu roti tawar bertekstur lembut,21625
snack_dessert,bakery,tumis buncis dan telur orak arik,18900
snack_dessert,bakery,vitalia roti burger bun wijen isi 6,17500
snack_dessert,bakery,wheat croissant,17500
snack_dessert,boba,boba coklat,15000
snack_dessert,boba,milkshake bubblegum real milk real ice cream vol 12oz,21250
snack_dessert,boba,silky pudding chocolate with boba lembut dan manis,13500
snack_dessert,boba,silky pudding taro with boba lembut dan manis,13500
snack_dessert,boba,yoghurt bubblegum real yoghurt real ice cream vol 12oz,23750
snack_dessert,burger / sandwich,2burger+kentang goreng+es teh,13000
snack_dessert,burger / sandwich,bilang cheesy beef burger burger isi daging sapi plus keju slice,23000
snack_dessert,burger / sandwich,blt sandwich bacon lettuce tomato served with potato french fries,30000
snack_dessert,burger / sandwich,burger isi daging sapi plus keju slice,23000
snack_dessert,burger / sandwich,burger kentang burger+kentang goreng+es teh,10000
snack_dessert,burger / sandwich,burger mini keju isian selada tomat timun daging keju saos,5000
snack_dessert,burger / sandwich,burger sosis higienis halal enak,5000
snack_dessert,burger / sandwich,burger+kentang goreng+es teh,10000
snack_dessert,burger / sandwich,resol mayo resoles isi daging burger keju slice mayo. isi 2 pcs,13500
snack_dessert,burger / sandwich,resoles isi daging burger keju slice mayo. isi 2 pcs,13500
snack_dessert,coffee,bolu gulung mocha,80000
snack_dessert,coffee,bolu roll mocha,4500
snack_dessert,coffee,buttercake coffee cream cheese coffee siraman chocolate belgium,75000
snack_dessert,coffee,cocoffee tiramisu in botle glass 1l,55000
snack_dessert,coffee,coffee blend with greenfields milk and chocolate hershey s,25000
snack_dessert,coffee,coffee brownies tiramisu mousse mascarpon mousse cocoa powder,45000
snack_dessert,coffee,coffee sponge cake + mascarpone cream + cocoa powder,60000
snack_dessert,coffee,cup tiramisu ladyfinger+coffee syrup+mascarpone cheese cream.,30000
snack_dessert,coffee,dalgona coffee bread roti,16000
snack_dessert,coffee,dalgona coffee dessert box dessert,48000
snack_dessert,coffee,dessert box chocolate coffee,65000
snack_dessert,coffee,ice belgium cholate non coffee & no sugar fullof belgium coklat,25000
snack_dessert,coffee,non coffee & no sugar fullof belgium coklat,25000
snack_dessert,coffee,roti coklat keju + cappuccino/v60 brazilian coffee,20000
snack_dessert,coffee,vanilla coffee hot/ice,23000
snack_dessert,combo meal,kejuaroma original 1 box isi 10 pcs,24000
snack_dessert,combo meal,kejuaroma original frozen 1 box isi 10 pcs,20000
snack_dessert,combo meal,oatmeal raisin cookies,11500
snack_dessert,combo meal,pisang bolen keju isi 10pcs/perbox,42000
snack_dessert,combo meal,risoles mayo satu box isi 5 pcs,19000
snack_dessert,croffle,croffle camilan berbentuk waffle,41000
snack_dessert,dessert,1 cookie in a pouch,7500
snack_dessert,dessert,1 dessert box + 1 liter bottle,127000
snack_dessert,dessert,1 layer cake bisa req tulisan,55000
snack_dessert,dessert,1 toples mix rasa cokelat keju dan susu,24000
snack_dessert,dessert,2 dessert box + 2 liter bottle,255000
snack_dessert,dessert,3 cookies in a pouch,15000
snack_dessert,dessert,5 cookies in a pouch,30000
snack_dessert,dessert,abon gulung nagih,17500
snack_dessert,dessert,aisyah hampers hampers isi 4 dessert box random,465000
snack_dessert,dessert,apple danish,17500
snack_dessert,dessert,bakpao kacang ijo,33000
snack_dessert,dessert,banana cake,4500
snack_dessert,dessert,banana cake,11500
snack_dessert,dessert,banana cake 10x30cm cake panggang yg terdiri dari adonan yg dicampur,55000
snack_dessert,dessert,banana cake sedang,9000
snack_dessert,dessert,banana cheese danish,17500
snack_dessert,dessert,bapao kacang ijo,4000
snack_dessert,dessert,bapao kacang ijo isi 10pcs bakpao kacang ijo,33000
snack_dessert,dessert,bapia bapia kering rasa kacang ijo kupas isi 10pcs,25000
snack_dessert,dessert,bapia kering rasa kacang ijo kupas isi 10pcs,25000
snack_dessert,dessert,base brownies yg nyoklat berisi buah alpukat yg lembut dan whipe cream,15000
snack_dessert,dessert,belgium dessert box,75000
snack_dessert,dessert,belgium dessert box cake,75000
snack_dessert,dessert,bento cake base blackforest uk 10cm,32000
snack_dessert,dessert,biskuat dessert box box 500ml,37500
snack_dessert,dessert,biskuat tiramisu large,22500
snack_dessert,dessert,biskuat tiramisu small,15000
snack_dessert,dessert,black forest cake slice,50000
snack_dessert,dessert,blackforest dessert box,40000
snack_dessert,dessert,blackforest dessert box 250ml,15000
snack_dessert,dessert,blueberry danish,18000
snack_dessert,dessert,bolu,25000
snack_dessert,dessert,bolu 3 rasa ukuran kue besar 27potong,50000
snack_dessert,dessert,bolu caramel sarang semut,5500
snack_dessert,dessert,bolu gulung,4500
snack_dessert,dessert,bolu gulung cokelat keju,35000
snack_dessert,dessert,bolu gulung mini,3500
snack_dessert,dessert,bolu gulung moka,8500
snack_dessert,dessert,bolu gulung moka meises,17500
snack_dessert,dessert,bolu gulung pandan keju,35000
snack_dessert,dessert,bolu gulung pandan keju,80000
snack_dessert,dessert,bolu gulung vanila keju,35000
snack_dessert,dessert,bolu jadul 10 x 20,50000
snack_dessert,dessert,bolu jadul moka bolu moka,4500
snack_dessert,dessert,bolu kacang,43000
snack_dessert,dessert,bolu karamel diameter kue 18x18 terbuat 100persen gula asli,44000
snack_dessert,dessert,bolu ketan,50000
snack_dessert,dessert,bolu ketan hitam,3500
snack_dessert,dessert,bolu kukus,3500
snack_dessert,dessert,bolu kukus fruity tuty,5000
snack_dessert,dessert,bolu kukus gula merah,3500
snack_dessert,dessert,bolu kukus ketan hitam,90000
snack_dessert,dessert,bolu marmer sliced potongan,5000
snack_dessert,dessert,bolu moka,4500
snack_dessert,dessert,bolu peca bugis boku pecca bugis,10000
snack_dessert,dessert,bolu pisang,50000
snack_dessert,dessert,bolu roll pelangi,4500
snack_dessert,dessert,bolu sakura,3500
snack_dessert,dessert,bolu sakura isi 2 pcs,7000
snack_dessert,dessert,bolu tape keju,42000
snack_dessert,dessert,bolu tape keju butter size 24x12cm,55000
snack_dessert,dessert,bolu tape keju wijsman. size 22-24cm,150000
snack_dessert,dessert,bolu tape singkong yg lembut dipadukan,40000
snack_dessert,dessert,bomboloni donat isi tiramisu,4000
snack_dessert,dessert,boston cake,23000
snack_dessert,dessert,browkat brownies alpukat lumer,18000
snack_dessert,dessert,brownies,10000
snack_dessert,dessert,brownies blueberry oreo lumer uk.250ml,15000
snack_dessert,dessert,brownies cream cheese,6000
snack_dessert,dessert,brownies crispy lotus biscoff,55000
snack_dessert,dessert,brownies crispy lotus biscoff,100000
snack_dessert,dessert,brownies croissant,24000
snack_dessert,dessert,brownies kukus,11000
snack_dessert,dessert,brownies kukus keju 10 x 20,55000
snack_dessert,dessert,brownies kukus keju 20 x 20,100000
snack_dessert,dessert,brownies kukus meses 10 x 20,50000
snack_dessert,dessert,brownies kukus meses 20 x 20,95000
snack_dessert,dessert,brownies kukus mini brownies kukus,11000
snack_dessert,dessert,brownies lotus biscoff mousse brownies whip cream cream lotus biscoff,55000
snack_dessert,dessert,brownies lumer mini,12000
snack_dessert,dessert,brownies panggang,50000
snack_dessert,dessert,brownies panggang 10x10cm luar crunchy dalamnya moist,20000
snack_dessert,dessert,brownies panggang 20x10,35000
snack_dessert,dessert,brownies panggang fudgy,6500
snack_dessert,dessert,brownies panggang fudgy 10 x 30,80000
snack_dessert,dessert,brownies panggang putih telur,6000
snack_dessert,dessert,brownies panggang putih telur 10x20,25000
snack_dessert,dessert,brownies panggang putih telur 10x30,40000
snack_dessert,dessert,brownies panggang putih telur 20 x 20,50000
snack_dessert,dessert,brownies potong,73000
snack_dessert,dessert,brownies tiramisu mousse cocoa powder,20000
snack_dessert,dessert,brownies whip cream toblerone mousse ganache,15000
snack_dessert,dessert,cadbury dessert box terdiri dari lapisan cake,75000
snack_dessert,dessert,cadbury heaven dessert box.,75000
snack_dessert,dessert,cake,65000
snack_dessert,dessert,cake cokelat brownies,67250
snack_dessert,dessert,cake dipadukan,60000
snack_dessert,dessert,cake gulung lembut,11625
snack_dessert,dessert,cake irisan daging klapa muda dtaburi almond dan kismis,12000
snack_dessert,dessert,cake lembut rasa gula jawa beraroma kayu manis,44750
snack_dessert,dessert,cake moist dipadu bahan-bahan,75000
snack_dessert,dessert,cake panggang yg terdiri dari adonan yg dicampur,55000
snack_dessert,dessert,cake pisang dipadukan,60000
snack_dessert,dessert,cake tape,4500
snack_dessert,dessert,cake tape 10 x 30,50000
snack_dessert,dessert,cake tape 10x20,30000
snack_dessert,dessert,cake vanila lembut,75375
snack_dessert,dessert,cake vanilla lembut,78500
snack_dessert,dessert,cara baru menikmati puding. puding lembut,11000
snack_dessert,dessert,cheese cake cadbury,45000
snack_dessert,dessert,cheese cake lotus,45000
snack_dessert,dessert,cheese cake oreo,45000
snack_dessert,dessert,cheese cake regal,45000
snack_dessert,dessert,cheese cake toblerone,45000
snack_dessert,dessert,cheese danish,18000
snack_dessert,dessert,cheese twist danish,17500
snack_dessert,dessert,cheesecake,18000
snack_dessert,dessert,chiffon cake keju,17500
snack_dessert,dessert,chiffon cake meises,17500
snack_dessert,dessert,child puding rasa jeruk isi full puding,10000
snack_dessert,dessert,child puding rasa lechy isi puding full,10000
snack_dessert,dessert,child puding rasa melon,10000
snack_dessert,dessert,child puding rasa strawb full puding,10000
snack_dessert,dessert,child puding vanilla isi puding full,10000
snack_dessert,dessert,choc almond twist danish,18000
snack_dessert,dessert,cinnamon roll mini tiramisu,30000
snack_dessert,dessert,cinnamon tiramisu,30000
snack_dessert,dessert,clair tiramisu,17500
snack_dessert,dessert,cocofe tiramisu in botle glass 250ml,16000
snack_dessert,dessert,cookie dough,10000
snack_dessert,dessert,cookie dough,12000
snack_dessert,dessert,cookies,9000
snack_dessert,dessert,cookies,10600
snack_dessert,dessert,cookies,12000
snack_dessert,dessert,cookies & cream something premium dessert box oreo,85000
snack_dessert,dessert,cookies brownies,10000
snack_dessert,dessert,cookies n cream dessert box something premium dessert box oreo,75000
snack_dessert,dessert,desert box blueberry creamcheese brownies uk 10 5 x 10 5 x 6,42500
snack_dessert,dessert,desert box strawberry creamcheese brownies uk 10 5 x 10 5 x 6,42500
snack_dessert,dessert,dessert,38000
snack_dessert,dessert,dessert,48000
snack_dessert,dessert,dessert box avocado ukuran 10x10x7,50000
snack_dessert,dessert,dessert box banofee,65000
snack_dessert,dessert,dessert box beng beng,38000
snack_dessert,dessert,dessert box black forest,13000
snack_dessert,dessert,dessert box black forrest,98000
snack_dessert,dessert,dessert box cheese cake,13000
snack_dessert,dessert,dessert box cheesecake,18000
snack_dessert,dessert,dessert box chesse oreo keju oreo dan susu,10000
snack_dessert,dessert,dessert box cokelat ukuran 10x10x7,50000
snack_dessert,dessert,dessert box es cendol,65000
snack_dessert,dessert,dessert box klepon cake,65000
snack_dessert,dessert,dessert box milk bath original milk bath original,24500
snack_dessert,dessert,dessert box milk bath tiramisu milk bath tiramisu,24500
snack_dessert,dessert,dessert box mini,7000
snack_dessert,dessert,dessert box nastar cake,65000
snack_dessert,dessert,dessert box nutella cheese cake,98000
snack_dessert,dessert,dessert box spesial,75000
snack_dessert,dessert,dessert box tiramissu ukuran 10x10x7,50000
snack_dessert,dessert,dessert box tiramisu,16000
snack_dessert,dessert,dessert box tiramisu,65000
snack_dessert,dessert,dessert box tiramisu uk 10 x 10,58000
snack_dessert,dessert,dhin aju ghule jhaba cake lembut rasa gula jawa beraroma kayu manis,44750
snack_dessert,dessert,diameter kue 22x22 bolu full cokelat,55000
snack_dessert,dessert,diameter kue 22x22 bolu full cokelat yg lembut,65000
snack_dessert,dessert,diameter kue 22x22 bolu full rasa pandan,55000
snack_dessert,dessert,diameter kue 22x22 bolu lapis pandan,65000
snack_dessert,dessert,dking bonibol 3 combi 1 toples mix rasa cokelat keju dan susu,24000
snack_dessert,dessert,doughnuts cookies n cream,15000
snack_dessert,dessert,doughnuts tiramisu,15000
snack_dessert,dessert,durian dessert box,75000
snack_dessert,dessert,es pisang ijo,12000
snack_dessert,dessert,es pisang ijo coco pandan,15000
snack_dessert,dessert,fererro roucher cake slice,60000
snack_dessert,dessert,fla 350 ml rasa vanilla,23000
snack_dessert,dessert,fresh orange puding mangga melon vanilla puding,150000
snack_dessert,dessert,fruity orange dessert box uk.250ml,15000
snack_dessert,dessert,fudge brownies,11500
snack_dessert,dessert,fudge brownies blueberry cheese,68000
snack_dessert,dessert,fudge brownies creamcheese blueberry,68000
snack_dessert,dessert,fudgy brownies,4000
snack_dessert,dessert,fudgy brownies 1 dus 1 dus,40000
snack_dessert,dessert,full butter teksturnya renyah not crunchy pake keju edam + cheddar,115000
snack_dessert,dessert,full puding,10000
snack_dessert,dessert,goreng pisang bertabur parud cokelat dark dilapisi selai blueberry,12500
snack_dessert,dessert,hampers isi 4 dessert box random,465000
snack_dessert,dessert,hasselback bread smoke beef + keju mozarella klop rasanya,30000
snack_dessert,dessert,healthy dessert box dessert,38000
snack_dessert,dessert,hemat dua 2 dessert box + 2 liter bottle,255000
snack_dessert,dessert,hemat satu 1 dessert box + 1 liter bottle,127000
snack_dessert,dessert,ice cream cake full bodied,30000
snack_dessert,dessert,ice cream cake large rectangle 8x12 inch,375000
snack_dessert,dessert,isi 4 dessert box,435000
snack_dessert,dessert,isi 6 bh bsa d isi telur/daging/keju ssuai selera,19000
snack_dessert,dessert,isi full puding,10000
snack_dessert,dessert,isi puding full,10000
snack_dessert,dessert,keju oreo dan susu,10000
snack_dessert,dessert,keripik pisang rasa gurih asin,25000
snack_dessert,dessert,ketan susu keju jumbo original,14400
snack_dessert,dessert,ketan susu keju original ketan legit di mix,6000
snack_dessert,dessert,kinder joy cake vanilla sponge cake,209750
snack_dessert,dessert,klapertart cake irisan daging klapa muda dtaburi almond dan kismis,12000
snack_dessert,dessert,klepon cake,23000
snack_dessert,dessert,kolak ubi pisang,12000
snack_dessert,dessert,kue kacang,72000
snack_dessert,dessert,kue kacang,75000
snack_dessert,dessert,kue kering gandum rendah gula rasa vanilla,54750
snack_dessert,dessert,kue kering gandum rendah gula rasa vanilla,58500
snack_dessert,dessert,kue kering gandum rendah gula rasa vanilla,98500
snack_dessert,dessert,lapis surabaya cokelat diameter kue 22x22 bolu full cokelat,55000
snack_dessert,dessert,lapis surabaya original keju,65000
snack_dessert,dessert,lapis surabaya pandan diameter kue 22x22 bolu full rasa pandan,55000
snack_dessert,dessert,lemon bar cake,23000
snack_dessert,dessert,lotus biscoff mousse dessert cup ukuran mini,20000
snack_dessert,dessert,lotus cheese cake slice,45000
snack_dessert,dessert,lotus dessert box,75000
snack_dessert,dessert,lotus dessert box cake moist dipadu bahan-bahan,75000
snack_dessert,dessert,lotus dessert box terdiri dari lapisan cake,68500
snack_dessert,dessert,mac & chesse makaroni masak keju moza + smoked beed,40000
snack_dessert,dessert,maestro mayonaise 180g,12900
snack_dessert,dessert,makaroni masak keju moza + smoked beed,40000
snack_dessert,dessert,mangga melon vanilla puding,150000
snack_dessert,dessert,mango sago dessert 200ml,10000
snack_dessert,dessert,marble marmer cake wijsman produk memakai bahan full butter wisjman,190000
snack_dessert,dessert,marmer cake,5000
snack_dessert,dessert,marmer cake 10x30,35000
snack_dessert,dessert,marmer cake 20inc,100000
snack_dessert,dessert,martabak manis mini,4500
snack_dessert,dessert,mentega+tiramisu+susu,25000
snack_dessert,dessert,merah putih dessert box,85000
snack_dessert,dessert,milk bath cake dipadukan,60000
snack_dessert,dessert,milk bath dessert box,60000
snack_dessert,dessert,milk bath tiramisu,24500
snack_dessert,dessert,milk cheese puding alpukat,12000
snack_dessert,dessert,mini hasselback bread smoke beef + keju leleh,12000
snack_dessert,dessert,mix fudge brownies,60000
snack_dessert,dessert,nastar cake,29000
snack_dessert,dessert,new york cheese cake,29000
snack_dessert,dessert,nutella cheesecake,35000
snack_dessert,dessert,nuts over banana cake,23000
snack_dessert,dessert,omelet keju,17500
snack_dessert,dessert,oreo cheese cake slice,45000
snack_dessert,dessert,oreo dessert box box 500ml,37500
snack_dessert,dessert,oreo dessert box makanan sehat,17000
snack_dessert,dessert,oreo dessert box mini,22275
snack_dessert,dessert,oreo tiramisu box box 500ml,37500
snack_dessert,dessert,oreo tiramisu large,22500
snack_dessert,dessert,oreo tiramisu small,15000
snack_dessert,dessert,parutan keju + glaze tiramisu,17000
snack_dessert,dessert,penta cookies 5 cookies in a pouch,30000
snack_dessert,dessert,pie brownies,5000
snack_dessert,dessert,pisang bakar digenangi,17000
snack_dessert,dessert,pisang caramel keju,4000
snack_dessert,dessert,pisang crispy keju,7000
snack_dessert,dessert,pisang goreng frozen oleh2 terkenal dr pku isi 20bh,65000
snack_dessert,dessert,pisang ijo 3+fla+sirup,10000
snack_dessert,dessert,pisang ijo pisang ijo 3+fla+sirup,10000
snack_dessert,dessert,pisang nangka,23500
snack_dessert,dessert,pisang raja telur + kacang tanah,10000
snack_dessert,dessert,pop corn cake slice,50000
snack_dessert,dessert,potongan pisang berkualitas dilapisi adonan terigu,15500
snack_dessert,dessert,pretty cake,206000
snack_dessert,dessert,proll tape keju,35000
snack_dessert,dessert,proll tape keju bolu tape singkong yg lembut dipadukan,40000
snack_dessert,dessert,pudding regal,20000
snack_dessert,dessert,puding buah dengan vla,9000
snack_dessert,dessert,puding buah jumbo puding rasa buah,19000
snack_dessert,dessert,puding buah puding buah dengan vla,9000
snack_dessert,dessert,puding character pemesannn h-2 doraemon pikachu pooh dll,10000
snack_dessert,dessert,puding full jeruk jumbo rasa random,22000
snack_dessert,dessert,puding leci,15000
snack_dessert,dessert,puding leci,38000
snack_dessert,dessert,puding leci susu,12000
snack_dessert,dessert,puding oreo de patata,15000
snack_dessert,dessert,puding rasa buah,19000
snack_dessert,dessert,puding regal with biscuit marie regal,10000
snack_dessert,dessert,puding sedot,10000
snack_dessert,dessert,puding susu cup kecil,3500
snack_dessert,dessert,pudot puding sedot puding sedot,10000
snack_dessert,dessert,pull me up cake lotus,35000
snack_dessert,dessert,pull me up cake saycheese,35000
snack_dessert,dessert,pull me up cake tiramisu,35000
snack_dessert,dessert,purple haze cake,38500
snack_dessert,dessert,rasa keju + tiramisu,22500
snack_dessert,dessert,rasa tiramisu,22500
snack_dessert,dessert,rasa tiramisu + cappucino,22500
snack_dessert,dessert,rasa uniqe cocok untuk semua puding,17500
snack_dessert,dessert,rasa vanilla,23000
snack_dessert,dessert,red cheese dessert box uk.250ml,15000
snack_dessert,dessert,regal cake vanilla sponge cake,139750
snack_dessert,dessert,regal dessert box,40000
snack_dessert,dessert,regal dessert box,65000
snack_dessert,dessert,regal dessert box,75000
snack_dessert,dessert,regal dessert box box 500ml,37500
snack_dessert,dessert,regal tiramisu box box 500ml,37500
snack_dessert,dessert,regal tiramisu large,22500
snack_dessert,dessert,regal tiramisu small,15000
snack_dessert,dessert,resol ragut resoles isi ragut ayam wortel susu keju. isi 2 pcs,13500
snack_dessert,dessert,resoles isi ragut ayam wortel susu keju. isi 2 pcs,13500
snack_dessert,dessert,risol mayo,4500
snack_dessert,dessert,risol mayo isi 6pcs,24000
snack_dessert,dessert,roll tart slice cake gulung lembut,11625
snack_dessert,dessert,sagu keju,75000
snack_dessert,dessert,sale pisang,23500
snack_dessert,dessert,sanggara belanda pisang raja telur + kacang tanah,10000
snack_dessert,dessert,say cheese dessert box,60000
snack_dessert,dessert,setuf roti puding,12000
snack_dessert,dessert,shaun the sheep cake,104125
snack_dessert,dessert,silky puding leci size besar puding leci,38000
snack_dessert,dessert,silky puding leci size kecil puding leci,15000
snack_dessert,dessert,single cookie 1 cookie in a pouch,7500
snack_dessert,dessert,smoke beef + keju leleh,12000
snack_dessert,dessert,smoke beef + keju mozarella klop rasanya,30000
snack_dessert,dessert,smoked beef & cheese danish,18000
snack_dessert,dessert,something premium dessert box oreo,75000
snack_dessert,dessert,something premium dessert box oreo,85000
snack_dessert,dessert,sruput puding mak nyossss cara baru menikmati puding. puding lembut,11000
snack_dessert,dessert,stay safe and stay healthy care hampers isi 4 dessert box,435000
snack_dessert,dessert,stik keju,25000
snack_dessert,dessert,strawberry cheese cake cokelat brownies,67250
snack_dessert,dessert,strawberry puding 1 pack isi 4 cup,12000
snack_dessert,dessert,summer berry dessert box,75000
snack_dessert,dessert,swiss roll chesee cake,65000
snack_dessert,dessert,terdiri dari lapisan cake,56000
snack_dessert,dessert,terdiri dari lapisan cake,62000
snack_dessert,dessert,terdiri dari lapisan cake,68500
snack_dessert,dessert,terdiri dari lapisan cake,75000
snack_dessert,dessert,tiramissu dessert box cake,65000
snack_dessert,dessert,tiramisu,54000
snack_dessert,dessert,tiramisu cream cookies uk.500ml,30000
snack_dessert,dessert,tiramisu dessert box,65000
snack_dessert,dessert,tiramisu dessert box cake vanilla lembut,78500
snack_dessert,dessert,tiramisu ke 2,54000
snack_dessert,dessert,tiramisu mousse 200ml brownies tiramisu mousse cocoa powder,20000
snack_dessert,dessert,toblerone dessert box dessert box spesial,75000
snack_dessert,dessert,toblerone mousse 200ml brownies whip cream toblerone mousse ganache,15000
snack_dessert,dessert,tower pudding rasa campur,150000
snack_dessert,dessert,tres leches / milk bath dessert vanilla cake milk mousse grated cheese,45000
snack_dessert,dessert,triple cookies 3 cookies in a pouch,15000
snack_dessert,dessert,turkish dessert box,50000
snack_dessert,dessert,turkish dessert box terdiri dari lapisan cake,56000
snack_dessert,dessert,unicorn cookies cookies,10600
snack_dessert,dessert,unicorn dessert box,75000
snack_dessert,dessert,vanana berendam pisang bakar digenangi,17000
snack_dessert,dessert,vanana cokelat selai mangga,12500
snack_dessert,dessert,vanana keju selai mangga foto akan segera diperbarui,12500
snack_dessert,dessert,vanana keju tiramisu parutan keju + glaze tiramisu,17000
snack_dessert,dessert,vanana pisang kental manis susu,11000
snack_dessert,dessert,vanana selai blueberry foto akan segera diperbarui,15500
snack_dessert,dessert,vanana selai mangga foto akan segera diperbarui,12500
snack_dessert,dessert,vanilla cake,4500
snack_dessert,dessert,vanilla cake milk mousse grated cheese,45000
snack_dessert,dessert,vanilla cake potong 20x20cm,80000
snack_dessert,dessert,vanilla sponge cake,139750
snack_dessert,dessert,vanilla sponge cake,202250
snack_dessert,dessert,vanilla sponge cake,209750
snack_dessert,dessert,vanilla sponge cake milk cheese mousse taburan keju,15000
snack_dessert,ice cream,campuran ice cream strawberry sy dan milk segar,31250
snack_dessert,ice cream,cotton candy campuran ice cream strawberry sy dan milk segar,31250
snack_dessert,ice cream,frappucino with ice cream,31250
snack_dessert,ice cream,fruit yoghurt shake alpukat real yoghurt real fruit real ice cream,27500
snack_dessert,ice cream,fruit yoghurt shake mangga real yoghurt real fruit real ice cream,27500
snack_dessert,ice cream,fruit yoghurt shake pisang real yoghurt real fruit real ice cream,27500
snack_dessert,ice cream,ice cream,8000
snack_dessert,ice cream,ice cream,20000
snack_dessert,ice cream,ice cream durian uk.300ml,15500
snack_dessert,ice cream,ice cream lembut,20000
snack_dessert,ice cream,ice cream strawberry vanila uk.250ml,12500
snack_dessert,ice cream,ice cream super lembut,15000
snack_dessert,ice cream,milkshake alpukat real fruit real milk real ice cream vol 12oz,25000
snack_dessert,ice cream,milkshake blueberry real milk real ice cream vol 12oz,21250
snack_dessert,ice cream,milkshake capucino real milk real ice cream vol 12oz,21250
snack_dessert,ice cream,milkshake hazelnut real milk real ice cream vol 12oz,21250
snack_dessert,ice cream,milkshake mangga real fruit real milk real ice cream,25000
snack_dessert,ice cream,milkshake pisang real fruit real milk real ice cream vol 12oz,25000
snack_dessert,ice cream,milkshake strawberry real milk real ice cream vol 12oz,21250
snack_dessert,ice cream,real fruit real milk real ice cream,25000
snack_dessert,ice cream,real fruit real milk real ice cream vol 12oz,25000
snack_dessert,ice cream,real milk real ice cream vol 12oz,21250
snack_dessert,ice cream,real yoghurt real fruit real ice cream,27500
snack_dessert,ice cream,real yoghurt real fruit real ice cream vol 12oz,27500
snack_dessert,ice cream,real yoghurt real ice cream,23750
snack_dessert,ice cream,real yoghurt real ice cream vol 12oz,23750
snack_dessert,ice cream,smooth flurry oreo ukuran medium ice cream lembut,20000
snack_dessert,ice cream,smooth flurry vanilla oreo small cup ice cream super lembut,15000
snack_dessert,ice cream,stamina booster real fruit real milk real ice cream vol 12oz,25000
snack_dessert,ice cream,yoghurt blueberry real yoghurt real ice cream vol 12oz,23750
snack_dessert,ice cream,yoghurt capucino real yoghurt real ice cream vol 12oz,23750
snack_dessert,ice cream,yoghurt hazelnut real yoghurt real ice cream vol 12oz,23750
snack_dessert,ice cream,yoghurt strawberry real yoghurt real ice cream vol 12oz,23750
snack_dessert,matcha / tea,croissant waffle matcha,11000
snack_dessert,matcha / tea,frappe tiramisu chocolate matcha taro,15000
snack_dessert,matcha / tea,kue matcha dessert box,54000
snack_dessert,matcha / tea,matcha cake slice,50000
snack_dessert,matcha / tea,milkshake matcha real milk real ice cream vol 12oz,21250
snack_dessert,matcha / tea,yoghurt matcha real yoghurt real ice cream vol 12oz,23750
snack_dessert,non-coffee drink,2 layer cake full choco in top,59000
snack_dessert,non-coffee drink,bakpao coklat isi 10pcs,33000
snack_dessert,non-coffee drink,banana choco cake cake pisang dipadukan,60000
snack_dessert,non-coffee drink,banana choco danish,17500
snack_dessert,non-coffee drink,banana chocolate muffin,4500
snack_dessert,non-coffee drink,bapao coklat,4000
snack_dessert,non-coffee drink,base cake coklat isian coklat filling dan freshcream ukuran 16cm,139750
snack_dessert,non-coffee drink,bear cake chocolate sponge cake,202250
snack_dessert,non-coffee drink,belgium butttercake chocolate belgium full dark chocolate belgium,85000
snack_dessert,non-coffee drink,black forest cake chocolate sponge cake,227875
snack_dessert,non-coffee drink,blackforest hemat 14 m 2 layer cake full choco in top,59000
snack_dessert,non-coffee drink,bluebery coklat+coklat keju,20000
snack_dessert,non-coffee drink,bluebery coklat+coklat keju bluebery coklat+coklat keju,20000
snack_dessert,non-coffee drink,bolu jadul coklat,4500
snack_dessert,non-coffee drink,bomboloni donat isi chocolate donat fluffy isi selai chocolate,4000
snack_dessert,non-coffee drink,bomboloni donat isi taro,4000
snack_dessert,non-coffee drink,box size 10x10cm brownies cream choco cream cheese coklat ganache oreo,31000
snack_dessert,non-coffee drink,brow box belgium chocolate,65000
snack_dessert,non-coffee drink,brownies avocado mousse white mousse ganache chocolate,45000
snack_dessert,non-coffee drink,brownies choco cheese,60000
snack_dessert,non-coffee drink,brownies choco crunchy brownies panggang,50000
snack_dessert,non-coffee drink,brownies choco peanut lumer uk.250ml,15000
snack_dessert,non-coffee drink,brownies chocolate mousse chocolate ganache,45000
snack_dessert,non-coffee drink,brownies coklat lumer uk.250ml,15000
snack_dessert,non-coffee drink,brownies crispy chocolate belgium,55000
snack_dessert,non-coffee drink,brownies crispy chocolate belgium,100000
snack_dessert,non-coffee drink,brownies kukus coklat moist size 20x10,40000
snack_dessert,non-coffee drink,brownies panggang coklat premium,76625
snack_dessert,non-coffee drink,brownies whip cream cadbyry chocolate mousse ganache,55000
snack_dessert,non-coffee drink,brownis avocado coklat,50000
snack_dessert,non-coffee drink,brownis durian coklat,50000
snack_dessert,non-coffee drink,brownis keju coklat batang susu,10000
snack_dessert,non-coffee drink,buttercake chocolate cream cheese lotus siraman lotus biscoff,85000
snack_dessert,non-coffee drink,butttercake chocolate belgium full dark chocolate belgium,85000
snack_dessert,non-coffee drink,cadbury cheese cake cheese cake made with cadbury dairy milk chocolate,45000
snack_dessert,non-coffee drink,cake brownies coklat lembut,86000
snack_dessert,non-coffee drink,cake coklat cream cheese belgian chocolate dan caramel,75000
snack_dessert,non-coffee drink,cake coklat moist,75000
snack_dessert,non-coffee drink,cake coklat moist mousses dan siraman belgian chocolate,75000
snack_dessert,non-coffee drink,cake coklat moist mousses dan siraman belgian chocolate,85000
snack_dessert,non-coffee drink,cake dengan belgian chocolate asli,75000
snack_dessert,non-coffee drink,cake lapis pandan dan brownies coklat filling kismis,53500
snack_dessert,non-coffee drink,cake lapis vanilla dan brownies coklat filling kismis,49125
snack_dessert,non-coffee drink,cake muffin coklat,9750
snack_dessert,non-coffee drink,cake slice vanila dan coklat lembut,12875
snack_dessert,non-coffee drink,canai + coklat,15000
snack_dessert,non-coffee drink,canai susu keju + coklat,21000
snack_dessert,non-coffee drink,candy ball olahan cake coklat yang dibentuk bulat,6500
snack_dessert,non-coffee drink,cheese cake made with cadbury dairy milk chocolate,45000
snack_dessert,non-coffee drink,cheese chocolate 22oz,22500
snack_dessert,non-coffee drink,cheewy choco cookies,12825
snack_dessert,non-coffee drink,chewy choco cookies cookies,9000
snack_dessert,non-coffee drink,chiffon coklat,5000
snack_dessert,non-coffee drink,child coklat puding rasa coklat asli,10000
snack_dessert,non-coffee drink,choco cake,12000
snack_dessert,non-coffee drink,choco cake + choco flavored cream + dark choco coating,60000
snack_dessert,non-coffee drink,choco cake 14 cm 1 layer cake bisa req tulisan,55000
snack_dessert,non-coffee drink,choco cake no flour,17500
snack_dessert,non-coffee drink,choco cheese dessert box terdiri dari lapisan cake,56000
snack_dessert,non-coffee drink,choco chip cookies,11500
snack_dessert,non-coffee drink,choco cream cake chocolate sponge cake,23500
snack_dessert,non-coffee drink,choco crispy roti filling coklat,14125
snack_dessert,non-coffee drink,choco dessert cup choco cake,12000
snack_dessert,non-coffee drink,choco heaven dessert box,75000
snack_dessert,non-coffee drink,choco island mini roti,7875
snack_dessert,non-coffee drink,choco island roti,19125
snack_dessert,non-coffee drink,choco oatmeal cookies m kue kering gandum rendah gula rasa cokelat,78500
snack_dessert,non-coffee drink,choco silky pudding puding lembut,11625
snack_dessert,non-coffee drink,chocochip buttery muffin,15000
snack_dessert,non-coffee drink,chocolate,29000
snack_dessert,non-coffee drink,chocolate,36000
snack_dessert,non-coffee drink,chocolate + keju,13000
snack_dessert,non-coffee drink,chocolate 1 liter,72000
snack_dessert,non-coffee drink,chocolate 1 liter,126000
snack_dessert,non-coffee drink,chocolate 22oz,18000
snack_dessert,non-coffee drink,chocolate 500ml,66000
snack_dessert,non-coffee drink,chocolate belgian with cremer &fresh milk 2 shot espreeso,25000
snack_dessert,non-coffee drink,chocolate chip,9000
snack_dessert,non-coffee drink,chocolate cupcake,16000
snack_dessert,non-coffee drink,chocolate frappe,27600
snack_dessert,non-coffee drink,chocolate hot,21600
snack_dessert,non-coffee drink,chocolate hot/ice,21000
snack_dessert,non-coffee drink,chocolate ice,22800
snack_dessert,non-coffee drink,chocolate milk,22000
snack_dessert,non-coffee drink,chocolate sponge cake,23500
snack_dessert,non-coffee drink,chocolate sponge cake,139750
snack_dessert,non-coffee drink,chocolate sponge cake,202250
snack_dessert,non-coffee drink,chocolate sponge cake,209750
snack_dessert,non-coffee drink,chocolate sponge cake,227875
snack_dessert,non-coffee drink,choconut vanilla tpl tabung kue kering gandum rendah gula rasa cokelat,54750
snack_dessert,non-coffee drink,cinamon roll mini chocolate belgium,30000
snack_dessert,non-coffee drink,cinnamon chocolate belgium,30000
snack_dessert,non-coffee drink,cinnamon chocolate churros cinnamon churros,22000
snack_dessert,non-coffee drink,cinnamon chocolate hazelnut,30000
snack_dessert,non-coffee drink,cinnamon roll mini chocolate hazelnut,30000
snack_dessert,non-coffee drink,clair coklat,17500
snack_dessert,non-coffee drink,cokju setengah coklat keju setengah porsi,8000
snack_dessert,non-coffee drink,coklat + keju,8000
snack_dessert,non-coffee drink,coklat / putih,5000
snack_dessert,non-coffee drink,coklat asli dengan susu,22000
snack_dessert,non-coffee drink,coklat cake,4500
snack_dessert,non-coffee drink,coklat dan campuran susu,18750
snack_dessert,non-coffee drink,coklat dicamp alpukat asli,28000
snack_dessert,non-coffee drink,coklat hangat sebelum bermain permainan papan.,24000
snack_dessert,non-coffee drink,coklat kacang roti manis,26000
snack_dessert,non-coffee drink,coklat keju,16000
snack_dessert,non-coffee drink,coklat keju coklat keju,16000
snack_dessert,non-coffee drink,coklat keju setengah porsi,8000
snack_dessert,non-coffee drink,coklat keju strawberry srikaya blueberry,20000
snack_dessert,non-coffee drink,coklat lembut,45000
snack_dessert,non-coffee drink,coklat meses/selai keju kacang,15000
snack_dessert,non-coffee drink,coklat moist base cake,48000
snack_dessert,non-coffee drink,coklat panas,8500
snack_dessert,non-coffee drink,coklat panjang roti manis,26000
snack_dessert,non-coffee drink,coklat premium,25000
snack_dessert,non-coffee drink,coklat strawberry blueberry dan kacang,9000
snack_dessert,non-coffee drink,coklat susu panas coklat yg pekat nikmat,17000
snack_dessert,non-coffee drink,coklat wijen roti filling cokelat,9750
snack_dessert,non-coffee drink,coklat yg pekat nikmat,17000
snack_dessert,non-coffee drink,coklat+ keju+ oreo,20000
snack_dessert,non-coffee drink,coklat+keju+kacang,19000
snack_dessert,non-coffee drink,coklat+susu,20000
snack_dessert,non-coffee drink,coklat+taro,17000
snack_dessert,non-coffee drink,coklat+taro coklat+taro,17000
snack_dessert,non-coffee drink,coklat/kejua,15000
snack_dessert,non-coffee drink,cookies choco chips,7500
snack_dessert,non-coffee drink,croissant waffle chocolate,11000
snack_dessert,non-coffee drink,croissant waffle taro,11000
snack_dessert,non-coffee drink,cup assorted 4 rasa dessert rasa chocolate red velvet tiramisu regal,115000
snack_dessert,non-coffee drink,cup cake red velvet,7000
snack_dessert,non-coffee drink,danish coklat,8500
snack_dessert,non-coffee drink,dark chocolate 22oz,18000
snack_dessert,non-coffee drink,dark chocolate sponge+chocolate mousse+chocolate ganache,30000
snack_dessert,non-coffee drink,dengan coklat yang kental dan leleh,22000
snack_dessert,non-coffee drink,dengan variasi rasa coklat dan keju,100000
snack_dessert,non-coffee drink,desert box chocolate brownies uk 10 5 x 10 5 x 6,42500
snack_dessert,non-coffee drink,dessert box 500ml choco cheese,62000
snack_dessert,non-coffee drink,dessert box base coklat cake,48000
snack_dessert,non-coffee drink,dessert box brownis lumer brownis keju coklat batang susu,10000
snack_dessert,non-coffee drink,dessert box choco milo coklat moist base cake,48000
snack_dessert,non-coffee drink,dessert box coklat turkish,36000
snack_dessert,non-coffee drink,dessert box milk bath coklat milk bath coklat,24500
snack_dessert,non-coffee drink,dessert box oreo n cream moist coklat cake dilapis cream cookies oreo,48000
snack_dessert,non-coffee drink,dessert box red velvet,15000
snack_dessert,non-coffee drink,dessert box red velvet,65000
snack_dessert,non-coffee drink,dessert box red velvet cake,48000
snack_dessert,non-coffee drink,dessert box red velvet chese dessert box red velvet cake,48000
snack_dessert,non-coffee drink,dhin aju cake lapis vanilla dan brownies coklat filling kismis,49125
snack_dessert,non-coffee drink,dhin aju pandan cake lapis pandan dan brownies coklat filling kismis,53500
snack_dessert,non-coffee drink,donat fluffy isi selai chocolate,4000
snack_dessert,non-coffee drink,donat kentang 1 lusin rasa coklat tiramisu capucini mangga strawberi,38000
snack_dessert,non-coffee drink,double chocolate cookies,14000
snack_dessert,non-coffee drink,durian dessert box cake coklat moist,75000
snack_dessert,non-coffee drink,es coklat,17500
snack_dessert,non-coffee drink,es coklat 1 liter,85000
snack_dessert,non-coffee drink,es coklat alpukat coklat dicamp alpukat asli,28000
snack_dessert,non-coffee drink,es coklat mint,22000
snack_dessert,non-coffee drink,es krim 2 rasa rasa strawberri coklat vanila taro melon,3500
snack_dessert,non-coffee drink,es susu coklat,4000
snack_dessert,non-coffee drink,es susu coklat coklat asli,22000
snack_dessert,non-coffee drink,fudgy brownies mix oreo choco chip almond,70000
snack_dessert,non-coffee drink,halona cookies cookies choco chips,7500
snack_dessert,non-coffee drink,hampers hexavaganza 3 cake magnum 3 cake pop 2 choco ball,350000
snack_dessert,non-coffee drink,happy brownies brownies panggang coklat premium,76625
snack_dessert,non-coffee drink,havana choco pack coklat lembut,45000
snack_dessert,non-coffee drink,hot chocolate coklat hangat sebelum bermain permainan papan.,24000
snack_dessert,non-coffee drink,ice chocolate,21250
snack_dessert,non-coffee drink,ice chocolate,26000
snack_dessert,non-coffee drink,ice chocolate,32000
snack_dessert,non-coffee drink,ice chocolate chocolate milk,22000
snack_dessert,non-coffee drink,ice chocolate coklat premium,25000
snack_dessert,non-coffee drink,ice cream coklat vanila uk.250ml,12500
snack_dessert,non-coffee drink,ice cream vanila/strawberry/chocolate,16225
snack_dessert,non-coffee drink,iced chocolate,25000
snack_dessert,non-coffee drink,iced chocolate,31875
snack_dessert,non-coffee drink,isi coklat kacang d taburi meses,6000
snack_dessert,non-coffee drink,isi lidah kucing kastengel semprit coklat,322000
snack_dessert,non-coffee drink,kacang+coklat+susu,22500
snack_dessert,non-coffee drink,keju+coklat+susu,28750
snack_dessert,non-coffee drink,kejuaroma chocolate 1 box isi 10 pcs,26000
snack_dessert,non-coffee drink,kejuaroma chocolate frozen 1 box isi 10 pcs,22000
snack_dessert,non-coffee drink,kismis+coklat,22500
snack_dessert,non-coffee drink,kupi susu coklat 1 liter,90000
snack_dessert,non-coffee drink,lapis cheese cream coklat,60000
snack_dessert,non-coffee drink,lapis coklat,55000
snack_dessert,non-coffee drink,lapis durian cake slice vanila dan coklat lembut,12875
snack_dessert,non-coffee drink,lotus biscoff ice cream dipped in a milk chocolate coating & lotus jam,50000
snack_dessert,non-coffee drink,lotus buttercake chocolate cream cheese lotus siraman lotus biscoff,85000
snack_dessert,non-coffee drink,lumpia frozen rasa coklat isi 25 bh,32000
snack_dessert,non-coffee drink,marie regal chocolate custatd,7000
snack_dessert,non-coffee drink,martabak coklat coklat+susu,20000
snack_dessert,non-coffee drink,martabak coklat kacang kacang+coklat+susu,22500
snack_dessert,non-coffee drink,martabak coklat kismis kismis+coklat,22500
snack_dessert,non-coffee drink,martabak coklat pisang pisang+coklat+susu,22500
snack_dessert,non-coffee drink,martabak keju coklat keju+coklat+susu,28750
snack_dessert,non-coffee drink,maryam gunting with premium chocolate n honey,17000
snack_dessert,non-coffee drink,mentega+coklat+susu,22500
snack_dessert,non-coffee drink,milk bath coklat,24500
snack_dessert,non-coffee drink,milk coklat,7000
snack_dessert,non-coffee drink,milk shake vanilla strawberry chocolate,20000
snack_dessert,non-coffee drink,milkshake chocolate,21000
snack_dessert,non-coffee drink,milkshake chocolate milkshake chocolate,21000
snack_dessert,non-coffee drink,milkshake chocolate real milk real ice cream vol 12oz,21250
snack_dessert,non-coffee drink,milkshake redvelvet real milk real ice cream vol 12oz,21250
snack_dessert,non-coffee drink,milkshake taro real milk real ice cream vol 12oz,21250
snack_dessert,non-coffee drink,milky chocolate 22oz,18000
snack_dessert,non-coffee drink,milo dessert box 250ml,15000
snack_dessert,non-coffee drink,mini dessert box choco milo,17500
snack_dessert,non-coffee drink,mini dessert box chocolate oreo,18000
snack_dessert,non-coffee drink,moist coklat cake dilapis cream cookies oreo,48000
snack_dessert,non-coffee drink,muffin coklat,7000
snack_dessert,non-coffee drink,muffin coklat cake muffin coklat,9750
snack_dessert,non-coffee drink,nucomaltine panggang roti tawar filling cream susu dan coklat crunchy,11625
snack_dessert,non-coffee drink,nyam-nyam + coklat,10000
snack_dessert,non-coffee drink,nyam-nyam nyam-nyam + coklat,10000
snack_dessert,non-coffee drink,olahan cake coklat yang dibentuk bulat,6500
snack_dessert,non-coffee drink,oreo cake chocolate sponge cake,139750
snack_dessert,non-coffee drink,oreo+coklat,15000
snack_dessert,non-coffee drink,oreo+coklat oreo+coklat,15000
snack_dessert,non-coffee drink,pahe 4 roti bakar coklat strawbery setengah porsi,23000
snack_dessert,non-coffee drink,panas coklat mint,22000
snack_dessert,non-coffee drink,pancake + 1 scoop es cream + buah vanilla/ strawberry/ chocolate,25000
snack_dessert,non-coffee drink,pancake + 1 scoop es cream vanilla/ strawberry/ chocolate,19000
snack_dessert,non-coffee drink,perpaduan cake regal dan gold caramelle coklat,65000
snack_dessert,non-coffee drink,pisang bakar coklat keju pisang bakar,20000
snack_dessert,non-coffee drink,pisang bakar pisang tanduk dgn coklat meses keju parut dan susu kental,20750
snack_dessert,non-coffee drink,pisang bakarr coklat,15000
snack_dessert,non-coffee drink,pisang coklat,10000
snack_dessert,non-coffee drink,pisang coklat mini roti,7875
snack_dessert,non-coffee drink,pisang coklat pisang+coklat,16000
snack_dessert,non-coffee drink,pisang coklat roti,14750
snack_dessert,non-coffee drink,pisang goreng coklat keju,19000
snack_dessert,non-coffee drink,pisang goreng coklat keju,20000
snack_dessert,non-coffee drink,pisang goreng coklat keju pisang goreng coklat keju,20000
snack_dessert,non-coffee drink,pisang goreng coklat keju pisang kepok kalimantan 2pc,23000
snack_dessert,non-coffee drink,pisang tanduk dgn coklat meses keju parut dan susu kental,20750
snack_dessert,non-coffee drink,pisang+coklat,16000
snack_dessert,non-coffee drink,pisang+coklat+susu,22500
snack_dessert,non-coffee drink,pisangg bakar coklat keju,19000
snack_dessert,non-coffee drink,pop ice strawberry chocolate vanilla late,4000
snack_dessert,non-coffee drink,pudding mini coklat,3500
snack_dessert,non-coffee drink,puding coklat + vla susu,10000
snack_dessert,non-coffee drink,puding coklat puding custard marie regal with jelly,25000
snack_dessert,non-coffee drink,puding lembut dengan rasa coklat,11625
snack_dessert,non-coffee drink,puding rasa strawberry vanilla coklat with vanilla vla dingin,150000
snack_dessert,non-coffee drink,pull me up cake chocolate hazelnut,35000
snack_dessert,non-coffee drink,rasa avocado + coklat,22500
snack_dessert,non-coffee drink,rasa chocolate red velvet tiramisu regal,115000
snack_dessert,non-coffee drink,rasa coklat,20500
snack_dessert,non-coffee drink,rasa coklat + keju,22500
snack_dessert,non-coffee drink,rasa coklat + tiramisu,22500
snack_dessert,non-coffee drink,rasa coklat asli,10000
snack_dessert,non-coffee drink,rasa coklat tiramisu capucini mangga strawberi,38000
snack_dessert,non-coffee drink,rasa strawberri coklat vanila taro melon,3500
snack_dessert,non-coffee drink,rasa strawberry + coklat,22500
snack_dessert,non-coffee drink,red velvet cake + cream cheese + crumble,65000
snack_dessert,non-coffee drink,red velvet cookies,60000
snack_dessert,non-coffee drink,red velvet croissant,24000
snack_dessert,non-coffee drink,red velvet dessert box,30000
snack_dessert,non-coffee drink,red velvet dessert box,65000
snack_dessert,non-coffee drink,red velvet dessert box red velvet cake + cream cheese + crumble,65000
snack_dessert,non-coffee drink,redvelvet dessert box terdiri dari lapisan cake,62000
snack_dessert,non-coffee drink,redvelvet dessert cup,12000
snack_dessert,non-coffee drink,regal dessert box perpaduan cake regal dan gold caramelle coklat,65000
snack_dessert,non-coffee drink,risoles coklat lumer satu box isi 5 pcs,19000
snack_dessert,non-coffee drink,rokus cokju roti kukus coklatkeju,16000
snack_dessert,non-coffee drink,rokus coklat roti kukus coklat,12000
snack_dessert,non-coffee drink,rokus pisang coklat,16000
snack_dessert,non-coffee drink,rokus piscok rokus pisang coklat,16000
snack_dessert,non-coffee drink,roti 4 rasa roti lembut dg rasa coklat susu keju blueberi strawberi,20000
snack_dessert,non-coffee drink,roti bakar avocado + coklat rasa avocado + coklat,22500
snack_dessert,non-coffee drink,roti bakar bandung mini roti tawar bandung isian selai coklat,3700
snack_dessert,non-coffee drink,roti bakar blueberyy coklat selai bluberyy+coklat+susu,23750
snack_dessert,non-coffee drink,roti bakar candu roti isi taro vanila late,18000
snack_dessert,non-coffee drink,roti bakar choco crunchy,25000
snack_dessert,non-coffee drink,roti bakar choco crunchy,26000
snack_dessert,non-coffee drink,roti bakar choco crunchy keju,28000
snack_dessert,non-coffee drink,roti bakar chococrunchy roti bakar,18000
snack_dessert,non-coffee drink,roti bakar chococruncy,26000
snack_dessert,non-coffee drink,roti bakar chocolate + keju,13000
snack_dessert,non-coffee drink,roti bakar chocomaltine crunch roti bakar,27500
snack_dessert,non-coffee drink,roti bakar classic coklat + keju,8000
snack_dessert,non-coffee drink,roti bakar coklat,5000
snack_dessert,non-coffee drink,roti bakar coklat,7500
snack_dessert,non-coffee drink,roti bakar coklat,12000
snack_dessert,non-coffee drink,roti bakar coklat,17750
snack_dessert,non-coffee drink,roti bakar coklat,22000
snack_dessert,non-coffee drink,roti bakar coklat,26000
snack_dessert,non-coffee drink,roti bakar coklat + coklat rasa coklat,20500
snack_dessert,non-coffee drink,roti bakar coklat + keju,48675
snack_dessert,non-coffee drink,roti bakar coklat + keju rasa coklat + keju,22500
snack_dessert,non-coffee drink,roti bakar coklat + tiramisu rasa coklat + tiramisu,22500
snack_dessert,non-coffee drink,roti bakar coklat isi tiramisu coklat chocochip roti bakar,15000
snack_dessert,non-coffee drink,roti bakar coklat keju,15000
snack_dessert,non-coffee drink,roti bakar coklat keju,22000
snack_dessert,non-coffee drink,roti bakar coklat keju susu,22000
snack_dessert,non-coffee drink,roti bakar coklat kejuu,19000
snack_dessert,non-coffee drink,roti bakar coklat mentega+coklat+susu,22500
snack_dessert,non-coffee drink,roti bakar coklat roti bakar ukuran single,9500
snack_dessert,non-coffee drink,roti bakar coklat strawbery setengah porsi,23000
snack_dessert,non-coffee drink,roti bakar coklat susu,13000
snack_dessert,non-coffee drink,roti bakar coklat susu,18000
snack_dessert,non-coffee drink,roti bakar coklat+kacang,27500
snack_dessert,non-coffee drink,roti bakar coklat+keju,27500
snack_dessert,non-coffee drink,roti bakar coklat+strawbery,27500
snack_dessert,non-coffee drink,roti bakar coklat+taro,30250
snack_dessert,non-coffee drink,roti bakar coklat/kejua,15000
snack_dessert,non-coffee drink,roti bakar coklatt,15000
snack_dessert,non-coffee drink,roti bakar durian+taro,30250
snack_dessert,non-coffee drink,roti bakar kacang coklat selai kacang+coklat+susu,23750
snack_dessert,non-coffee drink,roti bakar keju coklat roti bakar ukuran single,11000
snack_dessert,non-coffee drink,roti bakar milo,16000
snack_dessert,non-coffee drink,roti bakar mix 2 rasa coklat strawberry blueberry dan kacang,9000
snack_dessert,non-coffee drink,roti bakar pandan nutela coklat roti bakar,15000
snack_dessert,non-coffee drink,roti bakar pandan oreo coklat susu,15000
snack_dessert,non-coffee drink,roti bakar pandan tiramisu oreo coklat roti bakar,15000
snack_dessert,non-coffee drink,roti bakar pisang+coklat,30250
snack_dessert,non-coffee drink,roti bakar red velvet nutela tiramisu,15000
snack_dessert,non-coffee drink,roti bakar red velvet tiramissu oreo nutella roti bakar,15000
snack_dessert,non-coffee drink,roti bakar roti+coklat+keju,18750
snack_dessert,non-coffee drink,roti bakar selai kacang + keju + coklat,25500
snack_dessert,non-coffee drink,roti bakar strawberry + coklat rasa strawberry + coklat,22500
snack_dessert,non-coffee drink,roti bakar strowberry coklat selai stroberi+coklat+susu,23750
snack_dessert,non-coffee drink,roti bakar taro,26000
snack_dessert,non-coffee drink,roti bakar taro+durian,30250
snack_dessert,non-coffee drink,roti bakar taro+keju,30250
snack_dessert,non-coffee drink,roti bakar taro+oreo,30250
snack_dessert,non-coffee drink,roti besak komplit ramean srikaya+kacang dan srikaya+coklat,30000
snack_dessert,non-coffee drink,roti coklat kacang roti isian coklat+kacang,5000
snack_dessert,non-coffee drink,roti filling coklat,14125
snack_dessert,non-coffee drink,roti goreng coklat,4500
snack_dessert,non-coffee drink,roti ipuk coklat kacang isi coklat kacang d taburi meses,6000
snack_dessert,non-coffee drink,roti isi taro vanila late,18000
snack_dessert,non-coffee drink,roti isian coklat+kacang,5000
snack_dessert,non-coffee drink,roti kasino kacang coklat roti bakar kasino,20000
snack_dessert,non-coffee drink,roti konde roti lembut dg isian meses yg brasa coklat ny,5500
snack_dessert,non-coffee drink,roti kukus coklat,12000
snack_dessert,non-coffee drink,roti kukus coklatkeju,16000
snack_dessert,non-coffee drink,roti lembut dg isian meses yg brasa coklat ny,5500
snack_dessert,non-coffee drink,roti lembut dg rasa coklat susu keju blueberi strawberi,20000
snack_dessert,non-coffee drink,roti manis coklat keju vanila kacang roti manis,6000
snack_dessert,non-coffee drink,roti manis pisang coklat,12000
snack_dessert,non-coffee drink,roti maryam coklat keju susu kental manis,16000
snack_dessert,non-coffee drink,roti maryam coksuk roti maryam coklat keju susu kental manis,16000
snack_dessert,non-coffee drink,roti pisang coklat,5500
snack_dessert,non-coffee drink,roti sobek ori coklat keju mix keju coklat,13000
snack_dessert,non-coffee drink,roti sobek pisang coklat,34000
snack_dessert,non-coffee drink,roti tawar bandung isian selai coklat,3700
snack_dessert,non-coffee drink,roti tawar filling cream susu dan coklat crunchy,11625
snack_dessert,non-coffee drink,roti+coklat+keju,18750
snack_dessert,non-coffee drink,selai bluberyy+coklat+susu,23750
snack_dessert,non-coffee drink,selai kacang+coklat+susu,23750
snack_dessert,non-coffee drink,selai stroberi+coklat+susu,23750
snack_dessert,non-coffee drink,silky pudding chocolate original lembut dan manis,11000
snack_dessert,non-coffee drink,silky pudding taro original lembut dan manis,11000
snack_dessert,non-coffee drink,singkong goreng keju/coklat,23000
snack_dessert,non-coffee drink,snickers choco cake chocolate sponge cake,209750
snack_dessert,non-coffee drink,srikaya+kacang dan srikaya+coklat,30000
snack_dessert,non-coffee drink,strawberry chocolate vanilla late,4000
snack_dessert,non-coffee drink,summerberry dessert box cake coklat moist,75000
snack_dessert,non-coffee drink,susu coklat / putih,5000
snack_dessert,non-coffee drink,sweet choco roti,7875
snack_dessert,non-coffee drink,swiss roll chocolate nutella bolu,25000
snack_dessert,non-coffee drink,taro vanilla coklat puding,150000
snack_dessert,non-coffee drink,tiramisu cream cake chocolate sponge cake,23500
snack_dessert,non-coffee drink,top coklat mini roti,8500
snack_dessert,non-coffee drink,triple chocolate cake,40500
snack_dessert,non-coffee drink,triple cookies mix 3 isi lidah kucing kastengel semprit coklat,322000
snack_dessert,non-coffee drink,turkish cake coklat moist mousses dan siraman belgian chocolate,85000
snack_dessert,non-coffee drink,vanilla double choco cake vanila lembut,75375
snack_dessert,non-coffee drink,white chocolate chip,9000
snack_dessert,non-coffee drink,yoghurt chocolate real yoghurt real ice cream,23750
snack_dessert,non-coffee drink,yoghurt redvelvet real yoghurt real ice cream vol 12oz,23750
snack_dessert,non-coffee drink,yoghurt taro real yoghurt real ice cream vol 12oz,23750
snack_dessert,pancake,pancake,20000
snack_dessert,pancake,pancake + madu,13000
snack_dessert,pancake,pancake + madu pancake + madu,13000
snack_dessert,pancake,pancake ice cream,25000
snack_dessert,pizza,pizza large jagung jamur nuget sosis paprika,95000
snack_dessert,pizza,pizza large nuget sosis w nuget paprika n mozarella fg diameter 28cm,85000
snack_dessert,pizza,pizza med nuget sosis w nuget parika n mozarella dg dia 16cm,47000
snack_dessert,pizza,pizza mini dg taburan saos n keju,5000
snack_dessert,pizza,pizza mini pizza mini dg taburan saos n keju,5000
snack_dessert,roti bakar / toast,ayam pop mayo,26000
snack_dessert,roti bakar / toast,banana crispy pisang crispy,15000
snack_dessert,roti bakar / toast,banana cryspy pisang+keju+susu,22000
snack_dessert,roti bakar / toast,banana satay / sate pisang sate pisang yang crunchy,20000
snack_dessert,roti bakar / toast,bubur kacang hijau,10000
snack_dessert,roti bakar / toast,canai susu + keju,19000
snack_dessert,roti bakar / toast,cokelat/keju,6500
snack_dessert,roti bakar / toast,dengan isian susu dan keju,22000
snack_dessert,roti bakar / toast,egg garlic cheese toast roti asin,21000
snack_dessert,roti bakar / toast,egg garlic toast roti asin,18000
snack_dessert,roti bakar / toast,es pisang susu segar n nikmat,22000
snack_dessert,roti bakar / toast,french toast,38940
snack_dessert,roti bakar / toast,half wheat toast,17000
snack_dessert,roti bakar / toast,half white toast,15000
snack_dessert,roti bakar / toast,halona cookies kacang,7500
snack_dessert,roti bakar / toast,hong pau special telur ham sapi keju,25000
snack_dessert,roti bakar / toast,ice cookies lotus perpaduan susu dan lotus biscoff,22500
snack_dessert,roti bakar / toast,isi ayam + sayur + mayonaise,20000
snack_dessert,roti bakar / toast,isian selada tomat timun daging keju saos,5000
snack_dessert,roti bakar / toast,jamur keju mozarela,19000
snack_dessert,roti bakar / toast,kacang+kacang,17000
snack_dessert,roti bakar / toast,kacang+kacang kacang+kacang,17000
snack_dessert,roti bakar / toast,kacang+susu,21250
snack_dessert,roti bakar / toast,keju dobel keju+susu,31250
snack_dessert,roti bakar / toast,keju parut,7200
snack_dessert,roti bakar / toast,keju+kacang+susu,27500
snack_dessert,roti bakar / toast,keju+kacang+susu,28750
snack_dessert,roti bakar / toast,keju+keju,18000
snack_dessert,roti bakar / toast,keju+keju keju+keju,18000
snack_dessert,roti bakar / toast,keju+kismis+susu,27500
snack_dessert,roti bakar / toast,keju+kismis+susu,28750
snack_dessert,roti bakar / toast,keju+pisang+susu,27500
snack_dessert,roti bakar / toast,keju+pisang+susu,28750
snack_dessert,roti bakar / toast,keju+susu,31250
snack_dessert,roti bakar / toast,keju+susu,275008
snack_dessert,roti bakar / toast,kismis+susu,22500
snack_dessert,roti bakar / toast,kolak pisang endolita,14000
snack_dessert,roti bakar / toast,korean toast,22000
snack_dessert,roti bakar / toast,korean toast,24000
snack_dessert,roti bakar / toast,kripik jagung+saos keju+saos tomat,18000
snack_dessert,roti bakar / toast,martabak 1/2 keju 1/2 kacang keju+kacang+susu,27500
snack_dessert,roti bakar / toast,martabak 1/2 keju 1/2 kismis keju+kismis+susu,27500
snack_dessert,roti bakar / toast,martabak 1/2 keju 1/2 pisang keju+pisang+susu,27500
snack_dessert,roti bakar / toast,martabak kacang kacang+susu,21250
snack_dessert,roti bakar / toast,martabak keju kacang keju+kacang+susu,28750
snack_dessert,roti bakar / toast,martabak keju keju+susu,275008
snack_dessert,roti bakar / toast,martabak keju kismis keju+kismis+susu,28750
snack_dessert,roti bakar / toast,martabak keju pisang keju+pisang+susu,28750
snack_dessert,roti bakar / toast,martabak kismis kismis+susu,22500
snack_dessert,roti bakar / toast,martabak manis,33000
snack_dessert,roti bakar / toast,martabak pisang pisang+susu,20000
snack_dessert,roti bakar / toast,mashroom keju kushiage 5pcs,25000
snack_dessert,roti bakar / toast,mentega + keju + susu,33000
snack_dessert,roti bakar / toast,mentega+selai blueberry+susu,22500
snack_dessert,roti bakar / toast,nachos kripik jagung+saos keju+saos tomat,18000
snack_dessert,roti bakar / toast,pentol daging sapi isi keju..isi 15 biji,13000
snack_dessert,roti bakar / toast,pentol daging sapi keju.mini pentol daging sapi isi keju..isi 15 biji,13000
snack_dessert,roti bakar / toast,pentol keju insya allah gurih kenyal.15.000 isi 8,15000
snack_dessert,roti bakar / toast,pentol keju sedang pentol keju insya allah gurih kenyal.15.000 isi 8,15000
snack_dessert,roti bakar / toast,peyek kacang peyek kacang tanah,7000
snack_dessert,roti bakar / toast,peyek kacang tanah,7000
snack_dessert,roti bakar / toast,pisang bakar,13000
snack_dessert,roti bakar / toast,pisang bakar,18000
snack_dessert,roti bakar / toast,pisang bakar,20000
snack_dessert,roti bakar / toast,pisang bakar es cream,19000
snack_dessert,roti bakar / toast,pisang bakar pisang bakar,13000
snack_dessert,roti bakar / toast,pisang bakarr keju,15000
snack_dessert,roti bakar / toast,pisang crispy,15000
snack_dessert,roti bakar / toast,pisang goreng,13000
snack_dessert,roti bakar / toast,pisang goreng,15000
snack_dessert,roti bakar / toast,pisang goreng,18000
snack_dessert,roti bakar / toast,pisang goreng,19000
snack_dessert,roti bakar / toast,pisang goreng ori pisang kepok kalimantan 2pc,18000
snack_dessert,roti bakar / toast,pisang goreng original isi 6pcs,12000
snack_dessert,roti bakar / toast,pisang goreng pisang goreng,13000
snack_dessert,roti bakar / toast,pisang goreng pisang goreng,19000
snack_dessert,roti bakar / toast,pisang goreng pisang goreng original isi 6pcs,12000
snack_dessert,roti bakar / toast,pisang goreng special,30000
snack_dessert,roti bakar / toast,pisang keju,11500
snack_dessert,roti bakar / toast,pisang kepo,12000
snack_dessert,roti bakar / toast,pisang kepok kalimantan 2pc,18000
snack_dessert,roti bakar / toast,pisang kepok kalimantan 2pc,23000
snack_dessert,roti bakar / toast,pisang+keju+susu,22000
snack_dessert,roti bakar / toast,pisang+susu,20000
snack_dessert,roti bakar / toast,rasa avocado + keju,22500
snack_dessert,roti bakar / toast,rasa keju,22500
snack_dessert,roti bakar / toast,rasa keju + cappucino,22500
snack_dessert,roti bakar / toast,risoles 4 pcs isi ayam + sayur + mayonaise,20000
snack_dessert,roti bakar / toast,risoles beef mayo - frozen isi 3pcs jumbo,20000
snack_dessert,roti bakar / toast,risoles beef mayo 10 pcs - frozen isi 10pcs jumbo,65000
snack_dessert,roti bakar / toast,risoles beef mayo 5 pcs - frozen isi 5pcs jumbo,33000
snack_dessert,roti bakar / toast,risoles beef mayo risoles,20000
snack_dessert,roti bakar / toast,risoles crab spicy mayo - frozen isi 3pcs jumbo,20000
snack_dessert,roti bakar / toast,risoles crab spicy mayo 10 pcs - frozen isi 10pcs jumbo,65000
snack_dessert,roti bakar / toast,risoles crab spicy mayo 5 pcs - frozen isi 5pcs jumbo,33000
snack_dessert,roti bakar / toast,risoles crab spicy mayo risoles,20000
snack_dessert,roti bakar / toast,rori bakar selai kacang + keju roti bakar,22500
snack_dessert,roti bakar / toast,roti bakar,8000
snack_dessert,roti bakar / toast,roti bakar,11000
snack_dessert,roti bakar / toast,roti bakar,13000
snack_dessert,roti bakar / toast,roti bakar,14000
snack_dessert,roti bakar / toast,roti bakar,14400
snack_dessert,roti bakar / toast,roti bakar,15000
snack_dessert,roti bakar / toast,roti bakar,16000
snack_dessert,roti bakar / toast,roti bakar,18000
snack_dessert,roti bakar / toast,roti bakar,22500
snack_dessert,roti bakar / toast,roti bakar,25000
snack_dessert,roti bakar / toast,roti bakar,27000
snack_dessert,roti bakar / toast,roti bakar,27500
snack_dessert,roti bakar / toast,roti bakar,30000
snack_dessert,roti bakar / toast,roti bakar 1/2 kacang 1/2 nanas,23750
snack_dessert,roti bakar / toast,roti bakar 1/2 kacang 1/2 tiramisu roti bakar kacang tiramisu,25000
snack_dessert,roti bakar / toast,roti bakar avocado + avocado rasa avocado,20500
snack_dessert,roti bakar / toast,roti bakar avocado + keju rasa avocado + keju,22500
snack_dessert,roti bakar / toast,roti bakar avocado roti bakar,14000
snack_dessert,roti bakar / toast,roti bakar bandung,14400
snack_dessert,roti bakar / toast,roti bakar bandung + beef + mozzarela,30000
snack_dessert,roti bakar / toast,roti bakar bandung + es krim + caramel,30000
snack_dessert,roti bakar / toast,roti bakar biscoff keju roti bakar,30000
snack_dessert,roti bakar / toast,roti bakar biscoff roti bakar,27000
snack_dessert,roti bakar / toast,roti bakar blueberry,5000
snack_dessert,roti bakar / toast,roti bakar blueberry,12000
snack_dessert,roti bakar / toast,roti bakar blueberry,18250
snack_dessert,roti bakar / toast,roti bakar blueberry mentega+selai blueberry+susu,22500
snack_dessert,roti bakar / toast,roti bakar bluebery,26000
snack_dessert,roti bakar / toast,roti bakar brown tiramisu bluebery roti bakar,15000
snack_dessert,roti bakar / toast,roti bakar capuccino+keju,30250
snack_dessert,roti bakar / toast,roti bakar capucino,26000
snack_dessert,roti bakar / toast,roti bakar chochocruncy+keju,30250
snack_dessert,roti bakar / toast,roti bakar classic,27000
snack_dessert,roti bakar / toast,roti bakar cokelat susu roti bakar,25000
snack_dessert,roti bakar / toast,roti bakar cokelat/keju,6500
snack_dessert,roti bakar / toast,roti bakar durian,26000
snack_dessert,roti bakar / toast,roti bakar durian+keju,30250
snack_dessert,roti bakar / toast,roti bakar jagung keju roti bakar ukuran single,14000
snack_dessert,roti bakar / toast,roti bakar kacang,7500
snack_dessert,roti bakar / toast,roti bakar kacang,12000
snack_dessert,roti bakar / toast,roti bakar kacang,26000
snack_dessert,roti bakar / toast,roti bakar kacang keju roti bakar,11000
snack_dessert,roti bakar / toast,roti bakar kacang selai kacang+susu,23750
snack_dessert,roti bakar / toast,roti bakar kacang tiramisu,25000
snack_dessert,roti bakar / toast,roti bakar kasino,20000
snack_dessert,roti bakar / toast,roti bakar keju,10000
snack_dessert,roti bakar / toast,roti bakar keju,11500
snack_dessert,roti bakar / toast,roti bakar keju,12500
snack_dessert,roti bakar / toast,roti bakar keju,15500
snack_dessert,roti bakar / toast,roti bakar keju,24500
snack_dessert,roti bakar / toast,roti bakar keju,26000
snack_dessert,roti bakar / toast,roti bakar keju + cappucino rasa keju + cappucino,22500
snack_dessert,roti bakar / toast,roti bakar keju + keju rasa keju,22500
snack_dessert,roti bakar / toast,roti bakar keju + keju roti bakar,16000
snack_dessert,roti bakar / toast,roti bakar keju + tiramisu rasa keju + tiramisu,22500
snack_dessert,roti bakar / toast,roti bakar keju roti bakar,18000
snack_dessert,roti bakar / toast,roti bakar keju stowbery selai strobery+keju+susu,31250
snack_dessert,roti bakar / toast,roti bakar keju susu,14000
snack_dessert,roti bakar / toast,roti bakar keju susu,18000
snack_dessert,roti bakar / toast,roti bakar keju susu mentega + keju + susu,33000
snack_dessert,roti bakar / toast,roti bakar keju susu roti bakar,25000
snack_dessert,roti bakar / toast,roti bakar keju+kacang,27500
snack_dessert,roti bakar / toast,roti bakar keju+pisang+cochocruncy,33500
snack_dessert,roti bakar / toast,roti bakar kejuu,12000
snack_dessert,roti bakar / toast,roti bakar kornet + telor,12500
snack_dessert,roti bakar / toast,roti bakar lotusbisco,38000
snack_dessert,roti bakar / toast,roti bakar mentega gula,38940
snack_dessert,roti bakar / toast,roti bakar mentega gula susu mantega+gula+susu,22500
snack_dessert,roti bakar / toast,roti bakar mesis,10000
snack_dessert,roti bakar / toast,roti bakar moca,5000
snack_dessert,roti bakar / toast,roti bakar mocca,26000
snack_dessert,roti bakar / toast,roti bakar moccha+keju,30250
snack_dessert,roti bakar / toast,roti bakar nanas,26000
snack_dessert,roti bakar / toast,roti bakar nanas,48675
snack_dessert,roti bakar / toast,roti bakar nanas mentega+nanas+susu,22500
snack_dessert,roti bakar / toast,roti bakar nutela,35000
snack_dessert,roti bakar / toast,roti bakar nutela,38000
snack_dessert,roti bakar / toast,roti bakar nutella,25000
snack_dessert,roti bakar / toast,roti bakar nutella keju,28000
snack_dessert,roti bakar / toast,roti bakar oreo,26000
snack_dessert,roti bakar / toast,roti bakar ovomaltine,17000
snack_dessert,roti bakar / toast,roti bakar ovomaltine,38000
snack_dessert,roti bakar / toast,roti bakar pandan,5000
snack_dessert,roti bakar / toast,roti bakar pandan isi stawbery bluebery roti bakar,15000
snack_dessert,roti bakar / toast,roti bakar pisang,26000
snack_dessert,roti bakar / toast,roti bakar pisang + keju,30250
snack_dessert,roti bakar / toast,roti bakar roti bakar,13000
snack_dessert,roti bakar / toast,roti bakar sandwich sosis tomat timun selada saos mayo keju,20000
snack_dessert,roti bakar / toast,roti bakar sarikaya,18250
snack_dessert,roti bakar / toast,roti bakar selai kacang roti bakar,14000
snack_dessert,roti bakar / toast,roti bakar serikaya roti bakar,9500
snack_dessert,roti bakar / toast,roti bakar special telur ham keju,25000
snack_dessert,roti bakar / toast,roti bakar srikaya,5000
snack_dessert,roti bakar / toast,roti bakar srikaya + keju,48675
snack_dessert,roti bakar / toast,roti bakar strawberry,5000
snack_dessert,roti bakar / toast,roti bakar strawberry,6500
snack_dessert,roti bakar / toast,roti bakar strawberry,18250
snack_dessert,roti bakar / toast,roti bakar strawberry + keju,48675
snack_dessert,roti bakar / toast,roti bakar strawberry selai strawberry+susu,22500
snack_dessert,roti bakar / toast,roti bakar strawbery+blueberry,27500
snack_dessert,roti bakar / toast,roti bakar strowbery,26000
snack_dessert,roti bakar / toast,roti bakar susu keju,22000
snack_dessert,roti bakar / toast,roti bakar tiramisu,26000
snack_dessert,roti bakar / toast,roti bakar tiramisu + cappucino rasa tiramisu + cappucino,22500
snack_dessert,roti bakar / toast,roti bakar tiramisu + tiramisu rasa tiramisu,22500
snack_dessert,roti bakar / toast,roti bakar tiramisu + tiramisu roti bakar,14000
snack_dessert,roti bakar / toast,roti bakar tiramisu mentega+tiramisu+susu,25000
snack_dessert,roti bakar / toast,roti bakar tiramisu+chochocruncy,30250
snack_dessert,roti bakar / toast,roti bakar tiramisu+keju,30250
snack_dessert,roti bakar / toast,roti bakar ukuran single,9500
snack_dessert,roti bakar / toast,roti bakar ukuran single,11000
snack_dessert,roti bakar / toast,roti bakar ukuran single,14000
snack_dessert,roti bakar / toast,roti bakar vanila,26000
snack_dessert,roti bakar / toast,roti bakar vanila+keju,30250
snack_dessert,roti bakar / toast,roti bakar vanila+mocca,30250
snack_dessert,roti bakar / toast,saos keju/tomat/cabai/mayoinase,15000
snack_dessert,roti bakar / toast,sate pisang yang crunchy,20000
snack_dessert,roti bakar / toast,selai kacang+susu,23750
snack_dessert,roti bakar / toast,selai strawberry+susu,22500
snack_dessert,roti bakar / toast,selai strobery+keju+susu,31250
snack_dessert,roti bakar / toast,singkong salju keju singkong di baluri fla,18000
snack_dessert,roti bakar / toast,tahu isi daging + sayur + mayonaise,17500
snack_dessert,roti bakar / toast,tahu isi frozen 4 pcs tahu isi daging + sayur + mayonaise,17500
snack_dessert,roti bakar / toast,telur ham keju,25000
snack_dessert,roti bakar / toast,telur ham sapi keju,25000
snack_dessert,roti bakar / toast,toast,10000
snack_dessert,roti bakar / toast,toast mentai ayam,27600
snack_dessert,roti bakar / toast,urapan wortel kangkung kacang panjang toge kol,10000
snack_dessert,roti bakar / toast,vanilla crunchy,26000
snack_dessert,roti bakar / toast,vanilla frappe,27600
snack_dessert,roti bakar / toast,vanilla oreo frappe,30000
snack_dessert,roti bakar / toast,vanilla regal,27600
snack_dessert,roti bakar / toast,wheat toast,29000
snack_dessert,roti bakar / toast,white toast,24000
snack_dessert,roti bakar / toast,wortel kangkung kacang panjang toge kol,10000
snack_dessert,snack,2pcs otak2 singapore goreng -+20cm super lezat,18000
snack_dessert,snack,add french fries,12500
snack_dessert,snack,ayam mantan + kentang,33600
snack_dessert,snack,bacon lettuce tomato served with potato french fries,30000
snack_dessert,snack,bakwan sayur sosis,4500
snack_dessert,snack,cheesy chicken nugget nugget ayam keju isi 2,13500
snack_dessert,snack,cucok u yg ngak suka sosis dkk..pecinta keju wajib coba nih gaiis,79000
snack_dessert,snack,fiesta kentang goreng french fries 500g,22000
snack_dessert,snack,french fries,15000
snack_dessert,snack,french fries,30000
snack_dessert,snack,french fries kentang goreng,16000
snack_dessert,snack,french fries kentang goreng,16200
snack_dessert,snack,french fries kentang goreng premium digoreng,18000
snack_dessert,snack,french fries mozarela kentang,22000
snack_dessert,snack,french fries saos keju/tomat/cabai/mayoinase,15000
snack_dessert,snack,french fries stick potato original,18000
snack_dessert,snack,french fries with cheese kentang goreng premium digoreng,20000
snack_dessert,snack,garlic bread + sosis,30000
snack_dessert,snack,ginza mix sosis ayam nuget ayam french fried dan salad,45000
snack_dessert,snack,hemato sosis sapi long 500g,22000
snack_dessert,snack,ini u yg ngak suka sosis tp suka keju..cucok ngeju bangets..,36000
snack_dessert,snack,isi 3 bh dg sosis yummi,11500
snack_dessert,snack,kastengel tpl kotak kue kering renyah dan gurih,94750
snack_dessert,snack,kentang,22000
snack_dessert,snack,kentang goreng,12000
snack_dessert,snack,kentang goreng,15000
snack_dessert,snack,kentang goreng,16000
snack_dessert,snack,kentang goreng,16200
snack_dessert,snack,kentang goreng,17000
snack_dessert,snack,kentang goreng,18000
snack_dessert,snack,kentang goreng,23000
snack_dessert,snack,kentang goreng,24000
snack_dessert,snack,kentang goreng,38940
snack_dessert,snack,kentang goreng +sosis,30000
snack_dessert,snack,kentang goreng balado with balado,16000
snack_dessert,snack,kentang goreng keju with cheese,16000
snack_dessert,snack,kentang goreng kentang goreng,18000
snack_dessert,snack,kentang goreng premium digoreng,18000
snack_dessert,snack,kentang goreng premium digoreng,20000
snack_dessert,snack,kentang goreng+ayam cryspy stick+onion rings,25000
snack_dessert,snack,kentang goreng+sosis,22000
snack_dessert,snack,kentang sosis,18000
snack_dessert,snack,kentang sosis keju,19500
snack_dessert,snack,kentangg goreng,19000
snack_dessert,snack,kimbo sosis bratwurst 500g isi 10,39000
snack_dessert,snack,kimbo sosis bratwurst cocktail 450g isi 25,42500
snack_dessert,snack,kimbo sosis bratwurst jumbo 500g isi 6 bonus 1 btg,39500
snack_dessert,snack,kimbo sosis bratwurst keju 500g isi 10,39000
snack_dessert,snack,kroket kentang,4000
snack_dessert,snack,kroket kentang isi 5pcs,16500
snack_dessert,snack,lapis surabaya kotak kutel size 20x20,300000
snack_dessert,snack,mix crunchy kentang goreng+ayam cryspy stick+onion rings,25000
snack_dessert,snack,mr.gepeng + kentang goreng,45600
snack_dessert,snack,nastar tpl kotak kue kering gurih,90375
snack_dessert,snack,nugget ayam keju isi 2,13500
snack_dessert,snack,nugget wortel keju homemade nugget ayam,45000
snack_dessert,snack,olahan omlet gurih dicampur susu ful cream dan keju + kentang goreng,30750
snack_dessert,snack,omelette + kentang goreng + sosis,42000
snack_dessert,snack,otak otak,13000
snack_dessert,snack,otak otak singapore 2pcs otak2 singapore goreng -+20cm super lezat,18000
snack_dessert,snack,otak-otak bakar isi 5,15000
snack_dessert,snack,otak-otak goreng,12000
snack_dessert,snack,pisang nugget 1pcs,5000
snack_dessert,snack,scrambled egg + garlic bread + sosis,36000
snack_dessert,snack,siomay kukus surabaya siomay kukus..perkotak isi 15 biji,13000
snack_dessert,snack,siomay kukus..perkotak isi 15 biji,13000
snack_dessert,snack,sop tulang iga tulang iga sapi wortel kentang daun bawang,27000
snack_dessert,snack,sosis,4800
snack_dessert,snack,sosis,8400
snack_dessert,snack,sosis,15000
snack_dessert,snack,sosis,20000
snack_dessert,snack,sosis ayam nuget ayam french fried dan salad,45000
snack_dessert,snack,sosis bakar,13000
snack_dessert,snack,sosis bakar isi 3 bh dg sosis yummi,11500
snack_dessert,snack,sosis bakar isi 5,15000
snack_dessert,snack,sosis bakar sosis dibakar,18000
snack_dessert,snack,sosis bakar/goreng sosis sapi,22500
snack_dessert,snack,sosis goreng,24000
snack_dessert,snack,sosis goreng dan kentang goreng,27000
snack_dessert,snack,sosis goreng isi 3,4000
snack_dessert,snack,sosis goreng sosis goreng isi 3,4000
snack_dessert,snack,sosis jumbo,12000
snack_dessert,snack,sosis keju kushiage 3pcs,25000
snack_dessert,snack,sosis kentang sosis goreng dan kentang goreng,27000
snack_dessert,snack,sosis mini,6000
snack_dessert,snack,sosis sapi,22500
snack_dessert,snack,sosis sapi isi 2 pcs,13500
snack_dessert,snack,sosis solo,4000
snack_dessert,snack,sosis solo isi 6pcs,16500
snack_dessert,snack,sosis sosis sapi isi 2 pcs,13500
snack_dessert,snack,sosis tomat timun selada saos mayo keju,20000
snack_dessert,snack,sosis w nuget paprika n mozarella fg diameter 28cm,85000
snack_dessert,snack,sosis w nuget parika n mozarella dg dia 16cm,47000
snack_dessert,snack,sotang sosis kentang sosis,15000
snack_dessert,snack,spring roll + wortel + kentang,19000
snack_dessert,snack,teh kotak,5500
snack_dessert,snack,teh kotak dingin/biasa,6000
snack_dessert,snack,tulang iga sapi wortel kentang daun bawang,27000
snack_dessert,snack,vigo sosis sapi ayam 660g isi 30btg,31000
snack_dessert,snack,vigo sosis sapi ayam isi 15,16500
snack_dessert,waffle,camilan berbentuk waffle,41000
snack_dessert,waffle,croissant waffle biscoff,16000
snack_dessert,waffle,croissant waffle cheese with cream,16000
snack_dessert,waffle,croissant waffle cinnamon sugar,11000
snack_dessert,waffle,croissant waffle hazelnut,11000
snack_dessert,waffle,croissant waffle nutella,16000
snack_dessert,waffle,croissant waffle ovomaltine,16000
snack_dessert,waffle,croissant waffle pepperoni with cheese,16000
snack_dessert,waffle,croissant waffle salt caramel,12000
snack_dessert,waffle,croissant waffle strawberry with cream,21000
snack_dessert,waffle,croissant waffle tiramisu,11000
snack_dessert,waffle,waffle,10000
